MS-0.25m,Normalized CAT-RMS,MS-0.5m,Normalized CAT-RMS,MS-0.75m,Normalized CAT-RMS
x1,y1,x2,y2,x3,y3
42.59,0,47.1,0,36.8,0
42.69,0,47,0,36.9,0
42.81,0,47,0,36.9,0
42.5,0,46.9,0,36.9,0
42.81,0,47,0,36.8,0
42.69,0,47.1,0,36.9,0
42.59,0,47,0,36.8,0
42.59,0,46.9,0,36.8,0
42.5,0,47.2,0,36.8,0
42.59,0,47,0,36.9,0
42.59,0,47,0,36.9,0
42.69,0,47,0,36.9,0
42.81,0,47.1,0,36.9,0
42.69,0,47.2,0,36.8,0
42.69,0,47.1,0,36.8,0
42.69,0,47.1,0,36.9,0
42.69,0,47,0,36.8,0
43,0,46.9,0,36.9,0
42.81,0,47.1,0,36.8,0
42.69,0,47.2,0,36.9,0
42.81,0,47,0,36.9,0
42.81,0,47.1,0,36.9,0
42.59,0,47,0,36.9,0
42.81,0,47,0,36.8,0
42.91,0,47,0,36.9,0
42.59,0,47.1,0,36.9,0
42.59,0,47,0,36.9,0
42.5,0,47.1,0,36.8,0
42.69,0,47,0,36.9,0
42.59,0,47,0,36.9,0
42.81,0,47.2,0,36.9,0
42.81,0,47.1,0,36.8,0
42.69,0,47.2,0,36.8,0
42.59,0,47,0,36.8,0
42.91,0,47,0,36.9,0
42.69,0,47,0,36.9,0
42.59,0,47,0,36.9,0
42.59,0,47,0,36.8,0
42.91,0,47,0,36.8,0
42.81,0,47,0,36.8,0
42.91,0,47,0,36.9,0
42.69,0,47.1,0,36.8,0
42.5,0,47,0,36.9,0
42.69,0,46.9,0,36.8,0
42.69,0,46.9,0,36.8,0
42.69,0,47.1,0,36.9,0
42.81,0,47.1,0,36.9,0
42.81,0,46.9,0,36.9,0
42.5,0,47,0,36.9,0
42.81,0,47.1,0,36.9,0
42.91,0,47.2,0,36.9,0
42.81,0,47.1,0,36.9,0
42.69,0,47,0,36.9,0
42.69,0,46.9,0,36.9,0
42.81,0,47,0,36.9,0
42.81,0,46.9,0,36.8,0
42.69,0,47,0,36.8,0
42.5,0,47.1,0,36.8,0
42.91,0,47.1,0,36.9,0
42.69,0,47.1,0,36.8,0
42.59,0,47.1,0,36.9,0
42.69,0,47.1,0,36.8,0
42.5,0,47.1,0,36.8,0
42.69,0,47.1,0,36.9,0
42.81,0,47.1,0,36.9,0
42.69,0,47.1,0,36.8,0
42.81,0,47,0,36.8,0
42.69,0,47,0,36.8,0
42.81,0,47.1,0,36.9,0
42.69,0,47.1,0,36.8,0
42.81,0,47.1,0,36.7,0
42.69,0,47.1,0,36.8,0
42.69,0,47.2,0,37,0
42.69,0,47,0,36.7,0
42.5,0,47.2,0,36.8,0
42.59,0,47,0,36.7,0
42.81,0,47.1,0,36.8,0
43,0,47.1,0,36.9,0
42.69,0,47,0,36.8,0
42.69,0,47.2,0,36.9,0
42.81,0,47.1,0,36.9,0
42.69,0,47.1,0,36.9,0
42.5,0,47,0,36.8,0
42.69,0,47,0,36.8,0
42.69,0,47.3,0,36.8,0
42.59,0,47.2,0,36.8,0
42.69,0,46.9,0,36.8,0
42.59,0,47.1,0,36.8,0
42.59,0,47,0,36.8,0
42.81,0,47.1,0,36.9,0
42.69,0,47.1,0,36.8,0
42.59,0,47.2,0,36.9,0
42.81,0,47.2,0,36.8,0
42.69,0,47.1,0,36.9,0
42.69,0,47,0,36.8,0
42.69,0,46.9,0,36.9,0
42.59,0,47,0,36.8,0
42.69,0,46.9,0,36.9,0
42.69,0,47.1,0,36.9,0
42.69,0,46.9,0,36.9,0
42.69,0,47,0,36.8,0
42.81,0,47.1,0,36.9,0
42.81,0,47,0,36.9,0
42.69,0,47,0,36.9,0
42.81,0,47,0,36.8,0
42.69,0,47.1,0,36.9,0
42.69,0,47.1,0,36.9,0
42.69,0,47.1,0,36.9,0
42.81,0,47,0,36.9,0
42.69,0,47,0,36.9,0
42.69,0,47,0,36.8,0
42.59,0,47.1,0,36.9,0
42.4,0,47.2,0,36.9,0
42.69,0,47.2,0,36.8,0
42.59,0,47,0,36.8,0
42.91,0,47.1,0,36.8,0
42.69,0,47,0,36.9,0
42.59,0,47,0,36.9,0
42.91,0,47.1,0,36.9,0
42.59,0,47.1,0,36.8,0
42.81,0,47.1,0,36.9,0
42.81,0,47.2,0,36.8,0
42.81,0,47,0,36.8,0
42.59,0,47.2,0,36.8,0
42.59,0,47.1,0,36.9,0
42.59,0,46.9,0,36.8,0
42.81,0,47,0,36.9,0
42.81,0,47,0,36.8,0
42.69,0,47.1,0,36.9,0
42.59,0,47.1,0,36.8,0
42.59,0,47.1,0,36.9,0
42.69,0,47.1,0,36.8,0
42.69,0,47.1,0,36.9,0
42.59,0,47,0,36.9,0
42.81,0,47.1,0,36.9,0
42.81,0,47.1,0,36.9,0
42.59,0,47.2,0,36.8,0
42.59,0,47.2,0,36.8,0
42.69,0,47.1,0,36.9,0
42.69,0,47.1,0,36.9,0
42.81,0,47.1,0,36.9,0
42.69,0,47.2,0,36.9,0
42.5,0,47.1,0,36.9,0
42.81,0,47.1,0,36.8,0
42.5,0,47,0,36.8,0
42.59,0,47.1,0,36.8,0
42.5,0,47,0,36.8,0
42.69,0,47.1,0,36.8,0
42.81,0,47.1,0,36.8,0
42.81,0,47.1,0,36.9,0
42.59,0,47.2,0,36.9,0
42.69,0,47.1,0,36.8,0
42.5,0,47,0,36.9,0
42.59,0,47,0,36.8,0
42.69,0,47,0,36.8,0
42.69,0,47,0,36.9,0
42.59,0,47.1,0,36.8,0
42.69,0,47.1,0,36.8,0
42.81,0,47,0,36.9,0
42.59,0,47.4,0,36.8,0
42.69,0,47.1,0,36.8,0
42.81,0,47.1,0,36.8,0
42.59,0,47.1,0,36.7,0
42.59,0,47.1,0,36.8,0
42.59,0,47.1,0,36.8,0
42.4,0,47,0,36.9,0
42.91,0,47.1,0,36.8,0
42.81,0,47.1,0,36.8,0
43,0,47.1,0,36.8,0
42.69,0,47.1,0,36.9,0
42.69,0,47.1,0,36.8,0
42.59,0,47.1,0,36.8,0
42.69,0,47.1,0,36.9,0
42.81,0,47.1,0,36.8,0
42.81,0,47.2,0,36.8,0
42.81,0,47.1,0,36.8,0
42.81,0,47.2,0,36.8,0
42.5,0,47.2,0,36.8,0
42.81,0,47.2,0,36.8,0
42.69,0,47.1,0,36.8,0
42.59,0,47.1,0,36.8,0
42.81,0,47.1,0,36.9,0
42.69,0,47.2,0,36.8,0
42.59,0,47.1,0,36.8,0
42.69,0,47,0,36.9,0
42.69,0,47.1,0,36.8,0
42.69,0,47,0,36.8,0
42.81,0,47.1,0,36.8,0
42.81,0,47,0,36.9,0
42.69,0,47,0,36.9,0
42.59,0,47.1,0,36.8,0
42.69,0,47,0,36.7,0
42.69,0,47.2,0,36.9,0
42.69,0,47.1,0,36.8,0
42.81,0,47,0,36.8,0
42.81,0,47.1,0,36.8,0
42.81,0,47.1,0,36.8,0
42.69,0,46.9,0,36.9,0
42.69,0,47,0,36.8,0
42.81,0,47.1,0,36.8,0
42.69,0,47.1,0,36.8,0
42.59,0,47,0,36.9,0
42.59,0,47,0,36.9,0
42.59,0,47.1,0,36.8,0
42.59,0,47.1,0,36.9,0
42.81,0,47.1,0,36.8,0
42.81,0,47.1,0,36.9,0
42.59,0,47.2,0,36.7,0
42.59,0,47.1,0,36.9,0
42.91,0,47.2,0,36.8,0
42.81,0,47.1,0,36.8,0
42.5,0,47.2,0,36.9,0
42.59,0,47.1,0,36.8,0
42.81,0,47.2,0,36.8,0
42.91,0,47.1,0,36.7,0
42.69,0,47.1,0,36.9,0
42.81,0,47.3,0,36.9,0
42.69,0,47.2,0,36.8,0
42.59,0,47.2,0,36.8,0
42.59,0,47.3,0,36.8,0
42.69,0,47.1,0,36.8,0
42.5,0,47,0,36.8,0
42.81,0,47.1,0,36.7,0
43,0,47,0,36.8,0
42.69,0,47,0,36.8,0
42.69,0,47,0,36.8,0
42.91,0,47.2,0,36.8,0
42.69,0,47.1,0,36.9,0
42.91,0,47.1,0,36.8,0
42.91,0,47.1,0,36.9,0
42.5,0,47.2,0,36.8,0
42.5,0,47.1,0,36.8,0
42.5,0,47.2,0,36.8,0
42.69,0,47.2,0,36.9,0
42.59,0,47.1,0,36.8,0
42.81,0,47.1,0,36.7,0
42.91,0,47,0,36.8,0
42.69,0,47,0,36.8,0
43,0,47.1,0,36.7,0
42.81,0,47.1,0,36.9,0
42.69,0,47.2,0,36.8,0
42.69,0,47.3,0,36.8,0
42.81,0,47.1,0,36.7,0
43,0,47,0,36.8,0
42.69,0,47.2,0,36.7,0
42.69,0,47.2,0,36.8,0
42.69,0,47.1,0,36.8,0
42.81,0,47,0,36.8,0
42.69,0,47.1,0,36.7,0
42.69,0,47.1,0,36.8,0
42.69,0,47.1,0,36.8,0
42.91,0,47,0,36.9,0
42.69,0,47,0,36.8,0
42.69,0,47.1,0,36.8,0
42.59,0,47.1,0,36.8,0
42.59,0,46.9,0,36.8,0
42.91,0,47.2,0,36.7,0
42.69,0,47.1,0,36.8,0
42.81,0,47.2,0,36.7,0
42.69,0,47,0,36.8,0
42.59,0,47.1,0,36.8,0
42.81,0,47.1,0,36.9,0
42.69,0,47.2,0,36.7,0
42.81,0,47.1,0,36.8,0
42.91,0,47.1,0,36.8,0
42.69,0,47.1,0,36.8,0
42.69,0,47.1,0,36.7,0
42.69,0,47.1,0,36.9,0
42.59,0,47.1,0,36.8,0
43,0,47.2,0,36.8,0
42.81,0,47.1,0,36.8,0
42.91,0,47.1,0,36.8,0
42.81,0,47.1,0,36.8,0
43,0,47.1,0,36.9,0
42.91,0,47.1,0,36.8,0
42.81,0,47.1,0,36.8,0
42.59,0,47.2,0,36.8,0
42.69,0,47.1,0,36.9,0
42.59,0,47.1,0,36.8,0
42.81,0,47.2,0,36.8,0
42.69,0,47,0,36.9,0
42.5,0,47.1,0,36.8,0
42.69,0,47.3,0,37,0
42.69,0,47.1,0,36.9,0
42.69,0,47.2,0,36.8,0
42.69,0,47.1,0,36.7,0
42.81,0,47.1,0,36.8,0
42.69,0,47.1,0,36.8,0
42.81,0,47.2,0,36.8,0
43,0,47.1,0,36.7,0
42.81,0,47.1,0,36.8,0
42.5,0,47.1,0,36.7,0
42.91,0,47.2,0,36.8,0
42.69,0,47.1,0,36.8,0
42.5,0,47.2,0,36.8,0
42.81,0,47,0,36.7,0
43,0,47,0,36.8,0
42.59,0,47.1,0,36.8,0
42.69,0,47,0,36.9,0
42.81,0,47.3,0,36.8,0
42.69,0,47.2,0,36.7,0
42.69,0,47.1,0,36.8,0
42.69,0,47.1,0,36.8,0
42.81,0,47.1,0,36.8,0
42.69,0,47.1,0,36.8,0
42.81,0,47.2,0,36.7,0
42.69,0,47.1,0,36.8,0
42.69,0,47.2,0,36.8,0
42.81,0,47.1,0,36.8,0
42.69,0,47,0,36.8,0
42.69,0,47,0,36.9,0
42.81,0,47,0,36.8,0
42.81,0,47.1,0,36.9,0
42.81,0,47.2,0,36.7,0
42.59,0,47,0,36.8,0
42.69,0,47.1,0,36.7,0
42.69,0,47.2,0,36.8,0
42.59,0,47.1,0,36.8,0
42.59,0,47.1,0,36.7,0
42.69,0,47.1,0,36.8,0
42.69,0,47.3,0,36.8,0
42.69,0,47,0,36.8,0
42.59,0,47.2,0,36.8,0
42.59,0,47.2,0,36.8,0
42.81,0,47.2,0,36.9,0
42.81,0,47.1,0,36.8,0
42.69,0,47,0,36.8,0
42.81,0,47,0,36.8,0
42.59,0,47.1,0,36.9,0
42.81,0,47.1,0,36.8,0
42.69,0,47.1,0,36.8,0
42.81,0,47.1,0,36.8,0
42.69,0,47.1,0,36.8,0
42.81,0,47,0,36.8,0
42.69,0,47.1,0,36.9,0
42.69,0,47.2,0,36.8,0
42.81,0,47.1,0,36.9,0
42.69,0,47.2,0,36.9,0
42.81,0,47.2,0,36.8,0
42.91,0,47.2,0,36.7,0
42.59,0,47.2,0,36.8,0
42.69,0,47.1,0,36.7,0
42.81,0,47.1,0,36.9,0
42.69,0,47.1,0,36.8,0
42.81,0,47.1,0,36.8,0
42.69,0,47,0,36.8,0
42.69,0,47.3,0,36.8,0
42.81,0,47.2,0,36.7,0
42.5,0,47.1,0,36.8,0
42.91,0,47.1,0,36.9,0
42.81,0,47,0,36.9,0
42.91,0,47,0,36.8,0
42.59,0,47.2,0,36.8,0
42.69,0,47.1,0,36.8,0
42.5,0,47,0,36.8,0
42.81,0,47.2,0,36.7,0
42.69,0,47.2,0,36.8,0
42.69,0,47.1,0,36.9,0
42.81,0,47.1,0,36.7,0
42.69,0,47.3,0,36.8,0
42.69,0,47.2,0,36.7,0
42.69,0,47.2,0,36.7,0
42.81,0,47.2,0,36.7,0
42.59,0,47.1,0,36.8,0
42.59,0,46.9,0,36.8,0
42.69,0,47.2,0,36.8,0
42.69,0,47.3,0,36.7,0
42.69,0,47.2,0,36.7,0
42.59,0,47.2,0,36.8,0
42.69,0,47.2,0,36.8,0
42.91,0,47.1,0,36.8,0
42.69,0,47.1,0,36.9,0
42.91,0,47.1,0,36.8,0
42.91,0,47,0,36.7,0
42.81,0,47.1,0,36.7,0
42.59,0,47.1,0,36.8,0
42.81,0,47.2,0,36.7,0
42.81,0,47.2,0,36.8,0
42.69,0,47.2,0,36.8,0
42.91,0,47.2,0,36.8,0
42.81,0,47.2,0,36.7,0
42.91,0,47.1,0,36.7,0
42.69,0,47,0,36.8,0
42.81,0,47.1,0,36.8,0
42.81,0,47,0,36.7,0
42.69,0,47.1,0,36.8,0
42.69,0,47,0,36.8,0
42.69,0,47.1,0,36.8,0
42.91,0,47,0,36.8,0
42.69,0,47.2,0,36.9,0
42.81,0,47.3,0,36.7,0
42.69,0,47,0,36.8,0
42.69,0,46.9,0,36.8,0
42.59,0,47.1,0,36.9,0
42.69,0,47,0,36.6,0
42.81,0,46.8,0,36.8,0
42.81,0,47,0,36.8,0
42.69,0,47,0,36.8,0
42.59,0,46.8,0,36.7,0
42.69,0,46.9,0,36.8,0
42.69,0,46.8,0,36.7,0
42.81,0,47,0,36.7,0
42.69,0,46.9,0,36.8,0
42.81,0,47,0,36.8,0
42.81,0,46.8,0,36.8,0
42.81,0,46.8,0,36.8,0
42.91,0,46.7,0,36.8,0
42.81,0,46.7,0,36.9,0
42.69,0,46.8,0,36.8,0
42.81,0,46.8,0,36.8,0
42.81,0,46.8,0,36.7,0
42.69,0,46.8,0,36.7,0
42.69,0,46.7,0,36.8,0
42.59,0,46.7,0,36.7,0
42.91,0,46.8,0,36.7,0
42.81,0,46.8,0,36.7,0
42.5,0,46.8,0,36.7,0
42.69,0,46.6,0,36.7,0
42.59,0,46.7,0,36.9,0
42.5,0,46.8,0,36.7,0
42.69,0,46.6,0,36.7,0
42.81,0,46.4,0,36.7,0
42.69,0,46.4,0,36.7,0
42.69,0,46.2,0,36.8,0
42.81,0,46.2,0,36.7,0
42.69,0,46.1,0,36.7,0
42.81,0,46.1,0,36.7,0
42.59,0,45.9,0,36.7,0
42.5,0,45.8,0,36.8,0
42.59,0,45.6,0,36.9,0
42.59,0,45.6,0,36.7,0
42.69,0,45.6,0,36.8,0
42.69,0,45.4,0,36.7,0
42.81,0,45.1,0,36.7,0
42.91,0,45,0,36.7,0
42.69,0,44.8,0,36.7,0
42.81,0,44.5,0,36.7,0
42.81,0,44.5,0,36.8,0
42.59,0,44,0,36.7,0
42.69,0,44.1,0,36.8,0
42.81,0,43.6,0,36.7,0
42.91,0,43.5,0,36.8,0
42.69,0,43.4,0,36.9,0
42.81,0,43,0,36.8,0
42.81,0,42.9,0,36.8,0
42.81,0,42.4,0,36.8,0
42.69,0,42.3,0,36.8,0
42.59,0,42.1,0,36.7,0
42.59,0,41.6,0,36.7,0
42.81,0,41.5,0,36.8,0
42.81,0,41.1,0,36.8,0
42.69,0,41,0,36.8,0
42.91,0,40.6,0,36.7,0
42.69,0,40.2,0,36.8,0
42.69,0,39.8,0,36.7,0
42.69,0,39.6,0,36.8,0
42.91,0,39.2,0,36.8,0
42.69,0,38.8,0,36.8,0
42.81,0,38.6,0,36.8,0
42.69,0,38.2,0,36.7,0
42.69,0,37.7,0,36.8,0
42.59,0,37.4,0,36.7,0
42.69,0,36.9,0,36.7,0
42.69,0,36.9,0,36.7,0
42.59,0,36.4,0,36.7,0
42.81,0,36.1,0,36.7,0
42.69,0,35.6,0,36.8,0
42.69,0,35.3,0,36.7,0
42.81,0,34.9,0,36.7,0
42.69,0,34.5,0,36.7,0
42.81,0,34.1,0,36.7,0
42.69,0,33.9,0,36.8,0
42.69,0,33.4,0,36.7,0
42.69,0,33,0,36.8,0
42.69,0,32.6,0,36.8,0
42.81,0,32.4,0,36.8,0
42.69,0,32,0,36.7,0
42.59,0,31.6,0,36.8,0
42.69,0,31.3,0,36.7,0
42.91,0,31.1,0,36.8,0
42.5,0,30.6,0,36.8,0
42.69,0,30.4,0,36.7,0
42.91,0,29.9,0,36.8,0
42.81,0,29.7,0,36.8,0
42.81,0,29.3,0,36.9,0
42.59,0,29.1,0,36.7,0
42.59,0,28.7,0,36.7,0
42.91,0,28.4,0,36.7,0
42.69,0,28,0,36.7,0
42.59,0,27.8,0,36.8,0
42.69,0,27.4,0,36.8,0
42.91,0,27.1,0,36.7,0
42.59,0,26.8,0,36.8,0
42.81,0,26.6,0,36.8,0
42.69,0,26.3,0,36.8,0
42.59,0,26,0,36.8,0
42.81,0,25.7,0,36.9,0
42.69,0,25.3,0,36.7,0
42.91,0,25.1,0,36.8,0
42.5,0,24.8,0,36.8,0
42.81,0,24.6,0,36.7,0
42.59,0,24.3,0,36.7,0
42.59,0,24.1,0,36.8,0
42.81,0,23.9,0,36.8,0
42.59,0,23.6,0,36.7,0
42.69,0,23.4,0,36.7,0
42.59,0,23.1,0,36.8,0
42.59,0,22.9,0,36.8,0
42.81,0,22.6,0,36.8,0
42.59,0,22.5,0,36.7,0
42.91,0,22.1,0,36.8,0
42.59,0,22,0,36.8,0
42.69,0,21.7,0,36.7,0
42.91,0,21.5,0,36.7,0
42.69,0,21.3,0,36.7,0
42.59,0,21.1,0,36.8,0
42.81,0,20.9,0,36.7,0
42.91,0,20.7,0,36.8,0
42.91,0,20.5,0,36.8,0
42.81,0,20.4,0,36.7,0
42.69,0,20.2,0,36.6,0
42.69,0,20,0,36.8,0
42.81,0,19.9,0,36.7,0
42.59,0,19.7,0,36.8,0
42.59,0,19.6,0,36.8,0
42.69,0,19.4,0,36.8,0
42.5,0,19.3,0,36.7,0
42.81,0,19.2,0,36.8,0
42.81,0,19.1,0,36.8,0
42.91,0,19,0,36.8,0
42.81,0,18.8,0,36.8,0
43,0,18.7,0,36.7,0
42.69,0,18.6,0,36.7,0
42.81,0,18.5,0,36.7,0
42.81,0,18.4,0,36.8,0
42.81,0,18.3,0,36.7,0
42.81,0,18.2,0,36.7,0
42.5,0,18.1,0,36.7,0
42.69,0,18,0,36.8,0
42.81,0,17.9,0,36.7,0
42.5,0,17.8,0,36.7,0
42.69,0,17.6,0,36.8,0
42.69,0,17.6,0,36.7,0
42.5,0,17.5,0,36.6,0
42.81,0,17.4,0,36.7,0
42.81,0,17.3,0,36.7,0
42.69,0,17.2,0,36.7,0
42.81,0,17.1,0,36.8,0
42.81,0,17,0,36.8,0
42.69,0,16.9,0,36.8,0
42.59,0,16.9,0,36.8,0
42.81,0,16.8,0,36.7,0
42.81,0,16.7,0,36.7,0
42.59,0,16.6,0,36.7,0
42.59,0,16.5,0,36.8,0
42.59,0,16.5,0,36.7,0
42.69,0,16.4,0,36.7,0
42.69,0,16.3,0,36.7,0
42.81,0,16.2,0,36.9,0
42.91,0,16.2,0,36.7,0
42.69,0,16.2,0,36.8,0
42.69,0,16,0,36.7,0
42.69,0,16,0,36.7,0
42.59,0,15.9,0,36.7,0
42.69,0,15.8,0,36.7,0
42.59,0,15.8,0,36.7,0
42.5,0,15.8,0,36.8,0
42.5,0,15.7,0,36.8,0
42.69,0,15.6,0,36.8,0
42.59,0,15.6,0,36.8,0
42.59,0,15.5,0,36.7,0
42.59,0,15.4,0,36.8,0
42.69,0,15.4,0,36.8,0
42.5,0,15.3,0,36.7,0
42.59,0,15.3,0,36.7,0
42.81,0,15.2,0,36.8,0
42.69,0,15.2,0,36.8,0
42.69,0,15.1,0,36.7,0
42.69,0,15,0,36.8,0
42.5,0,15,0,36.6,0
42.59,0,15,0,36.7,0
42.59,0,14.9,0,36.8,0
42.59,0,14.8,0,36.7,0
42.69,0,14.8,0,36.8,0
42.59,0,14.8,0,36.7,0
42.59,0,14.7,0,36.7,0
42.59,0,14.7,0,36.7,0
42.69,0,14.6,0,36.8,0
42.81,0,14.6,0,36.7,0
42.5,0,14.5,0,36.8,0
42.81,0,14.5,0,36.7,0
42.59,0,14.4,0,36.8,0
42.69,0,14.4,0,36.8,0
42.69,0,14.4,0,36.8,0
42.5,0,14.3,0,36.7,0
42.69,0,14.3,0,36.7,0
42.69,0,14.2,0,36.8,0
42.69,0,14.2,0,36.7,0
42.81,0,14.2,0,36.7,0
42.5,0,14.1,0,36.7,0
42.59,0,14.1,0,36.7,0
42.5,0,14,0,36.7,0
42.69,0,14,0,36.8,0
42.69,0,14,0,36.8,0
42.69,0,13.9,0,36.8,0
42.69,0,13.9,0,36.7,0
42.59,0,13.9,0,36.8,0
42.81,0,13.8,0,36.8,0
42.69,0,13.8,0,36.7,0
42.5,0,13.8,0,36.7,0
42.81,0,13.7,0,36.7,0
42.5,0,13.7,0,36.7,0
42.69,0,13.7,0,36.6,0
42.69,0,13.6,0,36.8,0
42.59,0,13.6,0,36.7,0
42.59,0,13.6,0,36.8,0
42.81,0,13.6,0,36.6,0
42.59,0,13.5,0,36.7,0
42.81,0,13.5,0,36.7,0
42.4,0,13.4,0,36.7,0
42.69,0,13.4,0,36.7,0
42.59,0,13.4,0,36.7,0
42.59,0,13.3,0,36.7,0
42.5,0,13.3,0,36.8,0
42.81,0,13.3,0,36.7,0
42.59,0,13.3,0,36.7,0
42.69,0,13.3,0,36.7,0
42.59,0,13.2,0,36.7,0
42.69,0,13.2,0,36.8,0
42.59,0,13.2,0,36.7,0
42.69,0,13.1,0,36.7,0
42.69,0,13.1,0,36.7,0
42.59,0,13.1,0,36.7,0
42.59,0,13,0,36.6,0
42.81,0,13,0,36.7,0
42.5,0,13,0,36.7,0
42.59,0,13,0,36.6,0
42.59,0,13,0,36.7,0
42.59,0,12.9,0,36.7,0
42.59,0,12.9,0,36.7,0
42.5,0,12.9,0,36.6,0
42.5,0,12.8,0,36.7,0
42.59,0,12.8,0,36.6,0
42.69,0,12.8,0,36.7,0
42.59,0,12.8,0,36.6,0
42.59,0,12.8,0,36.7,0
42.59,0,12.7,0,36.7,0
42.5,0,12.7,0,36.7,0
42.59,0,12.7,0,36.7,0
42.59,0,12.7,0,36.7,0
42.59,0,12.6,0,36.8,0
42.59,0,12.6,0,36.7,0
42.59,0,12.6,0,36.7,0
42.5,0,12.6,0,36.7,0
42.59,0,12.6,0,36.7,0
42.69,0,12.5,0,36.8,0
42.81,0,12.5,0,36.7,0
42.59,0,12.5,0,36.8,0
42.5,0,12.4,0,36.9,0
42.5,0,12.4,0,36.8,0
42.59,0,12.4,0,36.8,0
42.59,0,12.4,0,36.7,0
42.81,0,12.4,0,36.7,0
42.4,0,12.4,0,36.8,0
42.69,0,12.4,0,36.8,0
42.59,0,12.3,0,36.7,0
42.59,0,12.3,0,36.8,0
42.59,0,12.3,0,36.8,0
42.59,0,12.2,0,36.8,0
42.5,0,12.2,0,36.8,0
42.59,0,12.2,0,36.6,0
42.59,0,12.2,0,36.8,0
42.69,0,12.2,0,36.9,0
42.5,0,12.2,0,36.7,0
42.59,0,12.2,0,36.8,0
42.59,0,12.1,0,36.8,0
42.5,0,12.1,0,36.7,0
42.59,0,12.1,0,36.8,0
42.59,0,12.1,0,36.7,0
42.59,0,12,0,36.7,0
42.69,0,12.1,0,36.8,0
42.5,0,12,0,36.8,0
42.4,0,12,0,36.7,0
42.5,0,12,0,36.7,0
42.4,0,12,0,36.7,0
42.59,0,12,0,36.8,0
42.3,0,11.9,0,36.8,0
42.4,0,11.9,0,36.7,0
42.4,0,11.9,0,36.8,0
42.5,0,11.9,0,36.8,0
42.59,0,11.9,0,36.7,0
42.4,0,11.8,0,36.7,0
42.59,0,11.8,0,36.8,0
42.5,0,11.8,0,36.8,0
42.59,0,11.8,0,36.8,0
42.5,0,11.8,0,36.8,0
42.69,0,11.8,0,36.7,0
42.4,0,11.7,0,36.7,0
42.5,0,11.7,0,36.7,0
42.59,0,11.7,0,36.8,0
42.4,0,11.7,0,36.8,0
42.5,0,11.7,0,36.7,0
42.4,0,11.7,0,36.7,0
42.4,0,11.7,0,36.8,0
42.59,0,11.6,0,36.7,0
42.4,0,11.6,0,36.8,0
42.5,0,11.6,0,36.7,0
42.81,0,11.6,0,36.7,0
42.5,0,11.6,0,36.7,0
42.4,0,11.6,0,36.7,0
42.59,0,11.6,0,36.8,0
42.4,0,11.5,0,36.8,0
42.3,0,11.5,0,36.7,0
42.59,0,11.5,0,36.7,0
42.4,0,11.5,0,36.7,0
42.59,0,11.5,0,36.7,0
42.4,0,11.5,0,36.7,0
42.5,0,11.5,0,36.8,0
42.59,0,11.4,0,36.8,0
42.5,0,11.4,0,36.8,0
42.59,0,11.4,0,36.7,0
42.69,0,11.4,0,36.7,0
42.5,0,11.4,0,36.8,0
42.5,0,11.4,0,36.8,0
42.5,0,11.4,0,36.7,0
42.4,0,11.3,0,36.7,0
42.4,0,11.3,0,36.8,0
42.59,0,11.3,0,36.8,0
42.4,0,11.3,0,36.7,0
42.5,0,11.3,0,36.7,0
42.4,0,11.3,0,36.8,0
42.5,0,11.3,0,36.8,0
42.59,0,11.2,0,36.7,0
42.4,0,11.2,0,36.8,0
42.3,0,11.2,0,36.7,0
42.3,0,11.2,0,36.8,0
42.4,0,11.2,0,36.7,0
42.3,0,11.2,0,36.8,0
42.3,0,11.2,0,36.8,0
42.2,0,11.1,0,36.7,0
42.5,0,11.1,0,36.7,0
42.5,0,11.1,0,36.8,0
42.5,0,11.1,0,36.8,0
42.2,0,11.1,0,36.8,0
42.3,0,11.1,0,36.7,0
42.5,0,11.1,0,36.8,0
42.2,0,11.1,0,36.8,0
42.3,0,11,0,36.7,0
42.4,0,11,0,36.8,0
42.4,0,11,0,36.7,0
42.3,0,11,0,36.8,0
42.2,0,11,0,36.8,0
42.4,0,11,0,36.8,0
42.3,0,11,0,36.8,0
42.3,0,11,0,36.7,0
42.2,0,10.9,0,36.7,0
42.3,0,10.9,0,36.7,0
42.3,0,10.9,0,36.7,0
42.4,0,10.9,0,36.7,0
42.2,0,10.9,0,36.7,0
42.2,0,10.9,0,36.7,0
42.11,0,10.9,0,36.8,0
42.2,0,10.9,0,36.7,0
42.3,0,10.9,0,36.7,0
41.99,0,10.8,0,36.8,0
41.99,0,10.8,0,36.8,0
42.11,0,10.8,0,36.8,0
42.11,0,10.8,0,36.7,0
42.2,0,10.8,0,36.7,0
42.11,0,10.8,0,36.7,0
42.11,0,10.8,0,36.8,0
42.2,0,10.8,0,36.8,0
42.11,0,10.8,0,36.7,0
42.11,0,10.7,0,36.8,0
42.11,0,10.7,0,36.7,0
42.11,0,10.7,0,36.7,0
41.99,0,10.7,0,36.7,0
41.99,0,10.7,0,36.7,0
41.8,0,10.7,0,36.8,0
42.11,0,10.7,0,36.6,0
41.7,0,10.7,0,36.6,0
41.99,0,10.7,0,36.7,0
41.99,0,10.6,0,36.7,0
41.8,0,10.6,0,36.7,0
41.7,0,10.6,0,36.7,0
41.89,0,10.6,0,36.7,0
41.7,0,10.6,0,36.6,0
41.99,0,10.6,0,36.7,0
41.99,0,10.6,0,36.7,0
41.89,0,10.6,0,36.8,0
41.7,0,10.6,0,36.7,0
41.89,0,10.5,0,36.6,0
41.89,0,10.5,0,36.7,0
41.8,0,10.5,0,36.7,0
41.89,0,10.5,0,36.7,0
41.89,0,10.5,0,36.7,0
41.7,0,10.5,0,36.8,0
41.6,0,10.5,0,36.7,0
41.7,0,10.5,0,36.7,0
41.6,0,10.5,0,36.7,0
41.6,0,10.5,0,36.7,0
41.6,0,10.4,0,36.7,0
41.6,0,10.4,0,36.7,0
41.7,0,10.4,0,36.6,0
41.51,0,10.4,0,36.7,0
41.6,0,10.4,0,36.7,0
41.7,0,10.4,0,36.7,0
41.39,0,10.4,0,36.7,0
41.6,0,10.4,0,36.8,0
41.6,0,10.4,0,36.7,0
41.51,0,10.4,0,36.7,0
41.51,0,10.3,0,36.8,0
41.3,0,10.3,0,36.7,0
41.3,0,10.3,0,36.7,0
41.39,0,10.3,0,36.8,0
41.39,0,10.3,0,36.7,0
41.11,0,10.3,0,36.7,0
41.3,0,10.3,0,36.6,0
41.2,0,10.3,0,36.8,0
41.2,0,10.3,0,36.7,0
41.11,0,10.3,0,36.7,0
41.2,0,10.2,0,36.7,0
41.11,0,10.2,0,36.6,0
41.2,0,10.2,0,36.7,0
41.11,0,10.2,0,36.7,0
41.2,0,10.2,0,36.7,0
40.9,0,10.2,0,36.7,0
41.2,0,10.2,0,36.7,0
40.99,0,10.2,0,36.8,0
41.11,0,10.2,0,36.8,0
40.8,0,10.2,0,36.7,0
40.99,0,10.2,0,36.7,0
40.99,0,10.1,0,36.6,0
40.9,0,10.1,0,36.6,0
40.8,0,10.1,0,36.7,0
40.8,0,10.1,0,36.7,0
40.9,0,10.1,0,36.8,0
40.99,0,10.1,0,36.7,0
40.8,0,10.1,0,36.7,0
40.8,0,10.1,0,36.7,0
40.71,0,10.1,0,36.8,0
40.71,0,10.1,0,36.7,0
40.8,0,10,0,36.7,0
40.71,0,10,0,36.8,0
40.6,0,10,0,36.7,0
40.6,0,10,0,36.7,0
40.6,0,10,0,36.8,0
40.6,0,10,0,36.8,0
40.29,0,10,0,36.8,0
40.29,0,10,0,36.7,0
40.29,0,9.9,0,36.7,0
40.29,0,9.9,0,36.7,0
40.2,0,9.9,0,36.7,0
40.41,0,9.9,0,36.7,0
40.11,0,9.8,0,36.7,0
40.11,0,9.8,0,36.7,0
40.2,0,9.8,0,36.7,0
40.2,0,9.7,0,36.8,0
39.99,0,9.7,0,36.6,0
39.99,0,9.7,0,36.8,0
39.99,0,9.5,0,36.7,0
39.99,0,9.5,0,36.5,0
39.9,0,9.5,0,36.7,0
39.99,0,9.5,0,36.6,0
39.9,0,9.5,0,36.7,0
39.81,0,9.4,0,36.7,0
39.6,0,9.4,0,36.7,0
39.81,0,9.4,0,36.7,0
39.7,0,9.4,0,36.7,0
39.7,0,9.4,0,36.7,0
39.6,0,9.3,0,36.7,0
39.49,0,9.3,0,36.7,0
39.49,0,9.2,0,36.7,0
39.49,0,9.2,0,36.6,0
39.49,0,9.2,0,36.7,0
39.2,0,9.2,0,36.6,0
39.31,0,9.2,0,36.7,0
39.31,0,9.1,0,36.8,0
39.1,0,9,0,36.7,0
39.4,0,9,0,36.7,0
38.99,0,9,0,36.8,0
39.1,0,9,0,36.7,0
39.1,0,9,0,36.7,0
38.99,0,8.9,0,36.7,0
38.99,0,8.9,0,36.7,0
38.99,0,8.9,0,36.6,0
38.79,0,8.9,0,36.7,0
38.7,0,8.9,0,36.7,0
38.79,0,8.8,0,36.7,0
38.5,0,8.8,0,36.7,0
38.5,0,8.7,0,36.6,0
38.59,0,8.7,0,36.7,0
38.41,0,8.7,0,36.7,0
38.41,0,8.7,0,36.7,0
38.3,0,8.6,0,36.6,0
38.5,0,8.6,0,36.7,0
38.3,0,8.6,0,36.8,0
38.19,0,8.5,0,36.6,0
38.1,0,8.5,0,36.6,0
37.99,0,8.5,0,36.6,0
37.99,0,8.5,0,36.7,0
37.99,0,8.5,0,36.7,0
37.79,0,8.4,0,36.6,0
37.79,0,8.4,0,36.7,0
37.51,0,8.4,0,36.7,0
37.7,0,8.4,0,36.6,0
37.7,0,8.3,0,36.7,0
37.4,0,8.3,0,36.7,0
37.29,0,8.3,0,36.7,0
37.29,0,8.3,0,36.7,0
37.2,0,8.2,0,36.6,0
37.29,0,8.2,0,36.7,0
37.01,0,8.2,0,36.7,0
37.01,0,8.2,0,36.7,0
36.71,0,8.2,0,36.7,0
36.9,0,8.1,0,36.6,0
36.9,0,8.1,0,36.7,0
36.71,0,8.1,0,36.8,0
36.6,0,8.1,0,36.7,0
36.6,0,8.1,0,36.7,0
36.6,0,8,0,36.7,0
36.5,0,8,0,36.6,0
36.39,0,8,0,36.8,0
36.3,0,8,0,36.7,0
36.2,0,7.9,0,36.7,0
36.2,0,7.9,0,36.7,0
36.09,0,8,0,36.7,0
35.9,0,8,0,36.7,0
36.09,0,7.9,0,36.6,0
35.8,0,7.8,0,36.7,0
35.69,0,7.8,0,36.6,0
35.61,0,7.8,0,36.7,0
35.61,0,7.8,0,36.6,0
35.61,0,7.8,0,36.8,0
35.4,0,7.8,0,36.7,0
35.4,0,7.7,0,36.7,0
35.3,0,7.7,0,36.8,0
35.09,0,7.7,0,36.7,0
35.19,0,7.6,0,36.8,0
35.19,0,7.6,0,36.6,0
34.9,0,7.7,0,36.6,0
34.8,0,7.6,0,36.7,0
34.7,0,7.6,0,36.7,0
34.5,0,7.6,0,36.7,0
34.6,0,7.6,0,36.8,0
34.6,0,7.5,0,36.6,0
34.39,0,7.5,0,36.7,0
34.5,0,7.5,0,36.7,0
34.19,0,7.5,0,36.7,0
34.19,0,7.5,0,36.7,0
34.11,0,7.4,0,36.6,0
34.01,0,7.4,0,36.7,0
33.9,0,7.4,0,36.7,0
33.9,0,7.4,0,36.7,0
33.9,0,7.4,0,36.6,0
33.6,0,7.3,0,36.7,0
33.7,0,7.3,0,36.9,0
33.5,0,7.3,0,36.6,0
33.5,0,7.3,0,36.7,0
33.4,0,7.2,0,36.7,0
33.31,0,7.2,0,36.7,0
33.09,0,7.2,0,36.5,0
32.89,0,7.2,0,36.6,0
32.99,0,7.2,0,36.6,0
32.89,0,7.2,0,36.6,0
32.8,0,7.1,0,36.6,0
32.89,0,7.1,0,36.6,0
32.6,0,7.1,0,36.5,0
32.4,0,7.1,0,36.6,0
32.4,0,7.1,0,36.6,0
32.19,0,7.1,0,36.6,0
32.1,0,7.1,0,36.5,0
31.8,0,7.1,0,36.6,0
31.8,0,7,0,36.6,0
31.8,0,7,0,36.6,0
31.6,0,7,0,36.6,0
31.6,0,7,0,36.6,0
31.6,0,7,0,36.6,0
31.6,0,7,0,36.7,0
31.5,0,6.9,0,36.6,0
31.4,0,6.9,0,36.7,0
31.4,0,6.9,0,36.6,0
31.2,0,6.9,0,36.6,0
31.2,0,6.8,0,36.6,0
31,0,6.9,0,36.6,0
30.7,0,6.8,0,36.6,0
30.7,0,6.8,0,36.6,0
30.7,0,6.8,0,36.6,0
30.6,0,6.8,0,36.5,0
30.41,0,6.8,0,36.6,0
30.5,0,6.7,0,36.6,0
30.3,0,6.7,0,36.6,0
30.2,0,6.7,0,36.6,0
30,0,6.7,0,36.6,0
29.8,0,6.7,0,36.6,0
29.89,0,6.7,0,36.6,0
29.89,0,6.6,0,36.6,0
29.8,0,6.7,0,36.6,0
29.51,0,6.6,0,36.6,0
29.71,0,6.6,0,36.6,0
29.6,0,6.6,0,36.5,0
29.4,0,6.6,0,36.5,0
29.4,0,6.6,0,36.5,0
29.29,0,6.6,0,36.5,0
29.29,0,6.5,0,36.7,0
28.9,0,6.5,0,36.5,0
29,0,6.5,0,36.6,0
28.8,0,6.5,0,36.6,0
28.9,0,6.5,0,36.7,0
28.59,0,6.5,0,36.5,0
28.7,0,6.5,0,36.6,0
28.7,0,6.5,0,36.6,0
28.59,0,6.4,0,36.5,0
28.4,0,6.4,0,36.6,0
28.4,0,6.4,0,36.6,0
28.4,0,6.4,0,36.6,0
28.2,0,6.4,0,36.6,0
28.2,0,6.4,0,36.5,0
28.2,0,6.4,0,36.6,0
28.01,0,6.4,0,36.6,0
28.1,0,6.3,0,36.5,0
27.9,0,6.3,0,36.6,0
27.9,0,6.3,0,36.6,0
27.8,0,6.3,0,36.6,0
27.6,0,6.2,0,36.6,0
27.69,0,6.3,0,36.5,0
27.5,0,6.3,0,36.6,0
27.5,0,6.3,0,36.6,0
27.5,0,6.2,0,36.6,0
27.5,0,6.2,0,36.7,0
27.4,0,6.2,0,36.6,0
27.4,0,6.1,0,36.6,0
27.3,0,6.1,0,36.6,0
27.3,0,6.2,0,36.6,0
27.3,0,6.1,0,36.6,0
27.1,0,6.1,0,36.6,0
27.1,0,6.1,0,36.7,0
27.19,0,6.1,0,36.6,0
27,0,6.1,0,36.6,0
26.8,0,6.1,0,36.6,0
26.9,0,6,0,36.5,0
26.8,0,6,0,36.7,0
26.7,0,6.1,0,36.6,0
26.8,0,6.1,0,36.6,0
26.7,0,6,0,36.6,0
26.59,0,6,0,36.6,0
26.59,0,6,0,36.6,0
26.41,0,6,0,36.6,0
26.41,0,6,0,36.6,0
26.49,0,6,0,36.6,0
26.49,0,5.9,0,36.7,0
26.49,0,5.9,0,36.6,0
26.41,0,5.9,0,36.6,0
26.49,0,5.9,0,36.6,0
26.3,0,5.9,0,36.5,0
26.2,0,5.9,0,36.5,0
26.2,0,5.9,0,36.6,0
26.2,0,5.9,0,36.6,0
26,0,5.9,0,36.6,0
26,0,5.9,0,36.6,0
26,0,5.9,0,36.7,0
26,0,5.8,0,36.5,0
26,0,5.8,0,36.6,0
26.1,0,5.8,0,36.6,0
26.1,0,5.8,0,36.7,0
25.9,0,5.8,0,36.5,0
26,0,5.8,0,36.5,0
26,0,5.8,0,36.6,0
25.9,0,5.8,0,36.6,0
25.6,0,5.7,0,36.5,0
25.6,0,5.7,0,36.7,0
25.7,0,5.7,0,36.5,0
25.6,0,5.7,0,36.5,0
25.7,0,5.7,0,36.6,0
25.4,0,5.7,0,36.5,0
25.5,0,5.7,0,36.5,0
25.5,0,5.7,0,36.6,0
25.29,0,5.7,0,36.5,0
25.4,0,5.7,0,36.5,0
25.5,0,5.6,0,36.6,0
25.29,0,5.6,0,36.6,0
25.4,0,5.6,0,36.6,0
25.29,0,5.6,0,36.6,0
25.29,0,5.6,0,36.6,0
25.4,0,5.6,0,36.6,0
25.19,0,5.6,0,36.6,0
25.19,0,5.6,0,36.5,0
25,0,5.6,0,36.5,0
25.19,0,5.6,0,36.5,0
25.19,0,5.6,0,36.5,0
25.1,0,5.6,0,36.6,0
25,0,5.6,0,36.6,0
25,0,5.5,0,36.6,0
25,0,5.5,0,36.5,0
24.9,0,5.5,0,36.6,0
24.8,0,5.5,0,36.5,0
24.8,0,5.5,0,36.5,0
24.9,0,5.5,0,36.5,0
24.8,0,5.5,0,36.6,0
24.7,0,5.5,0,36.5,0
24.8,0,5.5,0,36.5,0
24.7,0,5.5,0,36.5,0
24.7,0,5.5,0,36.5,0
24.59,0,5.5,0,36.5,0
24.5,0,5.5,0,36.7,0
24.59,0,5.4,0,36.6,0
24.59,0,5.4,0,36.6,0
24.5,0,5.4,0,36.6,0
24.59,0,5.4,0,36.6,0
24.59,0,5.4,0,36.5,0
24.4,0,5.4,0,36.5,0
24.4,0,5.4,0,36.6,0
24.5,0,5.4,0,36.6,0
24.3,0,5.4,0,36.5,0
24.4,0,5.4,0,36.5,0
24.3,0,5.4,0,36.6,0
24.2,0,5.3,0,36.6,0
24.3,0,5.3,0,36.5,0
24.3,0,5.3,0,36.5,0
24.3,0,5.3,0,36.6,0
24.1,0,5.3,0,36.5,0
24.1,0,5.3,0,36.5,0
24.1,0,5.3,0,36.6,0
24.2,0,5.3,0,36.6,0
24.1,0,5.3,0,36.5,0
24.1,0,5.3,0,36.5,0
24.1,0,5.3,0,36.5,0
24.1,0,5.3,0,36.5,0
24.1,0,5.3,0,36.6,0
24,0,5.3,0,36.5,0
24,0,5.2,0,36.5,0
24,0,5.2,0,36.6,0
23.79,0,5.2,0,36.5,0
24,0,5.2,0,36.6,0
24,0,5.2,0,36.6,0
23.9,0,5.2,0,36.5,0
23.79,0,5.2,0,36.6,0
23.9,0,5.2,0,36.6,0
23.79,0,5.2,0,36.5,0
23.7,0,5.2,0,36.6,0
23.79,0,5.2,0,36.5,0
23.7,0,5.2,0,36.6,0
23.6,0,5.2,0,36.5,0
23.6,0,5.2,0,36.5,0
23.49,0,5.1,0,36.5,0
23.49,0,5.1,0,36.6,0
23.49,0,5.1,0,36.5,0
23.49,0,5.1,0,36.5,0
23.49,0,5.1,0,36.6,0
23.6,0,5.1,0,36.5,0
23.49,0,5.1,0,36.5,0
23.4,0,5.1,0,36.5,0
23.4,0,5.1,0,36.6,0
23.3,0,5.1,0,36.5,0
23.4,0,5.1,0,36.6,0
23.3,0,5.1,0,36.6,0
23.2,0,5.1,0,36.4,0
23.1,0,5.1,0,36.5,0
23.2,0,5.1,0,36.5,0
23.4,0,5.1,0,36.6,0
23.3,0,5.1,0,36.6,0
23.4,0,5.1,0,36.6,0
23.1,0,5.1,0,36.4,0
23.1,0,5.1,0,36.6,0
23.1,0,5,0,36.4,0
23,0,5,0,36.5,0
23,0,5,0,36.5,0
23.1,0,5,0,36.6,0
23,0,5,0,36.5,0
22.9,0,5,0,36.5,0
23.1,0,5,0,36.6,0
22.9,0,5,0,36.5,0
23,0,5,0,36.5,0
22.9,0,5,0,36.6,0
22.79,0,4.8,0,36.5,0
23,0,4.8,0,36.6,0
23,0,4.2,0,36.6,0
22.79,0,4.2,0,36.6,0
22.79,0,3.8,0,36.5,0
22.7,0,4.2,0,36.6,0
22.79,0,4.1,0,36.5,0
22.79,0,4.2,0,36.5,0
22.79,0,3.8,0,36.6,0
22.59,0,3.7,0,36.5,0
22.79,0,4.1,0,36.5,0
22.59,0,3.8,0,36.5,0
22.59,0,3.9,0,36.5,0
22.7,0,3.7,0,36.5,0
22.5,0,3.8,0,36.4,0
22.5,0,3.4,0,36.5,0
22.7,0,3.3,0,36.5,0
22.4,0,3.1,0,36.6,0
22.5,0,3.2,0,36.5,0
22.3,0,3.1,0,36.5,0
22.59,0,2.7,0,36.5,0
22.5,0,2.8,0,36.5,0
22.4,0,2.6,0,36.6,0
22.3,0,2.6,0,36.4,0
22.3,0,2.7,0,36.6,0
22.5,0,2.6,0,36.5,0
22.3,1.40282E-5,2.6,0,36.5,0
22.2,1.40282E-5,2.5,0,36.4,0
22.3,4.38795E-5,2.7,0,36.5,0
22.2,4.38795E-5,2.7,0,36.5,0
22.1,4.38795E-5,2.7,0,36.6,0
22.2,4.38795E-5,2.7,0,36.6,0
22.1,4.38795E-5,2.5,0,36.5,0
22.1,4.38795E-5,2.5,0,36.6,0
22.1,4.38795E-5,2.6,0,36.6,0
22.3,4.48846E-5,2.4,0,36.5,0
22.2,4.48846E-5,2.5,0,36.6,0
22.1,4.48846E-5,2.4,0,36.5,0
22,4.48846E-5,2.4,0,36.5,0
22.1,4.48846E-5,2.3,0,36.5,0
22.1,4.48846E-5,2.3,0,36.5,0
21.89,4.48846E-5,2.2,0,36.5,0
21.89,4.53513E-5,2.1,0,36.5,0
22,5.98534E-5,2.1,0,36.5,0
21.89,5.98534E-5,2.1,0,36.5,0
22,7.28765E-5,1.9,0,36.5,0
21.89,7.28765E-5,2,0,36.5,0
21.89,7.28765E-5,2,0,36.6,0
22,9.98489E-5,1.8,0,36.5,0
21.89,9.98489E-5,1.8,0,36.6,0
21.8,9.98489E-5,1.7,0,36.5,0
21.7,9.98489E-5,1.7,0,36.6,0
21.8,9.98489E-5,1.7,0,36.5,0
21.7,9.98489E-5,1.7,0,36.5,0
21.8,9.98489E-5,1.6,0,36.5,0
21.8,1.04077E-4,1.7,0,36.5,0
21.8,1.04077E-4,1.6,0,36.5,0
21.59,1.21652E-4,1.6,0,36.5,0
21.59,1.21652E-4,1.6,0,36.5,0
21.7,1.21652E-4,1.6,0,36.5,0
21.7,1.21652E-4,1.6,0,36.5,0
21.5,1.21652E-4,1.6,0,36.5,0
21.5,1.21652E-4,1.6,0,36.5,0
21.59,1.21652E-4,1.7,0,36.5,0
21.59,1.21652E-4,1.7,0,36.5,0
21.59,1.21652E-4,1.5,0,36.5,0
21.59,1.21652E-4,1.5,0,36.5,0
21.5,1.21652E-4,1.5,0,36.5,0
21.5,1.21652E-4,1.4,0,36.5,0
21.5,1.21652E-4,1.5,0,36.4,0
21.5,1.21652E-4,1.4,0,36.5,1.79098E-5
21.4,1.21652E-4,1.4,3.60021E-7,36.5,2.21855E-5
21.4,1.21652E-4,1.3,4.40157E-5,36.5,1.26983E-4
21.3,1.84435E-4,1.3,1.29639E-4,36.5,2.15141E-4
21.4,1.84435E-4,1.3,2.54131E-4,36.6,4.71117E-4
21.5,1.84435E-4,1.3,4.27438E-4,36.5,5.0728E-4
21.3,1.84435E-4,1.3,5.48318E-4,36.5,6.52884E-4
21.3,1.84435E-4,1.2,7.20383E-4,36.5,8.45381E-4
21.2,1.84435E-4,1.2,0.00103,36.6,0.0011
21.3,1.84435E-4,1.2,0.00129,36.5,0.00144
21.4,1.84435E-4,1.1,0.00166,36.5,0.0018
21.3,2.41984E-4,1.1,0.00193,36.5,0.00207
21.2,2.8274E-4,1.1,0.00227,36.5,0.00245
21.2,2.8274E-4,1.1,0.00258,36.4,0.00279
21.2,2.86035E-4,1.1,0.00286,36.5,0.00309
21.2,3.29649E-4,1,0.00323,36.5,0.0033
21.1,3.62997E-4,1.1,0.00351,36.4,0.00353
21.2,3.62997E-4,1,0.0038,36.5,0.00389
21.3,4.2733E-4,1,0.00422,36.5,0.00426
21,4.36864E-4,1,0.00451,36.6,0.00454
21.1,4.36864E-4,1,0.00483,36.5,0.0049
21.1,5.32549E-4,1,0.00511,36.5,0.00516
20.9,5.32549E-4,1,0.00537,36.4,0.00562
21,6.32147E-4,0.9,0.00557,36.4,0.00607
21,7.35312E-4,0.9,0.0059,36.6,0.00647
21,7.61732E-4,0.8,0.00618,36.5,0.00675
21,7.61732E-4,0.9,0.00639,36.6,0.00713
20.9,8.7711E-4,0.8,0.00667,36.5,0.00752
20.9,0.00101,0.8,0.00687,36.5,0.00787
20.9,0.00111,0.9,0.00713,36.5,0.00833
20.9,0.00115,0.8,0.00738,36.6,0.00864
20.9,0.0012,0.8,0.00775,36.6,0.00914
20.9,0.0013,0.8,0.00814,36.5,0.00955
20.8,0.0013,0.8,0.00856,36.5,0.00982
20.8,0.00133,0.7,0.00903,36.4,0.01015
20.7,0.00134,0.7,0.00944,36.6,0.01044
21,0.00134,0.7,0.00988,36.4,0.01077
20.8,0.00134,0.7,0.01037,36.5,0.01131
20.8,0.00136,0.7,0.01087,36.5,0.01165
20.8,0.00137,0.7,0.01142,36.5,0.01204
20.9,0.00148,0.7,0.01204,36.5,0.01241
20.7,0.00148,0.7,0.01257,36.5,0.01272
20.7,0.00148,0.7,0.01314,36.4,0.01297
20.6,0.00159,0.7,0.01378,36.5,0.01335
20.6,0.00159,0.7,0.01446,36.4,0.01363
20.6,0.00161,0.7,0.01508,36.5,0.01391
20.7,0.00161,0.6,0.01595,36.5,0.01413
20.7,0.00161,0.6,0.01708,36.5,0.01441
20.7,0.00163,0.7,0.01803,36.5,0.01468
20.5,0.00163,0.7,0.01919,36.5,0.01502
20.6,0.00169,0.7,0.02019,36.5,0.01536
20.5,0.00174,0.6,0.02104,36.5,0.01554
20.5,0.00179,0.7,0.02215,36.5,0.01573
20.5,0.00187,0.6,0.02306,36.4,0.01603
20.5,0.00192,0.7,0.02419,36.4,0.01616
20.6,0.00199,0.6,0.02535,36.6,0.01629
20.5,0.00216,0.6,0.02633,36.5,0.01645
20.4,0.00219,0.6,0.02723,36.5,0.0166
20.4,0.00219,0.6,0.02774,36.5,0.01669
20.3,0.00219,0.6,0.02855,36.4,0.01685
20.4,0.00233,0.6,0.02925,36.4,0.01697
20.4,0.00241,0.6,0.03003,36.5,0.0172
20.1,0.00244,0.6,0.03078,36.4,0.01743
20.3,0.00264,0.6,0.03153,36.5,0.01753
20.3,0.00282,0.6,0.03202,36.5,0.0177
20.2,0.00316,0.6,0.03265,36.5,0.0178
20.2,0.0034,0.6,0.0333,36.5,0.018
20.3,0.00355,0.6,0.03384,36.4,0.01808
20.3,0.00372,0.7,0.03438,36.4,0.0183
20.2,0.00388,0.7,0.03487,36.5,0.01845
20.1,0.00402,0.6,0.03535,36.5,0.01864
20.2,0.00411,0.7,0.03572,36.5,0.01878
20.2,0.00413,0.7,0.03633,36.4,0.01894
20.1,0.00413,0.7,0.03705,36.5,0.01928
20,0.00419,0.7,0.03774,36.5,0.01946
20.1,0.00419,0.8,0.0385,36.5,0.01984
20.1,0.00449,0.7,0.03958,36.5,0.02012
20.1,0.00522,0.7,0.04054,36.5,0.02046
20.1,0.00591,0.8,0.04132,36.5,0.02066
20,0.00628,0.7,0.0421,36.5,0.021
20,0.00675,0.7,0.04314,36.5,0.02144
20.1,0.00729,0.8,0.0441,36.4,0.02191
20,0.00747,0.8,0.04512,36.6,0.02241
20,0.00767,0.8,0.04617,36.5,0.02298
20.1,0.00792,0.8,0.04712,36.4,0.02357
20,0.00844,0.8,0.04788,36.4,0.0239
19.9,0.0091,0.8,0.04878,36.5,0.02441
20,0.00925,0.8,0.0498,36.5,0.02478
19.9,0.00931,0.8,0.05084,36.5,0.02531
19.9,0.00948,0.8,0.05159,36.5,0.02574
19.9,0.0096,0.8,0.05247,36.4,0.02618
20.1,0.00963,0.8,0.05342,36.4,0.02673
19.9,0.0097,0.8,0.05437,36.5,0.0274
19.9,0.01003,0.8,0.05526,36.4,0.02802
19.9,0.0102,0.8,0.05624,36.4,0.02865
20,0.01032,0.8,0.05733,36.4,0.02916
19.8,0.0104,0.7,0.05833,36.4,0.02977
20,0.01075,0.8,0.05937,36.4,0.03049
19.9,0.0111,0.8,0.06037,36.6,0.03113
19.8,0.01153,0.8,0.0611,36.5,0.03165
19.9,0.01206,0.8,0.06179,36.4,0.03226
19.9,0.01233,0.8,0.06249,36.4,0.03289
19.8,0.01273,0.8,0.06328,36.5,0.0337
19.8,0.01273,0.8,0.06402,36.4,0.0346
19.7,0.0129,0.8,0.06457,36.4,0.0356
19.7,0.01308,0.8,0.0653,36.4,0.03653
19.8,0.01342,0.9,0.06583,36.4,0.0375
19.7,0.01364,0.8,0.06624,36.4,0.03825
19.8,0.01391,0.8,0.06669,36.4,0.03914
19.8,0.01429,0.8,0.06707,36.4,0.04008
19.8,0.01467,0.8,0.06761,36.4,0.04099
19.8,0.01501,0.8,0.06791,36.4,0.04227
19.8,0.0154,0.8,0.06822,36.5,0.04367
19.7,0.0158,0.8,0.06844,36.4,0.04462
19.7,0.01649,0.9,0.06879,36.5,0.04572
19.9,0.0166,0.8,0.06911,36.4,0.04677
19.7,0.01693,0.9,0.06945,36.5,0.04779
19.8,0.01708,0.9,0.06981,36.4,0.04893
19.8,0.01722,0.9,0.07014,36.4,0.05028
19.6,0.01753,1,0.07048,36.4,0.05165
19.8,0.01757,0.9,0.07084,36.4,0.0528
19.6,0.01761,0.9,0.07116,36.4,0.05412
19.7,0.01766,1,0.07152,36.4,0.05523
19.7,0.01767,1,0.07183,36.4,0.05662
19.7,0.01778,0.9,0.07211,36.4,0.05829
19.6,0.01778,1,0.07252,36.3,0.05963
19.7,0.01786,1,0.07282,36.4,0.06081
19.6,0.01819,0.9,0.073,36.4,0.06188
19.6,0.01829,0.9,0.07311,36.5,0.06282
19.6,0.01865,1,0.07322,36.5,0.06388
19.6,0.01879,1,0.07336,36.5,0.065
19.6,0.01886,0.9,0.07358,36.4,0.06583
19.8,0.019,1,0.07374,36.4,0.06683
19.6,0.01926,1,0.07388,36.4,0.06776
19.5,0.01964,0.9,0.07402,36.4,0.06883
19.5,0.01974,1,0.07419,36.4,0.06975
19.6,0.02002,1,0.07428,36.5,0.07059
19.5,0.0203,1,0.0744,36.4,0.07127
19.6,0.02045,0.9,0.0745,36.4,0.07197
19.6,0.02102,0.9,0.07466,36.4,0.0727
19.6,0.02145,1,0.07483,36.3,0.07346
19.5,0.022,1,0.07506,36.5,0.07409
19.6,0.02225,1,0.07528,36.5,0.07462
19.5,0.02251,1,0.07548,36.4,0.07518
19.5,0.02306,1,0.07584,36.5,0.0759
19.6,0.02347,1,0.07609,36.5,0.07667
19.6,0.02394,1,0.07626,36.4,0.07742
19.5,0.02426,1,0.07652,36.4,0.07825
19.6,0.02484,1,0.07672,36.4,0.07895
19.5,0.02502,1,0.07701,36.4,0.07969
19.6,0.02586,0.9,0.07713,36.4,0.08048
19.4,0.02595,1,0.07732,36.4,0.08112
19.5,0.02661,1,0.07749,36.4,0.08178
19.6,0.02697,0.9,0.07763,36.4,0.08244
19.5,0.02709,0.9,0.07777,36.4,0.08308
19.4,0.02727,1,0.07802,36.4,0.08381
19.4,0.02744,0.9,0.07812,36.4,0.08444
19.5,0.02766,0.9,0.07821,36.4,0.08506
19.6,0.02798,0.9,0.07836,36.3,0.08571
19.4,0.02847,1,0.07844,36.4,0.08637
19.4,0.02878,0.9,0.07849,36.5,0.08682
19.4,0.02959,1.1,0.07853,36.4,0.08732
19.5,0.02979,0.8,0.07858,36.3,0.08793
19.4,0.03031,0.9,0.07861,36.4,0.08861
19.5,0.03072,1,0.07873,36.4,0.08918
19.5,0.03102,1,0.07879,36.4,0.08972
19.5,0.03136,0.9,0.07891,36.4,0.09029
19.5,0.03229,0.9,0.079,36.3,0.09067
19.4,0.0329,0.9,0.07909,36.4,0.09114
19.4,0.03359,0.9,0.07915,36.3,0.09141
19.4,0.03441,0.9,0.07926,36.3,0.0919
19.5,0.03506,0.9,0.07945,36.4,0.09238
19.3,0.03544,0.9,0.07963,36.3,0.09281
19.3,0.0357,0.9,0.07973,36.3,0.09323
19.4,0.0359,0.9,0.07979,36.3,0.0939
19.5,0.03634,0.9,0.07985,36.4,0.09447
19.4,0.03679,0.9,0.07997,36.3,0.09514
19.3,0.03773,1,0.08013,36.4,0.09579
19.5,0.03857,0.9,0.08025,36.3,0.09653
19.3,0.03951,0.9,0.08034,36.3,0.0971
19.4,0.03999,0.9,0.08047,36.3,0.09779
19.4,0.03999,0.9,0.0806,36.3,0.09859
19.4,0.04057,1,0.08066,36.2,0.09925
19.4,0.04119,0.9,0.0808,36.4,0.09984
19.4,0.04161,1,0.08094,36.3,0.10016
19.4,0.04198,0.9,0.08107,36.3,0.10053
19.4,0.04205,0.9,0.08124,36.2,0.10126
19.4,0.0425,0.9,0.08154,36.2,0.10222
19.4,0.04264,0.9,0.08182,36.2,0.10292
19.4,0.04323,0.9,0.08209,36.3,0.10371
19.4,0.04356,0.9,0.08235,36.3,0.10412
19.3,0.04373,0.9,0.08263,36.2,0.1047
19.4,0.04384,1,0.08301,36.2,0.10528
19.3,0.04399,0.9,0.08334,36.2,0.10585
19.3,0.04423,0.9,0.08382,36.1,0.10629
19.3,0.04517,0.9,0.08437,36.2,0.1067
19.3,0.04529,1,0.08499,36.2,0.10716
19.3,0.04532,0.9,0.08561,36.2,0.10767
19.2,0.04539,1,0.08623,36.2,0.10796
19.3,0.04548,0.9,0.08683,36.2,0.10843
19.2,0.04555,1,0.08741,36.1,0.10901
19.2,0.04602,1,0.08821,36.2,0.10976
19.3,0.04607,1,0.08893,36.1,0.11003
19.4,0.04624,1,0.08957,36.1,0.11024
19.3,0.04638,1,0.08997,36.1,0.11034
19.2,0.04657,1,0.09041,36.1,0.11038
19.3,0.04662,1,0.09071,36.1,0.11038
19.3,0.04685,1,0.09101,36,0.11038
19.2,0.04709,1,0.09126,36.1,0.11038
19.4,0.04736,1,0.09149,36,0.11038
19.2,0.0479,1,0.09176,36,0.1104
19.3,0.04853,1,0.09189,36,0.1104
19.2,0.04917,1.1,0.09196,36,0.1104
19.3,0.04928,1.1,0.09199,36,0.1104
19.3,0.04938,1,0.09202,36,0.1104
19.1,0.04938,1,0.09202,36,0.1104
19.3,0.04938,1,0.09202,35.9,0.1104
19.2,0.04938,1.1,0.09202,36,0.1104
19.2,0.04938,1.1,0.09202,36,0.1104
19.2,0.04942,1,0.09205,36,0.1104
19.3,0.04942,0.9,0.09207,35.8,0.1104
19.3,0.04942,1.1,0.09211,35.8,0.1104
19.2,0.04942,1,0.09214,35.9,0.1104
19.3,0.04942,1.1,0.09223,35.8,0.1104
19.2,0.04942,1.1,0.0923,35.9,0.1104
19.2,0.04942,1,0.09236,35.9,0.1104
19.3,0.04942,1,0.0924,35.9,0.1104
19.2,0.04942,1,0.09245,35.7,0.1104
19.2,0.04942,1,0.09248,35.8,0.1104
19.2,0.04942,1.1,0.09248,35.8,0.1104
19.1,0.04942,1.1,0.09252,35.8,0.1104
19.2,0.04953,1.1,0.09252,35.7,0.1104
19.2,0.0506,1,0.0927,35.6,0.1104
19.1,0.05263,1,0.0931,35.7,0.1104
19.3,0.05497,1.1,0.0937,35.7,0.1104
19.1,0.0568,1.1,0.09408,35.6,0.1104
19.1,0.05884,1,0.09444,35.6,0.1104
19.2,0.06134,1,0.09479,35.7,0.1104
19,0.06312,1,0.09506,35.7,0.1104
19.2,0.0642,1,0.09538,35.6,0.1104
19.1,0.06535,1.1,0.09574,35.6,0.1104
19,0.06732,1.1,0.09619,35.6,0.1104
19.2,0.06908,1.1,0.09642,35.6,0.1104
19.2,0.07024,1,0.0968,35.6,0.1104
19.1,0.07182,1,0.09709,35.5,0.1104
19.1,0.07271,1,0.09723,35.5,0.1104
19.1,0.07382,1.1,0.09752,35.4,0.1104
19.1,0.07444,0.9,0.09758,35.5,0.1104
19.2,0.07527,1,0.09783,35.4,0.1104
19.2,0.076,1,0.09794,35.4,0.1104
19.2,0.07675,1.1,0.09839,35.4,0.1104
19.2,0.07726,1,0.09881,35.3,0.1104
19.1,0.07801,1.1,0.09904,35.3,0.1104
19.1,0.07925,1,0.09924,35.4,0.1104
19.2,0.08035,1,0.09943,35.2,0.1104
19.2,0.08093,0.9,0.09961,35.3,0.1104
19.2,0.08237,0.9,0.09997,35.3,0.1104
19.1,0.08401,1,0.10023,35.2,0.1104
19.1,0.08631,0.9,0.10061,35.1,0.1104
19,0.09001,1,0.10111,35.2,0.1104
19.1,0.09338,1,0.10148,35.1,0.1104
19.1,0.09612,1,0.10202,35.2,0.1104
19.2,0.09853,1,0.10239,35.1,0.1104
19.1,0.10231,0.9,0.10268,35,0.1104
19,0.10574,1,0.1031,35,0.1104
19,0.1092,0.9,0.10357,35,0.1104
19.1,0.11199,1,0.10407,35,0.1104
19.1,0.11463,0.9,0.1045,34.9,0.1104
19.1,0.11698,0.9,0.10496,35,0.1104
19,0.11904,0.9,0.1055,34.9,0.1104
19,0.12175,1,0.10625,34.8,0.1104
19.2,0.12464,0.8,0.10695,34.8,0.1104
19.1,0.12758,0.9,0.10767,34.9,0.1104
19.1,0.13016,0.9,0.10825,34.8,0.1104
19.1,0.13231,0.8,0.10894,34.8,0.1104
19.2,0.13389,0.9,0.10951,34.8,0.1104
19.1,0.13515,0.9,0.11002,34.8,0.1104
19.1,0.13736,0.8,0.11039,34.8,0.1104
18.9,0.14039,0.7,0.11079,34.8,0.1104
19.2,0.14311,0.8,0.11109,34.7,0.1104
19.1,0.14624,0.7,0.11132,34.6,0.1104
19,0.15018,0.7,0.11154,34.6,0.1104
19,0.1538,0.7,0.11173,34.6,0.1104
19.1,0.15715,0.7,0.11192,34.7,0.1104
19,0.15983,0.6,0.11214,34.5,0.1104
19,0.16185,0.7,0.11239,34.5,0.1104
19,0.16364,0.7,0.11268,34.4,0.1104
19.1,0.16535,0.7,0.11296,34.4,0.1104
18.9,0.1679,0.6,0.11332,34.5,0.1104
19,0.16955,0.6,0.11357,34.4,0.1104
19,0.17111,0.6,0.11391,34.4,0.1104
19,0.17288,0.6,0.11417,34.3,0.1104
18.9,0.1745,0.6,0.11454,34.3,0.1104
19,0.17632,0.6,0.11495,34.3,0.1104
19,0.17809,0.6,0.11533,34.2,0.1104
19,0.18036,0.6,0.11591,34.3,0.1104
19,0.18253,0.6,0.11621,34.2,0.1104
19,0.18534,0.6,0.11652,34.2,0.1104
19,0.18759,0.6,0.11677,34.2,0.1104
19.1,0.19024,0.6,0.11696,34.1,0.1104
19,0.19259,0.6,0.11722,34.1,0.1104
19,0.19536,0.6,0.11751,34,0.1104
18.9,0.19763,0.6,0.1178,34,0.1104
18.9,0.19917,0.6,0.11791,34,0.1104
18.9,0.20178,0.6,0.11808,34,0.1104
18.9,0.20393,0.5,0.11827,33.9,0.1104
18.9,0.20571,0.5,0.11845,33.9,0.1104
19,0.20757,0.5,0.11858,33.8,0.1104
18.9,0.20959,0.5,0.11874,33.8,0.1104
18.9,0.21211,0.5,0.11892,33.8,0.1104
18.9,0.21553,0.5,0.11923,33.7,0.1104
18.9,0.21949,0.5,0.11952,33.7,0.1104
18.9,0.2215,0.5,0.11975,33.6,0.1104
18.8,0.22429,0.5,0.12003,33.6,0.1104
18.8,0.22682,0.4,0.12029,33.6,0.1104
19,0.22945,0.4,0.12061,33.6,0.1104
19,0.22991,0.4,0.12089,33.6,0.1104
18.9,0.23437,0.4,0.12115,33.5,0.1104
18.8,0.23817,0.4,0.12142,33.5,0.1104
18.8,0.24087,0.4,0.1217,33.4,0.1104
18.9,0.24289,0.4,0.12194,33.4,0.1104
18.8,0.24521,0.4,0.12215,33.4,0.1104
18.8,0.2475,0.4,0.12241,33.3,0.1104
18.8,0.24825,0.4,0.12263,33.3,0.1104
18.9,0.24926,0.4,0.12279,33.3,0.1104
18.8,0.25013,0.3,0.12291,33.2,0.1104
18.7,0.25091,0.3,0.1231,33.2,0.1104
18.8,0.25117,0.4,0.12328,33.2,0.1104
18.8,0.25154,0.3,0.12343,33.2,0.1104
18.8,0.25211,0.3,0.12356,33.2,0.1104
18.8,0.25251,0.3,0.12366,33.2,0.1104
18.7,0.25305,0.3,0.12383,33,0.1104
18.8,0.25333,0.3,0.12392,33.1,0.1104
18.8,0.25354,0.3,0.12398,33,0.1104
18.8,0.25363,0.3,0.12402,33,0.1104
18.7,0.25374,0.3,0.12402,32.9,0.1104
18.7,0.25392,0.3,0.12404,32.9,0.1104
18.8,0.25392,0.3,0.12407,32.8,0.1104
18.8,0.25466,0.3,0.1241,32.9,0.1104
18.7,0.25494,0.3,0.12411,32.8,0.1104
18.8,0.25564,0.3,0.12412,32.7,0.1104
18.6,0.25665,0.3,0.12412,32.7,0.1104
18.7,0.25764,0.2,0.12413,32.7,0.1104
18.7,0.25884,0.2,0.12414,32.7,0.1104
18.7,0.26135,0.2,0.12414,32.6,0.1104
18.8,0.26325,0.2,0.12415,32.6,0.1104
18.7,0.26606,0.2,0.12421,32.5,0.1104
18.6,0.26816,0.2,0.12422,32.6,0.1104
18.8,0.27023,0.2,0.12425,32.5,0.1104
18.6,0.27137,0.2,0.12425,32.4,0.1104
18.49,0.27174,0.2,0.12426,32.3,0.1104
18.49,0.27306,0.2,0.12426,32.4,0.1104
18.7,0.27311,0.2,0.12427,32.3,0.1104
18.49,0.27509,0.2,0.1243,32.3,0.1104
18.49,0.27657,0.2,0.12438,32.2,0.1104
18.6,0.27772,0.2,0.12441,32.3,0.1104
18.49,0.27916,0.2,0.12448,32.3,0.1104
18.49,0.28141,0.2,0.12457,32.1,0.1104
18.49,0.28379,0.2,0.12462,32,0.1104
18.6,0.28508,0.2,0.12463,32.1,0.1104
18.6,0.28708,0.2,0.12477,32,0.1104
18.49,0.28883,0.2,0.125,31.9,0.1104
18.6,0.29156,0.2,0.12515,31.9,0.1104
18.49,0.29487,0.2,0.12564,31.9,0.1104
18.7,0.29824,0.2,0.12616,31.9,0.1104
18.6,0.30112,0.2,0.12665,31.8,0.1104
18.4,0.30308,0.2,0.12711,31.8,0.1104
18.49,0.30583,0.2,0.12771,31.8,0.1104
18.49,0.30785,0.2,0.12842,31.8,0.1104
18.49,0.31026,0.2,0.12928,31.7,0.1104
18.49,0.31273,0.2,0.1302,31.7,0.1104
18.4,0.31452,0.2,0.13093,31.7,0.1104
18.49,0.31652,0.2,0.13168,31.7,0.1104
18.49,0.31839,0.2,0.13229,31.6,0.1104
18.3,0.32046,0.2,0.13317,31.6,0.1104
18.4,0.3224,0.2,0.13381,31.4,0.1104
18.4,0.32458,0.2,0.13456,31.5,0.1104
18.4,0.32675,0.1,0.13501,31.5,0.11042
18.3,0.32871,0.1,0.13575,31.4,0.11042
18.4,0.33133,0.1,0.13649,31.3,0.11042
18.3,0.33331,0.1,0.13712,31.3,0.11042
18.3,0.33581,0.1,0.13813,31.2,0.11042
18.4,0.33793,0.1,0.13894,31.3,0.11042
18.3,0.33947,0.1,0.1397,31.2,0.11042
18.4,0.34108,0.1,0.14048,31.2,0.11042
18.3,0.34277,0.1,0.14112,31.1,0.11042
18.3,0.345,0.1,0.14184,31,0.11042
18.3,0.34709,0.1,0.14261,31.2,0.11042
18.3,0.3487,0.1,0.14325,31.1,0.11042
18.2,0.35129,0.1,0.14427,31.1,0.11042
18.1,0.35394,0.1,0.14532,31,0.11042
18.2,0.35662,0.1,0.14657,30.9,0.11042
18.3,0.3596,0.1,0.14751,30.8,0.11042
18.2,0.36155,0.1,0.14823,30.9,0.11042
18.2,0.36385,0.1,0.14873,30.8,0.11042
18.2,0.36593,0.1,0.14933,30.8,0.11042
18.1,0.36884,0.1,0.15003,30.7,0.11042
18.1,0.37154,0.1,0.15091,30.7,0.11042
18.1,0.3737,0.1,0.1514,30.7,0.11042
18.1,0.37652,0.1,0.15183,30.6,0.11042
18.1,0.37946,0.1,0.15231,30.6,0.11042
18.1,0.38292,0.1,0.15262,30.6,0.11042
18.1,0.38645,0.1,0.15324,30.5,0.11042
18,0.38937,0.1,0.15344,30.5,0.11042
18.2,0.39209,0.1,0.15366,30.5,0.11042
18,0.39529,0.1,0.15388,30.4,0.11042
18.1,0.39894,0.1,0.15426,30.4,0.11042
18.1,0.40219,0.1,0.15439,30.4,0.11042
18,0.4065,0.1,0.15467,30.4,0.11042
18,0.41001,0.1,0.15494,30.2,0.11042
18,0.41421,0.1,0.15531,30.3,0.11042
18.1,0.4178,0.1,0.15541,30.1,0.11042
18,0.42172,0.1,0.1556,30.1,0.11042
18,0.42593,0.1,0.15579,30.2,0.11042
18.1,0.42794,0.1,0.15584,30.1,0.11042
18,0.431,0.1,0.15592,30.2,0.11042
18,0.43297,0.1,0.15595,30.1,0.11042
18,0.43481,0.1,0.15601,30,0.11042
18,0.43636,0.1,0.1561,29.9,0.11042
17.9,0.43879,0.1,0.15616,29.9,0.11042
17.9,0.4413,0.1,0.15625,29.9,0.11042
18,0.44416,0.1,0.15634,29.8,0.11042
18,0.44728,0.1,0.15654,29.8,0.11042
18,0.44931,0.1,0.15669,29.8,0.11042
17.9,0.45113,0.1,0.15679,29.7,0.11042
17.8,0.45326,0.1,0.15689,29.7,0.11042
17.8,0.45531,0.1,0.15699,29.7,0.11042
18,0.45678,0.1,0.15708,29.7,0.11042
18,0.45805,0.1,0.15719,29.6,0.11042
17.9,0.45959,0.1,0.15726,29.5,0.11042
17.9,0.46175,0.1,0.15738,29.5,0.11042
17.8,0.46417,0.1,0.15758,29.4,0.11042
17.9,0.4665,0.1,0.15774,29.4,0.11042
17.9,0.46853,0.1,0.15789,29.3,0.11042
17.9,0.47016,0.1,0.15811,29.3,0.11042
17.8,0.47226,0.1,0.1583,29.3,0.11042
17.9,0.47379,0.1,0.15848,29.3,0.11042
17.8,0.47532,0.1,0.15862,29.3,0.11042
17.8,0.47704,0.1,0.15879,29.2,0.11042
17.9,0.47915,0.1,0.15899,29.2,0.11042
17.8,0.48104,0.1,0.15918,29.2,0.11042
17.9,0.48318,0.1,0.15941,29.1,0.11042
17.9,0.48489,0.1,0.15965,29.1,0.11042
17.8,0.4868,0.1,0.15987,29.1,0.11042
17.8,0.48907,0.1,0.16008,29.1,0.11042
17.7,0.49152,0.1,0.16026,29,0.11042
17.8,0.49406,0.1,0.16053,29,0.11042
17.8,0.49597,0.1,0.16073,29,0.11042
17.6,0.49727,0.1,0.16097,28.9,0.11042
17.7,0.49874,0.1,0.16113,28.9,0.11042
17.7,0.50157,0.1,0.16131,28.9,0.11042
17.7,0.50432,0.1,0.16161,28.9,0.11042
17.7,0.50653,0.1,0.16178,28.8,0.11042
17.7,0.50884,0.1,0.16194,28.8,0.11042
17.6,0.51065,0.1,0.16211,28.8,0.11042
17.6,0.51196,0.1,0.16217,28.7,0.11042
17.6,0.51328,0.1,0.1623,28.6,0.11042
17.7,0.51552,0.1,0.16238,28.5,0.11042
17.6,0.51636,0.1,0.16249,28.6,0.11042
17.5,0.51772,0.1,0.16259,28.5,0.11042
17.6,0.52013,0.1,0.16265,28.5,0.11042
17.5,0.52237,0.1,0.16272,28.5,0.11042
17.6,0.52454,0.1,0.16282,28.4,0.11042
17.6,0.52598,0.1,0.16291,28.3,0.11042
17.6,0.52799,0.1,0.16302,28.4,0.11042
17.6,0.52973,0.1,0.16313,28.3,0.11042
17.6,0.53183,0.1,0.16317,28.2,0.11042
17.5,0.53394,0.1,0.16323,28.3,0.11042
17.4,0.53653,0.1,0.16335,28.2,0.11042
17.4,0.53923,0.1,0.16347,28.2,0.11042
17.3,0.54123,0.1,0.16356,28.1,0.11042
17.4,0.54267,0.1,0.16362,28.1,0.11042
17.4,0.5445,0.1,0.16374,28,0.11042
17.4,0.54563,0.1,0.1639,28,0.11042
17.5,0.5488,0.1,0.16422,28,0.11042
17.3,0.55112,0.1,0.1643,27.9,0.11042
17.3,0.55416,0.1,0.1644,28,0.11042
17.4,0.55638,0.1,0.16448,27.9,0.11042
17.4,0.55887,0.1,0.16457,27.8,0.11042
17.3,0.56122,0.1,0.1646,27.8,0.11042
17.3,0.5637,0.1,0.16471,27.8,0.11042
17.4,0.56636,0.1,0.16489,27.7,0.11042
17.3,0.56899,0.1,0.16503,27.7,0.11042
17.3,0.57223,0.1,0.16517,27.7,0.11042
17.3,0.57582,0.1,0.16534,27.6,0.11042
17.3,0.57833,0.1,0.16556,27.6,0.11042
17.4,0.58019,0.1,0.16569,27.6,0.11042
17.3,0.58288,0.1,0.16586,27.5,0.11042
17.1,0.58601,0.1,0.16599,27.5,0.11042
17.3,0.58978,0.1,0.16616,27.5,0.11042
17.3,0.59158,0.1,0.16627,27.4,0.11042
17.3,0.59241,0.1,0.1663,27.4,0.11042
17.1,0.59446,0.1,0.16647,27.3,0.11042
17.3,0.59731,0.1,0.16678,27.3,0.11042
17.2,0.59994,0.1,0.16704,27.3,0.11042
17.2,0.60129,0.1,0.16716,27.3,0.11042
17.2,0.60393,0.1,0.16741,27.2,0.11042
17.1,0.60672,0.1,0.16753,27.2,0.11042
17.2,0.61083,0.1,0.16762,27.1,0.11042
17.2,0.61373,0.1,0.16764,27.1,0.11042
17.2,0.61591,0.1,0.16778,27.1,0.11042
17.1,0.61939,0.1,0.16799,27.1,0.11042
17,0.62061,0.1,0.16803,27,0.11042
17.1,0.62126,0.1,0.16814,26.9,0.11042
17,0.6237,0.1,0.16826,26.9,0.11042
17,0.62576,0.1,0.1685,26.9,0.11042
17,0.62684,0.1,0.16867,26.9,0.11042
17.1,0.62747,0.1,0.16878,26.8,0.11042
17,0.6296,0.1,0.16897,26.8,0.11042
17.1,0.63202,0.1,0.1695,26.7,0.11042
17.1,0.63346,0.1,0.16974,26.8,0.11042
17,0.63489,0.1,0.16995,26.7,0.11042
16.9,0.63622,0.1,0.17008,26.7,0.11042
17,0.63773,0.1,0.17031,26.6,0.11042
17,0.63876,0.1,0.17057,26.6,0.11042
17,0.64056,0.1,0.17066,26.6,0.11042
17,0.6429,0.1,0.17088,26.6,0.11042
16.9,0.64519,0.1,0.17108,26.5,0.11042
16.8,0.64892,0.1,0.17149,26.5,0.11042
16.9,0.65202,0.1,0.17184,26.5,0.11042
17,0.65379,0.1,0.17191,26.4,0.11042
17,0.65522,0.1,0.17219,26.3,0.11042
16.9,0.65645,0.1,0.17239,26.3,0.11042
17,0.65802,0.1,0.17254,26.3,0.11042
17,0.66116,0.1,0.17285,26.2,0.11042
16.8,0.66377,0.1,0.1731,26.2,0.11042
16.8,0.66696,0.1,0.17333,26.2,0.11042
16.9,0.66843,0.1,0.17336,26.2,0.11042
16.9,0.67125,0.1,0.17337,26.1,0.11042
16.9,0.67327,0.1,0.17337,26.1,0.11042
16.8,0.67463,0.1,0.17337,26,0.11042
16.8,0.67661,0.1,0.17343,26,0.11042
16.8,0.67816,0.1,0.17354,26,0.11042
16.8,0.68006,0.1,0.1736,25.9,0.11042
16.8,0.68263,0.1,0.1736,25.9,0.11042
16.8,0.68513,0.1,0.17366,25.8,0.11042
16.8,0.68677,0.1,0.17374,25.8,0.11042
16.9,0.68803,0.1,0.17383,25.8,0.11042
16.8,0.68933,0.1,0.17392,25.8,0.11042
16.7,0.69005,0.1,0.17431,25.7,0.11042
16.8,0.69106,0.1,0.17487,25.7,0.11042
16.6,0.6921,0.1,0.17543,25.6,0.11042
16.7,0.69321,0.1,0.1758,25.6,0.11042
16.7,0.69464,0.1,0.17624,25.6,0.11042
16.7,0.69593,0.1,0.17649,25.6,0.11042
16.8,0.69702,0.1,0.17678,25.5,0.11042
16.7,0.69807,0.1,0.17709,25.5,0.11042
16.7,0.69905,0.1,0.1774,25.5,0.11042
16.6,0.70048,0.1,0.17778,25.4,0.11042
16.7,0.7019,0.1,0.17849,25.4,0.11042
16.7,0.70305,0.1,0.17896,25.3,0.11042
16.6,0.70392,0.1,0.17937,25.3,0.11042
16.6,0.70538,0.1,0.17991,25.3,0.11042
16.6,0.7062,0.1,0.18025,25.3,0.11042
16.6,0.70727,0.1,0.18058,25.2,0.11042
16.6,0.70814,0.1,0.18081,25.2,0.11042
16.6,0.71023,0.1,0.181,25.1,0.11042
16.5,0.71174,0.1,0.18119,25.1,0.11042
16.6,0.71261,0.1,0.18154,25,0.11042
16.5,0.71289,0.1,0.18195,25,0.11042
16.6,0.714,0.1,0.18236,25,0.11042
16.6,0.71495,0.1,0.18298,25,0.11042
16.5,0.71565,0.1,0.18351,24.9,0.11042
16.5,0.71595,0.1,0.18441,24.9,0.11042
16.6,0.71603,0.1,0.18522,24.9,0.11042
16.4,0.71643,0.1,0.18632,24.8,0.11042
16.4,0.71681,0.1,0.18724,24.8,0.11042
16.5,0.71714,0.1,0.18786,24.8,0.11042
16.4,0.71725,0.1,0.18851,24.7,0.11042
16.5,0.71781,0.1,0.18924,24.7,0.11042
16.5,0.71849,0.1,0.19017,24.7,0.11042
16.4,0.71861,0.1,0.1911,24.6,0.11042
16.4,0.71861,0.1,0.19195,24.6,0.11042
16.3,0.71868,0.1,0.19282,24.6,0.11042
16.3,0.71877,0.1,0.19367,24.5,0.11042
16.4,0.71882,0.1,0.19442,24.5,0.11042
16.5,0.71888,0.1,0.19529,24.5,0.11042
16.4,0.71906,0.1,0.1962,24.4,0.11042
16.1,0.71908,0.1,0.19732,24.3,0.11042
16.4,0.7193,0.1,0.19851,24.3,0.11042
16.5,0.71966,0.1,0.19952,24.3,0.11042
16.3,0.71981,0.1,0.20081,24.3,0.11042
16.4,0.71984,0.1,0.20192,24.2,0.11042
16.3,0.71984,0.1,0.20303,24.2,0.11042
16.3,0.71984,0.1,0.20445,24.1,0.11042
16.3,0.71987,0.1,0.20594,24.1,0.11042
16.3,0.72006,0.1,0.20739,24.1,0.11042
16.3,0.7201,0.1,0.20878,24.1,0.11042
16.2,0.72014,0.1,0.21041,24,0.11042
16.2,0.72018,0.1,0.21196,24,0.11042
16.2,0.72033,0.1,0.21378,23.9,0.11042
16.2,0.72045,0.1,0.21561,23.9,0.11042
16.2,0.72045,0.1,0.2171,23.9,0.11042
16.2,0.72067,0.1,0.21867,23.8,0.11042
16.2,0.72101,0.1,0.21968,23.8,0.11042
16.2,0.7219,0.1,0.22158,23.8,0.11042
16.2,0.72228,0.1,0.22326,23.8,0.11042
16.1,0.72247,0.1,0.22466,23.7,0.11042
16.3,0.72275,0.1,0.22608,23.7,0.11042
16.2,0.72275,0.1,0.22755,23.6,0.11042
16.2,0.72276,0.1,0.22899,23.6,0.11042
16.1,0.72297,0.1,0.23064,23.6,0.11042
16.2,0.72311,0.1,0.23179,23.5,0.11042
16.1,0.72366,0.1,0.23316,23.5,0.11042
16.2,0.72442,0.1,0.23434,23.5,0.11042
16,0.72477,0.1,0.23539,23.5,0.11042
16.1,0.72508,0.1,0.23638,23.4,0.11042
16.1,0.72516,0.1,0.2373,23.4,0.11042
16.1,0.72562,0.1,0.23811,23.3,0.11042
16.1,0.72576,0.1,0.23891,23.3,0.11042
16.1,0.72633,0.1,0.23989,23.2,0.11042
16.1,0.7265,0.1,0.24097,23.2,0.11042
16,0.727,0.1,0.24216,23.2,0.11042
16,0.72713,0.1,0.2433,23.1,0.11042
15.9,0.72759,0.1,0.24442,23.1,0.11042
15.9,0.72759,0.1,0.24564,23,0.11042
15.9,0.72764,0.1,0.24684,23,0.11042
16,0.72791,0.1,0.2481,23,0.11042
15.9,0.72843,0.1,0.24934,23,0.11042
16,0.72848,0.1,0.25034,23,0.11042
15.9,0.72868,0.1,0.25133,22.9,0.11042
15.9,0.72886,0.1,0.25259,22.9,0.11042
15.8,0.72906,0.1,0.25359,22.9,0.11042
15.9,0.72944,0.1,0.25473,22.8,0.11042
15.9,0.72955,0.1,0.25582,22.8,0.11042
15.9,0.72962,0.1,0.25699,22.7,0.11042
15.9,0.72996,0.1,0.25816,22.7,0.11042
15.9,0.73008,0.1,0.25917,22.7,0.11042
15.9,0.73019,0.1,0.25999,22.6,0.11042
15.9,0.73069,0.1,0.26088,22.6,0.11042
15.9,0.73081,0.1,0.26179,22.5,0.11042
15.9,0.73127,0.1,0.26257,22.5,0.11042
15.9,0.73218,0.1,0.26365,22.5,0.11042
15.9,0.73307,0.1,0.26445,22.4,0.11042
15.7,0.73455,0.1,0.2652,22.4,0.11042
15.7,0.7361,0.1,0.26592,22.4,0.11042
15.8,0.7366,0.1,0.26647,22.4,0.11042
15.8,0.73702,0.1,0.26691,22.3,0.11042
15.7,0.73751,0.1,0.26759,22.3,0.11042
15.8,0.73841,0.1,0.26833,22.3,0.11042
15.7,0.73948,0.1,0.26907,22.3,0.11042
15.8,0.74078,0.1,0.2698,22.3,0.11042
15.7,0.74148,0.1,0.27034,22.1,0.11042
15.7,0.7423,0.1,0.27086,22.1,0.11042
15.8,0.74321,0.1,0.27148,22.1,0.11042
15.7,0.74436,0.1,0.27247,22.1,0.11042
15.7,0.74531,0.1,0.27324,22,0.11042
15.6,0.74589,0.1,0.27404,22,0.11042
15.6,0.74624,0.1,0.27488,22,0.11042
15.6,0.74645,0.1,0.2758,21.9,0.11042
15.6,0.74716,0.1,0.27685,21.9,0.11042
15.6,0.74742,0.1,0.27795,21.9,0.11042
15.8,0.74786,0.1,0.27913,21.8,0.11042
15.6,0.74915,0.1,0.2806,21.8,0.11042
15.6,0.74963,0.1,0.28171,21.8,0.11042
15.7,0.75049,0.1,0.2828,21.7,0.11042
15.6,0.75139,0.1,0.28385,21.7,0.11042
15.6,0.75214,0.1,0.28483,21.7,0.11042
15.6,0.75315,0.1,0.28581,21.7,0.11042
15.5,0.7544,0.1,0.28685,21.6,0.11042
15.5,0.75553,0.1,0.28767,21.6,0.11042
15.5,0.75674,0.1,0.28862,21.5,0.11042
15.6,0.75805,0.1,0.28954,21.5,0.11042
15.5,0.75923,0.1,0.29033,21.5,0.11042
15.5,0.76037,0.1,0.29121,21.4,0.11042
15.5,0.76158,0.1,0.29226,21.4,0.11042
15.39,0.76271,0.1,0.29318,21.3,0.11042
15.5,0.7643,0.1,0.29409,21.3,0.11042
15.5,0.76536,0.1,0.29507,21.3,0.11042
15.5,0.76653,0.1,0.29615,21.3,0.11042
15.39,0.76769,0.1,0.29694,21.2,0.11042
15.39,0.76848,0.1,0.29765,21.2,0.11042
15.39,0.76921,0.1,0.29827,21.1,0.11042
15.5,0.76991,0.1,0.29877,21.1,0.11042
15.39,0.7703,0.1,0.29935,21.1,0.11042
15.39,0.77061,0.1,0.29987,21.1,0.11042
15.39,0.77169,0.1,0.30022,21.1,0.11042
15.39,0.7722,0.1,0.30047,21.1,0.11042
15.39,0.77265,0.1,0.30066,21,0.11042
15.3,0.77535,0.1,0.30096,20.9,0.11042
15.39,0.77719,0.1,0.30138,20.9,0.11042
15.3,0.7801,0.1,0.30174,20.9,0.11042
15.3,0.7816,0.1,0.30231,20.9,0.11042
15.39,0.78286,0.1,0.3028,20.8,0.11042
15.3,0.78421,0.1,0.30342,20.8,0.11044
15.3,0.78505,0.1,0.30402,20.7,0.11044
15.39,0.78627,0.1,0.30485,20.7,0.11044
15.3,0.78753,0.1,0.30566,20.7,0.11044
15.3,0.78873,0.1,0.30655,20.6,0.11044
15.3,0.79007,0.1,0.30717,20.7,0.11044
15.2,0.79147,0.1,0.30783,20.6,0.11044
15.2,0.79226,0.1,0.30836,20.6,0.11044
15.3,0.79357,0.1,0.30915,20.5,0.11044
15.2,0.79482,0.1,0.30991,20.5,0.11045
15.2,0.79603,0.1,0.31069,20.5,0.11047
15.1,0.79697,0.1,0.31144,20.5,0.11054
15.2,0.79833,0.1,0.31235,20.4,0.11054
15.2,0.79909,0.1,0.31323,20.4,0.11058
15.2,0.79952,0.1,0.31394,20.4,0.11064
15.1,0.79991,0.1,0.31472,20.4,0.11068
15.2,0.79999,0.1,0.31552,20.3,0.11075
15.1,0.79999,0.1,0.31606,20.3,0.11079
15.2,0.80003,0.1,0.31688,20.3,0.11088
15.1,0.80003,0.1,0.31774,20.2,0.111
15.1,0.80006,0.1,0.31847,20.2,0.11107
15.1,0.80041,0.1,0.31901,20.2,0.11112
15,0.8007,0.1,0.31978,20.1,0.1112
15.2,0.80129,0.1,0.32033,20.1,0.1112
15.1,0.80155,0.1,0.32067,20.1,0.1112
15.1,0.80191,0.1,0.32093,20,0.11122
14.9,0.80216,0.1,0.32103,20,0.11122
15.1,0.80216,0.1,0.32118,20,0.11122
15,0.80231,0.1,0.3213,19.9,0.11122
15,0.80237,0.1,0.32139,19.9,0.11122
15,0.80237,0.1,0.32147,19.8,0.11122
14.9,0.80238,0.1,0.32163,19.8,0.11122
14.9,0.8027,0.1,0.32185,19.8,0.11122
15,0.80327,0.1,0.32196,19.8,0.11122
14.8,0.80341,0.1,0.32225,19.7,0.11122
14.9,0.80352,0.1,0.32244,19.8,0.11122
15,0.80352,0.1,0.32262,19.7,0.11122
14.9,0.80352,0.1,0.3228,19.7,0.11122
14.9,0.80352,0.1,0.32294,19.6,0.11122
14.8,0.80372,0.1,0.32305,19.6,0.11122
14.8,0.80408,0.1,0.32317,19.6,0.11122
14.8,0.8047,0.1,0.32325,19.6,0.11122
14.7,0.80499,0.1,0.32331,19.5,0.11122
14.7,0.80596,0.1,0.32336,19.5,0.11122
14.8,0.80661,0.1,0.32342,19.5,0.11122
14.8,0.80703,0.1,0.32348,19.4,0.11122
14.7,0.80724,0.1,0.32354,19.4,0.11122
14.8,0.80739,0.1,0.32361,19.4,0.11122
14.7,0.80781,0.1,0.32363,19.4,0.11122
14.7,0.80831,0.1,0.32364,19.3,0.11122
14.6,0.80912,0.1,0.32366,19.3,0.11122
14.6,0.80958,0.1,0.32372,19.3,0.11122
14.6,0.81008,0.1,0.32388,19.3,0.11122
14.7,0.81033,0.1,0.32399,19.2,0.11122
14.6,0.8106,0.1,0.3241,19.2,0.11122
14.6,0.81098,0.1,0.32411,19.2,0.11122
14.6,0.81143,0.1,0.32413,19.1,0.11122
14.6,0.81179,0.1,0.32414,19.1,0.11122
14.5,0.8121,0.1,0.32417,19.1,0.11122
14.6,0.81249,0.1,0.32422,19.1,0.11122
14.6,0.81271,0.1,0.32427,19.1,0.11122
14.5,0.8133,0.1,0.32427,19,0.11122
14.6,0.81352,0.1,0.32428,19,0.11122
14.6,0.81372,0.1,0.32428,18.9,0.11122
14.6,0.8144,0.1,0.32435,18.9,0.11122
14.5,0.81567,0.1,0.32443,18.9,0.11122
14.5,0.81614,0.1,0.32446,18.9,0.11122
14.5,0.81655,0.1,0.32449,18.8,0.11122
14.6,0.81715,0.1,0.32454,18.8,0.11122
14.4,0.81754,0.1,0.32463,18.8,0.11122
14.5,0.81772,0.1,0.32463,18.8,0.11122
14.5,0.81822,0.1,0.32473,18.7,0.11122
14.4,0.8187,0.1,0.3248,18.7,0.11122
14.6,0.81893,0.1,0.32484,18.7,0.11122
14.4,0.81927,0.1,0.32487,18.6,0.11122
14.4,0.81948,0.1,0.32491,18.6,0.11122
14.5,0.81971,0.1,0.32493,18.6,0.11122
14.4,0.82004,0.1,0.32499,18.6,0.11122
14.5,0.82085,0.1,0.32513,18.5,0.11122
14.5,0.82097,0.1,0.32524,18.5,0.11122
14.5,0.82168,0.1,0.32532,18.5,0.11122
14.3,0.82222,0.1,0.32541,18.4,0.11122
14.3,0.82243,0.1,0.32552,18.4,0.11122
14.4,0.82319,0.1,0.32567,18.4,0.11122
14.4,0.82412,0.1,0.32583,18.4,0.11122
14.3,0.82433,0.1,0.32602,18.4,0.11122
14.4,0.82488,0.1,0.32612,18.4,0.11122
14.3,0.82545,0.1,0.32623,18.3,0.11122
14.3,0.82625,0.1,0.32632,18.3,0.11122
14.4,0.82666,0.1,0.32638,18.3,0.11122
14.3,0.82794,0.1,0.32652,18.3,0.11122
14.4,0.82919,0.1,0.32659,18.2,0.11122
14.3,0.83034,0.1,0.32662,18.2,0.11122
14.4,0.83153,0.1,0.32668,18.2,0.11122
14.3,0.83239,0.1,0.32676,18.2,0.11122
14.3,0.83347,0.1,0.3269,18.2,0.11122
14.4,0.83398,0.1,0.32702,18.1,0.11122
14.3,0.83422,0.1,0.32711,18.1,0.11122
14.2,0.83438,0.1,0.32724,18.1,0.11122
14.3,0.83485,0.1,0.32741,18.1,0.11122
14.3,0.83512,0.1,0.32771,18,0.11122
14.2,0.83588,0.1,0.32794,18,0.11122
14.1,0.8362,0.1,0.32823,17.9,0.11122
14.2,0.83673,0.1,0.32846,17.9,0.11122
14.1,0.83762,0.1,0.3288,17.9,0.11122
14.2,0.83861,0.1,0.32904,17.9,0.11122
14,0.83932,0.1,0.32929,17.9,0.11122
14.2,0.83975,0.1,0.32945,17.8,0.11122
14.1,0.84029,0.1,0.32963,17.8,0.11122
14.1,0.84051,0.1,0.32979,17.8,0.11122
14.2,0.84063,0.1,0.3299,17.8,0.11122
14.1,0.84071,0.1,0.33008,17.8,0.11122
14.1,0.84109,0.1,0.33065,17.7,0.11122
14,0.84146,0.1,0.33101,17.7,0.11122
14.2,0.84201,0.1,0.33154,17.7,0.11122
14.1,0.84233,0.1,0.332,17.7,0.11122
14.1,0.84241,0.1,0.33246,17.6,0.11122
14.1,0.84249,0.1,0.33299,17.6,0.11122
14.1,0.84276,0.1,0.33358,17.6,0.11122
14,0.84278,0.1,0.33402,17.5,0.11122
14,0.84285,0.1,0.33446,17.6,0.11122
14,0.84289,0.1,0.33485,17.5,0.11122
13.9,0.84289,0.1,0.33532,17.5,0.11122
14,0.84296,0.1,0.33566,17.5,0.11122
14,0.84296,0.1,0.33605,17.5,0.11122
13.9,0.84301,0.1,0.3364,17.4,0.11122
13.9,0.84309,0.1,0.33668,17.4,0.11122
14,0.84309,0.1,0.33688,17.4,0.11122
13.8,0.84309,0.1,0.33713,17.4,0.11122
14,0.84309,0.1,0.33737,17.3,0.11122
13.9,0.84312,0.1,0.33753,17.3,0.11122
13.9,0.84314,0.1,0.33764,17.3,0.11122
13.9,0.84319,0.1,0.33786,17.2,0.11122
13.8,0.8433,0.1,0.33814,17.2,0.11122
13.8,0.84352,0.1,0.33832,17.2,0.11122
13.8,0.84373,0.1,0.33849,17.2,0.11122
13.8,0.84384,0.1,0.33863,17.2,0.11122
13.8,0.84403,0.1,0.33878,17.2,0.11122
13.8,0.84431,0.1,0.33896,17.2,0.11122
13.8,0.84466,0.1,0.33905,17.1,0.11122
13.8,0.84487,0.1,0.33913,17.1,0.11122
13.7,0.84497,0.1,0.33924,17.1,0.11122
13.7,0.84507,0.1,0.3395,17.1,0.11122
13.7,0.84532,0.1,0.33967,17,0.11122
13.7,0.84542,0.1,0.33981,17,0.11122
13.7,0.84546,0.1,0.33997,17,0.11122
13.7,0.84548,0.1,0.34009,17,0.11122
13.6,0.8455,0.1,0.34023,16.9,0.11122
13.6,0.8455,0.1,0.3403,16.9,0.11122
13.7,0.8455,0.1,0.34039,16.9,0.11122
13.6,0.84562,0.1,0.3406,16.9,0.11122
13.7,0.84583,0.1,0.34085,16.9,0.11122
13.7,0.84617,0.1,0.34106,16.9,0.11122
13.6,0.84639,0.1,0.34119,16.8,0.11122
13.7,0.84639,0.1,0.3414,16.8,0.11122
13.6,0.84642,0.1,0.34154,16.8,0.11122
13.6,0.84642,0.1,0.34177,16.8,0.11122
13.6,0.84643,0.1,0.34206,16.8,0.11122
13.5,0.84649,0.1,0.34236,16.7,0.11122
13.6,0.84649,0.1,0.3425,16.7,0.11122
13.6,0.84653,0.1,0.34281,16.7,0.11122
13.5,0.84653,0.1,0.34319,16.6,0.11122
13.5,0.84653,0.1,0.34363,16.6,0.11122
13.5,0.84653,0.1,0.34394,16.6,0.11122
13.4,0.84653,0.1,0.34426,16.6,0.11122
13.5,0.84653,0.1,0.34459,16.6,0.11122
13.4,0.84657,0.1,0.345,16.6,0.11122
13.5,0.84657,0.1,0.34533,16.5,0.11122
13.4,0.84657,0.1,0.34569,16.5,0.11122
13.4,0.84657,0.1,0.34607,16.5,0.11122
13.3,0.84657,0.1,0.34632,16.5,0.11122
13.3,0.84657,0.1,0.34648,16.5,0.11122
13.3,0.84668,0.1,0.34684,16.5,0.11122
13.4,0.84671,0.1,0.34718,16.5,0.11122
13.3,0.84677,0.1,0.3475,16.4,0.11122
13.3,0.84681,0.1,0.34787,16.4,0.11122
13.2,0.84681,0.1,0.34794,16.4,0.11122
13.3,0.84681,0.1,0.3481,16.3,0.11122
13.3,0.84681,0.1,0.34827,16.3,0.11122
13.2,0.84681,0.1,0.34835,16.3,0.11122
13.2,0.84688,0.1,0.34849,16.3,0.11122
13.2,0.84699,0.1,0.34877,16.3,0.11122
13.3,0.84699,0.1,0.34888,16.2,0.11122
13.2,0.84701,0.1,0.34902,16.3,0.11122
13.2,0.84701,0.1,0.3492,16.2,0.11122
13.3,0.84701,0.1,0.34938,16.2,0.11122
13.2,0.84701,0.1,0.34945,16.2,0.11122
13.1,0.84703,0.1,0.34949,16.1,0.11122
13.1,0.84703,0.1,0.34949,16.1,0.11122
13,0.84703,0.1,0.34958,16.1,0.11122
13.2,0.84703,0.1,0.34969,16.1,0.11122
13.1,0.84703,0.1,0.34986,16.1,0.11122
13.2,0.84705,0.1,0.35001,16,0.11122
13,0.84705,0.1,0.35009,16.1,0.11122
13.1,0.84705,0.1,0.35027,16,0.11122
13.1,0.84705,0.1,0.35057,16,0.11122
13,0.84705,0.1,0.35091,16,0.11122
13,0.84705,0.1,0.35121,16,0.11122
13,0.84705,0.1,0.35149,16,0.11122
13,0.84705,0.1,0.35176,15.9,0.11122
13,0.84705,0.1,0.35215,15.9,0.11122
13,0.84708,0.1,0.35256,15.9,0.11122
13,0.84708,0.1,0.35288,15.9,0.11122
12.9,0.84708,0.1,0.35313,15.9,0.11122
12.9,0.84713,0.1,0.35344,15.8,0.11122
12.9,0.84713,0.1,0.35369,15.8,0.11122
12.9,0.84717,0.1,0.35402,15.8,0.11122
13,0.84717,0.1,0.35428,15.8,0.11122
12.8,0.84719,0.1,0.35454,15.8,0.11122
12.8,0.84719,0.1,0.35482,15.7,0.11122
12.9,0.84719,0.1,0.35516,15.7,0.11122
12.7,0.84722,0.1,0.35538,15.7,0.11122
12.9,0.84728,0.1,0.35568,15.7,0.11122
12.9,0.84752,0.1,0.35598,15.7,0.11122
12.8,0.84757,0.1,0.35621,15.7,0.11122
12.8,0.84757,0.1,0.35647,15.6,0.11122
12.8,0.84757,0.1,0.35672,15.6,0.11122
12.8,0.84763,0.1,0.357,15.6,0.11122
12.7,0.84763,0.1,0.35727,15.6,0.11122
12.7,0.8479,0.1,0.35756,15.6,0.11122
12.8,0.84811,0.1,0.35785,15.6,0.11122
12.7,0.84869,0.1,0.35814,15.5,0.11122
12.7,0.84871,0.1,0.35851,15.5,0.11122
12.7,0.84877,0.1,0.3589,15.5,0.11122
12.8,0.84889,0.1,0.35931,15.5,0.11122
12.8,0.84916,0.1,0.35975,15.5,0.11122
12.7,0.8492,0.1,0.36012,15.5,0.11122
12.8,0.8492,0.1,0.36047,15.4,0.11122
12.6,0.8492,0.1,0.36077,15.4,0.11122
12.7,0.84921,0.1,0.36112,15.4,0.11122
12.7,0.8495,0.1,0.36147,15.4,0.11123
12.7,0.84965,0.1,0.3617,15.4,0.11123
12.6,0.84965,0.1,0.36204,15.4,0.11123
12.7,0.84965,0.1,0.36224,15.3,0.11123
12.7,0.84967,0.1,0.36247,15.3,0.11124
12.6,0.8498,0.1,0.36273,15.3,0.11124
12.6,0.84983,0.1,0.36297,15.3,0.11124
12.6,0.84983,0.1,0.3631,15.3,0.11124
12.7,0.84993,0.1,0.36333,15.3,0.11125
12.5,0.85032,0.1,0.3636,15.2,0.11125
12.6,0.85033,0.1,0.36378,15.2,0.11125
12.5,0.85042,0.1,0.36397,15.2,0.11125
12.5,0.85042,0.1,0.36415,15.2,0.11126
12.5,0.85042,0.1,0.36427,15.2,0.11126
12.4,0.85067,0.1,0.36437,15.1,0.11126
12.4,0.85109,0.1,0.36447,15.1,0.11126
12.5,0.85116,0.1,0.36454,15.1,0.11126
12.4,0.85116,0.1,0.36466,15.1,0.11126
12.5,0.85119,0.1,0.36475,15.1,0.11126
12.4,0.85125,0.1,0.36483,15.1,0.11126
12.5,0.85126,0.1,0.36491,15,0.11126
12.4,0.85128,0.1,0.365,15.1,0.11126
12.4,0.85128,0.1,0.36506,15.1,0.11126
12.4,0.85131,0.1,0.36513,15,0.11126
12.4,0.85131,0.1,0.36519,15,0.11126
12.3,0.85177,0.1,0.36527,15,0.11126
12.3,0.8522,0.1,0.36531,15,0.11126
12.4,0.8522,0.1,0.36534,15,0.11126
12.3,0.85225,0.1,0.36543,14.9,0.11126
12.3,0.85244,0.1,0.36558,14.9,0.11128
12.3,0.85292,0.1,0.36562,14.9,0.11128
12.3,0.85295,0.1,0.36571,14.9,0.11128
12.3,0.85295,0.1,0.36587,14.9,0.11132
12.3,0.85305,0.1,0.36592,14.8,0.11138
12.2,0.85305,0.1,0.36606,14.8,0.11144
12.3,0.85351,0.1,0.3662,14.8,0.1115
12.2,0.85364,0.1,0.36625,14.8,0.11157
12.3,0.85375,0.1,0.3663,14.8,0.11166
12.2,0.85376,0.1,0.36637,14.8,0.11171
12.1,0.85376,0.1,0.36639,14.8,0.11185
12.2,0.85387,0.1,0.3665,14.7,0.11212
12.2,0.85392,0.1,0.36658,14.7,0.11232
12.2,0.8541,0.1,0.36674,14.7,0.11245
12.1,0.85422,0.1,0.36687,14.7,0.1129
12.1,0.85433,0.1,0.36697,14.7,0.11319
12.1,0.85459,0.1,0.36711,14.7,0.11346
12.2,0.85466,0.1,0.36725,14.7,0.11384
12,0.85475,0.1,0.36741,14.7,0.1141
12.1,0.85489,0.1,0.36755,14.6,0.11443
12.1,0.85512,0.1,0.36762,14.6,0.11457
12,0.85512,0.1,0.3677,14.6,0.11478
12,0.85513,0.1,0.36786,14.6,0.11494
12,0.85519,0.1,0.36802,14.6,0.11517
12,0.85529,0.1,0.36817,14.5,0.11554
12,0.85531,0.1,0.36833,14.5,0.11591
11.9,0.8555,0.1,0.3685,14.5,0.1166
12,0.85555,0.1,0.36867,14.5,0.11684
11.9,0.85569,0.1,0.36889,14.5,0.11734
11.9,0.85583,0.1,0.369,14.5,0.11766
12,0.85584,0.1,0.36917,14.5,0.11816
12,0.85584,0.1,0.36941,14.5,0.11852
12,0.85584,0.1,0.36957,14.4,0.11871
11.9,0.85595,0.1,0.36994,14.4,0.11938
12,0.85623,0.1,0.3703,14.4,0.11987
11.9,0.85625,0.1,0.37057,14.4,0.12045
11.9,0.85655,0.1,0.37091,14.4,0.12092
11.9,0.85685,0.1,0.3712,14.4,0.12134
11.9,0.85707,0.1,0.37144,14.4,0.12177
11.9,0.85722,0.1,0.37162,14.3,0.12223
11.9,0.85773,0.1,0.37184,14.3,0.12251
11.9,0.85792,0.1,0.37205,14.3,0.12282
11.9,0.85879,0.1,0.37232,14.3,0.12321
11.9,0.85967,0.1,0.37246,14.3,0.12355
11.9,0.86008,0.1,0.37269,14.3,0.12382
11.8,0.86141,0.1,0.37273,14.2,0.12396
12,0.86176,0.1,0.37282,14.2,0.12426
11.8,0.86263,0.1,0.37315,14.2,0.12459
11.8,0.86313,0.1,0.37338,14.2,0.12488
11.8,0.8633,0.1,0.37353,14.2,0.12515
11.8,0.86359,0.1,0.37364,14.2,0.12543
11.8,0.86398,0.1,0.37377,14.2,0.12582
11.7,0.86526,0.1,0.37403,14.1,0.12617
11.7,0.86569,0.1,0.37421,14.1,0.12643
11.8,0.86569,0.1,0.37436,14.1,0.12662
11.7,0.86569,0.1,0.37448,14.1,0.12685
11.7,0.8661,0.1,0.37461,14.1,0.12711
11.7,0.86644,0.1,0.3747,14.1,0.12731
11.7,0.86754,0.1,0.37498,14.1,0.1275
11.7,0.86793,0.1,0.37514,14,0.12772
11.7,0.86846,0.1,0.37532,14.1,0.12785
11.7,0.86883,0.1,0.37567,14,0.12843
11.7,0.86954,0.1,0.37584,14,0.12873
11.7,0.87018,0.1,0.37602,14,0.12879
11.7,0.87138,0.1,0.3762,14,0.12896
11.7,0.87333,0.1,0.37646,14,0.12912
11.7,0.87344,0.1,0.37664,14,0.12927
11.6,0.87388,0.1,0.37682,13.9,0.12947
11.6,0.87395,0.1,0.37693,13.9,0.12953
11.6,0.87477,0.1,0.3772,13.9,0.12964
11.6,0.8752,0.1,0.37747,13.9,0.12975
11.5,0.87521,0.1,0.3776,13.9,0.12978
11.6,0.87578,0.1,0.37786,13.9,0.12987
11.6,0.87745,0.1,0.37813,13.9,0.12987
11.5,0.87757,0.1,0.37836,13.9,0.12995
11.4,0.8789,0.1,0.37879,13.8,0.12998
11.5,0.87978,0.1,0.37925,13.8,0.13005
11.5,0.88073,0.1,0.37961,13.8,0.13006
11.5,0.88081,0.1,0.37982,13.8,0.13006
11.4,0.88102,0.1,0.38017,13.8,0.1301
11.5,0.88136,0.1,0.38047,13.8,0.1302
11.5,0.88231,0.1,0.38085,13.7,0.1303
11.3,0.8826,0.1,0.38128,13.7,0.13055
11.4,0.8832,0.1,0.38177,13.7,0.13088
11.5,0.88366,0.1,0.38215,13.7,0.13116
11.4,0.88508,0.1,0.38251,13.7,0.1314
11.3,0.8853,0.1,0.38279,13.7,0.13163
11.4,0.88622,0.1,0.3833,13.7,0.13189
11.3,0.8864,0.1,0.38369,13.7,0.13223
11.5,0.88644,0.1,0.38409,13.7,0.13249
11.2,0.88719,0.1,0.38455,13.7,0.1327
11.2,0.88751,0.1,0.38508,13.7,0.13316
11.3,0.88753,0.1,0.38537,13.6,0.13333
11.3,0.88796,0.1,0.38592,13.6,0.13371
11.3,0.88863,0.1,0.38649,13.6,0.13388
11.2,0.88893,0.1,0.38703,13.6,0.13391
11.3,0.89095,0.1,0.38767,13.6,0.13406
11.1,0.89139,0.1,0.38861,13.6,0.1343
11.3,0.89245,0.1,0.3894,13.5,0.13439
11.2,0.89332,0.1,0.39019,13.5,0.13463
11.1,0.89377,0.1,0.39087,13.5,0.13466
11.2,0.89541,0.1,0.39188,13.5,0.13479
11.1,0.89622,0.1,0.3929,13.5,0.13488
11.3,0.89709,0.1,0.39354,13.5,0.13498
11.2,0.89877,0.1,0.39456,13.5,0.13503
11.2,0.89896,0.1,0.39547,13.5,0.13508
11.2,0.89933,0.1,0.39621,13.4,0.13514
11.1,0.90023,0.1,0.39721,13.4,0.13516
11,0.90079,0.1,0.39796,13.4,0.13518
11,0.90125,0.1,0.39859,13.4,0.1352
11.1,0.90171,0.1,0.39919,13.4,0.13521
11,0.9046,0.1,0.40004,13.4,0.13521
11,0.90529,0.1,0.40086,13.4,0.13523
11,0.90583,0.1,0.40172,13.4,0.13531
11,0.90613,0.1,0.40226,13.3,0.13534
11,0.90639,0.1,0.40286,13.3,0.13536
11.1,0.9067,0.1,0.40363,13.3,0.13542
11,0.90717,0.1,0.40451,13.3,0.13555
11,0.90803,0.1,0.40513,13.3,0.13573
11,0.90811,0.1,0.40568,13.3,0.13578
11,0.90874,0.1,0.4063,13.3,0.13591
11,0.90898,0.1,0.40695,13.3,0.13608
10.9,0.90925,0.1,0.40759,13.3,0.13627
10.9,0.90958,0.1,0.40807,13.3,0.13651
10.9,0.90978,0.1,0.40872,13.2,0.13699
11,0.90987,0.1,0.40932,13.2,0.13729
10.8,0.90987,0.1,0.40977,13.2,0.13751
10.9,0.90987,0.1,0.41011,13.2,0.13776
10.9,0.90987,0.1,0.41053,13.2,0.13801
10.9,0.91061,0.1,0.41101,13.2,0.13832
11,0.91061,0.1,0.41137,13.2,0.13868
10.9,0.91105,0.1,0.41183,13.2,0.13929
10.8,0.91105,0.1,0.41218,13.2,0.1398
10.8,0.91138,0.1,0.41265,13.2,0.14062
10.8,0.91201,0.1,0.41317,13.1,0.14123
10.9,0.91213,0.1,0.41359,13.1,0.14186
10.7,0.91215,0.1,0.41394,13.1,0.14236
10.7,0.91215,0.1,0.41426,13.1,0.14299
10.9,0.91215,0.1,0.41455,13.1,0.14354
10.7,0.91222,0.1,0.41485,13.1,0.14434
10.7,0.91225,0.1,0.41526,13.1,0.14496
10.8,0.91231,0.1,0.41564,13.1,0.1454
10.6,0.91232,0.1,0.41602,13,0.14598
10.7,0.91288,0.1,0.4165,13,0.1462
10.7,0.91352,0.1,0.41692,13,0.14665
10.8,0.91356,0.1,0.41713,13,0.14694
10.7,0.91411,0.1,0.41785,13,0.14714
10.7,0.91418,0.1,0.41815,13,0.14744
10.7,0.91429,0.1,0.41855,13,0.14759
10.6,0.91476,0.1,0.41893,13,0.14776
10.5,0.91481,0.1,0.4193,13,0.14818
10.6,0.91535,0.1,0.41988,12.9,0.14845
10.7,0.91537,0.1,0.42025,12.9,0.14892
10.7,0.91564,0.1,0.42067,12.9,0.14924
10.5,0.91595,0.1,0.42107,12.9,0.14952
10.6,0.91614,0.1,0.42143,12.9,0.1497
10.5,0.91659,0.1,0.42188,12.9,0.1498
10.5,0.91693,0.1,0.42234,12.9,0.15016
10.5,0.91752,0.1,0.42289,12.9,0.15047
10.4,0.9181,0.1,0.42335,12.9,0.15068
10.5,0.91862,0.1,0.42406,12.8,0.15102
10.5,0.91862,0.1,0.42433,12.8,0.15123
10.6,0.91876,0.1,0.42468,12.8,0.15147
10.4,0.91931,0.1,0.42501,12.8,0.15172
10.5,0.91934,0.1,0.4255,12.8,0.15208
10.5,0.91937,0.1,0.42575,12.8,0.1523
10.5,0.91952,0.1,0.42619,12.8,0.15262
10.5,0.91965,0.1,0.42665,12.8,0.15285
10.5,0.91965,0.1,0.42694,12.8,0.15307
10.4,0.91992,0.1,0.42739,12.7,0.15341
10.4,0.92006,0.1,0.42781,12.7,0.15361
10.4,0.92036,0.1,0.42841,12.7,0.15377
10.4,0.92062,0.1,0.4289,12.7,0.15429
10.4,0.92063,0.1,0.42938,12.7,0.15487
10.2,0.92077,0.1,0.42994,12.7,0.15511
10.2,0.92109,0.1,0.43039,12.7,0.15549
10.2,0.92109,0.1,0.43072,12.7,0.15584
10.3,0.92109,0.1,0.43114,12.7,0.15647
10.3,0.92109,0.1,0.43173,12.7,0.15698
10.3,0.92115,0.1,0.43229,12.6,0.15742
10.2,0.92115,0.1,0.43303,12.6,0.15785
10.1,0.92115,0.1,0.43362,12.6,0.15835
10.1,0.92115,0.1,0.43446,12.6,0.15865
10.2,0.92115,0.1,0.43536,12.6,0.15889
10.2,0.92115,0.1,0.43606,12.6,0.15924
10.2,0.92129,0.1,0.43673,12.6,0.15938
10.2,0.92129,0.1,0.43717,12.6,0.15959
10.1,0.92129,0.1,0.43782,12.5,0.15979
10.1,0.92129,0.1,0.43853,12.5,0.15993
10.2,0.92129,0.1,0.43982,12.5,0.1602
10,0.92129,0.1,0.44044,12.5,0.1605
10,0.92129,0.1,0.44138,12.5,0.16072
10.1,0.92129,0.1,0.44223,12.5,0.16097
10.1,0.92129,0.1,0.44304,12.5,0.16122
10.2,0.92129,0.1,0.4436,12.5,0.1615
10,0.92129,0.1,0.44444,12.5,0.16181
10,0.92129,0.1,0.44511,12.5,0.16204
10,0.92133,0.1,0.44571,12.5,0.16228
10.2,0.92151,0.1,0.44652,12.5,0.16251
10,0.92151,0.1,0.44739,12.5,0.16273
10.1,0.92151,0.1,0.44807,12.4,0.16297
10,0.92151,0.1,0.44877,12.4,0.16325
9.9,0.92151,0.1,0.44952,12.4,0.16364
9.9,0.92151,0.1,0.45022,12.4,0.16381
10,0.92151,0.1,0.45099,12.4,0.16399
10,0.92151,0.1,0.4514,12.4,0.16414
10,0.92151,0.1,0.45208,12.4,0.16452
9.9,0.92155,0.1,0.45278,12.4,0.16473
9.9,0.92155,0.1,0.45333,12.4,0.16494
9.9,0.92155,0.1,0.45398,12.4,0.16535
10,0.92155,0.1,0.45453,12.3,0.16574
9.9,0.92155,0.1,0.45512,12.3,0.166
9.9,0.92155,0.1,0.45612,12.3,0.16623
9.8,0.92155,0.1,0.45693,12.3,0.16651
9.9,0.92155,0.1,0.45756,12.3,0.16685
9.9,0.92155,0.1,0.45801,12.3,0.16707
9.9,0.92155,0.1,0.45857,12.3,0.16723
9.8,0.92173,0.1,0.45959,12.3,0.16752
9.8,0.92173,0.1,0.46038,12.3,0.16766
9.8,0.92174,0.1,0.46106,12.3,0.16805
9.9,0.92181,0.1,0.46158,12.2,0.1681
9.8,0.92184,0.1,0.46212,12.2,0.16832
9.7,0.92184,0.1,0.46289,12.2,0.16866
9.8,0.92184,0.1,0.46337,12.2,0.16891
9.9,0.9219,0.1,0.46433,12.2,0.16928
9.8,0.92194,0.1,0.46525,12.2,0.16978
9.8,0.92201,0.1,0.46599,12.2,0.17012
9.8,0.92203,0.1,0.46669,12.2,0.17039
9.9,0.92206,0.1,0.46741,12.2,0.17068
9.8,0.92206,0.1,0.46798,12.2,0.17128
9.8,0.92206,0.1,0.4686,12.2,0.17138
9.9,0.92212,0.1,0.46932,12.1,0.17158
9.8,0.92218,0.1,0.46983,12.1,0.17182
9.7,0.92225,0.1,0.47029,12.1,0.17205
9.7,0.92235,0.1,0.47076,12.1,0.17244
9.7,0.92273,0.1,0.47138,12.1,0.17274
9.8,0.9228,0.1,0.47186,12.1,0.17299
9.7,0.92297,0.1,0.47223,12.1,0.17328
9.7,0.92331,0.1,0.47279,12.1,0.17367
9.8,0.92364,0.1,0.47363,12.1,0.17381
9.7,0.92366,0.1,0.47434,12.1,0.17397
9.6,0.92369,0.1,0.47503,12.1,0.17404
9.8,0.9237,0.1,0.47588,12.1,0.17409
9.7,0.92385,0.1,0.47652,12,0.17424
9.7,0.92385,0.1,0.47704,12,0.17441
9.7,0.92435,0.1,0.47787,12,0.17462
9.7,0.92515,0.1,0.47844,12,0.17475
9.6,0.92539,0.1,0.47914,12,0.17488
9.8,0.92563,0.1,0.47963,12,0.17499
9.8,0.92581,0.1,0.48006,12,0.17503
9.7,0.92686,0.1,0.48058,12,0.17507
9.7,0.92697,0.1,0.48104,12,0.17519
9.6,0.92758,0.1,0.48177,12,0.17527
9.6,0.92758,0.1,0.48222,12,0.17532
9.7,0.92761,0.1,0.48291,11.9,0.17548
9.7,0.92857,0.1,0.48373,11.9,0.17559
9.6,0.92903,0.1,0.48433,11.9,0.17573
9.6,0.92972,0.1,0.48493,11.9,0.17579
9.6,0.92972,0.1,0.4855,11.9,0.17591
9.7,0.92972,0.1,0.48615,11.9,0.17602
9.6,0.92974,0.1,0.48695,11.9,0.17615
9.6,0.92977,0.1,0.48793,11.9,0.17626
9.6,0.92992,0.1,0.48874,11.9,0.17635
9.5,0.9301,0.1,0.48952,11.9,0.17641
9.7,0.9302,0.1,0.4903,11.9,0.17653
9.6,0.9302,0.1,0.49092,11.9,0.17656
9.7,0.93146,0.1,0.49167,11.8,0.17661
9.6,0.93152,0.1,0.49243,11.8,0.17667
9.5,0.93289,0.1,0.49312,11.8,0.17677
9.7,0.93449,0.1,0.49386,11.8,0.17678
9.6,0.93509,0.1,0.49464,11.8,0.17678
9.5,0.93509,0.1,0.49554,11.8,0.17678
9.5,0.93515,0.1,0.49625,11.8,0.1768
9.5,0.93522,0.1,0.49704,11.8,0.1768
9.7,0.93541,0.1,0.49799,11.8,0.17681
9.6,0.93547,0.1,0.49896,11.8,0.17681
9.7,0.93607,0.1,0.49999,11.8,0.17681
9.6,0.93614,0.1,0.50097,11.8,0.17681
9.5,0.9362,0.1,0.50177,11.8,0.17681
9.5,0.93627,0.1,0.5027,11.7,0.17681
9.6,0.93638,0.1,0.50352,11.7,0.17681
9.6,0.93641,0.1,0.50398,11.7,0.17681
9.5,0.93751,0.1,0.50535,11.7,0.17681
9.6,0.93756,0.1,0.50624,11.7,0.17681
9.4,0.93772,0.1,0.50709,11.7,0.17687
9.5,0.93789,0.1,0.50768,11.7,0.17692
9.5,0.93789,0.1,0.50829,11.7,0.17702
9.5,0.93808,0.1,0.50888,11.7,0.17708
9.4,0.93808,0.1,0.50944,11.7,0.17725
9.6,0.93812,0.1,0.5103,11.7,0.17734
9.5,0.93859,0.1,0.51196,11.6,0.17745
9.6,0.93859,0.1,0.51266,11.6,0.17752
9.4,0.93861,0.1,0.51338,11.6,0.17764
9.6,0.93861,0.1,0.51409,11.6,0.1777
9.4,0.93863,0.1,0.51468,11.6,0.1778
9.5,0.93863,0.1,0.51516,11.6,0.17789
9.4,0.93863,0.1,0.51591,11.6,0.17807
9.5,0.93868,0.1,0.51679,11.6,0.17814
9.5,0.93889,0.1,0.5178,11.6,0.17814
9.4,0.93889,0.1,0.51855,11.6,0.17817
9.4,0.93889,0.1,0.51951,11.6,0.17822
9.4,0.93897,0.1,0.5203,11.6,0.17824
9.5,0.93897,0.1,0.52111,11.6,0.17826
9.4,0.93897,0.1,0.52176,11.5,0.17829
9.5,0.93927,0.1,0.52265,11.5,0.17829
9.5,0.93928,0.1,0.52312,11.5,0.17829
9.4,0.93931,0.1,0.52405,11.5,0.17836
9.3,0.93931,0.1,0.52481,11.5,0.17836
9.4,0.93935,0.1,0.52569,11.5,0.1784
9.4,0.93935,0.1,0.52649,11.5,0.1784
9.3,0.93949,0.1,0.5275,11.5,0.1784
9.4,0.93957,0.1,0.5282,11.5,0.17844
9.4,0.93957,0.1,0.52895,11.5,0.17848
9.3,0.93957,0.1,0.52983,11.5,0.17848
9.4,0.93957,0.1,0.53059,11.5,0.17856
9.4,0.93957,0.1,0.53126,11.4,0.17863
9.5,0.93957,0.1,0.53218,11.4,0.17866
9.4,0.93957,0.1,0.53291,11.5,0.17868
9.4,0.93958,0.1,0.53375,11.4,0.17868
9.4,0.93958,0.1,0.53425,11.4,0.1787
9.4,0.93958,0.1,0.53483,11.4,0.17872
9.4,0.93965,0.1,0.53569,11.4,0.17877
9.3,0.94001,0.1,0.5367,11.4,0.17881
9.4,0.94001,0.1,0.53751,11.4,0.17893
9.3,0.94009,0.1,0.53839,11.4,0.17894
9.3,0.94018,0.1,0.53934,11.4,0.17903
9.3,0.94022,0.1,0.54027,11.4,0.17903
9.3,0.94022,0.1,0.5409,11.4,0.17905
9.5,0.94035,0.1,0.54206,11.3,0.17908
9.3,0.94125,0.1,0.54349,11.3,0.1791
9.3,0.94125,0.1,0.54415,11.3,0.17912
9.3,0.94136,0.1,0.54521,11.3,0.17916
9.3,0.94151,0.1,0.54643,11.3,0.17941
9.3,0.94157,0.1,0.54732,11.3,0.17958
9.4,0.94169,0.1,0.54835,11.3,0.1797
9.3,0.94169,0.1,0.54936,11.3,0.1798
9.2,0.94174,0.1,0.5503,11.3,0.17986
9.2,0.94183,0.1,0.55104,11.3,0.17993
9.3,0.94183,0.1,0.55194,11.3,0.17997
9.3,0.94201,0.1,0.55261,11.3,0.18005
9.3,0.94208,0.1,0.55351,11.2,0.18008
9.4,0.94208,0.1,0.55434,11.2,0.18013
9.3,0.94209,0.1,0.55532,11.2,0.18031
9.3,0.94209,0.1,0.55601,11.2,0.1804
9.4,0.94209,0.1,0.55699,11.2,0.18045
9.4,0.94209,0.1,0.5578,11.2,0.18048
9.3,0.94209,0.1,0.55864,11.2,0.18055
9.3,0.94229,0.1,0.55951,11.2,0.18066
9.3,0.9426,0.1,0.56096,11.2,0.18076
9.4,0.9426,0.1,0.56153,11.2,0.18081
9.4,0.94277,0.1,0.56264,11.2,0.18094
9.3,0.94278,0.1,0.56384,11.1,0.18099
9.3,0.94282,0.1,0.56489,11.2,0.18104
9.3,0.94314,0.1,0.56615,11.2,0.18104
9.3,0.94314,0.1,0.56743,11.1,0.18104
9.3,0.94314,0.1,0.56859,11.1,0.1811
9.2,0.94314,0.1,0.56988,11.1,0.1811
9.3,0.94314,0.1,0.57131,11.1,0.1811
9.3,0.94314,0.1,0.57253,11.1,0.18111
9.3,0.94314,0.1,0.57351,11.1,0.18111
9.3,0.94314,0.1,0.57452,11.1,0.18111
9.2,0.94314,0.1,0.5755,11.1,0.18111
9.3,0.94329,0.1,0.57705,11.1,0.18111
9.2,0.94333,0.1,0.57816,11.1,0.18111
9.2,0.94333,0.1,0.57947,11.1,0.18111
9.2,0.94333,0.1,0.58088,11.1,0.18111
9.2,0.94333,0.1,0.58207,11.1,0.18111
9.1,0.94333,0.1,0.58362,11.1,0.18111
9.2,0.94333,0.1,0.58508,11,0.18111
9.2,0.94334,0.1,0.58636,11,0.18113
9.3,0.94334,0.1,0.58787,11,0.18113
9.3,0.94334,0.1,0.58858,11,0.18113
9.2,0.94368,0.1,0.58937,11,0.18114
9.2,0.94409,0.1,0.59058,11,0.18114
9.2,0.94414,0.1,0.59204,11,0.18114
9.3,0.94414,0.1,0.59341,11,0.18115
9.2,0.9442,0.1,0.59448,11,0.18116
9.2,0.94568,0.1,0.59538,11,0.18119
9.2,0.94585,0.1,0.59668,11,0.18121
9.2,0.94625,0.1,0.59847,11,0.18127
9.1,0.94625,0.1,0.59969,10.9,0.18133
9.2,0.94625,0.1,0.60065,11,0.18137
9.1,0.9464,0.1,0.60154,11,0.18138
9.1,0.94664,0.1,0.60268,10.9,0.18141
9.2,0.94664,0.1,0.60392,10.9,0.18141
9.1,0.94664,0.1,0.60514,10.9,0.18144
9.1,0.94665,0.1,0.60671,10.9,0.18144
9.2,0.94665,0.1,0.6076,10.9,0.18146
9,0.9467,0.1,0.6086,10.9,0.18155
9.1,0.9467,0.1,0.60985,10.9,0.18157
9.1,0.9467,0.1,0.61101,10.9,0.1816
9.2,0.94704,0.1,0.61236,10.9,0.18167
9.1,0.94704,0.1,0.61317,10.9,0.18178
9.1,0.94704,0.1,0.614,10.9,0.18182
9,0.94724,0.1,0.61509,10.9,0.18186
9.1,0.94739,0.1,0.61571,10.8,0.18197
9.1,0.9474,0.1,0.61654,10.8,0.18212
9.2,0.9474,0.1,0.61716,10.9,0.18218
9.1,0.94751,0.1,0.61857,10.8,0.18224
9.1,0.9476,0.1,0.61947,10.8,0.18231
9.1,0.94792,0.1,0.62069,10.8,0.18241
9.1,0.94795,0.1,0.62168,10.8,0.18247
9,0.94819,0.1,0.62257,10.8,0.18256
9,0.94822,0.1,0.62341,10.8,0.18274
9.1,0.94837,0.1,0.62419,10.8,0.18297
9.1,0.94858,0.1,0.62481,10.8,0.18305
9.1,0.94872,0.1,0.62533,10.8,0.18309
9.1,0.94873,0.1,0.62607,10.8,0.18347
9,0.94882,0.1,0.6269,10.8,0.18383
9,0.94892,0.1,0.62749,10.8,0.18391
9,0.94932,0.1,0.62821,10.8,0.1842
9.2,0.94941,0.1,0.62903,10.8,0.18483
9,0.94952,0.1,0.6298,10.7,0.18537
9.1,0.95029,0.1,0.63063,10.7,0.18596
9,0.95055,0.1,0.6311,10.7,0.18639
9,0.95083,0.1,0.6318,10.7,0.18694
9.1,0.95129,0.1,0.63253,10.7,0.18777
9,0.95152,0.1,0.63323,10.7,0.18864
9.1,0.95159,0.1,0.63399,10.7,0.18917
8.9,0.95168,0.1,0.63475,10.7,0.18995
9,0.95206,0.1,0.63564,10.7,0.19101
9,0.95248,0.1,0.63651,10.7,0.19176
9.1,0.95253,0.1,0.63713,10.7,0.19275
9,0.95328,0.1,0.63826,10.7,0.19391
9,0.9535,0.1,0.63884,10.7,0.19504
9.1,0.95361,0.1,0.63956,10.6,0.19628
9,0.95443,0.1,0.64042,10.6,0.19732
9.1,0.95443,0.1,0.64085,10.6,0.19791
9.1,0.95447,0.1,0.64133,10.6,0.19838
9,0.95457,0.1,0.64176,10.6,0.19864
9,0.95457,0.1,0.64233,10.6,0.19916
8.8,0.95457,0.1,0.64279,10.6,0.19944
9,0.95457,0.1,0.64316,10.6,0.19956
9,0.95457,0.1,0.64351,10.6,0.19968
9.1,0.95457,0.1,0.64416,10.6,0.19987
8.9,0.95457,0.1,0.64489,10.6,0.20014
8.9,0.95467,0.1,0.64541,10.6,0.20022
8.9,0.95468,0.1,0.64584,10.6,0.20036
8.9,0.95468,0.1,0.64634,10.6,0.20046
8.9,0.95468,0.1,0.64679,10.6,0.20055
8.9,0.95468,0.1,0.64729,10.5,0.20069
9,0.95475,0.1,0.64773,10.5,0.20071
9,0.95475,0.1,0.64823,10.5,0.20086
9,0.95475,0.1,0.64872,10.5,0.20105
9,0.95475,0.1,0.64917,10.5,0.20113
9,0.95475,0.1,0.64976,10.5,0.2013
9,0.95484,0.1,0.65034,10.5,0.20145
8.9,0.95507,0.1,0.6508,10.5,0.20147
8.9,0.95507,0.1,0.65123,10.5,0.20166
9,0.95518,0.1,0.65179,10.5,0.20181
9,0.95518,0.1,0.65221,10.5,0.20194
8.9,0.95518,0.1,0.65275,10.5,0.20229
8.9,0.95524,0.1,0.65321,10.5,0.20252
8.9,0.95613,0.1,0.65412,10.5,0.20264
8.9,0.95624,0.1,0.65468,10.4,0.20281
8.9,0.95641,0.1,0.65513,10.4,0.20296
8.9,0.95641,0.1,0.65551,10.4,0.20307
9,0.95658,0.1,0.656,10.4,0.20321
9.1,0.95658,0.1,0.65655,10.4,0.2034
8.9,0.95662,0.1,0.65713,10.4,0.20356
9,0.95679,0.1,0.65768,10.4,0.2038
8.9,0.95679,0.1,0.65813,10.4,0.20396
9,0.95679,0.1,0.6588,10.4,0.20412
9,0.95689,0.1,0.6594,10.4,0.20428
8.9,0.95705,0.1,0.65999,10.4,0.20449
9,0.95725,0.1,0.6606,10.4,0.2047
8.9,0.95741,0.1,0.6612,10.4,0.20476
9,0.95742,0.1,0.6618,10.4,0.20479
8.9,0.95755,0.1,0.66246,10.3,0.20485
8.9,0.95768,0.1,0.66301,10.4,0.20499
8.8,0.95774,0.1,0.66353,10.3,0.20505
8.8,0.95777,0.1,0.66408,10.3,0.20512
8.8,0.95777,0.1,0.66452,10.3,0.20522
8.9,0.95777,0.1,0.6649,10.3,0.20522
8.9,0.95777,0.1,0.66542,10.3,0.20529
8.9,0.95839,0.1,0.66633,10.3,0.20542
8.9,0.95869,0.1,0.66699,10.3,0.20552
8.9,0.95882,0.1,0.66757,10.3,0.20554
8.8,0.95882,0.1,0.66813,10.3,0.20559
8.9,0.95882,0.1,0.66871,10.3,0.20564
9,0.95882,0.1,0.6693,10.3,0.20567
9,0.95882,0.1,0.66994,10.3,0.20579
8.8,0.95882,0.1,0.67051,10.3,0.20599
8.9,0.95882,0.1,0.67091,10.3,0.20599
9,0.95882,0.1,0.67147,10.3,0.20604
8.9,0.95894,0.1,0.67199,10.3,0.20607
8.9,0.95894,0.1,0.67241,10.3,0.20614
8.9,0.95894,0.1,0.67289,10.2,0.20624
8.9,0.95904,0.1,0.67326,10.2,0.20635
9,0.95961,0.1,0.67374,10.2,0.20646
8.9,0.96012,0.1,0.67401,10.2,0.20648
8.8,0.96022,0.1,0.67426,10.2,0.20656
8.9,0.96038,0.1,0.67462,10.2,0.20664
8.8,0.96042,0.1,0.67493,10.2,0.20674
8.9,0.96045,0.1,0.67513,10.2,0.20686
8.8,0.96055,0.1,0.67532,10.2,0.20695
8.9,0.96059,0.1,0.67555,10.2,0.20703
8.9,0.96059,0.1,0.67575,10.2,0.20718
8.8,0.96059,0.1,0.67589,10.2,0.20729
8.9,0.96067,0.1,0.67611,10.2,0.20735
8.8,0.96067,0.1,0.6763,10.2,0.20743
8.8,0.96067,0.1,0.67643,10.2,0.2076
8.9,0.96075,0.1,0.67666,10.1,0.20787
8.8,0.96095,0.1,0.67688,10.1,0.20797
8.9,0.96111,0.1,0.67709,10.1,0.2082
9,0.96119,0.1,0.67728,10.1,0.20854
8.9,0.96119,0.1,0.67737,10.1,0.20875
8.8,0.96144,0.1,0.67751,10.1,0.20897
8.9,0.96146,0.1,0.67757,10.1,0.20905
8.9,0.96146,0.1,0.67763,10.1,0.20909
8.9,0.96189,0.1,0.67773,10.1,0.20923
8.9,0.96196,0.1,0.67779,10.1,0.20929
8.8,0.9622,0.1,0.67794,10.1,0.20937
8.9,0.96232,0.1,0.67808,10.1,0.20946
8.8,0.96232,0.1,0.67814,10.1,0.20958
8.9,0.96232,0.1,0.67821,10.1,0.20963
8.8,0.96245,0.1,0.67831,10,0.20968
8.8,0.96252,0.1,0.6784,10,0.20981
8.9,0.96252,0.1,0.67852,10,0.20983
8.9,0.96262,0.1,0.67861,10,0.20985
8.9,0.96267,0.1,0.67867,10,0.20991
8.8,0.96269,0.1,0.67879,10,0.20996
8.9,0.96269,0.1,0.67882,10,0.21001
8.8,0.96285,0.1,0.67893,10,0.21003
8.8,0.96289,0.1,0.67901,10,0.21017
8.8,0.96294,0.1,0.67905,10,0.21017
8.7,0.9632,0.1,0.67912,10,0.21031
8.8,0.9632,0.1,0.67919,10,0.21036
8.8,0.96329,0.1,0.67924,10,0.21046
8.8,0.9633,0.1,0.67934,9.9,0.21059
8.8,0.9633,0.1,0.67934,9.9,0.21059
8.9,0.96333,0.1,0.67945,9.9,0.21059
8.8,0.9639,0.1,0.67987,9.9,0.21065
8.8,0.96403,0.1,0.68003,9.9,0.21084
8.8,0.96429,0.1,0.68011,9.9,0.21099
8.8,0.96443,0.1,0.68018,9.9,0.21132
8.7,0.96478,0.1,0.68032,9.9,0.21158
8.7,0.96496,0.1,0.68037,9.9,0.21178
8.8,0.96534,0.1,0.68057,9.9,0.21215
8.8,0.96548,0.1,0.68067,9.8,0.21257
8.8,0.96554,0.1,0.68081,9.8,0.21306
8.8,0.96589,0.1,0.68098,9.8,0.21349
8.8,0.96614,0.1,0.68109,9.8,0.21405
8.8,0.96645,0.1,0.68121,9.8,0.21481
8.7,0.96649,0.1,0.68133,9.8,0.21548
8.8,0.96679,0.1,0.6815,9.8,0.21636
8.8,0.96718,0.1,0.6816,9.7,0.21718
8.8,0.96743,0.1,0.68181,9.7,0.21812
8.8,0.96743,0.1,0.68186,9.7,0.21895
8.7,0.96748,0.1,0.68195,9.7,0.21998
8.7,0.96758,0.1,0.68217,9.7,0.22139
8.8,0.96769,0.1,0.68227,9.7,0.2229
8.8,0.96775,0.1,0.68242,9.7,0.22436
8.7,0.96808,0.1,0.68263,9.7,0.22612
8.7,0.96808,0.1,0.68272,9.6,0.22735
8.9,0.96811,0.1,0.68289,9.7,0.22876
8.7,0.96816,0.1,0.68306,9.6,0.23029
8.8,0.96843,0.1,0.6833,9.6,0.23147
8.7,0.96852,0.1,0.68349,9.6,0.23279
8.8,0.96859,0.1,0.6837,9.6,0.23421
8.7,0.96861,0.1,0.68393,9.6,0.23569
8.8,0.96886,0.1,0.68423,9.5,0.23696
8.7,0.96903,0.1,0.68452,9.5,0.23854
8.8,0.96958,0.1,0.68485,9.5,0.24003
8.8,0.96958,0.1,0.68507,9.5,0.24149
8.8,0.96959,0.1,0.68541,9.5,0.24328
8.8,0.96976,0.1,0.68578,9.5,0.24493
8.8,0.96999,0.1,0.68599,9.5,0.24625
8.7,0.97008,0.1,0.68631,9.5,0.24781
8.7,0.97008,0.1,0.68666,9.5,0.24912
8.8,0.97008,0.1,0.68697,9.5,0.2503
8.7,0.97008,0.1,0.68741,9.4,0.25169
8.7,0.97027,0.1,0.68786,9.4,0.25334
8.7,0.97079,0.1,0.68826,9.4,0.25451
8.8,0.97079,0.1,0.68873,9.4,0.25592
8.6,0.97083,0.1,0.68926,9.4,0.25727
8.6,0.97087,0.1,0.68968,9.4,0.25829
8.7,0.97087,0.1,0.69014,9.4,0.25922
8.6,0.97108,0.1,0.69063,9.3,0.26007
8.7,0.97135,0.1,0.69124,9.3,0.26102
8.7,0.97135,0.1,0.69174,9.3,0.262
8.6,0.97138,0.1,0.69226,9.3,0.26288
8.7,0.97138,0.1,0.69267,9.3,0.26373
8.6,0.97156,0.1,0.69328,9.3,0.26463
8.7,0.97169,0.1,0.69389,9.3,0.2656
8.7,0.9717,0.1,0.69443,9.3,0.26628
8.6,0.97178,0.1,0.69504,9.3,0.26707
8.7,0.97179,0.1,0.69571,9.2,0.26782
8.7,0.97179,0.1,0.69645,9.2,0.2688
8.6,0.97179,0.1,0.69712,9.2,0.26955
8.7,0.97179,0.1,0.69781,9.2,0.27031
8.5,0.97179,0.1,0.69862,9.2,0.27091
8.6,0.97187,0.1,0.69936,9.2,0.27152
8.6,0.97204,0.1,0.70023,9.2,0.27231
8.4,0.97206,0.1,0.70107,9.1,0.27322
8.4,0.97211,0.1,0.70199,9.1,0.27389
8.5,0.97211,0.1,0.70278,9.1,0.2745
8.4,0.97218,0.1,0.70363,9.1,0.27508
8.4,0.9723,0.1,0.70448,9.1,0.27558
8.4,0.9723,0.1,0.70543,9.1,0.27621
8.3,0.9724,0.1,0.70638,9.1,0.27685
8.3,0.9724,0.1,0.70741,9.1,0.27744
8.3,0.97245,0.1,0.70841,9.1,0.27806
8.3,0.97245,0.1,0.70943,9.1,0.27858
8.4,0.97245,0.1,0.71039,9,0.27889
8.2,0.97245,0.1,0.71152,9,0.27935
8.3,0.97245,0.1,0.71262,9,0.27979
8.1,0.97246,0.1,0.7137,9,0.28018
8.1,0.97246,0.1,0.71472,9,0.2805
7.9,0.97246,0.1,0.71586,9,0.28093
8,0.97246,0.1,0.71699,9,0.28129
8,0.97246,0.1,0.71821,9,0.28161
8.1,0.97246,0.1,0.71943,8.9,0.28188
8,0.97261,0.1,0.72073,8.9,0.28225
7.9,0.97328,0.1,0.72214,8.9,0.28254
7.9,0.97328,0.1,0.72344,8.9,0.2828
7.9,0.97328,0.1,0.72467,8.9,0.28324
7.9,0.97328,0.1,0.72608,8.9,0.28375
8,0.97328,0.1,0.72728,8.9,0.28439
8,0.97328,0.1,0.72863,8.9,0.28483
7.8,0.97328,0.1,0.72999,8.9,0.28523
7.9,0.97366,0.1,0.73146,8.8,0.28577
8,0.97366,0.1,0.73291,8.8,0.28633
7.8,0.97366,0.1,0.7344,8.8,0.28675
7.8,0.97366,0.1,0.73583,8.8,0.28727
8,0.97368,0.1,0.73735,8.8,0.28777
7.9,0.97368,0.1,0.73872,8.8,0.28818
7.9,0.9738,0.1,0.7401,8.8,0.28856
7.8,0.9738,0.1,0.74159,8.8,0.28904
7.8,0.9738,0.1,0.74301,8.8,0.28948
7.8,0.97403,0.1,0.74448,8.8,0.28999
7.8,0.97403,0.1,0.74592,8.7,0.29044
7.7,0.97414,0.1,0.74739,8.7,0.29081
7.7,0.97418,0.1,0.74896,8.7,0.29141
7.7,0.97418,0.1,0.75052,8.7,0.29191
7.7,0.97437,0.1,0.75204,8.7,0.29249
7.8,0.97437,0.1,0.7536,8.7,0.29297
7.8,0.97437,0.1,0.75522,8.7,0.2934
7.8,0.97437,0.1,0.75668,8.6,0.29383
7.8,0.97445,0.1,0.75833,8.7,0.29422
7.8,0.97445,0.1,0.75981,8.7,0.29442
7.7,0.97445,0.1,0.7613,8.6,0.29482
7.7,0.97445,0.1,0.7628,8.6,0.29508
7.8,0.97445,0.1,0.76423,8.6,0.29526
7.7,0.97445,0.1,0.76556,8.6,0.29552
7.7,0.97445,0.1,0.76695,8.6,0.29569
7.8,0.97445,0.1,0.76827,8.6,0.29603
7.7,0.97445,0.1,0.76959,8.5,0.29639
7.6,0.97445,0.1,0.771,8.5,0.29672
7.6,0.97445,0.1,0.77239,8.5,0.29699
7.8,0.97445,0.1,0.77387,8.5,0.29715
7.7,0.97445,0.1,0.77532,8.5,0.29722
7.6,0.97445,0.1,0.77662,8.5,0.29738
7.9,0.97447,0.1,0.77802,8.5,0.29765
7.7,0.97447,0.1,0.7792,8.5,0.29789
7.7,0.97452,0.1,0.78012,8.4,0.29804
7.7,0.97452,0.1,0.78097,8.5,0.29806
7.5,0.97452,0.1,0.78185,8.4,0.29813
7.5,0.97452,0.1,0.78264,8.4,0.29819
7.6,0.97452,0.1,0.78349,8.4,0.29827
7.5,0.97452,0.1,0.78422,8.4,0.29833
7.6,0.97571,0.1,0.78566,8.4,0.29833
7.6,0.97617,0.1,0.78635,8.4,0.29836
7.6,0.97619,0.1,0.78738,8.4,0.29837
7.6,0.97619,0.1,0.78795,8.4,0.29841
7.6,0.97619,0.1,0.78902,8.4,0.29849
7.6,0.97619,0.1,0.78963,8.4,0.2986
7.6,0.97619,0.1,0.79038,8.3,0.29884
7.5,0.9764,0.1,0.79088,8.3,0.29891
7.6,0.97643,0.1,0.79119,8.3,0.29891
7.6,0.97832,0.1,0.79166,8.3,0.29891
7.5,0.97879,0.1,0.792,8.3,0.29891
7.6,0.97935,0.1,0.79282,8.3,0.29891
7.6,0.97957,0.1,0.79316,8.3,0.29891
7.6,0.97967,0.1,0.79388,8.3,0.29891
7.6,0.97967,0.1,0.79448,8.3,0.29891
7.5,0.97969,0.1,0.79493,8.3,0.29891
7.5,0.97986,0.1,0.79573,8.2,0.29891
7.5,0.97986,0.1,0.79603,8.3,0.29891
7.5,0.97993,0.1,0.79646,8.2,0.29891
7.5,0.97999,0.1,0.79695,8.2,0.29891
7.4,0.97999,0.1,0.79714,8.2,0.29891
7.5,0.97999,0.1,0.79734,8.2,0.29891
7.5,0.9801,0.1,0.79785,8.2,0.29891
7.5,0.98016,0.1,0.79882,8.2,0.29891
7.5,0.98035,0.1,0.79959,8.2,0.29891
7.4,0.98056,0.1,0.8002,8.2,0.29891
7.4,0.98102,0.1,0.80176,8.2,0.29891
7.5,0.98102,0.1,0.8023,8.2,0.29891
7.5,0.98104,0.1,0.80287,8.1,0.29891
7.5,0.98114,0.1,0.8039,8.1,0.29891
7.5,0.98129,0.1,0.8044,8.1,0.29891
7.4,0.98129,0.1,0.80483,8.1,0.29891
7.5,0.98129,0.1,0.80526,8.1,0.29891
7.4,0.9813,0.1,0.80581,8.1,0.29891
7.4,0.9815,0.1,0.80682,8.1,0.29891
7.4,0.98151,0.1,0.80746,8.1,0.29891
7.4,0.98151,0.1,0.80777,8.1,0.29891
7.4,0.98168,0.1,0.80791,8.1,0.29891
7.3,0.98183,0.1,0.80835,8,0.29891
7.5,0.98183,0.1,0.80855,8.1,0.29891
7.4,0.98183,0.1,0.80891,8,0.29891
7.3,0.98183,0.1,0.80938,8,0.29891
7.4,0.98183,0.1,0.80999,8,0.29891
7.4,0.9819,0.1,0.8106,8,0.29891
7.4,0.98195,0.1,0.81149,8,0.29891
7.4,0.98195,0.1,0.81172,8,0.29891
7.4,0.98202,0.1,0.81213,8,0.29891
7.4,0.98204,0.1,0.81272,7.9,0.29891
7.4,0.98204,0.1,0.81328,7.9,0.29891
7.5,0.98205,0.1,0.81399,7.9,0.29891
7.4,0.98209,0.1,0.81455,7.9,0.29891
7.3,0.98211,0.1,0.81519,7.9,0.29891
7.3,0.98217,0.1,0.81549,7.9,0.29891
7.4,0.98231,0.1,0.81625,7.9,0.29891
7.3,0.98231,0.1,0.81675,7.9,0.29891
7.3,0.98299,0.1,0.81783,7.9,0.29891
7.3,0.98299,0.1,0.81813,7.9,0.29891
7.3,0.98301,0.1,0.81904,7.9,0.29891
7.4,0.98313,0.1,0.81969,7.8,0.29891
7.3,0.98329,0.1,0.82067,7.8,0.29891
7.4,0.98344,0.1,0.8215,7.8,0.29891
7.3,0.9835,0.1,0.82207,7.8,0.29891
7.4,0.9835,0.1,0.82251,7.8,0.29891
7.3,0.9835,0.1,0.82278,7.8,0.29891
7.3,0.98368,0.1,0.82358,7.8,0.29891
7.2,0.98368,0.1,0.82402,7.8,0.29891
7.3,0.98391,0.1,0.82462,7.8,0.29891
7.3,0.98391,0.1,0.82481,7.8,0.29891
7.4,0.98397,0.1,0.82553,7.8,0.29891
7.4,0.98403,0.1,0.82624,7.8,0.29891
7.3,0.98403,0.1,0.82692,7.8,0.29891
7.3,0.98415,0.1,0.8276,7.7,0.29891
7.2,0.98424,0.1,0.82826,7.7,0.29891
7.4,0.98424,0.1,0.82874,7.7,0.29891
7.3,0.98449,0.1,0.8294,7.7,0.29891
7.3,0.98449,0.1,0.82957,7.7,0.29891
7.2,0.98462,0.1,0.82996,7.7,0.29891
7.2,0.98462,0.1,0.83006,7.7,0.29891
7.3,0.98462,0.1,0.83025,7.7,0.29891
7.3,0.98462,0.1,0.83059,7.7,0.29891
7.3,0.98462,0.1,0.83069,7.7,0.29891
7.2,0.98462,0.1,0.83112,7.7,0.29891
7.3,0.98462,0.1,0.83131,7.6,0.29891
7.3,0.98462,0.1,0.83143,7.6,0.29891
7.3,0.98462,0.1,0.83143,7.6,0.29891
7.4,0.98464,0.1,0.83162,7.6,0.29891
7.3,0.98464,0.1,0.83193,7.6,0.29891
7.3,0.98464,0.1,0.832,7.6,0.29891
7.3,0.98464,0.1,0.83201,7.6,0.29891
7.3,0.98464,0.1,0.83228,7.6,0.29891
7.3,0.98472,0.1,0.83268,7.6,0.29891
7.4,0.985,0.1,0.83311,7.5,0.29891
7.4,0.985,0.1,0.83327,7.5,0.29891
7.3,0.98516,0.1,0.83371,7.5,0.29891
7.3,0.98528,0.1,0.8342,7.6,0.29891
7.2,0.98528,0.1,0.83434,7.5,0.29891
7.3,0.98528,0.1,0.83434,7.5,0.29891
7.3,0.98528,0.1,0.83438,7.5,0.29891
7.3,0.98528,0.1,0.83446,7.5,0.29891
7.4,0.98528,0.1,0.83457,7.5,0.29891
7.3,0.98528,0.1,0.83464,7.5,0.29891
7.3,0.98528,0.1,0.83472,7.5,0.29891
7.3,0.98536,0.1,0.83502,7.5,0.29891
7.3,0.98536,0.1,0.83504,7.5,0.29891
7.3,0.98539,0.1,0.83517,7.4,0.29891
7.3,0.98539,0.1,0.83517,7.5,0.29891
7.3,0.98539,0.1,0.8355,7.4,0.29891
7.4,0.98546,0.1,0.83592,7.4,0.29891
7.3,0.98546,0.1,0.83592,7.4,0.29891
7.3,0.98546,0.1,0.83592,7.4,0.29891
7.2,0.98546,0.1,0.83592,7.4,0.29891
7.2,0.98546,0.1,0.83592,7.4,0.29891
7.3,0.98546,0.1,0.83592,7.4,0.29891
7.2,0.98546,0.1,0.83597,7.4,0.29891
7.3,0.98546,0.1,0.83597,7.4,0.29891
7.3,0.98546,0.1,0.83599,7.4,0.29891
7.2,0.98546,0.1,0.83615,7.4,0.29891
7.2,0.98546,0.1,0.83617,7.3,0.29891
7.2,0.98546,0.1,0.83622,7.3,0.29891
7.3,0.98546,0.1,0.83622,7.3,0.29891
7.2,0.98549,0.1,0.83622,7.3,0.29891
7.3,0.98549,0.1,0.83635,7.3,0.29891
7.3,0.98549,0.1,0.83635,7.3,0.29891
7.2,0.98549,0.1,0.83636,7.3,0.29891
7.3,0.98575,0.1,0.83642,7.3,0.29891
7.2,0.98575,0.1,0.83647,7.3,0.29891
7.1,0.98576,0.1,0.83651,7.3,0.29891
7.3,0.98576,0.1,0.83651,7.3,0.29891
7.2,0.98598,0.1,0.83651,7.3,0.29891
7.3,0.98598,0.1,0.83651,7.2,0.29891
7.4,0.98598,0.1,0.83651,7.3,0.29891
7.3,0.98605,0.1,0.83656,7.3,0.29891
7.2,0.98617,0.1,0.83665,7.3,0.29891
7.2,0.98623,0.1,0.83701,7.2,0.29891
7.3,0.98623,0.1,0.83701,7.2,0.29891
7.2,0.98623,0.1,0.83708,7.2,0.29891
7.1,0.98623,0.1,0.83711,7.2,0.29891
7.3,0.98623,0.1,0.83711,7.2,0.29891
7.3,0.98648,0.1,0.83739,7.2,0.29891
7.2,0.98649,0.1,0.83744,7.2,0.29891
7.2,0.98649,0.1,0.83752,7.2,0.29891
7.2,0.98649,0.1,0.83752,7.2,0.29891
7.4,0.9865,0.1,0.83753,7.2,0.29891
7.2,0.98655,0.1,0.83755,7.1,0.29891
7.3,0.98655,0.1,0.83755,7.1,0.29891
7.2,0.98655,0.1,0.83774,7.1,0.29891
7.2,0.98657,0.1,0.83776,7.1,0.29891
7.2,0.98682,0.1,0.83799,7.1,0.29891
7.2,0.98682,0.1,0.83801,7.1,0.29891
7.2,0.98682,0.1,0.83801,7.1,0.29891
7.3,0.98682,0.1,0.83801,7.1,0.29891
7.2,0.98694,0.1,0.83805,7.1,0.29891
7.3,0.98696,0.1,0.83817,7.1,0.29891
7.3,0.98696,0.1,0.83818,7.1,0.29892
7.2,0.98696,0.1,0.8382,7.1,0.29892
7.2,0.98696,0.1,0.83821,7,0.29892
7.2,0.98708,0.1,0.83827,7,0.29892
7.2,0.98708,0.1,0.83827,7,0.29892
7.2,0.98753,0.1,0.83849,7,0.29892
7.2,0.98753,0.1,0.83853,7,0.29892
7.3,0.98753,0.1,0.83853,7,0.29892
7.3,0.98753,0.1,0.83863,7,0.29892
7.2,0.98778,0.1,0.83874,7,0.29893
7.2,0.98778,0.1,0.83876,7,0.29893
7.2,0.98778,0.1,0.83876,7,0.29897
7.3,0.98778,0.1,0.83876,7,0.29897
7.2,0.98778,0.1,0.83877,7,0.29899
7.2,0.98778,0.1,0.83882,7,0.299
7.2,0.98797,0.1,0.83904,7,0.299
7.1,0.98797,0.1,0.83904,7,0.299
7.3,0.98847,0.1,0.83918,7,0.29903
7.1,0.98847,0.1,0.83918,6.9,0.29905
7.1,0.98856,0.1,0.83929,6.9,0.2991
7.1,0.9886,0.1,0.8393,6.9,0.2991
7.3,0.98883,0.1,0.83942,6.9,0.29915
7.2,0.98883,0.1,0.83942,6.9,0.29921
7.1,0.98883,0.1,0.83945,6.9,0.29931
7.2,0.98892,0.1,0.83956,6.9,0.29931
7.2,0.98892,0.1,0.83958,6.9,0.29939
7.2,0.98892,0.1,0.83958,6.9,0.29947
7.3,0.98927,0.1,0.83977,6.9,0.2995
7.2,0.98927,0.1,0.83978,6.9,0.29958
7.3,0.98927,0.1,0.83978,6.9,0.2997
7.2,0.98927,0.1,0.83978,6.9,0.29975
7,0.98927,0.1,0.8398,6.9,0.29989
7.1,0.98944,0.1,0.83988,6.8,0.30004
7.1,0.9896,0.1,0.84,6.9,0.30019
7.2,0.9896,0.1,0.84,6.8,0.30041
7.2,0.9896,0.1,0.84,6.8,0.30048
7.2,0.9896,0.1,0.84,6.8,0.30064
7.2,0.98974,0.1,0.84009,6.8,0.30072
7.2,0.98974,0.1,0.84009,6.8,0.30082
7.2,0.98986,0.1,0.84022,6.8,0.30097
7.2,0.98986,0.1,0.84026,6.8,0.30101
7.1,0.99035,0.1,0.84054,6.8,0.30107
7.2,0.99035,0.1,0.84055,6.8,0.30129
7.2,0.99035,0.1,0.84057,6.8,0.30129
7.2,0.99074,0.1,0.84075,6.8,0.30204
7.2,0.99074,0.1,0.84076,6.8,0.30204
7.2,0.99074,0.1,0.84076,6.7,0.30205
7.3,0.99074,0.1,0.84076,6.8,0.30205
7.1,0.99074,0.1,0.84076,6.7,0.30205
7,0.99135,0.1,0.84078,6.7,0.30205
7.1,0.99153,0.1,0.84078,6.7,0.30215
7.2,0.99276,0.1,0.84092,6.7,0.30215
7.1,0.99333,0.1,0.84098,6.7,0.30215
7.1,0.99333,0.1,0.84098,6.7,0.30215
7.1,0.99333,0.1,0.84099,6.7,0.30215
7.1,0.99333,0.1,0.84099,6.7,0.30215
7.1,0.99333,0.1,0.84099,6.7,0.30215
7.1,0.99333,0.1,0.84099,6.7,0.30215
7.2,0.99333,0.1,0.84099,6.7,0.30215
7.1,0.99342,0.1,0.84099,6.7,0.30215
7.2,0.99342,0.1,0.841,6.7,0.30215
7.2,0.99343,0.1,0.841,6.6,0.30215
7.1,0.99364,0.1,0.84102,6.6,0.30215
7.2,0.99377,0.1,0.84103,6.6,0.30215
7.1,0.99377,0.1,0.84103,6.6,0.30215
7.1,0.99377,0.1,0.84103,6.6,0.30215
7.1,0.99394,0.1,0.84104,6.6,0.30215
7.1,0.99394,0.1,0.84104,6.6,0.30215
7.1,0.99394,0.1,0.84104,6.6,0.30215
7.1,0.99416,0.1,0.84104,6.6,0.30215
7.1,0.99439,0.1,0.84166,6.6,0.30332
7.1,0.99439,0.1,0.84215,6.6,0.30389
7.2,0.99439,0.1,0.84215,6.6,0.30391
7.1,0.99439,0.1,0.84216,6.6,0.30391
7.1,0.99439,0.1,0.8422,6.6,0.30391
7,0.99439,0.1,0.84221,6.6,0.30392
7.1,0.99439,0.1,0.84222,6.5,0.30392
7.1,0.99439,0.1,0.84222,6.5,0.30393
7.1,0.99439,0.1,0.84222,6.5,0.30393
7,0.99439,0.1,0.84222,6.5,0.30393
7,0.99439,0.1,0.84225,6.5,0.30393
7,0.99439,0.1,0.84227,6.5,0.30395
7.1,0.99439,0.1,0.84233,6.5,0.30397
7,0.99439,0.1,0.84233,6.5,0.30397
7.1,0.99439,0.1,0.84237,6.5,0.30397
7.1,0.99439,0.1,0.8424,6.5,0.30397
7.1,0.99439,0.1,0.84246,6.5,0.30397
7,0.99439,0.1,0.84247,6.5,0.30397
6.9,0.99439,0.1,0.84249,6.5,0.30397
7,0.99439,0.1,0.8425,6.4,0.30397
7.1,0.99439,0.1,0.84256,6.5,0.30399
7,0.99439,0.1,0.84258,6.4,0.30402
7,0.99439,0.1,0.8426,6.4,0.30403
6.9,0.99439,0.1,0.84262,6.4,0.30405
7,0.99439,0.1,0.84263,6.4,0.30406
6.9,0.99439,0.1,0.84266,6.4,0.30406
7,0.99439,0.1,0.84266,6.4,0.30406
7.1,0.99439,0.1,0.84273,6.4,0.30406
7,0.99439,0.1,0.84275,6.4,0.30407
7.1,0.99439,0.1,0.84276,6.4,0.30407
7,0.99439,0.1,0.84277,6.4,0.3041
6.9,0.99439,0.1,0.84277,6.4,0.3041
7,0.99439,0.1,0.84277,6.4,0.3041
7,0.99439,0.1,0.84277,6.4,0.3041
6.9,0.99439,0.1,0.84277,6.4,0.3041
7,0.99439,0.1,0.8428,6.4,0.3041
7,0.99439,0.1,0.84281,6.3,0.3041
7,0.99439,0.1,0.84281,6.3,0.3041
7,0.99439,0.1,0.84282,6.3,0.3041
6.9,0.99439,0.1,0.84282,6.3,0.3041
7,0.99439,0.1,0.84283,6.3,0.3041
6.9,0.99439,0.1,0.84284,6.3,0.30411
6.8,0.99439,0.1,0.84284,6.3,0.30411
7,0.99439,0.1,0.84285,6.3,0.30411
7,0.99439,0.1,0.84285,6.3,0.30411
7,0.99439,0.1,0.84296,6.3,0.30411
7,0.99439,0.1,0.84296,6.3,0.30411
7,0.99439,0.1,0.84296,6.3,0.30411
7,0.99439,0.1,0.84296,6.3,0.30411
7.1,0.99439,0.1,0.84303,6.3,0.30411
7,0.99439,0.1,0.84303,6.3,0.30411
7,0.99439,0.1,0.84307,6.3,0.30411
6.9,0.99439,0.1,0.84307,6.2,0.30411
7,0.99439,0.1,0.8431,6.2,0.30411
7,0.99439,0.1,0.84311,6.2,0.30411
6.9,0.99439,0.1,0.84313,6.2,0.30411
6.9,0.99439,0.1,0.84313,6.2,0.30411
7,0.99439,0.1,0.84317,6.2,0.30411
7,0.99439,0.1,0.84319,6.2,0.30411
6.9,0.99439,0.1,0.84319,6.2,0.30411
6.9,0.99439,0.1,0.84322,6.2,0.30411
6.9,0.99439,0.1,0.84323,6.2,0.30411
6.9,0.99439,0.1,0.84326,6.2,0.30411
7.1,0.99439,0.1,0.8433,6.2,0.30411
7,0.99439,0.1,0.84334,6.2,0.30411
6.9,0.99439,0.1,0.84339,6.2,0.30411
6.9,0.99439,0.1,0.84346,6.2,0.30411
6.9,0.99439,0.1,0.84347,6.2,0.30411
6.9,0.99439,0.1,0.8435,6.2,0.30411
7,0.99439,0.1,0.8435,6.2,0.30411
6.9,0.99439,0.1,0.8435,6.1,0.30411
7,0.99439,0.1,0.84353,6.1,0.30411
7,0.99439,0.1,0.84354,6.1,0.30411
6.9,0.99439,0.1,0.84356,6.1,0.30411
6.9,0.99439,0.1,0.84356,6.1,0.30411
6.9,0.99439,0.1,0.84356,6.1,0.30411
6.8,0.99439,0.1,0.84359,6.1,0.30411
6.8,0.99439,0.1,0.84363,6.1,0.30411
6.8,0.99439,0.1,0.84365,6.1,0.30411
6.8,0.99439,0.1,0.84366,6.1,0.30411
6.9,0.99439,0.1,0.84366,6.1,0.30411
7,0.99439,0.1,0.84367,6.1,0.30411
6.9,0.99439,0.1,0.84375,6.1,0.30411
7,0.99439,0.1,0.84379,6.1,0.30411
6.9,0.99439,0.1,0.84383,6.1,0.30411
6.9,0.99439,0.1,0.84388,6.1,0.30411
7,0.99439,0.1,0.84393,6.1,0.30411
6.9,0.99439,0.1,0.844,6,0.30411
6.9,0.99439,0.1,0.84405,6.1,0.30411
6.9,0.99439,0.1,0.84408,6,0.30411
6.9,0.99439,0.1,0.8442,6,0.30411
6.8,0.99439,0.1,0.84424,6,0.30411
6.8,0.99439,0.1,0.84437,6,0.30411
6.9,0.99439,0.1,0.84448,6,0.30411
6.8,0.99439,0.1,0.84453,6,0.30411
6.8,0.99439,0.1,0.84457,6,0.30411
6.9,0.99439,0.1,0.84462,6,0.30411
6.9,0.99439,0.1,0.84469,6,0.30411
6.8,0.99439,0.1,0.84482,6,0.30411
6.8,0.99439,0.1,0.84488,6,0.30411
6.9,0.99439,0.1,0.84497,6,0.30411
6.9,0.99439,0.1,0.84502,6,0.30411
6.8,0.99439,0.1,0.84512,6,0.30411
6.9,0.99439,0.1,0.84527,6,0.30411
6.8,0.99439,0.1,0.84541,5.9,0.30411
6.8,0.99439,0.1,0.84557,6,0.30411
6.8,0.99439,0.1,0.84563,5.9,0.30411
6.8,0.99439,0.1,0.84571,5.9,0.30411
6.9,0.99439,0.1,0.84574,6,0.30411
6.9,0.99439,0.1,0.84583,5.9,0.30411
6.8,0.99439,0.1,0.8459,5.9,0.30411
6.9,0.99439,0.1,0.846,5.9,0.30411
6.9,0.99439,0.1,0.84606,5.9,0.30411
6.9,0.99439,0.1,0.8462,5.9,0.30411
6.8,0.99439,0.1,0.84635,5.9,0.30411
6.9,0.99439,0.1,0.8465,5.9,0.30411
6.8,0.99439,0.1,0.84655,5.9,0.30411
6.8,0.99439,0.1,0.8466,5.9,0.30411
6.9,0.99439,0.1,0.84671,5.9,0.30411
6.8,0.99439,0.1,0.84675,5.9,0.30411
6.8,0.99439,0.1,0.8469,5.9,0.30411
6.8,0.99439,0.1,0.84705,5.9,0.30411
6.8,0.99439,0.1,0.84719,5.9,0.30411
6.8,0.99439,0.1,0.84731,5.9,0.30411
6.8,0.99439,0.1,0.84745,5.9,0.30411
6.8,0.99439,0.1,0.84754,5.9,0.30411
6.8,0.99439,0.1,0.84776,5.8,0.30411
6.8,0.99439,0.1,0.84797,5.8,0.30411
6.9,0.99439,0.1,0.8481,5.8,0.30411
6.7,0.99439,0.1,0.84826,5.8,0.30411
6.8,0.99439,0.1,0.84845,5.8,0.30411
6.8,0.99439,0.1,0.84863,5.8,0.30411
6.8,0.99439,0.1,0.84889,5.8,0.30411
6.8,0.99439,0.1,0.84908,5.8,0.30411
6.8,0.99439,0.1,0.84926,5.8,0.30411
6.8,0.99439,0.1,0.84943,5.8,0.30411
6.8,0.99439,0.1,0.84959,5.8,0.30411
6.9,0.99439,0.1,0.84977,5.8,0.30411
6.8,0.99439,0.1,0.84997,5.8,0.30411
6.8,0.99439,0.1,0.85021,5.8,0.30411
6.7,0.99439,0.1,0.85033,5.8,0.30411
6.8,0.99439,0.1,0.85052,5.8,0.30411
6.8,0.99439,0.1,0.85071,5.8,0.30411
6.8,0.99439,0.1,0.85084,5.8,0.30411
6.9,0.99439,0.1,0.85103,5.8,0.30411
6.8,0.99439,0.1,0.85123,5.7,0.30411
6.8,0.99439,0.1,0.85148,5.8,0.30411
6.8,0.99439,0.1,0.85167,5.7,0.30411
6.8,0.99439,0.1,0.8518,5.7,0.30411
6.7,0.99439,0.1,0.85197,5.7,0.30411
6.8,0.99439,0.1,0.85209,5.7,0.30411
6.7,0.99439,0.1,0.85224,5.7,0.30411
6.7,0.99439,0.1,0.85241,5.7,0.30411
6.7,0.99439,0.1,0.8526,5.7,0.30411
6.8,0.99439,0.1,0.85266,5.7,0.30411
6.7,0.99439,0.1,0.85284,5.7,0.30411
6.8,0.99439,0.1,0.85305,5.7,0.30411
6.8,0.99439,0.1,0.85325,5.7,0.30411
6.8,0.99439,0.1,0.85344,5.7,0.30411
6.9,0.99439,0.1,0.85366,5.7,0.30411
6.7,0.99439,0.1,0.85379,5.7,0.30411
6.7,0.99439,0.1,0.85394,5.7,0.30411
6.8,0.99439,0.1,0.85403,5.7,0.30411
6.8,0.99439,0.1,0.85415,5.7,0.30411
6.7,0.99439,0.1,0.85425,5.7,0.30411
6.7,0.99439,0.1,0.85444,5.7,0.30411
6.8,0.99439,0.1,0.85456,5.7,0.30411
6.7,0.99439,0.1,0.85478,5.7,0.30411
6.9,0.99439,0.1,0.85489,5.7,0.30411
6.7,0.99439,0.1,0.85504,5.6,0.30411
6.8,0.99439,0.1,0.85522,5.6,0.30411
6.8,0.99439,0.1,0.85534,5.6,0.30411
6.8,0.99439,0.1,0.85543,5.6,0.30411
6.8,0.99439,0.1,0.85557,5.6,0.30411
6.9,0.99439,0.1,0.8557,5.6,0.30411
6.8,0.99439,0.1,0.85592,5.6,0.30411
6.7,0.99439,0.1,0.8561,5.6,0.30411
6.8,0.99439,0.1,0.85621,5.6,0.30411
6.8,0.99439,0.1,0.85634,5.6,0.30411
6.7,0.99439,0.1,0.85646,5.6,0.30411
6.6,0.99439,0.1,0.85667,5.6,0.30411
6.7,0.99439,0.1,0.85684,5.6,0.30411
6.6,0.99439,0.1,0.85705,5.6,0.30411
6.7,0.99439,0.1,0.85718,5.6,0.30411
6.8,0.99439,0.1,0.85729,5.6,0.30411
6.8,0.99439,0.1,0.85752,5.6,0.30411
6.7,0.99439,0.1,0.85771,5.6,0.30411
6.8,0.99439,0.1,0.85787,5.6,0.30411
6.8,0.99439,0.1,0.85802,5.6,0.30411
6.7,0.99439,0.1,0.85815,5.6,0.30411
6.8,0.99439,0.1,0.85824,5.6,0.30411
6.7,0.99439,0.1,0.85872,5.6,0.30427
6.7,0.99439,0.1,0.85968,5.5,0.30495
6.7,0.99439,0.1,0.8603,5.5,0.3054
6.8,0.99439,0.1,0.86071,5.5,0.30569
6.8,0.99439,0.1,0.86156,5.5,0.30582
6.7,0.99439,0.1,0.86215,5.5,0.30612
6.8,0.99441,0.1,0.86296,5.5,0.3062
6.8,0.99441,0.1,0.86372,5.5,0.3063
6.7,0.99444,0.1,0.8644,5.5,0.3066
6.7,0.99446,0.1,0.86563,5.5,0.30693
6.7,0.99446,0.1,0.86672,5.5,0.30725
6.7,0.99448,0.1,0.86761,5.5,0.30753
6.8,0.99448,0.1,0.86834,5.5,0.30778
6.7,0.99449,0.1,0.86924,5.5,0.3082
6.8,0.99449,0.1,0.86998,5.5,0.30895
6.7,0.99449,0.1,0.87072,5.5,0.30966
6.8,0.99449,0.1,0.87146,5.5,0.31028
6.7,0.99449,0.1,0.87215,5.5,0.31101
6.7,0.99449,0.1,0.87287,5.5,0.31176
6.8,0.99449,0.1,0.87356,5.5,0.3122
6.6,0.99449,0.1,0.87422,5.5,0.31244
6.7,0.99449,0.1,0.8748,5.5,0.31295
6.6,0.99449,0.1,0.87555,5.5,0.31311
6.6,0.99449,0.1,0.87624,5.5,0.31345
6.7,0.9945,0.1,0.87703,5.5,0.31353
6.8,0.9945,0.1,0.87761,5.5,0.31371
6.7,0.9945,0.1,0.87808,5.4,0.31376
6.6,0.9945,0.1,0.87856,5.5,0.31376
6.5,0.9945,0.1,0.87898,5.4,0.31393
6.6,0.9945,0.1,0.87951,5.4,0.31403
6.6,0.9945,0.1,0.87977,5.4,0.31403
6.7,0.9945,0.1,0.88019,5.4,0.31403
6.6,0.9945,0.1,0.88086,5.4,0.31403
6.7,0.9945,0.1,0.88127,5.4,0.31405
6.6,0.9945,0.1,0.8818,5.4,0.31406
6.7,0.9945,0.1,0.88207,5.4,0.31407
6.7,0.9945,0.1,0.88242,5.4,0.31421
6.7,0.9945,0.1,0.88271,5.4,0.31421
6.6,0.9945,0.1,0.88297,5.4,0.31427
6.7,0.9945,0.1,0.88337,5.4,0.31436
6.7,0.9945,0.1,0.88358,5.4,0.31441
6.7,0.9945,0.1,0.88396,5.4,0.31486
6.7,0.9945,0.1,0.88428,5.4,0.3151
6.7,0.9945,0.1,0.88452,5.4,0.3152
6.6,0.9945,0.1,0.88477,5.4,0.31549
6.7,0.9945,0.1,0.88513,5.4,0.31569
6.7,0.9945,0.1,0.8854,5.4,0.31623
6.7,0.9945,0.1,0.88565,5.4,0.31655
6.7,0.9945,0.1,0.88599,5.4,0.31703
6.7,0.9945,0.1,0.8862,5.3,0.31717
6.6,0.99454,0.1,0.88646,5.4,0.31719
6.7,0.99454,0.1,0.88679,5.4,0.31737
6.6,0.99454,0.1,0.88709,5.4,0.31745
6.7,0.99454,0.1,0.88731,5.4,0.31746
6.7,0.99454,0.1,0.88759,5.3,0.31746
6.6,0.99454,0.1,0.8878,5.3,0.31746
6.6,0.99454,0.1,0.88809,5.3,0.31746
6.7,0.99454,0.1,0.88841,5.3,0.31746
6.6,0.99454,0.1,0.88866,5.3,0.31748
6.6,0.99454,0.1,0.88891,5.3,0.31748
6.7,0.99454,0.1,0.88906,5.3,0.31748
6.7,0.99454,0.1,0.88939,5.3,0.31748
6.6,0.99454,0.1,0.88969,5.3,0.31773
6.6,0.99454,0.1,0.89028,5.3,0.31871
6.7,0.99454,0.1,0.89091,5.3,0.31976
6.7,0.99454,0.1,0.8917,5.3,0.32078
6.7,0.99462,0.1,0.89242,5.3,0.32157
6.6,0.99462,0.1,0.89307,5.3,0.32175
6.7,0.99463,0.1,0.89393,5.3,0.32191
6.7,0.99465,0.1,0.89468,5.3,0.32213
6.8,0.99465,0.1,0.8954,5.3,0.32238
6.7,0.99474,0.1,0.89617,5.3,0.32311
6.7,0.9948,0.1,0.89675,5.3,0.32352
6.6,0.9948,0.1,0.89734,5.3,0.32397
6.7,0.99484,0.1,0.89772,5.3,0.32414
6.6,0.99484,0.1,0.89813,5.3,0.32433
6.6,0.99506,0.1,0.89872,5.3,0.32462
6.5,0.99511,0.1,0.89928,5.2,0.32472
6.7,0.99511,0.1,0.89974,5.3,0.32494
6.6,0.99511,0.1,0.90045,5.3,0.3252
6.7,0.99511,0.1,0.90086,5.3,0.32528
6.7,0.99511,0.1,0.90133,5.3,0.32533
6.6,0.99511,0.1,0.90179,5.2,0.32538
6.6,0.99511,0.1,0.90222,5.2,0.32569
6.7,0.99511,0.1,0.90272,5.2,0.32608
6.6,0.99511,0.1,0.90347,5.2,0.32616
6.7,0.99511,0.1,0.90384,5.2,0.32625
6.6,0.99514,0.1,0.90427,5.2,0.32642
6.8,0.99514,0.1,0.90482,5.2,0.32724
6.6,0.99514,0.1,0.9053,5.2,0.32837
6.6,0.99514,0.1,0.90575,5.2,0.32951
6.6,0.99514,0.1,0.90621,5.2,0.33036
6.6,0.99514,0.1,0.90684,5.2,0.33183
6.6,0.99514,0.1,0.90753,5.2,0.33332
6.6,0.99514,0.1,0.90799,5.2,0.33518
6.8,0.9952,0.1,0.90874,5.2,0.33685
6.7,0.9952,0.1,0.90944,5.2,0.33984
6.7,0.9952,0.1,0.91012,5.2,0.34226
6.6,0.9952,0.1,0.91064,5.2,0.34439
6.6,0.9952,0.1,0.9111,5.2,0.34636
6.6,0.9952,0.1,0.91147,5.2,0.34877
6.6,0.9952,0.1,0.91181,5.2,0.35112
6.6,0.9952,0.1,0.91227,5.2,0.35346
6.6,0.9952,0.1,0.91275,5.2,0.35653
6.6,0.9952,0.1,0.91315,5.2,0.35991
6.6,0.9952,0.1,0.91362,5.2,0.36367
6.6,0.9952,0.1,0.9141,5.2,0.36582
6.7,0.9952,0.1,0.91462,5.2,0.3696
6.7,0.9952,0.1,0.91504,5.2,0.37224
6.6,0.9952,0.1,0.91529,5.1,0.37422
6.6,0.9952,0.1,0.91574,5.1,0.37721
6.7,0.9952,0.1,0.91618,5.2,0.37979
6.6,0.9952,0.1,0.91657,5.2,0.38197
6.7,0.9952,0.1,0.91704,5.1,0.38442
6.7,0.9952,0.1,0.91731,5.1,0.38842
6.7,0.9952,0.1,0.91758,5.1,0.39137
6.7,0.9952,0.1,0.91782,5.1,0.39509
6.8,0.9952,0.1,0.91818,5.1,0.39719
6.8,0.9952,0.1,0.9185,5.1,0.39898
6.7,0.9952,0.1,0.91877,5.1,0.40232
6.7,0.9952,0.1,0.91903,5.1,0.40582
6.7,0.9952,0.1,0.9193,5.1,0.40855
6.7,0.9952,0.1,0.91988,5.1,0.4118
6.8,0.9952,0.1,0.92018,5.1,0.41453
6.7,0.9952,0.1,0.92038,5.1,0.41774
6.8,0.9952,0.1,0.92063,5.1,0.41999
6.7,0.99523,0.1,0.92097,5.1,0.42325
6.7,0.99523,0.1,0.92123,5.1,0.42545
6.8,0.99523,0.1,0.92174,5.1,0.42661
6.6,0.99523,0.1,0.92219,5.1,0.42784
6.7,0.99523,0.1,0.92252,5.1,0.42847
6.7,0.99523,0.1,0.92273,5.1,0.43042
6.8,0.99523,0.1,0.92301,5.1,0.43285
6.7,0.99523,0.1,0.92337,5.1,0.43449
6.7,0.99523,0.1,0.92374,5.1,0.43562
6.8,0.99523,0.1,0.92422,5.1,0.4365
6.7,0.99523,0.1,0.92454,5.1,0.43691
6.7,0.99523,0.1,0.92482,5.1,0.43723
6.7,0.99524,0.1,0.92519,5.1,0.43771
6.6,0.99525,0.1,0.92553,5,0.43814
6.8,0.99537,0.1,0.92592,5,0.43861
6.7,0.99545,0.1,0.92623,5,0.43967
6.7,0.99548,0.1,0.92659,5,0.44061
6.7,0.99548,0.1,0.92694,5,0.44136
6.7,0.99554,0.1,0.92734,5,0.44222
6.6,0.99559,0.1,0.92769,5,0.44463
6.7,0.99563,0.1,0.92806,5,0.44777
6.7,0.99573,0.1,0.92867,5,0.45013
6.6,0.99574,0.1,0.92915,5,0.45232
6.7,0.99578,0.1,0.92947,5,0.45427
6.6,0.99579,0.1,0.92997,5,0.4576
6.7,0.99608,0.1,0.93072,5,0.46012
6.7,0.99608,0.1,0.93112,5,0.46172
6.7,0.99615,0.1,0.93166,5,0.46311
6.7,0.99619,0.1,0.93242,5,0.46473
6.7,0.99622,0.1,0.9329,5,0.46649
6.7,0.99633,0.1,0.93343,5,0.46888
6.7,0.99641,0.1,0.93403,4.9,0.47241
6.7,0.99646,0.1,0.93456,5,0.47564
6.6,0.99646,0.1,0.93515,4.9,0.47721
6.6,0.99648,0.1,0.93554,4.9,0.48004
6.7,0.99653,0.1,0.9359,5,0.48243
6.7,0.99655,0.1,0.93616,4.8,0.48513
6.7,0.99655,0.1,0.93643,4.8,0.48739
6.7,0.9967,0.1,0.93689,4.9,0.48923
6.6,0.99672,0.1,0.93736,4.8,0.49184
6.8,0.99677,0.1,0.9382,4.9,0.49366
6.7,0.99677,0.1,0.93863,4.8,0.4946
6.6,0.9969,0.1,0.93927,4.8,0.49609
6.7,0.9969,0.1,0.93958,4.8,0.49718
6.6,0.99705,0.1,0.93995,4.8,0.4987
6.7,0.99718,0.1,0.94046,4.7,0.49935
6.6,0.99721,0.1,0.94095,4.7,0.50132
6.7,0.99721,0.1,0.94147,4.7,0.50266
6.7,0.99723,0.1,0.94182,4.7,0.50453
6.7,0.99725,0.1,0.94207,4.7,0.50708
6.8,0.99726,0.1,0.94245,4.6,0.5097
6.7,0.99734,0.1,0.94273,4.6,0.51188
6.7,0.99743,0.1,0.94338,4.6,0.51494
6.7,0.99743,0.1,0.94362,4.6,0.51698
6.7,0.99743,0.1,0.9438,4.6,0.52117
6.7,0.99755,0.1,0.94421,4.5,0.5237
6.7,0.99756,0.1,0.94442,4.5,0.52701
6.7,0.99763,0.1,0.94462,4.5,0.53095
6.7,0.99763,0.1,0.94485,4.5,0.53594
6.7,0.99763,0.1,0.94498,4.5,0.5401
6.6,0.99786,0.1,0.94528,4.4,0.54358
6.7,0.99797,0.1,0.94561,4.4,0.54673
6.7,0.99802,0.1,0.94586,4.4,0.55087
6.7,0.99807,0.1,0.94614,4.4,0.55288
6.6,0.99816,0.1,0.94629,4.3,0.5545
6.6,0.99817,0.1,0.94658,4.3,0.557
6.7,0.99821,0.1,0.94705,4.3,0.55847
6.7,0.99827,0.1,0.94744,4.3,0.56028
6.7,0.9983,0.1,0.9477,4.3,0.56238
6.7,0.9983,0.1,0.94781,4.3,0.56433
6.7,0.99833,0.1,0.94801,4.1,0.56661
6.6,0.99833,0.1,0.94824,4.3,0.5676
6.7,0.99833,0.1,0.94833,4.2,0.56868
6.7,0.99848,0.1,0.94856,4.2,0.5701
6.7,0.9986,0.1,0.94887,4.2,0.57147
6.6,0.99873,0.1,0.94912,4.2,0.57299
6.6,0.99876,0.1,0.94941,4.1,0.57546
6.7,0.99876,0.1,0.94959,4.1,0.57703
6.6,0.99878,0.1,0.94986,4.1,0.57777
6.7,0.99882,0.1,0.95006,4.1,0.57962
6.5,0.99887,0.1,0.95034,4,0.58243
6.7,0.99889,0.1,0.95071,4.1,0.58323
6.6,0.99892,0.1,0.95102,4.1,0.5848
6.7,0.99917,0.1,0.95129,4.1,0.58653
6.7,0.99927,0.1,0.95159,4,0.58837
6.6,0.99932,0.1,0.95192,4,0.59029
6.7,0.99936,0.1,0.95222,4,0.59215
6.6,0.99938,0.1,0.95253,4,0.59517
6.6,0.9994,0.1,0.95283,4,0.59763
6.7,0.99945,0.1,0.95317,3.9,0.5986
6.6,0.99951,0.1,0.9534,3.9,0.5998
6.6,0.99956,0.1,0.95382,3.9,0.60174
6.6,0.99959,0.1,0.95419,3.9,0.60423
6.6,0.9996,0.1,0.95444,3.9,0.60582
6.6,0.9996,0.1,0.95465,3.8,0.60745
6.6,0.99961,0.1,0.95497,3.8,0.60992
6.5,0.99961,0.1,0.95513,3.9,0.61303
6.6,0.99961,0.1,0.95538,3.8,0.61464
6.5,0.99961,0.1,0.9557,3.8,0.61624
6.6,0.99961,0.1,0.95601,3.7,0.61852
6.7,0.99961,0.1,0.95628,3.8,0.61943
6.7,0.99965,0.1,0.95657,3.7,0.62196
6.6,0.99968,0.1,0.95689,3.7,0.62346
6.5,0.99977,0.1,0.95732,3.7,0.62389
6.6,0.99977,0.1,0.95785,3.7,0.62528
6.7,0.99983,0.1,0.95834,3.7,0.62618
6.7,0.99988,0.1,0.95867,3.6,0.62742
6.7,0.99991,0.1,0.95896,3.6,0.62795
6.7,0.99991,0.1,0.9593,3.6,0.62873
6.6,0.99991,0.1,0.95959,3.6,0.6297
6.6,0.99991,0.1,0.95993,3.6,0.62989
6.6,0.99994,0.1,0.96014,3.5,0.62997
6.6,0.99994,0.1,0.96068,3.6,0.63091
6.7,0.99995,0.1,0.96106,3.6,0.63288
6.6,0.99995,0.1,0.96139,3.6,0.63555
6.7,0.99995,0.1,0.9617,3.5,0.63741
6.6,0.99997,0.1,0.96197,3.5,0.64003
6.6,0.99997,0.1,0.96224,3.5,0.64193
6.6,0.99997,0.1,0.96249,3.5,0.64495
6.6,0.99997,0.1,0.96273,3.5,0.64881
6.6,0.99999,0.1,0.96314,3.5,0.65179
6.6,0.99999,0.1,0.96351,3.4,0.65507
6.6,0.99999,0.1,0.96386,3.5,0.65752
6.5,0.99999,0.1,0.9643,3.4,0.66067
6.6,0.99999,0.1,0.96458,3.4,0.66464
6.7,0.99999,0.1,0.96494,3.4,0.66745
6.7,0.99999,0.1,0.9654,3.4,0.66935
6.8,0.99999,0.1,0.96593,3.4,0.67208
6.5,0.99999,0.1,0.96639,3.4,0.674
6.6,0.99999,0.1,0.96677,3.4,0.67509
6.6,0.99999,0.1,0.9673,3.4,0.67708
6.6,0.99999,0.1,0.96767,3.3,0.67961
6.7,0.99999,0.1,0.96818,3.3,0.68186
6.6,0.99999,0.1,0.96862,3.3,0.68336
6.6,0.99999,0.1,0.96902,3.3,0.68465
6.7,0.99999,0.1,0.96938,3.3,0.68644
6.5,0.99999,0.1,0.96973,3.2,0.68848
6.5,0.99999,0.1,0.97022,3.2,0.68915
6.6,0.99999,0.1,0.97063,3.3,0.691
6.6,0.99999,0.1,0.97101,3.2,0.69324
6.6,0.99999,0.1,0.97142,3.2,0.69453
6.5,0.99999,0.1,0.97179,3.3,0.69698
6.6,0.99999,0.1,0.97211,3.2,0.69967
6.5,0.99999,0.1,0.97262,3.2,0.70182
6.6,0.99999,0.1,0.97325,3.1,0.7046
6.5,0.99999,0.1,0.97367,3.2,0.70613
6.6,0.99999,0.1,0.97422,3.1,0.70895
6.6,0.99999,0.1,0.97474,3.1,0.70967
6.5,0.99999,0.1,0.97518,3.1,0.71193
6.6,0.99999,0.1,0.97563,3.1,0.71678
6.7,0.99999,0.1,0.97618,3.1,0.7181
6.5,0.99999,0.1,0.97674,3.1,0.71991
6.7,0.99999,0.1,0.97737,3,0.72081
6.6,0.99999,0.1,0.97773,3,0.72189
6.5,0.99999,0.1,0.97823,3.1,0.72232
6.6,0.99999,0.1,0.97857,3,0.72386
6.6,0.99999,0.1,0.97906,3,0.72446
6.5,0.99999,0.1,0.97941,3,0.72567
6.5,0.99999,0.1,0.9799,2.9,0.7262
6.5,0.99999,0.1,0.98035,3,0.72711
6.6,0.99999,0.1,0.98074,3,0.72863
6.5,0.99999,0.1,0.98113,3,0.73171
6.5,1,0.1,0.98159,3,0.73386
6.6,1,0.1,0.98203,3,0.73452
6.5,1,0.1,0.98251,3,0.73673
6.6,1,0.1,0.98295,2.9,0.74148
6.5,1,0.1,0.98352,2.9,0.74533
6.6,1,0.1,0.98407,2.8,0.74948
6.5,1,0.1,0.9845,2.9,0.75443
6.5,1,0.1,0.9851,2.9,0.7574
6.5,1,0.1,0.98566,2.9,0.76017
6.6,1,0.1,0.98605,2.9,0.76428
6.6,1,0.1,0.98644,2.8,0.77058
6.6,1,0.1,0.98702,2.8,0.7773
6.6,1,0.1,0.98733,2.8,0.78059
6.5,1,0.1,0.98781,2.8,0.78349
6.6,1,0.1,0.98828,2.8,0.78639
6.6,1,0.1,0.9886,2.8,0.79001
6.6,1,0.1,0.98931,2.8,0.79439
6.6,1,0.1,0.98986,2.8,0.79869
6.5,1,0.1,0.99033,2.8,0.80303
6.6,1,0.1,0.99065,2.8,0.8074
6.5,1,0.1,0.99097,2.7,0.81162
6.6,1,0.1,0.99137,2.7,0.81619
6.6,1,0.1,0.99166,2.7,0.81841
6.5,1,0.1,0.99206,2.7,0.82239
6.5,1,0.1,0.99238,2.7,0.82672
6.5,1,0.1,0.99263,2.7,0.83159
6.6,1,0.1,0.99317,2.7,0.83925
6.6,1,0.1,0.99354,2.7,0.84641
6.6,1,0.1,0.99382,2.6,0.85188
6.5,1,0.1,0.99406,2.6,0.85784
6.6,1,0.1,0.99438,2.7,0.86392
6.6,1,0.1,0.99464,2.7,0.86863
6.7,1,0.1,0.99501,2.6,0.875
6.6,1,0.1,0.99532,2.6,0.88021
6.5,1,0.1,0.99558,2.6,0.88518
6.5,1,0.1,0.99583,2.6,0.89036
6.5,1,0.1,0.99613,2.6,0.89602
6.5,1,0.1,0.99654,2.6,0.90157
6.5,1,0.1,0.99686,2.5,0.90948
6.5,1,0.1,0.99716,2.6,0.91917
6.6,1,0.1,0.9974,2.5,0.92676
6.6,1,0.1,0.99766,2.5,0.93481
6.5,1,0.1,0.99781,2.5,0.94058
6.6,1,0.1,0.99815,2.5,0.94803
6.5,1,0.1,0.99842,2.5,0.95642
6.6,1,0.1,0.99877,2.5,0.96424
6.5,1,0.1,0.99903,2.5,0.97268
6.6,1,0.1,0.99935,2.5,0.98042
6.5,1,0.1,0.99975,2.5,0.99099
6.5,1,0.1,1,2.4,1
-6.6,,-0.1,,-2.4,
-6.5,,-0.1,,-2.4,
-6.6,,-0.1,,-2.4,
-6.5,,-0.1,,-2.4,
-6.5,,-0.1,,-2.4,
-6.5,,-0.1,,-2.4,
-6.5,,-0.1,,-2.4,
-6.5,,-0.1,,-2.4,
-6.4,,-0.1,,-2.4,
-6.5,,-0.1,,-2.3,
-6.5,,-0.1,,-2.3,
-6.5,,-0.1,,-2.4,
-6.5,,-0.1,,-2.4,
-6.5,,-0.1,,-2.3,
-6.4,,-0.1,,-2.3,
-6.6,,-0.1,,-2.3,
-6.5,,-0.1,,-2.3,
-6.5,,-0.1,,-2.3,
-6.4,,-0.1,,-2.3,
-6.5,,-0.1,,-2.3,
-6.6,,-0.1,,-2.2,
-6.5,,-0.1,,-2.3,
-6.6,,-0.1,,-2.2,
-6.4,,-0.1,,-2.2,
-6.6,,-0.1,,-2.2,
-6.6,,-0.1,,-2.2,
-6.5,,-0.1,,-2.2,
-6.6,,-0.1,,-2.2,
-6.5,,-0.1,,-2.2,
-6.6,,-0.1,,-2.2,
-6.5,,-0.1,,-2.2,
-6.6,,-0.1,,-2.2,
-6.6,,-0.1,,-2.2,
-6.4,,-0.1,,-2.2,
-6.5,,-0.1,,-2.2,
-6.4,,-0.1,,-2.2,
-6.4,,-0.1,,-2.2,
-6.5,,-0.1,,-2.1,
-6.6,,-0.1,,-2.1,
-6.5,,-0.1,,-2.2,
-6.5,,-0.1,,-2.1,
-6.6,,-0.1,,-2.1,
