MS-0.25m,Normalized CAT-RMS,MS-0.75m,Normalized CAT-RMS
x1,y1,x2,y2
27.60108,0,36.79816,7.06138E-5
27.49959,0,36.79816,7.06138E-5
27.60108,0,36.89998,2.46517E-4
27.60108,0,36.69663,4.12844E-4
27.49959,0,36.89998,4.12844E-4
27.60108,0,36.79816,4.12844E-4
27.60108,0,36.89998,4.12844E-4
27.60108,0,36.79816,4.70609E-4
27.60108,0,36.89998,4.85319E-4
27.49959,0,36.79816,5.75124E-4
27.60108,0,36.79816,7.4501E-4
27.49959,0,37.00208,9.21538E-4
27.49959,0,36.79816,0.00108
27.49959,0,36.79816,0.00113
27.60108,0,37.00208,0.00115
27.49959,0,36.89998,0.00119
27.49959,0,36.89998,0.00119
27.49959,0,36.89998,0.00125
27.60108,0,36.79816,0.0013
27.49959,0,36.89998,0.00138
27.49959,0,36.89998,0.00145
27.49959,0,36.89998,0.00147
27.60108,0,36.89998,0.00148
27.60108,0,36.89998,0.00151
27.49959,0,36.89998,0.00151
27.49959,0,36.89998,0.00152
27.49959,0,36.89998,0.00155
27.49959,0,36.89998,0.00155
27.49959,0,36.79816,0.00155
27.49959,0,36.89998,0.00158
27.49959,0,36.79816,0.00158
27.60108,0,36.89998,0.00158
27.49959,0,36.89998,0.00158
27.60108,0,36.89998,0.00158
27.60108,0,37.00208,0.00158
27.49959,0,36.89998,0.00158
27.60108,0,36.89998,0.0016
27.60108,0,36.89998,0.0016
27.60108,0,36.79816,0.0016
27.49959,0,36.79816,0.0016
27.60108,0,36.89998,0.0016
27.60108,0,36.89998,0.0016
27.49959,0,36.89998,0.0016
27.60108,0,36.89998,0.00162
27.49959,0,37.00208,0.00163
27.60108,0,36.79816,0.00163
27.49959,0,36.79816,0.00167
27.60108,0,36.89998,0.00167
27.60108,0,36.89998,0.00167
27.49959,0,36.89998,0.00167
27.49959,0,36.79816,0.00167
27.60108,0,36.89998,0.00167
27.49959,0,36.89998,0.00167
27.60108,0,36.79816,0.00167
27.49959,0,36.89998,0.00167
27.49959,0,37.00208,0.00167
27.60108,0,36.89998,0.00167
27.60108,0,36.89998,0.00167
27.60108,0,36.89998,0.00167
27.49959,0,36.89998,0.00167
27.60108,0,36.79816,0.00167
27.49959,0,36.89998,0.00167
27.60108,0,36.79816,0.00167
27.49959,0,36.89998,0.00167
27.60108,0,36.89998,0.00167
27.60108,0,37.00208,0.00167
27.49959,0,36.79816,0.00167
27.60108,0,37.00208,0.00167
27.60108,0,36.89998,0.00167
27.49959,0,36.89998,0.00167
27.49959,0,36.89998,0.00167
27.49959,0,36.89998,0.00167
27.60108,0,36.89998,0.00167
27.49959,0,37.00208,0.00169
27.60108,0,36.89998,0.00169
27.60108,0,36.79816,0.00169
27.60108,0,36.79816,0.0017
27.60108,0,36.89998,0.0017
27.60108,0,36.89998,0.0017
27.60108,0,37.00208,0.0017
27.60108,0,36.79816,0.0017
27.49959,0,36.89998,0.0017
27.60108,0,36.89998,0.0017
27.60108,0,36.89998,0.0017
27.60108,0,36.89998,0.0017
27.60108,0,36.89998,0.0017
27.49959,0,37.00208,0.0017
27.49959,0,36.89998,0.0017
27.60108,0,36.79816,0.0017
27.60108,0,37.00208,0.0017
27.70296,0,36.89998,0.0017
27.60108,0,36.89998,0.0017
27.60108,0,36.89998,0.0017
27.60108,0,36.79816,0.0017
27.60108,0,36.89998,0.0017
27.60108,0,36.89998,0.0017
27.49959,0,36.89998,0.0017
27.60108,0,36.79816,0.0017
27.60108,0,36.89998,0.0017
27.60108,0,36.79816,0.0017
27.49959,0,36.89998,0.0017
27.60108,0,36.89998,0.0017
27.60108,0,36.89998,0.0017
27.49959,0,36.79816,0.0017
27.49959,0,36.79816,0.0017
27.60108,0,37.00208,0.0017
27.60108,0,36.89998,0.0017
27.60108,0,37.00208,0.0017
27.60108,0,37.00208,0.0017
27.49959,0,36.89998,0.0017
27.60108,0,36.89998,0.0017
27.49959,0,36.89998,0.0017
27.49959,0,36.79816,0.0017
27.60108,0,37.00208,0.0017
27.60108,0,36.89998,0.0017
27.60108,0,36.89998,0.0017
27.60108,0,36.89998,0.0017
27.49959,0,36.79816,0.0017
27.49959,0,36.79816,0.0017
27.60108,0,36.89998,0.0017
27.49959,0,36.89998,0.0017
27.60108,0,36.89998,0.0017
27.60108,0,36.89998,0.0017
27.60108,0,37.00208,0.0017
27.49959,0,37.00208,0.0017
27.49959,0,36.89998,0.0017
27.60108,0,36.89998,0.00172
27.60108,0,36.79816,0.00172
27.60108,0,36.79816,0.00172
27.49959,0,36.89998,0.00172
27.60108,0,37.00208,0.00172
27.60108,0,36.89998,0.00172
27.60108,0,36.89998,0.00172
27.60108,0,36.89998,0.00172
27.60108,0,36.89998,0.00172
27.60108,0,36.89998,0.00173
27.60108,0,36.89998,0.00173
27.60108,0,37.00208,0.00173
27.49959,0,36.89998,0.00173
27.49959,0,37.00208,0.00173
27.60108,0,36.79816,0.00174
27.60108,0,36.89998,0.00177
27.49959,0,36.89998,0.00179
27.60108,0,36.89998,0.00182
27.49959,0,36.89998,0.00183
27.60108,0,36.89998,0.00185
27.60108,0,36.79816,0.00185
27.60108,0,37.00208,0.00185
27.49959,0,36.89998,0.00185
27.49959,0,36.89998,0.00185
27.49959,0,36.89998,0.00185
27.60108,0,37.00208,0.00185
27.49959,0,36.79816,0.00185
27.60108,0,36.79816,0.00185
27.60108,0,36.89998,0.00185
27.49959,0,36.89998,0.00185
27.60108,0,36.89998,0.00185
27.60108,0,36.89998,0.00185
27.60108,0,36.89998,0.00185
27.60108,0,36.79816,0.00185
27.49959,0,36.89998,0.00189
27.49959,0,36.89998,0.00191
27.49959,0,36.89998,0.00191
27.49959,0,37.00208,0.00198
27.60108,0,36.79816,0.00198
27.60108,0,36.89998,0.00198
27.49959,0,37.00208,0.00198
27.60108,0,36.89998,0.00198
27.60108,0,37.00208,0.00203
27.60108,0,37.00208,0.00204
27.49959,0,36.89998,0.00207
27.60108,0,37.00208,0.00207
27.60108,0,36.89998,0.00214
27.70296,0,37.00208,0.00222
27.60108,0,36.89998,0.00232
27.49959,0,36.89998,0.00237
27.49959,0,37.00208,0.00237
27.60108,0,37.09592,0.00239
27.60108,0,36.89998,0.00239
27.60108,0,36.89998,0.00242
27.49959,0,36.89998,0.00242
27.60108,0,36.89998,0.00242
27.60108,0,36.89998,0.00242
27.60108,0,36.89998,0.00242
27.60108,0,36.89998,0.00242
27.60108,0,36.89998,0.00242
27.60108,0,36.89998,0.00243
27.60108,0,36.89998,0.00246
27.60108,0,36.89998,0.00254
27.60108,0,37.00208,0.00258
27.49959,0,36.89998,0.00263
27.49959,0,36.89998,0.00263
27.60108,0,37.00208,0.00264
27.49959,0,36.79816,0.00265
27.60108,0,36.89998,0.00267
27.60108,0,37.00208,0.00271
27.60108,0,36.89998,0.00271
27.60108,0,36.89998,0.00271
27.60108,0,36.89998,0.00271
27.60108,0,36.89998,0.00271
27.49959,0,36.89998,0.00271
27.49959,0,37.00208,0.00271
27.49959,0,36.79816,0.00271
27.49959,0,37.00208,0.00271
27.60108,0,36.89998,0.00271
27.49959,0,36.89998,0.00271
27.49959,0,36.89998,0.00271
27.60108,0,36.79816,0.00271
27.49959,0,37.00208,0.00271
27.49959,0,36.89998,0.00271
27.49959,0,36.89998,0.00272
27.60108,0,36.89998,0.00272
27.49959,0,37.00208,0.00272
27.60108,0,36.89998,0.00272
27.49959,0,37.00208,0.00272
27.60108,0,37.00208,0.00272
27.49959,0,36.89998,0.00272
27.60108,0,36.89998,0.00272
27.49959,0,36.89998,0.00272
27.60108,0,37.00208,0.00272
27.49959,0,36.89998,0.00272
27.49959,0,36.89998,0.00272
27.49959,0,36.89998,0.00272
27.49959,0,36.89998,0.00272
27.60108,0,36.89998,0.00272
27.49959,0,37.00208,0.00272
27.60108,0,36.89998,0.00272
27.49959,0,37.00208,0.00272
27.60108,0,37.00208,0.00272
27.60108,0,37.00208,0.00272
27.49959,0,36.79816,0.00272
27.49959,0,36.89998,0.00272
27.60108,0,37.00208,0.00272
27.49959,0,37.00208,0.00272
27.60108,0,37.00208,0.00272
27.49959,0,36.79816,0.00272
27.49959,0,36.89998,0.00273
27.60108,0,36.89998,0.00273
27.49959,0,37.00208,0.00273
27.49959,0,36.89998,0.00273
27.60108,0,36.89998,0.00273
27.60108,0,36.89998,0.00273
27.49959,0,36.89998,0.00273
27.60108,0,36.89998,0.00273
27.60108,0,37.00208,0.00273
27.49959,0,37.00208,0.00273
27.60108,0,36.79816,0.00273
27.49959,0,36.89998,0.00273
27.60108,0,36.89998,0.00273
27.60108,0,36.89998,0.00273
27.60108,0,36.89998,0.00273
27.60108,0,36.89998,0.00273
27.49959,0,37.00208,0.00273
27.49959,0,36.89998,0.00273
27.60108,0,37.00208,0.00273
27.49959,0,36.89998,0.00273
27.49959,0,37.00208,0.00273
27.60108,0,36.89998,0.00273
27.60108,0,36.89998,0.00273
27.49959,0,36.89998,0.00273
27.60108,0,36.89998,0.00273
27.49959,0,36.89998,0.00273
27.60108,0,36.89998,0.00273
27.60108,0,36.89998,0.00273
27.60108,0,37.00208,0.00273
27.60108,0,37.00208,0.00273
27.60108,0,37.00208,0.00273
27.60108,0,36.89998,0.00273
27.60108,0,36.89998,0.00273
27.60108,0,37.00208,0.00273
27.60108,0,37.00208,0.00273
27.49959,0,36.89998,0.00273
27.60108,0,36.89998,0.00273
27.49959,0,36.89998,0.00273
27.60108,0,37.00208,0.00273
27.60108,0,37.00208,0.00273
27.60108,0,37.00208,0.00273
27.49959,0,37.00208,0.00273
27.60108,0,36.89998,0.00273
27.49959,0,37.00208,0.00273
27.60108,0,36.89998,0.00273
27.49959,0,36.89998,0.00273
27.49959,0,36.89998,0.00273
27.60108,0,37.00208,0.00273
27.49959,0,36.89998,0.00273
27.49959,0,37.00208,0.00273
27.49959,0,37.00208,0.00273
27.60108,0,36.89998,0.00273
27.60108,0,37.00208,0.00273
27.60108,0,36.89998,0.00273
27.60108,0,36.89998,0.00273
27.49959,0,37.00208,0.00273
27.60108,0,37.00208,0.00273
27.60108,0,37.00208,0.00273
27.49959,0,37.00208,0.00273
27.60108,0,37.09592,0.00273
27.49959,0,36.89998,0.00273
27.49959,0,36.89998,0.00273
27.60108,0,37.00208,0.00273
27.49959,0,37.00208,0.00273
27.49959,0,36.89998,0.00273
27.60108,0,36.89998,0.00273
27.60108,0,37.00208,0.00277
27.49959,0,37.00208,0.00277
27.60108,0,36.89998,0.00277
27.49959,0,36.89998,0.00278
27.60108,0,37.00208,0.00278
27.49959,0,37.00208,0.00278
27.60108,0,37.00208,0.00278
27.60108,0,36.79816,0.00286
27.70296,0,36.89998,0.00286
27.49959,0,36.89998,0.00286
27.60108,0,36.89998,0.00287
27.60108,0,36.89998,0.00288
27.49959,0,36.89998,0.00288
27.60108,0,37.00208,0.00288
27.60108,0,37.00208,0.00288
27.49959,0,37.00208,0.00288
27.49959,0,37.00208,0.00289
27.49959,0,37.00208,0.00289
27.49959,0,37.00208,0.00289
27.60108,0,36.79816,0.00289
27.49959,0,36.89998,0.00294
27.60108,0,36.89998,0.00294
27.60108,0,36.89998,0.00294
27.49959,0,36.79816,0.00294
27.49959,0,37.00208,0.00294
27.60108,0,36.89998,0.00294
27.49959,0,36.89998,0.00294
27.49959,0,36.89998,0.00294
27.49959,0,36.89998,0.00294
27.49959,0,37.00208,0.00294
27.60108,0,36.79816,0.00294
27.49959,0,36.89998,0.00294
27.60108,0,36.89998,0.00294
27.49959,0,37.00208,0.00294
27.49959,0,36.89998,0.00294
27.60108,0,36.89998,0.00294
27.60108,0,37.00208,0.00294
27.49959,0,37.00208,0.00294
27.60108,0,36.89998,0.00294
27.49959,0,36.89998,0.00294
27.60108,0,37.00208,0.00294
27.49959,0,37.00208,0.00294
27.49959,0,37.00208,0.00294
27.60108,0,37.00208,0.00296
27.49959,0,36.89998,0.00296
27.60108,0,37.00208,0.00296
27.60108,0,37.00208,0.00296
27.60108,0,37.00208,0.00296
27.49959,0,37.00208,0.00296
27.60108,0,36.89998,0.00296
27.60108,0,37.00208,0.00296
27.60108,0,36.89998,0.00296
27.60108,0,37.00208,0.00296
27.60108,0,36.89998,0.00296
27.60108,0,36.89998,0.00296
27.60108,0,37.00208,0.00296
27.60108,0,36.89998,0.00296
27.49959,0,37.00208,0.00296
27.49959,0,36.89998,0.00296
27.49959,0,36.79816,0.00296
27.60108,0,37.00208,0.00296
27.60108,0,36.89998,0.00296
27.49959,0,36.79816,0.00296
27.60108,0,36.89998,0.00296
27.60108,0,37.00208,0.00296
27.60108,0,37.00208,0.00301
27.60108,0,37.00208,0.00301
27.60108,0,37.00208,0.00301
27.49959,0,36.89998,0.00301
27.60108,0,36.89998,0.00301
27.49959,0,37.00208,0.00301
27.60108,0,36.89998,0.00301
27.60108,0,37.00208,0.00301
27.49959,0,36.89998,0.00301
27.49959,0,37.00208,0.00301
27.49959,0,37.09592,0.00301
27.60108,0,37.00208,0.00301
27.49959,0,37.00208,0.00301
27.49959,0,36.89998,0.00301
27.49959,0,36.89998,0.00301
27.49959,0,37.00208,0.00301
27.60108,0,37.00208,0.00301
27.49959,0,37.00208,0.00301
27.49959,0,36.89998,0.00301
27.49959,0,37.00208,0.00301
27.49959,0,36.89998,0.00301
27.49959,0,37.00208,0.00301
27.60108,0,36.89998,0.00301
27.60108,0,37.00208,0.00301
27.49959,0,37.00208,0.00301
27.49959,0,36.89998,0.00301
27.49959,0,36.89998,0.00301
27.49959,0,36.89998,0.00301
27.49959,0,37.09592,0.00301
27.60108,0,37.00208,0.00301
27.60108,0,36.89998,0.00301
27.49959,0,37.00208,0.00301
27.49959,0,36.89998,0.00301
27.60108,0,36.89998,0.00301
27.49959,0,37.00208,0.00303
27.60108,0,36.89998,0.00303
27.60108,0,37.00208,0.00303
27.49959,0,37.00208,0.00303
27.49959,0,36.89998,0.00305
27.49959,0,37.00208,0.00305
27.49959,0,37.00208,0.00305
27.49959,0,37.00208,0.00305
27.60108,0,37.00208,0.00305
27.60108,0,36.89998,0.00305
27.49959,0,36.89998,0.00305
27.60108,0,36.79816,0.00308
27.60108,0,36.89998,0.00308
27.60108,0,37.00208,0.00308
27.60108,0,37.00208,0.00308
27.49959,0,37.00208,0.00308
27.49959,0,36.79816,0.00308
27.49959,0,37.00208,0.00308
27.60108,0,37.00208,0.00315
27.60108,0,36.89998,0.00316
27.49959,0,36.89998,0.00321
27.49959,0,37.00208,0.00323
27.60108,0,37.00208,0.00323
27.49959,0,36.89998,0.00323
27.49959,0,37.00208,0.00324
27.60108,0,36.89998,0.00326
27.49959,0,36.89998,0.00326
27.49959,0,37.00208,0.00326
27.60108,0,36.89998,0.00326
27.49959,0,37.00208,0.00333
27.60108,0,36.89998,0.00333
27.60108,0,36.89998,0.00333
27.60108,0,37.00208,0.00333
27.49959,0,37.00208,0.00333
27.60108,0,37.00208,0.00333
27.49959,0,37.00208,0.00333
27.60108,0,37.00208,0.00333
27.60108,0,37.00208,0.00333
27.49959,0,36.89998,0.00335
27.60108,0,37.00208,0.0034
27.60108,0,37.00208,0.00345
27.49959,0,37.00208,0.0035
27.49959,0,36.89998,0.0035
27.49959,0,36.89998,0.00351
27.60108,0,37.00208,0.00351
27.49959,0,36.89998,0.00352
27.60108,0,36.89998,0.00352
27.49959,0,36.89998,0.00353
27.49959,0,36.89998,0.00353
27.60108,0,36.89998,0.00357
27.49959,0,36.79816,0.0036
27.60108,0,36.89998,0.0036
27.49959,0,36.89998,0.0036
27.49959,0,36.89998,0.0036
27.49959,0,36.89998,0.00369
27.60108,0,37.00208,0.00382
27.60108,0,37.00208,0.00385
27.60108,0,37.00208,0.00387
27.49959,0,37.00208,0.00387
27.49959,0,36.89998,0.00391
27.60108,0,37.00208,0.00391
27.49959,0,37.00208,0.00391
27.60108,0,36.89998,0.00391
27.60108,0,36.89998,0.00401
27.49959,0,37.00208,0.00402
27.60108,0,37.00208,0.00402
27.49959,0,36.89998,0.00402
27.49959,0,36.89998,0.00402
27.49959,0,36.89998,0.00402
27.60108,0,36.89998,0.00402
27.60108,0,36.89998,0.00402
27.49959,0,36.89998,0.00402
27.49959,0,36.89998,0.00402
27.60108,0,37.00208,0.00402
27.49959,0,36.89998,0.00402
27.49959,0,37.00208,0.00402
27.60108,0,36.89998,0.00402
27.60108,0,36.89998,0.00402
27.49959,0,36.89998,0.00402
27.49959,0,36.89998,0.00402
27.49959,0,36.79816,0.00402
27.49959,0,37.00208,0.00402
27.49959,0,36.89998,0.00402
27.60108,0,36.89998,0.00402
27.49959,0,36.89998,0.00402
27.60108,0,37.00208,0.00402
27.49959,0,36.89998,0.00403
27.49959,0,37.00208,0.00403
27.49959,0,36.89998,0.00405
27.49959,0,37.00208,0.00405
27.49959,0,37.00208,0.00405
27.60108,0,36.89998,0.00405
27.39846,0,36.89998,0.00405
27.49959,0,36.89998,0.00405
27.49959,0,37.00208,0.00405
27.49959,0,37.00208,0.00405
27.49959,0,37.00208,0.00405
27.49959,0,36.89998,0.00405
27.60108,0,36.89998,0.00405
27.49959,0,37.00208,0.00405
27.60108,0,37.00208,0.00405
27.49959,0,37.00208,0.00405
27.49959,0,36.89998,0.00405
27.49959,0,36.89998,0.00406
27.49959,0,36.89998,0.00406
27.60108,0,37.00208,0.00406
27.60108,0,37.00208,0.00406
27.49959,0,36.89998,0.00406
27.60108,0,36.89998,0.00406
27.49959,0,36.89998,0.00406
27.49959,0,36.89998,0.00408
27.60108,0,36.89998,0.00408
27.60108,0,36.89998,0.00408
27.49959,0,37.00208,0.00408
27.60108,0,36.89998,0.00408
27.60108,0,36.89998,0.00408
27.49959,0,37.00208,0.00408
27.39846,0,37.00208,0.00408
27.49959,0,36.89998,0.00408
27.49959,0,36.89998,0.00408
27.49959,0,37.00208,0.00408
27.49959,0,36.89998,0.00408
27.49959,0,37.00208,0.00408
27.49959,0,37.00208,0.00408
27.49959,0,36.89998,0.00408
27.60108,0,37.00208,0.00408
27.49959,0,37.00208,0.00408
27.49959,0,37.00208,0.00408
27.49959,0,37.00208,0.00409
27.49959,0,36.89998,0.00409
27.49959,0,37.00208,0.00409
27.49959,0,36.79816,0.00409
27.60108,0,37.00208,0.00409
27.60108,0,37.00208,0.00409
27.60108,0,37.00208,0.00409
27.49959,0,37.00208,0.00409
27.49959,0,36.89998,0.00409
27.49959,0,37.00208,0.00409
27.49959,0,36.89998,0.00409
27.60108,0,37.00208,0.00411
27.60108,0,37.00208,0.00411
27.49959,0,36.89998,0.00411
27.49959,0,37.00208,0.00411
27.60108,0,37.00208,0.00414
27.60108,0,37.00208,0.00414
27.49959,0,36.89998,0.00414
27.49959,0,36.89998,0.00414
27.49959,0,37.00208,0.00414
27.49959,0,37.09592,0.00416
27.49959,0,36.89998,0.00416
27.49959,0,36.89998,0.00416
27.39846,0,37.00208,0.00416
27.49959,0,36.89998,0.00416
27.49959,0,36.89998,0.00416
27.49959,0,37.00208,0.00416
27.49959,0,36.89998,0.00416
27.49959,0,36.89998,0.00416
27.49959,0,36.89998,0.00416
27.49959,0,37.00208,0.00416
27.49959,0,37.00208,0.00416
27.49959,0,36.89998,0.00416
27.49959,0,36.89998,0.00416
27.49959,0,36.79816,0.00416
27.49959,0,36.89998,0.00416
27.60108,0,36.89998,0.00416
27.49959,0,36.89998,0.00416
27.60108,0,36.89998,0.00416
27.60108,0,37.00208,0.00416
27.39846,0,36.89998,0.00416
27.49959,0,37.00208,0.00416
27.60108,0,37.00208,0.00416
27.49959,0,36.79816,0.00416
27.49959,0,36.89998,0.00416
27.49959,0,37.00208,0.00416
27.60108,0,36.89998,0.00416
27.49959,0,37.00208,0.00416
27.39846,0,37.00208,0.00416
27.49959,0,36.89998,0.00416
27.49959,0,36.89998,0.00416
27.60108,0,36.89998,0.00416
27.49959,0,36.89998,0.00416
27.49959,0,36.89998,0.00416
27.49959,0,37.00208,0.00416
27.49959,0,36.89998,0.00416
27.49959,0,37.00208,0.00416
27.60108,0,37.00208,0.00416
27.60108,0,36.89998,0.00416
27.60108,0,37.00208,0.00416
27.49959,0,37.00208,0.00416
27.49959,0,37.00208,0.00416
27.49959,0,37.00208,0.00416
27.49959,0,36.89998,0.00416
27.49959,0,36.89998,0.00416
27.49959,0,37.00208,0.00416
27.60108,0,36.89998,0.00416
27.60108,0,36.79816,0.00416
27.49959,0,37.00208,0.00416
27.49959,0,36.89998,0.00416
27.60108,0,37.00208,0.00416
27.49959,0,36.79816,0.00416
27.49959,0,37.00208,0.00416
27.49959,0,37.00208,0.00416
27.49959,0,36.89998,0.00416
27.49959,0,36.89998,0.00416
27.49959,0,36.89998,0.00416
27.49959,0,37.00208,0.00416
27.60108,0,37.00208,0.00416
27.49959,0,36.89998,0.00416
27.60108,0,36.89998,0.00416
27.60108,0,36.79816,0.00416
27.49959,0,36.89998,0.00416
27.49959,0,37.00208,0.00416
27.49959,0,37.00208,0.00417
27.60108,0,36.89998,0.00417
27.49959,0,36.89998,0.00417
27.49959,0,36.89998,0.00417
27.49959,0,37.00208,0.00417
27.49959,0,37.00208,0.00417
27.49959,0,37.00208,0.00417
27.60108,0,37.00208,0.00417
27.49959,0,36.89998,0.00417
27.60108,0,37.00208,0.00417
27.60108,0,37.00208,0.00417
27.49959,0,36.89998,0.00417
27.49959,0,36.89998,0.00417
27.49959,0,37.00208,0.00417
27.60108,0,37.00208,0.0042
27.49959,0,36.89998,0.0042
27.49959,0,36.89998,0.0042
27.49959,0,37.00208,0.00421
27.49959,0,36.89998,0.00421
27.39846,0,36.89998,0.00421
27.39846,0,36.89998,0.00421
27.49959,0,36.89998,0.00421
27.49959,0,37.00208,0.00421
27.49959,0,37.00208,0.00421
27.49959,0,36.79816,0.00421
27.49959,0,37.00208,0.00421
27.49959,0,36.89998,0.00421
27.49959,0,36.89998,0.00421
27.49959,0,36.89998,0.00421
27.49959,0,37.00208,0.00421
27.60108,0,36.89998,0.00421
27.49959,0,37.00208,0.00421
27.49959,0,36.89998,0.00421
27.49959,0,36.89998,0.00422
27.49959,0,37.00208,0.00422
27.60108,0,37.00208,0.00425
27.39846,0,37.00208,0.00425
27.49959,0,36.89998,0.00425
27.60108,0,37.00208,0.00425
27.49959,0,36.79816,0.00425
27.49959,0,37.00208,0.0043
27.49959,0,36.89998,0.0043
27.49959,0,36.89998,0.0043
27.49959,0,37.00208,0.0043
27.49959,0,37.00208,0.00431
27.39846,0,36.89998,0.00431
27.49959,0,36.89998,0.00435
27.60108,0,36.89998,0.00437
27.49959,0,36.89998,0.00439
27.49959,0,37.00208,0.00439
27.49959,0,36.89998,0.00442
27.49959,0,36.89998,0.00443
27.49959,0,37.00208,0.00445
27.49959,0,36.89998,0.00448
27.60108,0,36.89998,0.00448
27.49959,0,37.00208,0.00448
27.49959,0,37.00208,0.00448
27.49959,0,37.00208,0.00448
27.49959,0,36.89998,0.00451
27.60108,0,37.09592,0.00451
27.60108,0,37.09592,0.00451
27.49959,0,36.89998,0.00451
27.60108,0,36.89998,0.00451
27.39846,0,36.89998,0.00451
27.39846,0,37.00208,0.00452
27.49959,0,37.00208,0.00452
27.49959,0,37.00208,0.00452
27.49959,0,36.89998,0.00453
27.49959,0,36.89998,0.00453
27.49959,0,36.89998,0.00454
27.49959,0,37.00208,0.00454
27.49959,0,37.00208,0.00454
27.60108,0,36.89998,0.00454
27.49959,0,36.89998,0.00455
27.49959,0,36.89998,0.00455
27.49959,0,37.00208,0.00455
27.49959,0,36.89998,0.00455
27.49959,0,36.89998,0.00455
27.49959,0,36.89998,0.00455
27.49959,0,37.00208,0.00455
27.60108,0,37.00208,0.00455
27.49959,0,36.89998,0.0046
27.49959,0,36.79816,0.0046
27.49959,0,37.00208,0.0046
27.49959,0,36.79816,0.0046
27.39846,0,36.89998,0.0046
27.49959,0,36.89998,0.0046
27.60108,0,36.89998,0.0046
27.49959,0,36.89998,0.0046
27.60108,0,37.00208,0.00462
27.49959,0,36.89998,0.00462
27.49959,0,37.00208,0.00464
27.49959,0,37.00208,0.00464
27.49959,0,36.89998,0.00464
27.60108,0,36.89998,0.00464
27.60108,0,37.00208,0.00464
27.49959,0,37.00208,0.00464
27.49959,0,37.00208,0.00464
27.49959,0,36.89998,0.00464
27.49959,0,37.00208,0.00464
27.49959,0,36.89998,0.00464
27.49959,0,37.00208,0.00464
27.49959,0,36.89998,0.00466
27.49959,0,36.89998,0.00468
27.49959,0,36.89998,0.00468
27.49959,0,36.89998,0.00473
27.60108,0,36.89998,0.00473
27.39846,0,36.89998,0.00473
27.60108,0,37.00208,0.00473
27.49959,0,36.89998,0.00473
27.49959,0,36.89998,0.00473
27.49959,0,36.89998,0.00473
27.49959,0,37.00208,0.00473
27.49959,0,36.89998,0.00473
27.49959,0,36.89998,0.00473
27.49959,0,36.89998,0.00473
27.39846,0,36.89998,0.00473
27.49959,0,36.89998,0.00473
27.60108,0,36.89998,0.00473
27.49959,0,36.89998,0.00473
27.49959,0,37.00208,0.00473
27.49959,0,36.89998,0.00473
27.39846,0,36.89998,0.00473
27.49959,0,36.89998,0.00478
27.49959,0,36.89998,0.00481
27.49959,0,36.89998,0.00486
27.49959,0,36.89998,0.00489
27.49959,0,36.89998,0.00489
27.49959,0,36.89998,0.00489
27.49959,0,37.00208,0.00492
27.49959,0,36.89998,0.00492
27.49959,0,36.89998,0.00496
27.49959,0,37.00208,0.00497
27.39846,0,36.89998,0.00497
27.49959,0,37.00208,0.00499
27.49959,0,36.79816,0.005
27.49959,0,36.79816,0.00501
27.49959,0,36.89998,0.00506
27.49959,0,37.00208,0.00506
27.49959,0,36.89998,0.0051
27.39846,0,36.89998,0.0051
27.49959,0,36.89998,0.0051
27.49959,0,36.89998,0.0051
27.49959,0,37.00208,0.00513
27.49959,0,36.79816,0.00515
27.49959,0,36.89998,0.00518
27.49959,0,36.89998,0.00519
27.49959,0,36.89998,0.00524
27.49959,0,37.00208,0.00526
27.39846,0,36.89998,0.00528
27.49959,0,36.89998,0.00528
27.49959,0,37.00208,0.00528
27.49959,0,36.89998,0.00528
27.49959,0,37.00208,0.00528
27.49959,0,36.79816,0.00528
27.49959,0,37.00208,0.00529
27.49959,0,36.89998,0.00529
27.49959,0,36.89998,0.0053
27.39846,0,37.00208,0.0053
27.49959,0,36.89998,0.0053
27.49959,0,36.89998,0.0053
27.49959,0,36.89998,0.00534
27.49959,0,36.89998,0.00546
27.39846,0,37.00208,0.00549
27.49959,0,36.89998,0.00556
27.39846,0,36.89998,0.00556
27.49959,0,36.79816,0.00562
27.49959,0,36.89998,0.00718
27.49959,0,36.89998,0.00835
27.49959,0,37.00208,0.00856
27.49959,0,36.89998,0.00888
27.49959,0,37.00208,0.00956
27.49959,0,36.89998,0.01011
27.49959,0,36.89998,0.01056
27.49959,0,36.89998,0.01114
27.49959,0,37.00208,0.01143
27.39846,0,36.89998,0.0123
27.39846,0,36.89998,0.01325
27.49959,0,36.89998,0.0142
27.49959,0,36.89998,0.01451
27.49959,0,36.89998,0.01476
27.39846,0,37.00208,0.01492
27.39846,0,37.00208,0.01508
27.49959,0,36.89998,0.01529
27.39846,0,37.00208,0.01573
27.49959,0,37.00208,0.01595
27.49959,0,37.00208,0.01626
27.39846,0,37.00208,0.01652
27.39846,0,37.00208,0.01736
27.49959,0,36.89998,0.01896
27.39846,0,36.89998,0.01976
27.49959,0,37.00208,0.02035
27.49959,0,36.89998,0.02092
27.39846,0,36.89998,0.02122
27.39846,0,37.00208,0.02225
27.39846,0,36.89998,0.02279
27.39846,0,37.00208,0.02292
27.49959,0,37.09592,0.02321
27.39846,0,37.00208,0.02329
27.39846,0,37.00208,0.02364
27.39846,0,37.00208,0.02381
27.39846,0,37.00208,0.02406
27.49959,0,37.00208,0.02438
27.39846,0,37.00208,0.02454
27.39846,0,36.89998,0.02489
27.39846,0,37.00208,0.02523
27.39846,0,36.89998,0.02548
27.2977,0,36.89998,0.02562
27.39846,0,37.00208,0.0258
27.2977,0,37.00208,0.02606
27.2977,1.18075E-4,37.00208,0.02649
27.2977,1.18075E-4,36.89998,0.02688
27.2977,1.18075E-4,36.89998,0.02731
27.2977,1.18075E-4,37.00208,0.02762
27.2977,1.18075E-4,36.89998,0.02771
27.2977,1.18075E-4,37.00208,0.02803
27.2977,3.97311E-4,37.00208,0.02833
27.2977,3.97311E-4,37.00208,0.0284
27.2977,3.97311E-4,37.00208,0.02846
27.2977,3.97311E-4,36.89998,0.02846
27.19732,3.97311E-4,37.00208,0.0285
27.19732,3.97311E-4,36.89998,0.0285
27.09731,3.97311E-4,36.89998,0.0285
27.19732,3.97311E-4,36.89998,0.0285
27.19732,3.97311E-4,36.89998,0.02863
27.19732,3.97311E-4,36.89998,0.02872
27.19732,3.97311E-4,36.89998,0.02872
27.09731,3.97311E-4,37.00208,0.02874
27.19732,3.97311E-4,36.89998,0.02875
27.09731,3.97311E-4,36.89998,0.02887
26.99766,3.97311E-4,37.00208,0.02887
27.09731,0.00128,36.89998,0.02889
26.99766,0.00315,37.00208,0.02911
27.09731,0.00315,36.89998,0.02911
26.99766,0.00315,36.79816,0.02926
26.89838,0.00315,36.89998,0.02928
26.89838,0.00328,36.89998,0.02928
26.89838,0.00572,37.00208,0.02928
26.89838,0.00674,36.89998,0.02928
26.89838,0.00674,36.89998,0.02928
26.89838,0.00674,37.00208,0.02937
26.79947,0.00674,36.89998,0.0294
26.79947,0.00674,36.89998,0.02953
26.79947,0.00728,37.00208,0.02965
26.79947,0.00728,36.89998,0.02967
26.70091,0.00728,36.89998,0.0301
26.70091,0.00728,37.00208,0.03016
26.70091,0.00728,36.89998,0.03056
26.70091,0.00731,37.00208,0.0308
26.70091,0.00758,36.89998,0.03097
26.60273,0.00758,36.89998,0.03127
26.60273,0.00758,37.00208,0.03194
26.4988,0.00758,36.89998,0.03245
26.4988,0.00758,36.79816,0.03257
26.40135,0.00758,36.89998,0.03269
26.4988,0.00758,36.89998,0.0329
26.40135,0.00758,36.89998,0.03304
26.29821,0.00758,37.00208,0.03304
26.29821,0.00758,36.89998,0.03313
26.29821,0.00758,36.89998,0.03313
26.2015,0.00758,36.89998,0.03316
26.2015,0.00758,36.89998,0.03322
26.09914,0.00758,37.00208,0.03327
25.99717,0.00758,36.89998,0.03349
25.99717,0.00758,36.89998,0.03359
25.99717,0.00758,36.89998,0.03378
25.99717,0.00758,36.89998,0.03394
25.99717,0.00758,37.00208,0.03394
25.80038,0.00758,37.00208,0.03394
25.80038,0.00758,36.89998,0.03394
25.69959,0.00758,36.89998,0.03394
25.59919,0.00758,37.00208,0.03394
25.59919,0.00758,36.79816,0.03394
25.59919,0.00758,36.89998,0.03394
25.49918,0.00758,37.00208,0.03394
25.59919,0.00758,37.00208,0.03394
25.49918,0.00758,36.89998,0.03394
25.49918,0.00758,37.00208,0.03394
25.39956,0.00758,36.89998,0.03394
25.39956,0.00758,37.00208,0.03398
25.30033,0.00758,37.00208,0.034
25.30033,0.00758,36.89998,0.034
25.30033,0.00758,37.00208,0.03401
25.20149,0.00758,36.89998,0.03403
25.20149,0.00758,36.89998,0.03403
24.9992,0.00758,37.00208,0.03403
24.9992,0.00758,37.00208,0.03403
24.9992,0.00758,36.89998,0.03403
24.79854,0.00758,37.00208,0.03403
24.79854,0.00758,37.00208,0.03403
24.79854,0.00758,36.89998,0.03403
24.70166,0.00758,37.00208,0.03403
24.59949,0.00758,37.00208,0.03403
24.59949,0.00758,37.00208,0.03403
24.49775,0.00765,36.89998,0.03403
24.49775,0.00782,36.89998,0.03403
24.40204,0.0081,36.89998,0.03403
24.30111,0.00819,37.00208,0.03403
24.2006,0.00822,36.89998,0.03403
24.2006,0.00822,36.89998,0.03403
24.10051,0.00822,36.79816,0.03403
24.00082,0.00822,36.89998,0.03403
23.90155,0.00822,37.00208,0.03407
23.90155,0.00822,37.00208,0.03407
23.8027,0.00822,37.00208,0.03407
23.8027,0.00822,36.89998,0.03408
23.69879,0.00822,37.00208,0.03408
23.60077,0.00822,36.89998,0.03408
23.49774,0.00822,37.00208,0.03408
23.49774,0.00822,36.89998,0.03412
23.40055,0.00822,36.89998,0.03413
23.2984,0.00822,37.00208,0.03419
23.2984,0.00822,36.89998,0.03423
23.20204,0.00822,37.00208,0.03426
23.10075,0.00822,36.89998,0.03429
22.99991,0.00822,36.89998,0.03431
22.99991,0.00822,37.00208,0.03431
22.89951,0.00822,36.89998,0.03431
22.89951,0.00822,36.89998,0.03431
22.70001,0.00822,37.00208,0.03442
22.60092,0.00822,36.79816,0.03442
22.60092,0.00822,36.89998,0.03442
22.50226,0.00822,36.89998,0.03442
22.39887,0.00822,36.89998,0.03443
22.39887,0.00822,37.00208,0.03444
22.30109,0.00822,37.09592,0.03444
22.10172,0.00822,37.00208,0.03446
22.10172,0.00822,36.89998,0.03446
22.00018,0.00822,36.89998,0.03446
21.89909,0.00822,36.89998,0.03446
21.79848,0.00822,36.89998,0.03456
21.69832,0.00822,36.89998,0.03456
21.69832,0.00822,36.89998,0.03471
21.59863,0.00822,36.89998,0.03482
21.49939,0.00822,37.09592,0.03482
21.40061,0.00822,37.00208,0.03493
21.40061,0.00822,37.00208,0.03493
21.30228,0.00822,37.00208,0.03493
21.19953,0.00822,36.89998,0.03493
21.19953,0.00822,36.89998,0.03493
21.00033,0.00822,36.89998,0.03493
20.89903,0.00822,36.89998,0.03493
20.89903,0.00822,36.89998,0.03493
20.79822,0.00822,36.89998,0.03493
20.69789,0.00822,36.89998,0.03493
20.59805,0.00822,36.89998,0.03493
20.59805,0.00822,36.89998,0.03493
20.49869,0.00822,37.00208,0.03493
20.39981,0.00822,36.89998,0.03493
20.30141,0.00822,37.00208,0.03494
20.30141,0.00822,36.89998,0.03494
20.19883,0.00822,36.89998,0.03494
20.10139,0.00822,36.89998,0.03494
19.99982,0.00822,37.00208,0.03494
19.99982,0.00822,37.00208,0.03494
19.89877,0.00822,37.00208,0.03494
19.79822,0.00822,37.00208,0.03494
19.69818,0.00822,36.89998,0.03494
19.69818,0.00822,36.89998,0.03494
19.59865,0.00822,36.89998,0.03494
19.49962,0.00822,36.89998,0.03495
19.49962,0.00822,36.89998,0.03495
19.40109,0.00822,36.89998,0.03495
19.29861,0.00822,36.89998,0.03495
19.2011,0.00822,36.89998,0.03495
19.2011,0.00822,36.89998,0.03495
19.09968,0.00822,36.89998,0.03495
18.9988,0.00822,37.00208,0.03495
18.89845,0.00822,36.89998,0.03495
18.89845,0.00822,37.00208,0.03495
18.79863,0.00822,36.89998,0.03495
18.79863,0.00822,36.89998,0.03495
18.69934,0.00822,36.79816,0.03495
18.60056,0.00822,36.89998,0.03495
18.49806,0.00822,36.79816,0.03495
18.49806,0.00825,37.00208,0.03495
18.40035,0.00883,37.00208,0.03496
18.29895,0.00883,36.89998,0.03496
18.29895,0.01009,37.00208,0.03496
18.29895,0.01009,36.89998,0.03496
18.1981,0.01052,36.89998,0.03496
18.1981,0.01052,37.00208,0.03496
18.10198,0.01052,36.89998,0.03496
17.99808,0.01052,36.89998,0.03496
17.99808,0.01052,36.89998,0.03496
17.89889,0.01052,37.00208,0.03496
17.89889,0.01052,37.00208,0.03496
17.80025,0.01052,36.89998,0.03496
17.69808,0.01052,36.89998,0.03496
17.69808,0.01052,36.89998,0.03496
17.60055,0.01052,37.00208,0.03497
17.60055,0.01052,37.00208,0.03497
17.49952,0.01052,37.00208,0.03497
17.39907,0.01052,36.89998,0.03497
17.39907,0.01052,37.00208,0.03497
17.39907,0.01052,37.00208,0.03497
17.29921,0.01052,36.89998,0.03497
17.19991,0.01052,37.00208,0.03497
17.19991,0.01052,36.89998,0.03497
17.10118,0.01052,36.89998,0.03497
17.10118,0.01052,36.79816,0.03497
17.10118,0.01052,36.89998,0.03497
16.99911,0.01052,37.00208,0.03497
16.99911,0.01052,36.89998,0.03497
16.90154,0.01052,37.00208,0.03497
16.90154,0.01052,37.00208,0.03497
16.80065,0.01052,36.89998,0.03497
16.80065,0.01052,36.89998,0.03497
16.70037,0.01052,36.79816,0.03497
16.70037,0.01052,36.89998,0.03497
16.70037,0.01052,36.89998,0.03497
16.60069,0.01052,37.00208,0.03497
16.60069,0.01052,36.89998,0.03497
16.60069,0.01052,36.89998,0.03497
16.5016,0.01052,36.89998,0.03497
16.39933,0.01052,37.00208,0.03497
16.39933,0.01052,36.89998,0.03497
16.39933,0.01052,37.00208,0.03497
16.30145,0.01052,36.79816,0.03497
16.30145,0.01052,37.00208,0.03497
16.20041,0.01052,37.00208,0.03497
16.20041,0.01052,36.89998,0.03497
16.20041,0.01052,36.89998,0.03499
16.10001,0.01052,36.89998,0.03499
16.10001,0.01052,37.00208,0.035
16.00023,0.01052,36.89998,0.035
16.00023,0.01052,37.00208,0.03501
15.90106,0.01052,37.00208,0.03501
15.90106,0.01052,36.89998,0.03501
15.90106,0.01052,36.89998,0.03501
15.79887,0.01052,36.89998,0.03504
15.79887,0.01052,37.00208,0.03507
15.70096,0.01052,36.79816,0.03518
15.70096,0.01052,36.89998,0.03521
15.70096,0.01052,36.89998,0.03521
15.60006,0.01056,37.00208,0.03526
15.60006,0.01056,36.79816,0.03531
15.4998,0.01056,36.89998,0.03534
15.4998,0.01056,37.00208,0.03534
15.4998,0.01056,36.89998,0.03536
15.40019,0.01056,36.89998,0.03536
15.40019,0.01056,36.89998,0.03541
15.40019,0.01056,37.00208,0.03545
15.40019,0.01056,37.00208,0.03548
15.30122,0.01056,36.89998,0.03551
15.30122,0.01056,37.00208,0.03553
15.19939,0.01056,36.79816,0.03555
15.19939,0.01056,36.89998,0.03555
15.19939,0.01056,36.89998,0.03555
15.10171,0.01056,36.89998,0.03555
15.10171,0.01056,36.89998,0.03555
15.10171,0.01056,36.89998,0.03557
15.00121,0.01056,36.89998,0.03558
15.00121,0.01056,36.89998,0.03558
15.00121,0.01056,36.89998,0.03566
14.90137,0.01056,36.89998,0.03568
14.90137,0.01056,37.00208,0.03568
14.90137,0.01056,37.00208,0.03568
14.90137,0.01056,36.89998,0.03568
14.79879,0.01056,36.89998,0.03568
14.79879,0.01056,36.89998,0.03568
14.7003,0.01056,36.89998,0.03571
14.7003,0.01056,36.89998,0.03575
14.7003,0.01056,37.00208,0.03578
14.7003,0.01056,37.00208,0.0358
14.5991,0.01056,36.89998,0.0358
14.5991,0.01056,36.89998,0.03584
14.5991,0.01056,36.89998,0.03584
14.4986,0.01056,37.00208,0.03584
14.4986,0.01056,37.00208,0.03584
14.4986,0.01056,36.89998,0.03584
14.3988,0.01056,37.00208,0.03586
14.3988,0.01056,36.89998,0.03586
14.3988,0.01056,36.89998,0.03586
14.3988,0.01056,37.00208,0.03586
14.3988,0.01056,36.89998,0.03586
14.29967,0.01056,37.00208,0.03586
14.29967,0.01056,36.89998,0.03587
14.29967,0.01056,37.00208,0.03587
14.20124,0.01056,37.00208,0.03587
14.20124,0.01056,36.89998,0.03587
14.20124,0.01056,36.89998,0.03588
14.20124,0.01056,37.00208,0.0359
14.10023,0.01056,37.00208,0.03592
14.10023,0.01056,36.89998,0.03592
13.99994,0.01056,37.00208,0.03592
13.99994,0.01056,36.89998,0.03599
13.99994,0.01056,37.00208,0.036
13.99994,0.01056,36.89998,0.036
13.99994,0.01056,36.89998,0.036
13.90036,0.01056,37.00208,0.036
13.90036,0.01056,36.89998,0.036
13.90036,0.01056,37.00208,0.036
13.90036,0.01056,37.00208,0.036
13.8015,0.01056,37.00208,0.03608
13.8015,0.01056,36.89998,0.0362
13.8015,0.01056,37.00208,0.03624
13.8015,0.01056,36.89998,0.03624
13.70018,0.01056,37.00208,0.03634
13.70018,0.01056,36.89998,0.03642
13.70018,0.01056,36.89998,0.03643
13.70018,0.01056,36.89998,0.03643
13.70018,0.01056,36.89998,0.03646
13.5996,0.01056,36.89998,0.03646
13.5996,0.01056,36.89998,0.03646
13.5996,0.01056,36.89998,0.03646
13.5996,0.01056,36.89998,0.03646
13.49976,0.01056,37.00208,0.03647
13.49976,0.01056,37.00208,0.03647
13.49976,0.01056,36.89998,0.03648
13.49976,0.01056,36.89998,0.03648
13.40066,0.01056,37.00208,0.03652
13.40066,0.01056,37.00208,0.03652
13.40066,0.01056,36.89998,0.03652
13.40066,0.01056,37.00208,0.03652
13.40066,0.01056,36.89998,0.03652
13.29922,0.01056,37.00208,0.03652
13.29922,0.01056,36.89998,0.03652
13.29922,0.01056,37.00208,0.03652
13.29922,0.01056,36.89998,0.03652
13.29922,0.01056,36.89998,0.03652
13.19855,0.01056,36.89998,0.03652
13.19855,0.01056,36.79816,0.03661
13.19855,0.01056,36.89998,0.03665
13.19855,0.01056,37.00208,0.03665
13.19855,0.01056,37.00208,0.03665
13.09864,0.01056,37.00208,0.03665
13.09864,0.01056,36.89998,0.03665
13.09864,0.01056,36.89998,0.03665
13.09864,0.01056,36.89998,0.03665
13.09864,0.01056,36.89998,0.03665
12.99949,0.01056,37.00208,0.03665
12.99949,0.01056,36.89998,0.03665
12.99949,0.01056,37.00208,0.03665
12.99949,0.01056,37.00208,0.03665
12.99949,0.01056,36.89998,0.03665
12.99949,0.01056,36.89998,0.03665
12.90108,0.01056,36.79816,0.03665
12.90108,0.01056,36.89998,0.03665
12.90108,0.01056,37.00208,0.03665
12.90108,0.01056,36.89998,0.03665
12.90108,0.01056,36.89998,0.03665
12.80048,0.01056,36.89998,0.03678
12.80048,0.01056,37.00208,0.0368
12.80048,0.01056,36.89998,0.0368
12.80048,0.01056,37.00208,0.0368
12.80048,0.01056,36.89998,0.0368
12.80048,0.01056,36.89998,0.0368
12.80048,0.01056,36.89998,0.0368
12.80048,0.01056,37.00208,0.0368
12.80048,0.01056,36.89998,0.0368
12.70066,0.01056,36.89998,0.0368
12.70066,0.01056,36.89998,0.0368
12.70066,0.01056,37.00208,0.0368
12.70066,0.01056,36.89998,0.0368
12.70066,0.01056,36.89998,0.03682
12.59871,0.01056,36.89998,0.03684
12.70066,0.01056,36.89998,0.03684
12.59871,0.01111,37.00208,0.03695
12.59871,0.01111,36.89998,0.03695
12.59871,0.01111,37.00208,0.03695
12.59871,0.01111,36.89998,0.03695
12.59871,0.01111,36.89998,0.03695
12.59871,0.01111,37.09592,0.03695
12.59871,0.01111,36.89998,0.03695
12.59871,0.01111,37.00208,0.03695
12.50046,0.01111,36.89998,0.03695
12.50046,0.01111,36.89998,0.03695
12.50046,0.01124,37.00208,0.03695
12.50046,0.01124,36.89998,0.03695
12.50046,0.01124,37.00208,0.03695
12.50046,0.01124,37.00208,0.03695
12.40013,0.01124,37.00208,0.03695
12.40013,0.01124,36.89998,0.03695
12.40013,0.01124,36.89998,0.03695
12.40013,0.01124,36.89998,0.03695
12.40013,0.01124,36.89998,0.03695
12.40013,0.01124,36.89998,0.037
12.40013,0.01124,37.00208,0.037
12.40013,0.01124,36.89998,0.037
12.40013,0.01124,37.00208,0.037
12.40013,0.01124,36.89998,0.037
12.40013,0.01124,37.00208,0.03703
12.3006,0.01124,36.89998,0.03703
12.3006,0.01124,37.00208,0.03712
12.3006,0.01124,36.89998,0.03722
12.3006,0.01124,37.00208,0.03722
12.3006,0.01124,36.89998,0.03722
12.3006,0.01124,37.00208,0.03722
12.3006,0.01124,36.89998,0.03722
12.19905,0.01124,36.89998,0.03722
12.19905,0.01124,36.89998,0.03722
12.19905,0.01124,37.00208,0.03722
12.19905,0.01125,36.89998,0.03726
12.19905,0.01125,36.89998,0.03726
12.19905,0.01125,36.89998,0.03731
12.19905,0.01125,36.89998,0.03731
12.19905,0.01125,37.00208,0.03732
12.19905,0.01125,36.89998,0.03738
12.19905,0.01125,36.89998,0.03742
12.10114,0.01125,36.89998,0.03751
12.10114,0.01125,37.00208,0.03762
12.10114,0.01125,37.00208,0.03765
12.10114,0.01125,37.00208,0.03769
12.10114,0.01125,36.89998,0.03769
12.10114,0.01125,37.00208,0.03769
12.10114,0.01125,37.00208,0.03769
12.10114,0.01125,36.89998,0.0377
12.10114,0.01125,37.00208,0.0377
12.10114,0.01125,36.89998,0.03772
12.10114,0.01125,36.89998,0.03772
12.10114,0.01125,36.89998,0.03772
12.10114,0.01125,36.89998,0.03776
12.00124,0.01173,37.00208,0.03788
12.10114,0.01173,36.79816,0.03788
12.00124,0.01173,36.89998,0.03788
12.00124,0.01173,36.89998,0.0379
12.00124,0.01173,37.00208,0.03791
12.00124,0.01173,37.00208,0.03791
12.00124,0.01173,36.89998,0.03791
12.00124,0.01173,37.00208,0.03792
12.00124,0.01173,36.89998,0.03792
12.00124,0.01173,36.89998,0.03792
12.00124,0.01173,37.00208,0.03792
12.00124,0.01173,36.89998,0.03793
12.00124,0.01173,36.89998,0.03793
12.00124,0.01173,36.89998,0.03793
11.89943,0.01173,37.00208,0.03793
11.89943,0.01173,36.89998,0.03793
11.89943,0.01173,37.00208,0.03793
12.00124,0.01173,36.89998,0.03793
11.89943,0.01173,36.89998,0.03793
11.89943,0.01173,36.89998,0.03793
11.89943,0.01173,37.00208,0.03793
11.89943,0.01173,36.89998,0.03793
11.89943,0.01203,36.89998,0.03793
11.89943,0.01209,36.89998,0.03793
11.89943,0.0122,36.89998,0.03793
11.89943,0.01341,37.00208,0.03793
11.89943,0.01341,36.89998,0.03797
11.89943,0.01363,36.89998,0.03797
11.89943,0.01363,37.00208,0.03801
11.89943,0.01423,36.89998,0.03801
11.89943,0.01423,36.89998,0.03801
11.89943,0.01423,36.89998,0.03802
11.8012,0.01436,36.89998,0.03802
11.8012,0.01465,36.89998,0.03802
11.89943,0.01465,36.89998,0.03802
11.8012,0.01566,37.00208,0.03802
11.8012,0.01968,36.89998,0.03802
11.8012,0.0252,36.89998,0.03803
11.8012,0.03113,37.00208,0.03803
11.8012,0.0315,36.89998,0.03803
11.8012,0.0315,36.89998,0.03803
11.8012,0.0315,36.89998,0.03803
11.8012,0.0315,37.00208,0.03803
11.8012,0.0315,36.89998,0.03803
11.8012,0.0315,37.00208,0.03803
11.8012,0.0315,36.89998,0.03803
11.8012,0.0315,36.89998,0.03803
11.8012,0.0315,36.89998,0.03803
11.8012,0.0315,36.89998,0.03803
11.8012,0.0315,37.00208,0.03803
11.8012,0.0315,36.89998,0.03803
11.8012,0.0315,36.89998,0.03803
11.70109,0.0315,36.89998,0.03811
11.8012,0.03178,37.00208,0.03816
11.8012,0.03178,37.00208,0.03825
11.8012,0.0318,37.00208,0.03828
11.70109,0.0318,36.79816,0.03828
11.70109,0.0318,37.00208,0.03836
11.70109,0.0318,37.00208,0.0384
11.70109,0.0318,36.89998,0.03844
11.70109,0.0318,37.00208,0.03848
11.70109,0.0318,36.89998,0.03848
11.70109,0.0318,36.89998,0.03848
11.70109,0.0318,36.89998,0.03848
11.70109,0.0318,36.89998,0.03848
11.70109,0.0318,36.89998,0.03849
11.70109,0.0318,36.89998,0.03853
11.70109,0.0318,36.89998,0.03855
11.70109,0.0318,36.79816,0.03855
11.70109,0.0318,36.89998,0.0386
11.70109,0.0318,36.79816,0.03867
11.70109,0.0318,36.89998,0.03867
11.70109,0.0318,37.00208,0.03867
11.70109,0.0318,37.00208,0.03889
11.70109,0.0318,37.00208,0.03901
11.70109,0.0318,37.00208,0.03902
11.70109,0.0318,36.89998,0.03923
11.70109,0.0318,36.89998,0.03971
11.70109,0.0318,36.89998,0.04022
11.59915,0.0318,36.89998,0.04197
11.70109,0.0318,36.89998,0.0427
11.70109,0.0318,36.89998,0.04271
11.70109,0.0318,37.00208,0.04298
11.70109,0.03182,37.00208,0.04462
11.59915,0.03201,36.89998,0.04549
11.59915,0.03201,36.89998,0.04597
11.59915,0.03201,36.89998,0.04606
11.59915,0.03201,37.00208,0.04611
11.59915,0.03201,36.89998,0.04629
11.59915,0.03201,36.89998,0.04675
11.59915,0.03208,36.89998,0.04706
11.59915,0.03208,37.00208,0.04706
11.59915,0.03208,36.89998,0.04707
11.59915,0.03208,37.00208,0.04707
11.59915,0.03208,37.00208,0.04707
11.59915,0.03208,36.89998,0.04707
11.59915,0.03208,37.00208,0.04707
11.59915,0.03208,37.00208,0.04707
11.59915,0.03208,36.89998,0.04714
11.59915,0.03208,36.89998,0.04749
11.59915,0.03208,36.89998,0.04749
11.59915,0.03208,36.89998,0.04755
11.59915,0.03208,37.00208,0.04755
11.59915,0.03208,37.00208,0.04756
11.59915,0.03208,36.89998,0.04756
11.59915,0.03208,37.09592,0.04756
11.59915,0.03258,37.00208,0.04756
11.59915,0.03258,36.89998,0.04756
11.59915,0.03266,36.89998,0.04759
11.59915,0.03266,36.89998,0.04759
11.59915,0.03266,37.00208,0.04759
11.59915,0.03266,36.89998,0.04759
11.59915,0.03266,37.00208,0.04759
11.59915,0.03266,36.89998,0.04759
11.59915,0.03266,37.00208,0.04759
11.59915,0.03266,36.89998,0.04759
11.59915,0.03266,36.89998,0.04759
11.59915,0.03266,37.00208,0.04759
11.59915,0.03266,36.89998,0.04759
11.59915,0.03266,36.89998,0.04759
11.50075,0.03266,37.00208,0.04761
11.50075,0.03267,37.00208,0.04761
11.50075,0.03267,36.89998,0.04761
11.50075,0.03267,37.00208,0.04761
11.50075,0.03267,36.89998,0.04767
11.50075,0.03267,36.89998,0.04781
11.59915,0.03267,37.00208,0.048
11.50075,0.03267,37.00208,0.048
11.50075,0.03267,37.00208,0.048
11.50075,0.03267,36.89998,0.048
11.50075,0.03267,36.89998,0.048
11.50075,0.03267,37.00208,0.048
11.50075,0.03267,37.00208,0.048
11.50075,0.03267,36.89998,0.04801
11.50075,0.03267,36.89998,0.04801
11.50075,0.03267,36.89998,0.04801
11.50075,0.03267,36.89998,0.04801
11.50075,0.03267,36.89998,0.04801
11.50075,0.03267,36.89998,0.04801
11.50075,0.03267,36.79816,0.04801
11.50075,0.03267,37.09592,0.04801
11.50075,0.03267,37.00208,0.04801
11.50075,0.03267,37.00208,0.04805
11.50075,0.03267,37.00208,0.0481
11.50075,0.03267,36.89998,0.0481
11.50075,0.03267,36.89998,0.0481
11.50075,0.03267,36.89998,0.04814
11.50075,0.03267,36.89998,0.04814
11.50075,0.03267,37.00208,0.04814
11.50075,0.03267,36.89998,0.04814
11.50075,0.03267,36.89998,0.04818
11.50075,0.03267,37.00208,0.04818
11.50075,0.03267,37.00208,0.04818
11.50075,0.03267,36.89998,0.04818
11.50075,0.03267,37.00208,0.04818
11.50075,0.03267,36.89998,0.04818
11.50075,0.03267,36.89998,0.04818
11.50075,0.03267,36.89998,0.04818
11.50075,0.03267,36.89998,0.04818
11.50075,0.03267,37.00208,0.04818
11.50075,0.03267,36.89998,0.04818
11.50075,0.03267,37.00208,0.04818
11.50075,0.03267,36.89998,0.04818
11.50075,0.03267,36.89998,0.04818
11.40056,0.03267,36.89998,0.04818
11.40056,0.03267,36.89998,0.04818
11.50075,0.03267,36.89998,0.04818
11.50075,0.03267,37.00208,0.04818
11.40056,0.03267,36.89998,0.04826
11.40056,0.03267,36.89998,0.04826
11.40056,0.03267,36.89998,0.04826
11.40056,0.03267,36.89998,0.04826
11.50075,0.03281,36.89998,0.04826
11.40056,0.03281,36.89998,0.04826
11.50075,0.03281,37.00208,0.04826
11.40056,0.03281,36.89998,0.04826
11.40056,0.03281,36.89998,0.04828
11.40056,0.03281,36.89998,0.04835
11.40056,0.03281,36.89998,0.04835
11.40056,0.03281,37.00208,0.04839
11.40056,0.03327,37.09592,0.0484
11.40056,0.03327,37.00208,0.0484
11.40056,0.03327,37.00208,0.0484
11.40056,0.03327,36.89998,0.04841
11.40056,0.03327,36.89998,0.04841
11.40056,0.03327,37.00208,0.04841
11.40056,0.03327,36.89998,0.04844
11.40056,0.03327,37.00208,0.04844
11.40056,0.03327,36.89998,0.04844
11.40056,0.0333,36.89998,0.04844
11.40056,0.0333,36.89998,0.04847
11.40056,0.03392,36.89998,0.04847
11.40056,0.03392,36.89998,0.04849
11.40056,0.03392,37.00208,0.04849
11.40056,0.03392,36.89998,0.04849
11.40056,0.03425,36.89998,0.04849
11.40056,0.03425,36.89998,0.04852
11.40056,0.03425,36.89998,0.04852
11.40056,0.03425,36.89998,0.04852
11.40056,0.03425,37.00208,0.04852
11.40056,0.03438,37.09592,0.04858
11.40056,0.03506,37.00208,0.04858
11.40056,0.03506,36.89998,0.04858
11.40056,0.03511,37.00208,0.04859
11.40056,0.03511,36.89998,0.0486
11.40056,0.03891,37.00208,0.0486
11.40056,0.03891,37.00208,0.0486
11.40056,0.03891,36.89998,0.0486
11.40056,0.03913,36.89998,0.0486
11.40056,0.03913,36.89998,0.0486
11.40056,0.03965,36.89998,0.0486
11.40056,0.03986,37.00208,0.0486
11.40056,0.03986,36.89998,0.0486
11.40056,0.03986,36.89998,0.0486
11.40056,0.03986,36.89998,0.0486
11.40056,0.03986,36.89998,0.04863
11.40056,0.03986,37.00208,0.04863
11.40056,0.03986,36.89998,0.04863
11.40056,0.03986,37.00208,0.04863
11.40056,0.03986,36.89998,0.04863
11.40056,0.03986,37.00208,0.04863
11.40056,0.03986,36.89998,0.04863
11.40056,0.03986,36.89998,0.04863
11.40056,0.04012,36.89998,0.04865
11.40056,0.04012,37.00208,0.04865
11.30124,0.04012,36.89998,0.04865
11.30124,0.04012,37.00208,0.04872
11.40056,0.0406,36.89998,0.04881
11.30124,0.04091,36.89998,0.04883
11.40056,0.04091,36.89998,0.04883
11.30124,0.04091,37.00208,0.04883
11.30124,0.04091,37.00208,0.04883
11.30124,0.04159,36.89998,0.04886
11.30124,0.04159,36.89998,0.04886
11.30124,0.04261,36.89998,0.04886
11.30124,0.04261,36.89998,0.04893
11.30124,0.04261,36.89998,0.04897
11.30124,0.04261,36.79816,0.04921
11.30124,0.04261,36.89998,0.04955
11.30124,0.04261,37.00208,0.04968
11.30124,0.04261,36.89998,0.04975
11.30124,0.04265,37.00208,0.04975
11.30124,0.04309,36.89998,0.04975
11.30124,0.04309,36.89998,0.04975
11.30124,0.04309,36.89998,0.04975
11.30124,0.0453,36.89998,0.04975
11.30124,0.05115,37.00208,0.04975
11.30124,0.05274,36.89998,0.04975
11.30124,0.05661,36.89998,0.04975
11.30124,0.06045,36.89998,0.04975
11.30124,0.06407,37.00208,0.04979
11.30124,0.06908,36.89998,0.05004
11.30124,0.07306,37.00208,0.05004
11.30124,0.07681,37.00208,0.05004
11.30124,0.07997,36.89998,0.05004
11.30124,0.08328,36.89998,0.05004
11.30124,0.08424,36.89998,0.05004
11.30124,0.0855,36.89998,0.05004
11.30124,0.08595,36.79816,0.0502
11.30124,0.08762,37.09592,0.05052
11.30124,0.08793,37.00208,0.05052
11.30124,0.08793,37.00208,0.05069
11.30124,0.08949,36.89998,0.05071
11.30124,0.09838,36.89998,0.05071
11.30124,0.10049,37.00208,0.05082
11.30124,0.10423,37.00208,0.0509
11.30124,0.10893,36.79816,0.05106
11.30124,0.10939,36.89998,0.05181
11.30124,0.11558,37.00208,0.05229
11.30124,0.12667,36.79816,0.05236
11.30124,0.14222,36.89998,0.05246
11.30124,0.14975,37.00208,0.05258
11.30124,0.15537,36.89998,0.05275
11.30124,0.16329,36.89998,0.05303
11.30124,0.16329,37.00208,0.05462
11.30124,0.1665,36.89998,0.05529
11.30124,0.17463,36.89998,0.05575
11.30124,0.18115,37.00208,0.05633
11.30124,0.18953,36.89998,0.05635
11.30124,0.19999,36.89998,0.0565
11.30124,0.20996,36.89998,0.05662
11.20021,0.21568,37.00208,0.05665
11.30124,0.21653,37.00208,0.05665
11.30124,0.21897,36.89998,0.05676
11.20021,0.21974,37.00208,0.05676
11.20021,0.21974,36.89998,0.05681
11.30124,0.2255,36.89998,0.05682
11.20021,0.23195,37.00208,0.05684
11.20021,0.23336,36.89998,0.05696
11.30124,0.24144,36.89998,0.05707
11.20021,0.24648,36.79816,0.05708
11.20021,0.24648,36.89998,0.05711
11.20021,0.24966,37.00208,0.05727
11.20021,0.25175,36.89998,0.05732
11.20021,0.25175,36.89998,0.05732
11.20021,0.25524,36.89998,0.05735
11.20021,0.25632,37.00208,0.05735
11.20021,0.26147,36.89998,0.05738
11.20021,0.26271,36.89998,0.05743
11.20021,0.26271,37.00208,0.05755
11.20021,0.26271,36.89998,0.05817
11.20021,0.26271,37.00208,0.05831
11.20021,0.2661,36.89998,0.05834
11.20021,0.26824,37.00208,0.05843
11.20021,0.26859,36.89998,0.05849
11.20021,0.26881,37.00208,0.05854
11.20021,0.26881,36.89998,0.05855
11.20021,0.26881,37.00208,0.05862
11.20021,0.27053,36.89998,0.05872
11.20021,0.27132,37.00208,0.05875
11.20021,0.27553,36.89998,0.05881
11.20021,0.28536,36.89998,0.05885
11.20021,0.2908,36.89998,0.05889
11.20021,0.29329,36.89998,0.05906
11.20021,0.29625,36.89998,0.05908
11.20021,0.29896,37.00208,0.05955
11.20021,0.30005,36.89998,0.05986
11.20021,0.3008,36.89998,0.05993
11.20021,0.30185,36.89998,0.05999
11.20021,0.30338,36.89998,0.06004
11.20021,0.30586,37.00208,0.06007
11.20021,0.30934,37.00208,0.06015
11.20021,0.31255,36.89998,0.06044
11.20021,0.31953,37.00208,0.0609
11.20021,0.32536,36.89998,0.06113
11.20021,0.32904,37.00208,0.06128
11.20021,0.33715,36.89998,0.06162
11.20021,0.34377,37.00208,0.06184
11.20021,0.3477,36.89998,0.0621
11.20021,0.35228,36.89998,0.06225
11.20021,0.35702,37.00208,0.06239
11.20021,0.36058,36.89998,0.06239
11.20021,0.36649,36.89998,0.06247
11.20021,0.37114,36.89998,0.06265
11.20021,0.37185,37.00208,0.06271
11.20021,0.37241,36.89998,0.06272
11.20021,0.37375,36.89998,0.06272
11.20021,0.37583,36.79816,0.06272
11.20021,0.37838,37.00208,0.06294
11.20021,0.37939,37.00208,0.06305
11.20021,0.38127,37.00208,0.06312
11.20021,0.38241,36.89998,0.06342
11.20021,0.38479,36.89998,0.06355
11.20021,0.38574,36.89998,0.06362
11.20021,0.38579,37.00208,0.06362
11.20021,0.38615,36.79816,0.06362
11.20021,0.38655,37.00208,0.06364
11.20021,0.38814,36.89998,0.06365
11.10008,0.38868,37.00208,0.06365
11.20021,0.38963,36.89998,0.06374
11.20021,0.39157,36.89998,0.06396
11.20021,0.3963,36.89998,0.06485
11.20021,0.39972,36.89998,0.0654
11.20021,0.40147,36.89998,0.06565
11.20021,0.40776,37.00208,0.06627
11.20021,0.41582,36.89998,0.06677
11.20021,0.42329,36.89998,0.06731
11.10008,0.4241,36.89998,0.06731
11.20021,0.43378,36.89998,0.06749
11.20021,0.43756,37.00208,0.06768
11.10008,0.44511,37.00208,0.06798
11.20021,0.45434,36.89998,0.06857
11.20021,0.45524,37.00208,0.06864
11.20021,0.46085,36.89998,0.06928
11.10008,0.46566,36.79816,0.0698
11.10008,0.46566,36.89998,0.06995
11.20021,0.47326,37.00208,0.0704
11.20021,0.48414,36.89998,0.07112
11.20021,0.4895,36.89998,0.07143
11.10008,0.49174,37.00208,0.0717
11.10008,0.49312,37.00208,0.07215
11.10008,0.49341,36.89998,0.07235
11.20021,0.49413,37.00208,0.07267
11.20021,0.49413,36.89998,0.07292
11.10008,0.49482,36.89998,0.0737
11.10008,0.49548,37.00208,0.07419
11.10008,0.49548,37.00208,0.07515
11.10008,0.49548,36.89998,0.07552
11.10008,0.49548,36.79816,0.0765
11.10008,0.49548,37.00208,0.0773
11.10008,0.49548,36.89998,0.07745
11.10008,0.49581,36.79816,0.07798
11.10008,0.49581,36.89998,0.07824
11.10008,0.49581,36.89998,0.07843
11.10008,0.49581,37.00208,0.07861
11.10008,0.49581,37.00208,0.07888
11.10008,0.49581,36.89998,0.07904
11.10008,0.49581,37.00208,0.07961
11.10008,0.49581,36.89998,0.08005
11.10008,0.49581,36.89998,0.08072
11.10008,0.49581,37.00208,0.08135
11.10008,0.49581,36.89998,0.08164
11.10008,0.49833,36.89998,0.08251
11.10008,0.49834,36.89998,0.08332
11.10008,0.4994,37.00208,0.08476
11.10008,0.49981,36.89998,0.08566
11.10008,0.50086,36.89998,0.08633
11.10008,0.50169,36.89998,0.08704
11.10008,0.50175,36.89998,0.08842
11.10008,0.50175,36.89998,0.08895
11.10008,0.50175,36.79816,0.08897
11.10008,0.50414,36.89998,0.08909
11.10008,0.50414,36.89998,0.08918
11.10008,0.50621,36.89998,0.08927
11.10008,0.50698,36.89998,0.08927
11.10008,0.50698,36.89998,0.08966
11.10008,0.50698,36.89998,0.08997
11.10008,0.50698,36.89998,0.09022
11.10008,0.51027,36.89998,0.09065
11.10008,0.51027,36.89998,0.09085
11.10008,0.51174,37.00208,0.0916
11.10008,0.51174,36.89998,0.09218
11.10008,0.51205,36.89998,0.09291
11.10008,0.51205,36.79816,0.09368
11.10008,0.51551,36.89998,0.09421
11.10008,0.51551,36.79816,0.09454
11.10008,0.51551,36.79816,0.0947
11.10008,0.51551,36.89998,0.09518
11.10008,0.51551,36.89998,0.09577
11.10008,0.51551,36.89998,0.09612
11.10008,0.51623,36.89998,0.09713
11.10008,0.51623,36.89998,0.0977
11.10008,0.51624,36.79816,0.09803
11.10008,0.51624,36.89998,0.09858
11.10008,0.51624,36.79816,0.09923
11.10008,0.51624,36.79816,0.09962
11.10008,0.51624,36.89998,0.09981
11.10008,0.51624,36.79816,0.09988
11.10008,0.51624,36.89998,0.10035
11.10008,0.51624,36.89998,0.10112
11.10008,0.51624,36.89998,0.10151
11.10008,0.51624,36.79816,0.10189
11.10008,0.51624,36.79816,0.10204
11.10008,0.51624,36.79816,0.10229
11.10008,0.51624,36.79816,0.10245
11.10008,0.51624,36.79816,0.10266
11.10008,0.51624,36.79816,0.10272
11.10008,0.51717,36.69663,0.10275
11.10008,0.51717,36.69663,0.10276
11.10008,0.51717,36.79816,0.10276
11.10008,0.51717,36.79816,0.10276
11.10008,0.5172,36.69663,0.10276
11.10008,0.51778,36.79816,0.10276
11.10008,0.51778,36.79816,0.10279
11.00085,0.52119,36.79816,0.10288
11.00085,0.52132,36.89998,0.10289
11.00085,0.52137,36.79816,0.10289
11.10008,0.52137,36.79816,0.10289
11.00085,0.52137,36.69663,0.10293
11.00085,0.52137,36.6038,0.10293
11.10008,0.52171,36.69663,0.10295
11.10008,0.52222,36.79816,0.10298
11.00085,0.52364,36.69663,0.10298
11.00085,0.52602,36.69663,0.10298
11.00085,0.52701,36.69663,0.10359
11.10008,0.5274,36.69663,0.10384
11.00085,0.52784,36.69663,0.10442
11.00085,0.52902,36.69663,0.10487
11.00085,0.53102,36.69663,0.10513
11.00085,0.53519,36.69663,0.10527
11.00085,0.53611,36.6038,0.10578
11.00085,0.53611,36.69663,0.1062
11.00085,0.53628,36.5028,0.10621
11.00085,0.53628,36.69663,0.10621
11.00085,0.53628,36.69663,0.10621
11.00085,0.53628,36.6038,0.10627
11.00085,0.53628,36.6038,0.10629
11.00085,0.53628,36.69663,0.1063
11.00085,0.53628,36.6038,0.1064
11.00085,0.53662,36.6038,0.10656
11.00085,0.53675,36.5028,0.10664
11.00085,0.53675,36.6038,0.10675
11.00085,0.53708,36.5028,0.10676
11.00085,0.53708,36.6038,0.10676
11.00085,0.53948,36.6038,0.10678
11.00085,0.54016,36.6038,0.10678
11.00085,0.54056,36.5028,0.10683
11.00085,0.5408,36.6038,0.10683
11.00085,0.5408,36.6038,0.10683
11.00085,0.5408,36.5028,0.10683
11.00085,0.54104,36.5028,0.10683
11.00085,0.54104,36.6038,0.10683
11.00085,0.54246,36.5028,0.10685
11.00085,0.54246,36.40208,0.1069
11.00085,0.54255,36.5028,0.10694
11.00085,0.54255,36.5028,0.10712
11.00085,0.54255,36.5028,0.10729
11.00085,0.54489,36.5028,0.10735
11.00085,0.54489,36.5028,0.10743
11.00085,0.54489,36.5028,0.1077
11.00085,0.54489,36.30163,0.10802
11.00085,0.54489,36.40208,0.10806
11.00085,0.54489,36.30163,0.10832
11.00085,0.54489,36.30163,0.10832
11.00085,0.54489,36.40208,0.10848
11.00085,0.54489,36.30163,0.10881
11.00085,0.54489,36.30163,0.10909
11.00085,0.54489,36.30163,0.1093
11.00085,0.54489,36.30163,0.10979
11.00085,0.54489,36.40208,0.10989
11.00085,0.54827,36.30163,0.11017
11.00085,0.54827,36.20147,0.11047
11.00085,0.54827,36.20147,0.11076
11.00085,0.54827,36.20147,0.11094
11.00085,0.54827,36.10157,0.1111
11.00085,0.54827,36.20147,0.11126
11.00085,0.54827,36.20147,0.11147
11.00085,0.54827,36.10157,0.11148
11.00085,0.54908,36.00196,0.11148
11.00085,0.54908,36.10157,0.11151
11.00085,0.54908,36.10157,0.11178
11.00085,0.54958,36.00196,0.11178
11.00085,0.55135,35.90262,0.11178
11.00085,0.55267,36.00196,0.11184
11.00085,0.55354,35.90262,0.11198
11.00085,0.55499,36.00196,0.11203
11.00085,0.55579,35.90262,0.11203
11.00085,0.55668,35.80355,0.11206
11.00085,0.55763,35.90262,0.11206
11.00085,0.56079,35.80355,0.11212
11.00085,0.56323,35.80355,0.11212
10.89999,0.56733,35.80355,0.11212
10.89999,0.56733,35.80355,0.11217
10.89999,0.56832,35.69654,0.11217
10.89999,0.56832,35.59805,0.11218
11.00085,0.56881,35.59805,0.11218
11.00085,0.57016,35.69654,0.11225
10.89999,0.57025,35.59805,0.11225
11.00085,0.57025,35.59805,0.11225
10.89999,0.57026,35.49982,0.11225
10.89999,0.57201,35.59805,0.11225
10.89999,0.57596,35.49982,0.11225
10.89999,0.57775,35.49982,0.11225
10.89999,0.58009,35.40187,0.11225
11.00085,0.58249,35.40187,0.11225
10.89999,0.58316,35.29605,0.11225
10.89999,0.58983,35.40187,0.11225
10.89999,0.59497,35.29605,0.11225
10.89999,0.59715,35.29605,0.11225
10.89999,0.59977,35.19866,0.11225
10.89999,0.61194,35.19866,0.11225
10.89999,0.62112,35.10154,0.11225
10.89999,0.63383,35.10154,0.11225
10.89999,0.64516,35.10154,0.11225
10.89999,0.65346,35.10154,0.11225
10.89999,0.66198,34.99662,0.11225
10.89999,0.67193,34.90006,0.11225
10.89999,0.67613,34.90006,0.11225
10.89999,0.67835,34.99662,0.11225
10.89999,0.68392,34.90006,0.11225
10.89999,0.69042,34.90006,0.11225
10.89999,0.69297,34.90006,0.11225
10.89999,0.69811,34.80376,0.11225
10.89999,0.7003,34.80376,0.11225
10.89999,0.70205,34.69973,0.11231
10.89999,0.70205,34.69973,0.11231
10.89999,0.70443,34.59602,0.11231
10.89999,0.70641,34.59602,0.11234
10.89999,0.70699,34.39744,0.11235
10.89999,0.70733,34.50056,0.11235
10.89999,0.70734,34.39744,0.11236
10.89999,0.70734,34.39744,0.11236
10.89999,0.70734,34.30253,0.11236
10.89999,0.70734,34.30253,0.11236
10.89999,0.70734,34.2,0.11236
10.89999,0.70736,34.2,0.11236
10.89999,0.70845,34.2,0.11238
10.89999,0.70845,34.09778,0.11238
10.89999,0.70876,34.0037,0.11245
10.89999,0.7089,34.0037,0.11245
10.89999,0.7089,34.0037,0.11245
10.89999,0.7089,33.90207,0.11245
10.89999,0.7089,34.0037,0.11245
10.89999,0.7089,33.80074,0.11245
10.89999,0.7089,33.69971,0.11245
10.89999,0.70976,33.59898,0.11271
10.89999,0.70976,33.59898,0.1128
10.89999,0.70976,33.59898,0.11281
10.89999,0.70976,33.49856,0.11281
10.89999,0.70976,33.39844,0.11282
10.89999,0.70976,33.39844,0.11284
10.89999,0.70976,33.29861,0.11284
10.89999,0.70976,33.29861,0.11289
10.89999,0.70976,33.29861,0.11289
10.89999,0.70976,33.29861,0.11294
10.89999,0.70976,33.19909,0.11294
10.89999,0.70976,33.09986,0.11294
10.89999,0.70976,33.00093,0.11294
10.89999,0.70976,32.90229,0.11294
10.89999,0.70976,32.90229,0.11294
10.89999,0.70976,32.90229,0.11294
10.89999,0.70976,32.7964,0.11294
10.89999,0.70976,32.7964,0.11294
10.89999,0.70976,32.69837,0.11294
10.89999,0.70976,32.69837,0.11294
10.89999,0.70976,32.60064,0.11294
10.80006,0.71023,32.5032,0.11296
10.89999,0.71023,32.5032,0.11296
10.89999,0.71023,32.30176,0.11296
10.89999,0.71023,32.39859,0.11296
10.89999,0.71023,32.30176,0.11299
10.89999,0.71023,32.1978,0.11305
10.89999,0.71023,32.1978,0.11305
10.89999,0.71023,32.10156,0.11324
10.89999,0.71023,31.99824,0.11324
10.89999,0.71023,31.90261,0.11329
10.89999,0.71023,31.90261,0.11329
10.80006,0.71023,31.79993,0.11329
10.89999,0.71023,31.69758,0.11329
10.89999,0.71023,31.60284,0.11329
10.89999,0.71377,31.69758,0.11332
10.80006,0.71377,31.50113,0.11332
10.80006,0.71377,31.60284,0.11332
10.80006,0.71377,31.50113,0.11332
10.80006,0.71377,31.29869,0.11332
10.89999,0.71377,31.19796,0.11332
10.89999,0.71377,31.19796,0.11332
10.80006,0.71377,31.09755,0.11332
10.80006,0.71377,31.09755,0.11332
10.89999,0.71377,30.8977,0.11333
10.80006,0.71377,30.8977,0.11333
10.80006,0.71377,30.79826,0.11333
10.80006,0.71377,30.79826,0.11333
10.80006,0.71377,30.60033,0.11333
10.80006,0.71377,30.60033,0.11333
10.89999,0.71377,30.50185,0.11334
10.89999,0.71377,30.50185,0.11334
10.80006,0.71377,30.39668,0.11334
10.80006,0.71377,30.29885,0.11334
10.80006,0.71377,30.29885,0.11334
10.80006,0.71377,30.20134,0.11334
10.80006,0.71377,30.20134,0.11334
10.89999,0.71377,30.0972,0.11334
10.80006,0.71377,30.00034,0.11347
10.80006,0.71377,29.8969,0.11348
10.80006,0.71377,29.8969,0.1135
10.80006,0.71377,29.80068,0.1135
10.80006,0.71377,29.69793,0.1135
10.80006,0.71377,29.60235,0.1135
10.80006,0.71377,29.50028,0.1135
10.80006,0.71377,29.50028,0.1135
10.80006,0.71377,29.2972,0.11355
10.80006,0.71377,29.2972,0.11361
10.80006,0.71377,29.20291,0.11361
10.80006,0.71377,29.20291,0.11361
10.80006,0.71377,29.10222,0.11361
10.80006,0.71377,29.00188,0.11363
10.80006,0.71377,29.00188,0.11363
10.80006,0.71377,28.90188,0.11363
10.80006,0.71377,28.80223,0.11363
10.80006,0.71377,28.70292,0.11363
10.80006,0.71377,28.59737,0.11363
10.80006,0.71377,28.59737,0.11363
10.80006,0.71377,28.49877,0.11364
10.80006,0.71377,28.40051,0.11364
10.80006,0.71377,28.30259,0.11365
10.80006,0.71377,28.10128,0.11365
10.80006,0.71377,28.10128,0.11365
10.80006,0.71377,28.10128,0.11366
10.80006,0.71377,27.99794,0.11366
10.80006,0.71377,27.99794,0.11366
10.80006,0.71377,27.90141,0.11366
10.80006,0.71377,27.79881,0.11366
10.80006,0.71377,27.79881,0.11367
10.80006,0.71377,27.70296,0.11367
10.80006,0.71377,27.49959,0.11372
10.80006,0.71377,27.60108,0.11378
10.80006,0.71391,27.49959,0.11403
10.80006,0.71391,27.2977,0.11414
10.80006,0.71391,27.2977,0.11421
10.80006,0.71391,27.19732,0.11432
10.80006,0.71391,26.99766,0.11449
10.80006,0.71391,26.99766,0.11475
10.80006,0.71391,26.99766,0.11504
10.80006,0.71391,26.89838,0.11515
10.80006,0.71391,26.79947,0.11521
10.80006,0.71391,26.79947,0.1153
10.80006,0.71391,26.60273,0.11538
10.80006,0.71391,26.60273,0.11567
10.80006,0.71391,26.4988,0.11587
10.80006,0.71391,26.40135,0.11595
10.80006,0.71391,26.29821,0.11614
10.80006,0.71391,26.29821,0.11619
10.80006,0.71391,26.2015,0.11665
10.80006,0.71391,26.09914,0.11687
10.80006,0.71391,26.09914,0.11708
10.80006,0.71391,25.99717,0.11713
10.80006,0.71391,25.90157,0.11754
10.80006,0.71391,25.80038,0.11766
10.80006,0.71391,25.69959,0.11766
10.80006,0.71391,25.80038,0.1179
10.80006,0.71391,25.59919,0.11821
10.80006,0.71391,25.49918,0.11822
10.80006,0.71391,25.39956,0.1185
10.80006,0.71391,25.39956,0.11853
10.80006,0.71391,25.39956,0.11871
10.80006,0.71391,25.20149,0.11884
10.80006,0.71391,25.20149,0.11904
10.80006,0.71391,25.09725,0.11909
10.80006,0.71391,24.9992,0.11912
10.80006,0.71391,24.90154,0.11917
10.80006,0.71391,24.90154,0.11925
10.80006,0.71391,24.79854,0.11928
10.80006,0.71391,24.70166,0.11949
10.80006,0.71404,24.70166,0.1196
10.80006,0.71404,24.59949,0.11966
10.80006,0.71404,24.49775,0.11977
10.80006,0.71404,24.49775,0.11999
10.80006,0.71404,24.40204,0.12001
10.80006,0.71404,24.40204,0.12001
10.80006,0.71404,24.2006,0.12001
10.80006,0.71404,24.2006,0.12011
10.80006,0.71404,24.10051,0.12025
10.80006,0.71404,24.00082,0.12029
10.70104,0.71404,24.00082,0.12031
10.80006,0.71404,23.90155,0.12035
10.70104,0.71404,23.8027,0.12045
10.80006,0.71404,23.69879,0.12061
10.70104,0.71404,23.69879,0.12071
10.70104,0.71404,23.60077,0.12071
10.70104,0.71404,23.49774,0.12078
10.80006,0.71404,23.49774,0.1208
10.80006,0.71404,23.40055,0.12085
10.80006,0.71404,23.40055,0.121
10.70104,0.71404,23.2984,0.12102
10.80006,0.71404,23.20204,0.12103
10.80006,0.71404,23.20204,0.12103
10.70104,0.71404,23.10075,0.12103
10.70104,0.71404,22.99991,0.12105
10.70104,0.71404,22.99991,0.1211
10.70104,0.71404,22.89951,0.12115
10.80006,0.71404,22.79954,0.12115
10.80006,0.71404,22.79954,0.12129
10.70104,0.71404,22.70001,0.12134
10.70104,0.71404,22.70001,0.12136
10.70104,0.71404,22.60092,0.12156
10.70104,0.71404,22.50226,0.12158
10.70104,0.71404,22.39887,0.12161
10.70104,0.71404,22.39887,0.12172
10.70104,0.71404,22.30109,0.12184
10.70104,0.71404,22.30109,0.12189
10.70104,0.71404,22.19863,0.12205
10.70104,0.71404,22.19863,0.12216
10.70104,0.71404,22.10172,0.12274
10.70104,0.71404,22.00018,0.12308
10.70104,0.71404,22.00018,0.12313
10.70104,0.71404,21.89909,0.12326
10.70104,0.71404,21.89909,0.12358
10.70104,0.71404,21.79848,0.12362
10.70104,0.71404,21.69832,0.12363
10.70104,0.71404,21.69832,0.12387
10.70104,0.71404,21.59863,0.12399
10.70104,0.71404,21.59863,0.124
10.70104,0.71404,21.49939,0.1241
10.70104,0.71404,21.40061,0.12411
10.70104,0.71404,21.40061,0.12411
10.70104,0.71404,21.30228,0.12411
10.70104,0.71404,21.30228,0.12411
10.70104,0.71404,21.19953,0.12411
10.70104,0.71404,21.19953,0.12413
10.70104,0.71404,21.10212,0.12413
10.70104,0.71404,21.10212,0.12413
10.70104,0.71404,21.00033,0.12415
10.70104,0.71404,20.89903,0.12423
10.70104,0.71404,20.89903,0.12425
10.70104,0.71404,20.79822,0.12425
10.70104,0.71404,20.79822,0.12428
10.70104,0.71404,20.69789,0.12428
10.70104,0.71404,20.69789,0.1243
10.70104,0.71404,20.59805,0.12433
10.70104,0.71404,20.59805,0.12433
10.70104,0.71404,20.49869,0.12433
10.70104,0.71404,20.49869,0.12433
10.70104,0.71404,20.39981,0.12436
10.70104,0.7142,20.30141,0.12442
10.70104,0.7142,20.30141,0.12458
10.70104,0.7142,20.30141,0.12458
10.70104,0.7142,20.19883,0.12458
10.70104,0.7142,20.10139,0.1246
10.70104,0.7142,20.10139,0.1246
10.70104,0.7142,20.10139,0.1246
10.70104,0.7142,19.99982,0.12468
10.70104,0.7142,19.89877,0.12471
10.70104,0.7142,19.89877,0.12471
10.70104,0.7142,19.89877,0.12493
10.70104,0.7142,19.79822,0.12503
10.70104,0.7142,19.79822,0.12518
10.70104,0.7142,19.69818,0.12524
10.70104,0.7142,19.69818,0.12527
10.70104,0.7142,19.59865,0.12527
10.70104,0.7142,19.59865,0.12527
10.70104,0.7142,19.49962,0.12541
10.70104,0.7142,19.49962,0.12543
10.70104,0.7142,19.40109,0.12551
10.70104,0.7142,19.40109,0.12551
10.70104,0.7142,19.29861,0.12551
10.70104,0.7142,19.29861,0.12556
10.70104,0.7142,19.2011,0.12556
10.70104,0.7142,19.2011,0.12563
10.70104,0.7142,19.2011,0.12563
10.70104,0.7142,19.09968,0.12566
10.70104,0.7142,19.09968,0.12578
10.70104,0.7142,18.9988,0.12578
10.70104,0.7142,18.9988,0.12578
10.70104,0.7142,18.89845,0.12589
10.70104,0.7142,18.89845,0.12589
10.70104,0.7142,18.89845,0.12589
10.70104,0.7142,18.79863,0.12592
10.70104,0.7142,18.79863,0.12622
10.70104,0.7142,18.69934,0.12644
10.70104,0.7142,18.69934,0.12644
10.70104,0.7142,18.60056,0.12657
10.70104,0.7142,18.60056,0.12664
10.70104,0.7142,18.60056,0.12683
10.70104,0.7142,18.49806,0.12691
10.70104,0.7142,18.49806,0.12699
10.70104,0.7142,18.40035,0.12729
10.70104,0.7142,18.40035,0.12748
10.70104,0.7142,18.29895,0.12799
10.70104,0.7142,18.29895,0.128
10.70104,0.7142,18.29895,0.12805
10.70104,0.7142,18.1981,0.12807
10.70104,0.7142,18.1981,0.12808
10.70104,0.7142,18.10198,0.12811
10.70104,0.7142,18.10198,0.12811
10.70104,0.7142,17.99808,0.12811
10.70104,0.7142,17.99808,0.12816
10.70104,0.7142,17.99808,0.12821
10.70104,0.7142,17.89889,0.12821
10.70104,0.7142,17.89889,0.12821
10.70104,0.7142,17.89889,0.12822
10.70104,0.7142,17.89889,0.12825
10.70104,0.7142,17.80025,0.12827
10.70104,0.7142,17.69808,0.12828
10.70104,0.7142,17.80025,0.12828
10.70104,0.7142,17.60055,0.12828
10.70104,0.7142,17.60055,0.12834
10.70104,0.7142,17.60055,0.12845
10.70104,0.7142,17.60055,0.12845
10.70104,0.7142,17.49952,0.12845
10.70104,0.7142,17.49952,0.12845
10.70104,0.71442,17.49952,0.12845
10.70104,0.71442,17.39907,0.12845
10.70104,0.71442,17.39907,0.12845
10.70104,0.71442,17.29921,0.12845
10.70104,0.71442,17.29921,0.12845
10.70104,0.71442,17.29921,0.12845
10.70104,0.71442,17.29921,0.12859
10.70104,0.71442,17.19991,0.12873
10.70104,0.71442,17.19991,0.12877
10.70104,0.71442,17.10118,0.12877
10.70104,0.71442,17.10118,0.12877
10.70104,0.71442,17.10118,0.12877
10.70104,0.71442,16.99911,0.12877
10.70104,0.71442,16.99911,0.12879
10.70104,0.71442,16.99911,0.12879
10.70104,0.71442,16.90154,0.12879
10.70104,0.71737,16.90154,0.1288
10.70104,0.71737,16.80065,0.12885
10.70104,0.71737,16.80065,0.12929
10.70104,0.71737,16.80065,0.12933
10.70104,0.71737,16.70037,0.12934
10.70104,0.71737,16.70037,0.12934
10.70104,0.71737,16.70037,0.1295
10.70104,0.71737,16.70037,0.12951
10.70104,0.71737,16.60069,0.12951
10.70104,0.71737,16.60069,0.12951
10.70104,0.71737,16.60069,0.12951
10.70104,0.71737,16.60069,0.12951
10.70104,0.71737,16.5016,0.12951
10.70104,0.71737,16.39933,0.12951
10.6005,0.71737,16.5016,0.12963
10.70104,0.71737,16.39933,0.12963
10.70104,0.71737,16.39933,0.12963
10.70104,0.71737,16.30145,0.12965
10.70104,0.71737,16.30145,0.12965
10.6005,0.71737,16.30145,0.12965
10.6005,0.71737,16.30145,0.12966
10.6005,0.71737,16.20041,0.12966
10.6005,0.71737,16.20041,0.12966
10.70104,0.71737,16.20041,0.12966
10.70104,0.71737,16.10001,0.12967
10.6005,0.71737,16.10001,0.12978
10.6005,0.71737,16.10001,0.12993
10.6005,0.71737,16.00023,0.12997
10.6005,0.71737,16.00023,0.12997
10.6005,0.71737,15.90106,0.13022
10.70104,0.71737,15.90106,0.13023
10.6005,0.71737,15.90106,0.1303
10.6005,0.71737,15.90106,0.13031
10.6005,0.71764,15.90106,0.13044
10.6005,0.71764,15.79887,0.13044
10.70104,0.71764,15.79887,0.1305
10.6005,0.71764,15.79887,0.13052
10.6005,0.71764,15.70096,0.13069
10.6005,0.71764,15.70096,0.1307
10.70104,0.71764,15.70096,0.13074
10.6005,0.71764,15.70096,0.13074
10.6005,0.71764,15.60006,0.13085
10.6005,0.71764,15.60006,0.13086
10.6005,0.71764,15.60006,0.13086
10.6005,0.71764,15.4998,0.13087
10.6005,0.71764,15.4998,0.1309
10.6005,0.71764,15.4998,0.1309
10.6005,0.71764,15.4998,0.13091
10.70104,0.71764,15.40019,0.13091
10.6005,0.71764,15.40019,0.13099
10.70104,0.71764,15.40019,0.131
10.6005,0.71764,15.30122,0.13105
10.6005,0.71764,15.30122,0.13118
10.6005,0.71764,15.30122,0.13124
10.6005,0.71764,15.30122,0.13127
10.6005,0.71764,15.19939,0.1314
10.6005,0.71764,15.19939,0.13155
10.70104,0.71764,15.19939,0.13175
10.6005,0.71764,15.19939,0.1321
10.6005,0.71764,15.19939,0.1327
10.6005,0.71764,15.10171,0.13302
10.6005,0.71764,15.10171,0.13374
10.6005,0.71764,15.10171,0.13404
10.6005,0.71764,15.00121,0.13426
10.6005,0.71764,15.00121,0.13451
10.6005,0.71764,15.00121,0.13452
10.6005,0.71764,15.00121,0.13466
10.6005,0.71764,14.90137,0.13477
10.6005,0.71764,14.90137,0.13497
10.6005,0.71764,14.90137,0.13501
10.6005,0.71764,14.79879,0.13511
10.6005,0.71764,14.79879,0.13538
10.6005,0.71764,14.79879,0.1354
10.6005,0.71764,14.79879,0.13562
10.6005,0.71764,14.79879,0.1358
10.6005,0.71764,14.79879,0.13629
10.6005,0.71764,14.7003,0.13637
10.6005,0.71764,14.7003,0.1369
10.6005,0.71764,14.7003,0.1375
10.6005,0.71764,14.7003,0.13803
10.6005,0.71764,14.5991,0.13878
10.6005,0.71764,14.5991,0.13986
10.6005,0.71764,14.5991,0.14042
10.6005,0.71764,14.4986,0.14118
10.6005,0.71764,14.4986,0.1422
10.6005,0.71764,14.4986,0.1429
10.6005,0.71764,14.4986,0.1432
10.6005,0.71764,14.4986,0.14342
10.6005,0.71764,14.3988,0.14421
10.6005,0.71764,14.3988,0.14429
10.6005,0.71764,14.3988,0.14445
10.6005,0.71764,14.3988,0.14455
10.6005,0.71764,14.29967,0.14469
10.6005,0.71764,14.29967,0.1448
10.6005,0.71764,14.29967,0.1448
10.6005,0.71764,14.29967,0.14481
10.6005,0.71764,14.29967,0.14483
10.6005,0.71764,14.20124,0.14485
10.6005,0.71764,14.20124,0.14503
10.6005,0.71764,14.20124,0.14528
10.6005,0.71764,14.20124,0.14531
10.6005,0.71764,14.20124,0.14531
10.6005,0.71764,14.10023,0.14541
10.6005,0.71765,14.10023,0.14546
10.6005,0.71765,14.10023,0.14556
10.6005,0.71765,13.99994,0.14557
10.6005,0.71765,13.99994,0.14571
10.6005,0.7179,13.99994,0.14572
10.6005,0.7179,13.99994,0.14574
10.6005,0.7179,13.99994,0.14586
10.6005,0.7179,13.90036,0.14615
10.6005,0.71819,13.90036,0.14649
10.6005,0.71819,13.90036,0.14649
10.6005,0.71819,13.90036,0.14664
10.6005,0.71819,13.90036,0.1467
10.6005,0.71819,13.8015,0.14682
10.6005,0.71819,13.8015,0.147
10.6005,0.71887,13.8015,0.14724
10.6005,0.71887,13.8015,0.14726
10.6005,0.71887,13.8015,0.1476
10.6005,0.71887,13.70018,0.14762
10.6005,0.71887,13.70018,0.14768
10.6005,0.71887,13.70018,0.14768
10.6005,0.71887,13.70018,0.14768
10.6005,0.71887,13.70018,0.14768
10.6005,0.71887,13.70018,0.14768
10.6005,0.71887,13.5996,0.14768
10.6005,0.72062,13.5996,0.14814
10.6005,0.72062,13.5996,0.14821
10.6005,0.72338,13.5996,0.14893
10.6005,0.72338,13.49976,0.14893
10.6005,0.72338,13.5996,0.14894
10.6005,0.72338,13.49976,0.14894
10.6005,0.72338,13.49976,0.14895
10.6005,0.72338,13.49976,0.14896
10.6005,0.72338,13.49976,0.14896
10.6005,0.72338,13.40066,0.14896
10.6005,0.72338,13.40066,0.14897
10.6005,0.72349,13.40066,0.14903
10.6005,0.72349,13.40066,0.14903
10.6005,0.72349,13.40066,0.14908
10.6005,0.72377,13.40066,0.14911
10.6005,0.72436,13.29922,0.14912
10.6005,0.72436,13.29922,0.14914
10.6005,0.72436,13.29922,0.14918
10.6005,0.72436,13.29922,0.14918
10.6005,0.72436,13.19855,0.14918
10.6005,0.72436,13.19855,0.1492
10.6005,0.72436,13.19855,0.1492
10.6005,0.72436,13.19855,0.14926
10.6005,0.72436,13.19855,0.14939
10.6005,0.72436,13.19855,0.14946
10.6005,0.72436,13.19855,0.14949
10.6005,0.72436,13.09864,0.14958
10.6005,0.72436,13.09864,0.14974
10.6005,0.72436,13.09864,0.15007
10.6005,0.72436,13.09864,0.15011
10.6005,0.72436,13.09864,0.15019
10.6005,0.7248,12.99949,0.15068
10.6005,0.7248,12.99949,0.15126
10.6005,0.72615,12.99949,0.15188
10.6005,0.72615,12.99949,0.15205
10.6005,0.72615,12.99949,0.1522
10.6005,0.72615,12.99949,0.15233
10.6005,0.72615,12.99949,0.15242
10.6005,0.72615,12.90108,0.1528
10.6005,0.72616,12.90108,0.15347
10.6005,0.72616,12.90108,0.15359
10.6005,0.72616,12.90108,0.15409
10.6005,0.72616,12.90108,0.15422
10.6005,0.72616,12.90108,0.15448
10.6005,0.72616,12.80048,0.15492
10.6005,0.72616,12.80048,0.1552
10.6005,0.72616,12.80048,0.15569
10.6005,0.72616,12.80048,0.15597
10.6005,0.72616,12.80048,0.15613
10.6005,0.72616,12.80048,0.1562
10.6005,0.72616,12.70066,0.15646
10.6005,0.72616,12.70066,0.15689
10.6005,0.72616,12.70066,0.15709
10.6005,0.72616,12.70066,0.15743
10.6005,0.72616,12.70066,0.15749
10.6005,0.72616,12.70066,0.15762
10.6005,0.72616,12.59871,0.15776
10.6005,0.72616,12.59871,0.15791
10.6005,0.72616,12.59871,0.15811
10.6005,0.72616,12.59871,0.15847
10.6005,0.72616,12.59871,0.15855
10.6005,0.72616,12.59871,0.15897
10.6005,0.72616,12.59871,0.15927
10.6005,0.72616,12.50046,0.15944
10.6005,0.72616,12.50046,0.15944
10.6005,0.72616,12.50046,0.15949
10.6005,0.72616,12.50046,0.1595
10.6005,0.72616,12.50046,0.15952
10.6005,0.72616,12.50046,0.15968
10.6005,0.72616,12.50046,0.1597
10.6005,0.72616,12.40013,0.16034
10.6005,0.72616,12.40013,0.1609
10.6005,0.72616,12.40013,0.16118
10.6005,0.72616,12.40013,0.1614
10.6005,0.72616,12.40013,0.16163
10.6005,0.72616,12.40013,0.16203
10.6005,0.72616,12.3006,0.16236
10.6005,0.72616,12.3006,0.16359
10.6005,0.72623,12.3006,0.16516
10.6005,0.72623,12.3006,0.16634
10.6005,0.72623,12.3006,0.16748
10.6005,0.72632,12.3006,0.16826
10.6005,0.72632,12.3006,0.16839
10.6005,0.72677,12.19905,0.16891
10.6005,0.72732,12.19905,0.16896
10.6005,0.72737,12.19905,0.16897
10.6005,0.72958,12.19905,0.16897
10.6005,0.7305,12.19905,0.16897
10.6005,0.73072,12.19905,0.16897
10.6005,0.73234,12.19905,0.16908
10.6005,0.73731,12.19905,0.16909
10.6005,0.73885,12.19905,0.16928
10.6005,0.73941,12.10114,0.16929
10.6005,0.73949,12.10114,0.16929
10.6005,0.74041,12.10114,0.16929
10.6005,0.74097,12.10114,0.16947
10.6005,0.74097,12.10114,0.16949
10.6005,0.74113,12.10114,0.1695
10.6005,0.74115,12.10114,0.1695
10.6005,0.74116,12.00124,0.1695
10.6005,0.74116,12.00124,0.1695
10.6005,0.74116,12.00124,0.1695
10.6005,0.74119,12.00124,0.16969
10.6005,0.74134,12.00124,0.17004
10.6005,0.74134,12.00124,0.17025
10.6005,0.74134,12.00124,0.17025
10.6005,0.74134,11.89943,0.17025
10.6005,0.74134,11.89943,0.17025
10.6005,0.74134,11.89943,0.1703
10.6005,0.74134,11.89943,0.1703
10.6005,0.74134,11.89943,0.1704
10.6005,0.74134,11.89943,0.1704
10.6005,0.74134,11.89943,0.17053
10.6005,0.74134,11.89943,0.17064
10.6005,0.74134,11.89943,0.17065
10.6005,0.74134,11.8012,0.17073
10.6005,0.74134,11.8012,0.17075
10.6005,0.74134,11.8012,0.17129
10.6005,0.74134,11.8012,0.17129
10.6005,0.74134,11.8012,0.17139
10.6005,0.74134,11.8012,0.17149
10.6005,0.74134,11.8012,0.1716
10.6005,0.74134,11.8012,0.17177
10.6005,0.74134,11.8012,0.17182
10.6005,0.74134,11.70109,0.17186
10.6005,0.74134,11.70109,0.1721
10.6005,0.74134,11.70109,0.17214
10.6005,0.74134,11.70109,0.17215
10.6005,0.74134,11.70109,0.17227
10.6005,0.74134,11.70109,0.1723
10.6005,0.74141,11.70109,0.17256
10.6005,0.74141,11.70109,0.17274
10.6005,0.74141,11.59915,0.17294
10.6005,0.74141,11.59915,0.17316
10.6005,0.74141,11.59915,0.17316
10.50089,0.74141,11.59915,0.17319
10.6005,0.74141,11.59915,0.17326
10.6005,0.74155,11.59915,0.17346
10.6005,0.74187,11.59915,0.17347
10.6005,0.74209,11.59915,0.17347
10.50089,0.74209,11.59915,0.17349
10.50089,0.74251,11.50075,0.17349
10.50089,0.74251,11.50075,0.17349
10.6005,0.74251,11.50075,0.17349
10.6005,0.74251,11.50075,0.17349
10.6005,0.74251,11.50075,0.17351
10.50089,0.74262,11.50075,0.17351
10.6005,0.74262,11.50075,0.17351
10.6005,0.74262,11.50075,0.17351
10.6005,0.74266,11.50075,0.17351
10.6005,0.74266,11.50075,0.17355
10.6005,0.74267,11.50075,0.17355
10.50089,0.7427,11.40056,0.17355
10.6005,0.7439,11.40056,0.17355
10.6005,0.74447,11.40056,0.17355
10.50089,0.7457,11.40056,0.17355
10.50089,0.74625,11.40056,0.17355
10.50089,0.74635,11.40056,0.17355
10.6005,0.74709,11.40056,0.17358
10.50089,0.74859,11.40056,0.17358
10.6005,0.74859,11.40056,0.17374
10.6005,0.74908,11.40056,0.17375
10.50089,0.74908,11.40056,0.17377
10.6005,0.74951,11.30124,0.17381
10.6005,0.74951,11.30124,0.17382
10.6005,0.74951,11.30124,0.17382
10.50089,0.74987,11.30124,0.17392
10.6005,0.74987,11.30124,0.17392
10.6005,0.74987,11.30124,0.17392
10.50089,0.74987,11.30124,0.17395
10.50089,0.74987,11.30124,0.17395
10.6005,0.75005,11.30124,0.17403
10.50089,0.75005,11.20021,0.17408
10.50089,0.75005,11.30124,0.17408
10.6005,0.75018,11.20021,0.17408
10.50089,0.75018,11.20021,0.17408
10.6005,0.75018,11.20021,0.17408
10.6005,0.75018,11.20021,0.17408
10.50089,0.75018,11.20021,0.17415
10.50089,0.75018,11.20021,0.17422
10.50089,0.75018,11.20021,0.17422
10.6005,0.75018,11.20021,0.17449
10.6005,0.75018,11.20021,0.17462
10.6005,0.75033,11.10008,0.17475
10.6005,0.75033,11.20021,0.17478
10.50089,0.75033,11.10008,0.17581
10.6005,0.75033,11.10008,0.17604
10.50089,0.75033,11.10008,0.17665
10.6005,0.75033,11.10008,0.17747
10.50089,0.75033,11.10008,0.17791
10.6005,0.75033,11.10008,0.17822
10.50089,0.75033,11.10008,0.17833
10.50089,0.75033,11.10008,0.17847
10.50089,0.75033,11.10008,0.17881
10.6005,0.75167,11.10008,0.17956
10.50089,0.75283,11.10008,0.17999
10.50089,0.75283,11.00085,0.18013
10.6005,0.75283,11.00085,0.18028
10.50089,0.75301,11.00085,0.18054
10.50089,0.75301,11.00085,0.1807
10.50089,0.75301,11.00085,0.18115
10.50089,0.75301,11.00085,0.18137
10.50089,0.75301,11.00085,0.18183
10.50089,0.75301,11.00085,0.18209
10.50089,0.75301,11.00085,0.18209
10.50089,0.75726,11.00085,0.18241
10.50089,0.75759,11.00085,0.18261
10.6005,0.75759,10.89999,0.18279
10.50089,0.75759,10.89999,0.18283
10.50089,0.7577,10.89999,0.18283
10.6005,0.7577,10.89999,0.18285
10.50089,0.7577,10.89999,0.18285
10.50089,0.7577,10.89999,0.18285
10.50089,0.75794,10.89999,0.18285
10.50089,0.75794,10.89999,0.18285
10.50089,0.75794,10.89999,0.18285
10.50089,0.75794,10.89999,0.18285
10.50089,0.75794,10.89999,0.18285
10.50089,0.75794,10.89999,0.18288
10.50089,0.75794,10.89999,0.18288
10.50089,0.75794,10.89999,0.18288
10.50089,0.75794,10.80006,0.18288
10.50089,0.75794,10.80006,0.18288
10.50089,0.75794,10.80006,0.18288
10.50089,0.75794,10.80006,0.1829
10.50089,0.75794,10.80006,0.1829
10.50089,0.75794,10.80006,0.18294
10.50089,0.75829,10.80006,0.18299
10.50089,0.75829,10.80006,0.18299
10.50089,0.75829,10.80006,0.1831
10.50089,0.75829,10.80006,0.18314
10.50089,0.75829,10.80006,0.18315
10.50089,0.75829,10.80006,0.18315
10.50089,0.75829,10.80006,0.18315
10.50089,0.75829,10.80006,0.18315
10.50089,0.75829,10.80006,0.18315
10.50089,0.75829,10.70104,0.18316
10.50089,0.75847,10.70104,0.18339
10.50089,0.75856,10.70104,0.18352
10.50089,0.75856,10.70104,0.18363
10.50089,0.75881,10.70104,0.18376
10.50089,0.75882,10.70104,0.18411
10.50089,0.75882,10.70104,0.18423
10.50089,0.75882,10.70104,0.18428
10.50089,0.75882,10.70104,0.18453
10.50089,0.7589,10.70104,0.1848
10.50089,0.76156,10.70104,0.1861
10.50089,0.76156,10.70104,0.18701
10.50089,0.76156,10.6005,0.18732
10.50089,0.76156,10.6005,0.18752
10.50089,0.76156,10.6005,0.1876
10.50089,0.76156,10.6005,0.1876
10.50089,0.76156,10.6005,0.18796
10.50089,0.76156,10.6005,0.18815
10.50089,0.76192,10.6005,0.18831
10.50089,0.76385,10.6005,0.18844
10.50089,0.76385,10.6005,0.18858
10.50089,0.76385,10.6005,0.18858
10.50089,0.76385,10.6005,0.18863
10.50089,0.76385,10.6005,0.18863
10.50089,0.76385,10.6005,0.18874
10.50089,0.76385,10.6005,0.18875
10.50089,0.76385,10.6005,0.18879
10.50089,0.76385,10.50089,0.18901
10.50089,0.76385,10.50089,0.18907
10.50089,0.76385,10.50089,0.18924
10.50089,0.76385,10.50089,0.18926
10.50089,0.76385,10.50089,0.18935
10.50089,0.76385,10.50089,0.1897
10.50089,0.76385,10.50089,0.18986
10.50089,0.76385,10.50089,0.19018
10.50089,0.76385,10.50089,0.19024
10.50089,0.76385,10.50089,0.19045
10.50089,0.76385,10.50089,0.19058
10.50089,0.76385,10.50089,0.1906
10.50089,0.76385,10.50089,0.19066
10.50089,0.76385,10.50089,0.19066
10.50089,0.76385,10.50089,0.19069
10.50089,0.76385,10.50089,0.19081
10.50089,0.76385,10.39983,0.19081
10.50089,0.76395,10.39983,0.19081
10.50089,0.76417,10.39983,0.19091
10.50089,0.76417,10.39983,0.19091
10.50089,0.76417,10.39983,0.19091
10.50089,0.76417,10.39983,0.19091
10.50089,0.76425,10.39983,0.19091
10.50089,0.76439,10.39983,0.19091
10.50089,0.76439,10.39983,0.19091
10.50089,0.7647,10.39983,0.19091
10.50089,0.76533,10.39983,0.19096
10.50089,0.76533,10.39983,0.19096
10.50089,0.76533,10.39983,0.19096
10.50089,0.76533,10.29974,0.19096
10.50089,0.76533,10.29974,0.19096
10.50089,0.76581,10.29974,0.19116
10.50089,0.76581,10.29974,0.19137
10.50089,0.76581,10.29974,0.19145
10.50089,0.76581,10.29974,0.19159
10.50089,0.76581,10.29974,0.19162
10.50089,0.76581,10.29974,0.19166
10.50089,0.76581,10.29974,0.19166
10.50089,0.76581,10.29974,0.19193
10.50089,0.76581,10.29974,0.19193
10.50089,0.76581,10.29974,0.19211
10.50089,0.76581,10.29974,0.19251
10.50089,0.76581,10.29974,0.19287
10.50089,0.76581,10.29974,0.19289
10.50089,0.76581,10.29974,0.19291
10.50089,0.76581,10.29974,0.19291
10.50089,0.76581,10.29974,0.19304
10.50089,0.76581,10.29974,0.19322
10.50089,0.76581,10.29974,0.1933
10.50089,0.76581,10.20061,0.19357
10.50089,0.76581,10.20061,0.19357
10.50089,0.76581,10.20061,0.19357
10.50089,0.76581,10.20061,0.19357
10.50089,0.76581,10.20061,0.19364
10.50089,0.76581,10.20061,0.19367
10.50089,0.76581,10.20061,0.19368
10.50089,0.76581,10.20061,0.19368
10.50089,0.76581,10.20061,0.19369
10.50089,0.76581,10.20061,0.19369
10.50089,0.76581,10.20061,0.19374
10.50089,0.76581,10.20061,0.19374
10.50089,0.76581,10.20061,0.19374
10.50089,0.76581,10.20061,0.19377
10.50089,0.76581,10.20061,0.19382
10.50089,0.76581,10.20061,0.19394
10.50089,0.76581,10.10011,0.19412
10.50089,0.76581,10.10011,0.19431
10.50089,0.76581,10.10011,0.19437
10.50089,0.76581,10.10011,0.19437
10.50089,0.76581,10.10011,0.19437
10.50089,0.76581,10.10011,0.19437
10.50089,0.76581,10.10011,0.19446
10.50089,0.76581,10.10011,0.19446
10.50089,0.76581,10.10011,0.19446
10.50089,0.76581,10.10011,0.19446
10.50089,0.76581,10.10011,0.19446
10.50089,0.76581,10.10011,0.19446
10.50089,0.76581,10.10011,0.19446
10.50089,0.76581,10.10011,0.19446
10.50089,0.76581,10.10011,0.19446
10.50089,0.76581,10.10011,0.19446
10.50089,0.76581,10.10011,0.19453
10.50089,0.76581,10.10011,0.1948
10.50089,0.76599,10.0006,0.19481
10.50089,0.76599,10.10011,0.19487
10.50089,0.76599,10.0006,0.19487
10.50089,0.76599,10.0006,0.19487
10.50089,0.76669,10.0006,0.19487
10.50089,0.76669,10.0006,0.19487
10.50089,0.76669,10.0006,0.19487
10.50089,0.76775,10.0006,0.19487
10.50089,0.76837,10.0006,0.19487
10.50089,0.7696,10.0006,0.19496
10.50089,0.76962,10.0006,0.1951
10.50089,0.76962,10.0006,0.19536
10.50089,0.77446,10.0006,0.19548
10.50089,0.77874,10.0006,0.1956
10.50089,0.77958,10.0006,0.19572
10.50089,0.77958,9.89979,0.19572
10.50089,0.77958,10.0006,0.19572
10.50089,0.77958,9.89979,0.19572
10.50089,0.77958,9.89979,0.19572
10.50089,0.77969,9.89979,0.19572
10.50089,0.77969,9.89979,0.19572
10.50089,0.77969,9.89979,0.19578
10.50089,0.78066,9.89979,0.19578
10.50089,0.7826,9.89979,0.19578
10.50089,0.78682,9.8,0.19583
10.50089,0.78972,9.8,0.19589
10.50089,0.78984,9.8,0.19589
10.50089,0.79033,9.8,0.19589
10.50089,0.79033,9.8,0.19592
10.50089,0.79149,9.8,0.19593
10.50089,0.79307,9.8,0.19624
10.50089,0.79328,9.8,0.19625
10.50089,0.79384,9.69898,0.19646
10.50089,0.81053,9.8,0.19728
10.50089,0.81483,9.69898,0.1976
10.50089,0.81483,9.69898,0.19761
10.50089,0.81483,9.69898,0.19766
10.39983,0.81483,9.69898,0.19775
10.50089,0.81483,9.69898,0.19782
10.50089,0.81483,9.599,0.19785
10.50089,0.81483,9.599,0.19798
10.50089,0.81496,9.599,0.19799
10.50089,0.81496,9.599,0.19847
10.50089,0.81508,9.599,0.1987
10.50089,0.81508,9.599,0.1987
10.50089,0.81508,9.599,0.1987
10.50089,0.81508,9.599,0.1987
10.50089,0.81508,9.50006,0.1987
10.50089,0.81508,9.50006,0.19871
10.50089,0.81508,9.599,0.19871
10.50089,0.81508,9.50006,0.19871
10.50089,0.81508,9.50006,0.19871
10.50089,0.81508,9.50006,0.19871
10.50089,0.81508,9.50006,0.19871
10.50089,0.81508,9.50006,0.19871
10.50089,0.81508,9.50006,0.19871
10.50089,0.81508,9.50006,0.19871
10.50089,0.81527,9.50006,0.19878
10.50089,0.81527,9.50006,0.19878
10.50089,0.81527,9.50006,0.19879
10.50089,0.81527,9.50006,0.19879
10.50089,0.81527,9.39996,0.19879
10.50089,0.81527,9.39996,0.19879
10.50089,0.81538,9.39996,0.19879
10.50089,0.81538,9.39996,0.19879
10.50089,0.81538,9.39996,0.19879
10.50089,0.81538,9.39996,0.19879
10.50089,0.81538,9.39996,0.19879
10.50089,0.81538,9.39996,0.19879
10.50089,0.81538,9.39996,0.19879
10.50089,0.81538,9.39996,0.19879
10.50089,0.81538,9.39996,0.19879
10.50089,0.81538,9.39996,0.19879
10.50089,0.81538,9.30093,0.19879
10.50089,0.81538,9.30093,0.19879
10.50089,0.81538,9.30093,0.19881
10.50089,0.81538,9.30093,0.19881
10.50089,0.81538,9.30093,0.19881
10.50089,0.81538,9.30093,0.19881
10.50089,0.81538,9.30093,0.19881
10.50089,0.81538,9.30093,0.19881
10.50089,0.81538,9.30093,0.19881
10.50089,0.81538,9.20081,0.19881
10.50089,0.81538,9.30093,0.19881
10.50089,0.81538,9.20081,0.19881
10.50089,0.81538,9.20081,0.19881
10.50089,0.81538,9.20081,0.19893
10.50089,0.81545,9.20081,0.199
10.50089,0.81545,9.20081,0.19909
10.50089,0.81545,9.20081,0.19912
10.50089,0.81545,9.20081,0.19919
10.50089,0.81545,9.09968,0.19919
10.50089,0.81545,9.09968,0.19934
10.50089,0.81545,9.20081,0.19943
10.50089,0.81545,9.09968,0.19989
10.50089,0.81545,9.09968,0.2
10.50089,0.81545,9.09968,0.2
10.50089,0.81545,9.09968,0.20003
10.50089,0.81608,9.09968,0.20018
10.50089,0.81608,9.09968,0.20039
10.50089,0.81608,9.09968,0.20047
10.50089,0.81608,8.99966,0.20059
10.50089,0.81608,8.99966,0.20082
10.50089,0.81608,9.09968,0.20103
10.50089,0.81608,9.09968,0.20116
10.50089,0.81608,8.99966,0.20155
10.50089,0.81608,8.99966,0.20157
10.50089,0.81608,8.99966,0.20178
10.50089,0.81608,8.99966,0.20187
10.39983,0.81608,8.99966,0.20221
10.39983,0.81608,8.99966,0.20231
10.50089,0.81608,8.99966,0.2024
10.50089,0.81608,8.99966,0.20248
10.39983,0.81623,8.99966,0.20301
10.50089,0.81623,8.90074,0.20334
10.50089,0.81623,8.90074,0.20395
10.39983,0.81623,8.90074,0.20524
10.39983,0.81623,8.99966,0.2074
10.50089,0.81623,8.90074,0.20862
10.39983,0.81623,8.90074,0.21049
10.50089,0.81623,8.90074,0.21214
10.39983,0.81623,8.90074,0.21317
10.50089,0.81623,8.90074,0.21521
10.50089,0.81623,8.90074,0.21592
10.50089,0.81623,8.90074,0.21656
10.50089,0.81623,8.80088,0.21737
10.50089,0.81623,8.80088,0.21854
10.50089,0.81623,8.80088,0.21895
10.50089,0.81623,8.80088,0.21895
10.50089,0.81623,8.80088,0.21895
10.39983,0.81623,8.80088,0.21896
10.50089,0.81623,8.80088,0.219
10.39983,0.81623,8.80088,0.2191
10.50089,0.81623,8.80088,0.21916
10.39983,0.81623,8.80088,0.21981
10.50089,0.81687,8.80088,0.22121
10.50089,0.81687,8.80088,0.22227
10.50089,0.81687,8.80088,0.22244
10.39983,0.81687,8.80088,0.22345
10.39983,0.81687,8.70014,0.22383
10.39983,0.81687,8.70014,0.22435
10.39983,0.81687,8.70014,0.22452
10.39983,0.81687,8.70014,0.22459
10.39983,0.81687,8.70014,0.22459
10.39983,0.81687,8.70014,0.22469
10.39983,0.81687,8.70014,0.2248
10.50089,0.81687,8.70014,0.22489
10.50089,0.81687,8.70014,0.22491
10.50089,0.81687,8.70014,0.22504
10.39983,0.81687,8.60055,0.22522
10.39983,0.81687,8.70014,0.22535
10.39983,0.81687,8.60055,0.2256
10.39983,0.81687,8.60055,0.22599
10.50089,0.81687,8.60055,0.22682
10.39983,0.81687,8.60055,0.22712
10.50089,0.81687,8.60055,0.22727
10.39983,0.81687,8.60055,0.22791
10.39983,0.81687,8.60055,0.22829
10.39983,0.81687,8.60055,0.22871
10.39983,0.81687,8.60055,0.2288
10.39983,0.81687,8.60055,0.2292
10.39983,0.81687,8.50014,0.2299
10.39983,0.81781,8.50014,0.23057
10.39983,0.81934,8.50014,0.23094
10.39983,0.81946,8.50014,0.23162
10.39983,0.81946,8.50014,0.23196
10.39983,0.81946,8.50014,0.23206
10.39983,0.81946,8.50014,0.23207
10.39983,0.81946,8.50014,0.23207
10.39983,0.81946,8.50014,0.23209
10.39983,0.81946,8.50014,0.23233
10.39983,0.81946,8.50014,0.2328
10.50089,0.81946,8.50014,0.23286
10.39983,0.81946,8.50014,0.23288
10.39983,0.81946,8.50014,0.23289
10.50089,0.81946,8.40091,0.23289
10.50089,0.81946,8.40091,0.23353
10.39983,0.81946,8.40091,0.23437
10.39983,0.81946,8.40091,0.23478
10.39983,0.81946,8.40091,0.2349
10.39983,0.81946,8.40091,0.23501
10.39983,0.81946,8.40091,0.23525
10.50089,0.81946,8.40091,0.23589
10.39983,0.81946,8.40091,0.23603
10.39983,0.81946,8.40091,0.23626
10.39983,0.81946,8.40091,0.23678
10.39983,0.81946,8.40091,0.23815
10.39983,0.81946,8.40091,0.24059
10.39983,0.81946,8.30092,0.24232
10.39983,0.81946,8.30092,0.24385
10.39983,0.81946,8.30092,0.24626
10.39983,0.81946,8.30092,0.24782
10.39983,0.81946,8.30092,0.24948
10.39983,0.81946,8.30092,0.25225
10.39983,0.81946,8.30092,0.25383
10.39983,0.81946,8.30092,0.25615
10.39983,0.81946,8.30092,0.25799
10.39983,0.81946,8.30092,0.25852
10.39983,0.81949,8.30092,0.25884
10.39983,0.81949,8.30092,0.25921
10.39983,0.81949,8.20023,0.25925
10.39983,0.81949,8.20023,0.25951
10.39983,0.81949,8.20023,0.25981
10.39983,0.81969,8.20023,0.25993
10.39983,0.81981,8.20023,0.25997
10.39983,0.81985,8.20023,0.26001
10.39983,0.81993,8.20023,0.26001
10.39983,0.82014,8.20023,0.26001
10.39983,0.82023,8.20023,0.26022
10.39983,0.82029,8.20023,0.26029
10.39983,0.82029,8.20023,0.26029
10.39983,0.82029,8.20023,0.26029
10.39983,0.82029,8.20023,0.26029
10.39983,0.82029,8.20023,0.26029
10.39983,0.82029,8.20023,0.26035
10.39983,0.82029,8.20023,0.26035
10.39983,0.82029,8.10077,0.26035
10.39983,0.82029,8.10077,0.26036
10.39983,0.82029,8.10077,0.26045
10.39983,0.82089,8.10077,0.26048
10.39983,0.82089,8.10077,0.26063
10.39983,0.82093,8.10077,0.26074
10.39983,0.82093,8.10077,0.26074
10.39983,0.82093,8.00067,0.26074
10.39983,0.82093,8.00067,0.26074
10.39983,0.82093,8.10077,0.26074
10.39983,0.82093,8.10077,0.26074
10.39983,0.82102,8.10077,0.26092
10.39983,0.82119,8.10077,0.26108
10.39983,0.82119,8.00067,0.26113
10.39983,0.82119,8.00067,0.26119
10.39983,0.82119,8.00067,0.26152
10.39983,0.82146,8.00067,0.2618
10.39983,0.82189,8.00067,0.26193
10.39983,0.82189,8.00067,0.26201
10.39983,0.82238,8.00067,0.26222
10.39983,0.82268,8.00067,0.26263
10.39983,0.82268,8.00067,0.26296
10.39983,0.82271,8.00067,0.26298
10.39983,0.82287,8.00067,0.26298
10.39983,0.82305,8.00067,0.26305
10.39983,0.82412,8.00067,0.26329
10.39983,0.827,7.89998,0.26397
10.39983,0.82863,7.89998,0.26449
10.39983,0.82914,7.89998,0.26463
10.39983,0.8302,7.89998,0.26473
10.39983,0.83229,7.89998,0.26473
10.39983,0.83858,7.89998,0.26501
10.39983,0.83891,7.89998,0.26501
10.39983,0.83904,7.89998,0.26501
10.39983,0.84119,7.89998,0.26547
10.39983,0.84797,7.89998,0.26548
10.39983,0.84839,7.89998,0.2655
10.39983,0.84856,7.89998,0.2655
10.39983,0.84861,7.89998,0.26552
10.39983,0.84887,7.80057,0.26555
10.39983,0.84887,7.89998,0.26565
10.39983,0.84887,7.80057,0.26566
10.39983,0.84887,7.80057,0.26567
10.39983,0.84887,7.80057,0.26567
10.39983,0.84887,7.80057,0.26567
10.39983,0.84887,7.80057,0.26567
10.39983,0.84887,7.80057,0.26567
10.39983,0.84903,7.80057,0.2657
10.39983,0.84903,7.80057,0.26616
10.39983,0.84923,7.80057,0.26635
10.39983,0.84923,7.80057,0.26651
10.39983,0.84934,7.80057,0.26663
10.39983,0.84934,7.80057,0.26671
10.39983,0.84934,7.80057,0.26691
10.39983,0.84934,7.80057,0.26701
10.39983,0.84934,7.70063,0.26712
10.39983,0.84934,7.80057,0.26747
10.39983,0.84934,7.70063,0.26784
10.39983,0.84981,7.70063,0.26813
10.39983,0.84981,7.70063,0.26815
10.39983,0.85055,7.70063,0.2684
10.39983,0.85055,7.70063,0.26871
10.39983,0.85071,7.70063,0.26915
10.39983,0.85071,7.70063,0.26918
10.39983,0.85071,7.70063,0.27003
10.39983,0.85083,7.70063,0.27053
10.39983,0.85115,7.70063,0.2715
10.39983,0.85115,7.70063,0.2724
10.39983,0.85134,7.70063,0.27355
10.39983,0.85134,7.60022,0.27387
10.39983,0.85134,7.70063,0.27432
10.39983,0.85134,7.60022,0.27457
10.39983,0.85134,7.60022,0.27463
10.39983,0.85134,7.60022,0.27464
10.39983,0.85134,7.60022,0.27476
10.39983,0.85134,7.60022,0.27478
10.39983,0.85134,7.60022,0.2748
10.39983,0.85134,7.60022,0.2748
10.39983,0.85134,7.60022,0.27489
10.39983,0.85134,7.60022,0.27511
10.39983,0.85134,7.60022,0.27511
10.39983,0.85134,7.60022,0.27518
10.39983,0.85134,7.60022,0.27536
10.39983,0.85134,7.60022,0.27594
10.39983,0.85134,7.60022,0.27656
10.39983,0.85134,7.60022,0.27662
10.39983,0.85152,7.60022,0.27679
10.39983,0.85152,7.60022,0.27692
10.39983,0.85152,7.49939,0.27692
10.39983,0.85152,7.49939,0.27702
10.39983,0.85152,7.49939,0.2773
10.39983,0.85152,7.49939,0.2777
10.39983,0.85152,7.49939,0.2779
10.39983,0.85152,7.49939,0.27792
10.39983,0.85152,7.49939,0.27795
10.39983,0.85152,7.49939,0.27799
10.39983,0.85152,7.49939,0.27799
10.39983,0.85152,7.49939,0.27844
10.39983,0.85152,7.49939,0.27849
10.39983,0.85152,7.49939,0.27849
10.39983,0.85152,7.49939,0.27857
10.39983,0.85152,7.49939,0.27904
10.39983,0.85152,7.49939,0.27935
10.39983,0.85152,7.39991,0.27946
10.39983,0.85152,7.49939,0.27959
10.39983,0.85152,7.49939,0.27973
10.39983,0.85152,7.49939,0.28
10.39983,0.85152,7.39991,0.28015
10.39983,0.85152,7.39991,0.28058
10.39983,0.85152,7.39991,0.2812
10.39983,0.85152,7.39991,0.28164
10.39983,0.85152,7.39991,0.282
10.39983,0.85152,7.39991,0.28214
10.39983,0.85152,7.39991,0.28239
10.39983,0.85152,7.39991,0.28262
10.39983,0.85152,7.39991,0.28348
10.39983,0.85152,7.39991,0.28402
10.39983,0.85152,7.39991,0.28459
10.39983,0.85152,7.39991,0.28474
10.39983,0.85152,7.39991,0.28496
10.39983,0.85152,7.39991,0.28504
10.39983,0.85152,7.30006,0.28511
10.39983,0.85152,7.30006,0.28518
10.39983,0.85152,7.30006,0.28518
10.39983,0.85152,7.30006,0.28519
10.39983,0.85152,7.30006,0.28519
10.39983,0.85152,7.30006,0.28532
10.39983,0.85152,7.30006,0.28553
10.39983,0.85152,7.30006,0.28554
10.39983,0.85152,7.30006,0.28554
10.39983,0.85152,7.30006,0.28554
10.39983,0.85152,7.30006,0.28554
10.39983,0.85152,7.30006,0.28554
10.39983,0.85152,7.30006,0.28558
10.39983,0.85152,7.30006,0.28571
10.39983,0.85152,7.19989,0.28575
10.39983,0.85152,7.30006,0.28581
10.39983,0.85152,7.30006,0.28584
10.39983,0.85152,7.30006,0.28591
10.39983,0.85152,7.19989,0.28591
10.39983,0.85152,7.19989,0.28596
10.39983,0.85152,7.19989,0.28636
10.39983,0.85152,7.19989,0.28647
10.39983,0.85152,7.19989,0.28647
10.39983,0.85152,7.19989,0.28655
10.39983,0.85152,7.19989,0.28712
10.29974,0.85152,7.19989,0.28712
10.39983,0.85152,7.19989,0.28718
10.39983,0.85152,7.19989,0.2872
10.39983,0.85152,7.19989,0.28723
10.39983,0.85152,7.19989,0.28723
10.39983,0.85152,7.19989,0.28723
10.39983,0.85152,7.19989,0.28723
10.39983,0.85193,7.19989,0.28731
10.39983,0.8521,7.19989,0.28731
10.39983,0.8521,7.19989,0.28736
10.39983,0.8521,7.09947,0.2874
10.39983,0.85469,7.09947,0.2874
10.39983,0.85564,7.09947,0.28743
10.39983,0.85564,7.09947,0.2878
10.39983,0.85564,7.09947,0.28783
10.29974,0.85564,7.09947,0.28788
10.39983,0.85564,7.09947,0.28796
10.39983,0.85594,7.09947,0.288
10.39983,0.85729,7.09947,0.28818
10.39983,0.85761,7.09947,0.28885
10.29974,0.85761,7.09947,0.28915
10.29974,0.85761,7.09947,0.28933
10.29974,0.85762,7.09947,0.28937
10.39983,0.85875,7.09947,0.28952
10.39983,0.85903,7.09947,0.29017
10.29974,0.85903,7.09947,0.29028
10.29974,0.85905,7.09947,0.29052
10.29974,0.85923,7.00045,0.29077
10.39983,0.8595,7.00045,0.29116
10.39983,0.85989,7.00045,0.29136
10.29974,0.86006,7.00045,0.29155
10.39983,0.8621,7.00045,0.29177
10.39983,0.86345,7.00045,0.29184
10.39983,0.86611,7.00045,0.29203
10.29974,0.86633,7.00045,0.29205
10.29974,0.86667,7.00045,0.29205
10.39983,0.86669,7.00045,0.29209
10.29974,0.86669,7.00045,0.29209
10.29974,0.86673,7.00045,0.29211
10.39983,0.86673,7.00045,0.29211
10.29974,0.86673,7.00045,0.29211
10.29974,0.86673,7.00045,0.29211
10.39983,0.86673,7.00045,0.29222
10.29974,0.86673,7.00045,0.29225
10.39983,0.86673,7.00045,0.29226
10.29974,0.86673,6.89964,0.29226
10.29974,0.86673,6.89964,0.29226
10.29974,0.86673,7.00045,0.29226
10.29974,0.86673,6.89964,0.29226
10.39983,0.86673,6.89964,0.29226
10.39983,0.86673,6.89964,0.29247
10.29974,0.86673,6.89964,0.29249
10.29974,0.86673,6.89964,0.29249
10.29974,0.86688,6.89964,0.29251
10.29974,0.86688,6.89964,0.29254
10.39983,0.86688,6.89964,0.29254
10.39983,0.86688,6.89964,0.29254
10.39983,0.86688,6.89964,0.29254
10.39983,0.86688,6.89964,0.29254
10.29974,0.86688,6.89964,0.2926
10.29974,0.86688,6.89964,0.2926
10.29974,0.86688,6.89964,0.2926
10.39983,0.86688,6.89964,0.29262
10.29974,0.86688,6.89964,0.29286
10.29974,0.86688,6.89964,0.29291
10.29974,0.86688,6.89964,0.29366
10.29974,0.86688,6.80027,0.29436
10.29974,0.86722,6.80027,0.29495
10.39983,0.86722,6.80027,0.29655
10.39983,0.86722,6.80027,0.2996
10.29974,0.86722,6.80027,0.30207
10.29974,0.86722,6.80027,0.30418
10.29974,0.86722,6.80027,0.30644
10.39983,0.86753,6.80027,0.30853
10.29974,0.86754,6.80027,0.30996
10.29974,0.86759,6.80027,0.31284
10.29974,0.86782,6.80027,0.31374
10.29974,0.86782,6.80027,0.3146
10.29974,0.86782,6.80027,0.31511
10.29974,0.86782,6.80027,0.31583
10.29974,0.86782,6.80027,0.31645
10.29974,0.86782,6.80027,0.31892
10.29974,0.86782,6.80027,0.32094
10.29974,0.86782,6.69925,0.32243
10.29974,0.86782,6.69925,0.32443
10.39983,0.86782,6.69925,0.32647
10.29974,0.86782,6.69925,0.32847
10.29974,0.86782,6.69925,0.3299
10.29974,0.86782,6.69925,0.33206
10.29974,0.86782,6.69925,0.33352
10.29974,0.86782,6.69925,0.33439
10.29974,0.86782,6.69925,0.33489
10.29974,0.86782,6.69925,0.33504
10.29974,0.86782,6.69925,0.33519
10.29974,0.86782,6.69925,0.33537
10.29974,0.86782,6.69925,0.33546
10.29974,0.86782,6.69925,0.33548
10.29974,0.86782,6.59973,0.33552
10.29974,0.86782,6.69925,0.33598
10.29974,0.86782,6.69925,0.33627
10.29974,0.86782,6.69925,0.33656
10.29974,0.86782,6.69925,0.3369
10.29974,0.86782,6.69925,0.33699
10.29974,0.86782,6.59973,0.33709
10.29974,0.86782,6.69925,0.33764
10.39983,0.86782,6.59973,0.33807
10.29974,0.86782,6.59973,0.3382
10.29974,0.86782,6.59973,0.33873
10.29974,0.86782,6.59973,0.34
10.29974,0.86782,6.59973,0.34206
10.29974,0.86782,6.59973,0.34404
10.29974,0.86783,6.59973,0.34714
10.29974,0.86783,6.59973,0.34911
10.29974,0.86783,6.59973,0.35122
10.29974,0.86783,6.59973,0.35241
10.29974,0.86908,6.59973,0.3529
10.29974,0.86908,6.59973,0.35317
10.29974,0.86908,6.59973,0.35325
10.29974,0.86908,6.59973,0.35369
10.29974,0.86908,6.59973,0.35402
10.29974,0.86908,6.59973,0.35446
10.29974,0.86908,6.59973,0.35446
10.29974,0.86908,6.59973,0.35453
10.29974,0.86908,6.59973,0.35453
10.29974,0.86908,6.59973,0.35454
10.29974,0.86908,6.50019,0.35458
10.29974,0.86908,6.50019,0.35458
10.29974,0.86925,6.50019,0.35458
10.29974,0.86929,6.50019,0.35458
10.29974,0.86929,6.50019,0.35458
10.29974,0.86929,6.50019,0.35458
10.29974,0.86929,6.50019,0.35458
10.29974,0.86929,6.50019,0.35462
10.29974,0.86929,6.50019,0.35489
10.29974,0.86929,6.50019,0.35494
10.29974,0.86929,6.50019,0.35514
10.29974,0.86929,6.50019,0.35514
10.29974,0.86929,6.50019,0.35514
10.29974,0.86929,6.50019,0.35514
10.29974,0.87018,6.50019,0.35524
10.29974,0.87135,6.50019,0.35547
10.29974,0.87181,6.50019,0.35563
10.29974,0.87256,6.50019,0.35694
10.29974,0.87256,6.50019,0.35851
10.29974,0.87256,6.50019,0.36095
10.29974,0.87256,6.50019,0.36201
10.29974,0.87283,6.50019,0.36341
10.29974,0.87283,6.40068,0.36472
10.29974,0.87295,6.40068,0.36608
10.29974,0.87295,6.40068,0.36775
10.29974,0.87295,6.40068,0.36932
10.29974,0.87295,6.40068,0.37062
10.29974,0.87308,6.40068,0.37163
10.29974,0.87322,6.40068,0.3721
10.29974,0.87322,6.40068,0.37262
10.29974,0.87322,6.40068,0.37291
10.29974,0.87322,6.40068,0.37383
10.29974,0.87322,6.40068,0.37425
10.29974,0.87322,6.40068,0.37449
10.29974,0.87322,6.40068,0.3746
10.29974,0.87322,6.40068,0.37473
10.29974,0.87322,6.40068,0.37563
10.29974,0.87322,6.40068,0.37587
10.29974,0.87322,6.40068,0.37595
10.29974,0.87322,6.40068,0.37597
10.29974,0.87322,6.40068,0.37597
10.29974,0.87322,6.40068,0.37619
10.29974,0.87322,6.40068,0.37619
10.29974,0.87322,6.40068,0.37628
10.29974,0.87322,6.29979,0.37628
10.29974,0.87356,6.29979,0.3763
10.29974,0.87356,6.29979,0.37653
10.29974,0.87365,6.29979,0.37653
10.29974,0.87501,6.29979,0.37656
10.29974,0.87505,6.29979,0.37659
10.29974,0.87505,6.29979,0.37697
10.29974,0.87505,6.29979,0.37713
10.29974,0.87506,6.29979,0.37795
10.29974,0.87536,6.29979,0.3783
10.29974,0.87536,6.29979,0.37878
10.29974,0.87547,6.29979,0.37896
10.29974,0.87547,6.29979,0.37903
10.29974,0.87547,6.29979,0.3792
10.29974,0.87547,6.29979,0.37946
10.29974,0.87547,6.29979,0.37979
10.29974,0.87547,6.29979,0.37986
10.29974,0.87547,6.29979,0.38042
10.29974,0.87547,6.29979,0.38247
10.29974,0.87666,6.29979,0.38546
10.29974,0.87666,6.29979,0.38837
10.29974,0.87666,6.20049,0.3918
10.29974,0.87666,6.29979,0.39615
10.29974,0.87666,6.20049,0.39944
10.29974,0.87666,6.20049,0.40157
10.29974,0.87666,6.20049,0.40271
10.29974,0.87666,6.20049,0.40394
10.29974,0.87666,6.20049,0.40412
10.29974,0.87666,6.20049,0.40446
10.29974,0.87666,6.20049,0.40551
10.29974,0.87666,6.20049,0.40695
10.29974,0.87668,6.20049,0.40764
10.29974,0.87672,6.20049,0.40818
10.29974,0.87672,6.20049,0.40874
10.29974,0.87672,6.20049,0.40933
10.29974,0.87672,6.20049,0.40969
10.29974,0.87672,6.20049,0.40977
10.29974,0.87672,6.20049,0.41005
10.29974,0.87672,6.20049,0.41096
10.29974,0.87672,6.20049,0.41102
10.29974,0.87672,6.20049,0.41149
10.29974,0.87672,6.20049,0.41192
10.29974,0.87672,6.20049,0.41225
10.29974,0.87672,6.20049,0.41271
10.29974,0.87672,6.20049,0.41304
10.29974,0.87672,6.09995,0.41322
10.29974,0.87672,6.09995,0.41355
10.29974,0.87672,6.09995,0.41408
10.29974,0.87672,6.09995,0.41429
10.29974,0.87672,6.20049,0.41449
10.29974,0.87672,6.09995,0.41527
10.29974,0.87672,6.09995,0.41609
10.29974,0.87672,6.09995,0.41611
10.29974,0.87672,6.09995,0.41699
10.29974,0.87672,6.09995,0.41779
10.29974,0.87672,6.09995,0.41827
10.29974,0.87672,6.09995,0.41856
10.29974,0.87672,6.09995,0.41949
10.29974,0.87672,6.09995,0.42058
10.29974,0.87672,6.09995,0.4214
10.29974,0.87718,6.09995,0.42164
10.29974,0.87727,6.09995,0.42197
10.29974,0.87869,6.09995,0.42244
10.29974,0.87984,6.09995,0.42318
10.29974,0.87984,6.09995,0.42346
10.29974,0.87984,6.09995,0.42355
10.29974,0.87984,6.09995,0.42364
10.29974,0.87989,6.09995,0.42416
10.29974,0.87997,6.09995,0.42436
10.29974,0.87997,5.99965,0.42451
10.29974,0.87997,6.09995,0.42508
10.29974,0.87997,5.99965,0.42617
10.29974,0.87997,5.99965,0.42716
10.29974,0.87997,5.99965,0.4279
10.29974,0.88053,5.99965,0.42878
10.29974,0.88053,5.99965,0.42891
10.29974,0.88053,5.99965,0.42922
10.29974,0.88053,5.99965,0.42967
10.29974,0.88101,5.99965,0.42975
10.29974,0.88101,5.99965,0.42984
10.29974,0.88133,5.99965,0.42987
10.29974,0.88133,5.99965,0.42996
10.29974,0.88156,5.99965,0.43017
10.29974,0.88163,5.99965,0.43024
10.29974,0.88163,5.99965,0.43032
10.29974,0.88163,5.99965,0.4307
10.29974,0.88163,5.99965,0.43083
10.29974,0.88163,5.99965,0.43114
10.29974,0.88163,5.99965,0.43139
10.29974,0.88179,5.89965,0.43195
10.29974,0.88179,5.99965,0.43271
10.29974,0.88179,5.89965,0.43326
10.20061,0.88179,5.89965,0.43466
10.29974,0.88179,5.89965,0.43623
10.29974,0.88179,5.89965,0.4381
10.29974,0.88179,5.89965,0.43924
10.29974,0.88179,5.89965,0.44056
10.29974,0.88179,5.89965,0.44159
10.29974,0.88179,5.89965,0.44219
10.29974,0.88179,5.89965,0.44365
10.29974,0.88179,5.89965,0.44688
10.29974,0.88179,5.89965,0.44961
10.29974,0.88179,5.89965,0.4518
10.29974,0.88179,5.89965,0.45396
10.29974,0.88179,5.89965,0.45569
10.29974,0.88228,5.89965,0.45721
10.29974,0.88228,5.89965,0.45931
10.29974,0.88228,5.89965,0.46157
10.29974,0.88228,5.89965,0.46283
10.20061,0.88228,5.89965,0.46628
10.29974,0.88228,5.89965,0.46858
10.29974,0.88257,5.89965,0.47281
10.29974,0.88257,5.89965,0.47465
10.29974,0.88257,5.89965,0.47614
10.29974,0.88257,5.79998,0.47795
10.29974,0.88257,5.79998,0.47848
10.29974,0.88257,5.79998,0.47967
10.29974,0.88257,5.79998,0.48102
10.20061,0.88257,5.79998,0.48208
10.29974,0.88257,5.79998,0.48373
10.29974,0.88262,5.79998,0.48554
10.29974,0.88262,5.79998,0.48704
10.20061,0.88262,5.79998,0.48815
10.20061,0.88262,5.79998,0.48882
10.20061,0.88262,5.79998,0.4898
10.20061,0.88262,5.79998,0.4909
10.20061,0.88263,5.79998,0.4925
10.29974,0.88263,5.79998,0.49374
10.29974,0.88281,5.79998,0.49495
10.20061,0.88297,5.79998,0.49559
10.20061,0.88306,5.79998,0.4964
10.29974,0.88306,5.79998,0.49718
10.29974,0.88306,5.79998,0.49788
10.29974,0.88306,5.79998,0.49893
10.20061,0.88306,5.79998,0.49953
10.20061,0.88306,5.79998,0.50022
10.20061,0.88306,5.69936,0.50158
10.29974,0.88306,5.79998,0.5026
10.29974,0.88312,5.69936,0.50385
10.20061,0.88312,5.69936,0.50454
10.29974,0.88312,5.69936,0.50561
10.20061,0.88312,5.69936,0.50675
10.29974,0.88312,5.69936,0.50771
10.20061,0.88312,5.69936,0.50785
10.29974,0.88312,5.69936,0.50821
10.20061,0.88312,5.69936,0.50878
10.20061,0.88312,5.69936,0.50927
10.20061,0.88312,5.69936,0.50933
10.20061,0.88312,5.69936,0.50957
10.20061,0.88312,5.69936,0.51074
10.20061,0.88312,5.69936,0.5118
10.20061,0.88312,5.69936,0.51316
10.20061,0.88312,5.69936,0.51434
10.20061,0.88312,5.69936,0.51507
10.20061,0.8833,5.69936,0.5157
10.20061,0.88343,5.69936,0.51653
10.20061,0.88343,5.69936,0.51701
10.20061,0.88343,5.69936,0.51706
10.20061,0.88343,5.69936,0.5175
10.20061,0.88354,5.69936,0.51806
10.20061,0.88361,5.60049,0.51833
10.20061,0.88396,5.60049,0.51853
10.20061,0.88451,5.60049,0.51893
10.20061,0.88451,5.60049,0.51944
10.20061,0.88451,5.60049,0.51968
10.20061,0.88451,5.60049,0.5198
10.20061,0.88451,5.60049,0.51995
10.20061,0.88451,5.60049,0.51997
10.20061,0.88451,5.60049,0.51998
10.20061,0.88451,5.60049,0.52031
10.20061,0.88451,5.60049,0.52043
10.20061,0.88451,5.60049,0.52044
10.20061,0.88451,5.60049,0.52044
10.20061,0.88451,5.60049,0.52044
10.20061,0.88463,5.60049,0.52044
10.20061,0.88463,5.60049,0.52044
10.20061,0.88463,5.60049,0.52053
10.20061,0.88463,5.60049,0.52061
10.20061,0.88463,5.60049,0.52061
10.20061,0.88463,5.60049,0.52061
10.20061,0.88463,5.60049,0.52062
10.20061,0.88463,5.60049,0.52073
10.20061,0.88463,5.60049,0.52077
10.20061,0.88463,5.60049,0.52082
10.20061,0.88463,5.49954,0.52083
10.20061,0.88469,5.49954,0.52083
10.20061,0.88469,5.49954,0.52083
10.20061,0.88469,5.49954,0.52083
10.20061,0.88469,5.49954,0.52085
10.20061,0.88469,5.49954,0.52096
10.20061,0.88469,5.49954,0.52096
10.20061,0.88469,5.49954,0.52096
10.20061,0.88469,5.49954,0.52105
10.20061,0.88469,5.49954,0.52115
10.20061,0.88469,5.49954,0.52122
10.20061,0.88469,5.49954,0.52137
10.20061,0.88469,5.49954,0.52141
10.20061,0.88469,5.49954,0.52141
10.20061,0.88469,5.49954,0.52141
10.20061,0.88469,5.49954,0.52143
10.20061,0.88469,5.49954,0.52147
10.20061,0.88469,5.4004,0.52148
10.20061,0.88469,5.4004,0.52178
10.20061,0.88469,5.49954,0.52197
10.20061,0.88469,5.4004,0.52208
10.20061,0.88469,5.49954,0.52218
10.20061,0.88469,5.4004,0.52225
10.20061,0.88469,5.4004,0.52255
10.20061,0.88469,5.4004,0.52264
10.20061,0.88469,5.4004,0.5229
10.20061,0.88469,5.4004,0.52299
10.20061,0.88469,5.4004,0.52305
10.20061,0.88469,5.4004,0.52321
10.20061,0.88469,5.4004,0.52321
10.20061,0.88469,5.4004,0.52332
10.20061,0.88469,5.4004,0.52349
10.20061,0.88469,5.4004,0.5238
10.20061,0.88469,5.4004,0.52402
10.20061,0.88469,5.4004,0.52417
10.20061,0.88469,5.4004,0.52451
10.20061,0.88469,5.4004,0.5246
10.20061,0.88469,5.4004,0.52485
10.20061,0.88472,5.4004,0.52516
10.20061,0.88479,5.4004,0.52524
10.20061,0.88479,5.4004,0.52547
10.20061,0.88527,5.4004,0.52573
10.20061,0.88527,5.4004,0.52577
10.20061,0.88573,5.4004,0.52594
10.20061,0.88574,5.4004,0.52612
10.20061,0.88598,5.29939,0.5262
10.20061,0.88608,5.29939,0.52636
10.20061,0.88631,5.29939,0.52696
10.20061,0.88631,5.29939,0.5275
10.20061,0.88646,5.29939,0.52808
10.20061,0.88683,5.29939,0.52831
10.20061,0.88746,5.29939,0.52902
10.20061,0.88801,5.29939,0.52953
10.20061,0.88856,5.29939,0.53007
10.20061,0.88887,5.29939,0.53091
10.20061,0.88887,5.29939,0.53156
10.20061,0.89182,5.29939,0.5329
10.20061,0.89612,5.29939,0.53505
10.20061,0.89631,5.29939,0.53572
10.20061,0.89631,5.29939,0.5361
10.20061,0.89631,5.29939,0.53647
10.20061,0.89631,5.29939,0.53773
10.20061,0.89631,5.29939,0.5385
10.20061,0.89631,5.29939,0.5394
10.20061,0.89631,5.29939,0.54002
10.20061,0.89631,5.29939,0.54092
10.20061,0.89631,5.29939,0.54144
10.20061,0.89631,5.29939,0.54147
10.20061,0.89631,5.29939,0.54183
10.20061,0.89631,5.29939,0.54262
10.20061,0.89631,5.29939,0.54316
10.20061,0.89631,5.20027,0.54319
10.20061,0.89631,5.20027,0.54324
10.20061,0.89631,5.20027,0.54327
10.20061,0.89631,5.20027,0.54341
10.20061,0.89631,5.20027,0.5438
10.20061,0.89631,5.20027,0.54449
10.20061,0.89631,5.20027,0.54496
10.20061,0.89631,5.20027,0.54551
10.20061,0.89631,5.20027,0.5459
10.20061,0.89631,5.20027,0.5459
10.20061,0.89631,5.20027,0.54598
10.20061,0.89631,5.20027,0.5461
10.20061,0.89631,5.20027,0.54654
10.20061,0.89637,5.20027,0.54663
10.20061,0.89637,5.20027,0.54689
10.20061,0.89637,5.20027,0.54689
10.20061,0.89638,5.20027,0.54702
10.20061,0.89638,5.20027,0.54705
10.20061,0.89638,5.20027,0.54708
10.20061,0.89737,5.20027,0.54708
10.20061,0.89737,5.20027,0.54708
10.20061,0.8974,5.20027,0.5471
10.20061,0.8974,5.09948,0.54718
10.20061,0.89817,5.09948,0.54718
10.20061,0.89817,5.09948,0.54718
10.20061,0.89833,5.09948,0.54718
10.20061,0.89883,5.09948,0.54718
10.20061,0.89885,5.09948,0.54718
10.20061,0.89885,5.09948,0.54718
10.20061,0.89885,5.09948,0.54718
10.20061,0.89885,5.09948,0.5473
10.20061,0.89885,5.09948,0.5473
10.20061,0.90019,5.09948,0.5473
10.20061,0.90042,5.09948,0.5473
10.20061,0.90042,5.09948,0.5473
10.20061,0.90231,5.09948,0.5473
10.20061,0.90273,5.09948,0.5473
10.20061,0.90382,5.09948,0.54734
10.20061,0.90444,5.09948,0.5474
10.20061,0.90559,5.09948,0.54741
10.20061,0.90695,5.09948,0.54748
10.20061,0.90697,5.09948,0.54748
10.20061,0.90697,5.09948,0.54749
10.20061,0.90703,5.09948,0.54788
10.20061,0.90908,4.9995,0.54801
10.20061,0.9099,5.09948,0.54805
10.20061,0.9099,4.9995,0.54827
10.20061,0.9099,4.9995,0.54882
10.20061,0.9099,4.9995,0.54914
10.20061,0.9099,4.9995,0.54949
10.20061,0.91038,4.9995,0.54987
10.20061,0.91047,4.9995,0.54993
10.20061,0.91047,4.9995,0.55009
10.20061,0.91047,4.9995,0.55043
10.20061,0.91047,4.9995,0.55056
10.20061,0.91047,4.9995,0.55064
10.20061,0.91047,4.9995,0.55081
10.20061,0.91047,4.9995,0.55084
10.20061,0.91047,4.9995,0.55098
10.20061,0.91047,4.9995,0.55152
10.20061,0.91047,4.9995,0.55174
10.20061,0.91047,4.90034,0.55232
10.20061,0.91047,4.90034,0.55248
10.20061,0.91047,4.90034,0.55273
10.20061,0.91047,4.90034,0.55327
10.20061,0.91047,4.79983,0.55389
10.20061,0.91047,4.70031,0.55496
10.20061,0.91047,4.70031,0.55532
10.20061,0.91047,4.70031,0.55567
10.20061,0.91047,4.70031,0.55664
10.20061,0.91047,4.70031,0.55808
10.20061,0.91047,4.59966,0.55954
10.20061,0.91047,4.70031,0.5601
10.20061,0.91047,4.50014,0.56064
10.20061,0.91047,4.59966,0.56136
10.20061,0.91047,4.59966,0.56168
10.20061,0.91047,4.50014,0.56215
10.20061,0.91047,4.39973,0.56268
10.20061,0.91047,4.50014,0.56325
10.10011,0.91053,4.39973,0.56357
10.10011,0.91053,4.39973,0.5644
10.10011,0.91061,4.39973,0.56471
10.20061,0.91061,4.39973,0.5653
10.20061,0.91061,4.29958,0.56626
10.20061,0.91061,4.39973,0.56778
10.20061,0.91061,4.29958,0.56842
10.20061,0.91061,4.19978,0.57032
10.10011,0.91061,4.29958,0.57105
10.20061,0.91061,4.29958,0.57188
10.20061,0.91061,4.1004,0.57316
10.20061,0.91061,4.19978,0.57447
10.20061,0.91061,4.19978,0.57615
10.20061,0.9107,4.1004,0.57711
10.10011,0.9107,4.1004,0.57779
10.20061,0.91077,4.1004,0.57987
10.20061,0.91197,4.1004,0.58189
10.10011,0.91456,3.99969,0.58237
10.10011,0.91486,3.99969,0.5839
10.20061,0.91537,4.1004,0.58431
10.10011,0.91537,3.89965,0.58459
10.10011,0.91572,3.89965,0.58511
10.20061,0.91572,3.89965,0.58515
10.20061,0.91629,3.89965,0.58576
10.10011,0.91629,3.89965,0.58576
10.20061,0.91656,3.89965,0.58577
10.10011,0.91656,3.80037,0.58577
10.20061,0.91656,3.80037,0.58577
10.20061,0.91656,3.80037,0.58577
10.10011,0.91656,3.70021,0.58577
10.20061,0.91656,3.70021,0.58589
10.10011,0.91656,3.70021,0.58589
10.20061,0.91843,3.70021,0.58589
10.20061,0.91855,3.6002,0.58589
10.20061,0.92068,3.6002,0.58589
10.10011,0.92068,3.6002,0.58589
10.20061,0.92094,3.6002,0.58589
10.10011,0.92096,3.6002,0.58589
10.10011,0.92096,3.49966,0.58589
10.20061,0.92096,3.49966,0.58589
10.10011,0.92096,3.49966,0.58589
10.10011,0.92096,3.49966,0.58589
10.10011,0.92096,3.49966,0.58598
10.10011,0.92096,3.49966,0.58598
10.10011,0.92096,3.49966,0.58598
10.10011,0.92096,3.40037,0.586
10.10011,0.92096,3.40037,0.58602
10.10011,0.92096,3.40037,0.58604
10.10011,0.92096,3.40037,0.58604
10.10011,0.92096,3.40037,0.58604
10.20061,0.92096,3.40037,0.58604
10.10011,0.92096,3.40037,0.58604
10.10011,0.92096,3.30009,0.58604
10.10011,0.92096,3.30009,0.58604
10.10011,0.92096,3.30009,0.58604
10.10011,0.92096,3.19982,0.58604
10.10011,0.92096,3.19982,0.58604
10.10011,0.92096,3.19982,0.58606
10.10011,0.92096,3.19982,0.58621
10.10011,0.92096,3.19982,0.58621
10.10011,0.92096,3.19982,0.58624
10.20061,0.92096,3.19982,0.58624
10.10011,0.92096,3.19982,0.58624
10.10011,0.92096,3.09975,0.58625
10.10011,0.92096,3.09975,0.58625
10.10011,0.92096,3.09975,0.58625
10.10011,0.92096,3.09975,0.58625
10.10011,0.92096,3.09975,0.58625
10.10011,0.92096,3.09975,0.58625
10.10011,0.92096,3.00003,0.58629
10.10011,0.92096,3.00003,0.58629
10.10011,0.92096,3.00003,0.58634
10.10011,0.92096,3.00003,0.58634
10.10011,0.92096,2.90019,0.5864
10.10011,0.92096,2.90019,0.58644
10.10011,0.92096,2.90019,0.58655
10.10011,0.92096,2.90019,0.5866
10.10011,0.92096,2.90019,0.5866
10.10011,0.92096,2.90019,0.5866
10.10011,0.92096,2.79979,0.58661
10.10011,0.92096,2.79979,0.58665
10.10011,0.92096,2.90019,0.58668
10.10011,0.92096,2.90019,0.58679
10.10011,0.92103,2.79979,0.58694
10.10011,0.92103,2.79979,0.58706
10.10011,0.92103,2.69977,0.58719
10.10011,0.92103,2.79979,0.58728
10.10011,0.92103,2.69977,0.58766
10.10011,0.92103,2.69977,0.5878
10.10011,0.92103,2.69977,0.58794
10.10011,0.92103,2.69977,0.58823
10.10011,0.92103,2.69977,0.58824
10.10011,0.92103,2.69977,0.58878
10.10011,0.92103,2.59972,0.58981
10.10011,0.92103,2.69977,0.59013
10.10011,0.92103,2.59972,0.59017
10.10011,0.92103,2.59972,0.59029
10.10011,0.92103,2.59972,0.59039
10.10011,0.92103,2.59972,0.59065
10.10011,0.92103,2.59972,0.59072
10.10011,0.92103,2.49992,0.59131
10.10011,0.92103,2.49992,0.59221
10.10011,0.92103,2.49992,0.59249
10.10011,0.92103,2.49992,0.59292
10.10011,0.92103,2.49992,0.59301
10.10011,0.92103,2.49992,0.59301
10.10011,0.92103,2.49992,0.59356
10.10011,0.92103,2.40008,0.59388
10.10011,0.92103,2.49992,0.59432
10.10011,0.92103,2.40008,0.595
10.10011,0.92103,2.40008,0.59599
10.10011,0.92103,2.40008,0.59746
10.10011,0.92103,2.40008,0.59903
10.10011,0.92103,2.40008,0.60162
10.10011,0.92103,2.40008,0.6041
10.10011,0.92103,2.29999,0.6056
10.10011,0.92103,2.40008,0.60629
10.10011,0.92103,2.40008,0.60719
10.10011,0.92103,2.29999,0.60894
10.10011,0.92103,2.29999,0.61034
10.10011,0.92103,2.29999,0.61268
10.10011,0.92103,2.20002,0.6132
10.10011,0.92103,2.29999,0.61448
10.10011,0.92103,2.29999,0.61615
10.10011,0.92103,2.20002,0.61827
10.10011,0.92103,2.29999,0.62028
10.10011,0.92103,2.20002,0.62136
10.10011,0.92103,2.20002,0.62229
10.10011,0.92103,2.20002,0.62317
10.10011,0.92103,2.20002,0.62365
10.10011,0.92103,2.20002,0.62503
10.10011,0.92103,2.10003,0.6256
10.10011,0.92103,2.10003,0.62618
10.10011,0.92103,2.10003,0.62641
10.10011,0.92103,2.20002,0.62784
10.10011,0.92103,2.10003,0.6286
10.10011,0.92103,2.10003,0.62923
10.10011,0.92123,2.10003,0.62964
10.10011,0.92145,2.10003,0.63007
10.10011,0.92145,2.10003,0.63032
10.10011,0.92145,2.10003,0.63094
10.10011,0.92145,2.10003,0.63105
10.10011,0.92145,2.10003,0.63195
10.10011,0.92145,1.99998,0.63239
10.10011,0.92145,1.99998,0.63279
10.10011,0.92145,1.99998,0.63337
10.10011,0.92458,1.99998,0.63525
10.10011,0.92461,1.99998,0.63622
10.10011,0.92461,1.99998,0.63712
10.10011,0.92471,1.99998,0.63842
10.10011,0.92471,1.99998,0.63926
10.10011,0.92471,1.89988,0.64053
10.10011,0.92471,1.99998,0.64176
10.10011,0.92471,1.99998,0.6424
10.10011,0.92471,1.89988,0.64304
10.10011,0.92471,1.89988,0.64322
10.10011,0.92471,1.89988,0.6433
10.10011,0.92471,1.89988,0.64363
10.10011,0.92471,1.79981,0.64398
10.10011,0.92471,1.89988,0.64469
10.10011,0.92553,1.89988,0.64529
10.10011,0.92553,1.89988,0.6456
10.10011,0.92553,1.89988,0.64577
10.10011,0.92553,1.79981,0.64617
10.10011,0.92553,1.79981,0.64635
10.10011,0.92553,1.79981,0.64689
10.10011,0.92553,1.79981,0.64774
10.10011,0.92553,1.79981,0.6485
10.10011,0.92553,1.79981,0.64931
10.10011,0.92553,1.79981,0.64943
10.10011,0.92553,1.79981,0.64968
10.10011,0.92553,1.79981,0.64973
10.10011,0.92553,1.69991,0.64974
10.10011,0.92553,1.69991,0.64974
10.10011,0.92553,1.69991,0.64983
10.10011,0.92553,1.69991,0.64983
10.10011,0.92553,1.69991,0.64985
10.10011,0.92553,1.69991,0.64985
10.10011,0.92553,1.69991,0.64986
10.10011,0.92553,1.69991,0.64986
10.10011,0.92553,1.69991,0.64988
10.10011,0.92553,1.69991,0.64988
10.10011,0.92553,1.69991,0.64995
10.10011,0.92553,1.69991,0.64995
10.10011,0.92589,1.69991,0.64995
10.10011,0.92589,1.60002,0.65007
10.10011,0.92589,1.60002,0.65007
10.10011,0.92589,1.60002,0.65007
10.10011,0.92589,1.60002,0.65008
10.10011,0.92589,1.60002,0.65021
10.10011,0.92589,1.60002,0.65021
10.10011,0.92589,1.60002,0.65026
10.10011,0.92589,1.60002,0.65029
10.10011,0.92589,1.60002,0.65039
10.0006,0.92589,1.60002,0.65041
10.10011,0.92589,1.60002,0.65086
10.10011,0.92589,1.60002,0.65119
10.10011,0.92589,1.60002,0.65192
10.10011,0.92589,1.50012,0.65203
10.10011,0.92589,1.60002,0.65203
10.10011,0.92589,1.60002,0.65222
10.10011,0.92589,1.60002,0.65317
10.10011,0.92589,1.50012,0.65438
10.10011,0.92589,1.50012,0.65504
10.10011,0.92589,1.50012,0.6554
10.10011,0.92589,1.50012,0.6562
10.10011,0.92589,1.50012,0.65687
10.10011,0.92589,1.50012,0.65773
10.10011,0.92589,1.50012,0.65813
10.0006,0.92589,1.50012,0.65844
10.10011,0.92589,1.50012,0.6589
10.0006,0.92589,1.50012,0.65909
10.10011,0.92589,1.50012,0.66039
10.0006,0.92589,1.50012,0.66092
10.10011,0.92589,1.39999,0.66158
10.10011,0.92589,1.39999,0.66209
10.0006,0.92589,1.39999,0.66216
10.10011,0.92589,1.39999,0.66224
10.10011,0.92589,1.39999,0.66232
10.0006,0.92589,1.39999,0.66239
10.10011,0.92589,1.39999,0.66251
10.10011,0.92589,1.39999,0.66255
10.0006,0.92589,1.39999,0.66255
10.10011,0.92589,1.39999,0.66267
10.10011,0.92589,1.39999,0.66267
10.0006,0.92589,1.39999,0.66267
10.0006,0.92589,1.39999,0.66267
10.10011,0.92589,1.39999,0.66274
10.0006,0.92589,1.39999,0.66294
10.0006,0.92589,1.39999,0.66332
10.0006,0.92589,1.29995,0.66436
10.10011,0.92589,1.29995,0.66538
10.0006,0.92589,1.29995,0.66593
10.0006,0.92589,1.29995,0.66623
10.0006,0.92589,1.29995,0.66669
10.0006,0.92589,1.29995,0.6668
10.0006,0.92589,1.29995,0.66685
10.0006,0.92589,1.29995,0.6669
10.0006,0.92589,1.29995,0.66705
10.0006,0.92589,1.29995,0.66792
10.0006,0.92589,1.29995,0.66842
10.0006,0.92589,1.29995,0.66989
10.0006,0.92589,1.29995,0.67033
10.0006,0.92589,1.29995,0.67075
10.0006,0.92589,1.29995,0.67084
10.0006,0.92589,1.29995,0.67112
10.0006,0.92589,1.29995,0.67119
10.0006,0.92589,1.20012,0.67126
10.0006,0.92589,1.20012,0.6714
10.0006,0.92589,1.20012,0.67219
10.0006,0.92589,1.20012,0.67263
10.10011,0.92589,1.20012,0.67296
10.10011,0.92589,1.20012,0.67321
10.0006,0.92589,1.20012,0.67331
10.0006,0.92589,1.20012,0.67342
10.0006,0.92589,1.20012,0.6738
10.0006,0.92589,1.20012,0.67482
10.10011,0.92589,1.20012,0.67563
10.0006,0.92589,1.20012,0.67663
10.0006,0.92589,1.20012,0.67746
10.0006,0.92589,1.20012,0.67796
10.0006,0.92589,1.20012,0.67835
10.0006,0.92589,1.20012,0.6788
10.0006,0.92589,1.20012,0.67883
10.0006,0.92589,1.20012,0.67903
10.0006,0.92589,1.10008,0.67942
10.0006,0.92589,1.20012,0.67943
10.0006,0.92589,1.10008,0.67943
10.10011,0.92589,1.10008,0.67944
10.0006,0.92589,1.10008,0.6795
10.0006,0.92589,1.10008,0.67964
10.0006,0.92589,1.10008,0.67973
10.0006,0.92589,1.10008,0.67973
10.10011,0.92589,1.10008,0.67973
10.10011,0.92589,1.10008,0.67973
10.0006,0.92589,1.10008,0.67973
10.10011,0.92589,1.10008,0.6798
10.0006,0.92589,1.10008,0.67982
10.10011,0.92589,1.10008,0.68
10.10011,0.92589,1.10008,0.68001
10.0006,0.92589,1.10008,0.68001
10.10011,0.92589,1.10008,0.68001
10.0006,0.92589,1.10008,0.68001
10.0006,0.92589,1.10008,0.68003
10.0006,0.92589,1.10008,0.6801
10.0006,0.92589,1.00006,0.68043
10.0006,0.92589,1.10008,0.68067
10.0006,0.92589,1.10008,0.68071
10.10011,0.92589,1.10008,0.68095
10.10011,0.92589,1.00006,0.681
10.0006,0.92589,1.00006,0.68132
10.0006,0.92589,1.00006,0.68147
10.10011,0.92589,1.00006,0.68184
10.10011,0.92589,1.00006,0.68221
10.10011,0.92589,1.00006,0.68239
10.0006,0.92589,1.00006,0.68286
10.0006,0.92589,1.00006,0.68357
10.10011,0.92589,1.00006,0.68465
10.0006,0.92589,1.00006,0.68569
10.10011,0.92589,1.00006,0.68669
10.0006,0.92589,1.00006,0.68687
10.0006,0.92589,1.00006,0.6869
10.0006,0.92589,1.00006,0.68723
10.0006,0.92589,1.00006,0.68725
10.10011,0.92589,1.00006,0.68748
10.0006,0.92589,1.00006,0.68748
10.0006,0.92589,1.00006,0.68748
10.0006,0.92589,1.00006,0.68748
10.10011,0.92589,0.89997,0.68748
10.10011,0.92589,1.00006,0.68748
10.10011,0.92589,0.89997,0.68748
10.10011,0.92589,0.89997,0.68748
10.0006,0.92589,0.89997,0.68748
10.10011,0.92589,1.00006,0.68755
10.0006,0.92589,0.89997,0.68755
10.10011,0.92589,0.89997,0.68765
10.0006,0.92589,0.89997,0.68765
10.0006,0.92589,0.89997,0.68767
10.0006,0.92589,0.89997,0.68768
10.0006,0.92589,0.89997,0.68798
10.10011,0.92589,0.89997,0.68802
10.10011,0.92589,0.89997,0.68822
10.10011,0.92589,0.89997,0.68822
10.10011,0.92589,0.89997,0.68827
10.0006,0.92589,0.89997,0.68828
10.10011,0.92589,0.89997,0.68849
10.0006,0.92613,0.89997,0.68856
10.10011,0.92613,0.89997,0.68876
10.10011,0.92613,0.89997,0.68891
10.0006,0.92613,0.89997,0.68891
10.0006,0.92613,0.89997,0.68897
10.10011,0.92613,0.89997,0.68906
10.0006,0.92613,0.89997,0.68915
10.0006,0.92613,0.89997,0.68917
10.10011,0.92613,0.80007,0.68922
10.0006,0.92613,0.89997,0.68928
10.0006,0.92613,0.89997,0.68933
10.0006,0.92613,0.80007,0.68933
10.0006,0.92613,0.80007,0.68933
10.0006,0.92613,0.80007,0.68936
10.0006,0.92613,0.80007,0.68967
10.0006,0.92613,0.80007,0.68975
10.10011,0.92613,0.80007,0.68975
10.0006,0.92613,0.80007,0.68975
10.10011,0.92613,0.80007,0.6898
10.10011,0.92613,0.80007,0.68981
10.10011,0.92613,0.80007,0.68997
10.10011,0.92613,0.80007,0.68997
10.0006,0.92613,0.80007,0.68997
10.10011,0.92613,0.80007,0.68997
10.0006,0.92613,0.80007,0.68997
10.0006,0.92613,0.80007,0.69015
10.10011,0.92613,0.80007,0.69015
10.0006,0.92613,0.80007,0.69017
10.10011,0.92613,0.80007,0.69017
10.0006,0.92613,0.80007,0.69029
10.0006,0.92613,0.80007,0.69053
10.10011,0.92613,0.80007,0.69053
10.10011,0.92613,0.80007,0.69057
10.0006,0.92646,0.80007,0.69057
10.10011,0.92646,0.80007,0.69083
10.0006,0.92646,0.80007,0.69111
10.0006,0.92646,0.80007,0.69114
10.0006,0.92646,0.80007,0.69115
10.0006,0.92646,0.80007,0.69131
10.0006,0.92681,0.80007,0.69157
10.0006,0.92681,0.70005,0.69162
10.0006,0.92681,0.70005,0.6919
10.10011,0.92684,0.80007,0.69215
10.0006,0.92776,0.70005,0.69273
10.0006,0.92776,0.80007,0.69295
10.0006,0.92776,0.70005,0.69303
10.0006,0.92776,0.70005,0.69307
10.0006,0.92776,0.70005,0.69333
10.0006,0.92776,0.70005,0.69346
10.0006,0.92776,0.70005,0.69372
10.0006,0.92776,0.70005,0.69401
10.0006,0.92776,0.70005,0.69417
10.0006,0.92776,0.70005,0.69419
10.0006,0.92776,0.70005,0.69443
10.0006,0.92776,0.70005,0.69482
10.10011,0.92776,0.70005,0.69484
10.0006,0.92776,0.70005,0.69493
10.0006,0.92776,0.70005,0.69494
10.0006,0.92776,0.70005,0.69494
10.0006,0.92776,0.70005,0.69503
10.0006,0.92776,0.70005,0.69504
10.0006,0.92776,0.70005,0.69504
10.0006,0.92776,0.70005,0.69506
10.0006,0.92776,0.70005,0.69533
10.0006,0.92776,0.70005,0.6956
10.0006,0.92776,0.70005,0.69614
10.0006,0.92776,0.70005,0.69627
10.0006,0.92776,0.70005,0.69627
10.0006,0.92776,0.70005,0.69627
10.0006,0.92776,0.70005,0.69627
10.0006,0.92776,0.70005,0.69656
10.0006,0.92776,0.70005,0.69656
10.0006,0.92776,0.70005,0.69656
10.0006,0.92776,0.70005,0.6966
10.0006,0.92776,0.70005,0.69678
10.0006,0.92787,0.70005,0.69684
10.0006,0.92787,0.70005,0.69684
10.0006,0.92787,0.70005,0.69712
10.0006,0.92787,0.70005,0.69712
10.0006,0.92787,0.59997,0.69718
10.0006,0.92787,0.59997,0.69718
10.0006,0.92787,0.59997,0.6973
10.0006,0.92787,0.59997,0.69736
10.0006,0.92787,0.59997,0.69736
10.0006,0.92787,0.59997,0.69745
10.0006,0.92787,0.59997,0.69745
10.0006,0.92787,0.59997,0.69755
10.0006,0.92787,0.59997,0.6976
10.0006,0.92787,0.59997,0.6976
10.0006,0.92787,0.59997,0.6976
10.0006,0.92787,0.59997,0.6976
10.0006,0.92787,0.59997,0.69767
10.0006,0.92787,0.59997,0.69767
10.0006,0.92787,0.59997,0.69767
10.0006,0.92787,0.59997,0.69788
10.0006,0.92787,0.59997,0.69788
10.0006,0.92787,0.59997,0.69788
10.0006,0.92787,0.59997,0.69788
10.0006,0.92787,0.59997,0.69788
10.0006,0.92787,0.59997,0.69788
10.0006,0.92787,0.59997,0.69788
10.0006,0.92787,0.59997,0.69795
10.0006,0.92787,0.59997,0.69795
10.0006,0.92787,0.59997,0.69795
10.0006,0.92787,0.59997,0.69815
10.0006,0.92787,0.59997,0.69829
10.0006,0.92787,0.59997,0.69839
10.0006,0.92787,0.59997,0.69864
10.0006,0.92787,0.59997,0.69885
10.0006,0.92787,0.59997,0.69903
10.0006,0.92787,0.59997,0.69917
10.0006,0.92787,0.59997,0.69946
10.0006,0.92787,0.59997,0.69955
10.0006,0.92787,0.59997,0.69964
10.0006,0.92787,0.59997,0.69982
10.0006,0.92787,0.59997,0.70027
10.0006,0.92787,0.59997,0.70038
10.0006,0.92787,0.59997,0.70069
10.0006,0.92787,0.59997,0.70126
10.0006,0.92787,0.59997,0.70177
10.0006,0.92799,0.59997,0.70214
10.0006,0.92799,0.59997,0.70288
10.0006,0.92799,0.59997,0.70331
10.0006,0.92799,0.59997,0.70346
10.0006,0.92799,0.59997,0.70346
10.0006,0.92799,0.49995,0.70354
10.0006,0.92799,0.49995,0.70357
10.0006,0.92799,0.59997,0.70361
10.0006,0.92799,0.49995,0.70369
10.0006,0.92799,0.49995,0.70378
10.0006,0.92824,0.49995,0.70387
10.0006,0.92824,0.49995,0.70406
10.0006,0.92824,0.49995,0.70422
10.0006,0.92824,0.49995,0.70422
10.0006,0.92837,0.49995,0.70436
10.0006,0.92837,0.49995,0.70471
10.0006,0.92837,0.49995,0.70534
10.0006,0.92837,0.49995,0.7065
10.0006,0.92837,0.49995,0.70817
10.0006,0.92837,0.49995,0.70896
10.0006,0.92837,0.49995,0.7097
10.0006,0.92837,0.49995,0.71058
10.0006,0.92837,0.49995,0.71082
10.0006,0.92837,0.49995,0.7109
10.0006,0.92837,0.49995,0.71132
10.0006,0.92837,0.49995,0.71157
10.0006,0.92837,0.49995,0.71193
10.0006,0.92881,0.49995,0.71261
10.0006,0.92898,0.49995,0.71308
10.0006,0.92898,0.49995,0.71308
10.0006,0.92918,0.49995,0.7132
10.0006,0.92918,0.49995,0.71323
10.0006,0.92918,0.49995,0.71337
10.0006,0.92918,0.49995,0.71348
10.0006,0.92918,0.49995,0.7137
10.0006,0.92918,0.49995,0.71478
10.0006,0.92918,0.49995,0.71579
10.0006,0.92918,0.49995,0.71798
10.0006,0.92918,0.49995,0.71873
10.0006,0.92918,0.49995,0.71955
10.0006,0.92918,0.49995,0.72054
10.0006,0.92918,0.49995,0.72146
10.0006,0.92918,0.49995,0.72192
10.0006,0.92918,0.49995,0.72254
10.0006,0.92923,0.49995,0.72312
10.0006,0.92923,0.49995,0.72415
10.0006,0.92923,0.49995,0.72491
10.0006,0.92923,0.49995,0.72527
10.0006,0.92923,0.49995,0.7256
10.0006,0.92923,0.49995,0.7261
10.0006,0.92923,0.49995,0.72632
10.0006,0.92923,0.49995,0.72689
10.0006,0.92923,0.49995,0.72695
10.0006,0.92923,0.49995,0.72701
10.0006,0.92923,0.49995,0.72701
10.0006,0.92941,0.49995,0.72785
10.0006,0.92941,0.49995,0.72807
10.0006,0.92941,0.49995,0.72854
10.0006,0.92941,0.49995,0.72878
10.0006,0.92941,0.49995,0.72915
10.0006,0.92941,0.49995,0.72945
10.0006,0.92941,0.49995,0.72971
10.0006,0.92941,0.39997,0.72979
10.0006,0.92941,0.39997,0.73006
10.0006,0.92941,0.39997,0.73037
10.0006,0.92941,0.39997,0.73044
10.0006,0.92941,0.39997,0.73052
10.0006,0.92941,0.39997,0.73061
10.0006,0.92941,0.39997,0.7307
10.0006,0.92941,0.39997,0.7307
10.0006,0.92941,0.39997,0.73087
10.0006,0.92941,0.39997,0.73087
10.0006,0.92941,0.39997,0.73103
10.0006,0.92941,0.39997,0.73137
10.0006,0.92941,0.39997,0.73156
10.0006,0.92941,0.39997,0.73191
10.0006,0.92941,0.39997,0.73201
10.0006,0.92941,0.39997,0.7326
10.0006,0.92941,0.39997,0.7326
10.0006,0.92941,0.39997,0.73267
10.0006,0.92941,0.39997,0.73297
10.0006,0.92941,0.39997,0.73319
10.0006,0.92941,0.39997,0.73341
10.0006,0.92941,0.39997,0.73358
10.0006,0.92941,0.39997,0.73368
10.0006,0.92941,0.39997,0.7339
10.0006,0.92941,0.39997,0.73417
10.0006,0.92941,0.39997,0.73459
10.0006,0.92941,0.39997,0.73502
10.0006,0.92941,0.39997,0.7353
10.0006,0.92941,0.39997,0.73537
10.0006,0.92941,0.39997,0.7355
10.0006,0.92941,0.39997,0.73558
10.0006,0.92941,0.39997,0.73573
10.0006,0.92941,0.39997,0.73588
10.0006,0.92941,0.39997,0.73654
10.0006,0.92941,0.39997,0.73712
10.0006,0.92941,0.39997,0.73745
10.0006,0.92966,0.39997,0.73763
10.0006,0.92966,0.39997,0.73786
10.0006,0.92966,0.39997,0.7381
10.0006,0.92972,0.39997,0.73856
10.0006,0.92972,0.39997,0.73921
10.0006,0.92972,0.39997,0.73943
10.0006,0.92972,0.39997,0.73955
10.0006,0.92972,0.39997,0.73966
10.0006,0.92972,0.39997,0.74059
10.0006,0.92972,0.39997,0.74125
10.0006,0.92972,0.39997,0.74231
10.0006,0.9298,0.39997,0.74327
10.0006,0.9298,0.39997,0.7437
10.0006,0.92996,0.39997,0.74471
10.0006,0.92996,0.39997,0.746
10.0006,0.92996,0.39997,0.74691
10.0006,0.93013,0.39997,0.74738
10.0006,0.93013,0.39997,0.74781
10.0006,0.93013,0.39997,0.74833
10.0006,0.93036,0.39997,0.74914
10.0006,0.93056,0.39997,0.74964
10.0006,0.93056,0.39997,0.7501
10.0006,0.93066,0.39997,0.75037
10.0006,0.93066,0.39997,0.75055
10.0006,0.93066,0.39997,0.75081
10.0006,0.9308,0.39997,0.75106
10.0006,0.9308,0.3,0.75106
10.0006,0.931,0.39997,0.75113
10.0006,0.931,0.3,0.75115
10.0006,0.931,0.3,0.75121
10.0006,0.931,0.3,0.75131
10.0006,0.931,0.3,0.75133
10.0006,0.931,0.3,0.75133
10.0006,0.931,0.3,0.75133
10.0006,0.931,0.3,0.75186
10.0006,0.931,0.3,0.75228
10.0006,0.931,0.3,0.75229
10.0006,0.931,0.3,0.75234
10.0006,0.931,0.3,0.75234
10.0006,0.931,0.3,0.75241
10.0006,0.93213,0.3,0.75284
9.89979,0.93213,0.3,0.75317
10.0006,0.93264,0.3,0.75344
10.0006,0.9327,0.3,0.75355
10.0006,0.93283,0.3,0.75359
10.0006,0.93283,0.3,0.75372
10.0006,0.93283,0.3,0.7539
10.0006,0.93283,0.3,0.75418
10.0006,0.93303,0.3,0.75453
10.0006,0.93338,0.3,0.75566
10.0006,0.93338,0.3,0.75638
10.0006,0.93338,0.3,0.75663
10.0006,0.93338,0.3,0.75676
10.0006,0.93469,0.3,0.7572
10.0006,0.93488,0.3,0.7572
10.0006,0.93506,0.3,0.75784
10.0006,0.93532,0.3,0.75804
10.0006,0.93532,0.3,0.75812
10.0006,0.93532,0.3,0.75846
10.0006,0.93532,0.3,0.75857
10.0006,0.93532,0.3,0.75865
10.0006,0.93532,0.3,0.75876
10.0006,0.93532,0.3,0.75905
10.0006,0.93532,0.3,0.75905
10.0006,0.93532,0.3,0.75905
10.0006,0.93532,0.3,0.75905
10.0006,0.93532,0.3,0.75911
10.0006,0.93532,0.3,0.75927
10.0006,0.93532,0.3,0.75931
10.0006,0.93532,0.3,0.75943
10.0006,0.93532,0.3,0.7596
10.0006,0.93532,0.3,0.75971
10.0006,0.93532,0.3,0.75973
10.0006,0.93532,0.3,0.75976
10.0006,0.93532,0.3,0.75976
10.0006,0.93532,0.3,0.75978
10.0006,0.93532,0.3,0.76014
10.0006,0.93532,0.3,0.76062
10.0006,0.93532,0.3,0.76075
10.0006,0.93532,0.3,0.7615
10.0006,0.93569,0.3,0.76253
10.0006,0.93569,0.3,0.76327
10.0006,0.93569,0.3,0.76408
10.0006,0.93569,0.3,0.76508
10.0006,0.93569,0.3,0.76681
9.89979,0.93569,0.3,0.76809
10.0006,0.93569,0.3,0.76909
10.0006,0.93569,0.3,0.76987
10.0006,0.93569,0.3,0.77069
9.89979,0.93569,0.3,0.77217
10.0006,0.93569,0.3,0.7734
10.0006,0.93586,0.3,0.77536
10.0006,0.93586,0.3,0.77641
10.0006,0.93586,0.3,0.77849
10.0006,0.93586,0.3,0.78001
10.0006,0.93586,0.3,0.78139
9.89979,0.93586,0.2,0.7823
9.89979,0.93586,0.2,0.78286
9.89979,0.93586,0.3,0.78343
10.0006,0.93586,0.2,0.78384
10.0006,0.93586,0.2,0.7845
10.0006,0.93586,0.2,0.7855
10.0006,0.93586,0.2,0.78635
10.0006,0.93586,0.2,0.78706
9.89979,0.93586,0.2,0.78819
10.0006,0.93586,0.2,0.7891
10.0006,0.93586,0.2,0.79018
10.0006,0.93586,0.2,0.79085
10.0006,0.93586,0.2,0.79144
9.89979,0.93586,0.2,0.79237
10.0006,0.93586,0.2,0.79271
9.89979,0.93586,0.2,0.79332
9.89979,0.93586,0.2,0.79332
10.0006,0.93599,0.2,0.79344
10.0006,0.93599,0.2,0.79385
9.89979,0.93622,0.2,0.79481
10.0006,0.93622,0.2,0.79644
9.89979,0.93622,0.2,0.79751
10.0006,0.93622,0.2,0.79812
10.0006,0.93684,0.2,0.80032
10.0006,0.93713,0.2,0.80142
9.89979,0.93713,0.2,0.80238
10.0006,0.93727,0.2,0.80321
9.89979,0.93742,0.2,0.80433
9.89979,0.93945,0.2,0.80518
10.0006,0.93959,0.2,0.80638
10.0006,0.93959,0.2,0.8081
10.0006,0.93959,0.2,0.80899
9.89979,0.94035,0.2,0.81004
9.89979,0.94035,0.2,0.81126
10.0006,0.94035,0.2,0.81297
10.0006,0.94035,0.2,0.81518
9.89979,0.94045,0.2,0.81726
10.0006,0.94045,0.2,0.81926
9.89979,0.94045,0.2,0.82087
10.0006,0.94045,0.2,0.82189
9.89979,0.94045,0.2,0.82213
10.0006,0.94045,0.2,0.82273
9.89979,0.94072,0.2,0.82313
10.0006,0.9409,0.2,0.82387
9.89979,0.9409,0.2,0.82424
9.89979,0.9409,0.2,0.82434
9.89979,0.94135,0.2,0.82498
9.89979,0.94135,0.2,0.8258
9.89979,0.94135,0.2,0.8263
9.89979,0.94135,0.2,0.82717
10.0006,0.94135,0.2,0.82742
9.89979,0.94135,0.2,0.82857
9.89979,0.94135,0.2,0.8292
9.89979,0.94135,0.2,0.82925
9.89979,0.94205,0.2,0.82948
10.0006,0.94205,0.2,0.82991
9.89979,0.94205,0.2,0.83025
9.89979,0.94205,0.2,0.83039
9.89979,0.94229,0.2,0.83042
9.89979,0.94229,0.2,0.83048
10.0006,0.94229,0.2,0.83055
9.89979,0.94229,0.2,0.83115
10.0006,0.94326,0.2,0.83161
10.0006,0.94326,0.2,0.83166
10.0006,0.94331,0.2,0.83214
9.89979,0.94331,0.2,0.83265
9.89979,0.94501,0.2,0.83347
9.89979,0.94567,0.2,0.83378
9.89979,0.94567,0.2,0.83408
9.89979,0.94567,0.2,0.83424
9.89979,0.94567,0.2,0.83456
9.89979,0.94582,0.2,0.83476
9.89979,0.94642,0.2,0.83487
9.89979,0.94642,0.2,0.83506
9.89979,0.94661,0.2,0.83547
10.0006,0.94725,0.2,0.83573
9.89979,0.94725,0.2,0.83597
9.89979,0.94725,0.2,0.83649
9.89979,0.94725,0.2,0.83685
10.0006,0.94725,0.2,0.83707
9.89979,0.94725,0.2,0.83713
9.89979,0.94725,0.2,0.83714
10.0006,0.94725,0.2,0.83717
9.89979,0.94725,0.2,0.83731
10.0006,0.94725,0.2,0.83758
10.0006,0.94725,0.2,0.83793
9.89979,0.94725,0.2,0.83807
9.89979,0.94726,0.2,0.83852
9.89979,0.94726,0.2,0.83885
9.89979,0.94726,0.2,0.83916
9.89979,0.94726,0.2,0.83944
10.0006,0.94726,0.2,0.83982
9.89979,0.94726,0.2,0.84009
9.89979,0.94726,0.2,0.84045
9.89979,0.94726,0.2,0.84102
9.89979,0.94726,0.2,0.84119
9.89979,0.94726,0.2,0.84127
9.89979,0.94726,0.2,0.84133
9.89979,0.94726,0.2,0.84145
9.89979,0.94726,0.2,0.842
9.89979,0.94726,0.2,0.8423
9.89979,0.94726,0.2,0.84245
9.89979,0.94726,0.2,0.84276
9.89979,0.94726,0.098,0.84306
9.89979,0.94789,0.098,0.84306
9.89979,0.94789,0.098,0.84333
9.89979,0.94789,0.098,0.8436
9.89979,0.94789,0.098,0.84417
9.89979,0.94789,0.098,0.84427
9.89979,0.94789,0.098,0.84433
9.89979,0.94789,0.098,0.84442
9.89979,0.94789,0.098,0.8445
9.89979,0.94789,0.098,0.84463
9.89979,0.94789,0.098,0.84485
9.89979,0.94789,0.098,0.84491
10.0006,0.94789,0.098,0.84502
9.89979,0.94789,0.098,0.8451
10.0006,0.94789,0.098,0.8451
9.89979,0.94789,0.098,0.8451
9.89979,0.94789,0.098,0.84544
10.0006,0.94789,0.098,0.84571
9.89979,0.94789,0.098,0.84571
9.89979,0.94789,0.098,0.84573
9.89979,0.94789,0.098,0.84573
9.89979,0.94789,0.098,0.84575
9.89979,0.94789,0.098,0.84579
9.89979,0.94789,0.098,0.84585
9.89979,0.94789,0.098,0.84686
9.89979,0.94789,0.098,0.84786
9.89979,0.94789,0.098,0.84834
9.89979,0.94789,0.098,0.84872
9.89979,0.94789,0.098,0.84876
9.89979,0.94789,0.098,0.84902
9.89979,0.94789,0.098,0.8501
9.89979,0.94789,0.098,0.85155
9.89979,0.94789,0.098,0.85275
9.89979,0.94789,0.098,0.85446
9.89979,0.94789,0.098,0.85536
9.89979,0.94789,0.098,0.85592
9.89979,0.94789,0.098,0.85681
9.89979,0.94789,0.098,0.85799
9.89979,0.94789,0.098,0.85915
9.89979,0.94789,0.098,0.86096
9.89979,0.94789,0.098,0.8626
9.89979,0.94789,0.098,0.86336
9.89979,0.94792,0.098,0.86412
9.89979,0.94792,0.098,0.86457
9.89979,0.94792,0.098,0.86548
9.89979,0.94792,0.098,0.86578
9.89979,0.94792,0.098,0.86588
9.89979,0.94792,0.098,0.86601
9.89979,0.94792,0.098,0.86654
9.89979,0.94792,0.098,0.86656
9.89979,0.94792,0.098,0.8667
9.89979,0.94792,0.098,0.86678
9.89979,0.94792,0.098,0.86687
9.89979,0.94792,0.098,0.86691
9.89979,0.94792,0.098,0.86696
9.89979,0.94792,0.098,0.867
9.89979,0.94792,0.098,0.86707
9.89979,0.94792,0.098,0.86712
9.89979,0.94792,0.098,0.86724
9.89979,0.94792,0.098,0.86806
9.89979,0.94792,0.098,0.86831
9.89979,0.94792,0.098,0.86859
9.89979,0.94792,0.098,0.86903
9.89979,0.94792,0.098,0.86908
9.89979,0.94792,0.098,0.86953
9.89979,0.94792,0.098,0.86986
9.89979,0.94792,0.098,0.86996
9.89979,0.94792,0.098,0.87051
9.89979,0.94792,0.098,0.87095
9.89979,0.94792,0.098,0.8711
9.89979,0.94792,0.098,0.87126
9.89979,0.94792,0.098,0.8715
9.89979,0.94795,0.098,0.87154
9.89979,0.94795,0.098,0.87164
9.89979,0.94795,0.098,0.87171
9.89979,0.94795,0.098,0.8718
9.89979,0.9488,0.098,0.87184
9.89979,0.9488,0.098,0.87192
9.89979,0.9488,0.098,0.87209
9.89979,0.9488,0.098,0.87253
9.89979,0.9488,0.098,0.87253
9.89979,0.9488,0.098,0.87253
9.89979,0.94891,0.098,0.87256
9.89979,0.94904,0.098,0.87258
9.89979,0.94904,0.098,0.87266
9.89979,0.94933,0.098,0.87287
9.89979,0.94933,0.098,0.87293
9.89979,0.94933,0.098,0.87309
9.89979,0.95005,0.098,0.87338
9.89979,0.9511,0.098,0.87338
9.89979,0.95141,0.098,0.87368
9.89979,0.95141,0.098,0.8738
9.89979,0.95243,0.098,0.87418
9.89979,0.95243,0.098,0.87438
9.89979,0.95243,0.098,0.87463
9.89979,0.95285,0.098,0.87477
9.89979,0.95351,0.098,0.87493
9.89979,0.95445,0.098,0.87506
9.89979,0.95445,0.098,0.87506
9.89979,0.95445,0.098,0.87512
9.89979,0.9547,0.098,0.87512
9.89979,0.9554,0.098,0.87512
9.89979,0.9554,0.098,0.87512
9.89979,0.9554,0.098,0.87512
9.89979,0.9554,0.098,0.87512
9.89979,0.9554,0.098,0.87514
9.89979,0.9554,0.098,0.87514
9.89979,0.9554,0.098,0.87514
9.89979,0.9554,0.098,0.87522
9.89979,0.9554,0.098,0.87555
9.89979,0.95629,0.098,0.87708
9.89979,0.95822,0.098,0.87911
9.89979,0.96119,0.098,0.88214
9.89979,0.96335,0.098,0.88613
9.89979,0.9649,0.098,0.89087
9.89979,0.96659,0.098,0.89528
9.89979,0.96885,0.098,0.89982
9.89979,0.97074,0.098,0.9043
9.8,0.97256,0.098,0.90907
9.89979,0.97405,0.098,0.91416
9.89979,0.97435,0.098,0.92008
9.89979,0.97451,0.098,0.92669
9.89979,0.9755,0.098,0.9345
9.89979,0.97722,0.098,0.94198
9.89979,0.97798,0.098,0.94777
9.89979,0.98001,0.098,0.95309
9.89979,0.9813,0.098,0.95742
9.89979,0.98257,0.098,0.96168
9.89979,0.98661,0.098,0.9657
9.89979,0.99499,0.098,0.96921
9.89979,0.99954,0.098,0.9725
9.89979,0.99986,0.098,0.97558
9.89979,0.99986,0.098,0.97831
9.89979,0.99986,0.098,0.98086
9.89979,0.99986,0.098,0.9834
9.89979,0.99986,0.098,0.98689
9.89979,1,0.098,0.99054
9.89979,1,0.098,0.99439
9.89979,1,0.098,0.99527
9.89979,1,0.098,0.99575
9.89979,1,0.098,0.99612
9.89979,1,0.098,0.9964
9.89979,1,0.098,0.99683
9.89979,1,0.098,0.99745
9.89979,1,0.098,0.99791
9.89979,1,0.098,0.99805
9.89979,1,0.098,0.99811
9.89979,1,0.098,0.99818
9.89979,1,0.098,0.99822
9.89979,1,0.098,0.99837
9.89979,1,0.098,0.99845
9.89979,1,0.098,0.99845
9.89979,1,0.098,0.99853
9.89979,1,0.098,0.99858
9.89979,1,0.098,0.99868
9.89979,1,0.098,0.99876
9.89979,1,0.098,0.99878
9.89979,1,0.098,0.99883
9.89979,1,0.098,0.99883
9.89979,1,0.098,0.99883
9.89979,1,0.098,0.99888
9.89979,1,0.098,0.99888
9.89979,1,0.098,0.99893
9.89979,1,0.098,0.99945
9.89979,1,0.098,0.99957
9.89979,1,0.098,1
