MS-0.25m,Normalized CAT-RMS,MS-0.5m,Normalized CAT-RMS,MS-0.75m,Normalized CAT-RMS
x1,y1,x2,y2,x3,y3
36.1,0,32,0,26.1,0
36.1,0,32.1,0,26.1,0
36.1,0,32,0,26.1,0
36,0,32,0,26.1,0
36.2,0,32,0,26.1,0
36.2,0,32,0,26.1,0
36.2,0,32,0,26.1,0
36.2,0,32,0,26,0
36.1,0,32,0,26,0
36,0,32,0,26.1,0
36.2,0,32,0,26.1,0
36.2,0,32,0,26.1,0
36.1,0,32,0,26.1,0
36.1,0,32,0,26.1,0
36.1,0,32,0,26.1,0
36.1,0,32,0,26.1,0
36.1,0,32,0,26.1,0
36.1,0,31.9,0,26.1,0
36,0,32,0,26.1,0
36,0,31.9,0,26.1,0
36.1,0,32,0,26.1,0
36.1,0,32,0,26.1,0
36.1,0,32.1,0,26.1,0
36.1,0,32.1,0,26.1,0
36.1,0,32,0,26.1,0
36.1,0,32,0,26.1,0
36.2,0,32,0,26.1,0
36.1,0,32,0,26.1,0
36.1,0,32,0,26.1,0
36,0,32.1,0,26.1,0
36.1,0,32,0,26.1,0
36.1,0,32,0,26.1,0
36.1,0,32.1,0,26.1,0
36.1,0,32,0,26.1,0
36,0,32.1,0,26.1,0
36.1,0,32,0,26.1,0
36.2,0,32,0,26.1,0
36.2,0,32.1,0,26.1,0
36,0,32.1,0,26.1,0
36.1,0,32,0,26.2,0
36,0,32.1,0,26.1,0
36.1,0,32,0,26.1,0
36.1,0,32,0,26.1,0
36.1,0,32,0,26.1,0
36.1,0,31.9,0,26.1,0
36.1,0,32,0,26.1,0
36,0,32,0,26.1,0
36.1,0,32,0,26.1,0
36,0,32,0,26.1,0
36.1,0,32,0,26.1,0
35.9,0,32,0,26.2,0
36.1,0,32.1,0,26.1,0
36.1,0,32,0,26.1,0
36.2,0,32,0,26.1,0
36.1,0,32,0,26.1,0
36.2,0,32.1,0,26.1,0
36.1,0,32,0,26.1,0
36.1,0,32,0,26,0
36.1,0,32,0,26.1,0
36.2,0,32,0,26.2,0
36.1,0,31.9,0,26.1,0
36.1,0,32,0,26.1,0
36.1,0,32,0,26.1,0
36,0,32,0,26.1,0
36.1,0,32,0,26.1,0
36,0,31.9,0,26.1,0
36.1,0,32,0,26.1,0
36,0,31.9,0,26.1,0
36.2,0,32.1,0,26.1,0
36,0,32,0,26.1,0
36.1,0,32,0,26.1,0
36.2,0,32,0,26.1,0
36.2,0,32,0,26.1,0
36.1,0,32,0,26.1,0
36.1,0,32,0,26.1,0
36.1,0,32.1,0,26.1,0
36,0,31.9,0,26.1,0
36.2,0,32,0,26.2,0
36.1,0,32,0,26.1,0
36.1,0,32,0,26.1,0
36.1,0,32,0,26.1,0
36.1,0,32,0,26.1,0
36.2,0,32,0,26.1,0
36.1,0,32,0,26.1,0
36.2,0,32.1,0,26.1,0
36.1,0,32,0,26.1,0
36.1,0,32,0,26.1,0
36.1,0,32,0,26.1,0
36.1,0,32,0,26.2,0
36.1,0,32,0,26.1,0
36.1,0,32,0,26.1,0
36.1,0,32,0,26.2,0
36.1,0,31.9,0,26.2,0
36.1,0,32,0,26.1,0
36.1,0,32,0,26.1,0
36.1,0,32,0,26.1,0
36.2,0,31.9,0,26.1,0
36.2,0,32,0,26.1,0
36,0,32,0,26.1,0
36.1,0,32,0,26.1,0
36.2,0,32.1,0,26.1,0
36.1,0,32,0,26.1,0
36.2,0,32,0,26.1,0
36.2,0,32,0,26.2,0
36,0,31.9,0,26.1,0
36,0,32,0,26.1,0
36.1,0,32,0,26.2,0
36.1,0,32,0,26.1,0
36.1,0,32,0,26.1,0
36.1,0,32.1,0,26.2,0
36.1,0,32,0,26.1,0
36.1,0,32.1,0,26.1,0
36.1,0,32.1,0,26.1,0
36.2,0,32.1,0,26.2,0
36.1,0,32,0,26.1,0
36.1,0,32,0,26.1,0
36.1,0,32,0,26.1,0
36.2,0,32,0,26.1,0
36.1,0,32,0,26.1,0
36.1,0,32,0,26.1,0
36,0,32,0,26.1,0
36,0,32,0,26.1,0
36.1,0,32,0,26.1,0
36,0,32,0,26.1,0
36.1,0,32,0,26.2,0
36,0,32.1,0,26.1,0
36.1,0,32,0,26.1,0
36.1,0,31.9,0,26.1,0
36.1,0,32.1,0,26.1,0
36.1,0,31.9,0,26.2,0
36.1,0,32,0,26.1,0
36.3,0,32,0,26.1,0
36.2,0,32,0,26.1,0
36.1,0,32,0,26.1,0
36.1,0,32,0,26.1,0
36.2,0,32,0,26.1,0
36.1,0,32.1,0,26.1,0
36.1,0,32.1,0,26.1,0
36.1,0,32.1,0,26.1,0
36.1,0,32.1,0,26.1,0
36.1,0,32.1,0,26.1,0
36.1,0,32,0,26.1,0
36.2,0,32,0,26.1,0
36.1,0,32,0,26.1,0
36.2,0,32,0,26.2,0
36.2,0,32,0,26.1,0
36.2,0,32.1,0,26.1,0
36.1,0,31.9,0,26.1,0
36.1,0,32,0,26.1,0
36,0,32,0,26.1,0
36.1,0,32,0,26.1,0
36.2,0,32,0,26.1,0
36.1,0,31.9,0,26.1,0
36.2,0,32,0,26.1,0
36.2,0,32,0,26.1,0
36,0,32.1,0,26.1,0
36.2,0,32,0,26.2,0
36,0,32,0,26.1,0
36.2,0,32,0,26.1,0
36.1,0,32.1,0,26.2,0
36.1,0,32,0,26.1,0
36.1,0,32,0,26.1,0
36.2,0,32,0,26.1,0
36.1,0,32,0,26.1,0
36.1,0,32.1,0,26.2,0
36.2,0,32,0,26.1,0
36.2,0,32.1,0,26.1,0
36.2,0,32,0,26.1,0
36.2,0,32,0,26.1,0
36.1,0,32,0,26.1,0
36.1,0,32,0,26.1,0
36,0,32,0,26.1,0
36.2,0,32,0,26.1,0
36.1,0,32,0,26.1,0
36.1,0,32,0,26.2,0
36.2,0,32,0,26.1,0
36.2,0,32,0,26.1,0
36.1,0,32,0,26.1,0
36,0,32,0,26.1,0
36,0,32,0,26.1,0
36.1,0,32.1,0,26.1,0
35.9,0,32,0,26.1,0
36.1,0,32.1,0,26.1,0
36.1,0,32,0,26.1,0
36.1,0,32,0,26.1,0
36.2,0,32,0,26.1,0
36.1,0,32,0,26.1,0
36.1,0,32,0,26.1,0
36.2,0,32.1,0,26.1,0
36.1,0,32.1,0,26.1,0
36.1,0,32,0,26.1,0
36.1,0,32.1,0,26.1,0
36.1,0,32,0,26.1,0
36.2,0,32,0,26.1,0
36.2,0,32,0,26.1,0
36.2,0,32,0,26.1,0
36.2,0,32,0,26.2,0
36,0,32,0,26.1,0
36,0,32,0,26.1,0
36.2,0,32,0,26.1,0
36.1,0,32,0,26.1,0
36.1,0,32,0,26.1,0
36.1,0,32.1,0,26.1,0
36.1,0,32.1,0,26.1,0
36,0,32,0,26.1,0
36.2,0,32,0,26.1,0
36,0,32,0,26.1,0
36.2,0,32,0,26.1,0
36.1,0,32,0,26.1,0
36.1,0,32.1,0,26.1,0
36.1,0,32.1,0,26.1,0
36,0,32,0,26.1,0
36,0,32,0,26.2,0
36.2,0,32.1,0,26.1,0
36.1,0,32,0,26.1,0
36.1,0,32,0,26.2,0
36.1,0,32,0,26.1,0
36.1,0,32,0,26.1,0
36,0,32.1,0,26.1,0
36.2,0,32.1,0,26.1,0
36.1,0,32,0,26.2,0
36.1,0,32,0,26.1,0
36.1,0,32,0,26.1,0
36.1,0,32.1,0,26.2,0
36.1,0,32,0,26.1,0
36.1,0,32,0,26.1,0
36.1,0,32,0,26.1,0
36.1,0,32,0,26.1,0
36.1,0,32,0,26.1,0
36.1,0,32.1,0,26.1,0
36.1,0,32,0,26.1,0
36.2,0,32,0,26.1,0
36,0,32,0,26.1,0
36.1,0,32,0,26.1,0
36.1,0,32,0,26.1,0
36.1,0,32,0,26.1,0
36.2,0,32,0,26.1,0
36.1,0,32,0,26.1,0
36.1,0,32.1,0,26.2,0
36.1,0,32.1,0,26.1,0
36.2,0,32.1,0,26.2,0
36.1,0,32,0,26.1,0
36.1,0,32.1,0,26.1,0
36.2,0,32.1,0,26.2,0
36.2,0,32,0,26.1,0
36.1,0,32,0,26.1,0
36.2,0,32,0,26.2,0
36.1,0,32,0,26.1,0
36.1,0,32,0,26.1,0
36.2,0,32.1,0,26.1,0
36.1,0,32,0,26.1,0
36.2,0,32.1,0,26.1,0
36.1,0,32,0,26.1,0
36.2,0,32,0,26.1,0
36,0,32.1,0,26.1,0
36.1,0,32,0,26.1,0
36.2,0,32,0,26.1,0
36.1,0,32.1,0,26.1,0
36.2,0,32,0,26.1,0
36.1,0,32,0,26.1,0
36.1,0,32,0,26.1,0
36.1,0,32,0,26.1,0
36,0,32,0,26.1,0
36.1,0,32,0,26.1,0
36.2,0,32.1,0,26.1,0
36.1,0,32.1,0,26.1,0
36,0,32.1,0,26.1,0
36.2,0,32.1,0,26,0
36.1,0,32.1,0,26.1,0
36.1,0,32,0,26.1,0
36.1,0,32.1,0,26.1,0
36.2,0,31.9,0,26.1,0
36.2,0,32,0,26.1,0
36.1,0,32.1,0,26.1,0
36.1,0,32,0,26.1,0
36.1,0,32.1,0,26.1,0
36.1,0,32.1,0,26.1,0
36.2,0,32,0,26.1,0
36.1,0,32,0,26.1,0
36,0,32,0,26.2,0
36.2,0,32.1,0,26.1,0
36.1,0,32.1,0,26.1,0
36.1,0,32,0,26.1,0
36.2,0,32.1,0,26.2,0
36.1,0,32,0,26.1,0
36.2,0,32,0,26.1,0
36.1,0,32.1,0,26.1,0
36.1,0,32,0,26.1,0
36.2,0,32,0,26.1,0
36,0,32,0,26.1,0
36.2,0,32,0,26.1,0
36.1,0,32.1,0,26.1,0
36.1,0,32,0,26.1,0
36,0,32,0,26.1,0
36.2,0,32.1,0,26.1,0
36.1,0,32,0,26,0
36.2,0,32,0,26.1,0
36,0,32,0,26.1,0
36.1,0,32,0,26.1,0
36.1,0,32,0,26.1,0
36,0,32,0,26.1,0
36.1,0,32.1,0,26.1,0
36,0,32.1,0,26.1,0
36.1,0,32.1,0,26.1,0
36,0,32,0,26.1,0
36.1,0,32,0,26.2,0
36.1,0,32,0,26.1,0
36.1,0,32,0,26,0
36.1,0,32,0,26.1,0
36.1,0,32,0,26.1,0
36.2,0,32,0,26.1,0
36.2,0,32,0,26.1,0
36.2,0,32,0,26.1,0
36.1,0,32,0,26.1,0
36.1,0,32.1,0,26.2,0
36.1,0,32,0,26.1,0
36.2,0,32,0,26.1,0
36.2,0,32,0,26.1,0
36.2,0,32.1,0,26.1,0
36.1,0,31.9,0,26.1,0
36,0,32,0,26.1,0
36.1,0,32,0,26.1,0
36.1,0,32,0,26.2,0
36.1,0,32,0,26.1,0
36.1,0,32.1,0,26.2,0
36.1,0,32,0,26.1,0
36.1,0,32,0,26.1,0
36.2,0,32.1,0,26.1,0
36,0,32,0,26.1,0
36.1,0,31.9,0,26.1,0
36.2,0,32,0,26.1,0
36.2,0,32,0,26,0
36.2,0,32,0,26.1,0
36.2,0,32.1,0,26.1,0
36.1,0,32.1,0,26.1,0
36.2,0,32,0,26.1,0
36.2,0,32.1,0,26.1,0
36.1,0,32,0,26.1,0
36.1,0,32,0,26.1,0
36.2,0,32,0,26.1,0
36.1,0,32,0,26.1,0
36.1,0,32,0,26.1,0
36.2,0,32,0,26.1,0
36.2,0,32.1,0,26.1,0
36.1,0,32,0,26.1,0
36,0,32.1,0,26.1,0
36.1,0,32,0,26.1,0
36.2,0,32.1,0,26.1,0
36.1,0,32,0,26.1,0
36.1,0,32,0,26.1,0
36.1,0,32,0,26.1,0
36.1,0,32,0,26.1,0
36.1,0,32,0,26.1,0
36.1,0,32,0,26.1,0
36,0,32,0,26.1,0
36.2,0,32.1,0,26.1,0
36.1,0,31.9,0,26.1,0
36.1,0,32.1,0,26.1,0
36.2,0,32.1,0,26.1,0
36.1,0,32,0,26.1,0
36.1,0,32.1,0,26.1,0
36.3,0,32,0,26.1,0
36.1,0,32.1,0,26.1,0
36.1,0,32,0,26.2,0
36.1,0,32,0,26.1,0
36.2,0,32.1,0,26.1,0
36.1,0,32,0,26.2,0
36.1,0,32.1,0,26.1,0
36.1,0,32.1,0,26.1,0
36,0,32,0,26.1,0
36.1,0,32,0,26.1,0
36.1,0,32.1,0,26.1,0
36.1,0,32.1,0,26.2,0
36.2,0,32.1,0,26.1,0
36.2,0,32,0,26.1,0
36.2,0,32,0,26.1,0
36.2,0,32,0,26.1,0
36.1,0,32,0,26.1,0
36.1,0,32,0,26.1,0
36.1,0,32,0,26.1,0
36.1,0,32,0,26.1,0
36.1,0,32,0,26.1,0
36.1,0,32,0,26.1,0
36.1,0,32,0,26.1,0
36.1,0,32.1,0,26.1,0
36,0,32,0,26.1,0
36.1,0,32,0,26.1,0
36.1,0,32,0,26.1,0
36.2,0,32.1,0,26.1,0
36.2,0,32,0,26.1,0
36.2,0,32,0,26.1,0
36.1,0,32.1,0,26.1,0
36.1,0,32,0,26.1,0
36.1,0,32.1,0,26.1,0
36.1,0,32,0,26.1,0
36.2,0,32,0,26.1,0
36.2,0,32.1,0,26.1,0
36.1,0,32,0,26.1,0
36.1,0,32,0,26.1,0
36.1,0,32.1,0,26.2,0
36.1,0,32.1,0,26.1,0
36.1,0,32,0,26.1,0
36.2,0,32,0,26.1,0
36.1,0,32.1,0,26.2,0
36.2,0,32,0,26.1,0
36.2,0,32.1,0,26.1,0
36.1,0,32,0,26.1,0
36.2,0,32,0,26.1,0
36.1,0,32,0,26.1,0
36.1,0,32,0,26.1,0
36.2,0,32,0,26.1,0
36.2,0,32,0,26.1,0
36.1,0,32,0,26.1,0
36.1,0,32.1,0,26.1,0
36.1,0,32,0,26.1,0
36.1,0,32,0,26.2,0
36.1,0,32.1,0,26.2,0
36.1,0,32.1,0,26.1,0
36.1,0,32,0,26.1,0
36.1,0,32,0,26.2,0
36.1,0,32,0,26.2,0
36,0,32.1,0,26.1,0
36.1,0,32,0,26.1,0
36.1,0,32,0,26.1,0
36.1,0,32,0,26.1,0
36.2,0,32.1,0,26.2,0
36.2,0,32.1,0,26.2,0
36.2,0,32.1,0,26.1,0
36.1,0,32,0,26.1,0
36.2,0,32,0,26.1,0
36.1,0,32.1,0,26.1,0
36.2,0,32.1,0,26.1,0
36.2,0,32.1,0,26.2,0
36.1,0,32.1,0,26.1,0
36.1,0,32,0,26.1,0
36.1,0,32,0,26.1,0
36.1,0,32.1,0,26.1,0
36.2,0,32,0,26.1,0
36.2,0,32.1,0,26.1,0
36.1,0,32.1,0,26.2,0
36.1,0,32.1,0,26.1,0
36.1,0,32,0,26.1,0
36.1,0,32.1,0,26.1,0
36.1,0,32.1,0,26.1,0
36.1,0,32.1,0,26.1,0
36.1,0,32.1,0,26.1,0
36.1,0,32.1,0,26.1,0
36.2,0,32.1,0,26.1,0
36.1,0,32,0,26.1,0
36.2,0,32.1,0,26.1,0
36.1,0,32.1,0,26.2,0
36.1,0,32.1,0,26.1,0
36.1,0,32.1,0,26.1,0
36.2,0,32.1,0,26.1,0
36.1,0,32,0,26.2,0
36,0,32.1,0,26.1,0
36.3,0,32.1,0,26.1,0
36,0,32.1,0,26.1,0
36.1,0,32.1,0,26.1,0
36.1,0,32.1,0,26.1,0
36.1,0,32.1,0,26.1,0
36.1,0,32.1,0,26.2,0
36.2,0,32.1,0,26.1,0
36.2,0,32.1,0,26.1,0
36.2,0,32.1,0,26.1,0
36.2,0,32,0,26.1,0
36.1,0,32,0,26.1,0
36.2,0,32.1,0,26.1,0
36.2,0,32.1,0,26.1,0
36.1,0,32.1,0,26.1,0
36.2,0,32.1,0,26.2,0
36.2,0,32.1,0,26.1,0
36.2,0,32.1,0,26.1,0
36.1,0,32.1,0,26.1,0
36.2,0,32,0,26.1,0
36.2,0,32.1,0,26.1,0
36.2,0,32,0,26.1,0
36.1,0,32.1,0,26.1,0
36.1,0,32,0,26.1,0
36.1,0,32.1,0,26.1,0
36.1,0,32,0,26.1,0
36.2,0,32,0,26.2,0
36.1,0,32,0,26.1,0
36.1,0,32,0,26.1,0
36.1,0,32.1,0,26.1,0
36.2,0,32,0,26.2,0
36.2,0,32,0,26.1,0
36.2,0,32.1,0,26.1,0
36.1,0,32,0,26.2,0
36.2,0,32.1,0,26.1,0
36.1,0,32,0,26.1,0
36.2,0,32,0,26.1,0
36,0,32.1,0,26.1,0
36.3,0,32,0,26.1,0
36.2,0,32,0,26.1,0
36.1,0,32.1,0,26.1,0
36.1,0,32.1,0,26.1,0
36.1,0,32,0,26.1,0
36.1,0,32.1,0,26.1,0
36.1,0,32,0,26.1,0
36.1,0,32,0,26.1,0
36.1,0,32.1,0,26.1,0
36.2,0,32.2,0,26.2,0
36.3,0,32,0,26.1,0
36.2,0,32.1,0,26.1,0
36.2,0,32.1,0,26.1,0
36.2,0,32.1,0,26.1,0
36.1,0,32.1,0,26.1,0
36.1,0,32.1,0,26.2,0
36.2,0,32.2,0,26.2,0
36.2,0,32,0,26.2,0
36.2,0,32.1,0,26.1,0
36.2,0,32,0,26.1,0
36.1,0,32.1,0,26.1,0
36.2,0,32.1,0,26.1,0
36.2,0,32.1,0,26.1,0
36.1,0,32.1,0,26.1,0
36.2,0,32,0,26.1,0
36.1,0,32.1,0,26.1,0
36.1,0,32,0,26.1,0
36.2,0,32,0,26.1,0
36.1,0,32,0,26.1,0
36.1,0,32,0,26.1,0
36.2,0,32.1,0,26.1,0
36.2,0,32.1,0,26.1,0
36.2,0,32.1,0,26.1,0
36.1,0,32,0,26.1,0
36.2,0,32.1,0,26.1,0
36.2,0,32.1,0,26.1,0
36.2,0,32.1,0,26.1,0
36.1,0,32.1,0,26.2,0
36.1,0,32.1,0,26.1,0
36.1,0,32.2,0,26.1,0
36.2,0,32.1,0,26.1,0
36.1,0,32.1,0,26.2,0
36.1,0,32,0,26.1,0
36.1,0,32,0,26.1,0
36.2,0,32.1,0,26,0
36.1,0,32,0,26.1,0
36.1,0,32.1,0,26.2,0
36.2,0,32,0,26.1,0
36.1,0,32.1,0,26.1,0
36.1,0,32,0,26.1,0
36.1,0,32.2,0,26.2,0
36.1,0,32,0,26.2,0
36.2,0,32.1,0,26.1,0
36.2,0,32.1,0,26.1,0
36.2,0,32,0,26.1,0
36.2,0,32.1,0,26.1,0
36.1,0,32,0,26.1,0
36.1,0,32,0,26.1,0
36.1,0,32.1,0,26.2,0
36.1,0,32.1,0,26.1,0
36.1,0,32,0,26.1,0
36,0,32.1,0,26.1,0
36.2,0,32.2,0,26.1,0
36.1,0,32.1,0,26.1,0
36.2,0,32.1,0,26.1,0
36.1,0,32,0,26.1,0
36.2,0,32.1,0,26.1,0
36.2,0,32.1,0,26.1,0
36.1,0,32.1,0,26.1,0
36.1,0,32.1,0,26.1,0
36.1,0,32.1,0,26.1,0
36.2,0,32.1,0,26.1,0
36.1,0,32,0,26.1,0
36.1,0,32,0,26.1,0
36.1,0,32.1,0,26.1,0
36.2,0,32.2,0,26.2,0
36.2,0,32.1,0,26.2,0
36.2,0,32.1,0,26.1,0
36.1,0,32.1,0,26.2,0
36.1,0,32.1,0,26.1,0
36,0,32.1,0,26.1,0
36.2,0,32.2,0,26.1,0
36.2,0,32.1,0,26.2,0
36.1,0,32,0,26.2,0
36.2,0,32.1,0,26.2,0
36,0,32.1,0,26.1,0
36.2,0,32.1,0,26.1,0
36.1,0,32,0,26.2,0
36.1,0,32.2,0,26.1,0
36.1,0,32.2,0,26.1,0
36.1,0,32,0,26.1,0
36.2,0,32.1,0,26.1,0
36,0,32.1,0,26.1,0
36.1,0,32.1,0,26.2,0
36,0,32,0,26.1,0
36.2,0,32.1,0,26.2,0
36.1,0,32,0,26.2,0
36.2,0,32.1,0,26.2,0
36.2,0,32,0,26.2,0
36.1,0,32.1,0,26.1,0
36.1,0,32.1,0,26.1,0
36.1,0,32.1,0,26.1,0
36.1,0,32.1,0,26.1,0
36.1,0,32.1,0,26.1,0
36.2,0,32,0,26.1,0
36.2,0,32.2,0,26.1,0
36.2,0,31.9,0,26.1,0
36.2,0,32.1,0,26.1,0
36.1,0,32.1,0,26.1,0
36.1,0,32.1,0,26.1,0
36.1,0,32,0,26.2,0
36.2,0,32.1,0,26.2,0
36.1,0,32.1,0,26.1,0
36.2,0,32.1,0,26.1,0
36.1,0,32,0,26.1,0
36.2,0,32.1,0,26.1,0
36.2,0,32.1,0,26.1,0
36.1,0,32,0,26.1,0
36.2,0,32.1,0,26.1,0
36.1,0,32,0,26.1,0
36.2,0,32.1,0,26.1,0
36.2,0,32.1,0,26.2,0
36.1,0,32.1,0,26.2,0
36.1,0,32,0,26.2,0
36.1,0,32.1,0,26.1,0
36.2,0,32,0,26.1,0
36.2,0,32,0,26.1,0
36.1,0,32,0,26.1,0
36.2,0,32,0,26.1,0
36.1,0,32.2,0,26.1,0
36.1,0,32.1,0,26.1,0
36.1,0,32.1,0,26.1,0
36.2,0,32.1,0,26.1,0
36.1,0,32.1,0,26.1,0
36.2,0,32,0,26.1,0
36.2,0,32.1,0,26.1,0
36.1,0,32.1,0,26.2,0
36.3,0,32.1,0,26.2,0
36.1,0,32,0,26.1,0
36.1,0,32.1,0,26.1,0
36.2,0,32.1,0,26.2,0
36.2,0,32.1,0,26.1,0
36.2,0,32.1,0,26.1,0
36.1,0,32.2,0,26.1,0
36.1,0,32.1,0,26.1,0
36.2,0,32.1,0,26.1,0
36.1,0,32.1,0,26.1,0
36.1,0,32.1,0,26.1,0
36.1,0,32.1,0,26.1,0
36.1,0,32.1,0,26.1,0
36.1,0,32.1,0,26.1,0
36.2,0,32,0,26.1,0
36.2,0,32.1,0,26.1,0
36.2,0,32,0,26.2,0
36.1,0,32,0,26.1,0
36.2,0,32.1,0,26.1,0
36.2,0,32,0,26.1,0
36.3,0,32.1,0,26.2,0
36.1,0,32.2,0,26.1,0
36.2,0,32.1,0,26.1,0
36.3,0,32.1,0,26.1,0
36.2,0,32,0,26.2,0
36.2,0,32.1,0,26.2,0
36.2,0,32.1,0,26.1,0
36.2,0,32.1,0,26.2,0
36.2,0,32,0,26.1,0
36.2,0,32,0,26.1,0
36.2,0,32.1,0,26.1,0
36.2,0,32.1,0,26.1,0
36.2,0,32.1,0,26.2,0
36.1,0,32.1,0,26.1,1.33348E-4
36.3,0,32.1,0,26.1,1.33348E-4
36.1,0,32.1,0,26.1,1.33348E-4
36.1,0,32.1,0,26.1,4.89347E-4
36.2,0,32.1,0,26.1,4.89347E-4
36.2,2.55325E-6,32.1,0,26.2,4.89347E-4
36.1,2.55325E-6,32.1,0,26.1,4.89347E-4
36,2.55325E-6,32,0,26.1,4.89347E-4
36.2,2.55325E-6,32.1,0,26.1,4.89347E-4
36.2,2.55325E-6,32.1,0,26.1,4.89347E-4
36.2,2.55325E-6,32.1,0,26.1,4.89347E-4
36.2,2.55325E-6,32.1,0,26.2,4.89347E-4
36.1,2.55325E-6,32,0,26.1,4.89347E-4
36.1,2.55325E-6,32.1,0,26.1,4.89347E-4
36.1,2.55325E-6,32.1,0,26.2,6.99897E-4
36.2,3.01497E-5,32.2,0,26.1,6.99897E-4
36.1,4.60862E-5,32.1,0,26.1,6.99897E-4
36.1,5.10438E-5,32.1,0,26.2,6.99897E-4
36.1,7.98105E-5,32.1,0,26.1,6.99897E-4
36.2,1.33088E-4,32.1,0,26.1,6.99897E-4
36.1,2.52666E-4,32.1,0,26.1,6.99897E-4
36.3,3.22902E-4,32.1,0,26.1,6.99897E-4
36.2,5.30141E-4,32.1,0,26.2,9.06575E-4
36.3,6.42973E-4,32.1,0,26.1,9.06575E-4
36.1,9.05873E-4,32.1,0,26.2,9.06575E-4
36.2,0.00109,32.1,0,26.2,9.06575E-4
36.2,0.0014,32.1,0,26.1,9.06575E-4
36.2,0.00167,32.1,0,26.2,9.06575E-4
36.2,0.00176,32.1,0,26.1,9.06575E-4
36.1,0.00191,32.1,0,26.1,9.06575E-4
36.2,0.00209,32.1,0,26.2,9.06575E-4
36.1,0.00226,32,0,26.1,9.06575E-4
36,0.00251,32.1,0,26.1,9.06575E-4
36.1,0.0028,32.2,0,26.1,9.06575E-4
36.2,0.00312,32.1,0,26.1,9.06575E-4
36.2,0.00334,32.1,0,26.2,9.06575E-4
36.2,0.00366,32.1,0,26.1,9.06575E-4
36.2,0.00392,32,0,26.1,9.06575E-4
36.1,0.00442,32.1,0,26.2,9.06575E-4
36.2,0.00488,32.1,5.01024E-6,26.2,9.06575E-4
36.2,0.00534,32.1,5.01024E-6,26.2,9.06575E-4
36.3,0.00582,32.1,2.56118E-5,26.1,0.00208
36.2,0.00623,32.1,4.80002E-5,26.1,0.0026
36.1,0.00698,32.1,4.80002E-5,26.2,0.00262
36.2,0.00733,32.2,4.80002E-5,26.1,0.00262
36.1,0.00778,32,4.80002E-5,26.1,0.00284
36.2,0.00817,32.1,4.80002E-5,26.1,0.00293
36.2,0.00837,32.1,4.80002E-5,26.1,0.00293
36.2,0.00864,32,9.01493E-5,26.1,0.00316
36.2,0.00929,32.2,1.2417E-4,26.2,0.0045
36.1,0.00948,32.1,1.29741E-4,26.1,0.00513
36.2,0.00959,32.1,1.29741E-4,26.1,0.00552
36.1,0.0096,32.1,1.32368E-4,26.2,0.00552
36.1,0.00963,32.1,1.32368E-4,26.1,0.00559
36.1,0.00963,32.1,1.32368E-4,26.2,0.00559
36.1,0.00963,32.2,1.40812E-4,26.1,0.00559
36.2,0.00963,32.1,1.41058E-4,26.1,0.00559
36.2,0.00963,32.1,1.41058E-4,26.1,0.00559
36.2,0.00963,32.1,1.41058E-4,26.1,0.00592
36.1,0.00963,32.1,1.41058E-4,26.1,0.00599
36.1,0.00963,32.1,1.41058E-4,26.2,0.00599
36.2,0.00963,32.1,1.41058E-4,26.2,0.00653
36.3,0.00963,32.1,1.41058E-4,26.2,0.00686
36.1,0.00963,32.2,1.41058E-4,26.2,0.00686
36.2,0.00963,32.2,1.41058E-4,26.1,0.00686
36.1,0.00963,32.1,1.41058E-4,26.2,0.00686
36.1,0.00963,32.1,1.41058E-4,26.1,0.00686
36.2,0.00963,32,1.41058E-4,26.1,0.00686
36.2,0.00963,32,1.41058E-4,26.1,0.00686
36.2,0.00963,32.1,1.41058E-4,26.1,0.00686
36.2,0.00963,32.2,1.41058E-4,26.1,0.00721
36.1,0.00963,32.1,1.41058E-4,26.1,0.00721
36.1,0.00963,32,1.41058E-4,26.1,0.00721
36.2,0.00963,32.1,1.41058E-4,26.2,0.00721
36.1,0.00963,32,1.41058E-4,26.2,0.00721
36.2,0.00963,32.1,1.41058E-4,26.2,0.00819
36.2,0.00968,32.1,1.41058E-4,26.1,0.00837
36.1,0.00968,32.1,1.41058E-4,26.1,0.00875
36.1,0.00979,32,1.41058E-4,26.1,0.00956
36.2,0.00979,32.1,1.41058E-4,26.1,0.01055
36.2,0.00979,32.1,1.41058E-4,26.2,0.0111
36.1,0.00979,32,1.41058E-4,26.2,0.01397
36.2,0.00979,32.1,1.41058E-4,26.1,0.01417
36.2,0.00979,32.1,1.41058E-4,26.1,0.01549
36.2,0.00979,32.1,1.41058E-4,26.2,0.01773
36.1,0.00979,32.1,1.41058E-4,26.1,0.01949
36.2,0.00979,32.1,1.41058E-4,26.1,0.02411
36.1,0.00979,32.1,1.41058E-4,26.1,0.02667
36.2,0.00979,32.1,1.41058E-4,26.2,0.02742
36.1,0.00979,32.1,1.41058E-4,26.1,0.02905
36.2,0.00979,32.1,1.41058E-4,26.1,0.03217
36.2,0.00979,32.1,1.41058E-4,26.1,0.03317
36.2,0.00979,32.1,1.41058E-4,26.2,0.03468
36.2,0.00979,32.1,1.41058E-4,26.1,0.03857
36.2,0.00979,32.1,1.41058E-4,26.1,0.04067
36.1,0.00979,32.2,1.41058E-4,26.1,0.04124
36.2,0.00979,32.1,1.41058E-4,26.1,0.0421
36.2,0.00979,32.1,1.41058E-4,26.1,0.04347
36.2,0.00979,32.1,1.41058E-4,26.2,0.04462
36.2,0.00979,32,1.41058E-4,26.1,0.04499
36.2,0.00979,32,1.41058E-4,26.1,0.04627
36.2,0.00979,32,1.41058E-4,26.1,0.04912
36.2,0.00979,32.2,1.41058E-4,26.1,0.05056
36.2,0.00979,32.1,1.41058E-4,26.2,0.05354
36.2,0.00979,32,1.41058E-4,26.1,0.05439
36.1,0.00979,32,1.41058E-4,26.2,0.05671
36.2,0.00979,32.1,1.41058E-4,26.1,0.05671
36.2,0.00979,32.1,1.41058E-4,26.1,0.05736
36.1,0.00979,32.1,1.41058E-4,26.1,0.05736
36.2,0.00979,32.1,1.41058E-4,26.2,0.05736
36.2,0.00979,32.1,1.41058E-4,26.1,0.05736
36.3,0.00979,32.1,1.41058E-4,26.1,0.05761
36.2,0.00982,32.1,1.41058E-4,26.1,0.05952
36.2,0.00982,32.1,1.41058E-4,26,0.05952
36.1,0.00982,32.1,1.41058E-4,26.1,0.05995
36.2,0.00982,32,1.41058E-4,26.2,0.06076
36.1,0.00982,32,1.41058E-4,26.1,0.06122
36.2,0.00996,32.1,1.41058E-4,26.2,0.06327
36.2,0.00996,32.1,1.41058E-4,26.1,0.06327
36.1,0.01002,32.1,1.41058E-4,26.1,0.06507
36.2,0.01002,32.1,1.41058E-4,26.1,0.06562
36.2,0.01002,32.1,1.41058E-4,26.1,0.06565
36.2,0.01005,32.2,1.41058E-4,26.2,0.06704
36.1,0.01008,32,1.41058E-4,26.2,0.06767
36.1,0.01008,32,1.41058E-4,26.1,0.0688
36.2,0.01012,32.1,1.41058E-4,26.2,0.06903
36.2,0.01013,32.1,1.41058E-4,26.1,0.06984
36.1,0.01014,32,1.41058E-4,26.2,0.07138
36.1,0.01014,32.1,1.41058E-4,26.1,0.07193
36.3,0.01017,32,1.41058E-4,26.1,0.07346
36.1,0.01017,32,1.41058E-4,26.2,0.07401
36.2,0.01018,32.1,1.41058E-4,26.1,0.07409
36.2,0.01018,32,1.41058E-4,26.2,0.07655
36.1,0.01018,32,1.41058E-4,26.1,0.07743
36.2,0.01018,32,1.41058E-4,26.1,0.07868
36.2,0.01019,32,1.5777E-4,26.1,0.07911
36.1,0.01019,32,1.5777E-4,26.1,0.07989
36.2,0.01019,31.9,1.5777E-4,26.2,0.08015
36.2,0.01025,32,1.5777E-4,26.2,0.08084
36.2,0.01031,32,1.5777E-4,26.2,0.08335
36.1,0.01049,32,1.5777E-4,26.1,0.08426
36.1,0.0108,32,1.5777E-4,26.1,0.08448
36.1,0.01086,32,1.5777E-4,26.1,0.08452
36.2,0.01113,32,1.5777E-4,26.2,0.08487
36.1,0.01141,32,1.5777E-4,26.1,0.085
36.1,0.01157,32,1.5777E-4,26.2,0.08508
36.1,0.01175,32,1.5777E-4,26.1,0.08625
36.2,0.01222,32,1.5777E-4,26.1,0.08675
36.2,0.0125,32,1.5777E-4,26.1,0.08833
36.1,0.01276,31.9,1.69122E-4,26.1,0.08985
36.2,0.01297,32,1.69122E-4,26.1,0.09199
36.2,0.01319,31.9,1.69122E-4,26.2,0.09409
36.3,0.01325,32,1.76094E-4,26.1,0.0944
36.2,0.01328,31.9,1.76094E-4,26.1,0.0944
36.1,0.01335,31.9,1.76094E-4,26.2,0.0944
36.2,0.01339,31.8,1.76094E-4,26.2,0.0944
36.1,0.01345,31.8,1.76094E-4,26.1,0.0944
36.1,0.01354,31.9,1.76094E-4,26.1,0.09494
36.2,0.01354,31.7,1.76094E-4,26.2,0.09494
36.2,0.01356,31.8,1.76094E-4,26.1,0.09494
36.2,0.01356,31.7,2.03983E-4,26.2,0.09494
36.2,0.01356,31.7,4.64025E-4,26.2,0.09494
36.2,0.01356,31.6,5.81153E-4,26.1,0.09506
36.2,0.01356,31.6,6.10654E-4,26.2,0.09506
36.1,0.01356,31.7,7.52377E-4,26.1,0.09523
36.2,0.01356,31.6,0.00115,26.2,0.0953
36.2,0.01356,31.7,0.0013,26.1,0.0953
36.2,0.01356,31.7,0.00138,26.2,0.0953
36.1,0.01356,31.7,0.00164,26.1,0.0953
36.1,0.01356,31.6,0.00178,26.1,0.0953
36.2,0.01356,31.6,0.00215,26.1,0.09532
36.2,0.01356,31.6,0.00218,26.1,0.09532
36.2,0.01356,31.5,0.0022,26.1,0.09532
36.1,0.01356,31.6,0.0022,26.1,0.09532
36.2,0.01356,31.5,0.0022,26.1,0.09532
36.1,0.01356,31.5,0.0022,26.2,0.09532
36.2,0.01356,31.4,0.0022,26.1,0.09532
36.1,0.01361,31.3,0.0022,26.1,0.09532
36.2,0.01361,31.2,0.0022,26.1,0.09532
36.2,0.01361,31.3,0.0022,26.2,0.09613
36.2,0.01366,31.2,0.0022,26.2,0.09613
36.1,0.01366,31.3,0.0022,26.1,0.09613
36.1,0.01366,31.3,0.0022,26.2,0.09613
36.1,0.01366,31.3,0.0022,26.1,0.09613
36.2,0.01366,31.3,0.0022,26.1,0.09613
36.1,0.01366,31.2,0.0022,26.2,0.09613
36.3,0.01366,31.2,0.0022,26.2,0.09613
36.1,0.01377,31.1,0.0022,26.1,0.09613
36.2,0.01377,31,0.0022,26.2,0.09613
36.2,0.01377,31,0.0022,26.1,0.09613
36.2,0.01377,31,0.0022,26.1,0.09682
36.2,0.0139,31,0.0022,26.1,0.09682
36.2,0.0139,31,0.0022,26.1,0.09682
36.1,0.014,31,0.0022,26.1,0.09742
36.2,0.014,30.9,0.0022,26.2,0.09742
36.2,0.01408,30.9,0.0022,26.1,0.09742
36.2,0.01408,30.8,0.0022,26.2,0.09742
36.2,0.01408,30.8,0.0022,26.2,0.09744
36.3,0.01408,30.8,0.0022,26.1,0.09744
36.2,0.01415,30.7,0.0022,26.1,0.09744
36.2,0.01415,30.6,0.0022,26.2,0.09744
36.1,0.01425,30.6,0.0022,26.1,0.09744
36.2,0.01425,30.7,0.0022,26.1,0.09744
36.2,0.01425,30.6,0.0022,26.2,0.09744
36.2,0.01425,30.5,0.0022,26.2,0.09744
36.2,0.01425,30.4,0.0022,26.1,0.09744
36.2,0.01435,30.4,0.0022,26.2,0.09744
36.2,0.01435,30.4,0.0022,26.1,0.09744
36.2,0.01435,30.3,0.0022,26.1,0.09744
36.1,0.01435,30.3,0.0022,26.1,0.09744
36.1,0.01436,30.3,0.0022,26.1,0.09744
36.3,0.01451,30.2,0.0022,26.2,0.09744
36.2,0.01451,30.1,0.0022,26.2,0.09744
36.2,0.01461,30.2,0.0022,26.1,0.09744
36.2,0.01475,30.1,0.0022,26.2,0.09744
36.1,0.01485,30.1,0.0022,26.1,0.09744
36.1,0.015,30,0.0022,26.2,0.09744
36.1,0.01501,30,0.0022,26.2,0.09744
36.2,0.01501,29.9,0.0022,26.2,0.09744
36.2,0.01503,29.9,0.0022,26.2,0.09744
36.2,0.01503,29.8,0.0022,26.1,0.09744
36.2,0.01503,29.7,0.0022,26.2,0.09744
36.2,0.01518,29.7,0.0022,26.1,0.09744
36.2,0.01528,29.6,0.0022,26.2,0.09744
36.3,0.01572,29.7,0.0022,26.2,0.09744
36.1,0.01578,29.6,0.0022,26.2,0.09744
36.2,0.01582,29.7,0.0022,26.1,0.09744
36.2,0.0159,29.6,0.0022,26.2,0.09744
36.1,0.01592,29.6,0.0022,26.1,0.09744
36.1,0.01604,29.4,0.0022,26.2,0.09744
36.2,0.01604,29.4,0.0022,26.1,0.09744
36.2,0.01604,29.3,0.0022,26.1,0.09744
36.2,0.01604,29.3,0.0022,26.1,0.09766
36.1,0.01606,29.3,0.0022,26.2,0.09766
36.2,0.0161,29.2,0.0022,26.2,0.09766
36.2,0.01614,29.1,0.0022,26.2,0.09766
36.2,0.01615,29,0.0022,26.1,0.09766
36.1,0.01615,29.1,0.0022,26.1,0.09766
36.1,0.01615,29,0.0022,26.2,0.09766
36.3,0.01626,28.9,0.00226,26.1,0.09766
36.2,0.01626,28.9,0.00226,26.1,0.09766
36.2,0.01634,28.7,0.00226,26.1,0.09766
36.2,0.01634,28.8,0.00226,26.1,0.09766
36.2,0.01634,28.7,0.00226,26.1,0.09766
36.2,0.01634,28.7,0.00226,26.1,0.09766
36.2,0.01634,28.7,0.00226,26.2,0.09766
36.2,0.01634,28.6,0.00226,26.2,0.09766
36.2,0.01634,28.6,0.00226,26.2,0.09766
36.2,0.01645,28.5,0.00226,26.2,0.09766
36.2,0.01651,28.5,0.00226,26.2,0.09766
36.1,0.01659,28.4,0.00226,26.1,0.09766
36.2,0.01665,28.3,0.00226,26.1,0.09766
36.2,0.01673,28.2,0.00226,26.1,0.09766
36.1,0.01679,28.2,0.00226,26.2,0.09766
36.2,0.01682,28.1,0.00226,26.1,0.09766
36.1,0.01683,28.1,0.00226,26.2,0.09766
36.3,0.01686,28.1,0.00226,26.2,0.09766
36.1,0.01689,28,0.00226,26.1,0.09766
36.2,0.01689,27.9,0.00226,26.1,0.09766
36.2,0.01693,27.8,0.00226,26.1,0.09766
36.1,0.01694,27.6,0.00226,26.1,0.09766
36.2,0.01696,27.6,0.00226,26.1,0.09766
36.2,0.01696,27.6,0.00226,26.2,0.09766
36.2,0.01696,27.6,0.00226,26.2,0.09766
36.3,0.01702,27.6,0.00226,26.2,0.09766
36.2,0.01702,27.5,0.00226,26.1,0.09766
36.1,0.01702,27.3,0.00226,26.2,0.09766
36.2,0.01702,27.3,0.00226,26.1,0.09766
36.2,0.01711,27.3,0.00226,26.1,0.09766
36.1,0.01711,27.2,0.00226,26.1,0.09766
36.3,0.01719,27.2,0.00226,26.2,0.0983
36.2,0.01719,27.1,0.00226,26.2,0.0983
36.2,0.01719,27.1,0.00226,26.2,0.0983
36.1,0.01731,27,0.00226,26.2,0.0983
36.3,0.01731,27,0.00226,26.1,0.0983
36.2,0.01732,26.8,0.00226,26.1,0.0983
36.2,0.01732,26.8,0.00226,26.1,0.0983
36,0.01742,26.8,0.00226,26.2,0.0983
36.2,0.01746,26.7,0.00226,26.1,0.0983
36.2,0.01749,26.7,0.00226,26.2,0.0983
36.2,0.01752,26.6,0.00226,26.1,0.0983
36.2,0.01763,26.5,0.00226,26.2,0.0983
36.2,0.01784,26.5,0.00226,26.1,0.0983
36.2,0.01808,26.4,0.00226,26.1,0.0983
36.2,0.01822,26.4,0.00226,26.2,0.0983
36.2,0.01856,26.3,0.00226,26.1,0.0983
36.2,0.0189,26.3,0.00226,26.2,0.0983
36.2,0.01926,26.2,0.00226,26.1,0.09838
36.1,0.01967,26.2,0.00226,26.1,0.09869
36.2,0.01995,26.1,0.00226,26.2,0.09883
36.1,0.02022,26,0.00226,26.1,0.09883
36.2,0.02048,26,0.00226,26.2,0.09883
36.2,0.02105,26,0.00226,26.2,0.09883
36.1,0.02164,25.8,0.00226,26.1,0.09883
36.1,0.02207,25.7,0.00226,26.2,0.09883
36.2,0.02244,25.7,0.00226,26.1,0.09883
36,0.02339,25.7,0.00226,26.1,0.09883
36.2,0.02456,25.6,0.00226,26.2,0.09883
36.2,0.02496,25.6,0.00226,26.2,0.09883
36.1,0.02566,25.5,0.00226,26.2,0.09883
36.2,0.02629,25.4,0.00226,26.1,0.09883
36.1,0.02657,25.4,0.00226,26.1,0.09883
36.1,0.02719,25.3,0.00226,26.2,0.09883
36.2,0.02733,25.2,0.00226,26.2,0.09883
36.1,0.0275,25.2,0.00226,26.2,0.09883
36.2,0.02779,25.2,0.00226,26.1,0.09883
36.2,0.02786,25.1,0.00226,26.1,0.09883
36.1,0.02786,24.9,0.00226,26.2,0.09883
36.1,0.0279,25,0.00226,26.1,0.09883
36.1,0.02792,24.9,0.00226,26.2,0.09883
36.1,0.02799,24.8,0.00226,26.1,0.09883
36,0.02815,24.7,0.00226,26.2,0.09883
36.2,0.02822,24.7,0.00226,26.1,0.09888
36.1,0.02825,24.7,0.00226,26.2,0.09888
36.1,0.02839,24.5,0.00226,26.2,0.09888
36.2,0.02844,24.4,0.00226,26.1,0.09888
36.1,0.02849,24.5,0.00226,26.1,0.09888
36.1,0.02862,24.5,0.00226,26.1,0.09888
36.1,0.02867,24.3,0.00226,26.1,0.09888
36,0.02882,24.3,0.00226,26.1,0.10168
36.1,0.02893,24.2,0.00226,26.2,0.10168
36.1,0.02917,24.2,0.00226,26.2,0.1017
36.1,0.02932,24.1,0.00227,26.2,0.1017
36.2,0.02969,24,0.00227,26.1,0.1017
36.1,0.02999,24,0.00227,26.1,0.1022
36.1,0.03044,23.9,0.00227,26.2,0.10243
36.2,0.03061,23.8,0.00227,26.2,0.10243
36,0.03089,23.8,0.00227,26.1,0.10243
36,0.03099,23.8,0.00227,26.2,0.10243
36,0.0311,23.7,0.00227,26.1,0.10251
36,0.03135,23.6,0.00227,26.1,0.10251
36.1,0.03151,23.5,0.00227,26.2,0.10251
36.1,0.03152,23.5,0.00227,26.2,0.10255
36,0.0317,23.5,0.00227,26.2,0.10255
36.1,0.0317,23.4,0.00227,26.1,0.10255
36.1,0.0317,23.3,0.00227,26.2,0.10255
36.1,0.03171,23.3,0.00227,26.2,0.10255
35.9,0.03176,23.2,0.00227,26.2,0.10255
36.1,0.03176,23.1,0.00227,26.1,0.10255
36,0.03184,23.1,0.00227,26.1,0.10255
36,0.03184,23,0.00227,26.1,0.10256
36,0.03184,23,0.00227,26.1,0.10256
36.1,0.03184,22.9,0.00227,26.1,0.10276
35.9,0.03184,22.8,0.00227,26.2,0.10276
36,0.03184,22.8,0.00227,26.1,0.10276
35.9,0.03184,22.7,0.00227,26.1,0.10276
35.9,0.03184,22.6,0.00227,26.2,0.10276
36,0.03184,22.6,0.00227,26.1,0.10276
35.8,0.03191,22.5,0.00227,26.2,0.10297
35.9,0.03191,22.5,0.00227,26.1,0.10297
35.9,0.03191,22.4,0.00227,26.1,0.10321
35.9,0.03191,22.4,0.00227,26.1,0.10321
35.9,0.03195,22.3,0.00227,26.1,0.10321
35.8,0.03202,22.3,0.00227,26.1,0.10321
35.7,0.0321,22.2,0.00227,26.2,0.10402
35.8,0.0321,22.1,0.00227,26.2,0.10406
35.8,0.03219,22,0.00227,26.1,0.10564
35.8,0.03235,22,0.00227,26.2,0.10564
35.6,0.03239,22,0.00227,26.1,0.10564
35.6,0.03239,21.9,0.00227,26.1,0.10564
35.7,0.03242,21.8,0.00227,26.2,0.10564
35.7,0.03252,21.8,0.00227,26.1,0.10565
35.7,0.03269,21.7,0.00227,26.1,0.10565
35.7,0.03288,21.6,0.00227,26.2,0.10565
35.5,0.03306,21.6,0.00227,26.1,0.1059
35.5,0.03322,21.6,0.00227,26.2,0.1059
35.4,0.03322,21.5,0.00227,26.1,0.1059
35.4,0.03336,21.4,0.00229,26.2,0.1059
35.5,0.03336,21.4,0.00229,26.2,0.10702
35.4,0.03339,21.3,0.00229,26.2,0.10702
35.4,0.03339,21.2,0.00229,26.2,0.10702
35.4,0.03339,21.2,0.00229,26.1,0.10702
35.2,0.03339,21.2,0.00229,26.2,0.10702
35.2,0.03351,21.2,0.00229,26.1,0.10702
35.2,0.03353,21,0.00229,26.2,0.10702
35.2,0.03356,21,0.00229,26.1,0.10702
35,0.03364,21,0.00229,26.2,0.10702
35.1,0.03367,20.8,0.00229,26.2,0.10702
35,0.03369,20.8,0.0023,26.1,0.10702
35,0.03374,20.8,0.0023,26.2,0.10702
35,0.03384,20.8,0.0023,26.2,0.10702
34.9,0.03386,20.7,0.0023,26.2,0.10702
34.8,0.03409,20.6,0.0023,26.1,0.10702
34.8,0.03409,20.6,0.0023,26.2,0.10704
34.6,0.03414,20.5,0.0023,26.2,0.10704
34.7,0.03416,20.5,0.0023,26.1,0.10704
34.6,0.03451,20.5,0.0023,26.2,0.10704
34.6,0.03465,20.4,0.0023,26.2,0.10704
34.5,0.03465,20.3,0.0023,26.2,0.10704
34.5,0.03465,20.3,0.0023,26.1,0.10704
34.4,0.03468,20.2,0.0023,26.2,0.10704
34.3,0.0349,20.2,0.0023,26.1,0.10704
34.4,0.03492,20.1,0.0023,26.2,0.10704
34.2,0.03504,20.1,0.0023,26.1,0.10704
34.1,0.03509,20.1,0.0023,26.1,0.10704
34.1,0.0352,20,0.0023,26.1,0.10707
34,0.03527,19.9,0.0023,26.2,0.10707
33.9,0.03532,19.9,0.0023,26.2,0.10707
33.9,0.03538,19.9,0.0023,26.2,0.10707
33.8,0.03543,19.8,0.0023,26.2,0.10707
33.7,0.03553,19.8,0.0023,26.2,0.10707
33.7,0.03557,19.8,0.0023,26.2,0.10707
33.6,0.03557,19.7,0.0023,26.1,0.10707
33.6,0.03562,19.7,0.0023,26.2,0.10707
33.6,0.03583,19.7,0.0023,26.1,0.10707
33.5,0.03585,19.6,0.0023,26.2,0.10707
33.5,0.03596,19.5,0.0023,26.2,0.10707
33.4,0.03602,19.5,0.0023,26.2,0.10707
33.3,0.03602,19.5,0.0023,26.2,0.10707
33.3,0.03619,19.4,0.0023,26.2,0.10707
33.3,0.03647,19.4,0.0023,26.2,0.10707
33.1,0.03651,19.4,0.0023,26.2,0.10707
33.2,0.03651,19.4,0.00231,26.1,0.10707
33,0.03651,19.3,0.00231,26.2,0.10707
33,0.03652,19.3,0.00231,26.2,0.10707
33,0.03657,19.3,0.00231,26.1,0.10707
32.9,0.03659,19.2,0.00231,26.1,0.10707
32.8,0.03671,19.2,0.00231,26.2,0.10707
32.7,0.03676,19.1,0.00231,26.1,0.10707
32.6,0.03686,19.1,0.00231,26.1,0.10707
32.7,0.03704,19,0.00231,26.1,0.10707
32.5,0.03715,19,0.00231,26.1,0.10707
32.5,0.03724,19,0.00231,26.1,0.10707
32.5,0.03732,19,0.00231,26.1,0.10707
32.4,0.03733,18.9,0.00231,26.2,0.10707
32.3,0.03742,18.9,0.00231,26.2,0.10707
32.3,0.03742,18.8,0.00231,26.2,0.10707
32.3,0.03742,18.8,0.00231,26.1,0.10707
32.2,0.03749,18.7,0.00231,26.2,0.10707
32.1,0.03749,18.8,0.00231,26.2,0.10707
32.1,0.0375,18.7,0.00231,26.2,0.10707
32,0.0375,18.6,0.00231,26.2,0.10707
32,0.0375,18.7,0.00231,26.1,0.10707
32,0.0375,18.6,0.00231,26.2,0.10707
32,0.0375,18.5,0.00231,26.2,0.10707
31.9,0.0375,18.5,0.00231,26.2,0.10707
31.9,0.0375,18.5,0.00231,26.1,0.10707
31.8,0.03757,18.5,0.00231,26.2,0.10707
31.7,0.03757,18.4,0.00231,26.2,0.10707
31.7,0.03757,18.3,0.00231,26.2,0.10707
31.8,0.03757,18.4,0.00231,26.2,0.10707
31.6,0.03757,18.3,0.00231,26.2,0.10707
31.6,0.03762,18.3,0.00231,26.2,0.10707
31.6,0.03762,18.2,0.00231,26.2,0.10707
31.6,0.03762,18.3,0.00231,26.2,0.10707
31.6,0.03762,18.2,0.00231,26.1,0.10707
31.4,0.03762,18.2,0.00231,26.2,0.10707
31.4,0.03762,18.1,0.00231,26.2,0.10707
31.3,0.03762,18.1,0.00231,26.1,0.10707
31.3,0.03768,18,0.00231,26.2,0.10707
31.3,0.03768,18,0.00231,26.2,0.10707
31.2,0.03768,18,0.00231,26.2,0.10707
31.2,0.03768,18,0.00231,26.1,0.10707
31.2,0.03768,17.9,0.00231,26.2,0.10707
31.1,0.03768,17.9,0.00231,26.2,0.10707
31.1,0.03768,17.8,0.00231,26.1,0.10707
31.1,0.03768,17.8,0.00231,26.2,0.10707
31.1,0.03772,17.8,0.00231,26.1,0.10707
31,0.03772,17.8,0.00231,26.1,0.10707
30.9,0.03772,17.7,0.00231,26.2,0.10707
30.9,0.03772,17.7,0.00231,26.2,0.10707
30.9,0.03779,17.7,0.00231,26.2,0.10707
30.8,0.03779,17.6,0.00231,26.2,0.10707
30.8,0.03779,17.6,0.00231,26.2,0.10707
30.8,0.03779,17.6,0.00231,26.2,0.10707
30.7,0.03779,17.6,0.00231,26.2,0.10707
30.7,0.03779,17.5,0.00231,26.2,0.10707
30.6,0.03779,17.5,0.00231,26.2,0.10707
30.5,0.03781,17.4,0.00231,26.2,0.10707
30.5,0.03783,17.4,0.00231,26.1,0.10707
30.5,0.03783,17.3,0.00231,26.2,0.10707
30.5,0.03796,17.4,0.00231,26.2,0.10707
30.5,0.03808,17.3,0.00231,26.1,0.10707
30.6,0.03808,17.3,0.00231,26.2,0.10707
30.4,0.03808,17.2,0.00231,26.1,0.10707
30.4,0.03821,17.2,0.00231,26.1,0.10707
30.4,0.03821,17.2,0.00232,26.1,0.10707
30.3,0.03841,17.1,0.00238,26.2,0.10707
30.4,0.03846,17.1,0.00239,26.2,0.10707
30.3,0.03846,17.1,0.00239,26.1,0.10707
30.3,0.03855,17.1,0.00239,26.2,0.10707
30.2,0.03877,17.1,0.00242,26.1,0.10707
30.2,0.03878,17,0.00242,26.1,0.10707
30.1,0.03892,17,0.00242,26.2,0.10707
30.1,0.03897,16.9,0.00242,26.2,0.10707
30,0.03908,16.9,0.00242,26.2,0.10707
30.1,0.03932,16.9,0.00242,26.1,0.10707
29.9,0.03949,16.9,0.00242,26.2,0.10707
30,0.03982,16.8,0.00242,26.2,0.10707
29.9,0.04052,16.8,0.00242,26.2,0.10707
29.9,0.04109,16.8,0.00242,26.1,0.10707
29.9,0.04174,16.8,0.00242,26.1,0.10707
29.8,0.04246,16.7,0.00242,26.2,0.10707
29.8,0.04342,16.7,0.00242,26.2,0.10707
29.7,0.04421,16.7,0.00242,26.1,0.10707
29.8,0.0447,16.7,0.00242,26.1,0.10707
29.7,0.04548,16.6,0.00242,26.1,0.10707
29.7,0.04607,16.6,0.00242,26.2,0.10707
29.6,0.04641,16.6,0.00242,26.2,0.10707
29.7,0.04647,16.5,0.00242,26.2,0.10707
29.6,0.04672,16.5,0.00242,26.2,0.10707
29.5,0.04678,16.5,0.00242,26.2,0.10707
29.4,0.0468,16.5,0.00242,26.2,0.10707
29.5,0.0468,16.4,0.00242,26.2,0.10707
29.4,0.0468,16.4,0.00242,26.1,0.10707
29.5,0.0468,16.4,0.00242,26.2,0.10707
29.4,0.04682,16.3,0.00242,26.2,0.10707
29.4,0.04682,16.3,0.00242,26.2,0.10707
29.3,0.0469,16.3,0.00242,26.2,0.10707
29.2,0.047,16.3,0.00242,26.2,0.10707
29.2,0.04703,16.2,0.00242,26.2,0.10707
29.3,0.04718,16.2,0.00242,26.2,0.10707
29.2,0.04721,16.2,0.00242,26.2,0.10707
29.2,0.04733,16.1,0.00242,26.2,0.10707
29.1,0.04734,16.1,0.00242,26.1,0.10707
29.1,0.04734,16.1,0.00242,26.2,0.10707
29.2,0.04746,16.1,0.00242,26.2,0.10707
29.1,0.04748,16,0.00242,26.2,0.10707
29,0.04749,16,0.00242,26.1,0.10707
29.1,0.04755,16,0.00242,26.2,0.10707
29.1,0.04756,16,0.00242,26.1,0.10707
29,0.04786,15.9,0.00242,26.1,0.10707
28.9,0.04803,15.9,0.00242,26.2,0.10707
28.9,0.04817,15.9,0.00242,26.1,0.10707
28.9,0.04828,15.9,0.00242,26.2,0.10707
28.9,0.04845,15.8,0.00242,26.2,0.10707
28.9,0.04851,15.8,0.00242,26.1,0.10707
28.9,0.04862,15.8,0.00242,26.2,0.10707
28.8,0.04868,15.7,0.00242,26.2,0.10707
28.8,0.04874,15.7,0.00242,26.1,0.10707
28.8,0.04885,15.7,0.00242,26.2,0.10707
28.6,0.04895,15.7,0.00242,26.2,0.10707
28.7,0.04901,15.7,0.00242,26.1,0.10707
28.5,0.0491,15.6,0.00242,26.2,0.10707
28.6,0.04912,15.6,0.00242,26.2,0.10707
28.5,0.0492,15.6,0.00242,26.1,0.10707
28.6,0.0492,15.5,0.00242,26.2,0.10707
28.5,0.04922,15.5,0.00242,26.2,0.10707
28.6,0.04926,15.5,0.00242,26.1,0.10707
28.6,0.04931,15.5,0.00242,26.2,0.10707
28.5,0.04967,15.5,0.00242,26.2,0.10707
28.4,0.04992,15.4,0.00242,26.2,0.10707
28.4,0.0501,15.4,0.00242,26.1,0.10707
28.3,0.05045,15.4,0.00242,26.1,0.10707
28.4,0.0511,15.3,0.00242,26.2,0.10707
28.3,0.05179,15.3,0.00242,26.2,0.10707
28.3,0.05267,15.3,0.00242,26.2,0.10707
28.3,0.05378,15.3,0.00242,26.1,0.10707
28.3,0.05474,15.2,0.00242,26.2,0.10707
28.1,0.05627,15.3,0.00242,26.2,0.10707
28.2,0.05726,15.2,0.00242,26.1,0.10707
28.1,0.05857,15.2,0.00242,26.2,0.10707
28.1,0.0596,15.2,0.00242,26.1,0.10707
28,0.06095,15.2,0.00242,26.2,0.10707
28.1,0.06177,15.1,0.00242,26.2,0.10707
28,0.06245,15.1,0.00242,26.1,0.10707
28,0.0632,15,0.00242,26.2,0.10707
27.9,0.06357,15.1,0.00242,26.2,0.10707
28,0.06392,15,0.00242,26.1,0.10707
27.9,0.06414,15,0.00242,26.2,0.10707
27.9,0.06425,15,0.00242,26.1,0.10707
27.8,0.06447,15,0.00242,26.2,0.10707
27.9,0.06459,15,0.00242,26.1,0.10707
27.8,0.06462,14.9,0.00242,26.2,0.10707
27.8,0.06462,14.9,0.00243,26.1,0.10707
27.8,0.06465,14.8,0.00243,26.1,0.10707
27.7,0.06465,14.8,0.00245,26.2,0.10707
27.7,0.06475,14.8,0.00245,26.2,0.10707
27.7,0.06475,14.8,0.00245,26.2,0.10707
27.7,0.06476,14.8,0.00245,26.2,0.10707
27.7,0.06483,14.7,0.00245,26.2,0.10707
27.6,0.06483,14.7,0.00245,26.2,0.10707
27.6,0.06493,14.7,0.00245,26.1,0.10707
27.6,0.06493,14.7,0.00245,26.1,0.10707
27.6,0.06499,14.6,0.00245,26.2,0.10707
27.5,0.06501,14.6,0.00245,26.1,0.10707
27.5,0.06501,14.6,0.00245,26.2,0.10707
27.4,0.0651,14.6,0.00245,26.2,0.10707
27.4,0.06512,14.5,0.00245,26.2,0.10707
27.4,0.06527,14.5,0.00245,26.1,0.10707
27.4,0.06527,14.5,0.00252,26.1,0.10707
27.3,0.06535,14.5,0.00266,26.3,0.10707
27.3,0.06539,14.5,0.00299,26.1,0.10707
27.3,0.06539,14.4,0.00305,26.2,0.10707
27.3,0.06539,14.4,0.00328,26.1,0.10707
27.2,0.06539,14.4,0.00332,26.2,0.10707
27.3,0.0654,14.4,0.00356,26.2,0.10707
27.2,0.06542,14.4,0.00397,26.2,0.10707
27.1,0.06542,14.4,0.00427,26.2,0.10707
27.1,0.06548,14.3,0.00443,26.2,0.10707
27.1,0.06549,14.3,0.00443,26.2,0.10707
27,0.06554,14.3,0.00456,26.2,0.10707
27,0.06562,14.3,0.00472,26.2,0.10707
26.9,0.06574,14.2,0.00476,26.1,0.10707
27,0.06578,14.2,0.00482,26.2,0.10707
26.9,0.06581,14.2,0.00485,26.1,0.10707
26.8,0.06588,14.2,0.00485,26.2,0.10707
26.8,0.06588,14.1,0.00494,26.2,0.10707
26.9,0.06605,14.1,0.00496,26.2,0.10707
26.8,0.06616,14.1,0.00505,26.1,0.10707
26.7,0.06624,14.1,0.00508,26.2,0.10707
26.8,0.06624,14.1,0.00517,26.2,0.10707
26.7,0.06624,14,0.00525,26.2,0.10707
26.7,0.06628,14,0.00525,26.1,0.10707
26.8,0.06649,14,0.00535,26.1,0.10707
26.8,0.06649,14,0.00535,26.2,0.10707
26.7,0.06662,14,0.00536,26.2,0.10707
26.7,0.06662,14,0.00553,26.2,0.10707
26.8,0.06668,13.9,0.00555,26.1,0.10707
26.7,0.06681,13.9,0.00569,26.1,0.10707
26.6,0.06684,13.9,0.00574,26.1,0.10707
26.6,0.06689,13.9,0.00574,26.2,0.10707
26.6,0.06703,13.8,0.00574,26.2,0.10707
26.6,0.06703,13.8,0.00575,26.1,0.10707
26.6,0.06724,13.8,0.00576,26.1,0.10707
26.5,0.06726,13.8,0.00576,26.2,0.10707
26.5,0.06726,13.8,0.00576,26.2,0.10707
26.5,0.06726,13.7,0.00576,26.1,0.10707
26.5,0.06726,13.7,0.00576,26.1,0.10707
26.4,0.06726,13.7,0.00577,26.2,0.10707
26.5,0.06726,13.7,0.00577,26.2,0.10707
26.4,0.06739,13.7,0.00577,26.2,0.10707
26.4,0.06741,13.6,0.00577,26.2,0.10707
26.3,0.06741,13.6,0.00577,26.2,0.10707
26.3,0.06742,13.6,0.00579,26.1,0.10707
26.3,0.06745,13.6,0.0058,26.2,0.10707
26.3,0.06745,13.6,0.0058,26.2,0.10707
26.3,0.06748,13.6,0.0058,26.1,0.10707
26.2,0.0676,13.5,0.0058,26.2,0.10707
26.2,0.0676,13.5,0.00594,26.2,0.10707
26.2,0.0676,13.5,0.00594,26.2,0.10707
26.2,0.0676,13.5,0.00594,26.2,0.10707
26.1,0.06766,13.5,0.00596,26.2,0.10707
26.2,0.06766,13.4,0.00609,26.2,0.10707
26.1,0.06766,13.4,0.00613,26.2,0.10707
26.1,0.06766,13.4,0.00613,26.1,0.10707
26.1,0.06782,13.4,0.00613,26.2,0.10707
26.1,0.06792,13.4,0.00613,26.2,0.10707
26,0.06792,13.4,0.00613,26.2,0.10707
25.9,0.06792,13.3,0.00613,26.2,0.10707
26,0.06799,13.3,0.00616,26.2,0.10707
25.9,0.068,13.3,0.00618,26.1,0.10707
26,0.06802,13.3,0.00618,26.1,0.10707
25.9,0.06805,13.3,0.00618,26.2,0.10707
25.9,0.06815,13.2,0.00618,26.2,0.10707
25.9,0.06845,13.2,0.00618,26.2,0.10707
25.8,0.06846,13.2,0.00618,26.1,0.10707
25.8,0.06858,13.2,0.00618,26.1,0.10707
25.7,0.06869,13.2,0.00618,26.2,0.10707
25.7,0.06881,13.1,0.00618,26.2,0.10707
25.7,0.06883,13.1,0.00623,26.2,0.10707
25.7,0.06886,13.1,0.00623,26.2,0.10707
25.6,0.06891,13.1,0.00623,26.2,0.10707
25.7,0.06891,13.1,0.00623,26.2,0.10707
25.6,0.06896,13.1,0.00623,26.2,0.10707
25.6,0.06896,13,0.00623,26.2,0.10707
25.6,0.06909,13.1,0.00623,26.2,0.10707
25.6,0.0691,13,0.00623,26.2,0.10707
25.6,0.06916,13,0.00623,26.2,0.10707
25.6,0.0692,13,0.00623,26.1,0.10707
25.6,0.06936,12.9,0.00634,26.2,0.10707
25.4,0.06945,12.9,0.00634,26.1,0.10707
25.4,0.06948,12.9,0.00634,26.2,0.10707
25.5,0.0695,12.9,0.00634,26.2,0.10707
25.5,0.07,12.9,0.00634,26.2,0.10707
25.4,0.07006,12.9,0.00634,26.2,0.10707
25.4,0.07037,12.9,0.00634,26.2,0.10707
25.4,0.07058,12.8,0.00634,26.2,0.10707
25.4,0.07104,12.8,0.00634,26.2,0.10707
25.3,0.07139,12.8,0.00634,26.1,0.10707
25.3,0.07154,12.8,0.00634,26.2,0.10707
25.3,0.07175,12.8,0.00634,26.2,0.10707
25.2,0.07197,12.8,0.00635,26.2,0.10707
25.2,0.07197,12.8,0.00635,26.2,0.10707
25.2,0.07207,12.7,0.00635,26.2,0.10707
25.2,0.07226,12.7,0.00635,26.1,0.10707
25.2,0.07226,12.7,0.00635,26.2,0.10707
25.1,0.07241,12.7,0.00635,26.2,0.10707
25.1,0.07264,12.6,0.00635,26.2,0.10707
25.1,0.07266,12.7,0.00635,26.1,0.10707
25.2,0.07279,12.6,0.00635,26.1,0.10707
25.1,0.07282,12.6,0.00635,26.2,0.10707
25,0.07285,12.6,0.00635,26.2,0.10707
25,0.07303,12.6,0.00635,26.2,0.10707
25,0.07303,12.6,0.00635,26.2,0.10707
25,0.07338,12.6,0.00635,26.1,0.10707
25,0.0735,12.5,0.00635,26.2,0.10707
25,0.0735,12.5,0.00635,26.1,0.10707
25,0.07364,12.5,0.00635,26.2,0.10707
24.9,0.07374,12.5,0.00635,26.1,0.10707
25,0.07374,12.5,0.00635,26.2,0.10707
24.9,0.07374,12.4,0.00635,26.1,0.10707
24.9,0.07374,12.4,0.00635,26.2,0.10707
24.8,0.07376,12.4,0.00635,26.2,0.10707
24.9,0.07376,12.4,0.00635,26.2,0.10707
24.9,0.07376,12.4,0.00635,26.2,0.10707
24.9,0.07376,12.4,0.00635,26.3,0.10707
24.8,0.07376,12.4,0.00635,26.2,0.10707
24.8,0.07376,12.4,0.00635,26.2,0.10707
24.7,0.07376,12.3,0.00635,26.1,0.10707
24.8,0.07386,12.3,0.00635,26.2,0.10707
24.7,0.07386,12.3,0.00635,26.2,0.10707
24.7,0.07386,12.3,0.00635,26.1,0.10707
24.7,0.07386,12.3,0.00635,26.2,0.10707
24.7,0.0739,12.3,0.00636,26.2,0.10707
24.6,0.0739,12.2,0.00636,26.2,0.10707
24.7,0.0739,12.2,0.00636,26.2,0.10707
24.6,0.0739,12.2,0.00636,26.2,0.10707
24.7,0.0739,12.2,0.00636,26.1,0.10707
24.6,0.0739,12.2,0.00636,26.1,0.10707
24.6,0.0739,12.2,0.00636,26.2,0.10707
24.5,0.07392,12.2,0.00636,26.1,0.10707
24.6,0.07392,12.1,0.00636,26.2,0.10707
24.5,0.07392,12.1,0.00636,26.2,0.10707
24.5,0.07392,12.1,0.00636,26.2,0.10707
24.5,0.07392,12.1,0.00637,26.2,0.10707
24.5,0.07392,12.1,0.0064,26.2,0.10707
24.5,0.07392,12.1,0.0064,26.2,0.10713
24.5,0.07392,12,0.0064,26.2,0.10713
24.5,0.07405,12,0.0064,26.2,0.10736
24.4,0.07405,12,0.0064,26.1,0.10736
24.4,0.07405,12,0.0064,26.2,0.10748
24.5,0.07405,12,0.0064,26.2,0.10748
24.4,0.07405,12,0.0064,26.2,0.10748
24.3,0.07405,12,0.0064,26.2,0.10748
24.4,0.07405,11.9,0.00641,26.2,0.10748
24.4,0.07424,11.9,0.0065,26.2,0.10748
24.4,0.07424,11.9,0.0065,26.2,0.10748
24.3,0.07424,11.9,0.00665,26.2,0.10748
24.3,0.07424,11.9,0.00665,26.2,0.10748
24.2,0.07424,11.9,0.00665,26.2,0.10748
24.3,0.07424,11.9,0.00665,26.2,0.10748
24.2,0.07424,11.9,0.00665,26.2,0.10748
24.2,0.07424,11.9,0.00665,26.2,0.10748
24.2,0.07424,11.9,0.00665,26.2,0.10748
24.2,0.07424,11.8,0.00665,26.1,0.10748
24.2,0.07437,11.8,0.00665,26.2,0.10748
24.2,0.07437,11.8,0.00665,26.1,0.10748
24.1,0.07437,11.8,0.00665,26.2,0.10748
24.1,0.07443,11.8,0.00665,26.2,0.10748
24.1,0.07469,11.7,0.00665,26.1,0.10748
24.1,0.07469,11.7,0.00665,26.1,0.10748
24.1,0.07477,11.7,0.00665,26.2,0.10748
24.1,0.07477,11.7,0.00665,26.1,0.10748
24.1,0.07494,11.7,0.00665,26.2,0.10748
24.1,0.07494,11.7,0.00665,26.1,0.10748
24,0.07514,11.7,0.00665,26.2,0.10748
24.1,0.07516,11.7,0.00665,26.2,0.10748
24,0.07523,11.7,0.00665,26.2,0.10748
24.1,0.07523,11.6,0.00665,26.2,0.10748
24,0.07523,11.6,0.00665,26.2,0.10748
24,0.07528,11.6,0.00665,26.2,0.10748
24,0.07528,11.6,0.00665,26.2,0.10748
24,0.0753,11.6,0.00665,26.2,0.10748
23.9,0.0753,11.6,0.00665,26.2,0.10748
24,0.07531,11.6,0.00665,26.2,0.10748
23.9,0.07531,11.6,0.00665,26.2,0.10748
23.9,0.07536,11.5,0.00665,26.2,0.10748
23.9,0.07536,11.5,0.00665,26.2,0.10748
23.9,0.07563,11.5,0.00665,26.2,0.10748
23.9,0.07571,11.5,0.00665,26.2,0.10748
23.9,0.07594,11.4,0.00665,26.1,0.10748
23.9,0.07609,11.4,0.00675,26.2,0.10748
23.8,0.07625,11.4,0.00675,26.2,0.10748
23.8,0.07641,11.4,0.00675,26.1,0.10748
23.8,0.07642,11.4,0.00676,26.2,0.10748
23.8,0.07645,11.4,0.00683,26.2,0.10748
23.8,0.07647,11.4,0.00686,26.2,0.10748
23.7,0.07647,11.4,0.007,26.2,0.10748
23.7,0.07647,11.4,0.00715,26.1,0.10748
23.8,0.07647,11.4,0.00724,26.2,0.10748
23.8,0.07647,11.3,0.00751,26.2,0.10748
23.7,0.07647,11.3,0.00794,26.2,0.10748
23.7,0.07647,11.3,0.00862,26.1,0.10748
23.7,0.07651,11.3,0.00954,26.2,0.10748
23.6,0.07651,11.3,0.0103,26.2,0.10748
23.7,0.07651,11.3,0.01074,26.2,0.10748
23.7,0.07651,11.3,0.01088,26.2,0.10748
23.7,0.07651,11.3,0.0109,26.2,0.10748
23.6,0.07651,11.3,0.01096,26.2,0.10748
23.7,0.07654,11.2,0.01102,26.1,0.10748
23.7,0.07657,11.2,0.0113,26.1,0.10748
23.6,0.07668,11.2,0.0113,26.2,0.10748
23.6,0.0767,11.2,0.0113,26.1,0.10748
23.6,0.07672,11.2,0.0113,26.2,0.10748
23.6,0.07672,11.2,0.0113,26.2,0.10748
23.6,0.07683,11.2,0.0113,26.2,0.10748
23.6,0.07689,11.2,0.0113,26.2,0.10748
23.5,0.07689,11.2,0.01135,26.2,0.10748
23.6,0.07697,11.1,0.01135,26.1,0.10748
23.5,0.07698,11.1,0.01135,26.1,0.10748
23.5,0.07698,11.1,0.01135,26.1,0.10748
23.6,0.07698,11.1,0.01135,26.1,0.10748
23.5,0.077,11.1,0.01135,26.1,0.10748
23.5,0.077,11.1,0.01135,26.1,0.10748
23.5,0.07713,11.1,0.01142,26.1,0.10748
23.5,0.07714,11.1,0.01142,26.2,0.10748
23.5,0.07722,11,0.01142,26.1,0.10748
23.4,0.07735,11,0.01142,26.1,0.10748
23.4,0.07752,11,0.01142,26.2,0.10748
23.4,0.0777,11,0.01142,26.1,0.10748
23.4,0.07787,11,0.01142,26.1,0.10748
23.4,0.07809,11,0.01142,26.1,0.10748
23.4,0.07862,11,0.01142,26.1,0.10748
23.4,0.07889,10.9,0.01142,26.1,0.10748
23.3,0.07917,10.9,0.01142,26.1,0.10748
23.4,0.07932,10.9,0.01142,26.1,0.10748
23.3,0.07942,10.9,0.01142,26.1,0.10748
23.4,0.07968,10.9,0.01142,26.2,0.10748
23.4,0.08002,10.9,0.01142,26.1,0.10748
23.3,0.08029,10.9,0.01142,26.1,0.10748
23.2,0.08039,10.9,0.01142,26.1,0.10748
23.3,0.08046,10.9,0.01142,26.1,0.10748
23.3,0.08081,10.9,0.01142,26.1,0.10748
23.3,0.08104,10.8,0.01142,26.1,0.10748
23.3,0.08121,10.8,0.01142,26.1,0.10748
23.2,0.08125,10.8,0.01142,26.1,0.10748
23.3,0.08138,10.8,0.01142,26.1,0.10748
23.2,0.08144,10.8,0.01142,26.1,0.10748
23.2,0.08164,10.8,0.01142,26.1,0.10748
23.2,0.08201,10.8,0.01142,26.2,0.10748
23.2,0.08218,10.8,0.01142,26.1,0.10748
23.2,0.08229,10.8,0.01142,26.2,0.10748
23.2,0.08234,10.7,0.01142,26.1,0.10748
23.2,0.0824,10.7,0.01142,26.1,0.10748
23.2,0.08245,10.7,0.01142,26.1,0.10748
23.1,0.08245,10.7,0.01142,26,0.10748
23.1,0.08256,10.7,0.01142,26.1,0.10748
23.1,0.08256,10.7,0.01142,26.1,0.10748
23.1,0.08256,10.7,0.01142,26.1,0.10748
23.1,0.08256,10.7,0.01142,26,0.10748
23.1,0.08256,10.7,0.01142,26.1,0.10748
23.1,0.08256,10.7,0.01142,26,0.10748
23.1,0.08256,10.6,0.01142,26,0.10748
23.1,0.08256,10.6,0.01142,26,0.10748
23.1,0.08256,10.6,0.01142,26,0.10748
23.1,0.08256,10.6,0.01142,26,0.10748
23.1,0.08274,10.6,0.01142,26.1,0.10748
23.1,0.08274,10.6,0.01142,26,0.10748
23,0.08274,10.6,0.01142,26,0.10748
23,0.08302,10.6,0.01142,26,0.10748
23,0.08302,10.6,0.01142,26,0.10748
23,0.08302,10.6,0.01142,26,0.10748
23,0.08302,10.5,0.01142,26,0.10748
23,0.08302,10.5,0.01142,25.9,0.10748
23,0.08302,10.5,0.01142,26,0.10748
23,0.08302,10.5,0.01142,26,0.10748
23,0.08302,10.5,0.01144,26,0.10748
23,0.08302,10.5,0.01148,25.9,0.10748
23,0.08302,10.5,0.0115,26,0.10748
22.9,0.08302,10.5,0.01151,26,0.10748
22.9,0.08306,10.5,0.01151,26,0.10748
22.9,0.08306,10.4,0.01151,25.9,0.10748
22.9,0.08309,10.4,0.01151,26,0.10748
22.9,0.08311,10.4,0.01151,25.9,0.10748
22.9,0.08315,10.4,0.01151,25.9,0.10748
22.8,0.08327,10.4,0.01151,25.9,0.10748
22.8,0.08334,10.4,0.01151,25.9,0.10748
22.8,0.08334,10.4,0.01151,25.9,0.10748
22.8,0.08337,10.4,0.01151,25.8,0.10748
22.8,0.08347,10.4,0.01151,25.9,0.10748
22.8,0.08354,10.4,0.01151,25.8,0.10748
22.8,0.08365,10.4,0.01151,25.9,0.10748
22.8,0.08365,10.3,0.01151,25.8,0.10748
22.8,0.08365,10.3,0.01151,25.8,0.10748
22.8,0.08365,10.3,0.01151,25.8,0.10748
22.8,0.08375,10.3,0.01151,25.8,0.10748
22.8,0.08375,10.3,0.01151,25.7,0.10748
22.8,0.08375,10.3,0.01151,25.8,0.10748
22.8,0.08375,10.3,0.01151,25.7,0.10748
22.8,0.08375,10.3,0.01151,25.8,0.10748
22.7,0.08375,10.3,0.01151,25.7,0.10748
22.7,0.08377,10.2,0.01151,25.7,0.10748
22.7,0.0838,10.2,0.01151,25.6,0.10748
22.7,0.0838,10.2,0.01151,25.7,0.10748
22.7,0.0838,10.2,0.01151,25.7,0.10748
22.7,0.0838,10.2,0.01151,25.6,0.10748
22.7,0.0838,10.2,0.01151,25.7,0.10748
22.7,0.0838,10.2,0.01151,25.6,0.10748
22.7,0.08383,10.2,0.01151,25.6,0.10748
22.7,0.08383,10.2,0.01151,25.6,0.10748
22.7,0.08383,10.2,0.01151,25.5,0.10748
22.7,0.08383,10.1,0.01151,25.6,0.10748
22.6,0.08383,10.1,0.01151,25.6,0.10748
22.7,0.08386,10.1,0.01151,25.5,0.10748
22.6,0.08388,10.1,0.01151,25.5,0.10748
22.6,0.08394,10.1,0.01158,25.4,0.10748
22.6,0.08396,10.1,0.01158,25.5,0.10748
22.6,0.08407,10.1,0.01159,25.4,0.10748
22.6,0.08407,10.1,0.01159,25.3,0.10748
22.6,0.08419,10.1,0.01159,25.3,0.10748
22.6,0.08419,10.1,0.01159,25.3,0.10748
22.6,0.08419,10.1,0.01159,25.3,0.10748
22.6,0.08419,10,0.01159,25.3,0.10748
22.6,0.08419,10,0.01159,25.2,0.10748
22.6,0.0842,10,0.01159,25.3,0.10748
22.6,0.08426,10,0.01159,25.2,0.10748
22.5,0.08426,10,0.01159,25.2,0.10748
22.6,0.08434,10,0.01159,25.2,0.10748
22.5,0.08434,9.9,0.01159,25.1,0.10748
22.5,0.08437,9.9,0.01159,25.1,0.10748
22.5,0.08445,9.9,0.01159,25.1,0.10748
22.5,0.0847,9.9,0.01159,25.1,0.10748
22.5,0.08476,9.9,0.01159,25.1,0.10748
22.5,0.08476,9.7,0.01159,25.1,0.10748
22.5,0.08483,9.7,0.01159,25,0.10748
22.5,0.08483,9.7,0.01159,24.9,0.10748
22.5,0.08483,9.7,0.01159,24.9,0.10748
22.5,0.08483,9.7,0.01159,24.9,0.10748
22.5,0.08484,9.6,0.01159,24.9,0.10748
22.4,0.08509,9.5,0.0117,24.9,0.10748
22.4,0.08519,9.6,0.0119,24.8,0.10748
22.4,0.08524,9.5,0.01202,24.8,0.10748
22.4,0.08545,9.5,0.0123,24.7,0.10748
22.5,0.08545,9.4,0.01238,24.7,0.10748
22.4,0.08545,9.4,0.01249,24.7,0.10748
22.4,0.08547,9.3,0.01253,24.6,0.10748
22.4,0.08547,9.3,0.01259,24.7,0.10748
22.4,0.08547,9.3,0.01259,24.6,0.10748
22.4,0.08547,9.3,0.0126,24.5,0.10748
22.4,0.08547,9.2,0.0126,24.5,0.10748
22.3,0.08549,9.2,0.0126,24.5,0.10748
22.4,0.08549,9.2,0.0126,24.4,0.10748
22.3,0.08553,9.2,0.0126,24.4,0.10748
22.4,0.08553,9.1,0.0126,24.3,0.10748
22.4,0.08556,9.1,0.0126,24.4,0.10748
22.3,0.08557,9,0.0126,24.3,0.10748
22.3,0.08559,9,0.01262,24.3,0.10748
22.3,0.08562,9,0.01262,24.2,0.10748
22.3,0.08579,9,0.01262,24.2,0.10748
22.4,0.0859,8.9,0.01269,24.2,0.10748
22.3,0.08605,8.9,0.01269,24.1,0.10748
22.3,0.08607,8.8,0.01269,24,0.10748
22.3,0.08608,8.8,0.01269,24,0.10748
22.3,0.08612,8.8,0.01269,24,0.10748
22.3,0.08613,8.7,0.01269,24,0.10748
22.3,0.08621,8.7,0.01269,23.9,0.10748
22.2,0.08624,8.7,0.01269,23.9,0.10748
22.3,0.08625,8.6,0.01269,23.8,0.10748
22.3,0.08625,8.6,0.01269,23.7,0.10748
22.3,0.08625,8.6,0.01269,23.8,0.10748
22.2,0.08625,8.5,0.01269,23.7,0.10748
22.2,0.08625,8.5,0.01269,23.7,0.10748
22.2,0.08625,8.5,0.01269,23.6,0.10748
22.3,0.08626,8.5,0.01269,23.6,0.10748
22.2,0.08629,8.5,0.01269,23.5,0.10748
22.2,0.08631,8.4,0.01269,23.5,0.10748
22.2,0.08631,8.4,0.01269,23.5,0.10748
22.2,0.08631,8.3,0.01269,23.4,0.10748
22.1,0.08638,8.4,0.01269,23.3,0.10748
22.2,0.08638,8.3,0.01269,23.3,0.10748
22.2,0.08654,8.3,0.01269,23.3,0.10748
22.2,0.08658,8.2,0.01269,23.3,0.10748
22.1,0.08694,8.2,0.01271,23.2,0.10748
22.2,0.08722,8.2,0.01276,23.2,0.10748
22.2,0.08729,8.2,0.01277,23.1,0.10748
22.1,0.08735,8.1,0.01277,23.1,0.10748
22.1,0.08745,8.1,0.01277,23,0.10748
22.1,0.0876,8,0.01277,23,0.10748
22.1,0.08761,8.1,0.01277,23,0.10748
22.1,0.08764,8.1,0.01277,22.9,0.10748
22.1,0.08769,8,0.01277,22.8,0.10748
22.1,0.08779,8,0.01277,22.8,0.10748
22.1,0.08797,7.9,0.01277,22.7,0.10748
22.1,0.08808,7.9,0.01277,22.7,0.10748
22.1,0.08817,7.9,0.01277,22.6,0.10748
22,0.08852,7.9,0.01289,22.5,0.10748
22.1,0.0886,7.9,0.01289,22.5,0.10748
22,0.0886,7.8,0.01289,22.5,0.10748
22,0.08868,7.8,0.01289,22.4,0.10748
22.1,0.08874,7.8,0.01289,22.4,0.10748
22,0.08882,7.8,0.01289,22.4,0.10748
22,0.08891,7.7,0.01289,22.3,0.10748
22.1,0.08896,7.7,0.01289,22.2,0.10748
22,0.08896,7.6,0.01289,22.2,0.10748
22.1,0.08932,7.6,0.01289,22.2,0.10748
22.1,0.08954,7.6,0.01289,22.1,0.10748
22,0.08954,7.6,0.01289,22.1,0.10748
22,0.08977,7.6,0.0129,22,0.10748
22,0.09004,7.5,0.0129,21.9,0.10748
22,0.09024,7.5,0.0129,21.9,0.10748
22,0.09027,7.5,0.0129,21.8,0.10748
22,0.0904,7.5,0.0129,21.8,0.10748
21.9,0.09056,7.5,0.0129,21.7,0.10748
22,0.09066,7.4,0.0129,21.7,0.10748
22,0.09066,7.4,0.0129,21.6,0.10748
22,0.0908,7.4,0.0129,21.6,0.10748
21.9,0.09086,7.4,0.0129,21.5,0.10748
22,0.09105,7.3,0.01292,21.5,0.10748
22,0.09119,7.3,0.01292,21.4,0.10748
21.9,0.09135,7.3,0.01292,21.4,0.10748
22,0.09141,7.2,0.01292,21.3,0.10748
22,0.09153,7.2,0.01292,21.2,0.10748
21.9,0.0916,7.2,0.01292,21.2,0.10748
21.9,0.09173,7.2,0.01292,21.1,0.10748
22,0.09186,7.2,0.01292,21.1,0.10748
21.9,0.09186,7.1,0.01292,21.1,0.10748
21.9,0.09194,7.1,0.01292,21,0.10748
21.9,0.09194,7.1,0.01292,20.9,0.10748
21.9,0.09194,7.1,0.01292,20.9,0.10752
21.8,0.09194,7,0.01292,20.8,0.10752
21.9,0.09194,7,0.01292,20.8,0.10752
21.9,0.09194,7,0.01292,20.7,0.10752
21.9,0.09194,6.9,0.01292,20.7,0.10752
21.9,0.09194,6.9,0.01292,20.6,0.10752
21.9,0.09199,6.9,0.01292,20.6,0.10752
21.9,0.09202,6.9,0.01292,20.5,0.10752
21.9,0.0921,6.9,0.01292,20.4,0.10752
21.8,0.09217,6.8,0.01292,20.4,0.10752
21.9,0.09221,6.8,0.01292,20.4,0.10756
21.8,0.09229,6.8,0.01292,20.3,0.10756
21.8,0.09239,6.8,0.01292,20.3,0.10756
21.8,0.0924,6.8,0.01292,20.2,0.10756
21.8,0.09252,6.7,0.01292,20.1,0.10756
21.8,0.09257,6.7,0.01292,20.1,0.10756
21.8,0.09258,6.7,0.01292,20,0.10756
21.8,0.0929,6.7,0.01292,20,0.10756
21.8,0.09292,6.7,0.01292,20,0.10756
21.8,0.09297,6.7,0.01292,19.9,0.10756
21.8,0.09304,6.6,0.01292,19.8,0.10756
21.8,0.09317,6.6,0.01292,19.8,0.10756
21.8,0.09329,6.6,0.01292,19.7,0.10756
21.8,0.09359,6.6,0.01292,19.7,0.10756
21.8,0.09362,6.5,0.01292,19.6,0.10756
21.8,0.0937,6.5,0.01292,19.5,0.10756
21.8,0.09386,6.5,0.01292,19.5,0.10756
21.8,0.09395,6.5,0.01292,19.5,0.10756
21.7,0.09398,6.5,0.01292,19.4,0.10756
21.8,0.09405,6.5,0.01292,19.4,0.10756
21.8,0.09415,6.4,0.01292,19.3,0.10756
21.7,0.09421,6.4,0.01292,19.3,0.10756
21.7,0.09421,6.4,0.01292,19.2,0.10756
21.7,0.09421,6.3,0.01292,19.1,0.10756
21.7,0.09421,6.3,0.01292,19.1,0.10756
21.7,0.09421,6.3,0.01292,19,0.10756
21.7,0.09426,6.3,0.01292,19,0.10756
21.7,0.09431,6.3,0.01292,18.9,0.10756
21.7,0.09433,6.2,0.01292,18.9,0.10756
21.7,0.0944,6.2,0.01292,18.9,0.10756
21.6,0.09462,6.2,0.01292,18.8,0.10756
21.7,0.09467,6.2,0.01292,18.7,0.10756
21.7,0.09505,6.2,0.01292,18.7,0.10756
21.7,0.09537,6.2,0.01292,18.7,0.10756
21.7,0.09544,6.1,0.01292,18.6,0.10756
21.7,0.09553,6.1,0.01292,18.6,0.10756
21.6,0.09568,6.1,0.01292,18.5,0.10756
21.7,0.09591,6.1,0.01292,18.5,0.10756
21.6,0.09634,6,0.01292,18.4,0.10756
21.6,0.09659,6.1,0.01292,18.4,0.10756
21.6,0.09686,6,0.01292,18.3,0.10756
21.7,0.0969,6,0.01292,18.3,0.10756
21.7,0.09699,6,0.01292,18.2,0.10756
21.6,0.09755,6,0.01292,18.1,0.10756
21.6,0.0978,6,0.01292,18.1,0.10756
21.6,0.09805,5.9,0.01292,18,0.10756
21.6,0.09811,5.9,0.01292,18,0.10756
21.6,0.09821,5.9,0.01292,18,0.10756
21.6,0.09857,5.9,0.01292,17.9,0.10756
21.6,0.0988,5.9,0.01292,17.9,0.10768
21.6,0.09903,5.9,0.01292,17.8,0.10768
21.6,0.09903,5.8,0.01292,17.8,0.10768
21.5,0.09917,5.8,0.01292,17.7,0.10768
21.5,0.09929,5.8,0.01292,17.7,0.10768
21.6,0.09948,5.8,0.01292,17.7,0.10768
21.6,0.09949,5.8,0.01292,17.6,0.10768
21.5,0.09959,5.8,0.01292,17.5,0.10768
21.6,0.10005,5.7,0.01292,17.5,0.10768
21.6,0.10032,5.7,0.01292,17.5,0.10768
21.5,0.10043,5.7,0.01292,17.4,0.10781
21.5,0.10061,5.7,0.01292,17.3,0.10781
21.6,0.10084,5.7,0.01292,17.3,0.10781
21.5,0.10087,5.6,0.01292,17.3,0.10782
21.6,0.10103,5.6,0.01292,17.2,0.10782
21.5,0.1013,5.6,0.01292,17.2,0.10782
21.6,0.1013,5.6,0.01292,17.1,0.10782
21.5,0.10153,5.6,0.01292,17.1,0.10782
21.5,0.10154,5.6,0.01292,17,0.10898
21.5,0.10159,5.5,0.01292,17,0.10898
21.5,0.10159,5.5,0.01292,16.9,0.10898
21.5,0.10191,5.5,0.01293,16.9,0.10898
21.5,0.10191,5.5,0.01293,16.9,0.10898
21.4,0.1021,5.5,0.01293,16.8,0.10898
21.5,0.1022,5.5,0.01293,16.8,0.10898
21.5,0.1022,5.4,0.01293,16.7,0.10898
21.5,0.10227,5.4,0.01296,16.7,0.10898
21.4,0.10227,5.4,0.01296,16.6,0.10898
21.5,0.1023,5.4,0.01296,16.6,0.10898
21.5,0.10235,5.4,0.01296,16.6,0.10898
21.5,0.10242,5.4,0.01296,16.5,0.10898
21.4,0.10263,5.4,0.01296,16.5,0.10898
21.4,0.10263,5.3,0.01296,16.4,0.10898
21.5,0.10264,5.3,0.01296,16.4,0.10898
21.4,0.10264,5.3,0.01302,16.4,0.10898
21.4,0.10264,5.3,0.01302,16.3,0.10898
21.4,0.10264,5.3,0.01303,16.3,0.10898
21.4,0.10264,5.3,0.01303,16.2,0.10898
21.4,0.10264,5.2,0.01303,16.2,0.10898
21.4,0.10264,5.2,0.01303,16.2,0.10898
21.4,0.10264,5.2,0.01306,16.1,0.10898
21.4,0.10264,5.2,0.01306,16.1,0.10898
21.4,0.10269,5.2,0.01317,16,0.10898
21.4,0.10269,5.2,0.01317,16,0.10898
21.5,0.10269,5.1,0.01317,15.9,0.10898
21.4,0.10269,5.1,0.01334,15.9,0.10898
21.4,0.10269,5.1,0.01334,15.9,0.10898
21.3,0.10269,5.1,0.01347,15.8,0.10898
21.4,0.10269,5.1,0.01359,15.8,0.10898
21.4,0.10269,5.1,0.01365,15.8,0.10898
21.4,0.10269,5,0.01379,15.7,0.10898
21.4,0.10269,5.1,0.01387,15.6,0.10898
21.4,0.10269,5.1,0.01387,15.6,0.10898
21.4,0.10269,5,0.01388,15.6,0.10898
21.3,0.10272,5,0.01392,15.5,0.10898
21.3,0.10272,4.8,0.01406,15.5,0.10898
21.4,0.10272,4.5,0.01406,15.5,0.10898
21.4,0.10279,4,0.01414,15.4,0.10898
21.4,0.10279,4,0.01416,15.4,0.10898
21.3,0.10279,3.9,0.01432,15.3,0.11019
21.3,0.10279,3.3,0.01442,15.3,0.11019
21.3,0.10282,2.8,0.01452,15.3,0.11019
21.3,0.10282,3.1,0.01462,15.3,0.11019
21.3,0.10282,2.8,0.01464,15.2,0.11019
21.3,0.10282,3,0.01484,15.2,0.11158
21.3,0.10282,2.7,0.01494,15.1,0.11158
21.3,0.10288,2.5,0.01507,15.1,0.11158
21.3,0.10288,2.1,0.01524,15,0.11158
21.3,0.10293,2,0.01532,15,0.11158
21.3,0.10293,1.9,0.01533,15,0.11158
21.3,0.10297,1.9,0.01553,15,0.11158
21.3,0.10308,1.9,0.01553,14.9,0.11158
21.2,0.1033,1.7,0.01556,14.9,0.11158
21.3,0.10336,1.4,0.01556,14.9,0.11158
21.2,0.10336,1.3,0.01559,14.8,0.11158
21.3,0.10338,1.4,0.01561,14.8,0.11158
21.3,0.10344,1.3,0.01561,14.7,0.11158
21.3,0.10351,1.3,0.01561,14.7,0.11161
21.3,0.10352,1.2,0.01561,14.7,0.11161
21.3,0.10364,1,0.01562,14.6,0.11161
21.2,0.10369,0.9,0.01562,14.6,0.11161
21.2,0.10379,0.9,0.01562,14.6,0.11205
21.2,0.10379,0.9,0.01562,14.5,0.11205
21.3,0.10391,0.8,0.01567,14.5,0.11205
21.2,0.10391,0.8,0.0159,14.5,0.11205
21.2,0.10391,0.6,0.0159,14.4,0.11205
21.2,0.1042,0.7,0.0159,14.4,0.11205
21.2,0.1042,0.6,0.01596,14.4,0.11205
21.2,0.1042,0.6,0.01598,14.3,0.11205
21.2,0.1042,0.6,0.01598,14.3,0.11205
21.2,0.1042,0.5,0.01598,14.3,0.11205
21.2,0.1042,0.4,0.01598,14.2,0.11205
21.2,0.10423,0.5,0.01598,14.2,0.11205
21.2,0.10427,0.4,0.01598,14.2,0.11205
21.2,0.10428,0.4,0.01598,14.1,0.11205
21.2,0.1043,0.4,0.01598,14.1,0.11205
21.2,0.1043,0.3,0.01598,14.1,0.11205
21.1,0.1043,0.3,0.01598,14,0.11205
21.2,0.1043,0.3,0.01598,14,0.11205
21.2,0.1043,0.3,0.01598,13.9,0.11205
21.1,0.10433,0.3,0.01603,13.9,0.11205
21.2,0.10433,0.3,0.01603,13.9,0.11205
21.2,0.10433,0.2,0.01603,13.9,0.11205
21.1,0.10433,0.2,0.01603,13.9,0.11209
21.2,0.10434,0.2,0.01604,13.8,0.11209
21.1,0.10442,0.2,0.01609,13.8,0.11209
21.1,0.10443,0.2,0.01619,13.8,0.11209
21.1,0.10449,0.2,0.01621,13.7,0.11259
21.1,0.10449,0.2,0.01622,13.7,0.11259
21.2,0.10465,0.1,0.0163,13.6,0.11259
21.1,0.10473,0.1,0.01635,13.6,0.11259
21.1,0.10473,0.1,0.0165,13.6,0.11259
21.1,0.10473,0.1,0.01655,13.6,0.11259
21.1,0.10473,0.1,0.01675,13.5,0.11259
21.1,0.1048,0.1,0.01683,13.5,0.11259
21.1,0.10483,0.1,0.01693,13.5,0.11273
21.1,0.10489,0.1,0.01707,13.4,0.11273
21.1,0.10495,0.1,0.0171,13.4,0.11273
21.1,0.10495,0.1,0.01721,13.4,0.11273
21.1,0.10495,0.1,0.01759,13.3,0.11273
21.1,0.10495,0.1,0.01804,13.3,0.11273
21.1,0.10505,0.1,0.0182,13.3,0.11273
21.1,0.10505,0.1,0.01843,13.3,0.11273
21.1,0.10513,0.1,0.01859,13.2,0.11273
21,0.10513,0.1,0.01883,13.2,0.11273
21,0.10536,0.1,0.01915,13.2,0.11273
21,0.10536,0.1,0.01964,13.1,0.11273
21,0.10539,0.1,0.0201,13.1,0.11273
21,0.1054,0.1,0.02031,13.1,0.11273
21.1,0.10541,0.1,0.02071,13.1,0.11273
21.1,0.10545,0.1,0.02132,13,0.11273
21,0.10545,0.1,0.02202,13,0.11273
21,0.10569,0.1,0.02269,13,0.11273
21,0.10583,0.1,0.02345,12.9,0.11273
21,0.10614,0.1,0.02476,12.9,0.11273
21,0.10627,0.1,0.0259,12.9,0.11273
21,0.10647,0.1,0.02614,12.9,0.11273
21,0.10647,0.1,0.02653,12.8,0.11273
21,0.10661,0.1,0.02694,12.8,0.11273
21,0.10661,0.1,0.02703,12.8,0.11273
21,0.10668,0.1,0.02724,12.8,0.11273
21,0.10668,0.1,0.02753,12.7,0.11273
21,0.10675,0.1,0.0278,12.7,0.11273
21,0.10675,0.1,0.02792,12.7,0.11273
21,0.10675,0.1,0.02811,12.7,0.11273
21,0.10675,0.1,0.02816,12.6,0.11273
20.9,0.1068,0.1,0.02819,12.6,0.11273
21,0.1068,0.1,0.02834,12.6,0.11273
21,0.1068,0.1,0.02844,12.6,0.11273
21,0.1068,0.1,0.02848,12.5,0.11309
20.9,0.1068,0.1,0.02859,12.5,0.11309
21,0.1068,0.1,0.02868,12.5,0.11309
21,0.1068,0.1,0.02869,12.5,0.11322
20.9,0.1068,0.1,0.02869,12.4,0.11322
20.9,0.1068,0.1,0.02869,12.4,0.11322
20.9,0.10689,0.1,0.0287,12.4,0.11322
20.9,0.10689,0.1,0.0287,12.3,0.11322
20.9,0.10689,0.1,0.02871,12.3,0.11322
21,0.10689,0.1,0.02878,12.3,0.11322
21,0.10689,0.1,0.02883,12.3,0.11322
20.9,0.10689,0.1,0.02888,12.3,0.11322
20.9,0.10689,0.1,0.02888,12.3,0.11322
20.9,0.10689,0.1,0.02889,12.2,0.11322
20.9,0.10689,0.1,0.0289,12.2,0.11322
20.9,0.10689,0.1,0.0289,12.2,0.11322
20.9,0.10689,0.1,0.0289,12.1,0.11322
20.9,0.10689,0.1,0.02891,12.1,0.11322
20.9,0.10689,0.1,0.02898,12.1,0.11322
20.9,0.10695,0.1,0.02898,12.1,0.11322
20.9,0.10695,0.1,0.02899,12,0.11386
20.9,0.10695,0.1,0.02899,12,0.11392
20.9,0.107,0.1,0.029,12,0.11392
20.9,0.107,0.1,0.029,12,0.11392
20.9,0.10706,0.1,0.029,12,0.11392
20.9,0.10706,0.1,0.029,11.9,0.11392
20.9,0.10706,0.1,0.029,11.9,0.11392
20.9,0.10706,0.1,0.029,11.9,0.11392
20.9,0.10718,0.1,0.029,11.9,0.11392
20.9,0.10725,0.1,0.029,11.9,0.11392
20.9,0.10745,0.1,0.029,11.8,0.11392
20.9,0.10746,0.1,0.029,11.8,0.11392
20.9,0.10764,0.1,0.029,11.8,0.11392
20.9,0.10764,0.1,0.029,11.8,0.11392
20.9,0.10772,0.1,0.029,11.7,0.11392
20.9,0.10772,0.1,0.029,11.7,0.11392
20.9,0.10793,0.1,0.029,11.7,0.11394
20.9,0.10793,0.1,0.029,11.7,0.11425
20.9,0.10819,0.1,0.029,11.7,0.11425
20.8,0.10819,0.1,0.029,11.6,0.11425
20.9,0.10828,0.1,0.029,11.6,0.11425
20.9,0.10828,0.1,0.029,11.6,0.11425
20.9,0.10833,0.1,0.029,11.6,0.11425
20.8,0.10833,0.1,0.029,11.6,0.11425
20.9,0.10849,0.1,0.029,11.5,0.11425
20.9,0.10849,0.1,0.029,11.5,0.11425
20.9,0.10849,0.1,0.029,11.5,0.11445
20.8,0.10849,0.1,0.029,11.5,0.11445
20.8,0.10856,0.1,0.029,11.4,0.11445
20.8,0.10856,0.1,0.029,11.4,0.11445
20.8,0.10866,0.1,0.029,11.4,0.11445
20.8,0.10869,0.1,0.029,11.4,0.11445
20.9,0.10869,0.1,0.029,11.4,0.11445
20.8,0.10869,0.1,0.029,11.3,0.11445
20.8,0.10877,0.1,0.029,11.3,0.11448
20.8,0.1089,0.1,0.029,11.3,0.11448
20.8,0.10891,0.1,0.029,11.3,0.11448
20.8,0.10897,0.1,0.029,11.3,0.11448
20.8,0.10902,0.1,0.029,11.3,0.11466
20.8,0.10902,0.1,0.029,11.2,0.11466
20.8,0.10902,0.1,0.029,11.2,0.11466
20.8,0.10902,0.1,0.02903,11.2,0.11466
20.8,0.10902,0.1,0.02905,11.2,0.11466
20.8,0.10902,0.1,0.02905,11.2,0.11466
20.8,0.10902,0.1,0.02905,11.2,0.11466
20.8,0.10904,0.1,0.02905,11.1,0.11466
20.7,0.10904,0.1,0.02905,11.1,0.11466
20.8,0.10905,0.1,0.02909,11.1,0.11466
20.8,0.10916,0.1,0.02909,11.1,0.11466
20.8,0.10922,0.1,0.02909,11,0.11466
20.8,0.10922,0.1,0.02916,11,0.11466
20.8,0.10928,0.1,0.02929,11,0.11466
20.7,0.10932,0.1,0.02933,11,0.11466
20.7,0.10935,0.1,0.02956,11,0.11466
20.8,0.10943,0.1,0.02958,11,0.11466
20.8,0.10963,0.1,0.02962,10.9,0.11466
20.7,0.10972,0.1,0.03004,10.9,0.11466
20.7,0.10999,0.1,0.03041,10.9,0.11466
20.7,0.11033,0.1,0.03095,10.9,0.11506
20.8,0.11048,0.1,0.03134,10.9,0.11506
20.7,0.11071,0.1,0.03207,10.8,0.11506
20.8,0.11079,0.1,0.0328,10.8,0.11506
20.7,0.11121,0.1,0.0339,10.8,0.11506
20.7,0.11135,0.1,0.03468,10.8,0.11506
20.7,0.11188,0.1,0.03583,10.8,0.11506
20.7,0.112,0.1,0.03715,10.8,0.11506
20.7,0.11264,0.1,0.03866,10.8,0.11506
20.7,0.11271,0.1,0.03969,10.7,0.11506
20.7,0.11292,0.1,0.04074,10.7,0.11506
20.7,0.11301,0.1,0.04176,10.7,0.11506
20.7,0.11312,0.1,0.04246,10.7,0.11506
20.7,0.11319,0.1,0.04321,10.7,0.11506
20.7,0.11321,0.1,0.04395,10.7,0.11506
20.7,0.11322,0.1,0.0445,10.6,0.11506
20.7,0.11322,0.1,0.0448,10.6,0.11506
20.7,0.11327,0.1,0.04501,10.6,0.11506
20.7,0.11327,0.1,0.04529,10.6,0.11506
20.7,0.11331,0.1,0.04566,10.6,0.11506
20.7,0.11331,0.1,0.04589,10.5,0.11597
20.7,0.11331,0.1,0.0459,10.5,0.11597
20.6,0.11344,0.1,0.04597,10.5,0.11597
20.7,0.11344,0.1,0.04597,10.5,0.11597
20.7,0.11345,0.1,0.04597,10.5,0.11597
20.7,0.11349,0.1,0.04599,10.5,0.11597
20.7,0.11349,0.1,0.04599,10.5,0.11597
20.6,0.1135,0.1,0.04599,10.4,0.11597
20.7,0.1135,0.1,0.04599,10.4,0.11597
20.7,0.11355,0.1,0.04599,10.4,0.11597
20.7,0.11355,0.1,0.04599,10.4,0.11597
20.7,0.11355,0.1,0.04599,10.4,0.11597
20.7,0.11357,0.1,0.04599,10.4,0.11597
20.7,0.11357,0.1,0.04599,10.4,0.11597
20.6,0.11357,0.1,0.04599,10.4,0.11597
20.6,0.11357,0.1,0.04611,10.3,0.11597
20.7,0.11357,0.1,0.04619,10.3,0.11597
20.6,0.11357,0.1,0.04623,10.3,0.11635
20.7,0.11357,0.1,0.04627,10.3,0.11635
20.6,0.11358,0.1,0.04632,10.3,0.11635
20.6,0.11358,0.1,0.04634,10.3,0.11635
20.6,0.11358,0.1,0.04634,10.2,0.11635
20.6,0.11358,0.1,0.04634,10.2,0.11635
20.6,0.11358,0.1,0.04634,10.2,0.11635
20.6,0.11358,0.1,0.04634,10.2,0.11635
20.6,0.11358,0.1,0.04634,10.2,0.11635
20.6,0.11365,0.1,0.04634,10.2,0.11635
20.6,0.11365,0.1,0.04635,10.2,0.11703
20.6,0.11365,0.1,0.04635,10.1,0.11703
20.6,0.11369,0.1,0.04635,10.1,0.11703
20.6,0.11371,0.1,0.04635,10.1,0.11703
20.6,0.11373,0.1,0.04635,10.1,0.11703
20.6,0.11373,0.1,0.04635,10.1,0.11703
20.6,0.11375,0.1,0.04635,10.1,0.11733
20.7,0.11385,0.1,0.04635,10,0.11733
20.6,0.11412,0.1,0.04636,10,0.11733
20.6,0.11412,0.1,0.04638,10,0.11733
20.6,0.11421,0.1,0.04639,10,0.11733
20.6,0.11465,0.1,0.04639,10,0.11733
20.6,0.11483,0.1,0.04646,10,0.11733
20.6,0.11487,0.1,0.04646,9.9,0.11733
20.6,0.11509,0.1,0.04646,9.9,0.11733
20.5,0.11514,0.1,0.04646,9.9,0.11733
20.6,0.11545,0.1,0.04646,9.9,0.11775
20.6,0.11553,0.1,0.04646,9.8,0.11775
20.6,0.11606,0.1,0.04646,9.8,0.11775
20.6,0.1167,0.1,0.04646,9.7,0.11775
20.6,0.11753,0.1,0.04646,9.7,0.11775
20.6,0.11821,0.1,0.04652,9.7,0.11775
20.5,0.11856,0.1,0.04652,9.6,0.11775
20.6,0.11881,0.1,0.04653,9.7,0.11775
20.5,0.11889,0.1,0.04653,9.7,0.11775
20.6,0.11914,0.1,0.04653,9.6,0.11775
20.6,0.11938,0.1,0.04657,9.6,0.11775
20.6,0.11965,0.1,0.04658,9.6,0.11775
20.5,0.11976,0.1,0.04665,9.5,0.11775
20.6,0.11978,0.1,0.04665,9.5,0.11775
20.6,0.12003,0.1,0.04665,9.4,0.11775
20.6,0.12008,0.1,0.04665,9.4,0.11775
20.5,0.12028,0.1,0.04665,9.4,0.11775
20.5,0.12042,0.1,0.04665,9.4,0.11775
20.5,0.12042,0.1,0.04665,9.4,0.11775
20.5,0.12057,0.1,0.04665,9.4,0.1179
20.5,0.12062,0.1,0.04665,9.3,0.1179
20.5,0.12067,0.1,0.04665,9.3,0.1179
20.5,0.12072,0.1,0.04665,9.3,0.1179
20.5,0.12076,0.1,0.04665,9.2,0.1179
20.5,0.12076,0.1,0.04665,9.2,0.1179
20.5,0.12082,0.1,0.04665,9.2,0.1179
20.5,0.12099,0.1,0.04665,9.2,0.1179
20.5,0.12105,0.1,0.04665,9.1,0.1179
20.5,0.12105,0.1,0.04665,9.1,0.11792
20.5,0.12106,0.1,0.04665,9.1,0.11792
20.5,0.12106,0.1,0.04665,9.1,0.11792
20.5,0.12106,0.1,0.04665,9,0.11792
20.5,0.12108,0.1,0.04665,9,0.11792
20.5,0.12108,0.1,0.04665,9,0.11792
20.5,0.12108,0.1,0.04665,9,0.11792
20.5,0.12108,0.1,0.04665,8.9,0.11792
20.5,0.1211,0.1,0.04665,8.9,0.11792
20.5,0.1211,0.1,0.04665,8.9,0.11792
20.5,0.12111,0.1,0.04665,8.9,0.11792
20.5,0.12111,0.1,0.04665,8.8,0.11792
20.4,0.12111,0.1,0.04665,8.8,0.11792
20.5,0.12111,0.1,0.04665,8.8,0.11792
20.5,0.12115,0.1,0.04665,8.8,0.11792
20.5,0.12117,0.1,0.04665,8.7,0.11792
20.5,0.12124,0.1,0.04665,8.7,0.11792
20.5,0.12133,0.1,0.04665,8.7,0.11792
20.4,0.12139,0.1,0.04665,8.7,0.11792
20.5,0.12141,0.1,0.04665,8.7,0.11792
20.4,0.12143,0.1,0.04665,8.6,0.11792
20.4,0.12155,0.1,0.04665,8.6,0.11792
20.4,0.12158,0.1,0.04665,8.6,0.11792
20.4,0.1216,0.1,0.04665,8.6,0.11792
20.4,0.12163,0.1,0.04665,8.6,0.11792
20.5,0.12168,0.1,0.04665,8.5,0.11792
20.4,0.12169,0.1,0.04665,8.5,0.11792
20.4,0.12169,0.1,0.04666,8.5,0.11792
20.4,0.12169,0.1,0.04666,8.5,0.11792
20.4,0.1217,0.1,0.04666,8.5,0.11792
20.5,0.1217,0.1,0.04666,8.4,0.11792
20.5,0.1217,0.1,0.04666,8.4,0.11792
20.4,0.1217,0.1,0.04674,8.4,0.11792
20.4,0.1217,0.1,0.04674,8.4,0.11792
20.4,0.1217,0.1,0.04693,8.3,0.11792
20.4,0.1217,0.1,0.04697,8.3,0.11792
20.4,0.12182,0.1,0.04729,8.3,0.11792
20.5,0.12182,0.1,0.04756,8.3,0.11792
20.5,0.12182,0.1,0.04763,8.3,0.11792
20.4,0.12182,0.1,0.04765,8.3,0.11792
20.4,0.12182,0.1,0.04781,8.2,0.11792
20.4,0.12183,0.1,0.04792,8.2,0.11792
20.4,0.12185,0.1,0.04792,8.2,0.11792
20.4,0.12185,0.1,0.04833,8.2,0.11792
20.4,0.12208,0.1,0.04865,8.2,0.11792
20.4,0.12209,0.1,0.04898,8.1,0.11792
20.4,0.12227,0.1,0.04916,8.1,0.11844
20.4,0.12237,0.1,0.04954,8.1,0.11844
20.4,0.12268,0.1,0.04989,8,0.11844
20.4,0.12277,0.1,0.05031,8.1,0.11844
20.4,0.12312,0.1,0.05082,8,0.11844
20.4,0.12335,0.1,0.05142,8,0.11844
20.4,0.12377,0.1,0.0518,8,0.11844
20.4,0.12377,0.1,0.05196,8,0.11846
20.3,0.12394,0.1,0.05223,8,0.11846
20.4,0.12405,0.1,0.05226,8,0.11846
20.4,0.12415,0.1,0.05229,7.9,0.11846
20.3,0.12421,0.1,0.05229,7.9,0.11846
20.3,0.12423,0.1,0.05229,7.9,0.11846
20.4,0.12457,0.1,0.05229,7.9,0.11846
20.3,0.12457,0.1,0.05231,7.9,0.11846
20.4,0.12481,0.1,0.05231,7.9,0.11846
20.3,0.12481,0.1,0.05231,7.8,0.11846
20.4,0.1249,0.1,0.05231,7.8,0.11846
20.4,0.12502,0.1,0.05231,7.8,0.11846
20.4,0.12514,0.1,0.05231,7.8,0.11846
20.4,0.12534,0.1,0.05231,7.8,0.11846
20.4,0.12551,0.1,0.05231,7.7,0.11846
20.4,0.12551,0.1,0.05231,7.7,0.11846
20.4,0.12558,0.1,0.05231,7.7,0.11846
20.3,0.12574,0.1,0.05231,7.7,0.11895
20.4,0.12591,0.1,0.05231,7.7,0.11895
20.3,0.12592,0.1,0.05231,7.7,0.11895
20.3,0.12603,0.1,0.0524,7.6,0.11895
20.3,0.12617,0.1,0.0524,7.6,0.11895
20.3,0.12628,0.1,0.0524,7.6,0.11895
20.3,0.12637,0.1,0.0524,7.6,0.11895
20.3,0.12647,0.1,0.0524,7.6,0.11895
20.3,0.12656,0.1,0.05248,7.6,0.11895
20.4,0.12666,0.1,0.05248,7.6,0.11895
20.3,0.12666,0.1,0.05248,7.5,0.11895
20.3,0.1268,0.1,0.05248,7.5,0.12082
20.3,0.12686,0.1,0.05248,7.5,0.12082
20.3,0.12716,0.1,0.05248,7.5,0.12177
20.3,0.12731,0.1,0.05248,7.5,0.12367
20.3,0.1274,0.1,0.05251,7.5,0.12694
20.3,0.12752,0.1,0.05292,7.5,0.13053
20.3,0.12754,0.1,0.05303,7.4,0.13497
20.3,0.12756,0.1,0.05303,7.4,0.13546
20.3,0.12765,0.1,0.0531,7.4,0.1355
20.3,0.12779,0.1,0.0531,7.4,0.13695
20.3,0.12792,0.1,0.05311,7.4,0.13717
20.3,0.12792,0.1,0.05311,7.4,0.13891
20.3,0.12794,0.1,0.05311,7.3,0.14472
20.3,0.12794,0.1,0.05312,7.3,0.14472
20.3,0.12799,0.1,0.05314,7.3,0.14886
20.3,0.12799,0.1,0.05314,7.3,0.14937
20.3,0.1281,0.1,0.05314,7.3,0.14937
20.3,0.1281,0.1,0.05324,7.3,0.15158
20.3,0.1282,0.1,0.05384,7.3,0.15869
20.3,0.1282,0.1,0.05398,7.3,0.15981
20.2,0.12824,0.1,0.05399,7.2,0.15981
20.3,0.12824,0.1,0.05401,7.2,0.15981
20.2,0.12826,0.1,0.05413,7.2,0.15994
20.3,0.12832,0.1,0.05417,7.2,0.15994
20.3,0.12832,0.1,0.0542,7.2,0.15994
20.3,0.12833,0.1,0.05424,7.2,0.15994
20.2,0.12833,0.1,0.05424,7.2,0.15994
20.2,0.12859,0.1,0.05436,7.2,0.16085
20.2,0.1287,0.1,0.05476,7.2,0.16085
20.2,0.12925,0.1,0.05493,7.1,0.16388
20.3,0.1297,0.1,0.05522,7.1,0.16463
20.2,0.12985,0.1,0.05528,7.1,0.16557
20.2,0.12988,0.1,0.0554,7.1,0.16557
20.2,0.13007,0.1,0.05562,7.1,0.16652
20.2,0.13036,0.1,0.05611,7.1,0.1675
20.2,0.13054,0.1,0.05638,7,0.1681
20.2,0.13055,0.1,0.05653,7,0.1681
20.2,0.13062,0.1,0.05665,7,0.1681
20.2,0.13064,0.1,0.05689,7,0.1681
20.2,0.13079,0.1,0.05736,7,0.16848
20.2,0.13083,0.1,0.05774,7,0.16895
20.2,0.13093,0.1,0.0582,7,0.17189
20.2,0.13096,0.1,0.05856,7,0.17189
20.2,0.13124,0.1,0.05917,6.9,0.17733
20.2,0.13127,0.1,0.05954,6.9,0.17831
20.2,0.13142,0.1,0.05988,6.9,0.18094
20.2,0.13153,0.1,0.05998,6.9,0.18094
20.2,0.13197,0.1,0.06066,6.9,0.18357
20.3,0.13236,0.1,0.06073,6.9,0.18497
20.2,0.1325,0.1,0.06079,6.9,0.18497
20.2,0.13312,0.1,0.06082,6.9,0.18497
20.2,0.13342,0.1,0.06091,6.8,0.18497
20.2,0.13369,0.1,0.06091,6.8,0.18497
20.2,0.1339,0.1,0.06091,6.8,0.18497
20.2,0.13392,0.1,0.06091,6.8,0.18497
20.2,0.13392,0.1,0.06091,6.8,0.18497
20.2,0.13401,0.1,0.06092,6.8,0.18497
20.2,0.13404,0.1,0.06092,6.8,0.18497
20.2,0.13404,0.1,0.06092,6.8,0.18497
20.2,0.1342,0.1,0.06092,6.8,0.18497
20.1,0.1342,0.1,0.06092,6.7,0.18497
20.1,0.13441,0.1,0.06092,6.7,0.18497
20.2,0.13449,0.1,0.06092,6.7,0.18497
20.2,0.13452,0.1,0.06096,6.7,0.18497
20.2,0.13453,0.1,0.06097,6.7,0.18497
20.2,0.13482,0.1,0.06097,6.7,0.18497
20.2,0.13482,0.1,0.06097,6.7,0.18497
20.2,0.13484,0.1,0.06104,6.7,0.18497
20.2,0.13484,0.1,0.06104,6.7,0.18497
20.1,0.13484,0.1,0.06112,6.6,0.18513
20.1,0.13484,0.1,0.06113,6.6,0.18515
20.2,0.13484,0.1,0.0612,6.6,0.18515
20.2,0.13484,0.1,0.06122,6.6,0.18515
20.2,0.13484,0.1,0.06122,6.6,0.18515
20.1,0.13484,0.1,0.06133,6.6,0.18515
20.2,0.13484,0.1,0.06145,6.6,0.18515
20.2,0.13497,0.1,0.06147,6.6,0.18515
20.2,0.13497,0.1,0.06148,6.5,0.18515
20.2,0.13497,0.1,0.06148,6.5,0.18519
20.2,0.13503,0.1,0.06148,6.5,0.18519
20.1,0.13505,0.1,0.06173,6.5,0.18519
20.1,0.13505,0.1,0.06176,6.5,0.18519
20.1,0.13505,0.1,0.0621,6.5,0.18519
20.1,0.13505,0.1,0.0621,6.5,0.18519
20.1,0.13505,0.1,0.0621,6.4,0.18519
20.1,0.13505,0.1,0.0621,6.4,0.18519
20.2,0.13506,0.1,0.06213,6.5,0.18519
20.1,0.13506,0.1,0.06233,6.4,0.18519
20.1,0.13506,0.1,0.0624,6.4,0.18519
20.2,0.13507,0.1,0.06247,6.4,0.18519
20.2,0.1351,0.1,0.06247,6.4,0.18519
20.2,0.13512,0.1,0.06256,6.4,0.18519
20.1,0.13512,0.1,0.06262,6.4,0.18519
20.1,0.13521,0.1,0.06263,6.4,0.18519
20.1,0.13521,0.1,0.06263,6.4,0.18548
20.1,0.13528,0.1,0.06263,6.4,0.18548
20.1,0.13541,0.1,0.06263,6.4,0.18548
20.1,0.13546,0.1,0.06263,6.3,0.18548
20.1,0.13564,0.1,0.06265,6.3,0.18548
20.1,0.13571,0.1,0.06278,6.3,0.18548
20.1,0.13585,0.1,0.06278,6.3,0.18548
20.1,0.13625,0.1,0.063,6.3,0.18548
20.1,0.13651,0.1,0.06308,6.3,0.18548
20.1,0.13684,0.1,0.06313,6.3,0.18548
20.1,0.1372,0.1,0.06315,6.3,0.18683
20.1,0.1375,0.1,0.06315,6.3,0.18683
20.1,0.13765,0.1,0.0632,6.3,0.18683
20.1,0.13804,0.1,0.06341,6.2,0.18683
20.1,0.1383,0.1,0.06358,6.2,0.18683
20.1,0.13865,0.1,0.06409,6.2,0.18683
20.1,0.1391,0.1,0.06435,6.2,0.18683
20.1,0.13942,0.1,0.06464,6.2,0.18683
20.1,0.13982,0.1,0.06498,6.2,0.18683
20.1,0.14024,0.1,0.06538,6.2,0.18683
20.1,0.1408,0.1,0.06573,6.2,0.18683
20.1,0.14141,0.1,0.066,6.2,0.18683
20.1,0.14175,0.1,0.06615,6.1,0.18683
20.1,0.14227,0.1,0.06651,6.1,0.18683
20.1,0.1424,0.1,0.06683,6.1,0.18757
20,0.14262,0.1,0.06716,6.1,0.18776
20,0.14272,0.1,0.06724,6.1,0.18776
20,0.14289,0.1,0.06735,6.1,0.18776
20.1,0.14307,0.1,0.06745,6.1,0.18776
20.1,0.14307,0.1,0.06745,6.1,0.18776
20.1,0.14318,0.1,0.06748,6.1,0.18776
20.1,0.1433,0.1,0.06755,6.1,0.18776
20.1,0.1433,0.1,0.06767,6.1,0.18776
20,0.14334,0.1,0.06775,6.1,0.18776
20,0.14334,0.1,0.06788,6,0.18776
20.1,0.14341,0.1,0.06798,6,0.18776
20,0.14349,0.1,0.06809,6,0.18776
20.1,0.14355,0.1,0.06819,6,0.18786
20,0.14358,0.1,0.06832,6,0.18786
20.1,0.14373,0.1,0.06838,6,0.18786
20,0.1438,0.1,0.06838,6,0.18823
20.1,0.1438,0.1,0.06838,6,0.18823
20,0.14385,0.1,0.06838,6,0.18823
20.1,0.14385,0.1,0.06838,5.9,0.18823
20.1,0.1439,0.1,0.06843,6,0.18823
20,0.14407,0.1,0.06845,5.9,0.18823
20,0.14407,0.1,0.06855,5.9,0.18823
20,0.14407,0.1,0.06861,5.9,0.18823
20,0.14409,0.1,0.06883,5.9,0.18823
20,0.14414,0.1,0.06901,5.9,0.18823
20.1,0.14414,0.1,0.06903,5.9,0.18823
20,0.14414,0.1,0.06912,5.9,0.18823
20,0.14433,0.1,0.0693,5.9,0.18864
20,0.14433,0.1,0.06959,5.9,0.18864
20,0.14433,0.1,0.07005,5.9,0.18864
20,0.14433,0.1,0.07022,5.9,0.18864
20.1,0.14433,0.1,0.07027,5.9,0.18864
20,0.14437,0.1,0.0705,5.8,0.18864
20,0.14441,0.1,0.07084,5.8,0.18864
20,0.14441,0.1,0.07108,5.8,0.18864
20,0.14444,0.1,0.07137,5.8,0.18864
20,0.14444,0.1,0.07157,5.8,0.18864
20,0.14444,0.1,0.07174,5.8,0.18864
20,0.14463,0.1,0.0718,5.8,0.18864
20,0.1449,0.1,0.0718,5.8,0.18864
20,0.14503,0.1,0.0718,5.8,0.18864
20,0.14535,0.1,0.0718,5.8,0.18864
20,0.14556,0.1,0.0718,5.8,0.18864
20,0.14584,0.1,0.0718,5.7,0.18864
20,0.14618,0.1,0.0718,5.7,0.18864
20,0.14635,0.1,0.0718,5.7,0.18864
20.1,0.14654,0.1,0.0718,5.7,0.18924
20,0.14671,0.1,0.0718,5.7,0.18924
20,0.14704,0.1,0.0718,5.7,0.18924
20,0.14738,0.1,0.0718,5.7,0.18924
20,0.14738,0.1,0.0718,5.7,0.18941
20,0.14745,0.1,0.0718,5.7,0.18941
20,0.14768,0.1,0.0718,5.7,0.18941
20,0.14781,0.1,0.0718,5.7,0.18941
20,0.14781,0.1,0.0718,5.7,0.18992
20,0.14785,0.1,0.0718,5.7,0.18992
20,0.14801,0.1,0.0718,5.7,0.18992
20,0.14806,0.1,0.0718,5.6,0.18992
19.9,0.14806,0.1,0.0718,5.6,0.18992
19.9,0.14836,0.1,0.0718,5.6,0.18992
20,0.14842,0.1,0.0718,5.6,0.18992
20,0.14842,0.1,0.0718,5.6,0.18992
19.9,0.14842,0.1,0.0718,5.6,0.19024
19.9,0.14842,0.1,0.0718,5.6,0.19024
19.9,0.14842,0.1,0.0718,5.6,0.19024
20,0.14842,0.1,0.0718,5.6,0.19024
19.9,0.14842,0.1,0.0718,5.6,0.19024
20,0.14842,0.1,0.0718,5.6,0.19024
19.9,0.14849,0.1,0.0718,5.6,0.19024
19.9,0.14854,0.1,0.0718,5.5,0.19024
19.9,0.14854,0.1,0.0718,5.6,0.19024
19.9,0.14854,0.1,0.0718,5.5,0.19024
19.9,0.14857,0.1,0.0718,5.5,0.19024
19.9,0.14857,0.1,0.0718,5.5,0.19024
19.9,0.14861,0.1,0.0718,5.5,0.19024
19.9,0.14869,0.1,0.0718,5.5,0.19024
19.9,0.14879,0.1,0.0718,5.5,0.19024
19.9,0.14895,0.1,0.0718,5.5,0.19024
19.9,0.14908,0.1,0.0718,5.5,0.19024
19.9,0.14916,0.1,0.0718,5.5,0.19024
19.9,0.14916,0.1,0.0718,5.5,0.19024
19.9,0.1494,0.1,0.0718,5.5,0.19041
19.9,0.14952,0.1,0.0718,5.5,0.19041
19.9,0.14985,0.1,0.0718,5.5,0.19041
19.9,0.15007,0.1,0.0718,5.5,0.19041
19.9,0.15012,0.1,0.0718,5.5,0.19041
19.9,0.15036,0.1,0.0718,5.4,0.19041
19.9,0.15076,0.1,0.0718,5.4,0.19041
19.9,0.15125,0.1,0.0718,5.4,0.19041
19.9,0.15172,0.1,0.0718,5.4,0.19041
19.9,0.1522,0.1,0.0718,5.4,0.19041
19.8,0.15247,0.1,0.0718,5.4,0.19041
19.9,0.1529,0.1,0.0718,5.4,0.19041
19.9,0.15341,0.1,0.0718,5.4,0.19041
19.9,0.15374,0.1,0.0718,5.4,0.19128
19.9,0.15402,0.1,0.0718,5.4,0.19128
19.9,0.15473,0.1,0.0718,5.4,0.19128
19.9,0.15551,0.1,0.0718,5.4,0.19128
19.9,0.15589,0.1,0.0718,5.4,0.19128
19.9,0.15638,0.1,0.0718,5.3,0.19128
19.9,0.15693,0.1,0.0718,5.4,0.19128
19.9,0.15729,0.1,0.0718,5.3,0.19128
19.8,0.15748,0.1,0.0718,5.3,0.19128
19.9,0.15766,0.1,0.0718,5.3,0.19128
19.9,0.15809,0.1,0.0718,5.3,0.19128
19.9,0.15814,0.1,0.0718,5.3,0.19128
19.8,0.15834,0.1,0.0718,5.3,0.19128
19.8,0.15844,0.1,0.07188,5.3,0.19128
19.8,0.15866,0.1,0.07188,5.3,0.19128
19.9,0.15879,0.1,0.07188,5.3,0.19128
19.9,0.15895,0.1,0.07188,5.3,0.19128
19.8,0.15905,0.1,0.07188,5.3,0.19128
19.9,0.15905,0.1,0.07189,5.3,0.19128
19.9,0.1591,0.1,0.07189,5.3,0.19128
19.8,0.15917,0.1,0.07193,5.3,0.19128
19.8,0.15934,0.1,0.07193,5.2,0.19128
19.8,0.15944,0.1,0.07215,5.2,0.19128
19.8,0.15958,0.1,0.07215,5.2,0.19128
19.8,0.15966,0.1,0.07215,5.2,0.19128
19.8,0.15971,0.1,0.07222,5.2,0.19128
19.9,0.15979,0.1,0.07236,5.2,0.19128
19.8,0.15991,0.1,0.07239,5.2,0.19128
19.8,0.16011,0.1,0.0724,5.2,0.19128
19.8,0.1603,0.1,0.07249,5.2,0.19128
19.8,0.16062,0.1,0.07275,5.2,0.19128
19.8,0.16069,0.1,0.07298,5.2,0.19128
19.8,0.16086,0.1,0.07313,5.2,0.19128
19.8,0.16087,0.1,0.07313,5.2,0.19128
19.8,0.16092,0.1,0.07321,5.2,0.19128
19.8,0.16092,0.1,0.07331,5.2,0.19128
19.8,0.16092,0.1,0.07331,5.1,0.19128
19.8,0.16092,0.1,0.07339,5.1,0.19128
19.8,0.161,0.1,0.0737,5.1,0.19128
19.8,0.16125,0.1,0.07381,5.1,0.19128
19.9,0.16136,0.1,0.07385,5.1,0.19128
19.8,0.16136,0.1,0.07428,5.1,0.19128
19.8,0.16142,0.1,0.07459,5.1,0.19128
19.8,0.16146,0.1,0.07469,5.1,0.19128
19.8,0.16147,0.1,0.07477,5.1,0.19128
19.8,0.16159,0.1,0.07492,5.1,0.19128
19.8,0.16162,0.1,0.07508,5.1,0.19128
19.8,0.16188,0.1,0.0752,5.1,0.19128
19.8,0.16207,0.1,0.07535,5.1,0.19128
19.8,0.16207,0.1,0.0754,5.1,0.19128
19.8,0.16216,0.1,0.07541,5.1,0.19128
19.7,0.1624,0.1,0.07553,5.1,0.19128
19.8,0.16251,0.1,0.07586,5.1,0.19128
19.8,0.16261,0.1,0.07625,5.1,0.19128
19.8,0.16271,0.1,0.0766,5,0.19128
19.7,0.16273,0.1,0.0768,5.1,0.19157
19.8,0.16273,0.1,0.07701,5,0.19157
19.8,0.1628,0.1,0.07708,5,0.19157
19.8,0.1628,0.1,0.07723,5,0.19157
19.8,0.1628,0.1,0.07728,5,0.19157
19.7,0.16282,0.1,0.07746,5,0.19157
19.8,0.16282,0.1,0.07752,5,0.19157
19.8,0.16283,0.1,0.07755,5,0.19157
19.7,0.16283,0.1,0.07756,5,0.19157
19.8,0.16296,0.1,0.0777,5,0.19157
19.7,0.16296,0.1,0.0777,5,0.19157
19.7,0.16296,0.1,0.07781,4.8,0.19157
19.7,0.16296,0.1,0.07781,4.9,0.19157
19.7,0.16296,0.1,0.07782,4.8,0.19157
19.7,0.16296,0.1,0.07785,4.8,0.19157
19.8,0.16296,0.1,0.07785,4.8,0.19157
19.7,0.16296,0.1,0.07785,4.8,0.19157
19.7,0.16304,0.1,0.07787,4.7,0.19157
19.7,0.16304,0.1,0.07791,4.6,0.19157
19.7,0.16304,0.1,0.07805,4.6,0.19183
19.7,0.16304,0.1,0.07805,4.5,0.19183
19.8,0.16318,0.1,0.07805,4.5,0.19183
19.7,0.16321,0.1,0.07805,4.4,0.19183
19.7,0.16321,0.1,0.07805,4.5,0.19183
19.7,0.16321,0.1,0.07805,4.4,0.19183
19.7,0.16321,0.1,0.07805,4.4,0.19183
19.7,0.16322,0.1,0.07805,4.3,0.19183
19.7,0.16322,0.1,0.07805,4.3,0.19183
19.7,0.16322,0.1,0.07805,4.2,0.19197
19.7,0.16322,0.1,0.07805,4.2,0.19197
19.7,0.16322,0.1,0.07805,4.2,0.19295
19.7,0.16324,0.1,0.07805,4.2,0.19295
19.7,0.16324,0.1,0.07805,4.1,0.19295
19.7,0.16324,0.1,0.07805,4.1,0.19295
19.7,0.16324,0.1,0.07805,4.1,0.19295
19.7,0.16324,0.1,0.07805,4,0.19295
19.7,0.16324,0.1,0.07805,4.1,0.19295
19.7,0.16324,0.1,0.07805,4.1,0.19376
19.7,0.16324,0.1,0.07805,4,0.19376
19.6,0.16324,0.1,0.07805,3.9,0.19376
19.7,0.16324,0.1,0.07805,3.9,0.19416
19.7,0.16329,0.1,0.07805,4,0.19416
19.7,0.16339,0.1,0.07805,3.9,0.19416
19.6,0.16353,0.1,0.07805,3.9,0.19416
19.7,0.16397,0.1,0.07805,3.8,0.19432
19.7,0.1641,0.1,0.07805,3.8,0.19445
19.7,0.16429,0.1,0.07805,3.8,0.19452
19.7,0.16454,0.1,0.07805,3.7,0.19495
19.7,0.16487,0.1,0.07805,3.7,0.19578
19.7,0.16522,0.1,0.07805,3.8,0.19595
19.7,0.16537,0.1,0.07805,3.7,0.19681
19.7,0.1656,0.1,0.07805,3.7,0.19681
19.7,0.16569,0.1,0.07805,3.7,0.19717
19.6,0.16614,0.1,0.07805,3.6,0.19735
19.7,0.16632,0.1,0.07805,3.6,0.19784
19.7,0.16636,0.1,0.07805,3.5,0.19784
19.7,0.16661,0.1,0.07805,3.5,0.19788
19.6,0.16671,0.1,0.07805,3.4,0.19877
19.7,0.16685,0.1,0.07811,3.5,0.19877
19.6,0.16685,0.1,0.07811,3.5,0.19877
19.6,0.16698,0.1,0.07811,3.4,0.19877
19.7,0.16703,0.1,0.07813,3.4,0.19963
19.6,0.16703,0.1,0.07813,3.4,0.19963
19.7,0.16703,0.1,0.07813,3.3,0.19963
19.7,0.16703,0.1,0.07813,3.3,0.19963
19.7,0.16703,0.1,0.07818,3.4,0.19963
19.6,0.16703,0.1,0.07818,3.3,0.20061
19.6,0.16711,0.1,0.07818,3.2,0.20061
19.6,0.16711,0.1,0.07818,3.3,0.20061
19.6,0.16711,0.1,0.07818,3.2,0.20061
19.6,0.16711,0.1,0.07818,3.2,0.20061
19.7,0.16711,0.1,0.07818,3.2,0.20061
19.6,0.16715,0.1,0.07818,3.2,0.20061
19.6,0.16715,0.1,0.07823,3.1,0.20061
19.6,0.16715,0.1,0.07836,3.1,0.20061
19.6,0.16715,0.1,0.07839,3.1,0.20061
19.6,0.16715,0.1,0.07839,3,0.20061
19.6,0.16724,0.1,0.07839,3.1,0.20061
19.7,0.16729,0.1,0.07839,3,0.20061
19.6,0.16732,0.1,0.07842,3,0.20061
19.6,0.16732,0.1,0.07842,3,0.20061
19.6,0.16732,0.1,0.07842,3,0.20061
19.6,0.16732,0.1,0.07842,2.9,0.20061
19.6,0.16732,0.1,0.07842,3,0.20061
19.6,0.16732,0.1,0.07842,2.9,0.20061
19.6,0.16732,0.1,0.07842,2.9,0.20072
19.6,0.16734,0.1,0.07842,2.8,0.20072
19.6,0.16747,0.1,0.07842,2.9,0.20072
19.6,0.16769,0.1,0.07842,2.9,0.20072
19.6,0.1677,0.1,0.07842,2.8,0.20072
19.6,0.1677,0.1,0.07842,2.8,0.20072
19.6,0.16773,0.1,0.07842,2.8,0.20072
19.6,0.16773,0.1,0.07848,2.8,0.20072
19.6,0.16773,0.1,0.07848,2.7,0.20072
19.6,0.16773,0.1,0.07848,2.8,0.20072
19.6,0.16773,0.1,0.07848,2.7,0.20072
19.6,0.16773,0.1,0.07848,2.7,0.20072
19.6,0.16779,0.1,0.07851,2.7,0.20072
19.6,0.16811,0.1,0.07856,2.7,0.20072
19.6,0.16817,0.1,0.07856,2.7,0.20072
19.5,0.16817,0.1,0.07856,2.6,0.20072
19.6,0.16817,0.1,0.07856,2.6,0.20072
19.6,0.16821,0.1,0.07856,2.6,0.20072
19.6,0.16821,0.1,0.07856,2.6,0.20072
19.5,0.16821,0.1,0.07857,2.6,0.20072
19.6,0.16835,0.1,0.07863,2.6,0.20072
19.6,0.16835,0.1,0.07867,2.5,0.20072
19.5,0.16835,0.1,0.07876,2.5,0.20072
19.5,0.16841,0.1,0.07879,2.5,0.20072
19.5,0.16841,0.1,0.07891,2.6,0.20072
19.6,0.16848,0.1,0.07899,2.5,0.20072
19.6,0.16848,0.1,0.079,2.5,0.20076
19.6,0.16848,0.1,0.07917,2.5,0.20076
19.5,0.16855,0.1,0.07924,2.4,0.20076
19.6,0.16855,0.1,0.07928,2.5,0.20076
19.5,0.1686,0.1,0.07943,2.4,0.20126
19.6,0.1686,0.1,0.07947,2.4,0.20126
19.5,0.1686,0.1,0.07966,2.4,0.20126
19.5,0.16868,0.1,0.07973,2.4,0.20126
19.5,0.16868,0.1,0.07974,2.4,0.20126
19.5,0.16878,0.1,0.07977,2.3,0.20126
19.5,0.16878,0.1,0.0798,2.3,0.20126
19.5,0.16888,0.1,0.0798,2.3,0.20126
19.5,0.16893,0.1,0.07993,2.3,0.20126
19.5,0.16893,0.1,0.08008,2.3,0.20126
19.5,0.16898,0.1,0.08011,2.3,0.20126
19.5,0.16898,0.1,0.08017,2.3,0.20126
19.5,0.16898,0.1,0.0802,2.2,0.20126
19.5,0.16898,0.1,0.08022,2.3,0.20126
19.5,0.16922,0.1,0.08035,2.2,0.20126
19.5,0.16922,0.1,0.0805,2.2,0.20126
19.5,0.16922,0.1,0.08055,2.2,0.20126
19.6,0.16929,0.1,0.08059,2.2,0.20126
19.4,0.16929,0.1,0.08131,2.2,0.20126
19.5,0.16951,0.1,0.08159,2.2,0.20126
19.5,0.16952,0.1,0.08167,2.1,0.20126
19.5,0.16962,0.1,0.08178,2.2,0.20126
19.5,0.16963,0.1,0.08178,2.1,0.20126
19.5,0.16996,0.1,0.08178,2.2,0.20126
19.5,0.17045,0.1,0.08179,2.1,0.20126
19.5,0.17045,0.1,0.08179,2.1,0.20126
19.5,0.17049,0.1,0.0818,2.1,0.20126
19.5,0.17051,0.1,0.08182,2.1,0.20126
19.5,0.17051,0.1,0.08189,2.1,0.20126
19.5,0.17067,0.1,0.0819,2,0.20126
19.5,0.17068,0.1,0.082,2,0.20126
19.5,0.17071,0.1,0.082,2,0.20126
19.4,0.17074,0.1,0.08203,2.1,0.20126
19.5,0.17085,0.1,0.08203,2,0.20126
19.5,0.17088,0.1,0.08203,2,0.20126
19.4,0.17094,0.1,0.08204,2,0.20126
19.5,0.17095,0.1,0.08204,2,0.20126
19.4,0.17098,0.1,0.08209,2,0.20126
19.4,0.17102,0.1,0.08209,1.9,0.20129
19.4,0.17102,0.1,0.0821,2,0.20129
19.5,0.17109,0.1,0.08213,2,0.20129
19.4,0.1711,0.1,0.08214,1.9,0.20174
19.5,0.1711,0.1,0.08216,1.9,0.20174
19.4,0.1711,0.1,0.08217,1.9,0.20174
19.5,0.1711,0.1,0.08217,1.9,0.20174
19.4,0.1711,0.1,0.08217,1.9,0.20174
19.4,0.1711,0.1,0.08217,1.9,0.20174
19.4,0.1711,0.1,0.08217,1.9,0.20174
19.4,0.1711,0.1,0.08217,1.9,0.20187
19.4,0.1711,0.1,0.08217,1.8,0.20187
19.4,0.17112,0.1,0.08217,1.8,0.20187
19.5,0.17112,0.1,0.08217,1.8,0.20187
19.4,0.17115,0.1,0.08217,1.8,0.20206
19.4,0.17116,0.1,0.08217,1.8,0.20206
19.4,0.17116,0.1,0.08217,1.8,0.20206
19.4,0.1712,0.1,0.08217,1.8,0.20206
19.4,0.17126,0.1,0.08217,1.8,0.20206
19.4,0.17126,0.1,0.08217,1.8,0.20206
19.4,0.17126,0.1,0.08217,1.8,0.20206
19.4,0.17126,0.1,0.08217,1.8,0.20206
19.4,0.17126,0.1,0.08217,1.8,0.20206
19.4,0.17126,0.1,0.08217,1.8,0.20206
19.4,0.17126,0.1,0.08217,1.7,0.20206
19.4,0.17126,0.1,0.08217,1.7,0.20206
19.4,0.17126,0.1,0.08217,1.7,0.20206
19.4,0.17129,0.1,0.08217,1.7,0.20206
19.4,0.17129,0.1,0.08218,1.7,0.20206
19.4,0.17129,0.1,0.08218,1.7,0.20206
19.4,0.17129,0.1,0.08218,1.7,0.20206
19.4,0.17135,0.1,0.08218,1.7,0.20206
19.4,0.17135,0.1,0.08218,1.6,0.20206
19.4,0.1716,0.1,0.08218,1.7,0.20206
19.3,0.17161,0.1,0.08219,1.7,0.20206
19.4,0.17161,0.1,0.08219,1.6,0.20206
19.3,0.17161,0.1,0.08224,1.6,0.20206
19.4,0.17161,0.1,0.08225,1.6,0.20206
19.4,0.1717,0.1,0.08235,1.6,0.20206
19.4,0.1717,0.1,0.08235,1.6,0.20206
19.4,0.17175,0.1,0.08235,1.6,0.20206
19.4,0.17175,0.1,0.08235,1.6,0.20206
19.4,0.17175,0.1,0.08235,1.6,0.20206
19.4,0.17192,0.1,0.08235,1.6,0.20206
19.3,0.17196,0.1,0.08235,1.5,0.20206
19.3,0.17196,0.1,0.08235,1.6,0.20206
19.4,0.17197,0.1,0.08238,1.6,0.20206
19.4,0.17197,0.1,0.08238,1.6,0.20223
19.3,0.17197,0.1,0.08238,1.6,0.20223
19.3,0.17197,0.1,0.08238,1.5,0.20223
19.3,0.17197,0.1,0.08238,1.5,0.20223
19.3,0.17197,0.1,0.08238,1.5,0.20223
19.3,0.17197,0.1,0.08238,1.5,0.20279
19.3,0.17197,0.1,0.08238,1.5,0.20279
19.3,0.17198,0.1,0.08238,1.5,0.20279
19.3,0.172,0.1,0.08238,1.5,0.20279
19.3,0.172,0.1,0.08238,1.5,0.20279
19.3,0.172,0.1,0.08238,1.5,0.20279
19.3,0.172,0.1,0.08238,1.4,0.20279
19.3,0.172,0.1,0.08238,1.5,0.20305
19.3,0.17208,0.1,0.08238,1.5,0.20305
19.3,0.17209,0.1,0.08238,1.4,0.20305
19.3,0.17209,0.1,0.08238,1.4,0.20305
19.3,0.17211,0.1,0.08238,1.4,0.20305
19.3,0.17211,0.1,0.08238,1.4,0.20305
19.3,0.17211,0.1,0.08238,1.4,0.20305
19.3,0.17211,0.1,0.08238,1.4,0.20305
19.3,0.17211,0.1,0.08238,1.4,0.20305
19.3,0.17223,0.1,0.08238,1.4,0.20305
19.3,0.17223,0.1,0.08243,1.4,0.20305
19.3,0.17226,0.1,0.08243,1.4,0.20305
19.3,0.17226,0.1,0.08243,1.4,0.20305
19.2,0.17226,0.1,0.08243,1.4,0.20305
19.3,0.17226,0.1,0.08243,1.3,0.20305
19.3,0.17226,0.1,0.08245,1.4,0.20305
19.3,0.17239,0.1,0.08245,1.3,0.20305
19.3,0.17239,0.1,0.08245,1.4,0.20305
19.3,0.17242,0.1,0.08245,1.3,0.20305
19.3,0.17275,0.1,0.08245,1.3,0.20305
19.3,0.17295,0.1,0.08245,1.3,0.204
19.3,0.17295,0.1,0.08245,1.3,0.204
19.2,0.17316,0.1,0.08245,1.3,0.204
19.3,0.17322,0.1,0.08245,1.3,0.204
19.2,0.17352,0.1,0.08245,1.3,0.204
19.3,0.17354,0.1,0.08245,1.3,0.204
19.3,0.17354,0.1,0.08245,1.3,0.204
19.3,0.17354,0.1,0.08245,1.3,0.204
19.3,0.17354,0.1,0.08245,1.3,0.204
19.2,0.17358,0.1,0.08245,1.3,0.20424
19.3,0.17358,0.1,0.08245,1.3,0.20424
19.3,0.17362,0.1,0.08245,1.3,0.20424
19.3,0.17362,0.1,0.08245,1.3,0.20471
19.3,0.17364,0.1,0.08248,1.3,0.20489
19.2,0.17364,0.1,0.08248,1.3,0.20489
19.3,0.17364,0.1,0.08248,1.3,0.20489
19.2,0.17364,0.1,0.08248,1.2,0.20521
19.2,0.17364,0.1,0.08248,1.3,0.20554
19.3,0.17364,0.1,0.08248,1.3,0.20554
19.3,0.17369,0.1,0.08255,1.2,0.20554
19.3,0.17369,0.1,0.08255,1.2,0.20554
19.3,0.17369,0.1,0.08255,1.2,0.20554
19.2,0.17369,0.1,0.08255,1.2,0.20554
19.3,0.17369,0.1,0.08255,1.2,0.20554
19.2,0.17369,0.1,0.08255,1.2,0.20653
19.3,0.17369,0.1,0.08255,1.2,0.20653
19.2,0.17369,0.1,0.08255,1.2,0.20653
19.3,0.17369,0.1,0.08255,1.2,0.20653
19.2,0.17369,0.1,0.08255,1.2,0.20696
19.2,0.17392,0.1,0.08255,1.2,0.20696
19.2,0.17392,0.1,0.08255,1.2,0.20696
19.2,0.17392,0.1,0.08255,1.2,0.20696
19.2,0.17392,0.1,0.08255,1.2,0.20696
19.2,0.17396,0.1,0.08255,1.2,0.20696
19.3,0.17398,0.1,0.08255,1.2,0.20696
19.2,0.17398,0.1,0.08255,1.2,0.20696
19.2,0.17398,0.1,0.08255,1.1,0.20696
19.2,0.17398,0.1,0.08255,1.1,0.20696
19.2,0.174,0.1,0.08255,1.1,0.20696
19.2,0.174,0.1,0.08255,1.1,0.20696
19.2,0.174,0.1,0.08255,1.1,0.20696
19.2,0.174,0.1,0.08255,1.1,0.20696
19.2,0.17403,0.1,0.08255,1.1,0.20696
19.2,0.17403,0.1,0.08256,1.1,0.20696
19.2,0.17403,0.1,0.08256,1.1,0.20696
19.2,0.17403,0.1,0.08256,1.1,0.20696
19.2,0.17408,0.1,0.08256,1.1,0.20696
19.2,0.17414,0.1,0.08256,1.1,0.20696
19.2,0.17439,0.1,0.08256,1.1,0.20696
19.2,0.17486,0.1,0.08257,1.1,0.20696
19.2,0.17556,0.1,0.08257,1.1,0.20696
19.2,0.17678,0.1,0.08257,1.1,0.20696
19.2,0.17831,0.1,0.0826,1.1,0.20696
19.2,0.18031,0.1,0.08264,1.1,0.20696
19.2,0.18248,0.1,0.08264,1,0.20696
19.2,0.1844,0.1,0.08265,1.1,0.20696
19.2,0.18652,0.1,0.08274,1,0.20696
19.2,0.18848,0.1,0.08276,1,0.20696
19.2,0.19014,0.1,0.08283,1,0.20696
19.1,0.19179,0.1,0.08283,1,0.20696
19.2,0.19302,0.1,0.08288,1,0.20696
19.2,0.19426,0.1,0.08313,1,0.20696
19.2,0.19534,0.1,0.08326,1,0.20696
19.2,0.19672,0.1,0.08337,1,0.20696
19.1,0.19812,0.1,0.08351,1,0.20696
19.2,0.19906,0.1,0.08368,1,0.20696
19.1,0.20009,0.1,0.08394,1,0.20696
19.2,0.2015,0.1,0.0843,1,0.20696
19.1,0.20227,0.1,0.0846,1,0.20696
19.1,0.20298,0.1,0.08483,1,0.20696
19.1,0.20358,0.1,0.08507,1,0.20696
19.1,0.2041,0.1,0.08535,1,0.20696
19.1,0.2044,0.1,0.08547,1,0.20696
19.1,0.20451,0.1,0.08575,0.9,0.20696
19.2,0.20458,0.1,0.08595,0.9,0.20696
19.1,0.20464,0.1,0.08614,1,0.20696
19.1,0.20466,0.1,0.08626,1,0.20696
19.1,0.20479,0.1,0.08631,0.9,0.20696
19.1,0.20481,0.1,0.08643,0.9,0.20696
19.1,0.20481,0.1,0.08651,0.9,0.20696
19.1,0.20481,0.1,0.08652,0.9,0.20696
19.1,0.20481,0.1,0.08652,0.9,0.20696
19.2,0.20481,0.1,0.08652,0.9,0.20696
19.1,0.20481,0.1,0.08652,0.9,0.20696
19.1,0.20481,0.1,0.08652,0.9,0.20696
19.1,0.20481,0.1,0.08652,0.9,0.20696
19.1,0.20481,0.1,0.08652,0.9,0.20696
19.1,0.20481,0.1,0.08652,0.9,0.20696
19.1,0.20484,0.1,0.08652,0.9,0.20696
19.1,0.20486,0.1,0.08652,0.9,0.20696
19,0.20486,0.1,0.08652,0.9,0.20696
19.1,0.20486,0.1,0.08652,0.9,0.20696
19.1,0.20486,0.1,0.08652,0.9,0.20696
19.1,0.20486,0.1,0.08652,0.9,0.20696
19.1,0.20486,0.1,0.08657,0.9,0.20696
19.1,0.20488,0.1,0.08663,0.9,0.20696
19.1,0.20501,0.1,0.08668,0.9,0.20696
19.1,0.20502,0.1,0.08675,0.9,0.20696
19.1,0.20507,0.1,0.08677,0.9,0.20696
19.1,0.20517,0.1,0.08691,0.9,0.20696
19.1,0.2055,0.1,0.08707,0.9,0.20696
19.1,0.20592,0.1,0.08711,0.9,0.20696
19.1,0.20623,0.1,0.08727,0.9,0.20696
19.1,0.20629,0.1,0.08736,0.9,0.20696
19.1,0.20632,0.1,0.0875,0.9,0.20696
19,0.2064,0.1,0.08785,0.8,0.20696
19,0.20645,0.1,0.08817,0.8,0.20696
19,0.20645,0.1,0.08877,0.8,0.20696
19.1,0.20645,0.1,0.08963,0.8,0.20696
19.1,0.20651,0.1,0.09066,0.8,0.20696
19,0.20651,0.1,0.09149,0.8,0.20696
19,0.20657,0.1,0.0924,0.8,0.20696
19,0.20658,0.1,0.0933,0.8,0.20696
19.1,0.20661,0.1,0.09403,0.8,0.20696
19,0.2068,0.1,0.09476,0.8,0.20696
19,0.20681,0.1,0.09541,0.8,0.20696
19,0.20697,0.1,0.09592,0.8,0.20696
19,0.20711,0.1,0.0964,0.8,0.20696
19,0.20738,0.1,0.09691,0.8,0.20696
19.1,0.20738,0.1,0.09726,0.8,0.20696
19,0.20749,0.1,0.09755,0.8,0.20696
19.1,0.20749,0.1,0.09775,0.8,0.20696
19,0.20771,0.1,0.09788,0.8,0.20696
19,0.20827,0.1,0.09806,0.8,0.20696
19,0.20863,0.1,0.09836,0.8,0.20696
19.1,0.20922,0.1,0.09888,0.8,0.20696
19,0.20948,0.1,0.09911,0.8,0.20696
19,0.20999,0.1,0.09954,0.8,0.20696
19,0.21066,0.1,0.09997,0.8,0.20717
19,0.21159,0.1,0.10016,0.8,0.20815
19,0.212,0.1,0.1007,0.8,0.20815
19,0.21252,0.1,0.10101,0.8,0.20815
19,0.21276,0.1,0.10179,0.7,0.20815
19,0.21336,0.1,0.1027,0.7,0.20815
19,0.21348,0.1,0.10332,0.7,0.20815
18.9,0.21362,0.1,0.10348,0.7,0.20815
18.9,0.21396,0.1,0.10397,0.7,0.20821
19,0.21399,0.1,0.10433,0.7,0.20821
19,0.21424,0.1,0.10494,0.7,0.20825
19,0.21435,0.1,0.1051,0.7,0.20825
19,0.21438,0.1,0.10515,0.7,0.20825
19,0.21442,0.1,0.10518,0.7,0.20828
18.9,0.21447,0.1,0.10525,0.7,0.20828
19,0.21454,0.1,0.10526,0.7,0.20828
19,0.21454,0.1,0.10533,0.7,0.20828
19,0.21457,0.1,0.10533,0.7,0.20828
19,0.21465,0.1,0.10536,0.7,0.20828
19,0.21465,0.1,0.10536,0.7,0.20828
19,0.21465,0.1,0.10536,0.7,0.20828
18.9,0.21469,0.1,0.10536,0.7,0.20828
19,0.21469,0.1,0.10536,0.7,0.20828
19,0.21484,0.1,0.10536,0.7,0.20828
19,0.21486,0.1,0.10536,0.7,0.20828
18.9,0.21513,0.1,0.10536,0.7,0.20828
18.9,0.21524,0.1,0.10536,0.7,0.20828
18.9,0.21526,0.1,0.10536,0.7,0.20828
19,0.21526,0.1,0.10536,0.7,0.20828
19,0.21526,0.1,0.10536,0.7,0.20828
18.9,0.21527,0.1,0.10536,0.7,0.20828
18.9,0.21527,0.1,0.10539,0.7,0.20828
18.9,0.21527,0.1,0.10539,0.7,0.20828
19,0.21527,0.1,0.10539,0.7,0.20828
18.9,0.21538,0.1,0.10539,0.7,0.20828
18.9,0.21538,0.1,0.10539,0.7,0.20828
18.9,0.21538,0.1,0.10539,0.7,0.20828
18.9,0.21545,0.1,0.10539,0.7,0.20828
18.9,0.2155,0.1,0.10539,0.7,0.20828
18.9,0.21555,0.1,0.10539,0.6,0.20828
18.9,0.21556,0.1,0.10539,0.6,0.20828
18.9,0.2156,0.1,0.10539,0.7,0.20828
18.9,0.21572,0.1,0.10539,0.6,0.20828
18.9,0.21573,0.1,0.10539,0.6,0.20828
18.9,0.21576,0.1,0.10539,0.6,0.20828
18.9,0.21596,0.1,0.10539,0.6,0.20828
18.9,0.21596,0.1,0.10539,0.6,0.20828
18.9,0.21612,0.1,0.10539,0.6,0.20828
18.9,0.2165,0.1,0.10539,0.6,0.20828
18.9,0.21665,0.1,0.10539,0.6,0.20828
18.9,0.21671,0.1,0.10539,0.6,0.20828
18.9,0.21671,0.1,0.10562,0.6,0.20828
18.9,0.21676,0.1,0.10566,0.6,0.20828
18.9,0.21686,0.1,0.10604,0.6,0.20828
18.9,0.21688,0.1,0.10676,0.6,0.20828
18.9,0.21688,0.1,0.10783,0.6,0.20828
18.9,0.21694,0.1,0.10846,0.6,0.20828
18.9,0.21694,0.1,0.10979,0.6,0.20828
18.9,0.21696,0.1,0.113,0.6,0.20911
18.9,0.217,0.1,0.11645,0.6,0.2097
18.9,0.21706,0.1,0.11786,0.6,0.2097
18.9,0.21729,0.1,0.11877,0.6,0.2097
18.9,0.21769,0.1,0.12035,0.6,0.2097
18.8,0.2184,0.1,0.12227,0.6,0.2097
18.9,0.21903,0.1,0.12268,0.6,0.20984
18.9,0.21969,0.1,0.12386,0.6,0.20986
18.8,0.22077,0.1,0.12498,0.6,0.21003
18.8,0.2215,0.1,0.1253,0.6,0.21003
18.9,0.22231,0.1,0.12559,0.6,0.21003
18.8,0.22297,0.1,0.12683,0.6,0.21022
18.9,0.22384,0.1,0.12836,0.6,0.21022
18.9,0.22516,0.1,0.12909,0.6,0.21022
18.8,0.22541,0.1,0.12946,0.6,0.21022
18.8,0.22631,0.1,0.12967,0.6,0.21022
18.9,0.22652,0.1,0.12972,0.6,0.21022
18.8,0.22656,0.1,0.1298,0.6,0.21022
18.8,0.22662,0.1,0.12982,0.6,0.21022
18.8,0.22677,0.1,0.12982,0.6,0.21022
18.8,0.22677,0.1,0.12982,0.6,0.21022
18.8,0.22683,0.1,0.13002,0.6,0.21022
18.8,0.22693,0.1,0.13004,0.6,0.21022
18.8,0.22703,0.1,0.13009,0.6,0.21022
18.8,0.22703,0.1,0.13016,0.5,0.21022
18.8,0.22714,0.1,0.13016,0.5,0.21022
18.9,0.22714,0.1,0.1302,0.6,0.21022
18.8,0.22715,0.1,0.13051,0.6,0.21022
18.8,0.22726,0.1,0.13051,0.5,0.21022
18.8,0.22726,0.1,0.13051,0.5,0.21022
18.8,0.22726,0.1,0.13052,0.5,0.21022
18.8,0.22729,0.1,0.13056,0.5,0.21022
18.8,0.22729,0.1,0.13065,0.5,0.21022
18.8,0.22729,0.1,0.13067,0.5,0.21022
18.8,0.22729,0.1,0.13084,0.5,0.21022
18.8,0.22729,0.1,0.13109,0.5,0.21022
18.8,0.22729,0.1,0.13111,0.5,0.21042
18.8,0.22729,0.1,0.13151,0.5,0.21042
18.9,0.22729,0.1,0.13173,0.5,0.21042
18.8,0.22745,0.1,0.13219,0.5,0.21042
18.8,0.22761,0.1,0.13243,0.5,0.21042
18.8,0.22761,0.1,0.1325,0.5,0.21042
18.8,0.22772,0.1,0.13286,0.5,0.21042
18.8,0.22772,0.1,0.13324,0.5,0.21042
18.8,0.22783,0.1,0.13365,0.5,0.21042
18.8,0.22783,0.1,0.13405,0.5,0.21042
18.8,0.22783,0.1,0.13498,0.5,0.21042
18.8,0.22796,0.1,0.13565,0.5,0.21052
18.8,0.22796,0.1,0.13638,0.5,0.21052
18.8,0.22796,0.1,0.13712,0.5,0.21052
18.8,0.22796,0.1,0.13757,0.5,0.21052
18.8,0.22796,0.1,0.1382,0.5,0.21052
18.8,0.22796,0.1,0.13835,0.5,0.21052
18.8,0.22796,0.1,0.13842,0.5,0.21052
18.8,0.22796,0.1,0.13887,0.5,0.21052
18.8,0.22796,0.1,0.13939,0.5,0.21052
18.7,0.22796,0.1,0.13996,0.5,0.21052
18.8,0.22796,0.1,0.14028,0.5,0.21052
18.8,0.22796,0.1,0.14049,0.5,0.21052
18.8,0.22796,0.1,0.14117,0.5,0.21077
18.8,0.22796,0.1,0.14134,0.5,0.21077
18.8,0.22796,0.1,0.14152,0.5,0.21077
18.8,0.22796,0.1,0.14179,0.5,0.2117
18.8,0.22796,0.1,0.14196,0.5,0.21217
18.7,0.22796,0.1,0.14217,0.5,0.21301
18.7,0.22796,0.1,0.14242,0.5,0.21301
18.7,0.22796,0.1,0.14242,0.5,0.21301
18.7,0.22796,0.1,0.14242,0.5,0.21301
18.7,0.22796,0.1,0.1425,0.5,0.21301
18.7,0.22796,0.1,0.1425,0.5,0.21301
18.7,0.22796,0.1,0.1425,0.5,0.21301
18.8,0.22796,0.1,0.14255,0.5,0.21301
18.8,0.22796,0.1,0.14255,0.5,0.21301
18.7,0.22796,0.1,0.14255,0.5,0.21301
18.7,0.22798,0.1,0.14255,0.5,0.21301
18.7,0.22798,0.1,0.14255,0.5,0.21319
18.7,0.22798,0.1,0.14255,0.5,0.21319
18.7,0.22798,0.1,0.14255,0.5,0.21319
18.7,0.22798,0.1,0.14255,0.5,0.21319
18.7,0.22798,0.1,0.14255,0.5,0.21319
18.7,0.22798,0.1,0.14255,0.5,0.21319
18.7,0.22798,0.1,0.14255,0.5,0.21319
18.7,0.22798,0.1,0.14259,0.5,0.21319
18.7,0.22798,0.1,0.14259,0.5,0.21319
18.7,0.22801,0.1,0.14259,0.4,0.21319
18.7,0.22801,0.1,0.14259,0.4,0.21319
18.7,0.22805,0.1,0.14259,0.5,0.21319
18.7,0.22808,0.1,0.14259,0.4,0.21319
18.7,0.22812,0.1,0.14265,0.4,0.21319
18.7,0.22812,0.1,0.14265,0.4,0.21319
18.6,0.22819,0.1,0.14265,0.4,0.21339
18.7,0.22819,0.1,0.14265,0.4,0.21339
18.7,0.22825,0.1,0.14265,0.4,0.21339
18.7,0.22835,0.1,0.14265,0.4,0.21339
18.7,0.22838,0.1,0.14265,0.4,0.21339
18.7,0.2288,0.1,0.14265,0.4,0.21339
18.7,0.22905,0.1,0.14265,0.4,0.21339
18.7,0.22949,0.1,0.14269,0.4,0.21339
18.7,0.22998,0.1,0.14269,0.4,0.21339
18.7,0.23082,0.1,0.14269,0.4,0.21339
18.7,0.23163,0.1,0.14269,0.4,0.21339
18.7,0.23258,0.1,0.14269,0.4,0.21339
18.7,0.23367,0.1,0.14269,0.4,0.21339
18.7,0.23483,0.1,0.14269,0.4,0.21339
18.7,0.2365,0.1,0.14269,0.4,0.21339
18.7,0.23805,0.1,0.14269,0.4,0.21339
18.7,0.23935,0.1,0.14269,0.4,0.21339
18.7,0.24052,0.1,0.14269,0.4,0.21339
18.6,0.24198,0.1,0.14269,0.4,0.21481
18.7,0.24323,0.1,0.14269,0.4,0.21481
18.6,0.24398,0.1,0.14269,0.4,0.21481
18.7,0.24485,0.1,0.14269,0.4,0.2162
18.7,0.24525,0.1,0.14269,0.4,0.2162
18.6,0.24621,0.1,0.14269,0.4,0.21687
18.7,0.24639,0.1,0.14269,0.4,0.21687
18.7,0.247,0.1,0.14269,0.4,0.21687
18.6,0.24722,0.1,0.14269,0.4,0.21687
18.7,0.24734,0.1,0.14269,0.4,0.21687
18.6,0.24759,0.1,0.14269,0.4,0.21687
18.6,0.24767,0.1,0.14269,0.4,0.21687
18.6,0.2478,0.1,0.14269,0.4,0.21687
18.6,0.24801,0.1,0.14269,0.4,0.21687
18.7,0.24821,0.1,0.14269,0.4,0.21687
18.6,0.24821,0.1,0.14269,0.4,0.21687
18.6,0.24826,0.1,0.14274,0.4,0.21687
18.6,0.24829,0.1,0.14282,0.4,0.21687
18.6,0.2483,0.1,0.14288,0.4,0.21687
18.6,0.2483,0.1,0.14288,0.4,0.21687
18.7,0.2483,0.1,0.14288,0.4,0.21687
18.6,0.24834,0.1,0.14288,0.4,0.21687
18.6,0.24836,0.1,0.14303,0.4,0.21687
18.6,0.24836,0.1,0.14319,0.4,0.21687
18.7,0.24842,0.1,0.14319,0.4,0.21687
18.6,0.24843,0.1,0.14319,0.4,0.21687
18.6,0.24844,0.1,0.14362,0.4,0.21704
18.6,0.24848,0.1,0.14371,0.4,0.21704
18.6,0.24848,0.1,0.1438,0.4,0.21704
18.6,0.24848,0.1,0.1438,0.4,0.21704
18.6,0.24853,0.1,0.14382,0.4,0.21704
18.6,0.24853,0.1,0.14384,0.4,0.21704
18.6,0.24858,0.1,0.14397,0.4,0.21704
18.6,0.2488,0.1,0.144,0.4,0.21704
18.6,0.2488,0.1,0.144,0.4,0.21704
18.6,0.2488,0.1,0.14403,0.4,0.21704
18.6,0.24885,0.1,0.14408,0.4,0.21704
18.6,0.24887,0.1,0.14408,0.4,0.21704
18.6,0.24887,0.1,0.14408,0.4,0.21704
18.6,0.24893,0.1,0.14408,0.4,0.21704
18.6,0.24895,0.1,0.14412,0.4,0.21704
18.6,0.24907,0.1,0.14413,0.4,0.21704
18.6,0.24926,0.1,0.14413,0.4,0.21704
18.6,0.24944,0.1,0.14413,0.4,0.21704
18.6,0.24944,0.1,0.14413,0.4,0.21704
18.6,0.24956,0.1,0.14413,0.3,0.21704
18.6,0.24956,0.1,0.14413,0.4,0.21704
18.6,0.24958,0.1,0.14415,0.4,0.21736
18.5,0.24965,0.1,0.14417,0.3,0.21736
18.6,0.2497,0.1,0.14418,0.4,0.21736
18.6,0.24972,0.1,0.14418,0.3,0.21736
18.6,0.24975,0.1,0.14418,0.3,0.21736
18.6,0.24977,0.1,0.14418,0.3,0.21736
18.5,0.2498,0.1,0.14418,0.3,0.21736
18.6,0.24981,0.1,0.14418,0.3,0.21736
18.6,0.24988,0.1,0.14418,0.3,0.21736
18.6,0.24997,0.1,0.14418,0.3,0.21736
18.5,0.25006,0.1,0.14418,0.3,0.21736
18.6,0.25006,0.1,0.14418,0.3,0.21736
18.6,0.2502,0.1,0.14418,0.3,0.21753
18.5,0.2502,0.1,0.14418,0.3,0.21816
18.5,0.2502,0.1,0.14418,0.3,0.21816
18.6,0.25023,0.1,0.14418,0.3,0.21929
18.6,0.25023,0.1,0.14418,0.3,0.21929
18.5,0.25032,0.1,0.14418,0.3,0.21929
18.5,0.25043,0.1,0.14418,0.3,0.21929
18.5,0.25062,0.1,0.14419,0.3,0.21929
18.6,0.25063,0.1,0.14419,0.3,0.21929
18.5,0.25066,0.1,0.14419,0.3,0.21954
18.5,0.25077,0.1,0.14419,0.3,0.21954
18.5,0.25077,0.1,0.14419,0.3,0.21954
18.5,0.25084,0.1,0.14426,0.3,0.21954
18.6,0.25084,0.1,0.14426,0.3,0.21954
18.5,0.25103,0.1,0.14426,0.3,0.21994
18.6,0.25103,0.1,0.14426,0.3,0.22062
18.5,0.25103,0.1,0.14426,0.3,0.22062
18.5,0.25103,0.1,0.14426,0.3,0.22062
18.5,0.25117,0.1,0.14426,0.3,0.22062
18.5,0.25129,0.1,0.14426,0.3,0.22062
18.5,0.25129,0.1,0.14434,0.3,0.22062
18.5,0.25129,0.1,0.1444,0.3,0.22062
18.5,0.25129,0.1,0.1444,0.3,0.22062
18.5,0.25129,0.1,0.1444,0.3,0.22062
18.5,0.25136,0.1,0.1444,0.3,0.22062
18.5,0.25136,0.1,0.1444,0.3,0.22062
18.5,0.25136,0.1,0.1444,0.3,0.22062
18.5,0.25136,0.1,0.1444,0.3,0.22062
18.5,0.25136,0.1,0.14463,0.3,0.22062
18.5,0.25136,0.1,0.1452,0.3,0.22062
18.5,0.25136,0.1,0.14525,0.3,0.22062
18.5,0.25136,0.1,0.14525,0.3,0.22079
18.5,0.25136,0.1,0.1453,0.3,0.22079
18.5,0.25136,0.1,0.1453,0.3,0.22192
18.5,0.25136,0.1,0.14544,0.3,0.22192
18.5,0.25136,0.1,0.14561,0.3,0.22192
18.5,0.25136,0.1,0.14647,0.3,0.22192
18.5,0.25156,0.1,0.14699,0.3,0.22192
18.5,0.25156,0.1,0.14807,0.3,0.22192
18.5,0.25156,0.1,0.1483,0.3,0.22192
18.5,0.25156,0.1,0.14885,0.3,0.22192
18.5,0.25156,0.1,0.14934,0.3,0.22192
18.5,0.25156,0.1,0.14999,0.3,0.22192
18.5,0.25156,0.1,0.15129,0.3,0.22379
18.5,0.25156,0.1,0.15256,0.3,0.22379
18.5,0.25156,0.1,0.15341,0.3,0.22394
18.5,0.25156,0.1,0.15492,0.3,0.22394
18.5,0.25156,0.1,0.15581,0.3,0.22512
18.5,0.25156,0.1,0.15724,0.3,0.22589
18.4,0.25156,0.1,0.16011,0.3,0.22714
18.5,0.25156,0.1,0.16179,0.3,0.22732
18.5,0.25156,0.1,0.16345,0.3,0.22732
18.5,0.25156,0.1,0.1648,0.3,0.22732
18.5,0.25156,0.1,0.16585,0.3,0.22795
18.4,0.25156,0.1,0.16736,0.3,0.22795
18.5,0.25156,0.1,0.16813,0.3,0.22822
18.5,0.25156,0.1,0.16993,0.3,0.22875
18.4,0.25156,0.1,0.1706,0.3,0.22875
18.4,0.25156,0.1,0.17136,0.3,0.22936
18.4,0.25156,0.1,0.17151,0.3,0.23053
18.5,0.25156,0.1,0.17184,0.3,0.2309
18.4,0.25156,0.1,0.17201,0.3,0.23141
18.5,0.25156,0.1,0.1724,0.3,0.23199
18.5,0.25169,0.1,0.17248,0.3,0.23344
18.4,0.25169,0.1,0.1726,0.3,0.23344
18.4,0.25169,0.1,0.17274,0.3,0.23344
18.4,0.25169,0.1,0.17291,0.3,0.23344
18.5,0.25169,0.1,0.17305,0.3,0.23344
18.5,0.25176,0.1,0.17319,0.3,0.23344
18.5,0.25176,0.1,0.17324,0.3,0.23344
18.4,0.25176,0.1,0.17371,0.3,0.23344
18.4,0.25176,0.1,0.17371,0.3,0.23344
18.5,0.25189,0.1,0.17382,0.3,0.23344
18.4,0.25193,0.1,0.17392,0.3,0.23344
18.4,0.25195,0.1,0.17392,0.3,0.23344
18.4,0.25197,0.1,0.17392,0.3,0.23344
18.4,0.25217,0.1,0.17393,0.3,0.23344
18.4,0.2525,0.1,0.17411,0.3,0.23344
18.5,0.25283,0.1,0.1748,0.3,0.23344
18.5,0.2534,0.1,0.1754,0.3,0.23344
18.4,0.25392,0.1,0.17563,0.3,0.23344
18.5,0.25497,0.1,0.1757,0.3,0.23344
18.4,0.2564,0.1,0.17577,0.3,0.23344
18.5,0.25753,0.1,0.17599,0.3,0.23344
18.4,0.25911,0.1,0.17621,0.3,0.23344
18.4,0.26047,0.1,0.17665,0.3,0.23344
18.5,0.26209,0.1,0.17681,0.3,0.23344
18.5,0.26386,0.1,0.17686,0.3,0.23344
18.4,0.26549,0.1,0.17711,0.2,0.23344
18.4,0.26692,0.1,0.17717,0.2,0.23344
18.4,0.26775,0.1,0.17741,0.2,0.23344
18.4,0.2683,0.1,0.17761,0.2,0.23356
18.4,0.26883,0.1,0.17785,0.2,0.23356
18.4,0.26889,0.1,0.17789,0.2,0.23356
18.4,0.26924,0.1,0.17814,0.2,0.23356
18.4,0.26984,0.1,0.17823,0.2,0.23356
18.4,0.27016,0.1,0.17823,0.2,0.23356
18.4,0.27039,0.1,0.17831,0.2,0.2337
18.4,0.27071,0.1,0.17831,0.2,0.2337
18.4,0.27087,0.1,0.17836,0.2,0.2337
18.4,0.27134,0.1,0.17841,0.2,0.2337
18.4,0.27199,0.1,0.17867,0.2,0.2337
18.3,0.27242,0.1,0.17878,0.2,0.2337
18.4,0.27251,0.1,0.17878,0.2,0.2337
18.4,0.27258,0.1,0.17888,0.2,0.2337
18.5,0.27267,0.1,0.17888,0.2,0.2337
18.4,0.27275,0.1,0.17888,0.2,0.2337
18.4,0.27279,0.1,0.17888,0.2,0.2337
18.4,0.27288,0.1,0.17888,0.2,0.2337
18.4,0.27289,0.1,0.17888,0.2,0.2337
18.4,0.27289,0.1,0.17888,0.2,0.2337
18.4,0.27289,0.1,0.17888,0.2,0.2337
18.4,0.27295,0.1,0.17888,0.2,0.2337
18.4,0.27315,0.1,0.17889,0.2,0.2337
18.4,0.27348,0.1,0.17892,0.2,0.2337
18.4,0.27351,0.1,0.17892,0.2,0.2337
18.4,0.27351,0.1,0.17892,0.2,0.2337
18.4,0.27366,0.1,0.17892,0.2,0.2337
18.4,0.27369,0.1,0.17894,0.2,0.2337
18.4,0.27388,0.1,0.17894,0.2,0.2337
18.4,0.27397,0.1,0.17894,0.2,0.2337
18.4,0.27401,0.1,0.17894,0.2,0.2337
18.4,0.27401,0.1,0.17894,0.2,0.2337
18.4,0.27412,0.1,0.17894,0.2,0.2337
18.4,0.27451,0.1,0.17897,0.2,0.2337
18.4,0.27459,0.1,0.17897,0.2,0.2337
18.4,0.27483,0.1,0.17897,0.2,0.2337
18.4,0.27489,0.1,0.17897,0.2,0.2337
18.4,0.27505,0.1,0.17897,0.2,0.2337
18.4,0.27536,0.1,0.17897,0.2,0.2337
18.4,0.27572,0.1,0.17902,0.2,0.2337
18.4,0.27591,0.1,0.17915,0.2,0.2337
18.3,0.27648,0.1,0.17923,0.2,0.2337
18.3,0.27709,0.1,0.17924,0.2,0.2337
18.4,0.27828,0.1,0.17942,0.2,0.2337
18.3,0.27941,0.1,0.17942,0.2,0.2337
18.3,0.28077,0.1,0.17943,0.2,0.2337
18.3,0.28235,0.1,0.17943,0.2,0.2337
18.3,0.284,0.1,0.17943,0.2,0.2337
18.3,0.28566,0.1,0.17943,0.2,0.2337
18.3,0.28735,0.1,0.17943,0.2,0.2337
18.3,0.28927,0.1,0.17947,0.2,0.2337
18.3,0.29073,0.1,0.17947,0.2,0.2337
18.4,0.29246,0.1,0.17947,0.2,0.2337
18.3,0.29503,0.1,0.17952,0.2,0.2337
18.3,0.29659,0.1,0.17952,0.2,0.2337
18.3,0.29768,0.1,0.17952,0.2,0.2337
18.3,0.29898,0.1,0.17952,0.2,0.2337
18.3,0.30077,0.1,0.17952,0.2,0.2337
18.3,0.30182,0.1,0.17953,0.2,0.2337
18.3,0.30421,0.1,0.17958,0.2,0.2337
18.3,0.30503,0.1,0.17958,0.2,0.2337
18.3,0.30606,0.1,0.17958,0.2,0.2337
18.3,0.30736,0.1,0.17959,0.2,0.2337
18.3,0.30829,0.1,0.17959,0.2,0.2337
18.3,0.3091,0.1,0.17959,0.2,0.2337
18.3,0.31002,0.1,0.17962,0.2,0.2337
18.3,0.31108,0.1,0.17962,0.2,0.2337
18.3,0.31281,0.1,0.18003,0.2,0.2337
18.3,0.31359,0.1,0.18023,0.2,0.2337
18.3,0.31425,0.1,0.18028,0.2,0.2337
18.3,0.31471,0.1,0.18077,0.2,0.23399
18.3,0.31515,0.1,0.18088,0.2,0.23399
18.3,0.31569,0.1,0.18105,0.2,0.23399
18.3,0.31591,0.1,0.18105,0.2,0.23399
18.3,0.31617,0.1,0.18106,0.2,0.23399
18.3,0.31643,0.1,0.18117,0.2,0.23399
18.4,0.31679,0.1,0.18117,0.2,0.23417
18.3,0.31726,0.1,0.18125,0.2,0.23417
18.3,0.31734,0.1,0.18147,0.2,0.23417
18.3,0.31765,0.1,0.18155,0.2,0.23417
18.3,0.31785,0.1,0.18171,0.2,0.23457
18.3,0.31834,0.1,0.18203,0.2,0.23528
18.3,0.3184,0.1,0.1825,0.2,0.23583
18.3,0.31847,0.1,0.18278,0.2,0.23618
18.3,0.31854,0.1,0.18334,0.2,0.23626
18.3,0.31862,0.1,0.1837,0.2,0.23626
18.3,0.31872,0.1,0.18406,0.2,0.2391
18.3,0.31879,0.1,0.18492,0.2,0.24002
18.3,0.31911,0.1,0.1856,0.2,0.24166
18.3,0.31951,0.1,0.18626,0.2,0.24607
18.3,0.31978,0.1,0.18685,0.2,0.25047
18.3,0.32029,0.1,0.18724,0.2,0.25162
18.3,0.32081,0.1,0.18787,0.2,0.25342
18.3,0.3212,0.1,0.18813,0.2,0.25522
18.3,0.32146,0.1,0.18859,0.2,0.25664
18.3,0.32158,0.1,0.18954,0.2,0.25759
18.3,0.32162,0.1,0.18963,0.2,0.25789
18.3,0.32172,0.1,0.18982,0.2,0.25832
18.3,0.32179,0.1,0.19032,0.2,0.25894
18.3,0.32179,0.1,0.1914,0.2,0.25905
18.3,0.32179,0.1,0.19185,0.2,0.25929
18.3,0.32179,0.1,0.19205,0.2,0.25965
18.3,0.32179,0.1,0.19265,0.2,0.26023
18.3,0.32179,0.1,0.19348,0.2,0.26032
18.2,0.32179,0.1,0.19402,0.2,0.26032
18.3,0.32179,0.1,0.19448,0.2,0.26097
18.3,0.32179,0.1,0.19478,0.2,0.26149
18.3,0.32179,0.1,0.1951,0.2,0.26149
18.3,0.32179,0.1,0.19552,0.2,0.26307
18.3,0.32179,0.1,0.19582,0.2,0.26313
18.3,0.32184,0.1,0.19621,0.2,0.26458
18.3,0.32184,0.1,0.19662,0.2,0.2654
18.3,0.32184,0.1,0.19707,0.2,0.26744
18.3,0.32184,0.1,0.19752,0.2,0.26744
18.3,0.3219,0.1,0.19885,0.2,0.26775
18.3,0.3219,0.1,0.19899,0.2,0.26811
18.2,0.32194,0.1,0.19927,0.2,0.26887
18.2,0.32194,0.1,0.20001,0.2,0.26889
18.3,0.32195,0.1,0.20084,0.2,0.26906
18.3,0.32195,0.1,0.20147,0.2,0.26946
18.3,0.32195,0.1,0.20169,0.2,0.27028
18.3,0.32202,0.1,0.2022,0.2,0.27028
18.3,0.32202,0.1,0.20223,0.2,0.27043
18.3,0.32202,0.1,0.20223,0.2,0.27043
18.3,0.32203,0.1,0.20252,0.2,0.27043
18.3,0.32203,0.1,0.20259,0.2,0.27043
18.3,0.32203,0.1,0.20262,0.2,0.27043
18.3,0.32203,0.1,0.20266,0.2,0.27544
18.3,0.32203,0.1,0.2027,0.2,0.27578
18.2,0.32203,0.1,0.20275,0.2,0.27578
18.3,0.32208,0.1,0.20279,0.2,0.27695
18.3,0.32208,0.1,0.20288,0.2,0.27849
18.3,0.32208,0.1,0.20308,0.2,0.27944
18.3,0.32208,0.1,0.20321,0.2,0.28556
18.3,0.32209,0.1,0.20355,0.2,0.28706
18.2,0.32209,0.1,0.2038,0.2,0.28757
18.3,0.32209,0.1,0.20408,0.2,0.28832
18.3,0.32236,0.1,0.20436,0.2,0.29045
18.3,0.32236,0.1,0.20469,0.2,0.29151
18.3,0.32238,0.1,0.205,0.2,0.29399
18.3,0.32245,0.1,0.20521,0.2,0.29706
18.2,0.32245,0.1,0.20545,0.2,0.29979
18.2,0.3225,0.1,0.206,0.2,0.30698
18.2,0.32255,0.1,0.20654,0.2,0.30987
18.2,0.32273,0.1,0.20706,0.2,0.31471
18.2,0.32288,0.1,0.20736,0.2,0.31746
18.2,0.32306,0.1,0.20802,0.2,0.32575
18.3,0.32332,0.1,0.20852,0.2,0.32714
18.2,0.32374,0.1,0.20917,0.2,0.32829
18.2,0.32418,0.1,0.20965,0.2,0.32927
18.2,0.32446,0.1,0.21018,0.2,0.33258
18.2,0.32478,0.1,0.211,0.2,0.33496
18.2,0.32579,0.1,0.2122,0.2,0.33689
18.2,0.32626,0.1,0.2134,0.2,0.34016
18.2,0.32663,0.1,0.21392,0.2,0.34322
18.2,0.32694,0.1,0.21424,0.2,0.34408
18.2,0.32712,0.1,0.21432,0.2,0.34408
18.2,0.3273,0.1,0.21451,0.2,0.34408
18.2,0.32761,0.1,0.21461,0.2,0.34408
18.2,0.3277,0.1,0.21468,0.2,0.34408
18.2,0.32777,0.1,0.21487,0.2,0.34408
18.2,0.3278,0.1,0.21488,0.2,0.34408
18.2,0.3278,0.1,0.21496,0.2,0.34408
18.2,0.32783,0.1,0.21521,0.2,0.34408
18.2,0.32788,0.1,0.21521,0.2,0.34408
18.2,0.32791,0.1,0.21522,0.2,0.34408
18.2,0.32791,0.1,0.21527,0.2,0.34408
18.2,0.32791,0.1,0.21527,0.2,0.34408
18.2,0.32793,0.1,0.21527,0.2,0.34408
18.2,0.32795,0.1,0.2153,0.2,0.34408
18.2,0.32798,0.1,0.21531,0.2,0.34408
18.2,0.32805,0.1,0.21546,0.2,0.34408
18.2,0.32838,0.1,0.21546,0.2,0.34442
18.2,0.32838,0.1,0.21546,0.2,0.34442
18.2,0.32841,0.1,0.21553,0.2,0.34455
18.2,0.32847,0.1,0.21553,0.2,0.34455
18.2,0.32849,0.1,0.21553,0.2,0.34455
18.2,0.32852,0.1,0.21553,0.2,0.34455
18.2,0.32852,0.1,0.21555,0.2,0.34455
18.2,0.32855,0.1,0.21555,0.2,0.34455
18.2,0.32879,0.1,0.21555,0.2,0.34455
18.2,0.32908,0.1,0.21555,0.1,0.34487
18.2,0.32908,0.1,0.21555,0.2,0.34487
18.2,0.32915,0.1,0.21555,0.1,0.34522
18.2,0.32915,0.1,0.21555,0.1,0.34522
18.2,0.32926,0.1,0.21555,0.1,0.34522
18.2,0.32932,0.1,0.21558,0.1,0.34522
18.2,0.32945,0.1,0.21558,0.1,0.34522
18.2,0.32972,0.1,0.21558,0.2,0.34533
18.2,0.33007,0.1,0.2156,0.1,0.34555
18.1,0.33021,0.1,0.21565,0.1,0.34555
18.1,0.33047,0.1,0.21565,0.1,0.34596
18.2,0.33066,0.1,0.21568,0.1,0.34596
18.1,0.33077,0.1,0.2157,0.1,0.34658
18.2,0.33079,0.1,0.2157,0.1,0.34692
18.1,0.33094,0.1,0.21579,0.1,0.34743
18.2,0.33099,0.1,0.21581,0.1,0.34743
18.2,0.33104,0.1,0.21581,0.1,0.34873
18.1,0.33105,0.1,0.21581,0.1,0.34904
18.2,0.33122,0.1,0.21583,0.1,0.34904
18.1,0.33132,0.1,0.21583,0.1,0.34904
18.2,0.3314,0.1,0.21583,0.1,0.34904
18.1,0.33149,0.1,0.21583,0.1,0.34904
18.1,0.33152,0.1,0.21583,0.1,0.34904
18.1,0.33192,0.1,0.21592,0.1,0.34904
18.1,0.33217,0.1,0.21595,0.1,0.34904
18.1,0.33258,0.1,0.21595,0.1,0.35019
18.2,0.33319,0.1,0.21595,0.1,0.35019
18.1,0.33374,0.1,0.21595,0.1,0.35019
18.1,0.33429,0.1,0.21595,0.1,0.35019
18.1,0.33468,0.1,0.21595,0.1,0.35019
18.1,0.33523,0.1,0.21595,0.1,0.35019
18.1,0.33585,0.1,0.21595,0.1,0.35019
18.1,0.33677,0.1,0.21595,0.1,0.35019
18.1,0.3373,0.1,0.21595,0.1,0.35036
18.2,0.33752,0.1,0.21595,0.1,0.35036
18.1,0.33771,0.1,0.21595,0.1,0.35036
18.1,0.33795,0.1,0.21598,0.1,0.35036
18.1,0.33835,0.1,0.21598,0.1,0.35036
18.1,0.33847,0.1,0.21604,0.1,0.35036
18.1,0.33869,0.1,0.21604,0.1,0.35036
18.1,0.33869,0.1,0.21604,0.1,0.35036
18.1,0.33889,0.1,0.21606,0.1,0.35036
18.1,0.33893,0.1,0.21606,0.1,0.35036
18.1,0.33894,0.1,0.21606,0.1,0.35036
18.2,0.33921,0.1,0.21606,0.1,0.35036
18.1,0.33937,0.1,0.21606,0.1,0.35053
18.1,0.33959,0.1,0.21606,0.1,0.35053
18.1,0.33962,0.1,0.21606,0.1,0.35053
18.1,0.33984,0.1,0.21606,0.1,0.35053
18.1,0.34039,0.1,0.21606,0.1,0.35053
18.1,0.34198,0.1,0.21606,0.1,0.35053
18.1,0.34372,0.1,0.21606,0.1,0.35053
18.1,0.34586,0.1,0.21606,0.1,0.35053
18.1,0.34742,0.1,0.21606,0.1,0.35053
18.1,0.34908,0.1,0.21606,0.1,0.35053
18.1,0.35232,0.1,0.21606,0.1,0.35053
18.1,0.35489,0.1,0.21606,0.1,0.35053
18.1,0.35751,0.1,0.21606,0.1,0.35053
18.1,0.36011,0.1,0.21606,0.1,0.35053
18.1,0.36317,0.1,0.21606,0.1,0.35053
18.1,0.36539,0.1,0.21606,0.1,0.35053
18.1,0.36729,0.1,0.21606,0.1,0.35053
18.1,0.36895,0.1,0.21606,0.1,0.35053
18.1,0.36981,0.1,0.21606,0.1,0.35053
18.1,0.37106,0.1,0.21606,0.1,0.35053
18.1,0.37156,0.1,0.21606,0.1,0.35053
18.1,0.372,0.1,0.21606,0.1,0.35053
18.1,0.3725,0.1,0.21608,0.1,0.35053
18.1,0.37273,0.1,0.21612,0.1,0.35053
18.1,0.37274,0.1,0.21612,0.1,0.35053
18.1,0.37293,0.1,0.21612,0.1,0.35053
18.1,0.37301,0.1,0.21612,0.1,0.35053
18.1,0.37303,0.1,0.21612,0.1,0.35053
18.1,0.37322,0.1,0.21612,0.1,0.35053
18.1,0.37326,0.1,0.21612,0.1,0.35053
18.1,0.37334,0.1,0.21612,0.1,0.35053
18.1,0.37341,0.1,0.21612,0.1,0.35053
18,0.37347,0.1,0.21612,0.1,0.35053
18.1,0.37375,0.1,0.21612,0.1,0.35053
18.1,0.37379,0.1,0.21612,0.1,0.35053
18.1,0.37387,0.1,0.21612,0.1,0.35053
18.1,0.37417,0.1,0.21612,0.1,0.35053
18,0.37417,0.1,0.21612,0.1,0.35053
18.1,0.3742,0.1,0.21612,0.1,0.35053
18.1,0.3742,0.1,0.21612,0.1,0.35053
18.1,0.37427,0.1,0.21612,0.1,0.35053
18,0.37427,0.1,0.21614,0.1,0.35053
18.1,0.37431,0.1,0.21614,0.1,0.35053
18,0.37434,0.1,0.21623,0.1,0.35053
18,0.37434,0.1,0.2163,0.1,0.35053
18.1,0.37459,0.1,0.21651,0.1,0.35053
18.1,0.37481,0.1,0.21668,0.1,0.35053
18.1,0.37504,0.1,0.21692,0.1,0.35053
18.1,0.37524,0.1,0.21723,0.1,0.35053
18.1,0.37575,0.1,0.2176,0.1,0.35053
18.1,0.37655,0.1,0.21815,0.1,0.35053
18.1,0.37754,0.1,0.21848,0.1,0.35053
18,0.37843,0.1,0.21918,0.1,0.35053
18.1,0.37897,0.1,0.21955,0.1,0.35053
18.1,0.38009,0.1,0.22011,0.1,0.35053
18.1,0.38161,0.1,0.2208,0.1,0.35053
18.1,0.38264,0.1,0.22153,0.1,0.35082
18.1,0.38353,0.1,0.22234,0.1,0.35082
18.1,0.38402,0.1,0.22262,0.1,0.35082
18.1,0.38454,0.1,0.22335,0.1,0.35082
18.1,0.38529,0.1,0.22459,0.1,0.35082
18,0.38611,0.1,0.22606,0.1,0.35082
18.1,0.38653,0.1,0.22712,0.1,0.35082
18,0.38729,0.1,0.22837,0.1,0.35082
18.1,0.38764,0.1,0.2295,0.1,0.35082
18,0.38815,0.1,0.23101,0.1,0.35082
18,0.38897,0.1,0.23251,0.1,0.35082
18,0.38965,0.1,0.23411,0.1,0.35082
18,0.39017,0.1,0.23518,0.1,0.35082
18,0.39091,0.1,0.23641,0.1,0.35082
18.1,0.39176,0.1,0.23788,0.1,0.35082
18,0.39222,0.1,0.23917,0.1,0.35082
18,0.39248,0.1,0.24007,0.1,0.35082
18,0.39301,0.1,0.24074,0.1,0.35082
18,0.39374,0.1,0.24209,0.1,0.35082
18.1,0.39487,0.1,0.24363,0.1,0.35082
18,0.39588,0.1,0.24541,0.1,0.35082
18.1,0.39716,0.1,0.24727,0.1,0.35082
18.1,0.39808,0.1,0.24931,0.1,0.35082
18,0.3983,0.1,0.25112,0.1,0.35082
18,0.39833,0.1,0.2529,0.1,0.35082
18,0.39834,0.1,0.25435,0.1,0.35082
18,0.39838,0.1,0.25573,0.1,0.35082
18,0.39838,0.1,0.25768,0.1,0.35082
18,0.39845,0.1,0.25967,0.1,0.35082
18,0.39845,0.1,0.2615,0.1,0.35082
18.1,0.39845,0.1,0.26335,0.1,0.35082
18,0.39854,0.1,0.26484,0.1,0.35082
18,0.39875,0.1,0.2663,0.1,0.35082
18,0.39896,0.1,0.26755,0.1,0.35082
18,0.3992,0.1,0.26893,0.1,0.35082
18,0.39934,0.1,0.27038,0.1,0.35082
18,0.39968,0.1,0.27191,0.1,0.35082
18,0.39977,0.1,0.27317,0.1,0.35082
18,0.39982,0.1,0.27418,0.1,0.35082
18,0.39987,0.1,0.27481,0.1,0.35082
18,0.39987,0.1,0.27551,0.1,0.35082
18,0.39995,0.1,0.27605,0.1,0.35082
18,0.39997,0.1,0.27651,0.1,0.35082
18,0.39997,0.1,0.27687,0.1,0.35082
18,0.39998,0.1,0.27715,0.1,0.35082
18,0.40007,0.1,0.27749,0.1,0.35082
18,0.40013,0.1,0.27792,0.1,0.35082
18,0.4003,0.1,0.27828,0.1,0.35082
18,0.40038,0.1,0.27884,0.1,0.35082
18,0.40055,0.1,0.27956,0.1,0.35082
18,0.40081,0.1,0.28046,0.1,0.35082
18,0.40123,0.1,0.28161,0.1,0.35082
18,0.40196,0.1,0.2831,0.1,0.35086
18,0.40311,0.1,0.28486,0.1,0.35114
18,0.40469,0.1,0.2874,0.1,0.35114
18,0.40685,0.1,0.29058,0.1,0.35114
18,0.40936,0.1,0.29345,0.1,0.35168
18,0.41203,0.1,0.2962,0.1,0.35168
18,0.41443,0.1,0.29908,0.1,0.35168
18,0.41703,0.1,0.30194,0.1,0.35168
18,0.41956,0.1,0.30548,0.1,0.35168
18,0.42252,0.1,0.30798,0.1,0.35168
18,0.42636,0.1,0.31153,0.1,0.35168
18,0.42938,0.1,0.31426,0.1,0.35168
18,0.43246,0.1,0.31627,0.1,0.35168
18,0.4362,0.1,0.31808,0.1,0.35168
18,0.43999,0.1,0.32005,0.1,0.35168
18,0.44432,0.1,0.32298,0.1,0.35168
18,0.44855,0.1,0.32615,0.1,0.35168
18,0.45308,0.1,0.32825,0.1,0.35168
18,0.45722,0.1,0.33008,0.1,0.35168
17.9,0.46165,0.1,0.33191,0.1,0.35168
18,0.4666,0.1,0.33382,0.1,0.35168
18,0.47051,0.1,0.33465,0.1,0.35168
18,0.47386,0.1,0.33555,0.1,0.35168
18,0.47685,0.1,0.3366,0.1,0.35168
18,0.47892,0.1,0.33721,0.1,0.35168
18,0.48081,0.1,0.33754,0.1,0.35168
17.9,0.4826,0.1,0.3376,0.1,0.35168
17.9,0.4848,0.1,0.33789,0.1,0.35168
18,0.48611,0.1,0.33791,0.1,0.35168
18,0.48761,0.1,0.33791,0.1,0.352
18,0.4885,0.1,0.33797,0.1,0.352
18,0.48989,0.1,0.33797,0.1,0.352
18,0.49155,0.1,0.33815,0.1,0.352
18,0.49246,0.1,0.33815,0.1,0.352
18,0.49318,0.1,0.33815,0.1,0.352
18,0.49407,0.1,0.33815,0.1,0.352
18,0.49501,0.1,0.33815,0.1,0.352
18,0.49578,0.1,0.33815,0.1,0.35211
18,0.4966,0.1,0.33815,0.1,0.35211
18,0.49701,0.1,0.33815,0.1,0.35211
18,0.49751,0.1,0.33815,0.1,0.35211
18,0.49788,0.1,0.33815,0.1,0.35211
18,0.49791,0.1,0.33815,0.1,0.35211
18,0.49794,0.1,0.33815,0.1,0.35211
18,0.49799,0.1,0.33815,0.1,0.35211
18,0.49799,0.1,0.33815,0.1,0.35211
17.9,0.49803,0.1,0.33815,0.1,0.35211
18,0.49803,0.1,0.33815,0.1,0.35211
18,0.49813,0.1,0.33815,0.1,0.35211
17.9,0.49816,0.1,0.33815,0.1,0.35211
18,0.49823,0.1,0.33815,0.1,0.35211
18,0.49876,0.1,0.33815,0.1,0.35211
17.9,0.49885,0.1,0.33815,0.1,0.35211
17.9,0.49903,0.1,0.33815,0.1,0.35211
18,0.49914,0.1,0.33815,0.1,0.35211
18,0.49946,0.1,0.33815,0.1,0.35211
18,0.49973,0.1,0.33815,0.1,0.35211
17.9,0.50038,0.1,0.33815,0.1,0.35211
18,0.50062,0.1,0.33815,0.1,0.35211
17.9,0.50084,0.1,0.33815,0.1,0.35211
17.9,0.50103,0.1,0.33815,0.1,0.35211
18,0.50132,0.1,0.33815,0.1,0.35211
17.9,0.50191,0.1,0.33815,0.1,0.35217
18,0.50265,0.1,0.33815,0.1,0.35217
17.9,0.5029,0.1,0.33815,0.1,0.35217
17.9,0.50391,0.1,0.33815,0.1,0.35217
18,0.50491,0.1,0.33815,0.1,0.35217
17.9,0.50547,0.1,0.33815,0.1,0.35217
17.9,0.50615,0.1,0.33815,0.1,0.35265
18,0.50646,0.1,0.33815,0.1,0.35265
18,0.50671,0.1,0.33815,0.1,0.35265
17.9,0.50681,0.1,0.33815,0.1,0.35389
18,0.50691,0.1,0.33815,0.1,0.35389
17.9,0.50712,0.1,0.33815,0.1,0.35428
18,0.50724,0.1,0.33815,0.1,0.35428
18,0.50801,0.1,0.33815,0.1,0.35428
17.9,0.50847,0.1,0.33815,0.1,0.35428
17.9,0.50864,0.1,0.33815,0.1,0.35428
17.9,0.5095,0.1,0.33815,0.1,0.35428
17.9,0.51002,0.1,0.33815,0.1,0.35428
17.9,0.51031,0.1,0.33815,0.1,0.35428
17.9,0.51081,0.1,0.33815,0.1,0.35428
17.9,0.5112,0.1,0.33815,0.1,0.35428
17.9,0.51148,0.1,0.33815,0.1,0.35428
17.9,0.51178,0.1,0.33815,0.1,0.35428
17.9,0.51225,0.1,0.33815,0.1,0.35428
18,0.51259,0.1,0.33815,0.1,0.35428
17.9,0.51307,0.1,0.33815,0.1,0.35456
17.9,0.51347,0.1,0.33815,0.1,0.35456
17.9,0.51418,0.1,0.33815,0.1,0.35456
17.9,0.51498,0.1,0.33815,0.1,0.35456
17.9,0.51575,0.1,0.33815,0.1,0.35456
17.9,0.51687,0.1,0.33815,0.1,0.35456
17.9,0.51781,0.1,0.33815,0.1,0.35456
17.9,0.51879,0.1,0.33815,0.1,0.35456
17.9,0.51933,0.1,0.33815,0.1,0.35456
17.9,0.51994,0.1,0.33815,0.1,0.35456
17.9,0.52072,0.1,0.33815,0.1,0.35456
17.9,0.52106,0.1,0.33815,0.1,0.35456
17.9,0.52129,0.1,0.33815,0.1,0.35456
17.9,0.5213,0.1,0.33815,0.1,0.35456
17.9,0.52151,0.1,0.33815,0.1,0.35456
17.9,0.52155,0.1,0.33815,0.1,0.35456
17.9,0.52159,0.1,0.33815,0.1,0.35456
17.9,0.52159,0.1,0.33815,0.1,0.35456
17.9,0.52159,0.1,0.33815,0.1,0.35456
17.9,0.52162,0.1,0.33815,0.1,0.35456
17.9,0.52172,0.1,0.33815,0.1,0.35456
17.9,0.52183,0.1,0.33815,0.1,0.35456
17.9,0.52205,0.1,0.33815,0.1,0.35456
17.9,0.52236,0.1,0.33815,0.1,0.35456
18,0.52242,0.1,0.33815,0.1,0.35456
17.9,0.5225,0.1,0.33815,0.1,0.35456
17.9,0.52264,0.1,0.33815,0.1,0.35456
17.9,0.52315,0.1,0.33815,0.1,0.35456
17.9,0.52357,0.1,0.33815,0.1,0.35456
17.9,0.52391,0.1,0.33815,0.1,0.35456
17.9,0.52417,0.1,0.33815,0.1,0.35456
17.9,0.52473,0.1,0.33815,0.1,0.35476
17.9,0.52496,0.1,0.33815,0.1,0.35476
17.9,0.52511,0.1,0.33815,0.1,0.35476
17.9,0.52511,0.1,0.33815,0.1,0.35476
17.9,0.52522,0.1,0.33815,0.1,0.35476
17.9,0.52548,0.1,0.33815,0.1,0.356
17.9,0.52548,0.1,0.33817,0.1,0.356
17.9,0.52548,0.1,0.33821,0.1,0.35801
17.9,0.52561,0.1,0.33825,0.1,0.35942
17.9,0.52602,0.1,0.33833,0.1,0.35942
17.9,0.52649,0.1,0.33833,0.1,0.35942
17.9,0.52781,0.1,0.33833,0.1,0.35992
17.9,0.52902,0.1,0.33833,0.1,0.35992
17.9,0.53049,0.1,0.33833,0.1,0.35992
17.9,0.5317,0.1,0.33833,0.1,0.35992
17.9,0.53217,0.1,0.33833,0.1,0.35992
17.9,0.53327,0.1,0.33833,0.1,0.35992
17.9,0.53384,0.1,0.33833,0.1,0.35992
17.9,0.53505,0.1,0.33833,0.1,0.35992
17.9,0.53541,0.1,0.33833,0.1,0.35992
17.9,0.53549,0.1,0.33833,0.1,0.35992
17.9,0.53559,0.1,0.33833,0.1,0.35992
17.9,0.53569,0.1,0.33833,0.1,0.35992
17.9,0.53606,0.1,0.33833,0.1,0.35992
17.9,0.53758,0.1,0.33833,0.1,0.35992
17.9,0.53981,0.1,0.33833,0.1,0.35992
17.9,0.54253,0.1,0.33833,0.1,0.35992
17.9,0.54564,0.1,0.33833,0.1,0.35992
17.9,0.54896,0.1,0.33833,0.1,0.35992
17.9,0.5521,0.1,0.33833,0.1,0.35992
17.9,0.55513,0.1,0.33833,0.1,0.35992
17.9,0.55833,0.1,0.33833,0.1,0.35992
17.9,0.56144,0.1,0.33834,0.1,0.35992
17.9,0.5646,0.1,0.33838,0.1,0.35992
17.9,0.56789,0.1,0.33839,0.1,0.35992
17.9,0.57233,0.1,0.33847,0.1,0.35992
17.9,0.5765,0.1,0.33866,0.1,0.35992
17.9,0.58053,0.1,0.33871,0.1,0.35992
17.9,0.585,0.1,0.33896,0.1,0.35992
17.9,0.58971,0.1,0.33932,0.1,0.35992
17.9,0.59433,0.1,0.33959,0.1,0.35992
17.9,0.59883,0.1,0.33994,0.1,0.35992
17.9,0.60339,0.1,0.34028,0.1,0.36051
17.9,0.60667,0.1,0.34051,0.1,0.36051
17.9,0.60975,0.1,0.3406,0.1,0.36051
17.9,0.6136,0.1,0.34088,0.1,0.36051
17.9,0.61695,0.1,0.34101,0.1,0.36051
17.9,0.62047,0.1,0.34142,0.1,0.36051
17.9,0.62359,0.1,0.34157,0.1,0.36051
17.9,0.62616,0.1,0.34167,0.1,0.36051
17.9,0.62888,0.1,0.34211,0.1,0.36052
17.8,0.63076,0.1,0.34256,0.1,0.36121
17.9,0.63232,0.1,0.34271,0.1,0.3613
17.9,0.63368,0.1,0.34293,0.1,0.36136
17.9,0.63483,0.1,0.34311,0.1,0.36171
17.9,0.63532,0.1,0.34313,0.1,0.36171
17.9,0.63566,0.1,0.34323,0.1,0.36185
17.9,0.63592,0.1,0.34326,0.1,0.36185
17.9,0.63627,0.1,0.34341,0.1,0.36371
17.9,0.63666,0.1,0.34355,0.1,0.36507
17.9,0.63694,0.1,0.34368,0.1,0.36582
17.9,0.63696,0.1,0.34375,0.1,0.36598
17.9,0.6372,0.1,0.3438,0.1,0.36775
17.9,0.63751,0.1,0.34396,0.1,0.37007
17.9,0.63751,0.1,0.34401,0.1,0.37074
17.9,0.63756,0.1,0.34406,0.1,0.37137
17.8,0.63761,0.1,0.34429,0.1,0.37344
17.9,0.63768,0.1,0.34449,0.1,0.37532
17.9,0.63768,0.1,0.34473,0.1,0.37578
17.9,0.6377,0.1,0.34481,0.1,0.37578
17.9,0.6377,0.1,0.34496,0.1,0.37578
17.9,0.6377,0.1,0.34514,0.1,0.37578
17.9,0.63777,0.1,0.34543,0.1,0.37578
17.9,0.638,0.1,0.34642,0.1,0.37578
17.9,0.63855,0.1,0.34745,0.1,0.37578
17.9,0.63926,0.1,0.34826,0.1,0.37578
17.9,0.64068,0.1,0.34961,0.1,0.37578
17.9,0.64342,0.1,0.35138,0.1,0.37578
17.8,0.64454,0.1,0.35247,0.1,0.37578
17.8,0.64656,0.1,0.35437,0.1,0.37578
17.9,0.64831,0.1,0.35621,0.1,0.37578
17.9,0.65088,0.1,0.3578,0.1,0.37618
17.9,0.65284,0.1,0.35898,0.1,0.37618
17.9,0.655,0.1,0.3601,0.1,0.37618
17.8,0.6575,0.1,0.36154,0.1,0.37696
17.8,0.66005,0.1,0.36299,0.1,0.37751
17.9,0.66245,0.1,0.3638,0.1,0.37797
17.9,0.66438,0.1,0.36433,0.1,0.37811
17.9,0.66602,0.1,0.36522,0.1,0.37818
17.9,0.66762,0.1,0.36591,0.1,0.3782
17.8,0.66966,0.1,0.36697,0.1,0.37822
17.9,0.67157,0.1,0.3677,0.1,0.37874
17.9,0.67289,0.1,0.36832,0.1,0.37874
17.9,0.67374,0.1,0.36876,0.1,0.37874
17.8,0.67435,0.1,0.36913,0.1,0.37874
17.9,0.67481,0.1,0.36925,0.1,0.37874
17.9,0.6754,0.1,0.36946,0.1,0.37874
17.9,0.67607,0.1,0.36958,0.1,0.37874
17.9,0.67633,0.1,0.36958,0.1,0.37874
17.9,0.6766,0.1,0.36958,0.1,0.37874
17.9,0.67688,0.1,0.36958,0.1,0.37874
17.9,0.67723,0.1,0.36964,0.1,0.37874
17.9,0.67763,0.1,0.36964,0.1,0.37874
17.9,0.6781,0.1,0.36964,0.1,0.37874
17.9,0.67903,0.1,0.36964,0.1,0.37874
17.9,0.67953,0.1,0.36964,0.1,0.37874
17.9,0.67983,0.1,0.36967,0.1,0.37878
17.9,0.67992,0.1,0.36967,0.1,0.37878
17.9,0.67992,0.1,0.36967,0.1,0.37878
17.8,0.67992,0.1,0.36967,0.1,0.37878
17.9,0.67992,0.1,0.36973,0.1,0.37878
17.9,0.67992,0.1,0.36985,0.1,0.37878
17.9,0.67992,0.1,0.36985,0.1,0.37878
17.9,0.67992,0.1,0.36985,0.1,0.37878
17.9,0.67992,0.1,0.36985,0.1,0.37878
17.9,0.67992,0.1,0.36985,0.1,0.37878
17.9,0.67992,0.1,0.36985,0.1,0.37878
17.9,0.67992,0.1,0.36985,0.1,0.379
17.8,0.67992,0.1,0.36995,0.1,0.379
17.8,0.67992,0.1,0.37009,0.1,0.37901
17.9,0.67992,0.1,0.37018,0.1,0.37901
17.8,0.67992,0.1,0.37037,0.1,0.3799
17.9,0.68,0.1,0.37049,0.1,0.38084
17.8,0.68012,0.1,0.37057,0.1,0.38099
17.9,0.68021,0.1,0.37086,0.1,0.38206
17.8,0.68023,0.1,0.37115,0.1,0.38206
17.9,0.68023,0.1,0.37159,0.1,0.38206
17.9,0.68023,0.1,0.37159,0.1,0.38206
17.9,0.6803,0.1,0.37186,0.1,0.38206
17.9,0.68036,0.1,0.37193,0.1,0.38206
17.9,0.68072,0.1,0.37225,0.1,0.38206
17.9,0.68109,0.1,0.37225,0.1,0.38206
17.8,0.68169,0.1,0.37225,0.1,0.38206
17.8,0.6826,0.1,0.37227,0.1,0.38212
17.9,0.68363,0.1,0.37227,0.1,0.38242
17.9,0.68459,0.1,0.37227,0.1,0.38242
17.9,0.68568,0.1,0.37229,0.1,0.38242
17.9,0.68672,0.1,0.37229,0.1,0.38242
17.9,0.68808,0.1,0.37229,0.1,0.38242
17.9,0.68908,0.1,0.37229,0.1,0.38242
17.9,0.68971,0.1,0.37229,0.1,0.38242
17.8,0.69036,0.1,0.37229,0.1,0.38242
17.9,0.69068,0.1,0.37229,0.1,0.38242
17.9,0.69115,0.1,0.37236,0.1,0.38242
17.9,0.69139,0.1,0.37245,0.1,0.38242
17.8,0.69146,0.1,0.37245,0.1,0.38242
17.9,0.69146,0.1,0.37245,0.1,0.38242
17.8,0.69157,0.1,0.37245,0.1,0.38242
17.9,0.69157,0.1,0.37245,0.1,0.38242
17.9,0.69161,0.1,0.37245,0.1,0.38242
17.8,0.69161,0.1,0.37245,0.1,0.38242
17.8,0.69177,0.1,0.37245,0.1,0.38242
17.9,0.69216,0.1,0.37245,0.1,0.38242
17.8,0.69293,0.1,0.37245,0.1,0.38242
17.9,0.69298,0.1,0.37246,0.1,0.38242
17.8,0.69302,0.1,0.37256,0.1,0.38242
17.9,0.69302,0.1,0.37259,0.1,0.38242
17.9,0.69328,0.1,0.37259,0.1,0.3826
17.8,0.69457,0.1,0.37259,0.1,0.38299
17.9,0.69612,0.1,0.37259,0.1,0.38399
17.8,0.69667,0.1,0.3726,0.1,0.38463
17.8,0.69672,0.1,0.3726,0.1,0.38495
17.9,0.69703,0.1,0.3726,0.1,0.38541
17.9,0.69851,0.1,0.3726,0.1,0.38609
17.8,0.70011,0.1,0.3726,0.1,0.38611
17.9,0.70078,0.1,0.3726,0.1,0.3862
17.9,0.70159,0.1,0.3726,0.1,0.38747
17.9,0.70175,0.1,0.3726,0.1,0.38787
17.8,0.70175,0.1,0.3726,0.1,0.38787
17.9,0.70217,0.1,0.3726,0.1,0.38807
17.8,0.70326,0.1,0.3726,0.1,0.38807
17.9,0.70463,0.1,0.37262,0.1,0.38807
17.8,0.70554,0.1,0.37263,0.1,0.38833
17.8,0.70564,0.1,0.37263,0.1,0.38833
17.9,0.70565,0.1,0.37264,0.1,0.38833
17.9,0.7057,0.1,0.37279,0.1,0.38833
17.8,0.70575,0.1,0.37294,0.1,0.38833
17.8,0.70594,0.1,0.37318,0.1,0.38833
17.9,0.70639,0.1,0.37379,0.1,0.38833
17.8,0.70646,0.1,0.37442,0.1,0.38833
17.8,0.70656,0.1,0.37487,0.1,0.38851
17.9,0.70656,0.1,0.37521,0.1,0.38851
17.8,0.70656,0.1,0.37572,0.1,0.38851
17.8,0.70656,0.1,0.37668,0.1,0.38868
17.8,0.70669,0.1,0.3775,0.1,0.38868
17.8,0.70677,0.1,0.37909,0.1,0.38868
17.8,0.70695,0.1,0.38116,0.1,0.38993
17.8,0.70715,0.1,0.38306,0.1,0.39138
17.8,0.70723,0.1,0.38416,0.1,0.39373
17.9,0.70739,0.1,0.38502,0.1,0.39404
17.9,0.7074,0.1,0.38589,0.1,0.39457
17.8,0.70765,0.1,0.3868,0.1,0.396
17.8,0.7077,0.1,0.38742,0.1,0.39659
17.8,0.70775,0.1,0.38818,0.1,0.39712
17.8,0.70814,0.1,0.38918,0.1,0.39947
17.8,0.70825,0.1,0.39082,0.1,0.40374
17.8,0.70825,0.1,0.39176,0.1,0.40374
17.8,0.70845,0.1,0.39278,0.1,0.40374
17.8,0.70866,0.1,0.39356,0.1,0.40374
17.8,0.70866,0.1,0.39547,0.1,0.40561
17.9,0.70876,0.1,0.39741,0.1,0.40607
17.8,0.70876,0.1,0.39943,0.1,0.40607
17.8,0.70876,0.1,0.40088,0.1,0.40608
17.8,0.70879,0.1,0.40198,0.1,0.40608
17.8,0.70898,0.1,0.40379,0.1,0.40608
17.8,0.70912,0.1,0.40562,0.1,0.40608
17.8,0.7092,0.1,0.40748,0.1,0.40608
17.8,0.7095,0.1,0.40896,0.1,0.40608
17.9,0.70965,0.1,0.40997,0.1,0.40608
17.8,0.7097,0.1,0.41155,0.1,0.40608
17.8,0.71016,0.1,0.41275,0.1,0.40608
17.9,0.71054,0.1,0.41389,0.1,0.40608
17.8,0.71069,0.1,0.41465,0.1,0.40608
17.8,0.71082,0.1,0.41523,0.1,0.40608
17.8,0.71084,0.1,0.41595,0.1,0.40608
17.8,0.71107,0.1,0.4167,0.1,0.40608
17.8,0.7111,0.1,0.41761,0.1,0.40608
17.8,0.71116,0.1,0.41912,0.1,0.40608
17.8,0.71153,0.1,0.42046,0.1,0.40692
17.8,0.71361,0.1,0.42261,0.1,0.40692
17.9,0.71669,0.1,0.42475,0.1,0.40792
17.8,0.71945,0.1,0.42761,0.1,0.411
17.8,0.71997,0.1,0.43048,0.1,0.411
17.8,0.72052,0.1,0.43361,0.1,0.41218
17.8,0.72227,0.1,0.43722,0.1,0.41313
17.8,0.72362,0.1,0.44043,0.1,0.41467
17.8,0.7244,0.1,0.44411,0.1,0.41479
17.9,0.72452,0.1,0.44834,0.1,0.41479
17.8,0.72511,0.1,0.45258,0.1,0.41518
17.8,0.72699,0.1,0.45755,0.1,0.41518
17.8,0.7307,0.1,0.46278,0.1,0.41518
17.8,0.73462,0.1,0.46737,0.1,0.41535
17.8,0.73789,0.1,0.4714,0.1,0.41535
17.8,0.74086,0.1,0.47515,0.1,0.41535
17.8,0.74257,0.1,0.47772,0.1,0.41535
17.8,0.74386,0.1,0.48038,0.1,0.41535
17.8,0.74431,0.1,0.48257,0.1,0.41535
17.8,0.74439,0.1,0.48429,0.1,0.41535
17.8,0.74463,0.1,0.48593,0.1,0.41535
17.8,0.74498,0.1,0.48752,0.1,0.41535
17.8,0.74523,0.1,0.48894,0.1,0.41535
17.8,0.74586,0.1,0.49018,0.1,0.41535
17.8,0.74691,0.1,0.49178,0.1,0.41535
17.8,0.7484,0.1,0.49329,0.1,0.41535
17.8,0.75016,0.1,0.49443,0.1,0.41535
17.8,0.75271,0.1,0.49533,0.1,0.41535
17.8,0.75642,0.1,0.49626,0.1,0.41535
17.8,0.76062,0.1,0.49704,0.1,0.41535
17.8,0.76461,0.1,0.49726,0.1,0.41535
17.9,0.76843,0.1,0.4975,0.1,0.41535
17.8,0.77229,0.1,0.49771,0.1,0.41535
17.8,0.77628,0.1,0.49783,0.1,0.41535
17.8,0.78049,0.1,0.4979,0.1,0.41535
17.8,0.78405,0.1,0.49794,0.1,0.41535
17.8,0.78847,0.1,0.49842,0.1,0.41535
17.8,0.79247,0.1,0.49856,0.1,0.41535
17.8,0.79649,0.1,0.49902,0.1,0.41535
17.8,0.8007,0.1,0.49996,0.1,0.41535
17.8,0.80458,0.1,0.50097,0.1,0.41535
17.8,0.80824,0.1,0.50242,0.1,0.41535
17.8,0.81134,0.1,0.50436,0.1,0.41535
17.8,0.81424,0.1,0.50623,0.1,0.41535
17.8,0.81646,0.1,0.50844,0.1,0.41535
17.8,0.8182,0.1,0.51118,0.1,0.41535
17.8,0.81985,0.1,0.51392,0.1,0.41535
17.8,0.82235,0.1,0.51734,0.1,0.41535
17.8,0.82468,0.1,0.52106,0.1,0.41535
17.8,0.82738,0.1,0.52474,0.1,0.41535
17.8,0.8293,0.1,0.52891,0.1,0.41535
17.8,0.83126,0.1,0.53377,0.1,0.41535
17.8,0.83307,0.1,0.53779,0.1,0.41535
17.8,0.83553,0.1,0.54165,0.1,0.41535
17.8,0.83752,0.1,0.54482,0.1,0.41535
17.8,0.83896,0.1,0.5476,0.1,0.41535
17.8,0.83989,0.1,0.5496,0.1,0.41535
17.8,0.841,0.1,0.55161,0.1,0.41535
17.8,0.84236,0.1,0.55347,0.1,0.41535
17.8,0.84442,0.1,0.55612,0.1,0.41535
17.8,0.84622,0.1,0.55819,0.1,0.41535
17.8,0.84803,0.1,0.55956,0.1,0.41535
17.8,0.85001,0.1,0.56099,0.1,0.41535
17.8,0.85201,0.1,0.56244,0.1,0.41538
17.8,0.85432,0.1,0.56368,0.1,0.41538
17.8,0.85632,0.1,0.56453,0.1,0.41538
17.8,0.85747,0.1,0.56496,0.1,0.41538
17.8,0.85769,0.1,0.56513,0.1,0.41538
17.8,0.85794,0.1,0.56536,0.1,0.41538
17.8,0.85825,0.1,0.56559,0.1,0.41538
17.8,0.85859,0.1,0.56583,0.1,0.41538
17.8,0.85868,0.1,0.56606,0.1,0.41538
17.8,0.8591,0.1,0.56611,0.1,0.41538
17.8,0.85962,0.1,0.56633,0.1,0.41538
17.8,0.86027,0.1,0.56669,0.1,0.41538
17.8,0.86065,0.1,0.56706,0.1,0.41538
17.8,0.86116,0.1,0.56764,0.1,0.41538
17.8,0.86177,0.1,0.56823,0.1,0.41538
17.8,0.86215,0.1,0.56862,0.1,0.41538
17.8,0.86244,0.1,0.56924,0.1,0.41538
17.8,0.86251,0.1,0.57009,0.1,0.41538
17.8,0.86256,0.1,0.57089,0.1,0.41538
17.8,0.86261,0.1,0.57195,0.1,0.41538
17.8,0.86265,0.1,0.57316,0.1,0.41538
17.8,0.86268,0.1,0.57429,0.1,0.41544
17.8,0.86271,0.1,0.57595,0.1,0.41544
17.8,0.86273,0.1,0.57727,0.1,0.41544
17.8,0.86273,0.1,0.57865,0.1,0.41544
17.8,0.86285,0.1,0.58097,0.1,0.41544
17.8,0.86308,0.1,0.58319,0.1,0.41544
17.8,0.86316,0.1,0.58475,0.1,0.41544
17.7,0.86366,0.1,0.58682,0.1,0.41544
17.8,0.86436,0.1,0.58911,0.1,0.41544
17.8,0.86496,0.1,0.59095,0.1,0.41544
17.8,0.86588,0.1,0.5937,0.1,0.41544
17.8,0.86792,0.1,0.59717,0.1,0.41544
17.8,0.86934,0.1,0.60055,0.1,0.41544
17.8,0.87002,0.1,0.60224,0.1,0.41544
17.8,0.87085,0.1,0.60471,0.1,0.41544
17.8,0.87156,0.1,0.60752,0.1,0.41544
17.8,0.87211,0.1,0.60988,0.1,0.41544
17.8,0.8729,0.1,0.61287,0.1,0.41544
17.8,0.87364,0.1,0.61575,0.1,0.41544
17.8,0.8742,0.1,0.6187,0.1,0.41544
17.8,0.87445,0.1,0.62121,0.1,0.41544
17.8,0.87467,0.1,0.62435,0.1,0.41544
17.8,0.8749,0.1,0.62788,0.1,0.41544
17.8,0.87504,0.1,0.63148,0.1,0.41544
17.7,0.87505,0.1,0.63469,0.1,0.41544
17.8,0.87515,0.1,0.63788,0.1,0.41544
17.8,0.87518,0.1,0.64128,0.1,0.41544
17.7,0.8753,0.1,0.64483,0.1,0.41544
17.8,0.87563,0.1,0.64906,0.1,0.41644
17.8,0.87609,0.1,0.65199,0.1,0.41644
17.8,0.87683,0.1,0.65557,0.1,0.41644
17.8,0.87706,0.1,0.65879,0.1,0.41644
17.8,0.87733,0.1,0.66185,0.1,0.41644
17.8,0.87737,0.1,0.6652,0.1,0.41644
17.7,0.87746,0.1,0.66963,0.1,0.41644
17.8,0.87759,0.1,0.67333,0.1,0.41644
17.8,0.87759,0.1,0.67703,0.1,0.41692
17.8,0.8776,0.1,0.68042,0.1,0.41751
17.8,0.87761,0.1,0.68314,0.1,0.41858
17.8,0.87761,0.1,0.68509,0.1,0.41858
17.7,0.87762,0.1,0.6858,0.1,0.41858
17.8,0.87766,0.1,0.68706,0.1,0.41858
17.7,0.87766,0.1,0.6876,0.1,0.41858
17.7,0.87769,0.1,0.68823,0.1,0.41858
17.7,0.87769,0.1,0.68866,0.1,0.41858
17.7,0.87771,0.1,0.68886,0.1,0.41884
17.8,0.87771,0.1,0.68907,0.1,0.41884
17.8,0.87771,0.1,0.6891,0.1,0.41891
17.7,0.87772,0.1,0.68934,0.1,0.42259
17.7,0.87772,0.1,0.68972,0.1,0.42767
17.8,0.87772,0.1,0.69038,0.1,0.4346
17.8,0.87772,0.1,0.69096,0.1,0.44151
17.8,0.87775,0.1,0.6916,0.1,0.44952
17.7,0.87775,0.1,0.69244,0.1,0.45368
17.7,0.87779,0.1,0.69344,0.1,0.45798
17.8,0.8778,0.1,0.69445,0.1,0.46012
17.8,0.8779,0.1,0.6953,0.1,0.46104
17.8,0.87868,0.1,0.69661,0.1,0.46336
17.8,0.87942,0.1,0.69769,0.1,0.46338
17.8,0.8804,0.1,0.69852,0.1,0.46338
17.7,0.88129,0.1,0.69905,0.1,0.46338
17.7,0.88212,0.1,0.69926,0.1,0.46338
17.8,0.88308,0.1,0.69938,0.1,0.46338
17.8,0.88367,0.1,0.69938,0.1,0.46338
17.8,0.88473,0.1,0.6996,0.1,0.46338
17.7,0.88565,0.1,0.69981,0.1,0.46338
17.8,0.88633,0.1,0.7,0.1,0.46338
17.7,0.88697,0.1,0.70052,0.1,0.46338
17.8,0.88752,0.1,0.701,0.1,0.46338
17.7,0.88805,0.1,0.70112,0.1,0.46338
17.7,0.88864,0.1,0.70165,0.1,0.46338
17.8,0.88901,0.1,0.70222,0.1,0.46338
17.8,0.88952,0.1,0.70355,0.1,0.46338
17.8,0.8898,0.1,0.70451,0.1,0.46338
17.7,0.89024,0.1,0.70549,0.1,0.46338
17.7,0.89049,0.1,0.70677,0.1,0.46338
17.7,0.89082,0.1,0.7081,0.1,0.46338
17.8,0.89124,0.1,0.70956,0.1,0.46338
17.7,0.89176,0.1,0.71134,0.1,0.46338
17.8,0.8926,0.1,0.71344,0.1,0.46338
17.7,0.89325,0.1,0.71532,0.1,0.46338
17.7,0.89363,0.1,0.71746,0.1,0.46338
17.7,0.89427,0.1,0.71962,0.1,0.46338
17.7,0.89492,0.1,0.72123,0.1,0.46338
17.7,0.89569,0.1,0.72324,0.1,0.46338
17.8,0.8962,0.1,0.72549,0.1,0.46338
17.7,0.89655,0.1,0.72706,0.1,0.46338
17.7,0.89717,0.1,0.72862,0.1,0.46338
17.7,0.89757,0.1,0.73056,0.1,0.46338
17.7,0.8985,0.1,0.73207,0.1,0.46338
17.8,0.8993,0.1,0.73357,0.1,0.46338
17.7,0.90014,0.1,0.73481,0.1,0.46338
17.7,0.90104,0.1,0.73684,0.1,0.46338
17.7,0.90213,0.1,0.73834,0.1,0.46338
17.7,0.90308,0.1,0.74005,0.1,0.46338
17.7,0.90394,0.1,0.74114,0.1,0.46338
17.7,0.90471,0.1,0.74242,0.1,0.46338
17.7,0.90551,0.1,0.74376,0.1,0.46338
17.7,0.90637,0.1,0.74497,0.1,0.46338
17.7,0.90729,0.1,0.74604,0.1,0.46338
17.7,0.90834,0.1,0.74745,0.1,0.46338
17.7,0.90909,0.1,0.74883,0.1,0.46338
17.7,0.90927,0.1,0.74966,0.1,0.46338
17.7,0.90997,0.1,0.75127,0.1,0.46338
17.7,0.91059,0.1,0.75209,0.1,0.46338
17.7,0.91096,0.1,0.75282,0.1,0.46338
17.7,0.91125,0.1,0.75339,0.1,0.46338
17.7,0.91151,0.1,0.75364,0.1,0.46338
17.7,0.91171,0.1,0.7538,0.1,0.46338
17.7,0.91182,0.1,0.754,0.1,0.46338
17.7,0.91196,0.1,0.75423,0.1,0.46338
17.7,0.91265,0.1,0.75479,0.1,0.46338
17.7,0.91293,0.1,0.75506,0.1,0.46338
17.7,0.91337,0.1,0.75518,0.1,0.46338
17.7,0.9135,0.1,0.75525,0.1,0.46338
17.7,0.9137,0.1,0.7553,0.1,0.46338
17.7,0.91387,0.1,0.75551,0.1,0.46338
17.7,0.91396,0.1,0.75559,0.1,0.46338
17.7,0.91399,0.1,0.75566,0.1,0.46338
17.7,0.91403,0.1,0.75566,0.1,0.46338
17.7,0.91406,0.1,0.75568,0.1,0.46338
17.7,0.91414,0.1,0.75568,0.1,0.46338
17.8,0.91419,0.1,0.75568,0.1,0.46338
17.7,0.9142,0.1,0.75569,0.1,0.46338
17.7,0.9143,0.1,0.75582,0.1,0.46338
17.7,0.91433,0.1,0.75595,0.1,0.46338
17.8,0.91452,0.1,0.75648,0.1,0.46338
17.7,0.9147,0.1,0.75729,0.1,0.46338
17.7,0.91493,0.1,0.75843,0.1,0.46338
17.7,0.915,0.1,0.75979,0.1,0.46338
17.7,0.91517,0.1,0.76106,0.1,0.46338
17.8,0.91531,0.1,0.76231,0.1,0.46338
17.7,0.91542,0.1,0.76259,0.1,0.46338
17.7,0.91547,0.1,0.76307,0.1,0.46338
17.7,0.91559,0.1,0.76436,0.1,0.46338
17.7,0.91566,0.1,0.76466,0.1,0.46338
17.7,0.91569,0.1,0.766,0.1,0.46338
17.7,0.91583,0.1,0.76794,0.1,0.46338
17.7,0.91589,0.1,0.76927,0.1,0.46338
17.7,0.916,0.1,0.77039,0.1,0.46338
17.7,0.91623,0.1,0.77234,0.1,0.46338
17.7,0.91637,0.1,0.77467,0.1,0.46338
17.7,0.91664,0.1,0.7766,0.1,0.46338
17.7,0.91668,0.1,0.7789,0.1,0.46338
17.7,0.91687,0.1,0.78115,0.1,0.46338
17.7,0.91705,0.1,0.78355,0.1,0.46338
17.7,0.91718,0.1,0.78631,0.1,0.46338
17.7,0.91724,0.1,0.78895,0.1,0.46338
17.7,0.91727,0.1,0.79149,0.1,0.46338
17.7,0.91737,0.1,0.79313,0.1,0.46338
17.7,0.91738,0.1,0.79446,0.1,0.46338
17.7,0.91742,0.1,0.79596,0.1,0.46338
17.7,0.91747,0.1,0.7975,0.1,0.46338
17.7,0.91747,0.1,0.79836,0.1,0.46338
17.7,0.91749,0.1,0.79915,0.1,0.46338
17.7,0.91749,0.1,0.79941,0.1,0.46338
17.7,0.9175,0.1,0.79998,0.1,0.46338
17.7,0.9175,0.1,0.80036,0.1,0.46338
17.7,0.9175,0.1,0.80063,0.1,0.46338
17.7,0.9175,0.1,0.80068,0.1,0.46338
17.7,0.9175,0.1,0.80075,0.1,0.46338
17.7,0.9175,0.1,0.80086,0.1,0.46338
17.6,0.9175,0.1,0.80108,0.1,0.46338
17.7,0.91754,0.1,0.80128,0.1,0.46338
17.7,0.91755,0.1,0.80137,0.1,0.46338
17.7,0.91757,0.1,0.80161,0.1,0.46338
17.7,0.9176,0.1,0.80229,0.1,0.46338
17.7,0.91762,0.1,0.80314,0.1,0.46338
17.7,0.91772,0.1,0.80401,0.1,0.46338
17.7,0.91774,0.1,0.80449,0.1,0.46338
17.7,0.91774,0.1,0.80507,0.1,0.46338
17.7,0.91777,0.1,0.80553,0.1,0.46338
17.7,0.91781,0.1,0.80649,0.1,0.46338
17.7,0.91787,0.1,0.80755,0.1,0.46358
17.7,0.91792,0.1,0.80854,0.1,0.46358
17.7,0.91792,0.1,0.80938,0.1,0.46358
17.7,0.91792,0.1,0.81056,0.1,0.46358
17.7,0.91795,0.1,0.81126,0.1,0.46358
17.7,0.91795,0.1,0.81267,0.1,0.46358
17.7,0.91797,0.1,0.81406,0.1,0.46358
17.7,0.91816,0.1,0.81525,0.1,0.46358
17.7,0.91816,0.1,0.81591,0.1,0.46358
17.6,0.91817,0.1,0.81654,0.1,0.46358
17.7,0.91817,0.1,0.8168,0.1,0.46358
17.7,0.91817,0.1,0.81716,0.1,0.46358
17.7,0.91817,0.1,0.81758,0.1,0.46358
17.7,0.91818,0.1,0.81801,0.1,0.46358
17.7,0.91819,0.1,0.81857,0.1,0.46394
17.7,0.91821,0.1,0.81884,0.1,0.46426
17.7,0.91835,0.1,0.81909,0.1,0.4647
17.7,0.91844,0.1,0.81947,0.1,0.4647
17.7,0.91847,0.1,0.81995,0.1,0.46532
17.7,0.91849,0.1,0.8205,0.1,0.46532
17.7,0.91872,0.1,0.82112,0.1,0.46543
17.6,0.91886,0.1,0.82184,0.1,0.46586
17.7,0.91891,0.1,0.8224,0.1,0.46586
17.6,0.9191,0.1,0.82307,0.1,0.46639
17.7,0.91924,0.1,0.82381,0.1,0.46639
17.7,0.91938,0.1,0.82461,0.1,0.46679
17.7,0.91942,0.1,0.82507,0.1,0.46679
17.7,0.91966,0.1,0.82591,0.1,0.46679
17.7,0.91974,0.1,0.82669,0.1,0.46724
17.7,0.91981,0.1,0.82741,0.1,0.46724
17.7,0.91988,0.1,0.82883,0.1,0.46772
17.6,0.91991,0.1,0.82992,0.1,0.46777
17.7,0.91999,0.1,0.8308,0.1,0.46787
17.7,0.91999,0.1,0.8314,0.1,0.46787
17.7,0.92004,0.1,0.83185,0.1,0.46853
17.7,0.92009,0.1,0.83266,0.1,0.46853
17.7,0.92016,0.1,0.83298,0.1,0.46853
17.7,0.92017,0.1,0.8336,0.1,0.46853
17.7,0.92023,0.1,0.83394,0.1,0.46853
17.7,0.92037,0.1,0.83439,0.1,0.46853
17.7,0.92043,0.1,0.835,0.1,0.46853
17.6,0.92045,0.1,0.83529,0.1,0.46917
17.6,0.9206,0.1,0.836,0.1,0.47038
17.6,0.92082,0.1,0.83624,0.1,0.47106
17.6,0.92107,0.1,0.83684,0.1,0.47106
17.6,0.92117,0.1,0.83715,0.1,0.47122
17.7,0.92152,0.1,0.83744,0.1,0.47122
17.7,0.92158,0.1,0.83798,0.1,0.47148
17.6,0.92175,0.1,0.83861,0.1,0.47148
17.6,0.92188,0.1,0.83931,0.1,0.47148
17.7,0.92233,0.1,0.83954,0.1,0.47148
17.6,0.92307,0.1,0.83996,0.1,0.47148
17.7,0.92367,0.1,0.84043,0.1,0.47148
17.7,0.92408,0.1,0.84069,0.1,0.47243
17.6,0.92462,0.1,0.841,0.1,0.47243
17.7,0.92511,0.1,0.84127,0.1,0.47243
17.7,0.92592,0.1,0.84181,0.1,0.47243
17.6,0.92644,0.1,0.84187,0.1,0.47243
17.6,0.92706,0.1,0.84231,0.1,0.47243
17.7,0.92759,0.1,0.8425,0.1,0.47316
17.7,0.92802,0.1,0.84302,0.1,0.47348
17.7,0.929,0.1,0.84361,0.1,0.47431
17.6,0.92993,0.1,0.84462,0.1,0.47545
17.6,0.93034,0.1,0.84527,0.1,0.47767
17.6,0.93051,0.1,0.84611,0.1,0.47911
17.6,0.93093,0.1,0.84707,0.1,0.48158
17.7,0.93104,0.1,0.84777,0.1,0.48316
17.6,0.93121,0.1,0.84885,0.1,0.48552
17.6,0.93122,0.1,0.84932,0.1,0.48758
17.6,0.93126,0.1,0.85053,0.1,0.48956
17.6,0.93129,0.1,0.85142,0.1,0.49287
17.6,0.93135,0.1,0.85218,0.1,0.49648
17.6,0.93137,0.1,0.8534,0.1,0.49792
17.7,0.93137,0.1,0.85391,0.1,0.4985
17.6,0.93137,0.1,0.8543,0.1,0.4985
17.6,0.93137,0.1,0.85515,0.1,0.50138
17.7,0.93137,0.1,0.85625,0.1,0.50138
17.6,0.93137,0.1,0.85664,0.1,0.50138
17.6,0.93137,0.1,0.8573,0.1,0.50212
17.7,0.93144,0.1,0.85778,0.1,0.50341
17.6,0.93144,0.1,0.8584,0.1,0.50343
17.6,0.93144,0.1,0.85901,0.1,0.50343
17.6,0.9315,0.1,0.85932,0.1,0.50392
17.6,0.9315,0.1,0.85989,0.1,0.50392
17.6,0.9315,0.1,0.86008,0.1,0.50392
17.6,0.9315,0.1,0.86055,0.1,0.50392
17.6,0.9315,0.1,0.86082,0.1,0.50404
17.6,0.93152,0.1,0.86111,0.1,0.50404
17.7,0.93153,0.1,0.86129,0.1,0.50407
17.7,0.93153,0.1,0.86173,0.1,0.5043
17.6,0.93153,0.1,0.86243,0.1,0.5043
17.6,0.93153,0.1,0.86297,0.1,0.50457
17.6,0.93153,0.1,0.8635,0.1,0.50617
17.6,0.93153,0.1,0.8637,0.1,0.50617
17.6,0.93157,0.1,0.864,0.1,0.50699
17.6,0.93157,0.1,0.86412,0.1,0.50747
17.6,0.93168,0.1,0.86426,0.1,0.50747
17.6,0.93168,0.1,0.86449,0.1,0.50764
17.7,0.93194,0.1,0.86469,0.1,0.50764
17.6,0.93245,0.1,0.86493,0.1,0.50786
17.6,0.9334,0.1,0.86534,0.1,0.50796
17.7,0.93446,0.1,0.86577,0.1,0.50796
17.6,0.93599,0.1,0.86652,0.1,0.50901
17.6,0.93746,0.1,0.86711,0.1,0.50901
17.6,0.93889,0.1,0.86786,0.1,0.50901
17.7,0.94024,0.1,0.86834,0.1,0.50943
17.6,0.94161,0.1,0.86876,0.1,0.50966
17.6,0.94283,0.1,0.86905,0.1,0.5101
17.6,0.94376,0.1,0.86948,0.1,0.5101
17.6,0.9445,0.1,0.86976,0.1,0.51035
17.6,0.9451,0.1,0.86999,0.1,0.51035
17.6,0.9455,0.1,0.87029,0.1,0.51035
17.6,0.94557,0.1,0.87042,0.1,0.51091
17.6,0.94567,0.1,0.8705,0.1,0.51091
17.6,0.94572,0.1,0.87066,0.1,0.51091
17.6,0.94579,0.1,0.87095,0.1,0.51091
17.6,0.94593,0.1,0.8716,0.1,0.51263
17.6,0.94602,0.1,0.87177,0.1,0.51297
17.6,0.94602,0.1,0.87203,0.1,0.51297
17.6,0.94604,0.1,0.87232,0.1,0.5131
17.6,0.94604,0.1,0.87261,0.1,0.5131
17.6,0.94604,0.1,0.87278,0.1,0.5131
17.6,0.94604,0.1,0.87298,0.1,0.5131
17.6,0.94609,0.1,0.87338,0.1,0.5131
17.6,0.94609,0.1,0.8738,0.1,0.5131
17.6,0.94609,0.1,0.87418,0.1,0.5131
17.6,0.9461,0.1,0.87458,0.1,0.51385
17.6,0.94621,0.1,0.87512,0.1,0.51413
17.6,0.9463,0.1,0.87525,0.1,0.51413
17.6,0.94654,0.1,0.87534,0.1,0.51413
17.6,0.94699,0.1,0.87534,0.1,0.51413
17.6,0.94716,0.1,0.87534,0.1,0.51423
17.6,0.94735,0.1,0.87534,0.1,0.51423
17.6,0.94767,0.1,0.87534,0.1,0.51423
17.6,0.94801,0.1,0.87539,0.1,0.51502
17.6,0.94824,0.1,0.87539,0.1,0.51502
17.6,0.94866,0.1,0.8754,0.1,0.51528
17.6,0.94904,0.1,0.8754,0.1,0.51531
17.6,0.9494,0.1,0.8754,0.1,0.51531
17.6,0.94991,0.1,0.8754,0.1,0.51558
17.6,0.95006,0.1,0.87541,0.1,0.51567
17.6,0.95041,0.1,0.87541,0.1,0.51567
17.6,0.95077,0.1,0.87541,0.1,0.51619
17.6,0.95098,0.1,0.87546,0.1,0.51652
17.6,0.95139,0.1,0.87554,0.1,0.51796
17.6,0.95202,0.1,0.87554,0.1,0.5185
17.6,0.95228,0.1,0.87555,0.1,0.51859
17.6,0.95245,0.1,0.87555,0.1,0.51957
17.6,0.95277,0.1,0.87555,0.1,0.52125
17.6,0.95347,0.1,0.8756,0.1,0.52173
17.6,0.95354,0.1,0.8756,0.1,0.52228
17.6,0.95366,0.1,0.87562,0.1,0.52275
17.6,0.95382,0.1,0.87564,0.1,0.52593
17.6,0.95407,0.1,0.87564,0.1,0.52944
17.6,0.95431,0.1,0.87565,0.1,0.53171
17.6,0.95452,0.1,0.87565,0.1,0.53485
17.6,0.95458,0.1,0.87565,0.1,0.53901
17.6,0.95493,0.1,0.87565,0.1,0.54612
17.6,0.95563,0.1,0.87572,0.1,0.55482
17.6,0.95595,0.1,0.87572,0.1,0.56196
17.6,0.95634,0.1,0.87572,0.1,0.57041
17.6,0.95653,0.1,0.87572,0.1,0.57918
17.6,0.95682,0.1,0.87572,0.1,0.59032
17.6,0.95726,0.1,0.87581,0.1,0.60517
17.6,0.95795,0.1,0.87588,0.1,0.61796
17.6,0.9587,0.1,0.87621,0.1,0.63637
17.6,0.95962,0.1,0.87627,0.1,0.65319
17.6,0.96046,0.1,0.87629,0.1,0.67129
17.6,0.96117,0.1,0.87629,0.1,0.6898
17.6,0.96151,0.1,0.87629,0.1,0.70659
17.6,0.9618,0.1,0.87629,0.1,0.72336
17.6,0.96206,0.1,0.87629,0.1,0.74229
17.6,0.96241,0.1,0.87629,0.1,0.75819
17.6,0.96274,0.1,0.87634,0.1,0.77201
17.6,0.96281,0.1,0.87634,0.1,0.785
17.6,0.9631,0.1,0.87638,0.1,0.8007
17.6,0.96328,0.1,0.87644,0.1,0.81389
17.6,0.96341,0.1,0.87644,0.1,0.82492
17.6,0.96353,0.1,0.87644,0.1,0.83407
17.6,0.96363,0.1,0.87644,0.1,0.8447
17.6,0.96375,0.1,0.87644,0.1,0.85346
17.6,0.96388,0.1,0.87644,0.1,0.85971
17.6,0.96411,0.1,0.87646,0.1,0.86701
17.6,0.96426,0.1,0.87646,0.1,0.87265
17.6,0.96437,0.1,0.87648,0.1,0.87926
17.6,0.96445,0.1,0.8768,0.1,0.88684
17.6,0.96446,0.1,0.87719,0.1,0.89551
17.6,0.9646,0.1,0.87772,0.1,0.90543
17.6,0.96469,0.1,0.87814,0.1,0.91812
17.6,0.96481,0.1,0.87846,0.1,0.93296
17.6,0.96497,0.1,0.87887,0.1,0.94637
17.6,0.96506,0.1,0.87926,0.1,0.95649
17.6,0.96514,0.1,0.87938,0.1,0.96225
17.6,0.96531,0.1,0.87939,0.1,0.96313
17.6,0.96556,0.1,0.87956,0.1,0.9666
17.6,0.96606,0.1,0.88205,0.1,0.96888
17.6,0.96626,0.1,0.88323,0.1,0.96914
17.6,0.9667,0.1,0.88417,0.1,0.97026
17.6,0.96713,0.1,0.88542,0.1,0.97178
17.6,0.96778,0.1,0.88659,0.1,0.97447
17.6,0.9686,0.1,0.88768,0.1,0.97758
17.6,0.96938,0.1,0.88866,0.1,0.97908
17.6,0.96997,0.1,0.89012,0.1,0.98006
17.6,0.97042,0.1,0.891,0.1,0.98051
17.6,0.9711,0.1,0.89263,0.1,0.98159
17.6,0.97182,0.1,0.89409,0.1,0.9835
17.6,0.97239,0.1,0.89583,0.1,0.98522
17.6,0.9727,0.1,0.8971,0.1,0.98551
17.6,0.97291,0.1,0.8984,0.1,0.98567
17.6,0.97342,0.1,0.89972,0.1,0.98704
17.6,0.97387,0.1,0.90124,0.1,0.98754
17.6,0.97433,0.1,0.90298,0.1,0.9878
17.6,0.97469,0.1,0.90487,0.1,0.98816
17.6,0.97493,0.1,0.90691,0.1,0.98871
17.6,0.97512,0.1,0.90897,0.1,0.98871
17.6,0.97547,0.1,0.91102,0.1,0.98933
17.6,0.97588,0.1,0.91312,0.1,0.99045
17.6,0.9763,0.1,0.91565,0.1,0.99151
17.6,0.97663,0.1,0.91809,0.1,0.99196
17.6,0.97714,0.1,0.9207,0.1,0.99271
17.5,0.97754,0.1,0.92297,0.1,0.99336
17.5,0.97798,0.1,0.92584,0.1,0.99336
17.6,0.97838,0.1,0.92849,0.1,0.99374
17.6,0.97892,0.1,0.93068,0.1,0.99379
17.6,0.97958,0.1,0.93265,0.1,0.99392
17.6,0.97998,0.1,0.93443,0.1,0.99392
17.6,0.98025,0.1,0.93566,0.1,0.99392
17.6,0.98038,0.1,0.9369,0.1,0.99392
17.5,0.98061,0.1,0.93813,0.1,0.99392
17.6,0.98074,0.1,0.93889,0.1,0.99392
17.6,0.9808,0.1,0.94007,0.1,0.99392
17.6,0.98092,0.1,0.94054,0.1,0.99392
17.6,0.98098,0.1,0.94121,0.1,0.99392
17.6,0.981,0.1,0.94189,0.1,0.99392
17.6,0.98109,0.1,0.94254,0.1,0.99392
17.6,0.98113,0.1,0.9433,0.1,0.99427
17.6,0.98117,0.1,0.94383,0.1,0.99427
17.6,0.98132,0.1,0.94423,0.1,0.99427
17.6,0.98142,0.1,0.94478,0.1,0.99427
17.6,0.98161,0.1,0.94539,0.1,0.99427
17.5,0.98179,0.1,0.9459,0.1,0.99427
17.6,0.98213,0.1,0.94652,0.1,0.99427
17.6,0.98235,0.1,0.94706,0.1,0.99427
17.6,0.98249,0.1,0.9476,0.1,0.99427
17.5,0.98285,0.1,0.94838,0.1,0.99427
17.5,0.98313,0.1,0.94908,0.1,0.99665
17.5,0.98317,0.1,0.94991,0.1,0.99665
17.5,0.98318,0.1,0.95039,0.1,0.99665
17.6,0.98318,0.1,0.95085,0.1,0.99665
17.6,0.98318,0.1,0.9516,0.1,0.99665
17.6,0.98318,0.1,0.95238,0.1,0.99665
17.5,0.98318,0.1,0.95319,0.1,0.99665
17.5,0.98318,0.1,0.95382,0.1,0.99677
17.6,0.98321,0.1,0.95426,0.1,0.99692
17.5,0.98331,0.1,0.95479,0.1,0.99692
17.6,0.98368,0.1,0.95522,0.1,0.99692
17.5,0.98428,0.1,0.95617,0.1,0.99692
17.5,0.98531,0.1,0.95691,0.1,0.99692
17.6,0.98728,0.1,0.958,0.1,0.99692
17.5,0.98912,0.1,0.95861,0.1,0.99692
17.6,0.99066,0.1,0.95909,0.1,0.99692
17.5,0.9924,0.1,0.95958,0.1,0.99692
17.5,0.99375,0.1,0.96025,0.1,0.99692
17.6,0.99545,0.1,0.9609,0.1,0.99698
17.5,0.99678,0.1,0.96157,0.1,0.99698
17.6,0.99744,0.1,0.96294,0.1,0.99698
17.6,0.99777,0.1,0.96367,0.1,0.99698
17.5,0.99788,0.1,0.96545,0.1,0.99698
17.6,0.99791,0.1,0.96656,0.1,0.99698
17.5,0.99795,0.1,0.96807,0.1,0.99698
17.5,0.99801,0.1,0.96987,0.1,0.99698
17.5,0.99821,0.1,0.97274,0.1,0.99698
17.5,0.99857,0.1,0.97494,0.1,0.99716
17.6,0.9989,0.1,0.97744,0.1,0.99716
17.5,0.99905,0.1,0.97888,0.1,0.9975
17.5,0.99911,0.1,0.98098,0.1,0.9975
17.5,0.99925,0.1,0.98281,0.1,0.9975
17.5,0.99925,0.1,0.98517,0.1,0.9975
17.5,0.99925,0.1,0.98792,0.1,0.9975
17.6,0.99925,0.1,0.98871,0.1,0.99845
17.5,0.99925,0.1,0.9895,0.1,0.99845
17.5,0.99925,0.1,0.99045,0.1,0.99845
17.6,0.99925,0.1,0.99123,0.1,0.99845
17.5,0.99925,0.1,0.992,0.1,0.99845
17.5,0.99925,0.1,0.99209,0.1,0.99845
17.6,0.99925,0.1,0.99271,0.1,0.99845
17.5,0.99925,0.1,0.99371,0.1,0.99845
17.5,0.99925,0.1,0.99383,0.1,0.99845
17.5,0.99961,0.1,0.99473,0.1,0.99845
17.5,0.99961,0.1,0.99501,0.1,0.99845
17.6,0.99961,0.1,0.99512,0.1,0.99858
17.5,0.99961,0.1,0.99536,0.1,0.99867
17.5,0.99961,0.1,0.99544,0.1,0.99867
17.5,0.99972,0.1,0.9958,0.1,0.99867
17.5,0.99972,0.1,0.99593,0.1,0.99871
17.5,0.99972,0.1,0.99593,0.1,0.99871
17.5,0.99972,0.1,0.99599,0.1,0.99871
17.5,0.99972,0.1,0.99611,0.1,0.99871
17.5,0.99973,0.1,0.9962,0.1,0.99871
17.5,0.99973,0.1,0.99625,0.1,0.99871
17.5,0.99973,0.1,0.99634,0.1,0.99871
17.6,0.99973,0.1,0.99645,0.1,0.99875
17.5,0.99973,0.1,0.99662,0.1,0.99875
17.5,0.99973,0.1,0.99666,0.1,0.99875
17.5,0.99973,0.1,0.99694,0.1,0.99884
17.5,0.99973,0.1,0.99701,0.1,0.99914
17.5,0.99973,0.1,0.99781,0.1,0.99914
17.5,0.99973,0.1,0.99785,0.1,0.99914
17.5,0.99973,0.1,0.99792,0.1,0.99941
17.5,0.99973,0.1,0.99799,0.1,0.99941
17.5,0.99973,0.1,0.99802,0.1,0.99941
17.5,0.99973,0.1,0.99802,0.1,0.99941
17.5,0.99973,0.1,0.99803,0.1,0.99941
17.5,0.99973,0.1,0.99809,0.1,0.99941
17.5,0.99973,0.1,0.9982,0.1,0.99941
17.5,0.99973,0.1,0.99821,0.1,0.99941
17.5,0.99973,0.1,0.99841,0.1,0.99961
17.5,0.99973,0.1,0.99884,0.1,0.99961
17.5,0.99973,0.1,0.99884,0.1,0.99961
17.5,0.99973,0.1,0.99905,0.1,0.99996
17.5,0.99973,0.1,0.99905,0.1,0.99996
17.5,0.99973,0.1,0.99909,0.1,0.99996
17.5,0.99973,0.1,0.99936,0.1,0.99996
17.5,0.99973,0.1,0.99962,0.1,1
17.5,0.99975,0.1,0.99962,0.1,1
17.5,0.99978,0.1,0.99972,0.1,1
17.5,0.99989,0.1,0.99986,0.1,1
17.5,0.99998,0.1,0.99986,0.1,1
17.5,1,0.1,1,0.1,1
