case,curve,time_h_from_rainfall_onset,value,unit,y_axis,absolute_time,relative_displacement_mm,main_damage_core_size_voxels
S1,blue_surface_displacement,0,0,mm,left_mm,2025-7-7 14:00,0,
S1,blue_surface_displacement,0.001111,0,mm,left_mm,2025-7-7 14:00,0,
S1,blue_surface_displacement,0.002222,0,mm,left_mm,2025-7-7 14:00,0,
S1,blue_surface_displacement,0.003333,0,mm,left_mm,2025-7-7 14:00,0,
S1,blue_surface_displacement,0.004444,0,mm,left_mm,2025-7-7 14:00,0,
S1,blue_surface_displacement,0.005556,0,mm,left_mm,2025-7-7 14:00,0,
S1,blue_surface_displacement,0.006667,-1,mm,left_mm,2025-7-7 14:00,-1,
S1,blue_surface_displacement,0.007778,-0.8,mm,left_mm,2025-7-7 14:00,-0.8,
S1,blue_surface_displacement,0.008889,-0.8,mm,left_mm,2025-7-7 14:00,-0.8,
S1,blue_surface_displacement,0.01,-0.7,mm,left_mm,2025-7-7 14:00,-0.7,
S1,blue_surface_displacement,0.011111,-0.7,mm,left_mm,2025-7-7 14:00,-0.7,
S1,blue_surface_displacement,0.012222,-0.7,mm,left_mm,2025-7-7 14:00,-0.7,
S1,blue_surface_displacement,0.013333,-0.6,mm,left_mm,2025-7-7 14:00,-0.6,
S1,blue_surface_displacement,0.014444,-0.6,mm,left_mm,2025-7-7 14:00,-0.6,
S1,blue_surface_displacement,0.015556,-0.5,mm,left_mm,2025-7-7 14:00,-0.5,
S1,blue_surface_displacement,0.016667,-0.5,mm,left_mm,2025-7-7 14:01,-0.5,
S1,blue_surface_displacement,0.017778,-0.5,mm,left_mm,2025-7-7 14:01,-0.5,
S1,blue_surface_displacement,0.018889,-0.5,mm,left_mm,2025-7-7 14:01,-0.5,
S1,blue_surface_displacement,0.02,-0.5,mm,left_mm,2025-7-7 14:01,-0.5,
S1,blue_surface_displacement,0.021111,-0.4,mm,left_mm,2025-7-7 14:01,-0.4,
S1,blue_surface_displacement,0.022222,-0.4,mm,left_mm,2025-7-7 14:01,-0.4,
S1,blue_surface_displacement,0.023333,-0.4,mm,left_mm,2025-7-7 14:01,-0.4,
S1,blue_surface_displacement,0.024444,-0.4,mm,left_mm,2025-7-7 14:01,-0.4,
S1,blue_surface_displacement,0.025556,-0.4,mm,left_mm,2025-7-7 14:01,-0.4,
S1,blue_surface_displacement,0.026667,-0.4,mm,left_mm,2025-7-7 14:01,-0.4,
S1,blue_surface_displacement,0.027778,-0.4,mm,left_mm,2025-7-7 14:01,-0.4,
S1,blue_surface_displacement,0.028889,-0.4,mm,left_mm,2025-7-7 14:01,-0.4,
S1,blue_surface_displacement,0.03,-0.4,mm,left_mm,2025-7-7 14:01,-0.4,
S1,blue_surface_displacement,0.031111,-0.4,mm,left_mm,2025-7-7 14:01,-0.4,
S1,blue_surface_displacement,0.032222,-0.4,mm,left_mm,2025-7-7 14:01,-0.4,
S1,blue_surface_displacement,0.033333,-0.4,mm,left_mm,2025-7-7 14:02,-0.4,
S1,blue_surface_displacement,0.034444,-0.4,mm,left_mm,2025-7-7 14:02,-0.4,
S1,blue_surface_displacement,0.035556,-0.4,mm,left_mm,2025-7-7 14:02,-0.4,
S1,blue_surface_displacement,0.036667,-0.3,mm,left_mm,2025-7-7 14:02,-0.3,
S1,blue_surface_displacement,0.037778,-0.3,mm,left_mm,2025-7-7 14:02,-0.3,
S1,blue_surface_displacement,0.038889,-0.4,mm,left_mm,2025-7-7 14:02,-0.4,
S1,blue_surface_displacement,0.04,-0.3,mm,left_mm,2025-7-7 14:02,-0.3,
S1,blue_surface_displacement,0.041111,-0.3,mm,left_mm,2025-7-7 14:02,-0.3,
S1,blue_surface_displacement,0.042222,-0.3,mm,left_mm,2025-7-7 14:02,-0.3,
S1,blue_surface_displacement,0.043333,-0.3,mm,left_mm,2025-7-7 14:02,-0.3,
S1,blue_surface_displacement,0.044444,-0.3,mm,left_mm,2025-7-7 14:02,-0.3,
S1,blue_surface_displacement,0.045556,-0.3,mm,left_mm,2025-7-7 14:02,-0.3,
S1,blue_surface_displacement,0.046667,-0.3,mm,left_mm,2025-7-7 14:02,-0.3,
S1,blue_surface_displacement,0.047778,-0.3,mm,left_mm,2025-7-7 14:02,-0.3,
S1,blue_surface_displacement,0.048889,-0.3,mm,left_mm,2025-7-7 14:02,-0.3,
S1,blue_surface_displacement,0.05,-0.3,mm,left_mm,2025-7-7 14:03,-0.3,
S1,blue_surface_displacement,0.051111,-0.3,mm,left_mm,2025-7-7 14:03,-0.3,
S1,blue_surface_displacement,0.052222,-0.3,mm,left_mm,2025-7-7 14:03,-0.3,
S1,blue_surface_displacement,0.053333,-0.3,mm,left_mm,2025-7-7 14:03,-0.3,
S1,blue_surface_displacement,0.054444,-0.3,mm,left_mm,2025-7-7 14:03,-0.3,
S1,blue_surface_displacement,0.055556,-0.3,mm,left_mm,2025-7-7 14:03,-0.3,
S1,blue_surface_displacement,0.056667,-0.3,mm,left_mm,2025-7-7 14:03,-0.3,
S1,blue_surface_displacement,0.057778,-0.3,mm,left_mm,2025-7-7 14:03,-0.3,
S1,blue_surface_displacement,0.058889,-0.3,mm,left_mm,2025-7-7 14:03,-0.3,
S1,blue_surface_displacement,0.06,-0.2,mm,left_mm,2025-7-7 14:03,-0.2,
S1,blue_surface_displacement,0.061111,-0.2,mm,left_mm,2025-7-7 14:03,-0.2,
S1,blue_surface_displacement,0.062222,-0.2,mm,left_mm,2025-7-7 14:03,-0.2,
S1,blue_surface_displacement,0.063333,-0.2,mm,left_mm,2025-7-7 14:03,-0.2,
S1,blue_surface_displacement,0.064444,-0.3,mm,left_mm,2025-7-7 14:03,-0.3,
S1,blue_surface_displacement,0.065556,-0.2,mm,left_mm,2025-7-7 14:03,-0.2,
S1,blue_surface_displacement,0.066667,-0.3,mm,left_mm,2025-7-7 14:04,-0.3,
S1,blue_surface_displacement,0.067778,-0.3,mm,left_mm,2025-7-7 14:04,-0.3,
S1,blue_surface_displacement,0.068889,-0.2,mm,left_mm,2025-7-7 14:04,-0.2,
S1,blue_surface_displacement,0.07,-0.3,mm,left_mm,2025-7-7 14:04,-0.3,
S1,blue_surface_displacement,0.071111,-0.2,mm,left_mm,2025-7-7 14:04,-0.2,
S1,blue_surface_displacement,0.072222,-0.2,mm,left_mm,2025-7-7 14:04,-0.2,
S1,blue_surface_displacement,0.073333,-0.2,mm,left_mm,2025-7-7 14:04,-0.2,
S1,blue_surface_displacement,0.074444,-0.2,mm,left_mm,2025-7-7 14:04,-0.2,
S1,blue_surface_displacement,0.075556,-0.2,mm,left_mm,2025-7-7 14:04,-0.2,
S1,blue_surface_displacement,0.076667,-0.2,mm,left_mm,2025-7-7 14:04,-0.2,
S1,blue_surface_displacement,0.077778,-0.2,mm,left_mm,2025-7-7 14:04,-0.2,
S1,blue_surface_displacement,0.078889,-0.2,mm,left_mm,2025-7-7 14:04,-0.2,
S1,blue_surface_displacement,0.08,-0.2,mm,left_mm,2025-7-7 14:04,-0.2,
S1,blue_surface_displacement,0.081111,-0.2,mm,left_mm,2025-7-7 14:04,-0.2,
S1,blue_surface_displacement,0.082222,-0.2,mm,left_mm,2025-7-7 14:04,-0.2,
S1,blue_surface_displacement,0.083333,-0.2,mm,left_mm,2025-7-7 14:05,-0.2,
S1,blue_surface_displacement,0.084444,-0.2,mm,left_mm,2025-7-7 14:05,-0.2,
S1,blue_surface_displacement,0.085556,-0.2,mm,left_mm,2025-7-7 14:05,-0.2,
S1,blue_surface_displacement,0.086667,-0.2,mm,left_mm,2025-7-7 14:05,-0.2,
S1,blue_surface_displacement,0.087778,-0.2,mm,left_mm,2025-7-7 14:05,-0.2,
S1,blue_surface_displacement,0.088889,-0.2,mm,left_mm,2025-7-7 14:05,-0.2,
S1,blue_surface_displacement,0.09,-0.2,mm,left_mm,2025-7-7 14:05,-0.2,
S1,blue_surface_displacement,0.091111,-0.2,mm,left_mm,2025-7-7 14:05,-0.2,
S1,blue_surface_displacement,0.092222,-0.2,mm,left_mm,2025-7-7 14:05,-0.2,
S1,blue_surface_displacement,0.093333,-0.2,mm,left_mm,2025-7-7 14:05,-0.2,
S1,blue_surface_displacement,0.094444,-0.2,mm,left_mm,2025-7-7 14:05,-0.2,
S1,blue_surface_displacement,0.095556,-0.2,mm,left_mm,2025-7-7 14:05,-0.2,
S1,blue_surface_displacement,0.096667,-0.2,mm,left_mm,2025-7-7 14:05,-0.2,
S1,blue_surface_displacement,0.097778,-0.2,mm,left_mm,2025-7-7 14:05,-0.2,
S1,blue_surface_displacement,0.098889,-0.2,mm,left_mm,2025-7-7 14:05,-0.2,
S1,blue_surface_displacement,0.1,-0.2,mm,left_mm,2025-7-7 14:06,-0.2,
S1,blue_surface_displacement,0.101111,-0.2,mm,left_mm,2025-7-7 14:06,-0.2,
S1,blue_surface_displacement,0.102222,-0.2,mm,left_mm,2025-7-7 14:06,-0.2,
S1,blue_surface_displacement,0.103333,-0.2,mm,left_mm,2025-7-7 14:06,-0.2,
S1,blue_surface_displacement,0.104444,-0.2,mm,left_mm,2025-7-7 14:06,-0.2,
S1,blue_surface_displacement,0.105556,-0.2,mm,left_mm,2025-7-7 14:06,-0.2,
S1,blue_surface_displacement,0.106667,-0.2,mm,left_mm,2025-7-7 14:06,-0.2,
S1,blue_surface_displacement,0.107778,-0.2,mm,left_mm,2025-7-7 14:06,-0.2,
S1,blue_surface_displacement,0.108889,-0.2,mm,left_mm,2025-7-7 14:06,-0.2,
S1,blue_surface_displacement,0.11,-0.2,mm,left_mm,2025-7-7 14:06,-0.2,
S1,blue_surface_displacement,0.111111,-0.2,mm,left_mm,2025-7-7 14:06,-0.2,
S1,blue_surface_displacement,0.112222,-0.2,mm,left_mm,2025-7-7 14:06,-0.2,
S1,blue_surface_displacement,0.113333,-0.2,mm,left_mm,2025-7-7 14:06,-0.2,
S1,blue_surface_displacement,0.114444,-0.2,mm,left_mm,2025-7-7 14:06,-0.2,
S1,blue_surface_displacement,0.115556,-0.2,mm,left_mm,2025-7-7 14:06,-0.2,
S1,blue_surface_displacement,0.116667,-0.2,mm,left_mm,2025-7-7 14:07,-0.2,
S1,blue_surface_displacement,0.117778,-0.2,mm,left_mm,2025-7-7 14:07,-0.2,
S1,blue_surface_displacement,0.118889,-0.2,mm,left_mm,2025-7-7 14:07,-0.2,
S1,blue_surface_displacement,0.12,-0.2,mm,left_mm,2025-7-7 14:07,-0.2,
S1,blue_surface_displacement,0.121111,-0.2,mm,left_mm,2025-7-7 14:07,-0.2,
S1,blue_surface_displacement,0.122222,-0.2,mm,left_mm,2025-7-7 14:07,-0.2,
S1,blue_surface_displacement,0.123333,-0.2,mm,left_mm,2025-7-7 14:07,-0.2,
S1,blue_surface_displacement,0.124444,-0.2,mm,left_mm,2025-7-7 14:07,-0.2,
S1,blue_surface_displacement,0.125556,-0.2,mm,left_mm,2025-7-7 14:07,-0.2,
S1,blue_surface_displacement,0.126667,-0.2,mm,left_mm,2025-7-7 14:07,-0.2,
S1,blue_surface_displacement,0.127778,-0.2,mm,left_mm,2025-7-7 14:07,-0.2,
S1,blue_surface_displacement,0.128889,-0.2,mm,left_mm,2025-7-7 14:07,-0.2,
S1,blue_surface_displacement,0.13,-0.2,mm,left_mm,2025-7-7 14:07,-0.2,
S1,blue_surface_displacement,0.131111,-0.2,mm,left_mm,2025-7-7 14:07,-0.2,
S1,blue_surface_displacement,0.132222,-0.2,mm,left_mm,2025-7-7 14:07,-0.2,
S1,blue_surface_displacement,0.133333,-0.2,mm,left_mm,2025-7-7 14:08,-0.2,
S1,blue_surface_displacement,0.134444,-0.2,mm,left_mm,2025-7-7 14:08,-0.2,
S1,blue_surface_displacement,0.135556,-0.2,mm,left_mm,2025-7-7 14:08,-0.2,
S1,blue_surface_displacement,0.136667,-0.2,mm,left_mm,2025-7-7 14:08,-0.2,
S1,blue_surface_displacement,0.137778,-0.2,mm,left_mm,2025-7-7 14:08,-0.2,
S1,blue_surface_displacement,0.138889,-0.2,mm,left_mm,2025-7-7 14:08,-0.2,
S1,blue_surface_displacement,0.14,-0.2,mm,left_mm,2025-7-7 14:08,-0.2,
S1,blue_surface_displacement,0.141111,-0.2,mm,left_mm,2025-7-7 14:08,-0.2,
S1,blue_surface_displacement,0.142222,-0.2,mm,left_mm,2025-7-7 14:08,-0.2,
S1,blue_surface_displacement,0.143333,-0.2,mm,left_mm,2025-7-7 14:08,-0.2,
S1,blue_surface_displacement,0.144444,-0.2,mm,left_mm,2025-7-7 14:08,-0.2,
S1,blue_surface_displacement,0.145556,-0.2,mm,left_mm,2025-7-7 14:08,-0.2,
S1,blue_surface_displacement,0.146667,-0.2,mm,left_mm,2025-7-7 14:08,-0.2,
S1,blue_surface_displacement,0.147778,-0.2,mm,left_mm,2025-7-7 14:08,-0.2,
S1,blue_surface_displacement,0.148889,-0.2,mm,left_mm,2025-7-7 14:08,-0.2,
S1,blue_surface_displacement,0.15,-0.2,mm,left_mm,2025-7-7 14:09,-0.2,
S1,blue_surface_displacement,0.151111,-0.2,mm,left_mm,2025-7-7 14:09,-0.2,
S1,blue_surface_displacement,0.152222,-0.2,mm,left_mm,2025-7-7 14:09,-0.2,
S1,blue_surface_displacement,0.153333,-0.2,mm,left_mm,2025-7-7 14:09,-0.2,
S1,blue_surface_displacement,0.154444,-0.2,mm,left_mm,2025-7-7 14:09,-0.2,
S1,blue_surface_displacement,0.155556,-0.2,mm,left_mm,2025-7-7 14:09,-0.2,
S1,blue_surface_displacement,0.156667,-0.2,mm,left_mm,2025-7-7 14:09,-0.2,
S1,blue_surface_displacement,0.157778,-0.2,mm,left_mm,2025-7-7 14:09,-0.2,
S1,blue_surface_displacement,0.158889,-0.2,mm,left_mm,2025-7-7 14:09,-0.2,
S1,blue_surface_displacement,0.16,-0.2,mm,left_mm,2025-7-7 14:09,-0.2,
S1,blue_surface_displacement,0.161111,-0.2,mm,left_mm,2025-7-7 14:09,-0.2,
S1,blue_surface_displacement,0.162222,-0.2,mm,left_mm,2025-7-7 14:09,-0.2,
S1,blue_surface_displacement,0.163333,-0.2,mm,left_mm,2025-7-7 14:09,-0.2,
S1,blue_surface_displacement,0.164444,-0.2,mm,left_mm,2025-7-7 14:09,-0.2,
S1,blue_surface_displacement,0.165556,-0.2,mm,left_mm,2025-7-7 14:09,-0.2,
S1,blue_surface_displacement,0.166667,-0.2,mm,left_mm,2025-7-7 14:10,-0.2,
S1,blue_surface_displacement,0.167778,-0.2,mm,left_mm,2025-7-7 14:10,-0.2,
S1,blue_surface_displacement,0.168889,-0.2,mm,left_mm,2025-7-7 14:10,-0.2,
S1,blue_surface_displacement,0.17,-0.2,mm,left_mm,2025-7-7 14:10,-0.2,
S1,blue_surface_displacement,0.171111,-0.2,mm,left_mm,2025-7-7 14:10,-0.2,
S1,blue_surface_displacement,0.172222,-0.2,mm,left_mm,2025-7-7 14:10,-0.2,
S1,blue_surface_displacement,0.173333,-0.2,mm,left_mm,2025-7-7 14:10,-0.2,
S1,blue_surface_displacement,0.174444,-0.2,mm,left_mm,2025-7-7 14:10,-0.2,
S1,blue_surface_displacement,0.175556,-0.2,mm,left_mm,2025-7-7 14:10,-0.2,
S1,blue_surface_displacement,0.176667,-0.2,mm,left_mm,2025-7-7 14:10,-0.2,
S1,blue_surface_displacement,0.177778,-0.2,mm,left_mm,2025-7-7 14:10,-0.2,
S1,blue_surface_displacement,0.178889,-0.2,mm,left_mm,2025-7-7 14:10,-0.2,
S1,blue_surface_displacement,0.18,-0.2,mm,left_mm,2025-7-7 14:10,-0.2,
S1,blue_surface_displacement,0.181111,-0.2,mm,left_mm,2025-7-7 14:10,-0.2,
S1,blue_surface_displacement,0.182222,-0.2,mm,left_mm,2025-7-7 14:10,-0.2,
S1,blue_surface_displacement,0.183333,-0.2,mm,left_mm,2025-7-7 14:11,-0.2,
S1,blue_surface_displacement,0.184444,-0.2,mm,left_mm,2025-7-7 14:11,-0.2,
S1,blue_surface_displacement,0.185556,-0.2,mm,left_mm,2025-7-7 14:11,-0.2,
S1,blue_surface_displacement,0.186667,-0.2,mm,left_mm,2025-7-7 14:11,-0.2,
S1,blue_surface_displacement,0.187778,-0.2,mm,left_mm,2025-7-7 14:11,-0.2,
S1,blue_surface_displacement,0.188889,-0.2,mm,left_mm,2025-7-7 14:11,-0.2,
S1,blue_surface_displacement,0.19,-0.2,mm,left_mm,2025-7-7 14:11,-0.2,
S1,blue_surface_displacement,0.191111,-0.2,mm,left_mm,2025-7-7 14:11,-0.2,
S1,blue_surface_displacement,0.192222,-0.2,mm,left_mm,2025-7-7 14:11,-0.2,
S1,blue_surface_displacement,0.193333,-0.2,mm,left_mm,2025-7-7 14:11,-0.2,
S1,blue_surface_displacement,0.194444,-0.2,mm,left_mm,2025-7-7 14:11,-0.2,
S1,blue_surface_displacement,0.195556,-0.2,mm,left_mm,2025-7-7 14:11,-0.2,
S1,blue_surface_displacement,0.196667,-0.2,mm,left_mm,2025-7-7 14:11,-0.2,
S1,blue_surface_displacement,0.197778,-0.2,mm,left_mm,2025-7-7 14:11,-0.2,
S1,blue_surface_displacement,0.198889,-0.2,mm,left_mm,2025-7-7 14:11,-0.2,
S1,blue_surface_displacement,0.2,-0.2,mm,left_mm,2025-7-7 14:12,-0.2,
S1,blue_surface_displacement,0.201111,-0.2,mm,left_mm,2025-7-7 14:12,-0.2,
S1,blue_surface_displacement,0.202222,-0.2,mm,left_mm,2025-7-7 14:12,-0.2,
S1,blue_surface_displacement,0.203333,-0.2,mm,left_mm,2025-7-7 14:12,-0.2,
S1,blue_surface_displacement,0.204444,-0.2,mm,left_mm,2025-7-7 14:12,-0.2,
S1,blue_surface_displacement,0.205556,-0.2,mm,left_mm,2025-7-7 14:12,-0.2,
S1,blue_surface_displacement,0.206667,-0.2,mm,left_mm,2025-7-7 14:12,-0.2,
S1,blue_surface_displacement,0.207778,-0.2,mm,left_mm,2025-7-7 14:12,-0.2,
S1,blue_surface_displacement,0.208889,-0.2,mm,left_mm,2025-7-7 14:12,-0.2,
S1,blue_surface_displacement,0.21,-0.2,mm,left_mm,2025-7-7 14:12,-0.2,
S1,blue_surface_displacement,0.211111,-0.2,mm,left_mm,2025-7-7 14:12,-0.2,
S1,blue_surface_displacement,0.212222,-0.2,mm,left_mm,2025-7-7 14:12,-0.2,
S1,blue_surface_displacement,0.213333,-0.2,mm,left_mm,2025-7-7 14:12,-0.2,
S1,blue_surface_displacement,0.214444,-0.2,mm,left_mm,2025-7-7 14:12,-0.2,
S1,blue_surface_displacement,0.215556,-0.2,mm,left_mm,2025-7-7 14:12,-0.2,
S1,blue_surface_displacement,0.216667,-0.2,mm,left_mm,2025-7-7 14:13,-0.2,
S1,blue_surface_displacement,0.217778,-0.2,mm,left_mm,2025-7-7 14:13,-0.2,
S1,blue_surface_displacement,0.218889,-0.2,mm,left_mm,2025-7-7 14:13,-0.2,
S1,blue_surface_displacement,0.22,-0.2,mm,left_mm,2025-7-7 14:13,-0.2,
S1,blue_surface_displacement,0.221111,-0.2,mm,left_mm,2025-7-7 14:13,-0.2,
S1,blue_surface_displacement,0.222222,-0.2,mm,left_mm,2025-7-7 14:13,-0.2,
S1,blue_surface_displacement,0.223333,-0.2,mm,left_mm,2025-7-7 14:13,-0.2,
S1,blue_surface_displacement,0.224444,-0.2,mm,left_mm,2025-7-7 14:13,-0.2,
S1,blue_surface_displacement,0.225556,-0.2,mm,left_mm,2025-7-7 14:13,-0.2,
S1,blue_surface_displacement,0.226667,-0.2,mm,left_mm,2025-7-7 14:13,-0.2,
S1,blue_surface_displacement,0.227778,-0.2,mm,left_mm,2025-7-7 14:13,-0.2,
S1,blue_surface_displacement,0.228889,-0.2,mm,left_mm,2025-7-7 14:13,-0.2,
S1,blue_surface_displacement,0.23,-0.2,mm,left_mm,2025-7-7 14:13,-0.2,
S1,blue_surface_displacement,0.231111,-0.2,mm,left_mm,2025-7-7 14:13,-0.2,
S1,blue_surface_displacement,0.232222,-0.2,mm,left_mm,2025-7-7 14:13,-0.2,
S1,blue_surface_displacement,0.233333,-0.2,mm,left_mm,2025-7-7 14:14,-0.2,
S1,blue_surface_displacement,0.234444,-0.2,mm,left_mm,2025-7-7 14:14,-0.2,
S1,blue_surface_displacement,0.235556,-0.2,mm,left_mm,2025-7-7 14:14,-0.2,
S1,blue_surface_displacement,0.236667,-0.2,mm,left_mm,2025-7-7 14:14,-0.2,
S1,blue_surface_displacement,0.237778,-0.2,mm,left_mm,2025-7-7 14:14,-0.2,
S1,blue_surface_displacement,0.238889,-0.2,mm,left_mm,2025-7-7 14:14,-0.2,
S1,blue_surface_displacement,0.24,0,mm,left_mm,2025-7-7 14:14,0,
S1,blue_surface_displacement,0.241111,0,mm,left_mm,2025-7-7 14:14,0,
S1,blue_surface_displacement,0.242222,0,mm,left_mm,2025-7-7 14:14,0,
S1,blue_surface_displacement,0.243333,0,mm,left_mm,2025-7-7 14:14,0,
S1,blue_surface_displacement,0.244444,0,mm,left_mm,2025-7-7 14:14,0,
S1,blue_surface_displacement,0.245556,0,mm,left_mm,2025-7-7 14:14,0,
S1,blue_surface_displacement,0.246667,0,mm,left_mm,2025-7-7 14:14,0,
S1,blue_surface_displacement,0.247778,0,mm,left_mm,2025-7-7 14:14,0,
S1,blue_surface_displacement,0.248889,0,mm,left_mm,2025-7-7 14:14,0,
S1,blue_surface_displacement,0.25,0,mm,left_mm,2025-7-7 14:15,0,
S1,blue_surface_displacement,0.251111,0,mm,left_mm,2025-7-7 14:15,0,
S1,blue_surface_displacement,0.252222,0,mm,left_mm,2025-7-7 14:15,0,
S1,blue_surface_displacement,0.253333,0,mm,left_mm,2025-7-7 14:15,0,
S1,blue_surface_displacement,0.254444,0,mm,left_mm,2025-7-7 14:15,0,
S1,blue_surface_displacement,0.255556,0,mm,left_mm,2025-7-7 14:15,0,
S1,blue_surface_displacement,0.256667,0,mm,left_mm,2025-7-7 14:15,0,
S1,blue_surface_displacement,0.257778,0,mm,left_mm,2025-7-7 14:15,0,
S1,blue_surface_displacement,0.258889,0,mm,left_mm,2025-7-7 14:15,0,
S1,blue_surface_displacement,0.26,0,mm,left_mm,2025-7-7 14:15,0,
S1,blue_surface_displacement,0.261111,0,mm,left_mm,2025-7-7 14:15,0,
S1,blue_surface_displacement,0.262222,0,mm,left_mm,2025-7-7 14:15,0,
S1,blue_surface_displacement,0.263333,0,mm,left_mm,2025-7-7 14:15,0,
S1,blue_surface_displacement,0.264444,0,mm,left_mm,2025-7-7 14:15,0,
S1,blue_surface_displacement,0.265556,0,mm,left_mm,2025-7-7 14:15,0,
S1,blue_surface_displacement,0.266667,0,mm,left_mm,2025-7-7 14:16,0,
S1,blue_surface_displacement,0.267778,0,mm,left_mm,2025-7-7 14:16,0,
S1,blue_surface_displacement,0.268889,0,mm,left_mm,2025-7-7 14:16,0,
S1,blue_surface_displacement,0.27,0,mm,left_mm,2025-7-7 14:16,0,
S1,blue_surface_displacement,0.271111,0,mm,left_mm,2025-7-7 14:16,0,
S1,blue_surface_displacement,0.272222,0,mm,left_mm,2025-7-7 14:16,0,
S1,blue_surface_displacement,0.273333,0,mm,left_mm,2025-7-7 14:16,0,
S1,blue_surface_displacement,0.274444,0,mm,left_mm,2025-7-7 14:16,0,
S1,blue_surface_displacement,0.275556,0,mm,left_mm,2025-7-7 14:16,0,
S1,blue_surface_displacement,0.276667,0,mm,left_mm,2025-7-7 14:16,0,
S1,blue_surface_displacement,0.277778,0,mm,left_mm,2025-7-7 14:16,0,
S1,blue_surface_displacement,0.278889,0,mm,left_mm,2025-7-7 14:16,0,
S1,blue_surface_displacement,0.28,0,mm,left_mm,2025-7-7 14:16,0,
S1,blue_surface_displacement,0.281111,0,mm,left_mm,2025-7-7 14:16,0,
S1,blue_surface_displacement,0.282222,0,mm,left_mm,2025-7-7 14:16,0,
S1,blue_surface_displacement,0.283333,0,mm,left_mm,2025-7-7 14:17,0,
S1,blue_surface_displacement,0.284444,0,mm,left_mm,2025-7-7 14:17,0,
S1,blue_surface_displacement,0.285556,0,mm,left_mm,2025-7-7 14:17,0,
S1,blue_surface_displacement,0.286667,0,mm,left_mm,2025-7-7 14:17,0,
S1,blue_surface_displacement,0.287778,0,mm,left_mm,2025-7-7 14:17,0,
S1,blue_surface_displacement,0.288889,0,mm,left_mm,2025-7-7 14:17,0,
S1,blue_surface_displacement,0.29,0,mm,left_mm,2025-7-7 14:17,0,
S1,blue_surface_displacement,0.291111,0,mm,left_mm,2025-7-7 14:17,0,
S1,blue_surface_displacement,0.292222,0,mm,left_mm,2025-7-7 14:17,0,
S1,blue_surface_displacement,0.293333,0,mm,left_mm,2025-7-7 14:17,0,
S1,blue_surface_displacement,0.294444,0,mm,left_mm,2025-7-7 14:17,0,
S1,blue_surface_displacement,0.295556,0,mm,left_mm,2025-7-7 14:17,0,
S1,blue_surface_displacement,0.296667,0,mm,left_mm,2025-7-7 14:17,0,
S1,blue_surface_displacement,0.297778,0,mm,left_mm,2025-7-7 14:17,0,
S1,blue_surface_displacement,0.298889,0,mm,left_mm,2025-7-7 14:17,0,
S1,blue_surface_displacement,0.3,0,mm,left_mm,2025-7-7 14:18,0,
S1,blue_surface_displacement,0.301111,0,mm,left_mm,2025-7-7 14:18,0,
S1,blue_surface_displacement,0.302222,0,mm,left_mm,2025-7-7 14:18,0,
S1,blue_surface_displacement,0.303333,0,mm,left_mm,2025-7-7 14:18,0,
S1,blue_surface_displacement,0.304444,0,mm,left_mm,2025-7-7 14:18,0,
S1,blue_surface_displacement,0.305556,0,mm,left_mm,2025-7-7 14:18,0,
S1,blue_surface_displacement,0.306667,0,mm,left_mm,2025-7-7 14:18,0,
S1,blue_surface_displacement,0.307778,0,mm,left_mm,2025-7-7 14:18,0,
S1,blue_surface_displacement,0.308889,0,mm,left_mm,2025-7-7 14:18,0,
S1,blue_surface_displacement,0.31,0,mm,left_mm,2025-7-7 14:18,0,
S1,blue_surface_displacement,0.311111,0,mm,left_mm,2025-7-7 14:18,0,
S1,blue_surface_displacement,0.312222,0,mm,left_mm,2025-7-7 14:18,0,
S1,blue_surface_displacement,0.313333,0,mm,left_mm,2025-7-7 14:18,0,
S1,blue_surface_displacement,0.314444,0,mm,left_mm,2025-7-7 14:18,0,
S1,blue_surface_displacement,0.315556,0,mm,left_mm,2025-7-7 14:18,0,
S1,blue_surface_displacement,0.316667,0,mm,left_mm,2025-7-7 14:19,0,
S1,blue_surface_displacement,0.317778,0,mm,left_mm,2025-7-7 14:19,0,
S1,blue_surface_displacement,0.318889,0,mm,left_mm,2025-7-7 14:19,0,
S1,blue_surface_displacement,0.32,0,mm,left_mm,2025-7-7 14:19,0,
S1,blue_surface_displacement,0.321111,0,mm,left_mm,2025-7-7 14:19,0,
S1,blue_surface_displacement,0.322222,0,mm,left_mm,2025-7-7 14:19,0,
S1,blue_surface_displacement,0.323333,0,mm,left_mm,2025-7-7 14:19,0,
S1,blue_surface_displacement,0.324444,0,mm,left_mm,2025-7-7 14:19,0,
S1,blue_surface_displacement,0.325556,0,mm,left_mm,2025-7-7 14:19,0,
S1,blue_surface_displacement,0.326667,0,mm,left_mm,2025-7-7 14:19,0,
S1,blue_surface_displacement,0.327778,0,mm,left_mm,2025-7-7 14:19,0,
S1,blue_surface_displacement,0.328889,0,mm,left_mm,2025-7-7 14:19,0,
S1,blue_surface_displacement,0.33,0,mm,left_mm,2025-7-7 14:19,0,
S1,blue_surface_displacement,0.331111,0,mm,left_mm,2025-7-7 14:19,0,
S1,blue_surface_displacement,0.332222,0,mm,left_mm,2025-7-7 14:19,0,
S1,blue_surface_displacement,0.333333,0,mm,left_mm,2025-7-7 14:20,0,
S1,blue_surface_displacement,0.334444,0,mm,left_mm,2025-7-7 14:20,0,
S1,blue_surface_displacement,0.335556,0,mm,left_mm,2025-7-7 14:20,0,
S1,blue_surface_displacement,0.336667,0,mm,left_mm,2025-7-7 14:20,0,
S1,blue_surface_displacement,0.337778,0,mm,left_mm,2025-7-7 14:20,0,
S1,blue_surface_displacement,0.338889,0,mm,left_mm,2025-7-7 14:20,0,
S1,blue_surface_displacement,0.34,0,mm,left_mm,2025-7-7 14:20,0,
S1,blue_surface_displacement,0.341111,0,mm,left_mm,2025-7-7 14:20,0,
S1,blue_surface_displacement,0.342222,0,mm,left_mm,2025-7-7 14:20,0,
S1,blue_surface_displacement,0.343333,0,mm,left_mm,2025-7-7 14:20,0,
S1,blue_surface_displacement,0.344444,0,mm,left_mm,2025-7-7 14:20,0,
S1,blue_surface_displacement,0.345556,0,mm,left_mm,2025-7-7 14:20,0,
S1,blue_surface_displacement,0.346667,0,mm,left_mm,2025-7-7 14:20,0,
S1,blue_surface_displacement,0.347778,0,mm,left_mm,2025-7-7 14:20,0,
S1,blue_surface_displacement,0.348889,0,mm,left_mm,2025-7-7 14:20,0,
S1,blue_surface_displacement,0.35,0,mm,left_mm,2025-7-7 14:21,0,
S1,blue_surface_displacement,0.351111,0,mm,left_mm,2025-7-7 14:21,0,
S1,blue_surface_displacement,0.352222,0,mm,left_mm,2025-7-7 14:21,0,
S1,blue_surface_displacement,0.353333,0,mm,left_mm,2025-7-7 14:21,0,
S1,blue_surface_displacement,0.354444,0,mm,left_mm,2025-7-7 14:21,0,
S1,blue_surface_displacement,0.355556,0,mm,left_mm,2025-7-7 14:21,0,
S1,blue_surface_displacement,0.356667,0,mm,left_mm,2025-7-7 14:21,0,
S1,blue_surface_displacement,0.357778,0,mm,left_mm,2025-7-7 14:21,0,
S1,blue_surface_displacement,0.358889,0,mm,left_mm,2025-7-7 14:21,0,
S1,blue_surface_displacement,0.36,0,mm,left_mm,2025-7-7 14:21,0,
S1,blue_surface_displacement,0.361111,0,mm,left_mm,2025-7-7 14:21,0,
S1,blue_surface_displacement,0.362222,0,mm,left_mm,2025-7-7 14:21,0,
S1,blue_surface_displacement,0.363333,0,mm,left_mm,2025-7-7 14:21,0,
S1,blue_surface_displacement,0.364444,0,mm,left_mm,2025-7-7 14:21,0,
S1,blue_surface_displacement,0.365556,0,mm,left_mm,2025-7-7 14:21,0,
S1,blue_surface_displacement,0.366667,0,mm,left_mm,2025-7-7 14:22,0,
S1,blue_surface_displacement,0.367778,0,mm,left_mm,2025-7-7 14:22,0,
S1,blue_surface_displacement,0.368889,0,mm,left_mm,2025-7-7 14:22,0,
S1,blue_surface_displacement,0.37,0,mm,left_mm,2025-7-7 14:22,0,
S1,blue_surface_displacement,0.371111,0,mm,left_mm,2025-7-7 14:22,0,
S1,blue_surface_displacement,0.372222,0,mm,left_mm,2025-7-7 14:22,0,
S1,blue_surface_displacement,0.373333,0,mm,left_mm,2025-7-7 14:22,0,
S1,blue_surface_displacement,0.374444,0,mm,left_mm,2025-7-7 14:22,0,
S1,blue_surface_displacement,0.375556,0,mm,left_mm,2025-7-7 14:22,0,
S1,blue_surface_displacement,0.376667,0,mm,left_mm,2025-7-7 14:22,0,
S1,blue_surface_displacement,0.377778,0,mm,left_mm,2025-7-7 14:22,0,
S1,blue_surface_displacement,0.378889,0,mm,left_mm,2025-7-7 14:22,0,
S1,blue_surface_displacement,0.38,0,mm,left_mm,2025-7-7 14:22,0,
S1,blue_surface_displacement,0.381111,0,mm,left_mm,2025-7-7 14:22,0,
S1,blue_surface_displacement,0.382222,0,mm,left_mm,2025-7-7 14:22,0,
S1,blue_surface_displacement,0.383333,0,mm,left_mm,2025-7-7 14:23,0,
S1,blue_surface_displacement,0.384444,0,mm,left_mm,2025-7-7 14:23,0,
S1,blue_surface_displacement,0.385556,0,mm,left_mm,2025-7-7 14:23,0,
S1,blue_surface_displacement,0.386667,0,mm,left_mm,2025-7-7 14:23,0,
S1,blue_surface_displacement,0.387778,0,mm,left_mm,2025-7-7 14:23,0,
S1,blue_surface_displacement,0.388889,0,mm,left_mm,2025-7-7 14:23,0,
S1,blue_surface_displacement,0.39,0,mm,left_mm,2025-7-7 14:23,0,
S1,blue_surface_displacement,0.391111,0,mm,left_mm,2025-7-7 14:23,0,
S1,blue_surface_displacement,0.392222,0,mm,left_mm,2025-7-7 14:23,0,
S1,blue_surface_displacement,0.393333,0,mm,left_mm,2025-7-7 14:23,0,
S1,blue_surface_displacement,0.394444,0,mm,left_mm,2025-7-7 14:23,0,
S1,blue_surface_displacement,0.395556,0,mm,left_mm,2025-7-7 14:23,0,
S1,blue_surface_displacement,0.396667,0,mm,left_mm,2025-7-7 14:23,0,
S1,blue_surface_displacement,0.397778,0,mm,left_mm,2025-7-7 14:23,0,
S1,blue_surface_displacement,0.398889,0,mm,left_mm,2025-7-7 14:23,0,
S1,blue_surface_displacement,0.4,0,mm,left_mm,2025-7-7 14:24,0,
S1,blue_surface_displacement,0.401111,0,mm,left_mm,2025-7-7 14:24,0,
S1,blue_surface_displacement,0.402222,0,mm,left_mm,2025-7-7 14:24,0,
S1,blue_surface_displacement,0.403333,0,mm,left_mm,2025-7-7 14:24,0,
S1,blue_surface_displacement,0.404444,0,mm,left_mm,2025-7-7 14:24,0,
S1,blue_surface_displacement,0.405556,0,mm,left_mm,2025-7-7 14:24,0,
S1,blue_surface_displacement,0.406667,0,mm,left_mm,2025-7-7 14:24,0,
S1,blue_surface_displacement,0.407778,0,mm,left_mm,2025-7-7 14:24,0,
S1,blue_surface_displacement,0.408889,0,mm,left_mm,2025-7-7 14:24,0,
S1,blue_surface_displacement,0.41,0,mm,left_mm,2025-7-7 14:24,0,
S1,blue_surface_displacement,0.411111,0,mm,left_mm,2025-7-7 14:24,0,
S1,blue_surface_displacement,0.412222,0,mm,left_mm,2025-7-7 14:24,0,
S1,blue_surface_displacement,0.413333,0,mm,left_mm,2025-7-7 14:24,0,
S1,blue_surface_displacement,0.414444,0,mm,left_mm,2025-7-7 14:24,0,
S1,blue_surface_displacement,0.415556,0,mm,left_mm,2025-7-7 14:24,0,
S1,blue_surface_displacement,0.416667,0,mm,left_mm,2025-7-7 14:25,0,
S1,blue_surface_displacement,0.417778,0,mm,left_mm,2025-7-7 14:25,0,
S1,blue_surface_displacement,0.418889,0,mm,left_mm,2025-7-7 14:25,0,
S1,blue_surface_displacement,0.42,0,mm,left_mm,2025-7-7 14:25,0,
S1,blue_surface_displacement,0.421111,0,mm,left_mm,2025-7-7 14:25,0,
S1,blue_surface_displacement,0.422222,0,mm,left_mm,2025-7-7 14:25,0,
S1,blue_surface_displacement,0.423333,0,mm,left_mm,2025-7-7 14:25,0,
S1,blue_surface_displacement,0.424444,0,mm,left_mm,2025-7-7 14:25,0,
S1,blue_surface_displacement,0.425556,0,mm,left_mm,2025-7-7 14:25,0,
S1,blue_surface_displacement,0.426667,0,mm,left_mm,2025-7-7 14:25,0,
S1,blue_surface_displacement,0.427778,0,mm,left_mm,2025-7-7 14:25,0,
S1,blue_surface_displacement,0.428889,0,mm,left_mm,2025-7-7 14:25,0,
S1,blue_surface_displacement,0.43,0,mm,left_mm,2025-7-7 14:25,0,
S1,blue_surface_displacement,0.431111,0,mm,left_mm,2025-7-7 14:25,0,
S1,blue_surface_displacement,0.432222,0,mm,left_mm,2025-7-7 14:25,0,
S1,blue_surface_displacement,0.433333,0,mm,left_mm,2025-7-7 14:26,0,
S1,blue_surface_displacement,0.434444,0,mm,left_mm,2025-7-7 14:26,0,
S1,blue_surface_displacement,0.435556,0,mm,left_mm,2025-7-7 14:26,0,
S1,blue_surface_displacement,0.436667,0,mm,left_mm,2025-7-7 14:26,0,
S1,blue_surface_displacement,0.437778,0,mm,left_mm,2025-7-7 14:26,0,
S1,blue_surface_displacement,0.438889,0,mm,left_mm,2025-7-7 14:26,0,
S1,blue_surface_displacement,0.44,0,mm,left_mm,2025-7-7 14:26,0,
S1,blue_surface_displacement,0.441111,0,mm,left_mm,2025-7-7 14:26,0,
S1,blue_surface_displacement,0.442222,0,mm,left_mm,2025-7-7 14:26,0,
S1,blue_surface_displacement,0.443333,0,mm,left_mm,2025-7-7 14:26,0,
S1,blue_surface_displacement,0.444444,0,mm,left_mm,2025-7-7 14:26,0,
S1,blue_surface_displacement,0.445556,0,mm,left_mm,2025-7-7 14:26,0,
S1,blue_surface_displacement,0.446667,0,mm,left_mm,2025-7-7 14:26,0,
S1,blue_surface_displacement,0.447778,0,mm,left_mm,2025-7-7 14:26,0,
S1,blue_surface_displacement,0.448889,0,mm,left_mm,2025-7-7 14:26,0,
S1,blue_surface_displacement,0.45,0,mm,left_mm,2025-7-7 14:27,0,
S1,blue_surface_displacement,0.451111,0,mm,left_mm,2025-7-7 14:27,0,
S1,blue_surface_displacement,0.452222,0,mm,left_mm,2025-7-7 14:27,0,
S1,blue_surface_displacement,0.453333,0,mm,left_mm,2025-7-7 14:27,0,
S1,blue_surface_displacement,0.454444,0,mm,left_mm,2025-7-7 14:27,0,
S1,blue_surface_displacement,0.455556,0,mm,left_mm,2025-7-7 14:27,0,
S1,blue_surface_displacement,0.456667,0,mm,left_mm,2025-7-7 14:27,0,
S1,blue_surface_displacement,0.457778,0,mm,left_mm,2025-7-7 14:27,0,
S1,blue_surface_displacement,0.458889,0,mm,left_mm,2025-7-7 14:27,0,
S1,blue_surface_displacement,0.46,0,mm,left_mm,2025-7-7 14:27,0,
S1,blue_surface_displacement,0.461111,0,mm,left_mm,2025-7-7 14:27,0,
S1,blue_surface_displacement,0.462222,0,mm,left_mm,2025-7-7 14:27,0,
S1,blue_surface_displacement,0.463333,0,mm,left_mm,2025-7-7 14:27,0,
S1,blue_surface_displacement,0.464444,0,mm,left_mm,2025-7-7 14:27,0,
S1,blue_surface_displacement,0.465556,0,mm,left_mm,2025-7-7 14:27,0,
S1,blue_surface_displacement,0.466667,0,mm,left_mm,2025-7-7 14:28,0,
S1,blue_surface_displacement,0.467778,0,mm,left_mm,2025-7-7 14:28,0,
S1,blue_surface_displacement,0.468889,0,mm,left_mm,2025-7-7 14:28,0,
S1,blue_surface_displacement,0.47,0,mm,left_mm,2025-7-7 14:28,0,
S1,blue_surface_displacement,0.471111,0,mm,left_mm,2025-7-7 14:28,0,
S1,blue_surface_displacement,0.472222,0,mm,left_mm,2025-7-7 14:28,0,
S1,blue_surface_displacement,0.473333,0,mm,left_mm,2025-7-7 14:28,0,
S1,blue_surface_displacement,0.474444,0,mm,left_mm,2025-7-7 14:28,0,
S1,blue_surface_displacement,0.475556,0,mm,left_mm,2025-7-7 14:28,0,
S1,blue_surface_displacement,0.476667,0,mm,left_mm,2025-7-7 14:28,0,
S1,blue_surface_displacement,0.477778,0,mm,left_mm,2025-7-7 14:28,0,
S1,blue_surface_displacement,0.478889,0,mm,left_mm,2025-7-7 14:28,0,
S1,blue_surface_displacement,0.48,0,mm,left_mm,2025-7-7 14:28,0,
S1,blue_surface_displacement,0.481111,0,mm,left_mm,2025-7-7 14:28,0,
S1,blue_surface_displacement,0.482222,0,mm,left_mm,2025-7-7 14:28,0,
S1,blue_surface_displacement,0.483333,0,mm,left_mm,2025-7-7 14:29,0,
S1,blue_surface_displacement,0.484444,0,mm,left_mm,2025-7-7 14:29,0,
S1,blue_surface_displacement,0.485556,0,mm,left_mm,2025-7-7 14:29,0,
S1,blue_surface_displacement,0.486667,0,mm,left_mm,2025-7-7 14:29,0,
S1,blue_surface_displacement,0.487778,0,mm,left_mm,2025-7-7 14:29,0,
S1,blue_surface_displacement,0.488889,0,mm,left_mm,2025-7-7 14:29,0,
S1,blue_surface_displacement,0.49,0,mm,left_mm,2025-7-7 14:29,0,
S1,blue_surface_displacement,0.491111,0,mm,left_mm,2025-7-7 14:29,0,
S1,blue_surface_displacement,0.492222,0,mm,left_mm,2025-7-7 14:29,0,
S1,blue_surface_displacement,0.493333,0,mm,left_mm,2025-7-7 14:29,0,
S1,blue_surface_displacement,0.494444,0,mm,left_mm,2025-7-7 14:29,0,
S1,blue_surface_displacement,0.495556,0,mm,left_mm,2025-7-7 14:29,0,
S1,blue_surface_displacement,0.496667,0,mm,left_mm,2025-7-7 14:29,0,
S1,blue_surface_displacement,0.497778,0,mm,left_mm,2025-7-7 14:29,0,
S1,blue_surface_displacement,0.498889,0,mm,left_mm,2025-7-7 14:29,0,
S1,blue_surface_displacement,0.5,0,mm,left_mm,2025-7-7 14:30,0,
S1,blue_surface_displacement,0.501111,0,mm,left_mm,2025-7-7 14:30,0,
S1,blue_surface_displacement,0.502222,0,mm,left_mm,2025-7-7 14:30,0,
S1,blue_surface_displacement,0.503333,0,mm,left_mm,2025-7-7 14:30,0,
S1,blue_surface_displacement,0.504444,0,mm,left_mm,2025-7-7 14:30,0,
S1,blue_surface_displacement,0.505556,0,mm,left_mm,2025-7-7 14:30,0,
S1,blue_surface_displacement,0.506667,0,mm,left_mm,2025-7-7 14:30,0,
S1,blue_surface_displacement,0.507778,0,mm,left_mm,2025-7-7 14:30,0,
S1,blue_surface_displacement,0.508889,0,mm,left_mm,2025-7-7 14:30,0,
S1,blue_surface_displacement,0.51,0,mm,left_mm,2025-7-7 14:30,0,
S1,blue_surface_displacement,0.511111,0,mm,left_mm,2025-7-7 14:30,0,
S1,blue_surface_displacement,0.512222,0,mm,left_mm,2025-7-7 14:30,0,
S1,blue_surface_displacement,0.513333,0,mm,left_mm,2025-7-7 14:30,0,
S1,blue_surface_displacement,0.514444,0,mm,left_mm,2025-7-7 14:30,0,
S1,blue_surface_displacement,0.515556,0,mm,left_mm,2025-7-7 14:30,0,
S1,blue_surface_displacement,0.516667,0,mm,left_mm,2025-7-7 14:31,0,
S1,blue_surface_displacement,0.517778,0,mm,left_mm,2025-7-7 14:31,0,
S1,blue_surface_displacement,0.518889,0,mm,left_mm,2025-7-7 14:31,0,
S1,blue_surface_displacement,0.52,0,mm,left_mm,2025-7-7 14:31,0,
S1,blue_surface_displacement,0.521111,0,mm,left_mm,2025-7-7 14:31,0,
S1,blue_surface_displacement,0.522222,0,mm,left_mm,2025-7-7 14:31,0,
S1,blue_surface_displacement,0.523333,0,mm,left_mm,2025-7-7 14:31,0,
S1,blue_surface_displacement,0.524444,0,mm,left_mm,2025-7-7 14:31,0,
S1,blue_surface_displacement,0.525556,0,mm,left_mm,2025-7-7 14:31,0,
S1,blue_surface_displacement,0.526667,0,mm,left_mm,2025-7-7 14:31,0,
S1,blue_surface_displacement,0.527778,0,mm,left_mm,2025-7-7 14:31,0,
S1,blue_surface_displacement,0.528889,0,mm,left_mm,2025-7-7 14:31,0,
S1,blue_surface_displacement,0.53,0,mm,left_mm,2025-7-7 14:31,0,
S1,blue_surface_displacement,0.531111,0,mm,left_mm,2025-7-7 14:31,0,
S1,blue_surface_displacement,0.532222,0,mm,left_mm,2025-7-7 14:31,0,
S1,blue_surface_displacement,0.533333,0,mm,left_mm,2025-7-7 14:32,0,
S1,blue_surface_displacement,0.534444,0,mm,left_mm,2025-7-7 14:32,0,
S1,blue_surface_displacement,0.535556,0,mm,left_mm,2025-7-7 14:32,0,
S1,blue_surface_displacement,0.536667,0,mm,left_mm,2025-7-7 14:32,0,
S1,blue_surface_displacement,0.537778,0,mm,left_mm,2025-7-7 14:32,0,
S1,blue_surface_displacement,0.538889,0,mm,left_mm,2025-7-7 14:32,0,
S1,blue_surface_displacement,0.54,0,mm,left_mm,2025-7-7 14:32,0,
S1,blue_surface_displacement,0.541111,0,mm,left_mm,2025-7-7 14:32,0,
S1,blue_surface_displacement,0.542222,0,mm,left_mm,2025-7-7 14:32,0,
S1,blue_surface_displacement,0.543333,0,mm,left_mm,2025-7-7 14:32,0,
S1,blue_surface_displacement,0.544444,0,mm,left_mm,2025-7-7 14:32,0,
S1,blue_surface_displacement,0.545556,0,mm,left_mm,2025-7-7 14:32,0,
S1,blue_surface_displacement,0.546667,0,mm,left_mm,2025-7-7 14:32,0,
S1,blue_surface_displacement,0.547778,0,mm,left_mm,2025-7-7 14:32,0,
S1,blue_surface_displacement,0.548889,0,mm,left_mm,2025-7-7 14:32,0,
S1,blue_surface_displacement,0.55,0,mm,left_mm,2025-7-7 14:33,0,
S1,blue_surface_displacement,0.551111,0,mm,left_mm,2025-7-7 14:33,0,
S1,blue_surface_displacement,0.552222,0,mm,left_mm,2025-7-7 14:33,0,
S1,blue_surface_displacement,0.553333,0,mm,left_mm,2025-7-7 14:33,0,
S1,blue_surface_displacement,0.554444,0,mm,left_mm,2025-7-7 14:33,0,
S1,blue_surface_displacement,0.555556,0,mm,left_mm,2025-7-7 14:33,0,
S1,blue_surface_displacement,0.556667,0,mm,left_mm,2025-7-7 14:33,0,
S1,blue_surface_displacement,0.557778,0,mm,left_mm,2025-7-7 14:33,0,
S1,blue_surface_displacement,0.558889,0,mm,left_mm,2025-7-7 14:33,0,
S1,blue_surface_displacement,0.56,0,mm,left_mm,2025-7-7 14:33,0,
S1,blue_surface_displacement,0.561111,0,mm,left_mm,2025-7-7 14:33,0,
S1,blue_surface_displacement,0.562222,0,mm,left_mm,2025-7-7 14:33,0,
S1,blue_surface_displacement,0.563333,0,mm,left_mm,2025-7-7 14:33,0,
S1,blue_surface_displacement,0.564444,0,mm,left_mm,2025-7-7 14:33,0,
S1,blue_surface_displacement,0.565556,0,mm,left_mm,2025-7-7 14:33,0,
S1,blue_surface_displacement,0.566667,0,mm,left_mm,2025-7-7 14:34,0,
S1,blue_surface_displacement,0.567778,0,mm,left_mm,2025-7-7 14:34,0,
S1,blue_surface_displacement,0.568889,0,mm,left_mm,2025-7-7 14:34,0,
S1,blue_surface_displacement,0.57,0,mm,left_mm,2025-7-7 14:34,0,
S1,blue_surface_displacement,0.571111,0,mm,left_mm,2025-7-7 14:34,0,
S1,blue_surface_displacement,0.572222,0,mm,left_mm,2025-7-7 14:34,0,
S1,blue_surface_displacement,0.573333,0,mm,left_mm,2025-7-7 14:34,0,
S1,blue_surface_displacement,0.574444,0,mm,left_mm,2025-7-7 14:34,0,
S1,blue_surface_displacement,0.575556,0,mm,left_mm,2025-7-7 14:34,0,
S1,blue_surface_displacement,0.576667,0,mm,left_mm,2025-7-7 14:34,0,
S1,blue_surface_displacement,0.577778,0,mm,left_mm,2025-7-7 14:34,0,
S1,blue_surface_displacement,0.578889,0,mm,left_mm,2025-7-7 14:34,0,
S1,blue_surface_displacement,0.58,0,mm,left_mm,2025-7-7 14:34,0,
S1,blue_surface_displacement,0.581111,0,mm,left_mm,2025-7-7 14:34,0,
S1,blue_surface_displacement,0.582222,0,mm,left_mm,2025-7-7 14:34,0,
S1,blue_surface_displacement,0.583333,0,mm,left_mm,2025-7-7 14:35,0,
S1,blue_surface_displacement,0.584444,0,mm,left_mm,2025-7-7 14:35,0,
S1,blue_surface_displacement,0.585556,0,mm,left_mm,2025-7-7 14:35,0,
S1,blue_surface_displacement,0.586667,0,mm,left_mm,2025-7-7 14:35,0,
S1,blue_surface_displacement,0.587778,0,mm,left_mm,2025-7-7 14:35,0,
S1,blue_surface_displacement,0.588889,0,mm,left_mm,2025-7-7 14:35,0,
S1,blue_surface_displacement,0.59,0,mm,left_mm,2025-7-7 14:35,0,
S1,blue_surface_displacement,0.591111,0,mm,left_mm,2025-7-7 14:35,0,
S1,blue_surface_displacement,0.592222,0,mm,left_mm,2025-7-7 14:35,0,
S1,blue_surface_displacement,0.593333,0,mm,left_mm,2025-7-7 14:35,0,
S1,blue_surface_displacement,0.594444,0,mm,left_mm,2025-7-7 14:35,0,
S1,blue_surface_displacement,0.595556,0,mm,left_mm,2025-7-7 14:35,0,
S1,blue_surface_displacement,0.596667,0,mm,left_mm,2025-7-7 14:35,0,
S1,blue_surface_displacement,0.597778,0,mm,left_mm,2025-7-7 14:35,0,
S1,blue_surface_displacement,0.598889,0,mm,left_mm,2025-7-7 14:35,0,
S1,blue_surface_displacement,0.6,0,mm,left_mm,2025-7-7 14:36,0,
S1,blue_surface_displacement,0.601111,0,mm,left_mm,2025-7-7 14:36,0,
S1,blue_surface_displacement,0.602222,0,mm,left_mm,2025-7-7 14:36,0,
S1,blue_surface_displacement,0.603333,0,mm,left_mm,2025-7-7 14:36,0,
S1,blue_surface_displacement,0.604444,0,mm,left_mm,2025-7-7 14:36,0,
S1,blue_surface_displacement,0.605556,0,mm,left_mm,2025-7-7 14:36,0,
S1,blue_surface_displacement,0.606667,0,mm,left_mm,2025-7-7 14:36,0,
S1,blue_surface_displacement,0.607778,0,mm,left_mm,2025-7-7 14:36,0,
S1,blue_surface_displacement,0.608889,0,mm,left_mm,2025-7-7 14:36,0,
S1,blue_surface_displacement,0.61,0,mm,left_mm,2025-7-7 14:36,0,
S1,blue_surface_displacement,0.611111,0,mm,left_mm,2025-7-7 14:36,0,
S1,blue_surface_displacement,0.612222,0,mm,left_mm,2025-7-7 14:36,0,
S1,blue_surface_displacement,0.613333,0,mm,left_mm,2025-7-7 14:36,0,
S1,blue_surface_displacement,0.614444,0,mm,left_mm,2025-7-7 14:36,0,
S1,blue_surface_displacement,0.615556,0,mm,left_mm,2025-7-7 14:36,0,
S1,blue_surface_displacement,0.616667,0,mm,left_mm,2025-7-7 14:37,0,
S1,blue_surface_displacement,0.617778,0,mm,left_mm,2025-7-7 14:37,0,
S1,blue_surface_displacement,0.618889,0,mm,left_mm,2025-7-7 14:37,0,
S1,blue_surface_displacement,0.62,0,mm,left_mm,2025-7-7 14:37,0,
S1,blue_surface_displacement,0.621111,0,mm,left_mm,2025-7-7 14:37,0,
S1,blue_surface_displacement,0.622222,0,mm,left_mm,2025-7-7 14:37,0,
S1,blue_surface_displacement,0.623333,0,mm,left_mm,2025-7-7 14:37,0,
S1,blue_surface_displacement,0.624444,0,mm,left_mm,2025-7-7 14:37,0,
S1,blue_surface_displacement,0.625556,0,mm,left_mm,2025-7-7 14:37,0,
S1,blue_surface_displacement,0.626667,0,mm,left_mm,2025-7-7 14:37,0,
S1,blue_surface_displacement,0.627778,0,mm,left_mm,2025-7-7 14:37,0,
S1,blue_surface_displacement,0.628889,0,mm,left_mm,2025-7-7 14:37,0,
S1,blue_surface_displacement,0.63,0,mm,left_mm,2025-7-7 14:37,0,
S1,blue_surface_displacement,0.631111,0,mm,left_mm,2025-7-7 14:37,0,
S1,blue_surface_displacement,0.632222,0,mm,left_mm,2025-7-7 14:37,0,
S1,blue_surface_displacement,0.633333,0,mm,left_mm,2025-7-7 14:38,0,
S1,blue_surface_displacement,0.634444,0,mm,left_mm,2025-7-7 14:38,0,
S1,blue_surface_displacement,0.635556,0,mm,left_mm,2025-7-7 14:38,0,
S1,blue_surface_displacement,0.636667,0,mm,left_mm,2025-7-7 14:38,0,
S1,blue_surface_displacement,0.637778,0,mm,left_mm,2025-7-7 14:38,0,
S1,blue_surface_displacement,0.638889,0,mm,left_mm,2025-7-7 14:38,0,
S1,blue_surface_displacement,0.64,0,mm,left_mm,2025-7-7 14:38,0,
S1,blue_surface_displacement,0.641111,0,mm,left_mm,2025-7-7 14:38,0,
S1,blue_surface_displacement,0.642222,0,mm,left_mm,2025-7-7 14:38,0,
S1,blue_surface_displacement,0.643333,0,mm,left_mm,2025-7-7 14:38,0,
S1,blue_surface_displacement,0.644444,0,mm,left_mm,2025-7-7 14:38,0,
S1,blue_surface_displacement,0.645556,0,mm,left_mm,2025-7-7 14:38,0,
S1,blue_surface_displacement,0.646667,0,mm,left_mm,2025-7-7 14:38,0,
S1,blue_surface_displacement,0.647778,0,mm,left_mm,2025-7-7 14:38,0,
S1,blue_surface_displacement,0.648889,0,mm,left_mm,2025-7-7 14:38,0,
S1,blue_surface_displacement,0.65,0,mm,left_mm,2025-7-7 14:39,0,
S1,blue_surface_displacement,0.651111,0,mm,left_mm,2025-7-7 14:39,0,
S1,blue_surface_displacement,0.652222,0,mm,left_mm,2025-7-7 14:39,0,
S1,blue_surface_displacement,0.653333,0,mm,left_mm,2025-7-7 14:39,0,
S1,blue_surface_displacement,0.654444,0,mm,left_mm,2025-7-7 14:39,0,
S1,blue_surface_displacement,0.655556,0,mm,left_mm,2025-7-7 14:39,0,
S1,blue_surface_displacement,0.656667,0,mm,left_mm,2025-7-7 14:39,0,
S1,blue_surface_displacement,0.657778,0,mm,left_mm,2025-7-7 14:39,0,
S1,blue_surface_displacement,0.658889,0,mm,left_mm,2025-7-7 14:39,0,
S1,blue_surface_displacement,0.66,0,mm,left_mm,2025-7-7 14:39,0,
S1,blue_surface_displacement,0.661111,0,mm,left_mm,2025-7-7 14:39,0,
S1,blue_surface_displacement,0.662222,0,mm,left_mm,2025-7-7 14:39,0,
S1,blue_surface_displacement,0.663333,0,mm,left_mm,2025-7-7 14:39,0,
S1,blue_surface_displacement,0.664444,0,mm,left_mm,2025-7-7 14:39,0,
S1,blue_surface_displacement,0.665556,0,mm,left_mm,2025-7-7 14:39,0,
S1,blue_surface_displacement,0.666667,0,mm,left_mm,2025-7-7 14:40,0,
S1,blue_surface_displacement,0.667778,0,mm,left_mm,2025-7-7 14:40,0,
S1,blue_surface_displacement,0.668889,0,mm,left_mm,2025-7-7 14:40,0,
S1,blue_surface_displacement,0.67,0,mm,left_mm,2025-7-7 14:40,0,
S1,blue_surface_displacement,0.671111,0,mm,left_mm,2025-7-7 14:40,0,
S1,blue_surface_displacement,0.672222,0,mm,left_mm,2025-7-7 14:40,0,
S1,blue_surface_displacement,0.673333,0,mm,left_mm,2025-7-7 14:40,0,
S1,blue_surface_displacement,0.674444,0,mm,left_mm,2025-7-7 14:40,0,
S1,blue_surface_displacement,0.675556,0,mm,left_mm,2025-7-7 14:40,0,
S1,blue_surface_displacement,0.676667,0,mm,left_mm,2025-7-7 14:40,0,
S1,blue_surface_displacement,0.677778,0,mm,left_mm,2025-7-7 14:40,0,
S1,blue_surface_displacement,0.678889,0,mm,left_mm,2025-7-7 14:40,0,
S1,blue_surface_displacement,0.68,0,mm,left_mm,2025-7-7 14:40,0,
S1,blue_surface_displacement,0.681111,0,mm,left_mm,2025-7-7 14:40,0,
S1,blue_surface_displacement,0.682222,0,mm,left_mm,2025-7-7 14:40,0,
S1,blue_surface_displacement,0.683333,0,mm,left_mm,2025-7-7 14:41,0,
S1,blue_surface_displacement,0.684444,0,mm,left_mm,2025-7-7 14:41,0,
S1,blue_surface_displacement,0.685556,0,mm,left_mm,2025-7-7 14:41,0,
S1,blue_surface_displacement,0.686667,0,mm,left_mm,2025-7-7 14:41,0,
S1,blue_surface_displacement,0.687778,0,mm,left_mm,2025-7-7 14:41,0,
S1,blue_surface_displacement,0.688889,0,mm,left_mm,2025-7-7 14:41,0,
S1,blue_surface_displacement,0.69,0,mm,left_mm,2025-7-7 14:41,0,
S1,blue_surface_displacement,0.691111,0,mm,left_mm,2025-7-7 14:41,0,
S1,blue_surface_displacement,0.692222,0,mm,left_mm,2025-7-7 14:41,0,
S1,blue_surface_displacement,0.693333,0,mm,left_mm,2025-7-7 14:41,0,
S1,blue_surface_displacement,0.694444,0,mm,left_mm,2025-7-7 14:41,0,
S1,blue_surface_displacement,0.695556,0,mm,left_mm,2025-7-7 14:41,0,
S1,blue_surface_displacement,0.696667,0,mm,left_mm,2025-7-7 14:41,0,
S1,blue_surface_displacement,0.697778,0,mm,left_mm,2025-7-7 14:41,0,
S1,blue_surface_displacement,0.698889,0,mm,left_mm,2025-7-7 14:41,0,
S1,blue_surface_displacement,0.7,0,mm,left_mm,2025-7-7 14:42,0,
S1,blue_surface_displacement,0.701111,0,mm,left_mm,2025-7-7 14:42,0,
S1,blue_surface_displacement,0.702222,0,mm,left_mm,2025-7-7 14:42,0,
S1,blue_surface_displacement,0.703333,0,mm,left_mm,2025-7-7 14:42,0,
S1,blue_surface_displacement,0.704444,0,mm,left_mm,2025-7-7 14:42,0,
S1,blue_surface_displacement,0.705556,0,mm,left_mm,2025-7-7 14:42,0,
S1,blue_surface_displacement,0.706667,0,mm,left_mm,2025-7-7 14:42,0,
S1,blue_surface_displacement,0.707778,0,mm,left_mm,2025-7-7 14:42,0,
S1,blue_surface_displacement,0.708889,0,mm,left_mm,2025-7-7 14:42,0,
S1,blue_surface_displacement,0.71,0,mm,left_mm,2025-7-7 14:42,0,
S1,blue_surface_displacement,0.711111,0,mm,left_mm,2025-7-7 14:42,0,
S1,blue_surface_displacement,0.712222,0,mm,left_mm,2025-7-7 14:42,0,
S1,blue_surface_displacement,0.713333,0,mm,left_mm,2025-7-7 14:42,0,
S1,blue_surface_displacement,0.714444,0,mm,left_mm,2025-7-7 14:42,0,
S1,blue_surface_displacement,0.715556,0,mm,left_mm,2025-7-7 14:42,0,
S1,blue_surface_displacement,0.716667,0,mm,left_mm,2025-7-7 14:43,0,
S1,blue_surface_displacement,0.717778,0,mm,left_mm,2025-7-7 14:43,0,
S1,blue_surface_displacement,0.718889,0,mm,left_mm,2025-7-7 14:43,0,
S1,blue_surface_displacement,0.72,0,mm,left_mm,2025-7-7 14:43,0,
S1,blue_surface_displacement,0.721111,0,mm,left_mm,2025-7-7 14:43,0,
S1,blue_surface_displacement,0.722222,0,mm,left_mm,2025-7-7 14:43,0,
S1,blue_surface_displacement,0.723333,0,mm,left_mm,2025-7-7 14:43,0,
S1,blue_surface_displacement,0.724444,0,mm,left_mm,2025-7-7 14:43,0,
S1,blue_surface_displacement,0.725556,0,mm,left_mm,2025-7-7 14:43,0,
S1,blue_surface_displacement,0.726667,0,mm,left_mm,2025-7-7 14:43,0,
S1,blue_surface_displacement,0.727778,0,mm,left_mm,2025-7-7 14:43,0,
S1,blue_surface_displacement,0.728889,0,mm,left_mm,2025-7-7 14:43,0,
S1,blue_surface_displacement,0.73,0,mm,left_mm,2025-7-7 14:43,0,
S1,blue_surface_displacement,0.731111,0,mm,left_mm,2025-7-7 14:43,0,
S1,blue_surface_displacement,0.732222,0,mm,left_mm,2025-7-7 14:43,0,
S1,blue_surface_displacement,0.733333,0,mm,left_mm,2025-7-7 14:44,0,
S1,blue_surface_displacement,0.734444,0,mm,left_mm,2025-7-7 14:44,0,
S1,blue_surface_displacement,0.735556,0,mm,left_mm,2025-7-7 14:44,0,
S1,blue_surface_displacement,0.736667,0,mm,left_mm,2025-7-7 14:44,0,
S1,blue_surface_displacement,0.737778,0,mm,left_mm,2025-7-7 14:44,0,
S1,blue_surface_displacement,0.738889,0,mm,left_mm,2025-7-7 14:44,0,
S1,blue_surface_displacement,0.74,0,mm,left_mm,2025-7-7 14:44,0,
S1,blue_surface_displacement,0.741111,0,mm,left_mm,2025-7-7 14:44,0,
S1,blue_surface_displacement,0.742222,0,mm,left_mm,2025-7-7 14:44,0,
S1,blue_surface_displacement,0.743333,0,mm,left_mm,2025-7-7 14:44,0,
S1,blue_surface_displacement,0.744444,0,mm,left_mm,2025-7-7 14:44,0,
S1,blue_surface_displacement,0.745556,0,mm,left_mm,2025-7-7 14:44,0,
S1,blue_surface_displacement,0.746667,0,mm,left_mm,2025-7-7 14:44,0,
S1,blue_surface_displacement,0.747778,0,mm,left_mm,2025-7-7 14:44,0,
S1,blue_surface_displacement,0.748889,0,mm,left_mm,2025-7-7 14:44,0,
S1,blue_surface_displacement,0.75,0,mm,left_mm,2025-7-7 14:45,0,
S1,blue_surface_displacement,0.751111,0.1,mm,left_mm,2025-7-7 14:45,0.1,
S1,blue_surface_displacement,0.752222,0,mm,left_mm,2025-7-7 14:45,0,
S1,blue_surface_displacement,0.753333,0,mm,left_mm,2025-7-7 14:45,0,
S1,blue_surface_displacement,0.754444,0,mm,left_mm,2025-7-7 14:45,0,
S1,blue_surface_displacement,0.755556,0,mm,left_mm,2025-7-7 14:45,0,
S1,blue_surface_displacement,0.756667,0,mm,left_mm,2025-7-7 14:45,0,
S1,blue_surface_displacement,0.757778,0,mm,left_mm,2025-7-7 14:45,0,
S1,blue_surface_displacement,0.758889,0,mm,left_mm,2025-7-7 14:45,0,
S1,blue_surface_displacement,0.76,0,mm,left_mm,2025-7-7 14:45,0,
S1,blue_surface_displacement,0.761111,0,mm,left_mm,2025-7-7 14:45,0,
S1,blue_surface_displacement,0.762222,0,mm,left_mm,2025-7-7 14:45,0,
S1,blue_surface_displacement,0.763333,0,mm,left_mm,2025-7-7 14:45,0,
S1,blue_surface_displacement,0.764444,0,mm,left_mm,2025-7-7 14:45,0,
S1,blue_surface_displacement,0.765556,0,mm,left_mm,2025-7-7 14:45,0,
S1,blue_surface_displacement,0.766667,0,mm,left_mm,2025-7-7 14:46,0,
S1,blue_surface_displacement,0.767778,0,mm,left_mm,2025-7-7 14:46,0,
S1,blue_surface_displacement,0.768889,0,mm,left_mm,2025-7-7 14:46,0,
S1,blue_surface_displacement,0.77,0,mm,left_mm,2025-7-7 14:46,0,
S1,blue_surface_displacement,0.771111,0,mm,left_mm,2025-7-7 14:46,0,
S1,blue_surface_displacement,0.772222,0,mm,left_mm,2025-7-7 14:46,0,
S1,blue_surface_displacement,0.773333,0,mm,left_mm,2025-7-7 14:46,0,
S1,blue_surface_displacement,0.774444,0,mm,left_mm,2025-7-7 14:46,0,
S1,blue_surface_displacement,0.775556,0,mm,left_mm,2025-7-7 14:46,0,
S1,blue_surface_displacement,0.776667,0,mm,left_mm,2025-7-7 14:46,0,
S1,blue_surface_displacement,0.777778,0,mm,left_mm,2025-7-7 14:46,0,
S1,blue_surface_displacement,0.778889,0,mm,left_mm,2025-7-7 14:46,0,
S1,blue_surface_displacement,0.78,0,mm,left_mm,2025-7-7 14:46,0,
S1,blue_surface_displacement,0.781111,0,mm,left_mm,2025-7-7 14:46,0,
S1,blue_surface_displacement,0.782222,0,mm,left_mm,2025-7-7 14:46,0,
S1,blue_surface_displacement,0.783333,0,mm,left_mm,2025-7-7 14:47,0,
S1,blue_surface_displacement,0.784444,0,mm,left_mm,2025-7-7 14:47,0,
S1,blue_surface_displacement,0.785556,0,mm,left_mm,2025-7-7 14:47,0,
S1,blue_surface_displacement,0.786667,0,mm,left_mm,2025-7-7 14:47,0,
S1,blue_surface_displacement,0.787778,0,mm,left_mm,2025-7-7 14:47,0,
S1,blue_surface_displacement,0.788889,0,mm,left_mm,2025-7-7 14:47,0,
S1,blue_surface_displacement,0.79,0,mm,left_mm,2025-7-7 14:47,0,
S1,blue_surface_displacement,0.791111,0,mm,left_mm,2025-7-7 14:47,0,
S1,blue_surface_displacement,0.792222,0,mm,left_mm,2025-7-7 14:47,0,
S1,blue_surface_displacement,0.793333,0,mm,left_mm,2025-7-7 14:47,0,
S1,blue_surface_displacement,0.794444,0,mm,left_mm,2025-7-7 14:47,0,
S1,blue_surface_displacement,0.795556,0,mm,left_mm,2025-7-7 14:47,0,
S1,blue_surface_displacement,0.796667,0,mm,left_mm,2025-7-7 14:47,0,
S1,blue_surface_displacement,0.797778,0,mm,left_mm,2025-7-7 14:47,0,
S1,blue_surface_displacement,0.798889,0,mm,left_mm,2025-7-7 14:47,0,
S1,blue_surface_displacement,0.8,0,mm,left_mm,2025-7-7 14:48,0,
S1,blue_surface_displacement,0.801111,0,mm,left_mm,2025-7-7 14:48,0,
S1,blue_surface_displacement,0.802222,0,mm,left_mm,2025-7-7 14:48,0,
S1,blue_surface_displacement,0.803333,0,mm,left_mm,2025-7-7 14:48,0,
S1,blue_surface_displacement,0.804444,0,mm,left_mm,2025-7-7 14:48,0,
S1,blue_surface_displacement,0.805556,0,mm,left_mm,2025-7-7 14:48,0,
S1,blue_surface_displacement,0.806667,0,mm,left_mm,2025-7-7 14:48,0,
S1,blue_surface_displacement,0.807778,0,mm,left_mm,2025-7-7 14:48,0,
S1,blue_surface_displacement,0.808889,0,mm,left_mm,2025-7-7 14:48,0,
S1,blue_surface_displacement,0.81,0,mm,left_mm,2025-7-7 14:48,0,
S1,blue_surface_displacement,0.811111,0,mm,left_mm,2025-7-7 14:48,0,
S1,blue_surface_displacement,0.812222,0,mm,left_mm,2025-7-7 14:48,0,
S1,blue_surface_displacement,0.813333,0,mm,left_mm,2025-7-7 14:48,0,
S1,blue_surface_displacement,0.814444,0,mm,left_mm,2025-7-7 14:48,0,
S1,blue_surface_displacement,0.815556,0,mm,left_mm,2025-7-7 14:48,0,
S1,blue_surface_displacement,0.816667,0,mm,left_mm,2025-7-7 14:49,0,
S1,blue_surface_displacement,0.817778,0,mm,left_mm,2025-7-7 14:49,0,
S1,blue_surface_displacement,0.818889,0,mm,left_mm,2025-7-7 14:49,0,
S1,blue_surface_displacement,0.82,0,mm,left_mm,2025-7-7 14:49,0,
S1,blue_surface_displacement,0.821111,0,mm,left_mm,2025-7-7 14:49,0,
S1,blue_surface_displacement,0.822222,0,mm,left_mm,2025-7-7 14:49,0,
S1,blue_surface_displacement,0.823333,0,mm,left_mm,2025-7-7 14:49,0,
S1,blue_surface_displacement,0.824444,0,mm,left_mm,2025-7-7 14:49,0,
S1,blue_surface_displacement,0.825556,0,mm,left_mm,2025-7-7 14:49,0,
S1,blue_surface_displacement,0.826667,0,mm,left_mm,2025-7-7 14:49,0,
S1,blue_surface_displacement,0.827778,0,mm,left_mm,2025-7-7 14:49,0,
S1,blue_surface_displacement,0.828889,0,mm,left_mm,2025-7-7 14:49,0,
S1,blue_surface_displacement,0.83,0,mm,left_mm,2025-7-7 14:49,0,
S1,blue_surface_displacement,0.831111,0,mm,left_mm,2025-7-7 14:49,0,
S1,blue_surface_displacement,0.832222,0,mm,left_mm,2025-7-7 14:49,0,
S1,blue_surface_displacement,0.833333,0,mm,left_mm,2025-7-7 14:50,0,
S1,blue_surface_displacement,0.834444,0,mm,left_mm,2025-7-7 14:50,0,
S1,blue_surface_displacement,0.835556,0,mm,left_mm,2025-7-7 14:50,0,
S1,blue_surface_displacement,0.836667,0,mm,left_mm,2025-7-7 14:50,0,
S1,blue_surface_displacement,0.837778,0,mm,left_mm,2025-7-7 14:50,0,
S1,blue_surface_displacement,0.838889,0,mm,left_mm,2025-7-7 14:50,0,
S1,blue_surface_displacement,0.84,0,mm,left_mm,2025-7-7 14:50,0,
S1,blue_surface_displacement,0.841111,0,mm,left_mm,2025-7-7 14:50,0,
S1,blue_surface_displacement,0.842222,0,mm,left_mm,2025-7-7 14:50,0,
S1,blue_surface_displacement,0.843333,0,mm,left_mm,2025-7-7 14:50,0,
S1,blue_surface_displacement,0.844444,0,mm,left_mm,2025-7-7 14:50,0,
S1,blue_surface_displacement,0.845556,0,mm,left_mm,2025-7-7 14:50,0,
S1,blue_surface_displacement,0.846667,0,mm,left_mm,2025-7-7 14:50,0,
S1,blue_surface_displacement,0.847778,0,mm,left_mm,2025-7-7 14:50,0,
S1,blue_surface_displacement,0.848889,0,mm,left_mm,2025-7-7 14:50,0,
S1,blue_surface_displacement,0.85,0,mm,left_mm,2025-7-7 14:51,0,
S1,blue_surface_displacement,0.851111,0,mm,left_mm,2025-7-7 14:51,0,
S1,blue_surface_displacement,0.852222,0,mm,left_mm,2025-7-7 14:51,0,
S1,blue_surface_displacement,0.853333,0,mm,left_mm,2025-7-7 14:51,0,
S1,blue_surface_displacement,0.854444,0,mm,left_mm,2025-7-7 14:51,0,
S1,blue_surface_displacement,0.855556,0,mm,left_mm,2025-7-7 14:51,0,
S1,blue_surface_displacement,0.856667,0,mm,left_mm,2025-7-7 14:51,0,
S1,blue_surface_displacement,0.857778,0,mm,left_mm,2025-7-7 14:51,0,
S1,blue_surface_displacement,0.858889,0,mm,left_mm,2025-7-7 14:51,0,
S1,blue_surface_displacement,0.86,0,mm,left_mm,2025-7-7 14:51,0,
S1,blue_surface_displacement,0.861111,0,mm,left_mm,2025-7-7 14:51,0,
S1,blue_surface_displacement,0.862222,0,mm,left_mm,2025-7-7 14:51,0,
S1,blue_surface_displacement,0.863333,0,mm,left_mm,2025-7-7 14:51,0,
S1,blue_surface_displacement,0.864444,0,mm,left_mm,2025-7-7 14:51,0,
S1,blue_surface_displacement,0.865556,0,mm,left_mm,2025-7-7 14:51,0,
S1,blue_surface_displacement,0.866667,0,mm,left_mm,2025-7-7 14:52,0,
S1,blue_surface_displacement,0.867778,0,mm,left_mm,2025-7-7 14:52,0,
S1,blue_surface_displacement,0.868889,0,mm,left_mm,2025-7-7 14:52,0,
S1,blue_surface_displacement,0.87,0,mm,left_mm,2025-7-7 14:52,0,
S1,blue_surface_displacement,0.871111,0,mm,left_mm,2025-7-7 14:52,0,
S1,blue_surface_displacement,0.872222,0,mm,left_mm,2025-7-7 14:52,0,
S1,blue_surface_displacement,0.873333,0,mm,left_mm,2025-7-7 14:52,0,
S1,blue_surface_displacement,0.874444,0,mm,left_mm,2025-7-7 14:52,0,
S1,blue_surface_displacement,0.875556,0,mm,left_mm,2025-7-7 14:52,0,
S1,blue_surface_displacement,0.876667,0,mm,left_mm,2025-7-7 14:52,0,
S1,blue_surface_displacement,0.877778,0,mm,left_mm,2025-7-7 14:52,0,
S1,blue_surface_displacement,0.878889,0,mm,left_mm,2025-7-7 14:52,0,
S1,blue_surface_displacement,0.88,0,mm,left_mm,2025-7-7 14:52,0,
S1,blue_surface_displacement,0.881111,0,mm,left_mm,2025-7-7 14:52,0,
S1,blue_surface_displacement,0.882222,0,mm,left_mm,2025-7-7 14:52,0,
S1,blue_surface_displacement,0.883333,0,mm,left_mm,2025-7-7 14:53,0,
S1,blue_surface_displacement,0.884444,0,mm,left_mm,2025-7-7 14:53,0,
S1,blue_surface_displacement,0.885556,0,mm,left_mm,2025-7-7 14:53,0,
S1,blue_surface_displacement,0.886667,0,mm,left_mm,2025-7-7 14:53,0,
S1,blue_surface_displacement,0.887778,0,mm,left_mm,2025-7-7 14:53,0,
S1,blue_surface_displacement,0.888889,0,mm,left_mm,2025-7-7 14:53,0,
S1,blue_surface_displacement,0.89,0,mm,left_mm,2025-7-7 14:53,0,
S1,blue_surface_displacement,0.891111,0,mm,left_mm,2025-7-7 14:53,0,
S1,blue_surface_displacement,0.892222,0,mm,left_mm,2025-7-7 14:53,0,
S1,blue_surface_displacement,0.893333,0,mm,left_mm,2025-7-7 14:53,0,
S1,blue_surface_displacement,0.894444,0,mm,left_mm,2025-7-7 14:53,0,
S1,blue_surface_displacement,0.895556,0,mm,left_mm,2025-7-7 14:53,0,
S1,blue_surface_displacement,0.896667,0,mm,left_mm,2025-7-7 14:53,0,
S1,blue_surface_displacement,0.897778,0,mm,left_mm,2025-7-7 14:53,0,
S1,blue_surface_displacement,0.898889,0,mm,left_mm,2025-7-7 14:53,0,
S1,blue_surface_displacement,0.9,0,mm,left_mm,2025-7-7 14:54,0,
S1,blue_surface_displacement,0.901111,0,mm,left_mm,2025-7-7 14:54,0,
S1,blue_surface_displacement,0.902222,0,mm,left_mm,2025-7-7 14:54,0,
S1,blue_surface_displacement,0.903333,0,mm,left_mm,2025-7-7 14:54,0,
S1,blue_surface_displacement,0.904444,0,mm,left_mm,2025-7-7 14:54,0,
S1,blue_surface_displacement,0.905556,0,mm,left_mm,2025-7-7 14:54,0,
S1,blue_surface_displacement,0.906667,0,mm,left_mm,2025-7-7 14:54,0,
S1,blue_surface_displacement,0.907778,0,mm,left_mm,2025-7-7 14:54,0,
S1,blue_surface_displacement,0.908889,0,mm,left_mm,2025-7-7 14:54,0,
S1,blue_surface_displacement,0.91,0,mm,left_mm,2025-7-7 14:54,0,
S1,blue_surface_displacement,0.911111,0,mm,left_mm,2025-7-7 14:54,0,
S1,blue_surface_displacement,0.912222,0,mm,left_mm,2025-7-7 14:54,0,
S1,blue_surface_displacement,0.913333,0,mm,left_mm,2025-7-7 14:54,0,
S1,blue_surface_displacement,0.914444,0,mm,left_mm,2025-7-7 14:54,0,
S1,blue_surface_displacement,0.915556,0,mm,left_mm,2025-7-7 14:54,0,
S1,blue_surface_displacement,0.916667,0,mm,left_mm,2025-7-7 14:55,0,
S1,blue_surface_displacement,0.917778,0,mm,left_mm,2025-7-7 14:55,0,
S1,blue_surface_displacement,0.918889,0,mm,left_mm,2025-7-7 14:55,0,
S1,blue_surface_displacement,0.92,0,mm,left_mm,2025-7-7 14:55,0,
S1,blue_surface_displacement,0.921111,0,mm,left_mm,2025-7-7 14:55,0,
S1,blue_surface_displacement,0.922222,0,mm,left_mm,2025-7-7 14:55,0,
S1,blue_surface_displacement,0.923333,0,mm,left_mm,2025-7-7 14:55,0,
S1,blue_surface_displacement,0.924444,0,mm,left_mm,2025-7-7 14:55,0,
S1,blue_surface_displacement,0.925556,0,mm,left_mm,2025-7-7 14:55,0,
S1,blue_surface_displacement,0.926667,0,mm,left_mm,2025-7-7 14:55,0,
S1,blue_surface_displacement,0.927778,0,mm,left_mm,2025-7-7 14:55,0,
S1,blue_surface_displacement,0.928889,0,mm,left_mm,2025-7-7 14:55,0,
S1,blue_surface_displacement,0.93,0,mm,left_mm,2025-7-7 14:55,0,
S1,blue_surface_displacement,0.931111,0,mm,left_mm,2025-7-7 14:55,0,
S1,blue_surface_displacement,0.932222,0,mm,left_mm,2025-7-7 14:55,0,
S1,blue_surface_displacement,0.933333,0,mm,left_mm,2025-7-7 14:56,0,
S1,blue_surface_displacement,0.934444,0,mm,left_mm,2025-7-7 14:56,0,
S1,blue_surface_displacement,0.935556,0,mm,left_mm,2025-7-7 14:56,0,
S1,blue_surface_displacement,0.936667,0,mm,left_mm,2025-7-7 14:56,0,
S1,blue_surface_displacement,0.937778,0,mm,left_mm,2025-7-7 14:56,0,
S1,blue_surface_displacement,0.938889,0,mm,left_mm,2025-7-7 14:56,0,
S1,blue_surface_displacement,0.94,0,mm,left_mm,2025-7-7 14:56,0,
S1,blue_surface_displacement,0.941111,0,mm,left_mm,2025-7-7 14:56,0,
S1,blue_surface_displacement,0.942222,0,mm,left_mm,2025-7-7 14:56,0,
S1,blue_surface_displacement,0.943333,0,mm,left_mm,2025-7-7 14:56,0,
S1,blue_surface_displacement,0.944444,0,mm,left_mm,2025-7-7 14:56,0,
S1,blue_surface_displacement,0.945556,0,mm,left_mm,2025-7-7 14:56,0,
S1,blue_surface_displacement,0.946667,0,mm,left_mm,2025-7-7 14:56,0,
S1,blue_surface_displacement,0.947778,0,mm,left_mm,2025-7-7 14:56,0,
S1,blue_surface_displacement,0.948889,0,mm,left_mm,2025-7-7 14:56,0,
S1,blue_surface_displacement,0.95,0,mm,left_mm,2025-7-7 14:57,0,
S1,blue_surface_displacement,0.951111,0,mm,left_mm,2025-7-7 14:57,0,
S1,blue_surface_displacement,0.952222,0,mm,left_mm,2025-7-7 14:57,0,
S1,blue_surface_displacement,0.953333,0,mm,left_mm,2025-7-7 14:57,0,
S1,blue_surface_displacement,0.954444,0,mm,left_mm,2025-7-7 14:57,0,
S1,blue_surface_displacement,0.955556,0,mm,left_mm,2025-7-7 14:57,0,
S1,blue_surface_displacement,0.956667,0,mm,left_mm,2025-7-7 14:57,0,
S1,blue_surface_displacement,0.957778,0,mm,left_mm,2025-7-7 14:57,0,
S1,blue_surface_displacement,0.958889,0,mm,left_mm,2025-7-7 14:57,0,
S1,blue_surface_displacement,0.96,0,mm,left_mm,2025-7-7 14:57,0,
S1,blue_surface_displacement,0.961111,0,mm,left_mm,2025-7-7 14:57,0,
S1,blue_surface_displacement,0.962222,0,mm,left_mm,2025-7-7 14:57,0,
S1,blue_surface_displacement,0.963333,0,mm,left_mm,2025-7-7 14:57,0,
S1,blue_surface_displacement,0.964444,0,mm,left_mm,2025-7-7 14:57,0,
S1,blue_surface_displacement,0.965556,0,mm,left_mm,2025-7-7 14:57,0,
S1,blue_surface_displacement,0.966667,0,mm,left_mm,2025-7-7 14:58,0,
S1,blue_surface_displacement,0.967778,0,mm,left_mm,2025-7-7 14:58,0,
S1,blue_surface_displacement,0.968889,0,mm,left_mm,2025-7-7 14:58,0,
S1,blue_surface_displacement,0.97,0,mm,left_mm,2025-7-7 14:58,0,
S1,blue_surface_displacement,0.971111,0,mm,left_mm,2025-7-7 14:58,0,
S1,blue_surface_displacement,0.972222,0,mm,left_mm,2025-7-7 14:58,0,
S1,blue_surface_displacement,0.973333,0,mm,left_mm,2025-7-7 14:58,0,
S1,blue_surface_displacement,0.974444,0,mm,left_mm,2025-7-7 14:58,0,
S1,blue_surface_displacement,0.975556,0,mm,left_mm,2025-7-7 14:58,0,
S1,blue_surface_displacement,0.976667,0,mm,left_mm,2025-7-7 14:58,0,
S1,blue_surface_displacement,0.977778,0,mm,left_mm,2025-7-7 14:58,0,
S1,blue_surface_displacement,0.978889,0,mm,left_mm,2025-7-7 14:58,0,
S1,blue_surface_displacement,0.98,0,mm,left_mm,2025-7-7 14:58,0,
S1,blue_surface_displacement,0.981111,0,mm,left_mm,2025-7-7 14:58,0,
S1,blue_surface_displacement,0.982222,0,mm,left_mm,2025-7-7 14:58,0,
S1,blue_surface_displacement,0.983333,0,mm,left_mm,2025-7-7 14:59,0,
S1,blue_surface_displacement,0.984444,0,mm,left_mm,2025-7-7 14:59,0,
S1,blue_surface_displacement,0.985556,0,mm,left_mm,2025-7-7 14:59,0,
S1,blue_surface_displacement,0.986667,0,mm,left_mm,2025-7-7 14:59,0,
S1,blue_surface_displacement,0.987778,0,mm,left_mm,2025-7-7 14:59,0,
S1,blue_surface_displacement,0.988889,0,mm,left_mm,2025-7-7 14:59,0,
S1,blue_surface_displacement,0.99,0,mm,left_mm,2025-7-7 14:59,0,
S1,blue_surface_displacement,0.991111,0,mm,left_mm,2025-7-7 14:59,0,
S1,blue_surface_displacement,0.992222,0,mm,left_mm,2025-7-7 14:59,0,
S1,blue_surface_displacement,0.993333,0,mm,left_mm,2025-7-7 14:59,0,
S1,blue_surface_displacement,0.994444,0,mm,left_mm,2025-7-7 14:59,0,
S1,blue_surface_displacement,0.995556,0,mm,left_mm,2025-7-7 14:59,0,
S1,blue_surface_displacement,0.996667,0,mm,left_mm,2025-7-7 14:59,0,
S1,blue_surface_displacement,0.997778,0,mm,left_mm,2025-7-7 14:59,0,
S1,blue_surface_displacement,0.998889,0,mm,left_mm,2025-7-7 14:59,0,
S1,blue_surface_displacement,1,0,mm,left_mm,2025-7-7 15:00,0,
S1,blue_surface_displacement,1.001111,0,mm,left_mm,2025-7-7 15:00,0,
S1,blue_surface_displacement,1.002222,0,mm,left_mm,2025-7-7 15:00,0,
S1,blue_surface_displacement,1.003333,0,mm,left_mm,2025-7-7 15:00,0,
S1,blue_surface_displacement,1.004444,0,mm,left_mm,2025-7-7 15:00,0,
S1,blue_surface_displacement,1.005556,0,mm,left_mm,2025-7-7 15:00,0,
S1,blue_surface_displacement,1.006667,0,mm,left_mm,2025-7-7 15:00,0,
S1,blue_surface_displacement,1.007778,0,mm,left_mm,2025-7-7 15:00,0,
S1,blue_surface_displacement,1.008889,0,mm,left_mm,2025-7-7 15:00,0,
S1,blue_surface_displacement,1.01,0,mm,left_mm,2025-7-7 15:00,0,
S1,blue_surface_displacement,1.011111,0,mm,left_mm,2025-7-7 15:00,0,
S1,blue_surface_displacement,1.012222,0,mm,left_mm,2025-7-7 15:00,0,
S1,blue_surface_displacement,1.013333,0,mm,left_mm,2025-7-7 15:00,0,
S1,blue_surface_displacement,1.014444,0,mm,left_mm,2025-7-7 15:00,0,
S1,blue_surface_displacement,1.015556,0,mm,left_mm,2025-7-7 15:00,0,
S1,blue_surface_displacement,1.016667,0,mm,left_mm,2025-7-7 15:01,0,
S1,blue_surface_displacement,1.017778,0,mm,left_mm,2025-7-7 15:01,0,
S1,blue_surface_displacement,1.018889,0,mm,left_mm,2025-7-7 15:01,0,
S1,blue_surface_displacement,1.02,0,mm,left_mm,2025-7-7 15:01,0,
S1,blue_surface_displacement,1.021111,0,mm,left_mm,2025-7-7 15:01,0,
S1,blue_surface_displacement,1.022222,0,mm,left_mm,2025-7-7 15:01,0,
S1,blue_surface_displacement,1.023333,0,mm,left_mm,2025-7-7 15:01,0,
S1,blue_surface_displacement,1.024444,0,mm,left_mm,2025-7-7 15:01,0,
S1,blue_surface_displacement,1.025556,0,mm,left_mm,2025-7-7 15:01,0,
S1,blue_surface_displacement,1.026667,0,mm,left_mm,2025-7-7 15:01,0,
S1,blue_surface_displacement,1.027778,0,mm,left_mm,2025-7-7 15:01,0,
S1,blue_surface_displacement,1.028889,0,mm,left_mm,2025-7-7 15:01,0,
S1,blue_surface_displacement,1.03,0,mm,left_mm,2025-7-7 15:01,0,
S1,blue_surface_displacement,1.031111,0,mm,left_mm,2025-7-7 15:01,0,
S1,blue_surface_displacement,1.032222,0,mm,left_mm,2025-7-7 15:01,0,
S1,blue_surface_displacement,1.033333,0,mm,left_mm,2025-7-7 15:02,0,
S1,blue_surface_displacement,1.034444,0,mm,left_mm,2025-7-7 15:02,0,
S1,blue_surface_displacement,1.035556,0,mm,left_mm,2025-7-7 15:02,0,
S1,blue_surface_displacement,1.036667,0,mm,left_mm,2025-7-7 15:02,0,
S1,blue_surface_displacement,1.037778,0,mm,left_mm,2025-7-7 15:02,0,
S1,blue_surface_displacement,1.038889,0,mm,left_mm,2025-7-7 15:02,0,
S1,blue_surface_displacement,1.04,0,mm,left_mm,2025-7-7 15:02,0,
S1,blue_surface_displacement,1.041111,0,mm,left_mm,2025-7-7 15:02,0,
S1,blue_surface_displacement,1.042222,0,mm,left_mm,2025-7-7 15:02,0,
S1,blue_surface_displacement,1.043333,0,mm,left_mm,2025-7-7 15:02,0,
S1,blue_surface_displacement,1.044444,0,mm,left_mm,2025-7-7 15:02,0,
S1,blue_surface_displacement,1.045556,0,mm,left_mm,2025-7-7 15:02,0,
S1,blue_surface_displacement,1.046667,0,mm,left_mm,2025-7-7 15:02,0,
S1,blue_surface_displacement,1.047778,0,mm,left_mm,2025-7-7 15:02,0,
S1,blue_surface_displacement,1.048889,0,mm,left_mm,2025-7-7 15:02,0,
S1,blue_surface_displacement,1.05,0,mm,left_mm,2025-7-7 15:03,0,
S1,blue_surface_displacement,1.051111,0,mm,left_mm,2025-7-7 15:03,0,
S1,blue_surface_displacement,1.052222,0,mm,left_mm,2025-7-7 15:03,0,
S1,blue_surface_displacement,1.053333,0,mm,left_mm,2025-7-7 15:03,0,
S1,blue_surface_displacement,1.054444,0,mm,left_mm,2025-7-7 15:03,0,
S1,blue_surface_displacement,1.055556,0,mm,left_mm,2025-7-7 15:03,0,
S1,blue_surface_displacement,1.056667,0,mm,left_mm,2025-7-7 15:03,0,
S1,blue_surface_displacement,1.057778,0,mm,left_mm,2025-7-7 15:03,0,
S1,blue_surface_displacement,1.058889,0,mm,left_mm,2025-7-7 15:03,0,
S1,blue_surface_displacement,1.06,0,mm,left_mm,2025-7-7 15:03,0,
S1,blue_surface_displacement,1.061111,0,mm,left_mm,2025-7-7 15:03,0,
S1,blue_surface_displacement,1.062222,0,mm,left_mm,2025-7-7 15:03,0,
S1,blue_surface_displacement,1.063333,0,mm,left_mm,2025-7-7 15:03,0,
S1,blue_surface_displacement,1.064444,0,mm,left_mm,2025-7-7 15:03,0,
S1,blue_surface_displacement,1.065556,0,mm,left_mm,2025-7-7 15:03,0,
S1,blue_surface_displacement,1.066667,0,mm,left_mm,2025-7-7 15:04,0,
S1,blue_surface_displacement,1.067778,0,mm,left_mm,2025-7-7 15:04,0,
S1,blue_surface_displacement,1.068889,0,mm,left_mm,2025-7-7 15:04,0,
S1,blue_surface_displacement,1.07,0,mm,left_mm,2025-7-7 15:04,0,
S1,blue_surface_displacement,1.071111,0,mm,left_mm,2025-7-7 15:04,0,
S1,blue_surface_displacement,1.072222,0,mm,left_mm,2025-7-7 15:04,0,
S1,blue_surface_displacement,1.073333,0,mm,left_mm,2025-7-7 15:04,0,
S1,blue_surface_displacement,1.074444,0,mm,left_mm,2025-7-7 15:04,0,
S1,blue_surface_displacement,1.075556,0,mm,left_mm,2025-7-7 15:04,0,
S1,blue_surface_displacement,1.076667,0,mm,left_mm,2025-7-7 15:04,0,
S1,blue_surface_displacement,1.077778,0,mm,left_mm,2025-7-7 15:04,0,
S1,blue_surface_displacement,1.078889,0,mm,left_mm,2025-7-7 15:04,0,
S1,blue_surface_displacement,1.08,0,mm,left_mm,2025-7-7 15:04,0,
S1,blue_surface_displacement,1.081111,0,mm,left_mm,2025-7-7 15:04,0,
S1,blue_surface_displacement,1.082222,0,mm,left_mm,2025-7-7 15:04,0,
S1,blue_surface_displacement,1.083333,0,mm,left_mm,2025-7-7 15:05,0,
S1,blue_surface_displacement,1.084444,0,mm,left_mm,2025-7-7 15:05,0,
S1,blue_surface_displacement,1.085556,0,mm,left_mm,2025-7-7 15:05,0,
S1,blue_surface_displacement,1.086667,0,mm,left_mm,2025-7-7 15:05,0,
S1,blue_surface_displacement,1.087778,0,mm,left_mm,2025-7-7 15:05,0,
S1,blue_surface_displacement,1.088889,0,mm,left_mm,2025-7-7 15:05,0,
S1,blue_surface_displacement,1.09,0,mm,left_mm,2025-7-7 15:05,0,
S1,blue_surface_displacement,1.091111,0,mm,left_mm,2025-7-7 15:05,0,
S1,blue_surface_displacement,1.092222,0,mm,left_mm,2025-7-7 15:05,0,
S1,blue_surface_displacement,1.093333,0,mm,left_mm,2025-7-7 15:05,0,
S1,blue_surface_displacement,1.094444,0,mm,left_mm,2025-7-7 15:05,0,
S1,blue_surface_displacement,1.095556,0,mm,left_mm,2025-7-7 15:05,0,
S1,blue_surface_displacement,1.096667,0,mm,left_mm,2025-7-7 15:05,0,
S1,blue_surface_displacement,1.097778,0,mm,left_mm,2025-7-7 15:05,0,
S1,blue_surface_displacement,1.098889,0,mm,left_mm,2025-7-7 15:05,0,
S1,blue_surface_displacement,1.1,0,mm,left_mm,2025-7-7 15:06,0,
S1,blue_surface_displacement,1.101111,0,mm,left_mm,2025-7-7 15:06,0,
S1,blue_surface_displacement,1.102222,0,mm,left_mm,2025-7-7 15:06,0,
S1,blue_surface_displacement,1.103333,0,mm,left_mm,2025-7-7 15:06,0,
S1,blue_surface_displacement,1.104444,0,mm,left_mm,2025-7-7 15:06,0,
S1,blue_surface_displacement,1.105556,0,mm,left_mm,2025-7-7 15:06,0,
S1,blue_surface_displacement,1.106667,0,mm,left_mm,2025-7-7 15:06,0,
S1,blue_surface_displacement,1.107778,0,mm,left_mm,2025-7-7 15:06,0,
S1,blue_surface_displacement,1.108889,0,mm,left_mm,2025-7-7 15:06,0,
S1,blue_surface_displacement,1.11,0,mm,left_mm,2025-7-7 15:06,0,
S1,blue_surface_displacement,1.111111,0,mm,left_mm,2025-7-7 15:06,0,
S1,blue_surface_displacement,1.112222,0,mm,left_mm,2025-7-7 15:06,0,
S1,blue_surface_displacement,1.113333,0,mm,left_mm,2025-7-7 15:06,0,
S1,blue_surface_displacement,1.114444,0,mm,left_mm,2025-7-7 15:06,0,
S1,blue_surface_displacement,1.115556,0,mm,left_mm,2025-7-7 15:06,0,
S1,blue_surface_displacement,1.116667,0,mm,left_mm,2025-7-7 15:07,0,
S1,blue_surface_displacement,1.117778,0,mm,left_mm,2025-7-7 15:07,0,
S1,blue_surface_displacement,1.118889,0,mm,left_mm,2025-7-7 15:07,0,
S1,blue_surface_displacement,1.12,0,mm,left_mm,2025-7-7 15:07,0,
S1,blue_surface_displacement,1.121111,0,mm,left_mm,2025-7-7 15:07,0,
S1,blue_surface_displacement,1.122222,0,mm,left_mm,2025-7-7 15:07,0,
S1,blue_surface_displacement,1.123333,0,mm,left_mm,2025-7-7 15:07,0,
S1,blue_surface_displacement,1.124444,0,mm,left_mm,2025-7-7 15:07,0,
S1,blue_surface_displacement,1.125556,0,mm,left_mm,2025-7-7 15:07,0,
S1,blue_surface_displacement,1.126667,0,mm,left_mm,2025-7-7 15:07,0,
S1,blue_surface_displacement,1.127778,0,mm,left_mm,2025-7-7 15:07,0,
S1,blue_surface_displacement,1.128889,0,mm,left_mm,2025-7-7 15:07,0,
S1,blue_surface_displacement,1.13,0,mm,left_mm,2025-7-7 15:07,0,
S1,blue_surface_displacement,1.131111,0,mm,left_mm,2025-7-7 15:07,0,
S1,blue_surface_displacement,1.132222,0,mm,left_mm,2025-7-7 15:07,0,
S1,blue_surface_displacement,1.133333,0,mm,left_mm,2025-7-7 15:08,0,
S1,blue_surface_displacement,1.134444,0,mm,left_mm,2025-7-7 15:08,0,
S1,blue_surface_displacement,1.135556,0,mm,left_mm,2025-7-7 15:08,0,
S1,blue_surface_displacement,1.136667,0,mm,left_mm,2025-7-7 15:08,0,
S1,blue_surface_displacement,1.137778,0,mm,left_mm,2025-7-7 15:08,0,
S1,blue_surface_displacement,1.138889,0,mm,left_mm,2025-7-7 15:08,0,
S1,blue_surface_displacement,1.14,0,mm,left_mm,2025-7-7 15:08,0,
S1,blue_surface_displacement,1.141111,0,mm,left_mm,2025-7-7 15:08,0,
S1,blue_surface_displacement,1.142222,0,mm,left_mm,2025-7-7 15:08,0,
S1,blue_surface_displacement,1.143333,0,mm,left_mm,2025-7-7 15:08,0,
S1,blue_surface_displacement,1.144444,0,mm,left_mm,2025-7-7 15:08,0,
S1,blue_surface_displacement,1.145556,0,mm,left_mm,2025-7-7 15:08,0,
S1,blue_surface_displacement,1.146667,0,mm,left_mm,2025-7-7 15:08,0,
S1,blue_surface_displacement,1.147778,0,mm,left_mm,2025-7-7 15:08,0,
S1,blue_surface_displacement,1.148889,0,mm,left_mm,2025-7-7 15:08,0,
S1,blue_surface_displacement,1.15,0,mm,left_mm,2025-7-7 15:09,0,
S1,blue_surface_displacement,1.151111,0,mm,left_mm,2025-7-7 15:09,0,
S1,blue_surface_displacement,1.152222,0,mm,left_mm,2025-7-7 15:09,0,
S1,blue_surface_displacement,1.153333,0,mm,left_mm,2025-7-7 15:09,0,
S1,blue_surface_displacement,1.154444,0,mm,left_mm,2025-7-7 15:09,0,
S1,blue_surface_displacement,1.155556,0,mm,left_mm,2025-7-7 15:09,0,
S1,blue_surface_displacement,1.156667,0,mm,left_mm,2025-7-7 15:09,0,
S1,blue_surface_displacement,1.157778,0,mm,left_mm,2025-7-7 15:09,0,
S1,blue_surface_displacement,1.158889,0,mm,left_mm,2025-7-7 15:09,0,
S1,blue_surface_displacement,1.16,0,mm,left_mm,2025-7-7 15:09,0,
S1,blue_surface_displacement,1.161111,0,mm,left_mm,2025-7-7 15:09,0,
S1,blue_surface_displacement,1.162222,0,mm,left_mm,2025-7-7 15:09,0,
S1,blue_surface_displacement,1.163333,0,mm,left_mm,2025-7-7 15:09,0,
S1,blue_surface_displacement,1.164444,0,mm,left_mm,2025-7-7 15:09,0,
S1,blue_surface_displacement,1.165556,0,mm,left_mm,2025-7-7 15:09,0,
S1,blue_surface_displacement,1.166667,0,mm,left_mm,2025-7-7 15:10,0,
S1,blue_surface_displacement,1.167778,0,mm,left_mm,2025-7-7 15:10,0,
S1,blue_surface_displacement,1.168889,0,mm,left_mm,2025-7-7 15:10,0,
S1,blue_surface_displacement,1.17,0,mm,left_mm,2025-7-7 15:10,0,
S1,blue_surface_displacement,1.171111,0,mm,left_mm,2025-7-7 15:10,0,
S1,blue_surface_displacement,1.172222,0,mm,left_mm,2025-7-7 15:10,0,
S1,blue_surface_displacement,1.173333,0,mm,left_mm,2025-7-7 15:10,0,
S1,blue_surface_displacement,1.174444,0,mm,left_mm,2025-7-7 15:10,0,
S1,blue_surface_displacement,1.175556,0,mm,left_mm,2025-7-7 15:10,0,
S1,blue_surface_displacement,1.176667,0,mm,left_mm,2025-7-7 15:10,0,
S1,blue_surface_displacement,1.177778,0,mm,left_mm,2025-7-7 15:10,0,
S1,blue_surface_displacement,1.178889,0,mm,left_mm,2025-7-7 15:10,0,
S1,blue_surface_displacement,1.18,0,mm,left_mm,2025-7-7 15:10,0,
S1,blue_surface_displacement,1.181111,0,mm,left_mm,2025-7-7 15:10,0,
S1,blue_surface_displacement,1.182222,0,mm,left_mm,2025-7-7 15:10,0,
S1,blue_surface_displacement,1.183333,0,mm,left_mm,2025-7-7 15:11,0,
S1,blue_surface_displacement,1.184444,0,mm,left_mm,2025-7-7 15:11,0,
S1,blue_surface_displacement,1.185556,0,mm,left_mm,2025-7-7 15:11,0,
S1,blue_surface_displacement,1.186667,0,mm,left_mm,2025-7-7 15:11,0,
S1,blue_surface_displacement,1.187778,0,mm,left_mm,2025-7-7 15:11,0,
S1,blue_surface_displacement,1.188889,0,mm,left_mm,2025-7-7 15:11,0,
S1,blue_surface_displacement,1.19,0,mm,left_mm,2025-7-7 15:11,0,
S1,blue_surface_displacement,1.191111,0,mm,left_mm,2025-7-7 15:11,0,
S1,blue_surface_displacement,1.192222,0,mm,left_mm,2025-7-7 15:11,0,
S1,blue_surface_displacement,1.193333,0,mm,left_mm,2025-7-7 15:11,0,
S1,blue_surface_displacement,1.194444,0,mm,left_mm,2025-7-7 15:11,0,
S1,blue_surface_displacement,1.195556,0,mm,left_mm,2025-7-7 15:11,0,
S1,blue_surface_displacement,1.196667,0,mm,left_mm,2025-7-7 15:11,0,
S1,blue_surface_displacement,1.197778,0,mm,left_mm,2025-7-7 15:11,0,
S1,blue_surface_displacement,1.198889,0,mm,left_mm,2025-7-7 15:11,0,
S1,blue_surface_displacement,1.2,0,mm,left_mm,2025-7-7 15:12,0,
S1,blue_surface_displacement,1.201111,0,mm,left_mm,2025-7-7 15:12,0,
S1,blue_surface_displacement,1.202222,0,mm,left_mm,2025-7-7 15:12,0,
S1,blue_surface_displacement,1.203333,0,mm,left_mm,2025-7-7 15:12,0,
S1,blue_surface_displacement,1.204444,0,mm,left_mm,2025-7-7 15:12,0,
S1,blue_surface_displacement,1.205556,0,mm,left_mm,2025-7-7 15:12,0,
S1,blue_surface_displacement,1.206667,0,mm,left_mm,2025-7-7 15:12,0,
S1,blue_surface_displacement,1.207778,0,mm,left_mm,2025-7-7 15:12,0,
S1,blue_surface_displacement,1.208889,0,mm,left_mm,2025-7-7 15:12,0,
S1,blue_surface_displacement,1.21,0,mm,left_mm,2025-7-7 15:12,0,
S1,blue_surface_displacement,1.211111,0,mm,left_mm,2025-7-7 15:12,0,
S1,blue_surface_displacement,1.212222,0,mm,left_mm,2025-7-7 15:12,0,
S1,blue_surface_displacement,1.213333,0,mm,left_mm,2025-7-7 15:12,0,
S1,blue_surface_displacement,1.214444,0,mm,left_mm,2025-7-7 15:12,0,
S1,blue_surface_displacement,1.215556,0,mm,left_mm,2025-7-7 15:12,0,
S1,blue_surface_displacement,1.216667,0,mm,left_mm,2025-7-7 15:13,0,
S1,blue_surface_displacement,1.217778,0,mm,left_mm,2025-7-7 15:13,0,
S1,blue_surface_displacement,1.218889,0,mm,left_mm,2025-7-7 15:13,0,
S1,blue_surface_displacement,1.22,0,mm,left_mm,2025-7-7 15:13,0,
S1,blue_surface_displacement,1.221111,0,mm,left_mm,2025-7-7 15:13,0,
S1,blue_surface_displacement,1.222222,0,mm,left_mm,2025-7-7 15:13,0,
S1,blue_surface_displacement,1.223333,0,mm,left_mm,2025-7-7 15:13,0,
S1,blue_surface_displacement,1.224444,0,mm,left_mm,2025-7-7 15:13,0,
S1,blue_surface_displacement,1.225556,0,mm,left_mm,2025-7-7 15:13,0,
S1,blue_surface_displacement,1.226667,0,mm,left_mm,2025-7-7 15:13,0,
S1,blue_surface_displacement,1.227778,0,mm,left_mm,2025-7-7 15:13,0,
S1,blue_surface_displacement,1.228889,0,mm,left_mm,2025-7-7 15:13,0,
S1,blue_surface_displacement,1.23,0,mm,left_mm,2025-7-7 15:13,0,
S1,blue_surface_displacement,1.231111,0,mm,left_mm,2025-7-7 15:13,0,
S1,blue_surface_displacement,1.232222,0,mm,left_mm,2025-7-7 15:13,0,
S1,blue_surface_displacement,1.233333,0,mm,left_mm,2025-7-7 15:14,0,
S1,blue_surface_displacement,1.234444,0,mm,left_mm,2025-7-7 15:14,0,
S1,blue_surface_displacement,1.235556,0,mm,left_mm,2025-7-7 15:14,0,
S1,blue_surface_displacement,1.236667,0,mm,left_mm,2025-7-7 15:14,0,
S1,blue_surface_displacement,1.237778,0,mm,left_mm,2025-7-7 15:14,0,
S1,blue_surface_displacement,1.238889,0,mm,left_mm,2025-7-7 15:14,0,
S1,blue_surface_displacement,1.24,0,mm,left_mm,2025-7-7 15:14,0,
S1,blue_surface_displacement,1.241111,0,mm,left_mm,2025-7-7 15:14,0,
S1,blue_surface_displacement,1.242222,0,mm,left_mm,2025-7-7 15:14,0,
S1,blue_surface_displacement,1.243333,0,mm,left_mm,2025-7-7 15:14,0,
S1,blue_surface_displacement,1.244444,0,mm,left_mm,2025-7-7 15:14,0,
S1,blue_surface_displacement,1.245556,0,mm,left_mm,2025-7-7 15:14,0,
S1,blue_surface_displacement,1.246667,0,mm,left_mm,2025-7-7 15:14,0,
S1,blue_surface_displacement,1.247778,0,mm,left_mm,2025-7-7 15:14,0,
S1,blue_surface_displacement,1.248889,0,mm,left_mm,2025-7-7 15:14,0,
S1,blue_surface_displacement,1.25,0,mm,left_mm,2025-7-7 15:15,0,
S1,blue_surface_displacement,1.251111,0,mm,left_mm,2025-7-7 15:15,0,
S1,blue_surface_displacement,1.252222,0,mm,left_mm,2025-7-7 15:15,0,
S1,blue_surface_displacement,1.253333,0,mm,left_mm,2025-7-7 15:15,0,
S1,blue_surface_displacement,1.254444,0,mm,left_mm,2025-7-7 15:15,0,
S1,blue_surface_displacement,1.255556,0,mm,left_mm,2025-7-7 15:15,0,
S1,blue_surface_displacement,1.256667,0,mm,left_mm,2025-7-7 15:15,0,
S1,blue_surface_displacement,1.257778,0,mm,left_mm,2025-7-7 15:15,0,
S1,blue_surface_displacement,1.258889,0,mm,left_mm,2025-7-7 15:15,0,
S1,blue_surface_displacement,1.26,0,mm,left_mm,2025-7-7 15:15,0,
S1,blue_surface_displacement,1.261111,0,mm,left_mm,2025-7-7 15:15,0,
S1,blue_surface_displacement,1.262222,0,mm,left_mm,2025-7-7 15:15,0,
S1,blue_surface_displacement,1.263333,0,mm,left_mm,2025-7-7 15:15,0,
S1,blue_surface_displacement,1.264444,0,mm,left_mm,2025-7-7 15:15,0,
S1,blue_surface_displacement,1.265556,0,mm,left_mm,2025-7-7 15:15,0,
S1,blue_surface_displacement,1.266667,0,mm,left_mm,2025-7-7 15:16,0,
S1,blue_surface_displacement,1.267778,0,mm,left_mm,2025-7-7 15:16,0,
S1,blue_surface_displacement,1.268889,0,mm,left_mm,2025-7-7 15:16,0,
S1,blue_surface_displacement,1.27,0,mm,left_mm,2025-7-7 15:16,0,
S1,blue_surface_displacement,1.271111,0,mm,left_mm,2025-7-7 15:16,0,
S1,blue_surface_displacement,1.272222,0,mm,left_mm,2025-7-7 15:16,0,
S1,blue_surface_displacement,1.273333,0,mm,left_mm,2025-7-7 15:16,0,
S1,blue_surface_displacement,1.274444,0,mm,left_mm,2025-7-7 15:16,0,
S1,blue_surface_displacement,1.275556,0,mm,left_mm,2025-7-7 15:16,0,
S1,blue_surface_displacement,1.276667,0,mm,left_mm,2025-7-7 15:16,0,
S1,blue_surface_displacement,1.277778,0,mm,left_mm,2025-7-7 15:16,0,
S1,blue_surface_displacement,1.278889,0,mm,left_mm,2025-7-7 15:16,0,
S1,blue_surface_displacement,1.28,0,mm,left_mm,2025-7-7 15:16,0,
S1,blue_surface_displacement,1.281111,0,mm,left_mm,2025-7-7 15:16,0,
S1,blue_surface_displacement,1.282222,0,mm,left_mm,2025-7-7 15:16,0,
S1,blue_surface_displacement,1.283333,0,mm,left_mm,2025-7-7 15:17,0,
S1,blue_surface_displacement,1.284444,0,mm,left_mm,2025-7-7 15:17,0,
S1,blue_surface_displacement,1.285556,0,mm,left_mm,2025-7-7 15:17,0,
S1,blue_surface_displacement,1.286667,0,mm,left_mm,2025-7-7 15:17,0,
S1,blue_surface_displacement,1.287778,0,mm,left_mm,2025-7-7 15:17,0,
S1,blue_surface_displacement,1.288889,0,mm,left_mm,2025-7-7 15:17,0,
S1,blue_surface_displacement,1.29,0,mm,left_mm,2025-7-7 15:17,0,
S1,blue_surface_displacement,1.291111,0,mm,left_mm,2025-7-7 15:17,0,
S1,blue_surface_displacement,1.292222,0,mm,left_mm,2025-7-7 15:17,0,
S1,blue_surface_displacement,1.293333,0,mm,left_mm,2025-7-7 15:17,0,
S1,blue_surface_displacement,1.294444,0,mm,left_mm,2025-7-7 15:17,0,
S1,blue_surface_displacement,1.295556,0,mm,left_mm,2025-7-7 15:17,0,
S1,blue_surface_displacement,1.296667,0,mm,left_mm,2025-7-7 15:17,0,
S1,blue_surface_displacement,1.297778,0,mm,left_mm,2025-7-7 15:17,0,
S1,blue_surface_displacement,1.298889,0,mm,left_mm,2025-7-7 15:17,0,
S1,blue_surface_displacement,1.3,0,mm,left_mm,2025-7-7 15:18,0,
S1,blue_surface_displacement,1.301111,0,mm,left_mm,2025-7-7 15:18,0,
S1,blue_surface_displacement,1.302222,0,mm,left_mm,2025-7-7 15:18,0,
S1,blue_surface_displacement,1.303333,0,mm,left_mm,2025-7-7 15:18,0,
S1,blue_surface_displacement,1.304444,0,mm,left_mm,2025-7-7 15:18,0,
S1,blue_surface_displacement,1.305556,0,mm,left_mm,2025-7-7 15:18,0,
S1,blue_surface_displacement,1.306667,0,mm,left_mm,2025-7-7 15:18,0,
S1,blue_surface_displacement,1.307778,0,mm,left_mm,2025-7-7 15:18,0,
S1,blue_surface_displacement,1.308889,0,mm,left_mm,2025-7-7 15:18,0,
S1,blue_surface_displacement,1.31,0,mm,left_mm,2025-7-7 15:18,0,
S1,blue_surface_displacement,1.311111,0,mm,left_mm,2025-7-7 15:18,0,
S1,blue_surface_displacement,1.312222,0,mm,left_mm,2025-7-7 15:18,0,
S1,blue_surface_displacement,1.313333,0,mm,left_mm,2025-7-7 15:18,0,
S1,blue_surface_displacement,1.314444,0,mm,left_mm,2025-7-7 15:18,0,
S1,blue_surface_displacement,1.315556,0,mm,left_mm,2025-7-7 15:18,0,
S1,blue_surface_displacement,1.316667,0,mm,left_mm,2025-7-7 15:19,0,
S1,blue_surface_displacement,1.317778,0,mm,left_mm,2025-7-7 15:19,0,
S1,blue_surface_displacement,1.318889,0,mm,left_mm,2025-7-7 15:19,0,
S1,blue_surface_displacement,1.32,0,mm,left_mm,2025-7-7 15:19,0,
S1,blue_surface_displacement,1.321111,0,mm,left_mm,2025-7-7 15:19,0,
S1,blue_surface_displacement,1.322222,0,mm,left_mm,2025-7-7 15:19,0,
S1,blue_surface_displacement,1.323333,0,mm,left_mm,2025-7-7 15:19,0,
S1,blue_surface_displacement,1.324444,0,mm,left_mm,2025-7-7 15:19,0,
S1,blue_surface_displacement,1.325556,0,mm,left_mm,2025-7-7 15:19,0,
S1,blue_surface_displacement,1.326667,0,mm,left_mm,2025-7-7 15:19,0,
S1,blue_surface_displacement,1.327778,0,mm,left_mm,2025-7-7 15:19,0,
S1,blue_surface_displacement,1.328889,0,mm,left_mm,2025-7-7 15:19,0,
S1,blue_surface_displacement,1.33,0,mm,left_mm,2025-7-7 15:19,0,
S1,blue_surface_displacement,1.331111,0,mm,left_mm,2025-7-7 15:19,0,
S1,blue_surface_displacement,1.332222,0,mm,left_mm,2025-7-7 15:19,0,
S1,blue_surface_displacement,1.333333,0,mm,left_mm,2025-7-7 15:20,0,
S1,blue_surface_displacement,1.334444,0,mm,left_mm,2025-7-7 15:20,0,
S1,blue_surface_displacement,1.335556,0,mm,left_mm,2025-7-7 15:20,0,
S1,blue_surface_displacement,1.336667,0,mm,left_mm,2025-7-7 15:20,0,
S1,blue_surface_displacement,1.337778,0,mm,left_mm,2025-7-7 15:20,0,
S1,blue_surface_displacement,1.338889,0,mm,left_mm,2025-7-7 15:20,0,
S1,blue_surface_displacement,1.34,0,mm,left_mm,2025-7-7 15:20,0,
S1,blue_surface_displacement,1.341111,0,mm,left_mm,2025-7-7 15:20,0,
S1,blue_surface_displacement,1.342222,0,mm,left_mm,2025-7-7 15:20,0,
S1,blue_surface_displacement,1.343333,0,mm,left_mm,2025-7-7 15:20,0,
S1,blue_surface_displacement,1.344444,0,mm,left_mm,2025-7-7 15:20,0,
S1,blue_surface_displacement,1.345556,0,mm,left_mm,2025-7-7 15:20,0,
S1,blue_surface_displacement,1.346667,0,mm,left_mm,2025-7-7 15:20,0,
S1,blue_surface_displacement,1.347778,0,mm,left_mm,2025-7-7 15:20,0,
S1,blue_surface_displacement,1.348889,0,mm,left_mm,2025-7-7 15:20,0,
S1,blue_surface_displacement,1.35,0,mm,left_mm,2025-7-7 15:21,0,
S1,blue_surface_displacement,1.351111,0,mm,left_mm,2025-7-7 15:21,0,
S1,blue_surface_displacement,1.352222,0,mm,left_mm,2025-7-7 15:21,0,
S1,blue_surface_displacement,1.353333,0,mm,left_mm,2025-7-7 15:21,0,
S1,blue_surface_displacement,1.354444,0,mm,left_mm,2025-7-7 15:21,0,
S1,blue_surface_displacement,1.355556,0,mm,left_mm,2025-7-7 15:21,0,
S1,blue_surface_displacement,1.356667,0,mm,left_mm,2025-7-7 15:21,0,
S1,blue_surface_displacement,1.357778,0,mm,left_mm,2025-7-7 15:21,0,
S1,blue_surface_displacement,1.358889,0,mm,left_mm,2025-7-7 15:21,0,
S1,blue_surface_displacement,1.36,0,mm,left_mm,2025-7-7 15:21,0,
S1,blue_surface_displacement,1.361111,0,mm,left_mm,2025-7-7 15:21,0,
S1,blue_surface_displacement,1.362222,0,mm,left_mm,2025-7-7 15:21,0,
S1,blue_surface_displacement,1.363333,0,mm,left_mm,2025-7-7 15:21,0,
S1,blue_surface_displacement,1.364444,0,mm,left_mm,2025-7-7 15:21,0,
S1,blue_surface_displacement,1.365556,0,mm,left_mm,2025-7-7 15:21,0,
S1,blue_surface_displacement,1.366667,0,mm,left_mm,2025-7-7 15:22,0,
S1,blue_surface_displacement,1.367778,0,mm,left_mm,2025-7-7 15:22,0,
S1,blue_surface_displacement,1.368889,0,mm,left_mm,2025-7-7 15:22,0,
S1,blue_surface_displacement,1.37,0,mm,left_mm,2025-7-7 15:22,0,
S1,blue_surface_displacement,1.371111,0,mm,left_mm,2025-7-7 15:22,0,
S1,blue_surface_displacement,1.372222,0,mm,left_mm,2025-7-7 15:22,0,
S1,blue_surface_displacement,1.373333,0,mm,left_mm,2025-7-7 15:22,0,
S1,blue_surface_displacement,1.374444,0,mm,left_mm,2025-7-7 15:22,0,
S1,blue_surface_displacement,1.375556,0,mm,left_mm,2025-7-7 15:22,0,
S1,blue_surface_displacement,1.376667,0,mm,left_mm,2025-7-7 15:22,0,
S1,blue_surface_displacement,1.377778,0,mm,left_mm,2025-7-7 15:22,0,
S1,blue_surface_displacement,1.378889,0,mm,left_mm,2025-7-7 15:22,0,
S1,blue_surface_displacement,1.38,0,mm,left_mm,2025-7-7 15:22,0,
S1,blue_surface_displacement,1.381111,0,mm,left_mm,2025-7-7 15:22,0,
S1,blue_surface_displacement,1.382222,0,mm,left_mm,2025-7-7 15:22,0,
S1,blue_surface_displacement,1.383333,0,mm,left_mm,2025-7-7 15:23,0,
S1,blue_surface_displacement,1.384444,0,mm,left_mm,2025-7-7 15:23,0,
S1,blue_surface_displacement,1.385556,0,mm,left_mm,2025-7-7 15:23,0,
S1,blue_surface_displacement,1.386667,0,mm,left_mm,2025-7-7 15:23,0,
S1,blue_surface_displacement,1.387778,0,mm,left_mm,2025-7-7 15:23,0,
S1,blue_surface_displacement,1.388889,0,mm,left_mm,2025-7-7 15:23,0,
S1,blue_surface_displacement,1.39,0,mm,left_mm,2025-7-7 15:23,0,
S1,blue_surface_displacement,1.391111,0,mm,left_mm,2025-7-7 15:23,0,
S1,blue_surface_displacement,1.392222,0,mm,left_mm,2025-7-7 15:23,0,
S1,blue_surface_displacement,1.393333,0,mm,left_mm,2025-7-7 15:23,0,
S1,blue_surface_displacement,1.394444,0,mm,left_mm,2025-7-7 15:23,0,
S1,blue_surface_displacement,1.395556,0,mm,left_mm,2025-7-7 15:23,0,
S1,blue_surface_displacement,1.396667,0,mm,left_mm,2025-7-7 15:23,0,
S1,blue_surface_displacement,1.397778,0,mm,left_mm,2025-7-7 15:23,0,
S1,blue_surface_displacement,1.398889,0,mm,left_mm,2025-7-7 15:23,0,
S1,blue_surface_displacement,1.4,0,mm,left_mm,2025-7-7 15:24,0,
S1,blue_surface_displacement,1.401111,0,mm,left_mm,2025-7-7 15:24,0,
S1,blue_surface_displacement,1.402222,0,mm,left_mm,2025-7-7 15:24,0,
S1,blue_surface_displacement,1.403333,0,mm,left_mm,2025-7-7 15:24,0,
S1,blue_surface_displacement,1.404444,0,mm,left_mm,2025-7-7 15:24,0,
S1,blue_surface_displacement,1.405556,0,mm,left_mm,2025-7-7 15:24,0,
S1,blue_surface_displacement,1.406667,0,mm,left_mm,2025-7-7 15:24,0,
S1,blue_surface_displacement,1.407778,0,mm,left_mm,2025-7-7 15:24,0,
S1,blue_surface_displacement,1.408889,0,mm,left_mm,2025-7-7 15:24,0,
S1,blue_surface_displacement,1.41,0,mm,left_mm,2025-7-7 15:24,0,
S1,blue_surface_displacement,1.411111,0,mm,left_mm,2025-7-7 15:24,0,
S1,blue_surface_displacement,1.412222,0,mm,left_mm,2025-7-7 15:24,0,
S1,blue_surface_displacement,1.413333,0,mm,left_mm,2025-7-7 15:24,0,
S1,blue_surface_displacement,1.414444,0,mm,left_mm,2025-7-7 15:24,0,
S1,blue_surface_displacement,1.415556,0,mm,left_mm,2025-7-7 15:24,0,
S1,blue_surface_displacement,1.416667,0,mm,left_mm,2025-7-7 15:25,0,
S1,blue_surface_displacement,1.417778,0,mm,left_mm,2025-7-7 15:25,0,
S1,blue_surface_displacement,1.418889,0,mm,left_mm,2025-7-7 15:25,0,
S1,blue_surface_displacement,1.42,0,mm,left_mm,2025-7-7 15:25,0,
S1,blue_surface_displacement,1.421111,0,mm,left_mm,2025-7-7 15:25,0,
S1,blue_surface_displacement,1.422222,0,mm,left_mm,2025-7-7 15:25,0,
S1,blue_surface_displacement,1.423333,0,mm,left_mm,2025-7-7 15:25,0,
S1,blue_surface_displacement,1.424444,0,mm,left_mm,2025-7-7 15:25,0,
S1,blue_surface_displacement,1.425556,0,mm,left_mm,2025-7-7 15:25,0,
S1,blue_surface_displacement,1.426667,0,mm,left_mm,2025-7-7 15:25,0,
S1,blue_surface_displacement,1.427778,0,mm,left_mm,2025-7-7 15:25,0,
S1,blue_surface_displacement,1.428889,0,mm,left_mm,2025-7-7 15:25,0,
S1,blue_surface_displacement,1.43,0,mm,left_mm,2025-7-7 15:25,0,
S1,blue_surface_displacement,1.431111,0,mm,left_mm,2025-7-7 15:25,0,
S1,blue_surface_displacement,1.432222,0,mm,left_mm,2025-7-7 15:25,0,
S1,blue_surface_displacement,1.433333,0,mm,left_mm,2025-7-7 15:26,0,
S1,blue_surface_displacement,1.434444,0,mm,left_mm,2025-7-7 15:26,0,
S1,blue_surface_displacement,1.435556,0,mm,left_mm,2025-7-7 15:26,0,
S1,blue_surface_displacement,1.436667,0,mm,left_mm,2025-7-7 15:26,0,
S1,blue_surface_displacement,1.437778,0,mm,left_mm,2025-7-7 15:26,0,
S1,blue_surface_displacement,1.438889,0,mm,left_mm,2025-7-7 15:26,0,
S1,blue_surface_displacement,1.44,0,mm,left_mm,2025-7-7 15:26,0,
S1,blue_surface_displacement,1.441111,0,mm,left_mm,2025-7-7 15:26,0,
S1,blue_surface_displacement,1.442222,0,mm,left_mm,2025-7-7 15:26,0,
S1,blue_surface_displacement,1.443333,0,mm,left_mm,2025-7-7 15:26,0,
S1,blue_surface_displacement,1.444444,0,mm,left_mm,2025-7-7 15:26,0,
S1,blue_surface_displacement,1.445556,0,mm,left_mm,2025-7-7 15:26,0,
S1,blue_surface_displacement,1.446667,0,mm,left_mm,2025-7-7 15:26,0,
S1,blue_surface_displacement,1.447778,0,mm,left_mm,2025-7-7 15:26,0,
S1,blue_surface_displacement,1.448889,0,mm,left_mm,2025-7-7 15:26,0,
S1,blue_surface_displacement,1.45,0,mm,left_mm,2025-7-7 15:27,0,
S1,blue_surface_displacement,1.451111,0,mm,left_mm,2025-7-7 15:27,0,
S1,blue_surface_displacement,1.452222,0,mm,left_mm,2025-7-7 15:27,0,
S1,blue_surface_displacement,1.453333,0,mm,left_mm,2025-7-7 15:27,0,
S1,blue_surface_displacement,1.454444,0,mm,left_mm,2025-7-7 15:27,0,
S1,blue_surface_displacement,1.455556,0,mm,left_mm,2025-7-7 15:27,0,
S1,blue_surface_displacement,1.456667,0,mm,left_mm,2025-7-7 15:27,0,
S1,blue_surface_displacement,1.457778,0,mm,left_mm,2025-7-7 15:27,0,
S1,blue_surface_displacement,1.458889,0,mm,left_mm,2025-7-7 15:27,0,
S1,blue_surface_displacement,1.46,0,mm,left_mm,2025-7-7 15:27,0,
S1,blue_surface_displacement,1.461111,0,mm,left_mm,2025-7-7 15:27,0,
S1,blue_surface_displacement,1.462222,0,mm,left_mm,2025-7-7 15:27,0,
S1,blue_surface_displacement,1.463333,0,mm,left_mm,2025-7-7 15:27,0,
S1,blue_surface_displacement,1.464444,0,mm,left_mm,2025-7-7 15:27,0,
S1,blue_surface_displacement,1.465556,0,mm,left_mm,2025-7-7 15:27,0,
S1,blue_surface_displacement,1.466667,0,mm,left_mm,2025-7-7 15:28,0,
S1,blue_surface_displacement,1.467778,0,mm,left_mm,2025-7-7 15:28,0,
S1,blue_surface_displacement,1.468889,0,mm,left_mm,2025-7-7 15:28,0,
S1,blue_surface_displacement,1.47,0,mm,left_mm,2025-7-7 15:28,0,
S1,blue_surface_displacement,1.471111,0,mm,left_mm,2025-7-7 15:28,0,
S1,blue_surface_displacement,1.472222,0,mm,left_mm,2025-7-7 15:28,0,
S1,blue_surface_displacement,1.473333,0,mm,left_mm,2025-7-7 15:28,0,
S1,blue_surface_displacement,1.474444,-0.1,mm,left_mm,2025-7-7 15:28,-0.1,
S1,blue_surface_displacement,1.475556,0,mm,left_mm,2025-7-7 15:28,0,
S1,blue_surface_displacement,1.476667,0,mm,left_mm,2025-7-7 15:28,0,
S1,blue_surface_displacement,1.477778,0,mm,left_mm,2025-7-7 15:28,0,
S1,blue_surface_displacement,1.478889,0,mm,left_mm,2025-7-7 15:28,0,
S1,blue_surface_displacement,1.48,0,mm,left_mm,2025-7-7 15:28,0,
S1,blue_surface_displacement,1.481111,0,mm,left_mm,2025-7-7 15:28,0,
S1,blue_surface_displacement,1.482222,0,mm,left_mm,2025-7-7 15:28,0,
S1,blue_surface_displacement,1.483333,0,mm,left_mm,2025-7-7 15:29,0,
S1,blue_surface_displacement,1.484444,0,mm,left_mm,2025-7-7 15:29,0,
S1,blue_surface_displacement,1.485556,0,mm,left_mm,2025-7-7 15:29,0,
S1,blue_surface_displacement,1.486667,0,mm,left_mm,2025-7-7 15:29,0,
S1,blue_surface_displacement,1.487778,0,mm,left_mm,2025-7-7 15:29,0,
S1,blue_surface_displacement,1.488889,0,mm,left_mm,2025-7-7 15:29,0,
S1,blue_surface_displacement,1.49,0,mm,left_mm,2025-7-7 15:29,0,
S1,blue_surface_displacement,1.491111,0,mm,left_mm,2025-7-7 15:29,0,
S1,blue_surface_displacement,1.492222,0,mm,left_mm,2025-7-7 15:29,0,
S1,blue_surface_displacement,1.493333,0,mm,left_mm,2025-7-7 15:29,0,
S1,blue_surface_displacement,1.494444,0,mm,left_mm,2025-7-7 15:29,0,
S1,blue_surface_displacement,1.495556,0,mm,left_mm,2025-7-7 15:29,0,
S1,blue_surface_displacement,1.496667,0,mm,left_mm,2025-7-7 15:29,0,
S1,blue_surface_displacement,1.497778,0,mm,left_mm,2025-7-7 15:29,0,
S1,blue_surface_displacement,1.498889,0,mm,left_mm,2025-7-7 15:29,0,
S1,blue_surface_displacement,1.5,0,mm,left_mm,2025-7-7 15:30,0,
S1,blue_surface_displacement,1.501111,0,mm,left_mm,2025-7-7 15:30,0,
S1,blue_surface_displacement,1.502222,0,mm,left_mm,2025-7-7 15:30,0,
S1,blue_surface_displacement,1.503333,0,mm,left_mm,2025-7-7 15:30,0,
S1,blue_surface_displacement,1.504444,0,mm,left_mm,2025-7-7 15:30,0,
S1,blue_surface_displacement,1.505556,0,mm,left_mm,2025-7-7 15:30,0,
S1,blue_surface_displacement,1.506667,0,mm,left_mm,2025-7-7 15:30,0,
S1,blue_surface_displacement,1.507778,0,mm,left_mm,2025-7-7 15:30,0,
S1,blue_surface_displacement,1.508889,0,mm,left_mm,2025-7-7 15:30,0,
S1,blue_surface_displacement,1.51,0,mm,left_mm,2025-7-7 15:30,0,
S1,blue_surface_displacement,1.511111,0,mm,left_mm,2025-7-7 15:30,0,
S1,blue_surface_displacement,1.512222,0,mm,left_mm,2025-7-7 15:30,0,
S1,blue_surface_displacement,1.513333,0,mm,left_mm,2025-7-7 15:30,0,
S1,blue_surface_displacement,1.514444,0,mm,left_mm,2025-7-7 15:30,0,
S1,blue_surface_displacement,1.515556,0,mm,left_mm,2025-7-7 15:30,0,
S1,blue_surface_displacement,1.516667,0,mm,left_mm,2025-7-7 15:31,0,
S1,blue_surface_displacement,1.517778,0,mm,left_mm,2025-7-7 15:31,0,
S1,blue_surface_displacement,1.518889,0,mm,left_mm,2025-7-7 15:31,0,
S1,blue_surface_displacement,1.52,0,mm,left_mm,2025-7-7 15:31,0,
S1,blue_surface_displacement,1.521111,0,mm,left_mm,2025-7-7 15:31,0,
S1,blue_surface_displacement,1.522222,0,mm,left_mm,2025-7-7 15:31,0,
S1,blue_surface_displacement,1.523333,0,mm,left_mm,2025-7-7 15:31,0,
S1,blue_surface_displacement,1.524444,0,mm,left_mm,2025-7-7 15:31,0,
S1,blue_surface_displacement,1.525556,0,mm,left_mm,2025-7-7 15:31,0,
S1,blue_surface_displacement,1.526667,0,mm,left_mm,2025-7-7 15:31,0,
S1,blue_surface_displacement,1.527778,0,mm,left_mm,2025-7-7 15:31,0,
S1,blue_surface_displacement,1.528889,0,mm,left_mm,2025-7-7 15:31,0,
S1,blue_surface_displacement,1.53,0,mm,left_mm,2025-7-7 15:31,0,
S1,blue_surface_displacement,1.531111,0,mm,left_mm,2025-7-7 15:31,0,
S1,blue_surface_displacement,1.532222,0,mm,left_mm,2025-7-7 15:31,0,
S1,blue_surface_displacement,1.533333,0,mm,left_mm,2025-7-7 15:32,0,
S1,blue_surface_displacement,1.534444,0,mm,left_mm,2025-7-7 15:32,0,
S1,blue_surface_displacement,1.535556,0,mm,left_mm,2025-7-7 15:32,0,
S1,blue_surface_displacement,1.536667,0,mm,left_mm,2025-7-7 15:32,0,
S1,blue_surface_displacement,1.537778,0,mm,left_mm,2025-7-7 15:32,0,
S1,blue_surface_displacement,1.538889,0,mm,left_mm,2025-7-7 15:32,0,
S1,blue_surface_displacement,1.54,0,mm,left_mm,2025-7-7 15:32,0,
S1,blue_surface_displacement,1.541111,0,mm,left_mm,2025-7-7 15:32,0,
S1,blue_surface_displacement,1.542222,0,mm,left_mm,2025-7-7 15:32,0,
S1,blue_surface_displacement,1.543333,0,mm,left_mm,2025-7-7 15:32,0,
S1,blue_surface_displacement,1.544444,0,mm,left_mm,2025-7-7 15:32,0,
S1,blue_surface_displacement,1.545556,0,mm,left_mm,2025-7-7 15:32,0,
S1,blue_surface_displacement,1.546667,0,mm,left_mm,2025-7-7 15:32,0,
S1,blue_surface_displacement,1.547778,0,mm,left_mm,2025-7-7 15:32,0,
S1,blue_surface_displacement,1.548889,0,mm,left_mm,2025-7-7 15:32,0,
S1,blue_surface_displacement,1.55,0,mm,left_mm,2025-7-7 15:33,0,
S1,blue_surface_displacement,1.551111,0,mm,left_mm,2025-7-7 15:33,0,
S1,blue_surface_displacement,1.552222,0,mm,left_mm,2025-7-7 15:33,0,
S1,blue_surface_displacement,1.553333,0,mm,left_mm,2025-7-7 15:33,0,
S1,blue_surface_displacement,1.554444,0,mm,left_mm,2025-7-7 15:33,0,
S1,blue_surface_displacement,1.555556,0,mm,left_mm,2025-7-7 15:33,0,
S1,blue_surface_displacement,1.556667,0,mm,left_mm,2025-7-7 15:33,0,
S1,blue_surface_displacement,1.557778,0,mm,left_mm,2025-7-7 15:33,0,
S1,blue_surface_displacement,1.558889,0,mm,left_mm,2025-7-7 15:33,0,
S1,blue_surface_displacement,1.56,0,mm,left_mm,2025-7-7 15:33,0,
S1,blue_surface_displacement,1.561111,0,mm,left_mm,2025-7-7 15:33,0,
S1,blue_surface_displacement,1.562222,0,mm,left_mm,2025-7-7 15:33,0,
S1,blue_surface_displacement,1.563333,0,mm,left_mm,2025-7-7 15:33,0,
S1,blue_surface_displacement,1.564444,0,mm,left_mm,2025-7-7 15:33,0,
S1,blue_surface_displacement,1.565556,0,mm,left_mm,2025-7-7 15:33,0,
S1,blue_surface_displacement,1.566667,0,mm,left_mm,2025-7-7 15:34,0,
S1,blue_surface_displacement,1.567778,0,mm,left_mm,2025-7-7 15:34,0,
S1,blue_surface_displacement,1.568889,0,mm,left_mm,2025-7-7 15:34,0,
S1,blue_surface_displacement,1.57,0,mm,left_mm,2025-7-7 15:34,0,
S1,blue_surface_displacement,1.571111,0,mm,left_mm,2025-7-7 15:34,0,
S1,blue_surface_displacement,1.572222,0,mm,left_mm,2025-7-7 15:34,0,
S1,blue_surface_displacement,1.573333,0,mm,left_mm,2025-7-7 15:34,0,
S1,blue_surface_displacement,1.574444,0,mm,left_mm,2025-7-7 15:34,0,
S1,blue_surface_displacement,1.575556,0,mm,left_mm,2025-7-7 15:34,0,
S1,blue_surface_displacement,1.576667,0,mm,left_mm,2025-7-7 15:34,0,
S1,blue_surface_displacement,1.577778,0,mm,left_mm,2025-7-7 15:34,0,
S1,blue_surface_displacement,1.578889,0,mm,left_mm,2025-7-7 15:34,0,
S1,blue_surface_displacement,1.58,0,mm,left_mm,2025-7-7 15:34,0,
S1,blue_surface_displacement,1.581111,0,mm,left_mm,2025-7-7 15:34,0,
S1,blue_surface_displacement,1.582222,0,mm,left_mm,2025-7-7 15:34,0,
S1,blue_surface_displacement,1.583333,0,mm,left_mm,2025-7-7 15:35,0,
S1,blue_surface_displacement,1.584444,0,mm,left_mm,2025-7-7 15:35,0,
S1,blue_surface_displacement,1.585556,0,mm,left_mm,2025-7-7 15:35,0,
S1,blue_surface_displacement,1.586667,0,mm,left_mm,2025-7-7 15:35,0,
S1,blue_surface_displacement,1.587778,0,mm,left_mm,2025-7-7 15:35,0,
S1,blue_surface_displacement,1.588889,0,mm,left_mm,2025-7-7 15:35,0,
S1,blue_surface_displacement,1.59,0,mm,left_mm,2025-7-7 15:35,0,
S1,blue_surface_displacement,1.591111,0,mm,left_mm,2025-7-7 15:35,0,
S1,blue_surface_displacement,1.592222,0,mm,left_mm,2025-7-7 15:35,0,
S1,blue_surface_displacement,1.593333,0,mm,left_mm,2025-7-7 15:35,0,
S1,blue_surface_displacement,1.594444,0,mm,left_mm,2025-7-7 15:35,0,
S1,blue_surface_displacement,1.595556,0,mm,left_mm,2025-7-7 15:35,0,
S1,blue_surface_displacement,1.596667,0,mm,left_mm,2025-7-7 15:35,0,
S1,blue_surface_displacement,1.597778,0,mm,left_mm,2025-7-7 15:35,0,
S1,blue_surface_displacement,1.598889,0,mm,left_mm,2025-7-7 15:35,0,
S1,blue_surface_displacement,1.6,0,mm,left_mm,2025-7-7 15:36,0,
S1,blue_surface_displacement,1.601111,0,mm,left_mm,2025-7-7 15:36,0,
S1,blue_surface_displacement,1.602222,0,mm,left_mm,2025-7-7 15:36,0,
S1,blue_surface_displacement,1.603333,0,mm,left_mm,2025-7-7 15:36,0,
S1,blue_surface_displacement,1.604444,0,mm,left_mm,2025-7-7 15:36,0,
S1,blue_surface_displacement,1.605556,0,mm,left_mm,2025-7-7 15:36,0,
S1,blue_surface_displacement,1.606667,0,mm,left_mm,2025-7-7 15:36,0,
S1,blue_surface_displacement,1.607778,0,mm,left_mm,2025-7-7 15:36,0,
S1,blue_surface_displacement,1.608889,0,mm,left_mm,2025-7-7 15:36,0,
S1,blue_surface_displacement,1.61,0,mm,left_mm,2025-7-7 15:36,0,
S1,blue_surface_displacement,1.611111,0,mm,left_mm,2025-7-7 15:36,0,
S1,blue_surface_displacement,1.612222,0,mm,left_mm,2025-7-7 15:36,0,
S1,blue_surface_displacement,1.613333,0,mm,left_mm,2025-7-7 15:36,0,
S1,blue_surface_displacement,1.614444,0,mm,left_mm,2025-7-7 15:36,0,
S1,blue_surface_displacement,1.615556,0,mm,left_mm,2025-7-7 15:36,0,
S1,blue_surface_displacement,1.616667,0,mm,left_mm,2025-7-7 15:37,0,
S1,blue_surface_displacement,1.617778,0,mm,left_mm,2025-7-7 15:37,0,
S1,blue_surface_displacement,1.618889,0,mm,left_mm,2025-7-7 15:37,0,
S1,blue_surface_displacement,1.62,0,mm,left_mm,2025-7-7 15:37,0,
S1,blue_surface_displacement,1.621111,0,mm,left_mm,2025-7-7 15:37,0,
S1,blue_surface_displacement,1.622222,0,mm,left_mm,2025-7-7 15:37,0,
S1,blue_surface_displacement,1.623333,0,mm,left_mm,2025-7-7 15:37,0,
S1,blue_surface_displacement,1.624444,0,mm,left_mm,2025-7-7 15:37,0,
S1,blue_surface_displacement,1.625556,0,mm,left_mm,2025-7-7 15:37,0,
S1,blue_surface_displacement,1.626667,0,mm,left_mm,2025-7-7 15:37,0,
S1,blue_surface_displacement,1.627778,0,mm,left_mm,2025-7-7 15:37,0,
S1,blue_surface_displacement,1.628889,0,mm,left_mm,2025-7-7 15:37,0,
S1,blue_surface_displacement,1.63,0,mm,left_mm,2025-7-7 15:37,0,
S1,blue_surface_displacement,1.631111,0,mm,left_mm,2025-7-7 15:37,0,
S1,blue_surface_displacement,1.632222,0,mm,left_mm,2025-7-7 15:37,0,
S1,blue_surface_displacement,1.633333,0,mm,left_mm,2025-7-7 15:38,0,
S1,blue_surface_displacement,1.634444,0,mm,left_mm,2025-7-7 15:38,0,
S1,blue_surface_displacement,1.635556,0,mm,left_mm,2025-7-7 15:38,0,
S1,blue_surface_displacement,1.636667,0,mm,left_mm,2025-7-7 15:38,0,
S1,blue_surface_displacement,1.637778,0,mm,left_mm,2025-7-7 15:38,0,
S1,blue_surface_displacement,1.638889,0,mm,left_mm,2025-7-7 15:38,0,
S1,blue_surface_displacement,1.64,0,mm,left_mm,2025-7-7 15:38,0,
S1,blue_surface_displacement,1.641111,0,mm,left_mm,2025-7-7 15:38,0,
S1,blue_surface_displacement,1.642222,0,mm,left_mm,2025-7-7 15:38,0,
S1,blue_surface_displacement,1.643333,0,mm,left_mm,2025-7-7 15:38,0,
S1,blue_surface_displacement,1.644444,0,mm,left_mm,2025-7-7 15:38,0,
S1,blue_surface_displacement,1.645556,0,mm,left_mm,2025-7-7 15:38,0,
S1,blue_surface_displacement,1.646667,0,mm,left_mm,2025-7-7 15:38,0,
S1,blue_surface_displacement,1.647778,0,mm,left_mm,2025-7-7 15:38,0,
S1,blue_surface_displacement,1.648889,0,mm,left_mm,2025-7-7 15:38,0,
S1,blue_surface_displacement,1.65,0,mm,left_mm,2025-7-7 15:39,0,
S1,blue_surface_displacement,1.651111,0,mm,left_mm,2025-7-7 15:39,0,
S1,blue_surface_displacement,1.652222,0,mm,left_mm,2025-7-7 15:39,0,
S1,blue_surface_displacement,1.653333,0,mm,left_mm,2025-7-7 15:39,0,
S1,blue_surface_displacement,1.654444,0,mm,left_mm,2025-7-7 15:39,0,
S1,blue_surface_displacement,1.655556,0,mm,left_mm,2025-7-7 15:39,0,
S1,blue_surface_displacement,1.656667,0,mm,left_mm,2025-7-7 15:39,0,
S1,blue_surface_displacement,1.657778,0,mm,left_mm,2025-7-7 15:39,0,
S1,blue_surface_displacement,1.658889,0,mm,left_mm,2025-7-7 15:39,0,
S1,blue_surface_displacement,1.66,0,mm,left_mm,2025-7-7 15:39,0,
S1,blue_surface_displacement,1.661111,0,mm,left_mm,2025-7-7 15:39,0,
S1,blue_surface_displacement,1.662222,0,mm,left_mm,2025-7-7 15:39,0,
S1,blue_surface_displacement,1.663333,0,mm,left_mm,2025-7-7 15:39,0,
S1,blue_surface_displacement,1.664444,0,mm,left_mm,2025-7-7 15:39,0,
S1,blue_surface_displacement,1.665556,0,mm,left_mm,2025-7-7 15:39,0,
S1,blue_surface_displacement,1.666667,0,mm,left_mm,2025-7-7 15:40,0,
S1,blue_surface_displacement,1.667778,0,mm,left_mm,2025-7-7 15:40,0,
S1,blue_surface_displacement,1.668889,0,mm,left_mm,2025-7-7 15:40,0,
S1,blue_surface_displacement,1.67,0,mm,left_mm,2025-7-7 15:40,0,
S1,blue_surface_displacement,1.671111,0,mm,left_mm,2025-7-7 15:40,0,
S1,blue_surface_displacement,1.672222,0,mm,left_mm,2025-7-7 15:40,0,
S1,blue_surface_displacement,1.673333,0,mm,left_mm,2025-7-7 15:40,0,
S1,blue_surface_displacement,1.674444,0,mm,left_mm,2025-7-7 15:40,0,
S1,blue_surface_displacement,1.675556,0,mm,left_mm,2025-7-7 15:40,0,
S1,blue_surface_displacement,1.676667,0,mm,left_mm,2025-7-7 15:40,0,
S1,blue_surface_displacement,1.677778,0,mm,left_mm,2025-7-7 15:40,0,
S1,blue_surface_displacement,1.678889,0,mm,left_mm,2025-7-7 15:40,0,
S1,blue_surface_displacement,1.68,0,mm,left_mm,2025-7-7 15:40,0,
S1,blue_surface_displacement,1.681111,0,mm,left_mm,2025-7-7 15:40,0,
S1,blue_surface_displacement,1.682222,0,mm,left_mm,2025-7-7 15:40,0,
S1,blue_surface_displacement,1.683333,0,mm,left_mm,2025-7-7 15:41,0,
S1,blue_surface_displacement,1.684444,0,mm,left_mm,2025-7-7 15:41,0,
S1,blue_surface_displacement,1.685556,0,mm,left_mm,2025-7-7 15:41,0,
S1,blue_surface_displacement,1.686667,0,mm,left_mm,2025-7-7 15:41,0,
S1,blue_surface_displacement,1.687778,0,mm,left_mm,2025-7-7 15:41,0,
S1,blue_surface_displacement,1.688889,0,mm,left_mm,2025-7-7 15:41,0,
S1,blue_surface_displacement,1.69,0,mm,left_mm,2025-7-7 15:41,0,
S1,blue_surface_displacement,1.691111,0,mm,left_mm,2025-7-7 15:41,0,
S1,blue_surface_displacement,1.692222,-0.1,mm,left_mm,2025-7-7 15:41,-0.1,
S1,blue_surface_displacement,1.693333,0,mm,left_mm,2025-7-7 15:41,0,
S1,blue_surface_displacement,1.694444,0,mm,left_mm,2025-7-7 15:41,0,
S1,blue_surface_displacement,1.695556,0,mm,left_mm,2025-7-7 15:41,0,
S1,blue_surface_displacement,1.696667,0,mm,left_mm,2025-7-7 15:41,0,
S1,blue_surface_displacement,1.697778,0,mm,left_mm,2025-7-7 15:41,0,
S1,blue_surface_displacement,1.698889,0,mm,left_mm,2025-7-7 15:41,0,
S1,blue_surface_displacement,1.7,0,mm,left_mm,2025-7-7 15:42,0,
S1,blue_surface_displacement,1.701111,0,mm,left_mm,2025-7-7 15:42,0,
S1,blue_surface_displacement,1.702222,0,mm,left_mm,2025-7-7 15:42,0,
S1,blue_surface_displacement,1.703333,0,mm,left_mm,2025-7-7 15:42,0,
S1,blue_surface_displacement,1.704444,0,mm,left_mm,2025-7-7 15:42,0,
S1,blue_surface_displacement,1.705556,0,mm,left_mm,2025-7-7 15:42,0,
S1,blue_surface_displacement,1.706667,0,mm,left_mm,2025-7-7 15:42,0,
S1,blue_surface_displacement,1.707778,0,mm,left_mm,2025-7-7 15:42,0,
S1,blue_surface_displacement,1.708889,0,mm,left_mm,2025-7-7 15:42,0,
S1,blue_surface_displacement,1.71,0,mm,left_mm,2025-7-7 15:42,0,
S1,blue_surface_displacement,1.711111,0,mm,left_mm,2025-7-7 15:42,0,
S1,blue_surface_displacement,1.712222,0,mm,left_mm,2025-7-7 15:42,0,
S1,blue_surface_displacement,1.713333,0,mm,left_mm,2025-7-7 15:42,0,
S1,blue_surface_displacement,1.714444,0,mm,left_mm,2025-7-7 15:42,0,
S1,blue_surface_displacement,1.715556,0,mm,left_mm,2025-7-7 15:42,0,
S1,blue_surface_displacement,1.716667,0,mm,left_mm,2025-7-7 15:43,0,
S1,blue_surface_displacement,1.717778,0,mm,left_mm,2025-7-7 15:43,0,
S1,blue_surface_displacement,1.718889,0,mm,left_mm,2025-7-7 15:43,0,
S1,blue_surface_displacement,1.72,0,mm,left_mm,2025-7-7 15:43,0,
S1,blue_surface_displacement,1.721111,0,mm,left_mm,2025-7-7 15:43,0,
S1,blue_surface_displacement,1.722222,0,mm,left_mm,2025-7-7 15:43,0,
S1,blue_surface_displacement,1.723333,0,mm,left_mm,2025-7-7 15:43,0,
S1,blue_surface_displacement,1.724444,0,mm,left_mm,2025-7-7 15:43,0,
S1,blue_surface_displacement,1.725556,0,mm,left_mm,2025-7-7 15:43,0,
S1,blue_surface_displacement,1.726667,0,mm,left_mm,2025-7-7 15:43,0,
S1,blue_surface_displacement,1.727778,0,mm,left_mm,2025-7-7 15:43,0,
S1,blue_surface_displacement,1.728889,0,mm,left_mm,2025-7-7 15:43,0,
S1,blue_surface_displacement,1.73,0,mm,left_mm,2025-7-7 15:43,0,
S1,blue_surface_displacement,1.731111,0,mm,left_mm,2025-7-7 15:43,0,
S1,blue_surface_displacement,1.732222,0,mm,left_mm,2025-7-7 15:43,0,
S1,blue_surface_displacement,1.733333,0,mm,left_mm,2025-7-7 15:44,0,
S1,blue_surface_displacement,1.734444,0,mm,left_mm,2025-7-7 15:44,0,
S1,blue_surface_displacement,1.735556,0,mm,left_mm,2025-7-7 15:44,0,
S1,blue_surface_displacement,1.736667,0,mm,left_mm,2025-7-7 15:44,0,
S1,blue_surface_displacement,1.737778,0,mm,left_mm,2025-7-7 15:44,0,
S1,blue_surface_displacement,1.738889,0,mm,left_mm,2025-7-7 15:44,0,
S1,blue_surface_displacement,1.74,0,mm,left_mm,2025-7-7 15:44,0,
S1,blue_surface_displacement,1.741111,0,mm,left_mm,2025-7-7 15:44,0,
S1,blue_surface_displacement,1.742222,0,mm,left_mm,2025-7-7 15:44,0,
S1,blue_surface_displacement,1.743333,0,mm,left_mm,2025-7-7 15:44,0,
S1,blue_surface_displacement,1.744444,0,mm,left_mm,2025-7-7 15:44,0,
S1,blue_surface_displacement,1.745556,0,mm,left_mm,2025-7-7 15:44,0,
S1,blue_surface_displacement,1.746667,0,mm,left_mm,2025-7-7 15:44,0,
S1,blue_surface_displacement,1.747778,0,mm,left_mm,2025-7-7 15:44,0,
S1,blue_surface_displacement,1.748889,0,mm,left_mm,2025-7-7 15:44,0,
S1,blue_surface_displacement,1.75,0,mm,left_mm,2025-7-7 15:45,0,
S1,blue_surface_displacement,1.751111,0,mm,left_mm,2025-7-7 15:45,0,
S1,blue_surface_displacement,1.752222,0,mm,left_mm,2025-7-7 15:45,0,
S1,blue_surface_displacement,1.753333,0,mm,left_mm,2025-7-7 15:45,0,
S1,blue_surface_displacement,1.754444,0,mm,left_mm,2025-7-7 15:45,0,
S1,blue_surface_displacement,1.755556,0,mm,left_mm,2025-7-7 15:45,0,
S1,blue_surface_displacement,1.756667,0,mm,left_mm,2025-7-7 15:45,0,
S1,blue_surface_displacement,1.757778,0,mm,left_mm,2025-7-7 15:45,0,
S1,blue_surface_displacement,1.758889,0,mm,left_mm,2025-7-7 15:45,0,
S1,blue_surface_displacement,1.76,0,mm,left_mm,2025-7-7 15:45,0,
S1,blue_surface_displacement,1.761111,0,mm,left_mm,2025-7-7 15:45,0,
S1,blue_surface_displacement,1.762222,0,mm,left_mm,2025-7-7 15:45,0,
S1,blue_surface_displacement,1.763333,0,mm,left_mm,2025-7-7 15:45,0,
S1,blue_surface_displacement,1.764444,0,mm,left_mm,2025-7-7 15:45,0,
S1,blue_surface_displacement,1.765556,0,mm,left_mm,2025-7-7 15:45,0,
S1,blue_surface_displacement,1.766667,0,mm,left_mm,2025-7-7 15:46,0,
S1,blue_surface_displacement,1.767778,0,mm,left_mm,2025-7-7 15:46,0,
S1,blue_surface_displacement,1.768889,0,mm,left_mm,2025-7-7 15:46,0,
S1,blue_surface_displacement,1.77,0,mm,left_mm,2025-7-7 15:46,0,
S1,blue_surface_displacement,1.771111,0,mm,left_mm,2025-7-7 15:46,0,
S1,blue_surface_displacement,1.772222,0,mm,left_mm,2025-7-7 15:46,0,
S1,blue_surface_displacement,1.773333,0,mm,left_mm,2025-7-7 15:46,0,
S1,blue_surface_displacement,1.774444,0,mm,left_mm,2025-7-7 15:46,0,
S1,blue_surface_displacement,1.775556,0,mm,left_mm,2025-7-7 15:46,0,
S1,blue_surface_displacement,1.776667,0,mm,left_mm,2025-7-7 15:46,0,
S1,blue_surface_displacement,1.777778,0,mm,left_mm,2025-7-7 15:46,0,
S1,blue_surface_displacement,1.778889,0,mm,left_mm,2025-7-7 15:46,0,
S1,blue_surface_displacement,1.78,0,mm,left_mm,2025-7-7 15:46,0,
S1,blue_surface_displacement,1.781111,0,mm,left_mm,2025-7-7 15:46,0,
S1,blue_surface_displacement,1.782222,0,mm,left_mm,2025-7-7 15:46,0,
S1,blue_surface_displacement,1.783333,0,mm,left_mm,2025-7-7 15:47,0,
S1,blue_surface_displacement,1.784444,0,mm,left_mm,2025-7-7 15:47,0,
S1,blue_surface_displacement,1.785556,0,mm,left_mm,2025-7-7 15:47,0,
S1,blue_surface_displacement,1.786667,0,mm,left_mm,2025-7-7 15:47,0,
S1,blue_surface_displacement,1.787778,0,mm,left_mm,2025-7-7 15:47,0,
S1,blue_surface_displacement,1.788889,0,mm,left_mm,2025-7-7 15:47,0,
S1,blue_surface_displacement,1.79,0,mm,left_mm,2025-7-7 15:47,0,
S1,blue_surface_displacement,1.791111,0,mm,left_mm,2025-7-7 15:47,0,
S1,blue_surface_displacement,1.792222,0,mm,left_mm,2025-7-7 15:47,0,
S1,blue_surface_displacement,1.793333,0,mm,left_mm,2025-7-7 15:47,0,
S1,blue_surface_displacement,1.794444,0,mm,left_mm,2025-7-7 15:47,0,
S1,blue_surface_displacement,1.795556,0,mm,left_mm,2025-7-7 15:47,0,
S1,blue_surface_displacement,1.796667,0,mm,left_mm,2025-7-7 15:47,0,
S1,blue_surface_displacement,1.797778,0,mm,left_mm,2025-7-7 15:47,0,
S1,blue_surface_displacement,1.798889,0,mm,left_mm,2025-7-7 15:47,0,
S1,blue_surface_displacement,1.8,0,mm,left_mm,2025-7-7 15:48,0,
S1,blue_surface_displacement,1.801111,0,mm,left_mm,2025-7-7 15:48,0,
S1,blue_surface_displacement,1.802222,0,mm,left_mm,2025-7-7 15:48,0,
S1,blue_surface_displacement,1.803333,0,mm,left_mm,2025-7-7 15:48,0,
S1,blue_surface_displacement,1.804444,0,mm,left_mm,2025-7-7 15:48,0,
S1,blue_surface_displacement,1.805556,0,mm,left_mm,2025-7-7 15:48,0,
S1,blue_surface_displacement,1.806667,0,mm,left_mm,2025-7-7 15:48,0,
S1,blue_surface_displacement,1.807778,0,mm,left_mm,2025-7-7 15:48,0,
S1,blue_surface_displacement,1.808889,0,mm,left_mm,2025-7-7 15:48,0,
S1,blue_surface_displacement,1.81,0,mm,left_mm,2025-7-7 15:48,0,
S1,blue_surface_displacement,1.811111,0,mm,left_mm,2025-7-7 15:48,0,
S1,blue_surface_displacement,1.812222,0,mm,left_mm,2025-7-7 15:48,0,
S1,blue_surface_displacement,1.813333,0,mm,left_mm,2025-7-7 15:48,0,
S1,blue_surface_displacement,1.814444,0,mm,left_mm,2025-7-7 15:48,0,
S1,blue_surface_displacement,1.815556,0,mm,left_mm,2025-7-7 15:48,0,
S1,blue_surface_displacement,1.816667,0,mm,left_mm,2025-7-7 15:49,0,
S1,blue_surface_displacement,1.817778,0,mm,left_mm,2025-7-7 15:49,0,
S1,blue_surface_displacement,1.818889,0,mm,left_mm,2025-7-7 15:49,0,
S1,blue_surface_displacement,1.82,0,mm,left_mm,2025-7-7 15:49,0,
S1,blue_surface_displacement,1.821111,0,mm,left_mm,2025-7-7 15:49,0,
S1,blue_surface_displacement,1.822222,0,mm,left_mm,2025-7-7 15:49,0,
S1,blue_surface_displacement,1.823333,0,mm,left_mm,2025-7-7 15:49,0,
S1,blue_surface_displacement,1.824444,0,mm,left_mm,2025-7-7 15:49,0,
S1,blue_surface_displacement,1.825556,0,mm,left_mm,2025-7-7 15:49,0,
S1,blue_surface_displacement,1.826667,0,mm,left_mm,2025-7-7 15:49,0,
S1,blue_surface_displacement,1.827778,0,mm,left_mm,2025-7-7 15:49,0,
S1,blue_surface_displacement,1.828889,0,mm,left_mm,2025-7-7 15:49,0,
S1,blue_surface_displacement,1.83,0,mm,left_mm,2025-7-7 15:49,0,
S1,blue_surface_displacement,1.831111,0,mm,left_mm,2025-7-7 15:49,0,
S1,blue_surface_displacement,1.832222,0,mm,left_mm,2025-7-7 15:49,0,
S1,blue_surface_displacement,1.833333,0,mm,left_mm,2025-7-7 15:50,0,
S1,blue_surface_displacement,1.834444,0,mm,left_mm,2025-7-7 15:50,0,
S1,blue_surface_displacement,1.835556,0,mm,left_mm,2025-7-7 15:50,0,
S1,blue_surface_displacement,1.836667,0,mm,left_mm,2025-7-7 15:50,0,
S1,blue_surface_displacement,1.837778,0,mm,left_mm,2025-7-7 15:50,0,
S1,blue_surface_displacement,1.838889,0,mm,left_mm,2025-7-7 15:50,0,
S1,blue_surface_displacement,1.84,0,mm,left_mm,2025-7-7 15:50,0,
S1,blue_surface_displacement,1.841111,0,mm,left_mm,2025-7-7 15:50,0,
S1,blue_surface_displacement,1.842222,0,mm,left_mm,2025-7-7 15:50,0,
S1,blue_surface_displacement,1.843333,0,mm,left_mm,2025-7-7 15:50,0,
S1,blue_surface_displacement,1.844444,0,mm,left_mm,2025-7-7 15:50,0,
S1,blue_surface_displacement,1.845556,0,mm,left_mm,2025-7-7 15:50,0,
S1,blue_surface_displacement,1.846667,0,mm,left_mm,2025-7-7 15:50,0,
S1,blue_surface_displacement,1.847778,0,mm,left_mm,2025-7-7 15:50,0,
S1,blue_surface_displacement,1.848889,0,mm,left_mm,2025-7-7 15:50,0,
S1,blue_surface_displacement,1.85,0,mm,left_mm,2025-7-7 15:51,0,
S1,blue_surface_displacement,1.851111,0,mm,left_mm,2025-7-7 15:51,0,
S1,blue_surface_displacement,1.852222,0,mm,left_mm,2025-7-7 15:51,0,
S1,blue_surface_displacement,1.853333,0,mm,left_mm,2025-7-7 15:51,0,
S1,blue_surface_displacement,1.854444,0,mm,left_mm,2025-7-7 15:51,0,
S1,blue_surface_displacement,1.855556,0,mm,left_mm,2025-7-7 15:51,0,
S1,blue_surface_displacement,1.856667,0,mm,left_mm,2025-7-7 15:51,0,
S1,blue_surface_displacement,1.857778,0,mm,left_mm,2025-7-7 15:51,0,
S1,blue_surface_displacement,1.858889,0,mm,left_mm,2025-7-7 15:51,0,
S1,blue_surface_displacement,1.86,0,mm,left_mm,2025-7-7 15:51,0,
S1,blue_surface_displacement,1.861111,0,mm,left_mm,2025-7-7 15:51,0,
S1,blue_surface_displacement,1.862222,0,mm,left_mm,2025-7-7 15:51,0,
S1,blue_surface_displacement,1.863333,0,mm,left_mm,2025-7-7 15:51,0,
S1,blue_surface_displacement,1.864444,0,mm,left_mm,2025-7-7 15:51,0,
S1,blue_surface_displacement,1.865556,0,mm,left_mm,2025-7-7 15:51,0,
S1,blue_surface_displacement,1.866667,0,mm,left_mm,2025-7-7 15:52,0,
S1,blue_surface_displacement,1.867778,0,mm,left_mm,2025-7-7 15:52,0,
S1,blue_surface_displacement,1.868889,0,mm,left_mm,2025-7-7 15:52,0,
S1,blue_surface_displacement,1.87,0,mm,left_mm,2025-7-7 15:52,0,
S1,blue_surface_displacement,1.871111,0,mm,left_mm,2025-7-7 15:52,0,
S1,blue_surface_displacement,1.872222,0,mm,left_mm,2025-7-7 15:52,0,
S1,blue_surface_displacement,1.873333,0,mm,left_mm,2025-7-7 15:52,0,
S1,blue_surface_displacement,1.874444,0,mm,left_mm,2025-7-7 15:52,0,
S1,blue_surface_displacement,1.875556,0,mm,left_mm,2025-7-7 15:52,0,
S1,blue_surface_displacement,1.876667,0,mm,left_mm,2025-7-7 15:52,0,
S1,blue_surface_displacement,1.877778,0,mm,left_mm,2025-7-7 15:52,0,
S1,blue_surface_displacement,1.878889,0,mm,left_mm,2025-7-7 15:52,0,
S1,blue_surface_displacement,1.88,0,mm,left_mm,2025-7-7 15:52,0,
S1,blue_surface_displacement,1.881111,0,mm,left_mm,2025-7-7 15:52,0,
S1,blue_surface_displacement,1.882222,0,mm,left_mm,2025-7-7 15:52,0,
S1,blue_surface_displacement,1.883333,0,mm,left_mm,2025-7-7 15:53,0,
S1,blue_surface_displacement,1.884444,0,mm,left_mm,2025-7-7 15:53,0,
S1,blue_surface_displacement,1.885556,0,mm,left_mm,2025-7-7 15:53,0,
S1,blue_surface_displacement,1.886667,0,mm,left_mm,2025-7-7 15:53,0,
S1,blue_surface_displacement,1.887778,0,mm,left_mm,2025-7-7 15:53,0,
S1,blue_surface_displacement,1.888889,0,mm,left_mm,2025-7-7 15:53,0,
S1,blue_surface_displacement,1.89,0,mm,left_mm,2025-7-7 15:53,0,
S1,blue_surface_displacement,1.891111,0,mm,left_mm,2025-7-7 15:53,0,
S1,blue_surface_displacement,1.892222,0,mm,left_mm,2025-7-7 15:53,0,
S1,blue_surface_displacement,1.893333,0,mm,left_mm,2025-7-7 15:53,0,
S1,blue_surface_displacement,1.894444,0,mm,left_mm,2025-7-7 15:53,0,
S1,blue_surface_displacement,1.895556,0,mm,left_mm,2025-7-7 15:53,0,
S1,blue_surface_displacement,1.896667,0,mm,left_mm,2025-7-7 15:53,0,
S1,blue_surface_displacement,1.897778,0,mm,left_mm,2025-7-7 15:53,0,
S1,blue_surface_displacement,1.898889,0,mm,left_mm,2025-7-7 15:53,0,
S1,blue_surface_displacement,1.9,0,mm,left_mm,2025-7-7 15:54,0,
S1,blue_surface_displacement,1.901111,0,mm,left_mm,2025-7-7 15:54,0,
S1,blue_surface_displacement,1.902222,0,mm,left_mm,2025-7-7 15:54,0,
S1,blue_surface_displacement,1.903333,0,mm,left_mm,2025-7-7 15:54,0,
S1,blue_surface_displacement,1.904444,0,mm,left_mm,2025-7-7 15:54,0,
S1,blue_surface_displacement,1.905556,0,mm,left_mm,2025-7-7 15:54,0,
S1,blue_surface_displacement,1.906667,0,mm,left_mm,2025-7-7 15:54,0,
S1,blue_surface_displacement,1.907778,0,mm,left_mm,2025-7-7 15:54,0,
S1,blue_surface_displacement,1.908889,0,mm,left_mm,2025-7-7 15:54,0,
S1,blue_surface_displacement,1.91,0,mm,left_mm,2025-7-7 15:54,0,
S1,blue_surface_displacement,1.911111,0,mm,left_mm,2025-7-7 15:54,0,
S1,blue_surface_displacement,1.912222,0,mm,left_mm,2025-7-7 15:54,0,
S1,blue_surface_displacement,1.913333,0,mm,left_mm,2025-7-7 15:54,0,
S1,blue_surface_displacement,1.914444,0,mm,left_mm,2025-7-7 15:54,0,
S1,blue_surface_displacement,1.915556,0,mm,left_mm,2025-7-7 15:54,0,
S1,blue_surface_displacement,1.916667,0,mm,left_mm,2025-7-7 15:55,0,
S1,blue_surface_displacement,1.917778,0,mm,left_mm,2025-7-7 15:55,0,
S1,blue_surface_displacement,1.918889,0,mm,left_mm,2025-7-7 15:55,0,
S1,blue_surface_displacement,1.92,0,mm,left_mm,2025-7-7 15:55,0,
S1,blue_surface_displacement,1.921111,0,mm,left_mm,2025-7-7 15:55,0,
S1,blue_surface_displacement,1.922222,0,mm,left_mm,2025-7-7 15:55,0,
S1,blue_surface_displacement,1.923333,0,mm,left_mm,2025-7-7 15:55,0,
S1,blue_surface_displacement,1.924444,0,mm,left_mm,2025-7-7 15:55,0,
S1,blue_surface_displacement,1.925556,0,mm,left_mm,2025-7-7 15:55,0,
S1,blue_surface_displacement,1.926667,0,mm,left_mm,2025-7-7 15:55,0,
S1,blue_surface_displacement,1.927778,0,mm,left_mm,2025-7-7 15:55,0,
S1,blue_surface_displacement,1.928889,0,mm,left_mm,2025-7-7 15:55,0,
S1,blue_surface_displacement,1.93,0,mm,left_mm,2025-7-7 15:55,0,
S1,blue_surface_displacement,1.931111,0,mm,left_mm,2025-7-7 15:55,0,
S1,blue_surface_displacement,1.932222,0,mm,left_mm,2025-7-7 15:55,0,
S1,blue_surface_displacement,1.933333,0,mm,left_mm,2025-7-7 15:56,0,
S1,blue_surface_displacement,1.934444,-0.2,mm,left_mm,2025-7-7 15:56,-0.2,
S1,blue_surface_displacement,1.935556,0,mm,left_mm,2025-7-7 15:56,0,
S1,blue_surface_displacement,1.936667,0,mm,left_mm,2025-7-7 15:56,0,
S1,blue_surface_displacement,1.937778,0,mm,left_mm,2025-7-7 15:56,0,
S1,blue_surface_displacement,1.938889,0,mm,left_mm,2025-7-7 15:56,0,
S1,blue_surface_displacement,1.94,0,mm,left_mm,2025-7-7 15:56,0,
S1,blue_surface_displacement,1.941111,0,mm,left_mm,2025-7-7 15:56,0,
S1,blue_surface_displacement,1.942222,0,mm,left_mm,2025-7-7 15:56,0,
S1,blue_surface_displacement,1.943333,0,mm,left_mm,2025-7-7 15:56,0,
S1,blue_surface_displacement,1.944444,0,mm,left_mm,2025-7-7 15:56,0,
S1,blue_surface_displacement,1.945556,0,mm,left_mm,2025-7-7 15:56,0,
S1,blue_surface_displacement,1.946667,0,mm,left_mm,2025-7-7 15:56,0,
S1,blue_surface_displacement,1.947778,0,mm,left_mm,2025-7-7 15:56,0,
S1,blue_surface_displacement,1.948889,0,mm,left_mm,2025-7-7 15:56,0,
S1,blue_surface_displacement,1.95,0,mm,left_mm,2025-7-7 15:57,0,
S1,blue_surface_displacement,1.951111,0,mm,left_mm,2025-7-7 15:57,0,
S1,blue_surface_displacement,1.952222,0,mm,left_mm,2025-7-7 15:57,0,
S1,blue_surface_displacement,1.953333,0,mm,left_mm,2025-7-7 15:57,0,
S1,blue_surface_displacement,1.954444,0,mm,left_mm,2025-7-7 15:57,0,
S1,blue_surface_displacement,1.955556,0,mm,left_mm,2025-7-7 15:57,0,
S1,blue_surface_displacement,1.956667,0,mm,left_mm,2025-7-7 15:57,0,
S1,blue_surface_displacement,1.957778,0,mm,left_mm,2025-7-7 15:57,0,
S1,blue_surface_displacement,1.958889,0,mm,left_mm,2025-7-7 15:57,0,
S1,blue_surface_displacement,1.96,0,mm,left_mm,2025-7-7 15:57,0,
S1,blue_surface_displacement,1.961111,0,mm,left_mm,2025-7-7 15:57,0,
S1,blue_surface_displacement,1.962222,0,mm,left_mm,2025-7-7 15:57,0,
S1,blue_surface_displacement,1.963333,0,mm,left_mm,2025-7-7 15:57,0,
S1,blue_surface_displacement,1.964444,0,mm,left_mm,2025-7-7 15:57,0,
S1,blue_surface_displacement,1.965556,0,mm,left_mm,2025-7-7 15:57,0,
S1,blue_surface_displacement,1.966667,0,mm,left_mm,2025-7-7 15:58,0,
S1,blue_surface_displacement,1.967778,0,mm,left_mm,2025-7-7 15:58,0,
S1,blue_surface_displacement,1.968889,0,mm,left_mm,2025-7-7 15:58,0,
S1,blue_surface_displacement,1.97,0,mm,left_mm,2025-7-7 15:58,0,
S1,blue_surface_displacement,1.971111,0,mm,left_mm,2025-7-7 15:58,0,
S1,blue_surface_displacement,1.972222,0,mm,left_mm,2025-7-7 15:58,0,
S1,blue_surface_displacement,1.973333,0,mm,left_mm,2025-7-7 15:58,0,
S1,blue_surface_displacement,1.974444,0,mm,left_mm,2025-7-7 15:58,0,
S1,blue_surface_displacement,1.975556,0,mm,left_mm,2025-7-7 15:58,0,
S1,blue_surface_displacement,1.976667,0,mm,left_mm,2025-7-7 15:58,0,
S1,blue_surface_displacement,1.977778,0,mm,left_mm,2025-7-7 15:58,0,
S1,blue_surface_displacement,1.978889,0,mm,left_mm,2025-7-7 15:58,0,
S1,blue_surface_displacement,1.98,0,mm,left_mm,2025-7-7 15:58,0,
S1,blue_surface_displacement,1.981111,0,mm,left_mm,2025-7-7 15:58,0,
S1,blue_surface_displacement,1.982222,0,mm,left_mm,2025-7-7 15:58,0,
S1,blue_surface_displacement,1.983333,0,mm,left_mm,2025-7-7 15:59,0,
S1,blue_surface_displacement,1.984444,0,mm,left_mm,2025-7-7 15:59,0,
S1,blue_surface_displacement,1.985556,0,mm,left_mm,2025-7-7 15:59,0,
S1,blue_surface_displacement,1.986667,0,mm,left_mm,2025-7-7 15:59,0,
S1,blue_surface_displacement,1.987778,0,mm,left_mm,2025-7-7 15:59,0,
S1,blue_surface_displacement,1.988889,0,mm,left_mm,2025-7-7 15:59,0,
S1,blue_surface_displacement,1.99,0,mm,left_mm,2025-7-7 15:59,0,
S1,blue_surface_displacement,1.991111,0,mm,left_mm,2025-7-7 15:59,0,
S1,blue_surface_displacement,1.992222,0,mm,left_mm,2025-7-7 15:59,0,
S1,blue_surface_displacement,1.993333,0,mm,left_mm,2025-7-7 15:59,0,
S1,blue_surface_displacement,1.994444,0,mm,left_mm,2025-7-7 15:59,0,
S1,blue_surface_displacement,1.995556,0,mm,left_mm,2025-7-7 15:59,0,
S1,blue_surface_displacement,1.996667,0,mm,left_mm,2025-7-7 15:59,0,
S1,blue_surface_displacement,1.997778,0,mm,left_mm,2025-7-7 15:59,0,
S1,blue_surface_displacement,1.998889,0,mm,left_mm,2025-7-7 15:59,0,
S1,blue_surface_displacement,2,0,mm,left_mm,2025-7-7 16:00,0,
S1,blue_surface_displacement,2.001111,0,mm,left_mm,2025-7-7 16:00,0,
S1,blue_surface_displacement,2.002222,0,mm,left_mm,2025-7-7 16:00,0,
S1,blue_surface_displacement,2.003333,0,mm,left_mm,2025-7-7 16:00,0,
S1,blue_surface_displacement,2.004444,0,mm,left_mm,2025-7-7 16:00,0,
S1,blue_surface_displacement,2.005556,0,mm,left_mm,2025-7-7 16:00,0,
S1,blue_surface_displacement,2.006667,0,mm,left_mm,2025-7-7 16:00,0,
S1,blue_surface_displacement,2.007778,0,mm,left_mm,2025-7-7 16:00,0,
S1,blue_surface_displacement,2.008889,0,mm,left_mm,2025-7-7 16:00,0,
S1,blue_surface_displacement,2.01,0,mm,left_mm,2025-7-7 16:00,0,
S1,blue_surface_displacement,2.011111,0,mm,left_mm,2025-7-7 16:00,0,
S1,blue_surface_displacement,2.012222,0,mm,left_mm,2025-7-7 16:00,0,
S1,blue_surface_displacement,2.013333,0,mm,left_mm,2025-7-7 16:00,0,
S1,blue_surface_displacement,2.014444,0,mm,left_mm,2025-7-7 16:00,0,
S1,blue_surface_displacement,2.015556,0,mm,left_mm,2025-7-7 16:00,0,
S1,blue_surface_displacement,2.016667,0,mm,left_mm,2025-7-7 16:01,0,
S1,blue_surface_displacement,2.017778,0,mm,left_mm,2025-7-7 16:01,0,
S1,blue_surface_displacement,2.018889,0,mm,left_mm,2025-7-7 16:01,0,
S1,blue_surface_displacement,2.02,0,mm,left_mm,2025-7-7 16:01,0,
S1,blue_surface_displacement,2.021111,0,mm,left_mm,2025-7-7 16:01,0,
S1,blue_surface_displacement,2.022222,0,mm,left_mm,2025-7-7 16:01,0,
S1,blue_surface_displacement,2.023333,0,mm,left_mm,2025-7-7 16:01,0,
S1,blue_surface_displacement,2.024444,0,mm,left_mm,2025-7-7 16:01,0,
S1,blue_surface_displacement,2.025556,0,mm,left_mm,2025-7-7 16:01,0,
S1,blue_surface_displacement,2.026667,0,mm,left_mm,2025-7-7 16:01,0,
S1,blue_surface_displacement,2.027778,0,mm,left_mm,2025-7-7 16:01,0,
S1,blue_surface_displacement,2.028889,0,mm,left_mm,2025-7-7 16:01,0,
S1,blue_surface_displacement,2.03,0,mm,left_mm,2025-7-7 16:01,0,
S1,blue_surface_displacement,2.031111,0,mm,left_mm,2025-7-7 16:01,0,
S1,blue_surface_displacement,2.032222,0,mm,left_mm,2025-7-7 16:01,0,
S1,blue_surface_displacement,2.033333,0,mm,left_mm,2025-7-7 16:02,0,
S1,blue_surface_displacement,2.034444,0,mm,left_mm,2025-7-7 16:02,0,
S1,blue_surface_displacement,2.035556,0,mm,left_mm,2025-7-7 16:02,0,
S1,blue_surface_displacement,2.036667,0,mm,left_mm,2025-7-7 16:02,0,
S1,blue_surface_displacement,2.037778,0,mm,left_mm,2025-7-7 16:02,0,
S1,blue_surface_displacement,2.038889,0,mm,left_mm,2025-7-7 16:02,0,
S1,blue_surface_displacement,2.04,0,mm,left_mm,2025-7-7 16:02,0,
S1,blue_surface_displacement,2.041111,0,mm,left_mm,2025-7-7 16:02,0,
S1,blue_surface_displacement,2.042222,0,mm,left_mm,2025-7-7 16:02,0,
S1,blue_surface_displacement,2.043333,0,mm,left_mm,2025-7-7 16:02,0,
S1,blue_surface_displacement,2.044444,0,mm,left_mm,2025-7-7 16:02,0,
S1,blue_surface_displacement,2.045556,0,mm,left_mm,2025-7-7 16:02,0,
S1,blue_surface_displacement,2.046667,0,mm,left_mm,2025-7-7 16:02,0,
S1,blue_surface_displacement,2.047778,0,mm,left_mm,2025-7-7 16:02,0,
S1,blue_surface_displacement,2.048889,0,mm,left_mm,2025-7-7 16:02,0,
S1,blue_surface_displacement,2.05,0,mm,left_mm,2025-7-7 16:03,0,
S1,blue_surface_displacement,2.051111,0,mm,left_mm,2025-7-7 16:03,0,
S1,blue_surface_displacement,2.052222,0,mm,left_mm,2025-7-7 16:03,0,
S1,blue_surface_displacement,2.053333,0,mm,left_mm,2025-7-7 16:03,0,
S1,blue_surface_displacement,2.054444,0,mm,left_mm,2025-7-7 16:03,0,
S1,blue_surface_displacement,2.055556,0,mm,left_mm,2025-7-7 16:03,0,
S1,blue_surface_displacement,2.056667,0,mm,left_mm,2025-7-7 16:03,0,
S1,blue_surface_displacement,2.057778,0,mm,left_mm,2025-7-7 16:03,0,
S1,blue_surface_displacement,2.058889,0,mm,left_mm,2025-7-7 16:03,0,
S1,blue_surface_displacement,2.06,0,mm,left_mm,2025-7-7 16:03,0,
S1,blue_surface_displacement,2.061111,0,mm,left_mm,2025-7-7 16:03,0,
S1,blue_surface_displacement,2.062222,0,mm,left_mm,2025-7-7 16:03,0,
S1,blue_surface_displacement,2.063333,0,mm,left_mm,2025-7-7 16:03,0,
S1,blue_surface_displacement,2.064444,0,mm,left_mm,2025-7-7 16:03,0,
S1,blue_surface_displacement,2.065556,0,mm,left_mm,2025-7-7 16:03,0,
S1,blue_surface_displacement,2.066667,0,mm,left_mm,2025-7-7 16:04,0,
S1,blue_surface_displacement,2.067778,0,mm,left_mm,2025-7-7 16:04,0,
S1,blue_surface_displacement,2.068889,0,mm,left_mm,2025-7-7 16:04,0,
S1,blue_surface_displacement,2.07,0,mm,left_mm,2025-7-7 16:04,0,
S1,blue_surface_displacement,2.071111,0,mm,left_mm,2025-7-7 16:04,0,
S1,blue_surface_displacement,2.072222,0,mm,left_mm,2025-7-7 16:04,0,
S1,blue_surface_displacement,2.073333,0,mm,left_mm,2025-7-7 16:04,0,
S1,blue_surface_displacement,2.074444,0,mm,left_mm,2025-7-7 16:04,0,
S1,blue_surface_displacement,2.075556,0,mm,left_mm,2025-7-7 16:04,0,
S1,blue_surface_displacement,2.076667,0,mm,left_mm,2025-7-7 16:04,0,
S1,blue_surface_displacement,2.077778,0,mm,left_mm,2025-7-7 16:04,0,
S1,blue_surface_displacement,2.078889,0,mm,left_mm,2025-7-7 16:04,0,
S1,blue_surface_displacement,2.08,0,mm,left_mm,2025-7-7 16:04,0,
S1,blue_surface_displacement,2.081111,0,mm,left_mm,2025-7-7 16:04,0,
S1,blue_surface_displacement,2.082222,0,mm,left_mm,2025-7-7 16:04,0,
S1,blue_surface_displacement,2.083333,0,mm,left_mm,2025-7-7 16:05,0,
S1,blue_surface_displacement,2.084444,0,mm,left_mm,2025-7-7 16:05,0,
S1,blue_surface_displacement,2.085556,0,mm,left_mm,2025-7-7 16:05,0,
S1,blue_surface_displacement,2.086667,0,mm,left_mm,2025-7-7 16:05,0,
S1,blue_surface_displacement,2.087778,0,mm,left_mm,2025-7-7 16:05,0,
S1,blue_surface_displacement,2.088889,0,mm,left_mm,2025-7-7 16:05,0,
S1,blue_surface_displacement,2.09,0,mm,left_mm,2025-7-7 16:05,0,
S1,blue_surface_displacement,2.091111,0,mm,left_mm,2025-7-7 16:05,0,
S1,blue_surface_displacement,2.092222,0,mm,left_mm,2025-7-7 16:05,0,
S1,blue_surface_displacement,2.093333,0,mm,left_mm,2025-7-7 16:05,0,
S1,blue_surface_displacement,2.094444,0,mm,left_mm,2025-7-7 16:05,0,
S1,blue_surface_displacement,2.095556,0,mm,left_mm,2025-7-7 16:05,0,
S1,blue_surface_displacement,2.096667,0,mm,left_mm,2025-7-7 16:05,0,
S1,blue_surface_displacement,2.097778,0,mm,left_mm,2025-7-7 16:05,0,
S1,blue_surface_displacement,2.098889,0,mm,left_mm,2025-7-7 16:05,0,
S1,blue_surface_displacement,2.1,0,mm,left_mm,2025-7-7 16:06,0,
S1,blue_surface_displacement,2.101111,0,mm,left_mm,2025-7-7 16:06,0,
S1,blue_surface_displacement,2.102222,0,mm,left_mm,2025-7-7 16:06,0,
S1,blue_surface_displacement,2.103333,0,mm,left_mm,2025-7-7 16:06,0,
S1,blue_surface_displacement,2.104444,0,mm,left_mm,2025-7-7 16:06,0,
S1,blue_surface_displacement,2.105556,0,mm,left_mm,2025-7-7 16:06,0,
S1,blue_surface_displacement,2.106667,0,mm,left_mm,2025-7-7 16:06,0,
S1,blue_surface_displacement,2.107778,0,mm,left_mm,2025-7-7 16:06,0,
S1,blue_surface_displacement,2.108889,0,mm,left_mm,2025-7-7 16:06,0,
S1,blue_surface_displacement,2.11,0,mm,left_mm,2025-7-7 16:06,0,
S1,blue_surface_displacement,2.111111,0,mm,left_mm,2025-7-7 16:06,0,
S1,blue_surface_displacement,2.112222,0,mm,left_mm,2025-7-7 16:06,0,
S1,blue_surface_displacement,2.113333,0,mm,left_mm,2025-7-7 16:06,0,
S1,blue_surface_displacement,2.114444,0,mm,left_mm,2025-7-7 16:06,0,
S1,blue_surface_displacement,2.115556,0,mm,left_mm,2025-7-7 16:06,0,
S1,blue_surface_displacement,2.116667,0,mm,left_mm,2025-7-7 16:07,0,
S1,blue_surface_displacement,2.117778,0,mm,left_mm,2025-7-7 16:07,0,
S1,blue_surface_displacement,2.118889,0,mm,left_mm,2025-7-7 16:07,0,
S1,blue_surface_displacement,2.12,0,mm,left_mm,2025-7-7 16:07,0,
S1,blue_surface_displacement,2.121111,0,mm,left_mm,2025-7-7 16:07,0,
S1,blue_surface_displacement,2.122222,0,mm,left_mm,2025-7-7 16:07,0,
S1,blue_surface_displacement,2.123333,0,mm,left_mm,2025-7-7 16:07,0,
S1,blue_surface_displacement,2.124444,0,mm,left_mm,2025-7-7 16:07,0,
S1,blue_surface_displacement,2.125556,0,mm,left_mm,2025-7-7 16:07,0,
S1,blue_surface_displacement,2.126667,0,mm,left_mm,2025-7-7 16:07,0,
S1,blue_surface_displacement,2.127778,0,mm,left_mm,2025-7-7 16:07,0,
S1,blue_surface_displacement,2.128889,0,mm,left_mm,2025-7-7 16:07,0,
S1,blue_surface_displacement,2.13,0,mm,left_mm,2025-7-7 16:07,0,
S1,blue_surface_displacement,2.131111,0,mm,left_mm,2025-7-7 16:07,0,
S1,blue_surface_displacement,2.132222,0,mm,left_mm,2025-7-7 16:07,0,
S1,blue_surface_displacement,2.133333,0,mm,left_mm,2025-7-7 16:08,0,
S1,blue_surface_displacement,2.134444,0,mm,left_mm,2025-7-7 16:08,0,
S1,blue_surface_displacement,2.135556,0,mm,left_mm,2025-7-7 16:08,0,
S1,blue_surface_displacement,2.136667,0,mm,left_mm,2025-7-7 16:08,0,
S1,blue_surface_displacement,2.137778,0,mm,left_mm,2025-7-7 16:08,0,
S1,blue_surface_displacement,2.138889,0,mm,left_mm,2025-7-7 16:08,0,
S1,blue_surface_displacement,2.14,0,mm,left_mm,2025-7-7 16:08,0,
S1,blue_surface_displacement,2.141111,0,mm,left_mm,2025-7-7 16:08,0,
S1,blue_surface_displacement,2.142222,0,mm,left_mm,2025-7-7 16:08,0,
S1,blue_surface_displacement,2.143333,0,mm,left_mm,2025-7-7 16:08,0,
S1,blue_surface_displacement,2.144444,0,mm,left_mm,2025-7-7 16:08,0,
S1,blue_surface_displacement,2.145556,0,mm,left_mm,2025-7-7 16:08,0,
S1,blue_surface_displacement,2.146667,0,mm,left_mm,2025-7-7 16:08,0,
S1,blue_surface_displacement,2.147778,0,mm,left_mm,2025-7-7 16:08,0,
S1,blue_surface_displacement,2.148889,0,mm,left_mm,2025-7-7 16:08,0,
S1,blue_surface_displacement,2.15,0,mm,left_mm,2025-7-7 16:09,0,
S1,blue_surface_displacement,2.151111,0,mm,left_mm,2025-7-7 16:09,0,
S1,blue_surface_displacement,2.152222,0,mm,left_mm,2025-7-7 16:09,0,
S1,blue_surface_displacement,2.153333,0,mm,left_mm,2025-7-7 16:09,0,
S1,blue_surface_displacement,2.154444,0,mm,left_mm,2025-7-7 16:09,0,
S1,blue_surface_displacement,2.155556,0,mm,left_mm,2025-7-7 16:09,0,
S1,blue_surface_displacement,2.156667,0,mm,left_mm,2025-7-7 16:09,0,
S1,blue_surface_displacement,2.157778,0,mm,left_mm,2025-7-7 16:09,0,
S1,blue_surface_displacement,2.158889,0,mm,left_mm,2025-7-7 16:09,0,
S1,blue_surface_displacement,2.16,0,mm,left_mm,2025-7-7 16:09,0,
S1,blue_surface_displacement,2.161111,0,mm,left_mm,2025-7-7 16:09,0,
S1,blue_surface_displacement,2.162222,0,mm,left_mm,2025-7-7 16:09,0,
S1,blue_surface_displacement,2.163333,0,mm,left_mm,2025-7-7 16:09,0,
S1,blue_surface_displacement,2.164444,0,mm,left_mm,2025-7-7 16:09,0,
S1,blue_surface_displacement,2.165556,0,mm,left_mm,2025-7-7 16:09,0,
S1,blue_surface_displacement,2.166667,0,mm,left_mm,2025-7-7 16:10,0,
S1,blue_surface_displacement,2.167778,0,mm,left_mm,2025-7-7 16:10,0,
S1,blue_surface_displacement,2.168889,0,mm,left_mm,2025-7-7 16:10,0,
S1,blue_surface_displacement,2.17,0,mm,left_mm,2025-7-7 16:10,0,
S1,blue_surface_displacement,2.171111,0,mm,left_mm,2025-7-7 16:10,0,
S1,blue_surface_displacement,2.172222,0,mm,left_mm,2025-7-7 16:10,0,
S1,blue_surface_displacement,2.173333,0,mm,left_mm,2025-7-7 16:10,0,
S1,blue_surface_displacement,2.174444,0,mm,left_mm,2025-7-7 16:10,0,
S1,blue_surface_displacement,2.175556,0,mm,left_mm,2025-7-7 16:10,0,
S1,blue_surface_displacement,2.176667,0,mm,left_mm,2025-7-7 16:10,0,
S1,blue_surface_displacement,2.177778,0,mm,left_mm,2025-7-7 16:10,0,
S1,blue_surface_displacement,2.178889,0,mm,left_mm,2025-7-7 16:10,0,
S1,blue_surface_displacement,2.18,0,mm,left_mm,2025-7-7 16:10,0,
S1,blue_surface_displacement,2.181111,0,mm,left_mm,2025-7-7 16:10,0,
S1,blue_surface_displacement,2.182222,0,mm,left_mm,2025-7-7 16:10,0,
S1,blue_surface_displacement,2.183333,0,mm,left_mm,2025-7-7 16:11,0,
S1,blue_surface_displacement,2.184444,0,mm,left_mm,2025-7-7 16:11,0,
S1,blue_surface_displacement,2.185556,0,mm,left_mm,2025-7-7 16:11,0,
S1,blue_surface_displacement,2.186667,0,mm,left_mm,2025-7-7 16:11,0,
S1,blue_surface_displacement,2.187778,0,mm,left_mm,2025-7-7 16:11,0,
S1,blue_surface_displacement,2.188889,0,mm,left_mm,2025-7-7 16:11,0,
S1,blue_surface_displacement,2.19,0,mm,left_mm,2025-7-7 16:11,0,
S1,blue_surface_displacement,2.191111,0,mm,left_mm,2025-7-7 16:11,0,
S1,blue_surface_displacement,2.192222,0,mm,left_mm,2025-7-7 16:11,0,
S1,blue_surface_displacement,2.193333,0,mm,left_mm,2025-7-7 16:11,0,
S1,blue_surface_displacement,2.194444,0,mm,left_mm,2025-7-7 16:11,0,
S1,blue_surface_displacement,2.195556,0,mm,left_mm,2025-7-7 16:11,0,
S1,blue_surface_displacement,2.196667,0,mm,left_mm,2025-7-7 16:11,0,
S1,blue_surface_displacement,2.197778,0,mm,left_mm,2025-7-7 16:11,0,
S1,blue_surface_displacement,2.198889,0,mm,left_mm,2025-7-7 16:11,0,
S1,blue_surface_displacement,2.2,0,mm,left_mm,2025-7-7 16:12,0,
S1,blue_surface_displacement,2.201111,0,mm,left_mm,2025-7-7 16:12,0,
S1,blue_surface_displacement,2.202222,0,mm,left_mm,2025-7-7 16:12,0,
S1,blue_surface_displacement,2.203333,0,mm,left_mm,2025-7-7 16:12,0,
S1,blue_surface_displacement,2.204444,0,mm,left_mm,2025-7-7 16:12,0,
S1,blue_surface_displacement,2.205556,0,mm,left_mm,2025-7-7 16:12,0,
S1,blue_surface_displacement,2.206667,0,mm,left_mm,2025-7-7 16:12,0,
S1,blue_surface_displacement,2.207778,0,mm,left_mm,2025-7-7 16:12,0,
S1,blue_surface_displacement,2.208889,0,mm,left_mm,2025-7-7 16:12,0,
S1,blue_surface_displacement,2.21,0,mm,left_mm,2025-7-7 16:12,0,
S1,blue_surface_displacement,2.211111,0,mm,left_mm,2025-7-7 16:12,0,
S1,blue_surface_displacement,2.212222,0,mm,left_mm,2025-7-7 16:12,0,
S1,blue_surface_displacement,2.213333,0,mm,left_mm,2025-7-7 16:12,0,
S1,blue_surface_displacement,2.214444,0,mm,left_mm,2025-7-7 16:12,0,
S1,blue_surface_displacement,2.215556,0,mm,left_mm,2025-7-7 16:12,0,
S1,blue_surface_displacement,2.216667,0,mm,left_mm,2025-7-7 16:13,0,
S1,blue_surface_displacement,2.217778,0,mm,left_mm,2025-7-7 16:13,0,
S1,blue_surface_displacement,2.218889,0,mm,left_mm,2025-7-7 16:13,0,
S1,blue_surface_displacement,2.22,0,mm,left_mm,2025-7-7 16:13,0,
S1,blue_surface_displacement,2.221111,0,mm,left_mm,2025-7-7 16:13,0,
S1,blue_surface_displacement,2.222222,0,mm,left_mm,2025-7-7 16:13,0,
S1,blue_surface_displacement,2.223333,0,mm,left_mm,2025-7-7 16:13,0,
S1,blue_surface_displacement,2.224444,0,mm,left_mm,2025-7-7 16:13,0,
S1,blue_surface_displacement,2.225556,0,mm,left_mm,2025-7-7 16:13,0,
S1,blue_surface_displacement,2.226667,0,mm,left_mm,2025-7-7 16:13,0,
S1,blue_surface_displacement,2.227778,0,mm,left_mm,2025-7-7 16:13,0,
S1,blue_surface_displacement,2.228889,0,mm,left_mm,2025-7-7 16:13,0,
S1,blue_surface_displacement,2.23,0,mm,left_mm,2025-7-7 16:13,0,
S1,blue_surface_displacement,2.231111,0,mm,left_mm,2025-7-7 16:13,0,
S1,blue_surface_displacement,2.232222,0,mm,left_mm,2025-7-7 16:13,0,
S1,blue_surface_displacement,2.233333,0,mm,left_mm,2025-7-7 16:14,0,
S1,blue_surface_displacement,2.234444,0,mm,left_mm,2025-7-7 16:14,0,
S1,blue_surface_displacement,2.235556,0,mm,left_mm,2025-7-7 16:14,0,
S1,blue_surface_displacement,2.236667,0,mm,left_mm,2025-7-7 16:14,0,
S1,blue_surface_displacement,2.237778,0,mm,left_mm,2025-7-7 16:14,0,
S1,blue_surface_displacement,2.238889,0,mm,left_mm,2025-7-7 16:14,0,
S1,blue_surface_displacement,2.24,0,mm,left_mm,2025-7-7 16:14,0,
S1,blue_surface_displacement,2.241111,0,mm,left_mm,2025-7-7 16:14,0,
S1,blue_surface_displacement,2.242222,0,mm,left_mm,2025-7-7 16:14,0,
S1,blue_surface_displacement,2.243333,0,mm,left_mm,2025-7-7 16:14,0,
S1,blue_surface_displacement,2.244444,0,mm,left_mm,2025-7-7 16:14,0,
S1,blue_surface_displacement,2.245556,0,mm,left_mm,2025-7-7 16:14,0,
S1,blue_surface_displacement,2.246667,0,mm,left_mm,2025-7-7 16:14,0,
S1,blue_surface_displacement,2.247778,0,mm,left_mm,2025-7-7 16:14,0,
S1,blue_surface_displacement,2.248889,0,mm,left_mm,2025-7-7 16:14,0,
S1,blue_surface_displacement,2.25,0,mm,left_mm,2025-7-7 16:15,0,
S1,blue_surface_displacement,2.251111,0,mm,left_mm,2025-7-7 16:15,0,
S1,blue_surface_displacement,2.252222,0,mm,left_mm,2025-7-7 16:15,0,
S1,blue_surface_displacement,2.253333,0,mm,left_mm,2025-7-7 16:15,0,
S1,blue_surface_displacement,2.254444,0,mm,left_mm,2025-7-7 16:15,0,
S1,blue_surface_displacement,2.255556,0,mm,left_mm,2025-7-7 16:15,0,
S1,blue_surface_displacement,2.256667,0,mm,left_mm,2025-7-7 16:15,0,
S1,blue_surface_displacement,2.257778,0,mm,left_mm,2025-7-7 16:15,0,
S1,blue_surface_displacement,2.258889,0,mm,left_mm,2025-7-7 16:15,0,
S1,blue_surface_displacement,2.26,0,mm,left_mm,2025-7-7 16:15,0,
S1,blue_surface_displacement,2.261111,0,mm,left_mm,2025-7-7 16:15,0,
S1,blue_surface_displacement,2.262222,0,mm,left_mm,2025-7-7 16:15,0,
S1,blue_surface_displacement,2.263333,0,mm,left_mm,2025-7-7 16:15,0,
S1,blue_surface_displacement,2.264444,0,mm,left_mm,2025-7-7 16:15,0,
S1,blue_surface_displacement,2.265556,0,mm,left_mm,2025-7-7 16:15,0,
S1,blue_surface_displacement,2.266667,0,mm,left_mm,2025-7-7 16:16,0,
S1,blue_surface_displacement,2.267778,0,mm,left_mm,2025-7-7 16:16,0,
S1,blue_surface_displacement,2.268889,0,mm,left_mm,2025-7-7 16:16,0,
S1,blue_surface_displacement,2.27,0,mm,left_mm,2025-7-7 16:16,0,
S1,blue_surface_displacement,2.271111,0,mm,left_mm,2025-7-7 16:16,0,
S1,blue_surface_displacement,2.272222,0,mm,left_mm,2025-7-7 16:16,0,
S1,blue_surface_displacement,2.273333,0,mm,left_mm,2025-7-7 16:16,0,
S1,blue_surface_displacement,2.274444,0,mm,left_mm,2025-7-7 16:16,0,
S1,blue_surface_displacement,2.275556,0,mm,left_mm,2025-7-7 16:16,0,
S1,blue_surface_displacement,2.276667,0,mm,left_mm,2025-7-7 16:16,0,
S1,blue_surface_displacement,2.277778,0,mm,left_mm,2025-7-7 16:16,0,
S1,blue_surface_displacement,2.278889,0,mm,left_mm,2025-7-7 16:16,0,
S1,blue_surface_displacement,2.28,0,mm,left_mm,2025-7-7 16:16,0,
S1,blue_surface_displacement,2.281111,0,mm,left_mm,2025-7-7 16:16,0,
S1,blue_surface_displacement,2.282222,0,mm,left_mm,2025-7-7 16:16,0,
S1,blue_surface_displacement,2.283333,0,mm,left_mm,2025-7-7 16:17,0,
S1,blue_surface_displacement,2.284444,0,mm,left_mm,2025-7-7 16:17,0,
S1,blue_surface_displacement,2.285556,0,mm,left_mm,2025-7-7 16:17,0,
S1,blue_surface_displacement,2.286667,0,mm,left_mm,2025-7-7 16:17,0,
S1,blue_surface_displacement,2.287778,0,mm,left_mm,2025-7-7 16:17,0,
S1,blue_surface_displacement,2.288889,0,mm,left_mm,2025-7-7 16:17,0,
S1,blue_surface_displacement,2.29,0,mm,left_mm,2025-7-7 16:17,0,
S1,blue_surface_displacement,2.291111,0,mm,left_mm,2025-7-7 16:17,0,
S1,blue_surface_displacement,2.292222,0,mm,left_mm,2025-7-7 16:17,0,
S1,blue_surface_displacement,2.293333,0,mm,left_mm,2025-7-7 16:17,0,
S1,blue_surface_displacement,2.294444,0,mm,left_mm,2025-7-7 16:17,0,
S1,blue_surface_displacement,2.295556,0,mm,left_mm,2025-7-7 16:17,0,
S1,blue_surface_displacement,2.296667,0,mm,left_mm,2025-7-7 16:17,0,
S1,blue_surface_displacement,2.297778,0,mm,left_mm,2025-7-7 16:17,0,
S1,blue_surface_displacement,2.298889,0,mm,left_mm,2025-7-7 16:17,0,
S1,blue_surface_displacement,2.3,0,mm,left_mm,2025-7-7 16:18,0,
S1,blue_surface_displacement,2.301111,0,mm,left_mm,2025-7-7 16:18,0,
S1,blue_surface_displacement,2.302222,0,mm,left_mm,2025-7-7 16:18,0,
S1,blue_surface_displacement,2.303333,0,mm,left_mm,2025-7-7 16:18,0,
S1,blue_surface_displacement,2.304444,0,mm,left_mm,2025-7-7 16:18,0,
S1,blue_surface_displacement,2.305556,0,mm,left_mm,2025-7-7 16:18,0,
S1,blue_surface_displacement,2.306667,0,mm,left_mm,2025-7-7 16:18,0,
S1,blue_surface_displacement,2.307778,0,mm,left_mm,2025-7-7 16:18,0,
S1,blue_surface_displacement,2.308889,0,mm,left_mm,2025-7-7 16:18,0,
S1,blue_surface_displacement,2.31,0,mm,left_mm,2025-7-7 16:18,0,
S1,blue_surface_displacement,2.311111,0,mm,left_mm,2025-7-7 16:18,0,
S1,blue_surface_displacement,2.312222,0,mm,left_mm,2025-7-7 16:18,0,
S1,blue_surface_displacement,2.313333,0,mm,left_mm,2025-7-7 16:18,0,
S1,blue_surface_displacement,2.314444,0,mm,left_mm,2025-7-7 16:18,0,
S1,blue_surface_displacement,2.315556,0,mm,left_mm,2025-7-7 16:18,0,
S1,blue_surface_displacement,2.316667,0,mm,left_mm,2025-7-7 16:19,0,
S1,blue_surface_displacement,2.317778,0,mm,left_mm,2025-7-7 16:19,0,
S1,blue_surface_displacement,2.318889,0,mm,left_mm,2025-7-7 16:19,0,
S1,blue_surface_displacement,2.32,0,mm,left_mm,2025-7-7 16:19,0,
S1,blue_surface_displacement,2.321111,0,mm,left_mm,2025-7-7 16:19,0,
S1,blue_surface_displacement,2.322222,0,mm,left_mm,2025-7-7 16:19,0,
S1,blue_surface_displacement,2.323333,0,mm,left_mm,2025-7-7 16:19,0,
S1,blue_surface_displacement,2.324444,0,mm,left_mm,2025-7-7 16:19,0,
S1,blue_surface_displacement,2.325556,0,mm,left_mm,2025-7-7 16:19,0,
S1,blue_surface_displacement,2.326667,0,mm,left_mm,2025-7-7 16:19,0,
S1,blue_surface_displacement,2.327778,0,mm,left_mm,2025-7-7 16:19,0,
S1,blue_surface_displacement,2.328889,0,mm,left_mm,2025-7-7 16:19,0,
S1,blue_surface_displacement,2.33,0,mm,left_mm,2025-7-7 16:19,0,
S1,blue_surface_displacement,2.331111,0,mm,left_mm,2025-7-7 16:19,0,
S1,blue_surface_displacement,2.332222,0,mm,left_mm,2025-7-7 16:19,0,
S1,blue_surface_displacement,2.333333,0,mm,left_mm,2025-7-7 16:20,0,
S1,blue_surface_displacement,2.334444,0,mm,left_mm,2025-7-7 16:20,0,
S1,blue_surface_displacement,2.335556,0,mm,left_mm,2025-7-7 16:20,0,
S1,blue_surface_displacement,2.336667,0,mm,left_mm,2025-7-7 16:20,0,
S1,blue_surface_displacement,2.337778,0,mm,left_mm,2025-7-7 16:20,0,
S1,blue_surface_displacement,2.338889,0,mm,left_mm,2025-7-7 16:20,0,
S1,blue_surface_displacement,2.34,0,mm,left_mm,2025-7-7 16:20,0,
S1,blue_surface_displacement,2.341111,0,mm,left_mm,2025-7-7 16:20,0,
S1,blue_surface_displacement,2.342222,0,mm,left_mm,2025-7-7 16:20,0,
S1,blue_surface_displacement,2.343333,0,mm,left_mm,2025-7-7 16:20,0,
S1,blue_surface_displacement,2.344444,0,mm,left_mm,2025-7-7 16:20,0,
S1,blue_surface_displacement,2.345556,0,mm,left_mm,2025-7-7 16:20,0,
S1,blue_surface_displacement,2.346667,0,mm,left_mm,2025-7-7 16:20,0,
S1,blue_surface_displacement,2.347778,0,mm,left_mm,2025-7-7 16:20,0,
S1,blue_surface_displacement,2.348889,0,mm,left_mm,2025-7-7 16:20,0,
S1,blue_surface_displacement,2.35,0,mm,left_mm,2025-7-7 16:21,0,
S1,blue_surface_displacement,2.351111,0,mm,left_mm,2025-7-7 16:21,0,
S1,blue_surface_displacement,2.352222,0,mm,left_mm,2025-7-7 16:21,0,
S1,blue_surface_displacement,2.353333,0,mm,left_mm,2025-7-7 16:21,0,
S1,blue_surface_displacement,2.354444,0,mm,left_mm,2025-7-7 16:21,0,
S1,blue_surface_displacement,2.355556,0,mm,left_mm,2025-7-7 16:21,0,
S1,blue_surface_displacement,2.356667,0,mm,left_mm,2025-7-7 16:21,0,
S1,blue_surface_displacement,2.357778,0,mm,left_mm,2025-7-7 16:21,0,
S1,blue_surface_displacement,2.358889,0,mm,left_mm,2025-7-7 16:21,0,
S1,blue_surface_displacement,2.36,0,mm,left_mm,2025-7-7 16:21,0,
S1,blue_surface_displacement,2.361111,0,mm,left_mm,2025-7-7 16:21,0,
S1,blue_surface_displacement,2.362222,0,mm,left_mm,2025-7-7 16:21,0,
S1,blue_surface_displacement,2.363333,0,mm,left_mm,2025-7-7 16:21,0,
S1,blue_surface_displacement,2.364444,0,mm,left_mm,2025-7-7 16:21,0,
S1,blue_surface_displacement,2.365556,0,mm,left_mm,2025-7-7 16:21,0,
S1,blue_surface_displacement,2.366667,0,mm,left_mm,2025-7-7 16:22,0,
S1,blue_surface_displacement,2.367778,0,mm,left_mm,2025-7-7 16:22,0,
S1,blue_surface_displacement,2.368889,0,mm,left_mm,2025-7-7 16:22,0,
S1,blue_surface_displacement,2.37,0,mm,left_mm,2025-7-7 16:22,0,
S1,blue_surface_displacement,2.371111,0,mm,left_mm,2025-7-7 16:22,0,
S1,blue_surface_displacement,2.372222,0,mm,left_mm,2025-7-7 16:22,0,
S1,blue_surface_displacement,2.373333,0,mm,left_mm,2025-7-7 16:22,0,
S1,blue_surface_displacement,2.374444,0,mm,left_mm,2025-7-7 16:22,0,
S1,blue_surface_displacement,2.375556,0,mm,left_mm,2025-7-7 16:22,0,
S1,blue_surface_displacement,2.376667,0,mm,left_mm,2025-7-7 16:22,0,
S1,blue_surface_displacement,2.377778,0,mm,left_mm,2025-7-7 16:22,0,
S1,blue_surface_displacement,2.378889,0,mm,left_mm,2025-7-7 16:22,0,
S1,blue_surface_displacement,2.38,0,mm,left_mm,2025-7-7 16:22,0,
S1,blue_surface_displacement,2.381111,0,mm,left_mm,2025-7-7 16:22,0,
S1,blue_surface_displacement,2.382222,0,mm,left_mm,2025-7-7 16:22,0,
S1,blue_surface_displacement,2.383333,0,mm,left_mm,2025-7-7 16:23,0,
S1,blue_surface_displacement,2.384444,0,mm,left_mm,2025-7-7 16:23,0,
S1,blue_surface_displacement,2.385556,0,mm,left_mm,2025-7-7 16:23,0,
S1,blue_surface_displacement,2.386667,0,mm,left_mm,2025-7-7 16:23,0,
S1,blue_surface_displacement,2.387778,0,mm,left_mm,2025-7-7 16:23,0,
S1,blue_surface_displacement,2.388889,0,mm,left_mm,2025-7-7 16:23,0,
S1,blue_surface_displacement,2.39,0,mm,left_mm,2025-7-7 16:23,0,
S1,blue_surface_displacement,2.391111,0,mm,left_mm,2025-7-7 16:23,0,
S1,blue_surface_displacement,2.392222,0,mm,left_mm,2025-7-7 16:23,0,
S1,blue_surface_displacement,2.393333,0,mm,left_mm,2025-7-7 16:23,0,
S1,blue_surface_displacement,2.394444,0,mm,left_mm,2025-7-7 16:23,0,
S1,blue_surface_displacement,2.395556,0,mm,left_mm,2025-7-7 16:23,0,
S1,blue_surface_displacement,2.396667,0,mm,left_mm,2025-7-7 16:23,0,
S1,blue_surface_displacement,2.397778,0,mm,left_mm,2025-7-7 16:23,0,
S1,blue_surface_displacement,2.398889,0,mm,left_mm,2025-7-7 16:23,0,
S1,blue_surface_displacement,2.4,0,mm,left_mm,2025-7-7 16:24,0,
S1,blue_surface_displacement,2.401111,0,mm,left_mm,2025-7-7 16:24,0,
S1,blue_surface_displacement,2.402222,0,mm,left_mm,2025-7-7 16:24,0,
S1,blue_surface_displacement,2.403333,0,mm,left_mm,2025-7-7 16:24,0,
S1,blue_surface_displacement,2.404444,0,mm,left_mm,2025-7-7 16:24,0,
S1,blue_surface_displacement,2.405556,0,mm,left_mm,2025-7-7 16:24,0,
S1,blue_surface_displacement,2.406667,0,mm,left_mm,2025-7-7 16:24,0,
S1,blue_surface_displacement,2.407778,0,mm,left_mm,2025-7-7 16:24,0,
S1,blue_surface_displacement,2.408889,0,mm,left_mm,2025-7-7 16:24,0,
S1,blue_surface_displacement,2.41,0,mm,left_mm,2025-7-7 16:24,0,
S1,blue_surface_displacement,2.411111,0,mm,left_mm,2025-7-7 16:24,0,
S1,blue_surface_displacement,2.412222,0,mm,left_mm,2025-7-7 16:24,0,
S1,blue_surface_displacement,2.413333,0,mm,left_mm,2025-7-7 16:24,0,
S1,blue_surface_displacement,2.414444,0,mm,left_mm,2025-7-7 16:24,0,
S1,blue_surface_displacement,2.415556,0,mm,left_mm,2025-7-7 16:24,0,
S1,blue_surface_displacement,2.416667,0,mm,left_mm,2025-7-7 16:25,0,
S1,blue_surface_displacement,2.417778,0,mm,left_mm,2025-7-7 16:25,0,
S1,blue_surface_displacement,2.418889,0,mm,left_mm,2025-7-7 16:25,0,
S1,blue_surface_displacement,2.42,0,mm,left_mm,2025-7-7 16:25,0,
S1,blue_surface_displacement,2.421111,0,mm,left_mm,2025-7-7 16:25,0,
S1,blue_surface_displacement,2.422222,0,mm,left_mm,2025-7-7 16:25,0,
S1,blue_surface_displacement,2.423333,0,mm,left_mm,2025-7-7 16:25,0,
S1,blue_surface_displacement,2.424444,0,mm,left_mm,2025-7-7 16:25,0,
S1,blue_surface_displacement,2.425556,0,mm,left_mm,2025-7-7 16:25,0,
S1,blue_surface_displacement,2.426667,0,mm,left_mm,2025-7-7 16:25,0,
S1,blue_surface_displacement,2.427778,0,mm,left_mm,2025-7-7 16:25,0,
S1,blue_surface_displacement,2.428889,0,mm,left_mm,2025-7-7 16:25,0,
S1,blue_surface_displacement,2.43,0,mm,left_mm,2025-7-7 16:25,0,
S1,blue_surface_displacement,2.431111,0,mm,left_mm,2025-7-7 16:25,0,
S1,blue_surface_displacement,2.432222,0,mm,left_mm,2025-7-7 16:25,0,
S1,blue_surface_displacement,2.433333,0,mm,left_mm,2025-7-7 16:26,0,
S1,blue_surface_displacement,2.434444,0,mm,left_mm,2025-7-7 16:26,0,
S1,blue_surface_displacement,2.435556,0,mm,left_mm,2025-7-7 16:26,0,
S1,blue_surface_displacement,2.436667,0,mm,left_mm,2025-7-7 16:26,0,
S1,blue_surface_displacement,2.437778,0,mm,left_mm,2025-7-7 16:26,0,
S1,blue_surface_displacement,2.438889,0,mm,left_mm,2025-7-7 16:26,0,
S1,blue_surface_displacement,2.44,0,mm,left_mm,2025-7-7 16:26,0,
S1,blue_surface_displacement,2.441111,0,mm,left_mm,2025-7-7 16:26,0,
S1,blue_surface_displacement,2.442222,0,mm,left_mm,2025-7-7 16:26,0,
S1,blue_surface_displacement,2.443333,0,mm,left_mm,2025-7-7 16:26,0,
S1,blue_surface_displacement,2.444444,0,mm,left_mm,2025-7-7 16:26,0,
S1,blue_surface_displacement,2.445556,0,mm,left_mm,2025-7-7 16:26,0,
S1,blue_surface_displacement,2.446667,0,mm,left_mm,2025-7-7 16:26,0,
S1,blue_surface_displacement,2.447778,0,mm,left_mm,2025-7-7 16:26,0,
S1,blue_surface_displacement,2.448889,0,mm,left_mm,2025-7-7 16:26,0,
S1,blue_surface_displacement,2.45,0,mm,left_mm,2025-7-7 16:27,0,
S1,blue_surface_displacement,2.451111,0,mm,left_mm,2025-7-7 16:27,0,
S1,blue_surface_displacement,2.452222,0,mm,left_mm,2025-7-7 16:27,0,
S1,blue_surface_displacement,2.453333,0,mm,left_mm,2025-7-7 16:27,0,
S1,blue_surface_displacement,2.454444,0,mm,left_mm,2025-7-7 16:27,0,
S1,blue_surface_displacement,2.455556,0,mm,left_mm,2025-7-7 16:27,0,
S1,blue_surface_displacement,2.456667,0,mm,left_mm,2025-7-7 16:27,0,
S1,blue_surface_displacement,2.457778,0,mm,left_mm,2025-7-7 16:27,0,
S1,blue_surface_displacement,2.458889,0,mm,left_mm,2025-7-7 16:27,0,
S1,blue_surface_displacement,2.46,0,mm,left_mm,2025-7-7 16:27,0,
S1,blue_surface_displacement,2.461111,0,mm,left_mm,2025-7-7 16:27,0,
S1,blue_surface_displacement,2.462222,0,mm,left_mm,2025-7-7 16:27,0,
S1,blue_surface_displacement,2.463333,0,mm,left_mm,2025-7-7 16:27,0,
S1,blue_surface_displacement,2.464444,0,mm,left_mm,2025-7-7 16:27,0,
S1,blue_surface_displacement,2.465556,0,mm,left_mm,2025-7-7 16:27,0,
S1,blue_surface_displacement,2.466667,0,mm,left_mm,2025-7-7 16:28,0,
S1,blue_surface_displacement,2.467778,0,mm,left_mm,2025-7-7 16:28,0,
S1,blue_surface_displacement,2.468889,0,mm,left_mm,2025-7-7 16:28,0,
S1,blue_surface_displacement,2.47,0,mm,left_mm,2025-7-7 16:28,0,
S1,blue_surface_displacement,2.471111,0,mm,left_mm,2025-7-7 16:28,0,
S1,blue_surface_displacement,2.472222,0,mm,left_mm,2025-7-7 16:28,0,
S1,blue_surface_displacement,2.473333,0,mm,left_mm,2025-7-7 16:28,0,
S1,blue_surface_displacement,2.474444,0,mm,left_mm,2025-7-7 16:28,0,
S1,blue_surface_displacement,2.475556,0,mm,left_mm,2025-7-7 16:28,0,
S1,blue_surface_displacement,2.476667,0,mm,left_mm,2025-7-7 16:28,0,
S1,blue_surface_displacement,2.477778,0,mm,left_mm,2025-7-7 16:28,0,
S1,blue_surface_displacement,2.478889,0,mm,left_mm,2025-7-7 16:28,0,
S1,blue_surface_displacement,2.48,0,mm,left_mm,2025-7-7 16:28,0,
S1,blue_surface_displacement,2.481111,0,mm,left_mm,2025-7-7 16:28,0,
S1,blue_surface_displacement,2.482222,0,mm,left_mm,2025-7-7 16:28,0,
S1,blue_surface_displacement,2.483333,0,mm,left_mm,2025-7-7 16:29,0,
S1,blue_surface_displacement,2.484444,0,mm,left_mm,2025-7-7 16:29,0,
S1,blue_surface_displacement,2.485556,0,mm,left_mm,2025-7-7 16:29,0,
S1,blue_surface_displacement,2.486667,0,mm,left_mm,2025-7-7 16:29,0,
S1,blue_surface_displacement,2.487778,0,mm,left_mm,2025-7-7 16:29,0,
S1,blue_surface_displacement,2.488889,0,mm,left_mm,2025-7-7 16:29,0,
S1,blue_surface_displacement,2.49,0,mm,left_mm,2025-7-7 16:29,0,
S1,blue_surface_displacement,2.491111,0,mm,left_mm,2025-7-7 16:29,0,
S1,blue_surface_displacement,2.492222,0,mm,left_mm,2025-7-7 16:29,0,
S1,blue_surface_displacement,2.493333,0,mm,left_mm,2025-7-7 16:29,0,
S1,blue_surface_displacement,2.494444,0,mm,left_mm,2025-7-7 16:29,0,
S1,blue_surface_displacement,2.495556,0,mm,left_mm,2025-7-7 16:29,0,
S1,blue_surface_displacement,2.496667,0,mm,left_mm,2025-7-7 16:29,0,
S1,blue_surface_displacement,2.497778,0,mm,left_mm,2025-7-7 16:29,0,
S1,blue_surface_displacement,2.498889,0,mm,left_mm,2025-7-7 16:29,0,
S1,blue_surface_displacement,2.5,0,mm,left_mm,2025-7-7 16:30,0,
S1,blue_surface_displacement,2.501111,0,mm,left_mm,2025-7-7 16:30,0,
S1,blue_surface_displacement,2.502222,0,mm,left_mm,2025-7-7 16:30,0,
S1,blue_surface_displacement,2.503333,0,mm,left_mm,2025-7-7 16:30,0,
S1,blue_surface_displacement,2.504444,0,mm,left_mm,2025-7-7 16:30,0,
S1,blue_surface_displacement,2.505556,0,mm,left_mm,2025-7-7 16:30,0,
S1,blue_surface_displacement,2.506667,0,mm,left_mm,2025-7-7 16:30,0,
S1,blue_surface_displacement,2.507778,0,mm,left_mm,2025-7-7 16:30,0,
S1,blue_surface_displacement,2.508889,0,mm,left_mm,2025-7-7 16:30,0,
S1,blue_surface_displacement,2.51,0,mm,left_mm,2025-7-7 16:30,0,
S1,blue_surface_displacement,2.511111,0,mm,left_mm,2025-7-7 16:30,0,
S1,blue_surface_displacement,2.512222,0,mm,left_mm,2025-7-7 16:30,0,
S1,blue_surface_displacement,2.513333,0,mm,left_mm,2025-7-7 16:30,0,
S1,blue_surface_displacement,2.514444,0,mm,left_mm,2025-7-7 16:30,0,
S1,blue_surface_displacement,2.515556,0,mm,left_mm,2025-7-7 16:30,0,
S1,blue_surface_displacement,2.516667,0,mm,left_mm,2025-7-7 16:31,0,
S1,blue_surface_displacement,2.517778,0,mm,left_mm,2025-7-7 16:31,0,
S1,blue_surface_displacement,2.518889,0,mm,left_mm,2025-7-7 16:31,0,
S1,blue_surface_displacement,2.52,0,mm,left_mm,2025-7-7 16:31,0,
S1,blue_surface_displacement,2.521111,0,mm,left_mm,2025-7-7 16:31,0,
S1,blue_surface_displacement,2.522222,0,mm,left_mm,2025-7-7 16:31,0,
S1,blue_surface_displacement,2.523333,0,mm,left_mm,2025-7-7 16:31,0,
S1,blue_surface_displacement,2.524444,0,mm,left_mm,2025-7-7 16:31,0,
S1,blue_surface_displacement,2.525556,0,mm,left_mm,2025-7-7 16:31,0,
S1,blue_surface_displacement,2.526667,0,mm,left_mm,2025-7-7 16:31,0,
S1,blue_surface_displacement,2.527778,0,mm,left_mm,2025-7-7 16:31,0,
S1,blue_surface_displacement,2.528889,0,mm,left_mm,2025-7-7 16:31,0,
S1,blue_surface_displacement,2.53,0,mm,left_mm,2025-7-7 16:31,0,
S1,blue_surface_displacement,2.531111,0,mm,left_mm,2025-7-7 16:31,0,
S1,blue_surface_displacement,2.532222,0,mm,left_mm,2025-7-7 16:31,0,
S1,blue_surface_displacement,2.533333,0,mm,left_mm,2025-7-7 16:32,0,
S1,blue_surface_displacement,2.534444,0,mm,left_mm,2025-7-7 16:32,0,
S1,blue_surface_displacement,2.535556,0,mm,left_mm,2025-7-7 16:32,0,
S1,blue_surface_displacement,2.536667,0,mm,left_mm,2025-7-7 16:32,0,
S1,blue_surface_displacement,2.537778,0,mm,left_mm,2025-7-7 16:32,0,
S1,blue_surface_displacement,2.538889,0,mm,left_mm,2025-7-7 16:32,0,
S1,blue_surface_displacement,2.54,0,mm,left_mm,2025-7-7 16:32,0,
S1,blue_surface_displacement,2.541111,0,mm,left_mm,2025-7-7 16:32,0,
S1,blue_surface_displacement,2.542222,0,mm,left_mm,2025-7-7 16:32,0,
S1,blue_surface_displacement,2.543333,0,mm,left_mm,2025-7-7 16:32,0,
S1,blue_surface_displacement,2.544444,0,mm,left_mm,2025-7-7 16:32,0,
S1,blue_surface_displacement,2.545556,0,mm,left_mm,2025-7-7 16:32,0,
S1,blue_surface_displacement,2.546667,0,mm,left_mm,2025-7-7 16:32,0,
S1,blue_surface_displacement,2.547778,0,mm,left_mm,2025-7-7 16:32,0,
S1,blue_surface_displacement,2.548889,0,mm,left_mm,2025-7-7 16:32,0,
S1,blue_surface_displacement,2.55,0,mm,left_mm,2025-7-7 16:33,0,
S1,blue_surface_displacement,2.551111,0,mm,left_mm,2025-7-7 16:33,0,
S1,blue_surface_displacement,2.552222,0,mm,left_mm,2025-7-7 16:33,0,
S1,blue_surface_displacement,2.553333,0,mm,left_mm,2025-7-7 16:33,0,
S1,blue_surface_displacement,2.554444,0,mm,left_mm,2025-7-7 16:33,0,
S1,blue_surface_displacement,2.555556,0,mm,left_mm,2025-7-7 16:33,0,
S1,blue_surface_displacement,2.556667,0,mm,left_mm,2025-7-7 16:33,0,
S1,blue_surface_displacement,2.557778,0,mm,left_mm,2025-7-7 16:33,0,
S1,blue_surface_displacement,2.558889,0,mm,left_mm,2025-7-7 16:33,0,
S1,blue_surface_displacement,2.56,0,mm,left_mm,2025-7-7 16:33,0,
S1,blue_surface_displacement,2.561111,0,mm,left_mm,2025-7-7 16:33,0,
S1,blue_surface_displacement,2.562222,0,mm,left_mm,2025-7-7 16:33,0,
S1,blue_surface_displacement,2.563333,0,mm,left_mm,2025-7-7 16:33,0,
S1,blue_surface_displacement,2.564444,0,mm,left_mm,2025-7-7 16:33,0,
S1,blue_surface_displacement,2.565556,0,mm,left_mm,2025-7-7 16:33,0,
S1,blue_surface_displacement,2.566667,0,mm,left_mm,2025-7-7 16:34,0,
S1,blue_surface_displacement,2.567778,0,mm,left_mm,2025-7-7 16:34,0,
S1,blue_surface_displacement,2.568889,0,mm,left_mm,2025-7-7 16:34,0,
S1,blue_surface_displacement,2.57,0,mm,left_mm,2025-7-7 16:34,0,
S1,blue_surface_displacement,2.571111,0,mm,left_mm,2025-7-7 16:34,0,
S1,blue_surface_displacement,2.572222,0,mm,left_mm,2025-7-7 16:34,0,
S1,blue_surface_displacement,2.573333,0,mm,left_mm,2025-7-7 16:34,0,
S1,blue_surface_displacement,2.574444,0,mm,left_mm,2025-7-7 16:34,0,
S1,blue_surface_displacement,2.575556,0,mm,left_mm,2025-7-7 16:34,0,
S1,blue_surface_displacement,2.576667,0,mm,left_mm,2025-7-7 16:34,0,
S1,blue_surface_displacement,2.577778,0,mm,left_mm,2025-7-7 16:34,0,
S1,blue_surface_displacement,2.578889,0,mm,left_mm,2025-7-7 16:34,0,
S1,blue_surface_displacement,2.58,0,mm,left_mm,2025-7-7 16:34,0,
S1,blue_surface_displacement,2.581111,0,mm,left_mm,2025-7-7 16:34,0,
S1,blue_surface_displacement,2.582222,0,mm,left_mm,2025-7-7 16:34,0,
S1,blue_surface_displacement,2.583333,0,mm,left_mm,2025-7-7 16:35,0,
S1,blue_surface_displacement,2.584444,0,mm,left_mm,2025-7-7 16:35,0,
S1,blue_surface_displacement,2.585556,0,mm,left_mm,2025-7-7 16:35,0,
S1,blue_surface_displacement,2.586667,0,mm,left_mm,2025-7-7 16:35,0,
S1,blue_surface_displacement,2.587778,0,mm,left_mm,2025-7-7 16:35,0,
S1,blue_surface_displacement,2.588889,0,mm,left_mm,2025-7-7 16:35,0,
S1,blue_surface_displacement,2.59,0,mm,left_mm,2025-7-7 16:35,0,
S1,blue_surface_displacement,2.591111,0,mm,left_mm,2025-7-7 16:35,0,
S1,blue_surface_displacement,2.592222,0,mm,left_mm,2025-7-7 16:35,0,
S1,blue_surface_displacement,2.593333,0,mm,left_mm,2025-7-7 16:35,0,
S1,blue_surface_displacement,2.594444,0,mm,left_mm,2025-7-7 16:35,0,
S1,blue_surface_displacement,2.595556,0,mm,left_mm,2025-7-7 16:35,0,
S1,blue_surface_displacement,2.596667,0,mm,left_mm,2025-7-7 16:35,0,
S1,blue_surface_displacement,2.597778,0,mm,left_mm,2025-7-7 16:35,0,
S1,blue_surface_displacement,2.598889,0,mm,left_mm,2025-7-7 16:35,0,
S1,blue_surface_displacement,2.6,0,mm,left_mm,2025-7-7 16:36,0,
S1,blue_surface_displacement,2.601111,0,mm,left_mm,2025-7-7 16:36,0,
S1,blue_surface_displacement,2.602222,0,mm,left_mm,2025-7-7 16:36,0,
S1,blue_surface_displacement,2.603333,0,mm,left_mm,2025-7-7 16:36,0,
S1,blue_surface_displacement,2.604444,0,mm,left_mm,2025-7-7 16:36,0,
S1,blue_surface_displacement,2.605556,0,mm,left_mm,2025-7-7 16:36,0,
S1,blue_surface_displacement,2.606667,0,mm,left_mm,2025-7-7 16:36,0,
S1,blue_surface_displacement,2.607778,0,mm,left_mm,2025-7-7 16:36,0,
S1,blue_surface_displacement,2.608889,0,mm,left_mm,2025-7-7 16:36,0,
S1,blue_surface_displacement,2.61,0,mm,left_mm,2025-7-7 16:36,0,
S1,blue_surface_displacement,2.611111,0,mm,left_mm,2025-7-7 16:36,0,
S1,blue_surface_displacement,2.612222,0,mm,left_mm,2025-7-7 16:36,0,
S1,blue_surface_displacement,2.613333,0,mm,left_mm,2025-7-7 16:36,0,
S1,blue_surface_displacement,2.614444,0,mm,left_mm,2025-7-7 16:36,0,
S1,blue_surface_displacement,2.615556,0,mm,left_mm,2025-7-7 16:36,0,
S1,blue_surface_displacement,2.616667,0,mm,left_mm,2025-7-7 16:37,0,
S1,blue_surface_displacement,2.617778,0,mm,left_mm,2025-7-7 16:37,0,
S1,blue_surface_displacement,2.618889,0,mm,left_mm,2025-7-7 16:37,0,
S1,blue_surface_displacement,2.62,0,mm,left_mm,2025-7-7 16:37,0,
S1,blue_surface_displacement,2.621111,0,mm,left_mm,2025-7-7 16:37,0,
S1,blue_surface_displacement,2.622222,0,mm,left_mm,2025-7-7 16:37,0,
S1,blue_surface_displacement,2.623333,0,mm,left_mm,2025-7-7 16:37,0,
S1,blue_surface_displacement,2.624444,0,mm,left_mm,2025-7-7 16:37,0,
S1,blue_surface_displacement,2.625556,0,mm,left_mm,2025-7-7 16:37,0,
S1,blue_surface_displacement,2.626667,0,mm,left_mm,2025-7-7 16:37,0,
S1,blue_surface_displacement,2.627778,0,mm,left_mm,2025-7-7 16:37,0,
S1,blue_surface_displacement,2.628889,0,mm,left_mm,2025-7-7 16:37,0,
S1,blue_surface_displacement,2.63,0,mm,left_mm,2025-7-7 16:37,0,
S1,blue_surface_displacement,2.631111,0,mm,left_mm,2025-7-7 16:37,0,
S1,blue_surface_displacement,2.632222,0,mm,left_mm,2025-7-7 16:37,0,
S1,blue_surface_displacement,2.633333,0,mm,left_mm,2025-7-7 16:38,0,
S1,blue_surface_displacement,2.634444,0,mm,left_mm,2025-7-7 16:38,0,
S1,blue_surface_displacement,2.635556,0,mm,left_mm,2025-7-7 16:38,0,
S1,blue_surface_displacement,2.636667,0,mm,left_mm,2025-7-7 16:38,0,
S1,blue_surface_displacement,2.637778,0,mm,left_mm,2025-7-7 16:38,0,
S1,blue_surface_displacement,2.638889,0,mm,left_mm,2025-7-7 16:38,0,
S1,blue_surface_displacement,2.64,0,mm,left_mm,2025-7-7 16:38,0,
S1,blue_surface_displacement,2.641111,0,mm,left_mm,2025-7-7 16:38,0,
S1,blue_surface_displacement,2.642222,0,mm,left_mm,2025-7-7 16:38,0,
S1,blue_surface_displacement,2.643333,0,mm,left_mm,2025-7-7 16:38,0,
S1,blue_surface_displacement,2.644444,0,mm,left_mm,2025-7-7 16:38,0,
S1,blue_surface_displacement,2.645556,0,mm,left_mm,2025-7-7 16:38,0,
S1,blue_surface_displacement,2.646667,0,mm,left_mm,2025-7-7 16:38,0,
S1,blue_surface_displacement,2.647778,0,mm,left_mm,2025-7-7 16:38,0,
S1,blue_surface_displacement,2.648889,0,mm,left_mm,2025-7-7 16:38,0,
S1,blue_surface_displacement,2.65,0,mm,left_mm,2025-7-7 16:39,0,
S1,blue_surface_displacement,2.651111,0,mm,left_mm,2025-7-7 16:39,0,
S1,blue_surface_displacement,2.652222,0,mm,left_mm,2025-7-7 16:39,0,
S1,blue_surface_displacement,2.653333,0,mm,left_mm,2025-7-7 16:39,0,
S1,blue_surface_displacement,2.654444,0,mm,left_mm,2025-7-7 16:39,0,
S1,blue_surface_displacement,2.655556,0,mm,left_mm,2025-7-7 16:39,0,
S1,blue_surface_displacement,2.656667,0,mm,left_mm,2025-7-7 16:39,0,
S1,blue_surface_displacement,2.657778,0,mm,left_mm,2025-7-7 16:39,0,
S1,blue_surface_displacement,2.658889,0,mm,left_mm,2025-7-7 16:39,0,
S1,blue_surface_displacement,2.66,0,mm,left_mm,2025-7-7 16:39,0,
S1,blue_surface_displacement,2.661111,0,mm,left_mm,2025-7-7 16:39,0,
S1,blue_surface_displacement,2.662222,0,mm,left_mm,2025-7-7 16:39,0,
S1,blue_surface_displacement,2.663333,0,mm,left_mm,2025-7-7 16:39,0,
S1,blue_surface_displacement,2.664444,0,mm,left_mm,2025-7-7 16:39,0,
S1,blue_surface_displacement,2.665556,0,mm,left_mm,2025-7-7 16:39,0,
S1,blue_surface_displacement,2.666667,0,mm,left_mm,2025-7-7 16:40,0,
S1,blue_surface_displacement,2.667778,0,mm,left_mm,2025-7-7 16:40,0,
S1,blue_surface_displacement,2.668889,0,mm,left_mm,2025-7-7 16:40,0,
S1,blue_surface_displacement,2.67,0,mm,left_mm,2025-7-7 16:40,0,
S1,blue_surface_displacement,2.671111,0,mm,left_mm,2025-7-7 16:40,0,
S1,blue_surface_displacement,2.672222,0,mm,left_mm,2025-7-7 16:40,0,
S1,blue_surface_displacement,2.673333,0,mm,left_mm,2025-7-7 16:40,0,
S1,blue_surface_displacement,2.674444,0,mm,left_mm,2025-7-7 16:40,0,
S1,blue_surface_displacement,2.675556,0,mm,left_mm,2025-7-7 16:40,0,
S1,blue_surface_displacement,2.676667,0,mm,left_mm,2025-7-7 16:40,0,
S1,blue_surface_displacement,2.677778,0,mm,left_mm,2025-7-7 16:40,0,
S1,blue_surface_displacement,2.678889,0,mm,left_mm,2025-7-7 16:40,0,
S1,blue_surface_displacement,2.68,0,mm,left_mm,2025-7-7 16:40,0,
S1,blue_surface_displacement,2.681111,0,mm,left_mm,2025-7-7 16:40,0,
S1,blue_surface_displacement,2.682222,0,mm,left_mm,2025-7-7 16:40,0,
S1,blue_surface_displacement,2.683333,0,mm,left_mm,2025-7-7 16:41,0,
S1,blue_surface_displacement,2.684444,0,mm,left_mm,2025-7-7 16:41,0,
S1,blue_surface_displacement,2.685556,0,mm,left_mm,2025-7-7 16:41,0,
S1,blue_surface_displacement,2.686667,0,mm,left_mm,2025-7-7 16:41,0,
S1,blue_surface_displacement,2.687778,0,mm,left_mm,2025-7-7 16:41,0,
S1,blue_surface_displacement,2.688889,0,mm,left_mm,2025-7-7 16:41,0,
S1,blue_surface_displacement,2.69,0,mm,left_mm,2025-7-7 16:41,0,
S1,blue_surface_displacement,2.691111,0,mm,left_mm,2025-7-7 16:41,0,
S1,blue_surface_displacement,2.692222,0,mm,left_mm,2025-7-7 16:41,0,
S1,blue_surface_displacement,2.693333,0,mm,left_mm,2025-7-7 16:41,0,
S1,blue_surface_displacement,2.694444,0,mm,left_mm,2025-7-7 16:41,0,
S1,blue_surface_displacement,2.695556,0,mm,left_mm,2025-7-7 16:41,0,
S1,blue_surface_displacement,2.696667,0,mm,left_mm,2025-7-7 16:41,0,
S1,blue_surface_displacement,2.697778,0,mm,left_mm,2025-7-7 16:41,0,
S1,blue_surface_displacement,2.698889,0,mm,left_mm,2025-7-7 16:41,0,
S1,blue_surface_displacement,2.7,0,mm,left_mm,2025-7-7 16:42,0,
S1,blue_surface_displacement,2.701111,0,mm,left_mm,2025-7-7 16:42,0,
S1,blue_surface_displacement,2.702222,0,mm,left_mm,2025-7-7 16:42,0,
S1,blue_surface_displacement,2.703333,0,mm,left_mm,2025-7-7 16:42,0,
S1,blue_surface_displacement,2.704444,0,mm,left_mm,2025-7-7 16:42,0,
S1,blue_surface_displacement,2.705556,0,mm,left_mm,2025-7-7 16:42,0,
S1,blue_surface_displacement,2.706667,0,mm,left_mm,2025-7-7 16:42,0,
S1,blue_surface_displacement,2.707778,0,mm,left_mm,2025-7-7 16:42,0,
S1,blue_surface_displacement,2.708889,0,mm,left_mm,2025-7-7 16:42,0,
S1,blue_surface_displacement,2.71,0,mm,left_mm,2025-7-7 16:42,0,
S1,blue_surface_displacement,2.711111,0,mm,left_mm,2025-7-7 16:42,0,
S1,blue_surface_displacement,2.712222,0,mm,left_mm,2025-7-7 16:42,0,
S1,blue_surface_displacement,2.713333,0,mm,left_mm,2025-7-7 16:42,0,
S1,blue_surface_displacement,2.714444,0,mm,left_mm,2025-7-7 16:42,0,
S1,blue_surface_displacement,2.715556,0,mm,left_mm,2025-7-7 16:42,0,
S1,blue_surface_displacement,2.716667,0,mm,left_mm,2025-7-7 16:43,0,
S1,blue_surface_displacement,2.717778,0,mm,left_mm,2025-7-7 16:43,0,
S1,blue_surface_displacement,2.718889,0,mm,left_mm,2025-7-7 16:43,0,
S1,blue_surface_displacement,2.72,0,mm,left_mm,2025-7-7 16:43,0,
S1,blue_surface_displacement,2.721111,0,mm,left_mm,2025-7-7 16:43,0,
S1,blue_surface_displacement,2.722222,0,mm,left_mm,2025-7-7 16:43,0,
S1,blue_surface_displacement,2.723333,0,mm,left_mm,2025-7-7 16:43,0,
S1,blue_surface_displacement,2.724444,0,mm,left_mm,2025-7-7 16:43,0,
S1,blue_surface_displacement,2.725556,0,mm,left_mm,2025-7-7 16:43,0,
S1,blue_surface_displacement,2.726667,0,mm,left_mm,2025-7-7 16:43,0,
S1,blue_surface_displacement,2.727778,0,mm,left_mm,2025-7-7 16:43,0,
S1,blue_surface_displacement,2.728889,0,mm,left_mm,2025-7-7 16:43,0,
S1,blue_surface_displacement,2.73,0,mm,left_mm,2025-7-7 16:43,0,
S1,blue_surface_displacement,2.731111,0,mm,left_mm,2025-7-7 16:43,0,
S1,blue_surface_displacement,2.732222,0,mm,left_mm,2025-7-7 16:43,0,
S1,blue_surface_displacement,2.733333,0,mm,left_mm,2025-7-7 16:44,0,
S1,blue_surface_displacement,2.734444,0,mm,left_mm,2025-7-7 16:44,0,
S1,blue_surface_displacement,2.735556,0,mm,left_mm,2025-7-7 16:44,0,
S1,blue_surface_displacement,2.736667,0,mm,left_mm,2025-7-7 16:44,0,
S1,blue_surface_displacement,2.737778,0,mm,left_mm,2025-7-7 16:44,0,
S1,blue_surface_displacement,2.738889,0,mm,left_mm,2025-7-7 16:44,0,
S1,blue_surface_displacement,2.74,0,mm,left_mm,2025-7-7 16:44,0,
S1,blue_surface_displacement,2.741111,0,mm,left_mm,2025-7-7 16:44,0,
S1,blue_surface_displacement,2.742222,0,mm,left_mm,2025-7-7 16:44,0,
S1,blue_surface_displacement,2.743333,0,mm,left_mm,2025-7-7 16:44,0,
S1,blue_surface_displacement,2.744444,0,mm,left_mm,2025-7-7 16:44,0,
S1,blue_surface_displacement,2.745556,0,mm,left_mm,2025-7-7 16:44,0,
S1,blue_surface_displacement,2.746667,0,mm,left_mm,2025-7-7 16:44,0,
S1,blue_surface_displacement,2.747778,0,mm,left_mm,2025-7-7 16:44,0,
S1,blue_surface_displacement,2.748889,0,mm,left_mm,2025-7-7 16:44,0,
S1,blue_surface_displacement,2.75,0,mm,left_mm,2025-7-7 16:45,0,
S1,blue_surface_displacement,2.751111,0,mm,left_mm,2025-7-7 16:45,0,
S1,blue_surface_displacement,2.752222,0,mm,left_mm,2025-7-7 16:45,0,
S1,blue_surface_displacement,2.753333,0,mm,left_mm,2025-7-7 16:45,0,
S1,blue_surface_displacement,2.754444,0,mm,left_mm,2025-7-7 16:45,0,
S1,blue_surface_displacement,2.755556,0,mm,left_mm,2025-7-7 16:45,0,
S1,blue_surface_displacement,2.756667,0,mm,left_mm,2025-7-7 16:45,0,
S1,blue_surface_displacement,2.757778,0,mm,left_mm,2025-7-7 16:45,0,
S1,blue_surface_displacement,2.758889,0,mm,left_mm,2025-7-7 16:45,0,
S1,blue_surface_displacement,2.76,0,mm,left_mm,2025-7-7 16:45,0,
S1,blue_surface_displacement,2.761111,0,mm,left_mm,2025-7-7 16:45,0,
S1,blue_surface_displacement,2.762222,0,mm,left_mm,2025-7-7 16:45,0,
S1,blue_surface_displacement,2.763333,0,mm,left_mm,2025-7-7 16:45,0,
S1,blue_surface_displacement,2.764444,0,mm,left_mm,2025-7-7 16:45,0,
S1,blue_surface_displacement,2.765556,0,mm,left_mm,2025-7-7 16:45,0,
S1,blue_surface_displacement,2.766667,0,mm,left_mm,2025-7-7 16:46,0,
S1,blue_surface_displacement,2.767778,0,mm,left_mm,2025-7-7 16:46,0,
S1,blue_surface_displacement,2.768889,0,mm,left_mm,2025-7-7 16:46,0,
S1,blue_surface_displacement,2.77,0,mm,left_mm,2025-7-7 16:46,0,
S1,blue_surface_displacement,2.771111,0,mm,left_mm,2025-7-7 16:46,0,
S1,blue_surface_displacement,2.772222,0,mm,left_mm,2025-7-7 16:46,0,
S1,blue_surface_displacement,2.773333,0,mm,left_mm,2025-7-7 16:46,0,
S1,blue_surface_displacement,2.774444,0,mm,left_mm,2025-7-7 16:46,0,
S1,blue_surface_displacement,2.775556,0,mm,left_mm,2025-7-7 16:46,0,
S1,blue_surface_displacement,2.776667,0,mm,left_mm,2025-7-7 16:46,0,
S1,blue_surface_displacement,2.777778,0,mm,left_mm,2025-7-7 16:46,0,
S1,blue_surface_displacement,2.778889,0,mm,left_mm,2025-7-7 16:46,0,
S1,blue_surface_displacement,2.78,0,mm,left_mm,2025-7-7 16:46,0,
S1,blue_surface_displacement,2.781111,0,mm,left_mm,2025-7-7 16:46,0,
S1,blue_surface_displacement,2.782222,0,mm,left_mm,2025-7-7 16:46,0,
S1,blue_surface_displacement,2.783333,0,mm,left_mm,2025-7-7 16:47,0,
S1,blue_surface_displacement,2.784444,0,mm,left_mm,2025-7-7 16:47,0,
S1,blue_surface_displacement,2.785556,0,mm,left_mm,2025-7-7 16:47,0,
S1,blue_surface_displacement,2.786667,0,mm,left_mm,2025-7-7 16:47,0,
S1,blue_surface_displacement,2.787778,0,mm,left_mm,2025-7-7 16:47,0,
S1,blue_surface_displacement,2.788889,0,mm,left_mm,2025-7-7 16:47,0,
S1,blue_surface_displacement,2.79,0,mm,left_mm,2025-7-7 16:47,0,
S1,blue_surface_displacement,2.791111,0,mm,left_mm,2025-7-7 16:47,0,
S1,blue_surface_displacement,2.792222,0,mm,left_mm,2025-7-7 16:47,0,
S1,blue_surface_displacement,2.793333,0,mm,left_mm,2025-7-7 16:47,0,
S1,blue_surface_displacement,2.794444,0,mm,left_mm,2025-7-7 16:47,0,
S1,blue_surface_displacement,2.795556,0,mm,left_mm,2025-7-7 16:47,0,
S1,blue_surface_displacement,2.796667,0,mm,left_mm,2025-7-7 16:47,0,
S1,blue_surface_displacement,2.797778,0,mm,left_mm,2025-7-7 16:47,0,
S1,blue_surface_displacement,2.798889,0,mm,left_mm,2025-7-7 16:47,0,
S1,blue_surface_displacement,2.8,0,mm,left_mm,2025-7-7 16:48,0,
S1,blue_surface_displacement,2.801111,0,mm,left_mm,2025-7-7 16:48,0,
S1,blue_surface_displacement,2.802222,0,mm,left_mm,2025-7-7 16:48,0,
S1,blue_surface_displacement,2.803333,0,mm,left_mm,2025-7-7 16:48,0,
S1,blue_surface_displacement,2.804444,0,mm,left_mm,2025-7-7 16:48,0,
S1,blue_surface_displacement,2.805556,0,mm,left_mm,2025-7-7 16:48,0,
S1,blue_surface_displacement,2.806667,0,mm,left_mm,2025-7-7 16:48,0,
S1,blue_surface_displacement,2.807778,0,mm,left_mm,2025-7-7 16:48,0,
S1,blue_surface_displacement,2.808889,0,mm,left_mm,2025-7-7 16:48,0,
S1,blue_surface_displacement,2.81,0,mm,left_mm,2025-7-7 16:48,0,
S1,blue_surface_displacement,2.811111,0,mm,left_mm,2025-7-7 16:48,0,
S1,blue_surface_displacement,2.812222,0,mm,left_mm,2025-7-7 16:48,0,
S1,blue_surface_displacement,2.813333,0,mm,left_mm,2025-7-7 16:48,0,
S1,blue_surface_displacement,2.814444,0,mm,left_mm,2025-7-7 16:48,0,
S1,blue_surface_displacement,2.815556,0,mm,left_mm,2025-7-7 16:48,0,
S1,blue_surface_displacement,2.816667,0,mm,left_mm,2025-7-7 16:49,0,
S1,blue_surface_displacement,2.817778,0,mm,left_mm,2025-7-7 16:49,0,
S1,blue_surface_displacement,2.818889,0,mm,left_mm,2025-7-7 16:49,0,
S1,blue_surface_displacement,2.82,0,mm,left_mm,2025-7-7 16:49,0,
S1,blue_surface_displacement,2.821111,0,mm,left_mm,2025-7-7 16:49,0,
S1,blue_surface_displacement,2.822222,0,mm,left_mm,2025-7-7 16:49,0,
S1,blue_surface_displacement,2.823333,0,mm,left_mm,2025-7-7 16:49,0,
S1,blue_surface_displacement,2.824444,0,mm,left_mm,2025-7-7 16:49,0,
S1,blue_surface_displacement,2.825556,0,mm,left_mm,2025-7-7 16:49,0,
S1,blue_surface_displacement,2.826667,0,mm,left_mm,2025-7-7 16:49,0,
S1,blue_surface_displacement,2.827778,0,mm,left_mm,2025-7-7 16:49,0,
S1,blue_surface_displacement,2.828889,0,mm,left_mm,2025-7-7 16:49,0,
S1,blue_surface_displacement,2.83,0,mm,left_mm,2025-7-7 16:49,0,
S1,blue_surface_displacement,2.831111,0,mm,left_mm,2025-7-7 16:49,0,
S1,blue_surface_displacement,2.832222,0,mm,left_mm,2025-7-7 16:49,0,
S1,blue_surface_displacement,2.833333,0,mm,left_mm,2025-7-7 16:50,0,
S1,blue_surface_displacement,2.834444,0,mm,left_mm,2025-7-7 16:50,0,
S1,blue_surface_displacement,2.835556,0,mm,left_mm,2025-7-7 16:50,0,
S1,blue_surface_displacement,2.836667,0,mm,left_mm,2025-7-7 16:50,0,
S1,blue_surface_displacement,2.837778,0,mm,left_mm,2025-7-7 16:50,0,
S1,blue_surface_displacement,2.838889,0,mm,left_mm,2025-7-7 16:50,0,
S1,blue_surface_displacement,2.84,0,mm,left_mm,2025-7-7 16:50,0,
S1,blue_surface_displacement,2.841111,0,mm,left_mm,2025-7-7 16:50,0,
S1,blue_surface_displacement,2.842222,0,mm,left_mm,2025-7-7 16:50,0,
S1,blue_surface_displacement,2.843333,0,mm,left_mm,2025-7-7 16:50,0,
S1,blue_surface_displacement,2.844444,0,mm,left_mm,2025-7-7 16:50,0,
S1,blue_surface_displacement,2.845556,0,mm,left_mm,2025-7-7 16:50,0,
S1,blue_surface_displacement,2.846667,0,mm,left_mm,2025-7-7 16:50,0,
S1,blue_surface_displacement,2.847778,0,mm,left_mm,2025-7-7 16:50,0,
S1,blue_surface_displacement,2.848889,0,mm,left_mm,2025-7-7 16:50,0,
S1,blue_surface_displacement,2.85,0,mm,left_mm,2025-7-7 16:51,0,
S1,blue_surface_displacement,2.851111,0,mm,left_mm,2025-7-7 16:51,0,
S1,blue_surface_displacement,2.852222,0,mm,left_mm,2025-7-7 16:51,0,
S1,blue_surface_displacement,2.853333,0,mm,left_mm,2025-7-7 16:51,0,
S1,blue_surface_displacement,2.854444,0,mm,left_mm,2025-7-7 16:51,0,
S1,blue_surface_displacement,2.855556,0,mm,left_mm,2025-7-7 16:51,0,
S1,blue_surface_displacement,2.856667,0,mm,left_mm,2025-7-7 16:51,0,
S1,blue_surface_displacement,2.857778,0,mm,left_mm,2025-7-7 16:51,0,
S1,blue_surface_displacement,2.858889,0,mm,left_mm,2025-7-7 16:51,0,
S1,blue_surface_displacement,2.86,0,mm,left_mm,2025-7-7 16:51,0,
S1,blue_surface_displacement,2.861111,0,mm,left_mm,2025-7-7 16:51,0,
S1,blue_surface_displacement,2.862222,0,mm,left_mm,2025-7-7 16:51,0,
S1,blue_surface_displacement,2.863333,0,mm,left_mm,2025-7-7 16:51,0,
S1,blue_surface_displacement,2.864444,0,mm,left_mm,2025-7-7 16:51,0,
S1,blue_surface_displacement,2.865556,0,mm,left_mm,2025-7-7 16:51,0,
S1,blue_surface_displacement,2.866667,0,mm,left_mm,2025-7-7 16:52,0,
S1,blue_surface_displacement,2.867778,0,mm,left_mm,2025-7-7 16:52,0,
S1,blue_surface_displacement,2.868889,0,mm,left_mm,2025-7-7 16:52,0,
S1,blue_surface_displacement,2.87,0,mm,left_mm,2025-7-7 16:52,0,
S1,blue_surface_displacement,2.871111,0,mm,left_mm,2025-7-7 16:52,0,
S1,blue_surface_displacement,2.872222,0,mm,left_mm,2025-7-7 16:52,0,
S1,blue_surface_displacement,2.873333,0,mm,left_mm,2025-7-7 16:52,0,
S1,blue_surface_displacement,2.874444,0,mm,left_mm,2025-7-7 16:52,0,
S1,blue_surface_displacement,2.875556,0,mm,left_mm,2025-7-7 16:52,0,
S1,blue_surface_displacement,2.876667,0,mm,left_mm,2025-7-7 16:52,0,
S1,blue_surface_displacement,2.877778,0,mm,left_mm,2025-7-7 16:52,0,
S1,blue_surface_displacement,2.878889,0,mm,left_mm,2025-7-7 16:52,0,
S1,blue_surface_displacement,2.88,0,mm,left_mm,2025-7-7 16:52,0,
S1,blue_surface_displacement,2.881111,0,mm,left_mm,2025-7-7 16:52,0,
S1,blue_surface_displacement,2.882222,0,mm,left_mm,2025-7-7 16:52,0,
S1,blue_surface_displacement,2.883333,0,mm,left_mm,2025-7-7 16:53,0,
S1,blue_surface_displacement,2.884444,0,mm,left_mm,2025-7-7 16:53,0,
S1,blue_surface_displacement,2.885556,0,mm,left_mm,2025-7-7 16:53,0,
S1,blue_surface_displacement,2.886667,0,mm,left_mm,2025-7-7 16:53,0,
S1,blue_surface_displacement,2.887778,0,mm,left_mm,2025-7-7 16:53,0,
S1,blue_surface_displacement,2.888889,0,mm,left_mm,2025-7-7 16:53,0,
S1,blue_surface_displacement,2.89,0,mm,left_mm,2025-7-7 16:53,0,
S1,blue_surface_displacement,2.891111,0,mm,left_mm,2025-7-7 16:53,0,
S1,blue_surface_displacement,2.892222,0,mm,left_mm,2025-7-7 16:53,0,
S1,blue_surface_displacement,2.893333,0,mm,left_mm,2025-7-7 16:53,0,
S1,blue_surface_displacement,2.894444,0,mm,left_mm,2025-7-7 16:53,0,
S1,blue_surface_displacement,2.895556,0,mm,left_mm,2025-7-7 16:53,0,
S1,blue_surface_displacement,2.896667,0,mm,left_mm,2025-7-7 16:53,0,
S1,blue_surface_displacement,2.897778,0,mm,left_mm,2025-7-7 16:53,0,
S1,blue_surface_displacement,2.898889,0,mm,left_mm,2025-7-7 16:53,0,
S1,blue_surface_displacement,2.9,-0.1,mm,left_mm,2025-7-7 16:54,-0.1,
S1,blue_surface_displacement,2.901111,0,mm,left_mm,2025-7-7 16:54,0,
S1,blue_surface_displacement,2.902222,0,mm,left_mm,2025-7-7 16:54,0,
S1,blue_surface_displacement,2.903333,0,mm,left_mm,2025-7-7 16:54,0,
S1,blue_surface_displacement,2.904444,0,mm,left_mm,2025-7-7 16:54,0,
S1,blue_surface_displacement,2.905556,0,mm,left_mm,2025-7-7 16:54,0,
S1,blue_surface_displacement,2.906667,0,mm,left_mm,2025-7-7 16:54,0,
S1,blue_surface_displacement,2.907778,0,mm,left_mm,2025-7-7 16:54,0,
S1,blue_surface_displacement,2.908889,0,mm,left_mm,2025-7-7 16:54,0,
S1,blue_surface_displacement,2.91,0,mm,left_mm,2025-7-7 16:54,0,
S1,blue_surface_displacement,2.911111,0,mm,left_mm,2025-7-7 16:54,0,
S1,blue_surface_displacement,2.912222,0,mm,left_mm,2025-7-7 16:54,0,
S1,blue_surface_displacement,2.913333,0,mm,left_mm,2025-7-7 16:54,0,
S1,blue_surface_displacement,2.914444,0,mm,left_mm,2025-7-7 16:54,0,
S1,blue_surface_displacement,2.915556,0,mm,left_mm,2025-7-7 16:54,0,
S1,blue_surface_displacement,2.916667,0,mm,left_mm,2025-7-7 16:55,0,
S1,blue_surface_displacement,2.917778,0,mm,left_mm,2025-7-7 16:55,0,
S1,blue_surface_displacement,2.918889,0,mm,left_mm,2025-7-7 16:55,0,
S1,blue_surface_displacement,2.92,0,mm,left_mm,2025-7-7 16:55,0,
S1,blue_surface_displacement,2.921111,0,mm,left_mm,2025-7-7 16:55,0,
S1,blue_surface_displacement,2.922222,0,mm,left_mm,2025-7-7 16:55,0,
S1,blue_surface_displacement,2.923333,0,mm,left_mm,2025-7-7 16:55,0,
S1,blue_surface_displacement,2.924444,0,mm,left_mm,2025-7-7 16:55,0,
S1,blue_surface_displacement,2.925556,0,mm,left_mm,2025-7-7 16:55,0,
S1,blue_surface_displacement,2.926667,0,mm,left_mm,2025-7-7 16:55,0,
S1,blue_surface_displacement,2.927778,0,mm,left_mm,2025-7-7 16:55,0,
S1,blue_surface_displacement,2.928889,0,mm,left_mm,2025-7-7 16:55,0,
S1,blue_surface_displacement,2.93,0,mm,left_mm,2025-7-7 16:55,0,
S1,blue_surface_displacement,2.931111,0,mm,left_mm,2025-7-7 16:55,0,
S1,blue_surface_displacement,2.932222,0,mm,left_mm,2025-7-7 16:55,0,
S1,blue_surface_displacement,2.933333,0,mm,left_mm,2025-7-7 16:56,0,
S1,blue_surface_displacement,2.934444,0,mm,left_mm,2025-7-7 16:56,0,
S1,blue_surface_displacement,2.935556,0,mm,left_mm,2025-7-7 16:56,0,
S1,blue_surface_displacement,2.936667,0,mm,left_mm,2025-7-7 16:56,0,
S1,blue_surface_displacement,2.937778,0,mm,left_mm,2025-7-7 16:56,0,
S1,blue_surface_displacement,2.938889,0,mm,left_mm,2025-7-7 16:56,0,
S1,blue_surface_displacement,2.94,0,mm,left_mm,2025-7-7 16:56,0,
S1,blue_surface_displacement,2.941111,0,mm,left_mm,2025-7-7 16:56,0,
S1,blue_surface_displacement,2.942222,0,mm,left_mm,2025-7-7 16:56,0,
S1,blue_surface_displacement,2.943333,0,mm,left_mm,2025-7-7 16:56,0,
S1,blue_surface_displacement,2.944444,0,mm,left_mm,2025-7-7 16:56,0,
S1,blue_surface_displacement,2.945556,0,mm,left_mm,2025-7-7 16:56,0,
S1,blue_surface_displacement,2.946667,0,mm,left_mm,2025-7-7 16:56,0,
S1,blue_surface_displacement,2.947778,-0.1,mm,left_mm,2025-7-7 16:56,-0.1,
S1,blue_surface_displacement,2.948889,-0.1,mm,left_mm,2025-7-7 16:56,-0.1,
S1,blue_surface_displacement,2.95,-0.1,mm,left_mm,2025-7-7 16:57,-0.1,
S1,blue_surface_displacement,2.951111,-0.1,mm,left_mm,2025-7-7 16:57,-0.1,
S1,blue_surface_displacement,2.952222,0,mm,left_mm,2025-7-7 16:57,0,
S1,blue_surface_displacement,2.953333,-0.1,mm,left_mm,2025-7-7 16:57,-0.1,
S1,blue_surface_displacement,2.954444,0,mm,left_mm,2025-7-7 16:57,0,
S1,blue_surface_displacement,2.955556,0,mm,left_mm,2025-7-7 16:57,0,
S1,blue_surface_displacement,2.956667,0,mm,left_mm,2025-7-7 16:57,0,
S1,blue_surface_displacement,2.957778,-0.1,mm,left_mm,2025-7-7 16:57,-0.1,
S1,blue_surface_displacement,2.958889,-0.1,mm,left_mm,2025-7-7 16:57,-0.1,
S1,blue_surface_displacement,2.96,-0.1,mm,left_mm,2025-7-7 16:57,-0.1,
S1,blue_surface_displacement,2.961111,-0.1,mm,left_mm,2025-7-7 16:57,-0.1,
S1,blue_surface_displacement,2.962222,-0.1,mm,left_mm,2025-7-7 16:57,-0.1,
S1,blue_surface_displacement,2.963333,-0.1,mm,left_mm,2025-7-7 16:57,-0.1,
S1,blue_surface_displacement,2.964444,-0.1,mm,left_mm,2025-7-7 16:57,-0.1,
S1,blue_surface_displacement,2.965556,-0.1,mm,left_mm,2025-7-7 16:57,-0.1,
S1,blue_surface_displacement,2.966667,-0.1,mm,left_mm,2025-7-7 16:58,-0.1,
S1,blue_surface_displacement,2.967778,-0.1,mm,left_mm,2025-7-7 16:58,-0.1,
S1,blue_surface_displacement,2.968889,-0.1,mm,left_mm,2025-7-7 16:58,-0.1,
S1,blue_surface_displacement,2.97,-0.1,mm,left_mm,2025-7-7 16:58,-0.1,
S1,blue_surface_displacement,2.971111,-0.1,mm,left_mm,2025-7-7 16:58,-0.1,
S1,blue_surface_displacement,2.972222,-0.1,mm,left_mm,2025-7-7 16:58,-0.1,
S1,blue_surface_displacement,2.973333,-0.1,mm,left_mm,2025-7-7 16:58,-0.1,
S1,blue_surface_displacement,2.974444,-0.1,mm,left_mm,2025-7-7 16:58,-0.1,
S1,blue_surface_displacement,2.975556,-0.1,mm,left_mm,2025-7-7 16:58,-0.1,
S1,blue_surface_displacement,2.976667,-0.1,mm,left_mm,2025-7-7 16:58,-0.1,
S1,blue_surface_displacement,2.977778,-0.1,mm,left_mm,2025-7-7 16:58,-0.1,
S1,blue_surface_displacement,2.978889,-0.1,mm,left_mm,2025-7-7 16:58,-0.1,
S1,blue_surface_displacement,2.98,-0.1,mm,left_mm,2025-7-7 16:58,-0.1,
S1,blue_surface_displacement,2.981111,-0.1,mm,left_mm,2025-7-7 16:58,-0.1,
S1,blue_surface_displacement,2.982222,-0.1,mm,left_mm,2025-7-7 16:58,-0.1,
S1,blue_surface_displacement,2.983333,-0.1,mm,left_mm,2025-7-7 16:59,-0.1,
S1,blue_surface_displacement,2.984444,-0.2,mm,left_mm,2025-7-7 16:59,-0.2,
S1,blue_surface_displacement,2.985556,-0.1,mm,left_mm,2025-7-7 16:59,-0.1,
S1,blue_surface_displacement,2.986667,-0.1,mm,left_mm,2025-7-7 16:59,-0.1,
S1,blue_surface_displacement,2.987778,-0.1,mm,left_mm,2025-7-7 16:59,-0.1,
S1,blue_surface_displacement,2.988889,-0.1,mm,left_mm,2025-7-7 16:59,-0.1,
S1,blue_surface_displacement,2.99,-0.1,mm,left_mm,2025-7-7 16:59,-0.1,
S1,blue_surface_displacement,2.991111,-0.1,mm,left_mm,2025-7-7 16:59,-0.1,
S1,blue_surface_displacement,2.992222,-0.1,mm,left_mm,2025-7-7 16:59,-0.1,
S1,blue_surface_displacement,2.993333,-0.1,mm,left_mm,2025-7-7 16:59,-0.1,
S1,blue_surface_displacement,2.994444,-0.1,mm,left_mm,2025-7-7 16:59,-0.1,
S1,blue_surface_displacement,2.995556,-0.1,mm,left_mm,2025-7-7 16:59,-0.1,
S1,blue_surface_displacement,2.996667,-0.1,mm,left_mm,2025-7-7 16:59,-0.1,
S1,blue_surface_displacement,2.997778,-0.1,mm,left_mm,2025-7-7 16:59,-0.1,
S1,blue_surface_displacement,2.998889,-0.1,mm,left_mm,2025-7-7 16:59,-0.1,
S1,blue_surface_displacement,3,-0.1,mm,left_mm,2025-7-7 17:00,-0.1,
S1,blue_surface_displacement,3.001111,-0.1,mm,left_mm,2025-7-7 17:00,-0.1,
S1,blue_surface_displacement,3.002222,-0.1,mm,left_mm,2025-7-7 17:00,-0.1,
S1,blue_surface_displacement,3.003333,-0.1,mm,left_mm,2025-7-7 17:00,-0.1,
S1,blue_surface_displacement,3.004444,-0.1,mm,left_mm,2025-7-7 17:00,-0.1,
S1,blue_surface_displacement,3.005556,-0.1,mm,left_mm,2025-7-7 17:00,-0.1,
S1,blue_surface_displacement,3.006667,-0.1,mm,left_mm,2025-7-7 17:00,-0.1,
S1,blue_surface_displacement,3.007778,-0.1,mm,left_mm,2025-7-7 17:00,-0.1,
S1,blue_surface_displacement,3.008889,-0.1,mm,left_mm,2025-7-7 17:00,-0.1,
S1,blue_surface_displacement,3.01,-0.1,mm,left_mm,2025-7-7 17:00,-0.1,
S1,blue_surface_displacement,3.011111,-0.1,mm,left_mm,2025-7-7 17:00,-0.1,
S1,blue_surface_displacement,3.012222,-0.1,mm,left_mm,2025-7-7 17:00,-0.1,
S1,blue_surface_displacement,3.013333,-0.1,mm,left_mm,2025-7-7 17:00,-0.1,
S1,blue_surface_displacement,3.014444,0,mm,left_mm,2025-7-7 17:00,0,
S1,blue_surface_displacement,3.015556,-0.1,mm,left_mm,2025-7-7 17:00,-0.1,
S1,blue_surface_displacement,3.016667,0,mm,left_mm,2025-7-7 17:01,0,
S1,blue_surface_displacement,3.017778,-0.1,mm,left_mm,2025-7-7 17:01,-0.1,
S1,blue_surface_displacement,3.018889,0,mm,left_mm,2025-7-7 17:01,0,
S1,blue_surface_displacement,3.02,-0.1,mm,left_mm,2025-7-7 17:01,-0.1,
S1,blue_surface_displacement,3.021111,-0.1,mm,left_mm,2025-7-7 17:01,-0.1,
S1,blue_surface_displacement,3.022222,-0.1,mm,left_mm,2025-7-7 17:01,-0.1,
S1,blue_surface_displacement,3.023333,-0.1,mm,left_mm,2025-7-7 17:01,-0.1,
S1,blue_surface_displacement,3.024444,-0.1,mm,left_mm,2025-7-7 17:01,-0.1,
S1,blue_surface_displacement,3.025556,0,mm,left_mm,2025-7-7 17:01,0,
S1,blue_surface_displacement,3.026667,-0.1,mm,left_mm,2025-7-7 17:01,-0.1,
S1,blue_surface_displacement,3.027778,0,mm,left_mm,2025-7-7 17:01,0,
S1,blue_surface_displacement,3.028889,-0.1,mm,left_mm,2025-7-7 17:01,-0.1,
S1,blue_surface_displacement,3.03,0,mm,left_mm,2025-7-7 17:01,0,
S1,blue_surface_displacement,3.031111,0,mm,left_mm,2025-7-7 17:01,0,
S1,blue_surface_displacement,3.032222,-0.1,mm,left_mm,2025-7-7 17:01,-0.1,
S1,blue_surface_displacement,3.033333,-0.1,mm,left_mm,2025-7-7 17:02,-0.1,
S1,blue_surface_displacement,3.034444,-0.1,mm,left_mm,2025-7-7 17:02,-0.1,
S1,blue_surface_displacement,3.035556,-0.1,mm,left_mm,2025-7-7 17:02,-0.1,
S1,blue_surface_displacement,3.036667,-0.1,mm,left_mm,2025-7-7 17:02,-0.1,
S1,blue_surface_displacement,3.037778,-0.1,mm,left_mm,2025-7-7 17:02,-0.1,
S1,blue_surface_displacement,3.038889,-0.1,mm,left_mm,2025-7-7 17:02,-0.1,
S1,blue_surface_displacement,3.04,-0.1,mm,left_mm,2025-7-7 17:02,-0.1,
S1,blue_surface_displacement,3.041111,0,mm,left_mm,2025-7-7 17:02,0,
S1,blue_surface_displacement,3.042222,-0.1,mm,left_mm,2025-7-7 17:02,-0.1,
S1,blue_surface_displacement,3.043333,0,mm,left_mm,2025-7-7 17:02,0,
S1,blue_surface_displacement,3.044444,-0.1,mm,left_mm,2025-7-7 17:02,-0.1,
S1,blue_surface_displacement,3.045556,-0.1,mm,left_mm,2025-7-7 17:02,-0.1,
S1,blue_surface_displacement,3.046667,-0.1,mm,left_mm,2025-7-7 17:02,-0.1,
S1,blue_surface_displacement,3.047778,0,mm,left_mm,2025-7-7 17:02,0,
S1,blue_surface_displacement,3.048889,-0.1,mm,left_mm,2025-7-7 17:02,-0.1,
S1,blue_surface_displacement,3.05,0,mm,left_mm,2025-7-7 17:03,0,
S1,blue_surface_displacement,3.051111,0,mm,left_mm,2025-7-7 17:03,0,
S1,blue_surface_displacement,3.052222,-0.1,mm,left_mm,2025-7-7 17:03,-0.1,
S1,blue_surface_displacement,3.053333,-0.1,mm,left_mm,2025-7-7 17:03,-0.1,
S1,blue_surface_displacement,3.054444,-0.1,mm,left_mm,2025-7-7 17:03,-0.1,
S1,blue_surface_displacement,3.055556,-0.1,mm,left_mm,2025-7-7 17:03,-0.1,
S1,blue_surface_displacement,3.056667,0,mm,left_mm,2025-7-7 17:03,0,
S1,blue_surface_displacement,3.057778,0,mm,left_mm,2025-7-7 17:03,0,
S1,blue_surface_displacement,3.058889,0,mm,left_mm,2025-7-7 17:03,0,
S1,blue_surface_displacement,3.06,-0.1,mm,left_mm,2025-7-7 17:03,-0.1,
S1,blue_surface_displacement,3.061111,-0.1,mm,left_mm,2025-7-7 17:03,-0.1,
S1,blue_surface_displacement,3.062222,0,mm,left_mm,2025-7-7 17:03,0,
S1,blue_surface_displacement,3.063333,-0.1,mm,left_mm,2025-7-7 17:03,-0.1,
S1,blue_surface_displacement,3.064444,0,mm,left_mm,2025-7-7 17:03,0,
S1,blue_surface_displacement,3.065556,0,mm,left_mm,2025-7-7 17:03,0,
S1,blue_surface_displacement,3.066667,0,mm,left_mm,2025-7-7 17:04,0,
S1,blue_surface_displacement,3.067778,-0.1,mm,left_mm,2025-7-7 17:04,-0.1,
S1,blue_surface_displacement,3.068889,-0.1,mm,left_mm,2025-7-7 17:04,-0.1,
S1,blue_surface_displacement,3.07,0,mm,left_mm,2025-7-7 17:04,0,
S1,blue_surface_displacement,3.071111,-0.1,mm,left_mm,2025-7-7 17:04,-0.1,
S1,blue_surface_displacement,3.072222,-0.1,mm,left_mm,2025-7-7 17:04,-0.1,
S1,blue_surface_displacement,3.073333,-0.1,mm,left_mm,2025-7-7 17:04,-0.1,
S1,blue_surface_displacement,3.074444,-0.1,mm,left_mm,2025-7-7 17:04,-0.1,
S1,blue_surface_displacement,3.075556,-0.1,mm,left_mm,2025-7-7 17:04,-0.1,
S1,blue_surface_displacement,3.076667,0,mm,left_mm,2025-7-7 17:04,0,
S1,blue_surface_displacement,3.077778,0,mm,left_mm,2025-7-7 17:04,0,
S1,blue_surface_displacement,3.078889,0,mm,left_mm,2025-7-7 17:04,0,
S1,blue_surface_displacement,3.08,-0.1,mm,left_mm,2025-7-7 17:04,-0.1,
S1,blue_surface_displacement,3.081111,0,mm,left_mm,2025-7-7 17:04,0,
S1,blue_surface_displacement,3.082222,-0.1,mm,left_mm,2025-7-7 17:04,-0.1,
S1,blue_surface_displacement,3.083333,-0.1,mm,left_mm,2025-7-7 17:05,-0.1,
S1,blue_surface_displacement,3.084444,-0.1,mm,left_mm,2025-7-7 17:05,-0.1,
S1,blue_surface_displacement,3.085556,-0.1,mm,left_mm,2025-7-7 17:05,-0.1,
S1,blue_surface_displacement,3.086667,-0.1,mm,left_mm,2025-7-7 17:05,-0.1,
S1,blue_surface_displacement,3.087778,0,mm,left_mm,2025-7-7 17:05,0,
S1,blue_surface_displacement,3.088889,-0.1,mm,left_mm,2025-7-7 17:05,-0.1,
S1,blue_surface_displacement,3.09,-0.1,mm,left_mm,2025-7-7 17:05,-0.1,
S1,blue_surface_displacement,3.091111,0,mm,left_mm,2025-7-7 17:05,0,
S1,blue_surface_displacement,3.092222,0,mm,left_mm,2025-7-7 17:05,0,
S1,blue_surface_displacement,3.093333,0,mm,left_mm,2025-7-7 17:05,0,
S1,blue_surface_displacement,3.094444,-0.1,mm,left_mm,2025-7-7 17:05,-0.1,
S1,blue_surface_displacement,3.095556,-0.1,mm,left_mm,2025-7-7 17:05,-0.1,
S1,blue_surface_displacement,3.096667,-0.1,mm,left_mm,2025-7-7 17:05,-0.1,
S1,blue_surface_displacement,3.097778,-0.1,mm,left_mm,2025-7-7 17:05,-0.1,
S1,blue_surface_displacement,3.098889,0,mm,left_mm,2025-7-7 17:05,0,
S1,blue_surface_displacement,3.1,-0.1,mm,left_mm,2025-7-7 17:06,-0.1,
S1,blue_surface_displacement,3.101111,0,mm,left_mm,2025-7-7 17:06,0,
S1,blue_surface_displacement,3.102222,-0.1,mm,left_mm,2025-7-7 17:06,-0.1,
S1,blue_surface_displacement,3.103333,0,mm,left_mm,2025-7-7 17:06,0,
S1,blue_surface_displacement,3.104444,0,mm,left_mm,2025-7-7 17:06,0,
S1,blue_surface_displacement,3.105556,0,mm,left_mm,2025-7-7 17:06,0,
S1,blue_surface_displacement,3.106667,0,mm,left_mm,2025-7-7 17:06,0,
S1,blue_surface_displacement,3.107778,-0.1,mm,left_mm,2025-7-7 17:06,-0.1,
S1,blue_surface_displacement,3.108889,-0.1,mm,left_mm,2025-7-7 17:06,-0.1,
S1,blue_surface_displacement,3.11,0,mm,left_mm,2025-7-7 17:06,0,
S1,blue_surface_displacement,3.111111,-0.1,mm,left_mm,2025-7-7 17:06,-0.1,
S1,blue_surface_displacement,3.112222,0,mm,left_mm,2025-7-7 17:06,0,
S1,blue_surface_displacement,3.113333,0,mm,left_mm,2025-7-7 17:06,0,
S1,blue_surface_displacement,3.114444,-0.1,mm,left_mm,2025-7-7 17:06,-0.1,
S1,blue_surface_displacement,3.115556,-0.1,mm,left_mm,2025-7-7 17:06,-0.1,
S1,blue_surface_displacement,3.116667,-0.1,mm,left_mm,2025-7-7 17:07,-0.1,
S1,blue_surface_displacement,3.117778,-0.1,mm,left_mm,2025-7-7 17:07,-0.1,
S1,blue_surface_displacement,3.118889,0,mm,left_mm,2025-7-7 17:07,0,
S1,blue_surface_displacement,3.12,-0.1,mm,left_mm,2025-7-7 17:07,-0.1,
S1,blue_surface_displacement,3.121111,0,mm,left_mm,2025-7-7 17:07,0,
S1,blue_surface_displacement,3.122222,0,mm,left_mm,2025-7-7 17:07,0,
S1,blue_surface_displacement,3.123333,0,mm,left_mm,2025-7-7 17:07,0,
S1,blue_surface_displacement,3.124444,0,mm,left_mm,2025-7-7 17:07,0,
S1,blue_surface_displacement,3.125556,-0.1,mm,left_mm,2025-7-7 17:07,-0.1,
S1,blue_surface_displacement,3.126667,-0.1,mm,left_mm,2025-7-7 17:07,-0.1,
S1,blue_surface_displacement,3.127778,0,mm,left_mm,2025-7-7 17:07,0,
S1,blue_surface_displacement,3.128889,0,mm,left_mm,2025-7-7 17:07,0,
S1,blue_surface_displacement,3.13,0,mm,left_mm,2025-7-7 17:07,0,
S1,blue_surface_displacement,3.131111,0,mm,left_mm,2025-7-7 17:07,0,
S1,blue_surface_displacement,3.132222,0,mm,left_mm,2025-7-7 17:07,0,
S1,blue_surface_displacement,3.133333,0,mm,left_mm,2025-7-7 17:08,0,
S1,blue_surface_displacement,3.134444,0,mm,left_mm,2025-7-7 17:08,0,
S1,blue_surface_displacement,3.135556,-0.1,mm,left_mm,2025-7-7 17:08,-0.1,
S1,blue_surface_displacement,3.136667,0,mm,left_mm,2025-7-7 17:08,0,
S1,blue_surface_displacement,3.137778,0,mm,left_mm,2025-7-7 17:08,0,
S1,blue_surface_displacement,3.138889,0,mm,left_mm,2025-7-7 17:08,0,
S1,blue_surface_displacement,3.14,0,mm,left_mm,2025-7-7 17:08,0,
S1,blue_surface_displacement,3.141111,0,mm,left_mm,2025-7-7 17:08,0,
S1,blue_surface_displacement,3.142222,0,mm,left_mm,2025-7-7 17:08,0,
S1,blue_surface_displacement,3.143333,0,mm,left_mm,2025-7-7 17:08,0,
S1,blue_surface_displacement,3.144444,0,mm,left_mm,2025-7-7 17:08,0,
S1,blue_surface_displacement,3.145556,0,mm,left_mm,2025-7-7 17:08,0,
S1,blue_surface_displacement,3.146667,-0.1,mm,left_mm,2025-7-7 17:08,-0.1,
S1,blue_surface_displacement,3.147778,0,mm,left_mm,2025-7-7 17:08,0,
S1,blue_surface_displacement,3.148889,0,mm,left_mm,2025-7-7 17:08,0,
S1,blue_surface_displacement,3.15,0,mm,left_mm,2025-7-7 17:09,0,
S1,blue_surface_displacement,3.151111,0,mm,left_mm,2025-7-7 17:09,0,
S1,blue_surface_displacement,3.152222,-0.1,mm,left_mm,2025-7-7 17:09,-0.1,
S1,blue_surface_displacement,3.153333,0,mm,left_mm,2025-7-7 17:09,0,
S1,blue_surface_displacement,3.154444,0,mm,left_mm,2025-7-7 17:09,0,
S1,blue_surface_displacement,3.155556,0,mm,left_mm,2025-7-7 17:09,0,
S1,blue_surface_displacement,3.156667,0,mm,left_mm,2025-7-7 17:09,0,
S1,blue_surface_displacement,3.157778,0,mm,left_mm,2025-7-7 17:09,0,
S1,blue_surface_displacement,3.158889,-0.1,mm,left_mm,2025-7-7 17:09,-0.1,
S1,blue_surface_displacement,3.16,0,mm,left_mm,2025-7-7 17:09,0,
S1,blue_surface_displacement,3.161111,0,mm,left_mm,2025-7-7 17:09,0,
S1,blue_surface_displacement,3.162222,-0.1,mm,left_mm,2025-7-7 17:09,-0.1,
S1,blue_surface_displacement,3.163333,-0.1,mm,left_mm,2025-7-7 17:09,-0.1,
S1,blue_surface_displacement,3.164444,0,mm,left_mm,2025-7-7 17:09,0,
S1,blue_surface_displacement,3.165556,-0.1,mm,left_mm,2025-7-7 17:09,-0.1,
S1,blue_surface_displacement,3.166667,0,mm,left_mm,2025-7-7 17:10,0,
S1,blue_surface_displacement,3.167778,-0.1,mm,left_mm,2025-7-7 17:10,-0.1,
S1,blue_surface_displacement,3.168889,0,mm,left_mm,2025-7-7 17:10,0,
S1,blue_surface_displacement,3.17,-0.1,mm,left_mm,2025-7-7 17:10,-0.1,
S1,blue_surface_displacement,3.171111,-0.1,mm,left_mm,2025-7-7 17:10,-0.1,
S1,blue_surface_displacement,3.172222,0,mm,left_mm,2025-7-7 17:10,0,
S1,blue_surface_displacement,3.173333,0,mm,left_mm,2025-7-7 17:10,0,
S1,blue_surface_displacement,3.174444,-0.1,mm,left_mm,2025-7-7 17:10,-0.1,
S1,blue_surface_displacement,3.175556,-0.1,mm,left_mm,2025-7-7 17:10,-0.1,
S1,blue_surface_displacement,3.176667,0,mm,left_mm,2025-7-7 17:10,0,
S1,blue_surface_displacement,3.177778,-0.1,mm,left_mm,2025-7-7 17:10,-0.1,
S1,blue_surface_displacement,3.178889,0,mm,left_mm,2025-7-7 17:10,0,
S1,blue_surface_displacement,3.18,-0.1,mm,left_mm,2025-7-7 17:10,-0.1,
S1,blue_surface_displacement,3.181111,-0.1,mm,left_mm,2025-7-7 17:10,-0.1,
S1,blue_surface_displacement,3.182222,0,mm,left_mm,2025-7-7 17:10,0,
S1,blue_surface_displacement,3.183333,0,mm,left_mm,2025-7-7 17:11,0,
S1,blue_surface_displacement,3.184444,-0.1,mm,left_mm,2025-7-7 17:11,-0.1,
S1,blue_surface_displacement,3.185556,-0.1,mm,left_mm,2025-7-7 17:11,-0.1,
S1,blue_surface_displacement,3.186667,-0.1,mm,left_mm,2025-7-7 17:11,-0.1,
S1,blue_surface_displacement,3.187778,-0.1,mm,left_mm,2025-7-7 17:11,-0.1,
S1,blue_surface_displacement,3.188889,-0.1,mm,left_mm,2025-7-7 17:11,-0.1,
S1,blue_surface_displacement,3.19,-0.1,mm,left_mm,2025-7-7 17:11,-0.1,
S1,blue_surface_displacement,3.191111,-0.1,mm,left_mm,2025-7-7 17:11,-0.1,
S1,blue_surface_displacement,3.192222,-0.1,mm,left_mm,2025-7-7 17:11,-0.1,
S1,blue_surface_displacement,3.193333,-0.1,mm,left_mm,2025-7-7 17:11,-0.1,
S1,blue_surface_displacement,3.194444,0,mm,left_mm,2025-7-7 17:11,0,
S1,blue_surface_displacement,3.195556,-0.1,mm,left_mm,2025-7-7 17:11,-0.1,
S1,blue_surface_displacement,3.196667,-0.1,mm,left_mm,2025-7-7 17:11,-0.1,
S1,blue_surface_displacement,3.197778,-0.1,mm,left_mm,2025-7-7 17:11,-0.1,
S1,blue_surface_displacement,3.198889,-0.1,mm,left_mm,2025-7-7 17:11,-0.1,
S1,blue_surface_displacement,3.2,-0.1,mm,left_mm,2025-7-7 17:12,-0.1,
S1,blue_surface_displacement,3.201111,-0.1,mm,left_mm,2025-7-7 17:12,-0.1,
S1,blue_surface_displacement,3.202222,-0.1,mm,left_mm,2025-7-7 17:12,-0.1,
S1,blue_surface_displacement,3.203333,-0.1,mm,left_mm,2025-7-7 17:12,-0.1,
S1,blue_surface_displacement,3.204444,-0.1,mm,left_mm,2025-7-7 17:12,-0.1,
S1,blue_surface_displacement,3.205556,-0.1,mm,left_mm,2025-7-7 17:12,-0.1,
S1,blue_surface_displacement,3.206667,-0.1,mm,left_mm,2025-7-7 17:12,-0.1,
S1,blue_surface_displacement,3.207778,-0.1,mm,left_mm,2025-7-7 17:12,-0.1,
S1,blue_surface_displacement,3.208889,0,mm,left_mm,2025-7-7 17:12,0,
S1,blue_surface_displacement,3.21,-0.1,mm,left_mm,2025-7-7 17:12,-0.1,
S1,blue_surface_displacement,3.211111,-0.1,mm,left_mm,2025-7-7 17:12,-0.1,
S1,blue_surface_displacement,3.212222,-0.1,mm,left_mm,2025-7-7 17:12,-0.1,
S1,blue_surface_displacement,3.213333,-0.1,mm,left_mm,2025-7-7 17:12,-0.1,
S1,blue_surface_displacement,3.214444,-0.1,mm,left_mm,2025-7-7 17:12,-0.1,
S1,blue_surface_displacement,3.215556,0,mm,left_mm,2025-7-7 17:12,0,
S1,blue_surface_displacement,3.216667,-0.1,mm,left_mm,2025-7-7 17:13,-0.1,
S1,blue_surface_displacement,3.217778,-0.1,mm,left_mm,2025-7-7 17:13,-0.1,
S1,blue_surface_displacement,3.218889,0,mm,left_mm,2025-7-7 17:13,0,
S1,blue_surface_displacement,3.22,-0.1,mm,left_mm,2025-7-7 17:13,-0.1,
S1,blue_surface_displacement,3.221111,-0.1,mm,left_mm,2025-7-7 17:13,-0.1,
S1,blue_surface_displacement,3.222222,0,mm,left_mm,2025-7-7 17:13,0,
S1,blue_surface_displacement,3.223333,0,mm,left_mm,2025-7-7 17:13,0,
S1,blue_surface_displacement,3.224444,-0.1,mm,left_mm,2025-7-7 17:13,-0.1,
S1,blue_surface_displacement,3.225556,-0.1,mm,left_mm,2025-7-7 17:13,-0.1,
S1,blue_surface_displacement,3.226667,-0.1,mm,left_mm,2025-7-7 17:13,-0.1,
S1,blue_surface_displacement,3.227778,-0.1,mm,left_mm,2025-7-7 17:13,-0.1,
S1,blue_surface_displacement,3.228889,-0.1,mm,left_mm,2025-7-7 17:13,-0.1,
S1,blue_surface_displacement,3.23,-0.1,mm,left_mm,2025-7-7 17:13,-0.1,
S1,blue_surface_displacement,3.231111,0,mm,left_mm,2025-7-7 17:13,0,
S1,blue_surface_displacement,3.232222,-0.1,mm,left_mm,2025-7-7 17:13,-0.1,
S1,blue_surface_displacement,3.233333,-0.1,mm,left_mm,2025-7-7 17:14,-0.1,
S1,blue_surface_displacement,3.234444,-0.1,mm,left_mm,2025-7-7 17:14,-0.1,
S1,blue_surface_displacement,3.235556,0,mm,left_mm,2025-7-7 17:14,0,
S1,blue_surface_displacement,3.236667,-0.1,mm,left_mm,2025-7-7 17:14,-0.1,
S1,blue_surface_displacement,3.237778,0,mm,left_mm,2025-7-7 17:14,0,
S1,blue_surface_displacement,3.238889,0,mm,left_mm,2025-7-7 17:14,0,
S1,blue_surface_displacement,3.24,-0.1,mm,left_mm,2025-7-7 17:14,-0.1,
S1,blue_surface_displacement,3.241111,-0.1,mm,left_mm,2025-7-7 17:14,-0.1,
S1,blue_surface_displacement,3.242222,-0.1,mm,left_mm,2025-7-7 17:14,-0.1,
S1,blue_surface_displacement,3.243333,0,mm,left_mm,2025-7-7 17:14,0,
S1,blue_surface_displacement,3.244444,0,mm,left_mm,2025-7-7 17:14,0,
S1,blue_surface_displacement,3.245556,-0.1,mm,left_mm,2025-7-7 17:14,-0.1,
S1,blue_surface_displacement,3.246667,-0.1,mm,left_mm,2025-7-7 17:14,-0.1,
S1,blue_surface_displacement,3.247778,-0.1,mm,left_mm,2025-7-7 17:14,-0.1,
S1,blue_surface_displacement,3.248889,0,mm,left_mm,2025-7-7 17:14,0,
S1,blue_surface_displacement,3.25,-0.1,mm,left_mm,2025-7-7 17:15,-0.1,
S1,blue_surface_displacement,3.251111,-0.1,mm,left_mm,2025-7-7 17:15,-0.1,
S1,blue_surface_displacement,3.252222,0,mm,left_mm,2025-7-7 17:15,0,
S1,blue_surface_displacement,3.253333,-0.1,mm,left_mm,2025-7-7 17:15,-0.1,
S1,blue_surface_displacement,3.254444,0,mm,left_mm,2025-7-7 17:15,0,
S1,blue_surface_displacement,3.255556,-0.1,mm,left_mm,2025-7-7 17:15,-0.1,
S1,blue_surface_displacement,3.256667,-0.1,mm,left_mm,2025-7-7 17:15,-0.1,
S1,blue_surface_displacement,3.257778,-0.1,mm,left_mm,2025-7-7 17:15,-0.1,
S1,blue_surface_displacement,3.258889,-0.1,mm,left_mm,2025-7-7 17:15,-0.1,
S1,blue_surface_displacement,3.26,-0.1,mm,left_mm,2025-7-7 17:15,-0.1,
S1,blue_surface_displacement,3.261111,-0.1,mm,left_mm,2025-7-7 17:15,-0.1,
S1,blue_surface_displacement,3.262222,0,mm,left_mm,2025-7-7 17:15,0,
S1,blue_surface_displacement,3.263333,-0.1,mm,left_mm,2025-7-7 17:15,-0.1,
S1,blue_surface_displacement,3.264444,-0.1,mm,left_mm,2025-7-7 17:15,-0.1,
S1,blue_surface_displacement,3.265556,0,mm,left_mm,2025-7-7 17:15,0,
S1,blue_surface_displacement,3.266667,-0.1,mm,left_mm,2025-7-7 17:16,-0.1,
S1,blue_surface_displacement,3.267778,-0.1,mm,left_mm,2025-7-7 17:16,-0.1,
S1,blue_surface_displacement,3.268889,-0.1,mm,left_mm,2025-7-7 17:16,-0.1,
S1,blue_surface_displacement,3.27,0,mm,left_mm,2025-7-7 17:16,0,
S1,blue_surface_displacement,3.271111,0,mm,left_mm,2025-7-7 17:16,0,
S1,blue_surface_displacement,3.272222,0,mm,left_mm,2025-7-7 17:16,0,
S1,blue_surface_displacement,3.273333,-0.1,mm,left_mm,2025-7-7 17:16,-0.1,
S1,blue_surface_displacement,3.274444,-0.1,mm,left_mm,2025-7-7 17:16,-0.1,
S1,blue_surface_displacement,3.275556,-0.1,mm,left_mm,2025-7-7 17:16,-0.1,
S1,blue_surface_displacement,3.276667,0,mm,left_mm,2025-7-7 17:16,0,
S1,blue_surface_displacement,3.277778,-0.1,mm,left_mm,2025-7-7 17:16,-0.1,
S1,blue_surface_displacement,3.278889,-0.1,mm,left_mm,2025-7-7 17:16,-0.1,
S1,blue_surface_displacement,3.28,-0.1,mm,left_mm,2025-7-7 17:16,-0.1,
S1,blue_surface_displacement,3.281111,-0.1,mm,left_mm,2025-7-7 17:16,-0.1,
S1,blue_surface_displacement,3.282222,-0.1,mm,left_mm,2025-7-7 17:16,-0.1,
S1,blue_surface_displacement,3.283333,-0.1,mm,left_mm,2025-7-7 17:17,-0.1,
S1,blue_surface_displacement,3.284444,-0.1,mm,left_mm,2025-7-7 17:17,-0.1,
S1,blue_surface_displacement,3.285556,-0.1,mm,left_mm,2025-7-7 17:17,-0.1,
S1,blue_surface_displacement,3.286667,-0.1,mm,left_mm,2025-7-7 17:17,-0.1,
S1,blue_surface_displacement,3.287778,0,mm,left_mm,2025-7-7 17:17,0,
S1,blue_surface_displacement,3.288889,0,mm,left_mm,2025-7-7 17:17,0,
S1,blue_surface_displacement,3.29,-0.1,mm,left_mm,2025-7-7 17:17,-0.1,
S1,blue_surface_displacement,3.291111,0,mm,left_mm,2025-7-7 17:17,0,
S1,blue_surface_displacement,3.292222,-0.1,mm,left_mm,2025-7-7 17:17,-0.1,
S1,blue_surface_displacement,3.293333,-0.1,mm,left_mm,2025-7-7 17:17,-0.1,
S1,blue_surface_displacement,3.294444,0,mm,left_mm,2025-7-7 17:17,0,
S1,blue_surface_displacement,3.295556,-0.1,mm,left_mm,2025-7-7 17:17,-0.1,
S1,blue_surface_displacement,3.296667,-0.1,mm,left_mm,2025-7-7 17:17,-0.1,
S1,blue_surface_displacement,3.297778,0,mm,left_mm,2025-7-7 17:17,0,
S1,blue_surface_displacement,3.298889,0,mm,left_mm,2025-7-7 17:17,0,
S1,blue_surface_displacement,3.3,-0.1,mm,left_mm,2025-7-7 17:18,-0.1,
S1,blue_surface_displacement,3.301111,-0.1,mm,left_mm,2025-7-7 17:18,-0.1,
S1,blue_surface_displacement,3.302222,-0.1,mm,left_mm,2025-7-7 17:18,-0.1,
S1,blue_surface_displacement,3.303333,-0.1,mm,left_mm,2025-7-7 17:18,-0.1,
S1,blue_surface_displacement,3.304444,-0.1,mm,left_mm,2025-7-7 17:18,-0.1,
S1,blue_surface_displacement,3.305556,-0.1,mm,left_mm,2025-7-7 17:18,-0.1,
S1,blue_surface_displacement,3.306667,-0.1,mm,left_mm,2025-7-7 17:18,-0.1,
S1,blue_surface_displacement,3.307778,-0.1,mm,left_mm,2025-7-7 17:18,-0.1,
S1,blue_surface_displacement,3.308889,-0.1,mm,left_mm,2025-7-7 17:18,-0.1,
S1,blue_surface_displacement,3.31,-0.1,mm,left_mm,2025-7-7 17:18,-0.1,
S1,blue_surface_displacement,3.311111,0,mm,left_mm,2025-7-7 17:18,0,
S1,blue_surface_displacement,3.312222,-0.1,mm,left_mm,2025-7-7 17:18,-0.1,
S1,blue_surface_displacement,3.313333,-0.1,mm,left_mm,2025-7-7 17:18,-0.1,
S1,blue_surface_displacement,3.314444,0,mm,left_mm,2025-7-7 17:18,0,
S1,blue_surface_displacement,3.315556,-0.1,mm,left_mm,2025-7-7 17:18,-0.1,
S1,blue_surface_displacement,3.316667,-0.1,mm,left_mm,2025-7-7 17:19,-0.1,
S1,blue_surface_displacement,3.317778,-0.1,mm,left_mm,2025-7-7 17:19,-0.1,
S1,blue_surface_displacement,3.318889,-0.1,mm,left_mm,2025-7-7 17:19,-0.1,
S1,blue_surface_displacement,3.32,-0.1,mm,left_mm,2025-7-7 17:19,-0.1,
S1,blue_surface_displacement,3.321111,0,mm,left_mm,2025-7-7 17:19,0,
S1,blue_surface_displacement,3.322222,0,mm,left_mm,2025-7-7 17:19,0,
S1,blue_surface_displacement,3.323333,0,mm,left_mm,2025-7-7 17:19,0,
S1,blue_surface_displacement,3.324444,-0.1,mm,left_mm,2025-7-7 17:19,-0.1,
S1,blue_surface_displacement,3.325556,-0.1,mm,left_mm,2025-7-7 17:19,-0.1,
S1,blue_surface_displacement,3.326667,0,mm,left_mm,2025-7-7 17:19,0,
S1,blue_surface_displacement,3.327778,-0.1,mm,left_mm,2025-7-7 17:19,-0.1,
S1,blue_surface_displacement,3.328889,-0.1,mm,left_mm,2025-7-7 17:19,-0.1,
S1,blue_surface_displacement,3.33,0,mm,left_mm,2025-7-7 17:19,0,
S1,blue_surface_displacement,3.331111,-0.1,mm,left_mm,2025-7-7 17:19,-0.1,
S1,blue_surface_displacement,3.332222,0,mm,left_mm,2025-7-7 17:19,0,
S1,blue_surface_displacement,3.333333,-0.1,mm,left_mm,2025-7-7 17:20,-0.1,
S1,blue_surface_displacement,3.334444,-0.1,mm,left_mm,2025-7-7 17:20,-0.1,
S1,blue_surface_displacement,3.335556,0,mm,left_mm,2025-7-7 17:20,0,
S1,blue_surface_displacement,3.336667,0,mm,left_mm,2025-7-7 17:20,0,
S1,blue_surface_displacement,3.337778,-0.1,mm,left_mm,2025-7-7 17:20,-0.1,
S1,blue_surface_displacement,3.338889,-0.1,mm,left_mm,2025-7-7 17:20,-0.1,
S1,blue_surface_displacement,3.34,0,mm,left_mm,2025-7-7 17:20,0,
S1,blue_surface_displacement,3.341111,0,mm,left_mm,2025-7-7 17:20,0,
S1,blue_surface_displacement,3.342222,-0.1,mm,left_mm,2025-7-7 17:20,-0.1,
S1,blue_surface_displacement,3.343333,-0.1,mm,left_mm,2025-7-7 17:20,-0.1,
S1,blue_surface_displacement,3.344444,-0.1,mm,left_mm,2025-7-7 17:20,-0.1,
S1,blue_surface_displacement,3.345556,-0.1,mm,left_mm,2025-7-7 17:20,-0.1,
S1,blue_surface_displacement,3.346667,0,mm,left_mm,2025-7-7 17:20,0,
S1,blue_surface_displacement,3.347778,0,mm,left_mm,2025-7-7 17:20,0,
S1,blue_surface_displacement,3.348889,0,mm,left_mm,2025-7-7 17:20,0,
S1,blue_surface_displacement,3.35,0,mm,left_mm,2025-7-7 17:21,0,
S1,blue_surface_displacement,3.351111,-0.1,mm,left_mm,2025-7-7 17:21,-0.1,
S1,blue_surface_displacement,3.352222,0,mm,left_mm,2025-7-7 17:21,0,
S1,blue_surface_displacement,3.353333,0,mm,left_mm,2025-7-7 17:21,0,
S1,blue_surface_displacement,3.354444,0,mm,left_mm,2025-7-7 17:21,0,
S1,blue_surface_displacement,3.355556,-0.1,mm,left_mm,2025-7-7 17:21,-0.1,
S1,blue_surface_displacement,3.356667,0,mm,left_mm,2025-7-7 17:21,0,
S1,blue_surface_displacement,3.357778,0,mm,left_mm,2025-7-7 17:21,0,
S1,blue_surface_displacement,3.358889,-0.1,mm,left_mm,2025-7-7 17:21,-0.1,
S1,blue_surface_displacement,3.36,0,mm,left_mm,2025-7-7 17:21,0,
S1,blue_surface_displacement,3.361111,0,mm,left_mm,2025-7-7 17:21,0,
S1,blue_surface_displacement,3.362222,-0.1,mm,left_mm,2025-7-7 17:21,-0.1,
S1,blue_surface_displacement,3.363333,-0.1,mm,left_mm,2025-7-7 17:21,-0.1,
S1,blue_surface_displacement,3.364444,-0.1,mm,left_mm,2025-7-7 17:21,-0.1,
S1,blue_surface_displacement,3.365556,-0.1,mm,left_mm,2025-7-7 17:21,-0.1,
S1,blue_surface_displacement,3.366667,-0.1,mm,left_mm,2025-7-7 17:22,-0.1,
S1,blue_surface_displacement,3.367778,-0.1,mm,left_mm,2025-7-7 17:22,-0.1,
S1,blue_surface_displacement,3.368889,-0.1,mm,left_mm,2025-7-7 17:22,-0.1,
S1,blue_surface_displacement,3.37,-0.1,mm,left_mm,2025-7-7 17:22,-0.1,
S1,blue_surface_displacement,3.371111,0,mm,left_mm,2025-7-7 17:22,0,
S1,blue_surface_displacement,3.372222,-0.1,mm,left_mm,2025-7-7 17:22,-0.1,
S1,blue_surface_displacement,3.373333,-0.1,mm,left_mm,2025-7-7 17:22,-0.1,
S1,blue_surface_displacement,3.374444,-0.1,mm,left_mm,2025-7-7 17:22,-0.1,
S1,blue_surface_displacement,3.375556,-0.1,mm,left_mm,2025-7-7 17:22,-0.1,
S1,blue_surface_displacement,3.376667,0,mm,left_mm,2025-7-7 17:22,0,
S1,blue_surface_displacement,3.377778,0,mm,left_mm,2025-7-7 17:22,0,
S1,blue_surface_displacement,3.378889,-0.1,mm,left_mm,2025-7-7 17:22,-0.1,
S1,blue_surface_displacement,3.38,0,mm,left_mm,2025-7-7 17:22,0,
S1,blue_surface_displacement,3.381111,-0.1,mm,left_mm,2025-7-7 17:22,-0.1,
S1,blue_surface_displacement,3.382222,-0.1,mm,left_mm,2025-7-7 17:22,-0.1,
S1,blue_surface_displacement,3.383333,0,mm,left_mm,2025-7-7 17:23,0,
S1,blue_surface_displacement,3.384444,-0.1,mm,left_mm,2025-7-7 17:23,-0.1,
S1,blue_surface_displacement,3.385556,-0.1,mm,left_mm,2025-7-7 17:23,-0.1,
S1,blue_surface_displacement,3.386667,-0.1,mm,left_mm,2025-7-7 17:23,-0.1,
S1,blue_surface_displacement,3.387778,-0.1,mm,left_mm,2025-7-7 17:23,-0.1,
S1,blue_surface_displacement,3.388889,-0.1,mm,left_mm,2025-7-7 17:23,-0.1,
S1,blue_surface_displacement,3.39,-0.1,mm,left_mm,2025-7-7 17:23,-0.1,
S1,blue_surface_displacement,3.391111,-0.1,mm,left_mm,2025-7-7 17:23,-0.1,
S1,blue_surface_displacement,3.392222,-0.1,mm,left_mm,2025-7-7 17:23,-0.1,
S1,blue_surface_displacement,3.393333,-0.1,mm,left_mm,2025-7-7 17:23,-0.1,
S1,blue_surface_displacement,3.394444,-0.1,mm,left_mm,2025-7-7 17:23,-0.1,
S1,blue_surface_displacement,3.395556,-0.1,mm,left_mm,2025-7-7 17:23,-0.1,
S1,blue_surface_displacement,3.396667,-0.1,mm,left_mm,2025-7-7 17:23,-0.1,
S1,blue_surface_displacement,3.397778,-0.1,mm,left_mm,2025-7-7 17:23,-0.1,
S1,blue_surface_displacement,3.398889,-0.1,mm,left_mm,2025-7-7 17:23,-0.1,
S1,blue_surface_displacement,3.4,-0.1,mm,left_mm,2025-7-7 17:24,-0.1,
S1,blue_surface_displacement,3.401111,-0.1,mm,left_mm,2025-7-7 17:24,-0.1,
S1,blue_surface_displacement,3.402222,-0.1,mm,left_mm,2025-7-7 17:24,-0.1,
S1,blue_surface_displacement,3.403333,-0.1,mm,left_mm,2025-7-7 17:24,-0.1,
S1,blue_surface_displacement,3.404444,-0.1,mm,left_mm,2025-7-7 17:24,-0.1,
S1,blue_surface_displacement,3.405556,-0.1,mm,left_mm,2025-7-7 17:24,-0.1,
S1,blue_surface_displacement,3.406667,-0.1,mm,left_mm,2025-7-7 17:24,-0.1,
S1,blue_surface_displacement,3.407778,-0.1,mm,left_mm,2025-7-7 17:24,-0.1,
S1,blue_surface_displacement,3.408889,-0.1,mm,left_mm,2025-7-7 17:24,-0.1,
S1,blue_surface_displacement,3.41,-0.1,mm,left_mm,2025-7-7 17:24,-0.1,
S1,blue_surface_displacement,3.411111,-0.1,mm,left_mm,2025-7-7 17:24,-0.1,
S1,blue_surface_displacement,3.412222,-0.1,mm,left_mm,2025-7-7 17:24,-0.1,
S1,blue_surface_displacement,3.413333,-0.1,mm,left_mm,2025-7-7 17:24,-0.1,
S1,blue_surface_displacement,3.414444,-0.1,mm,left_mm,2025-7-7 17:24,-0.1,
S1,blue_surface_displacement,3.415556,-0.1,mm,left_mm,2025-7-7 17:24,-0.1,
S1,blue_surface_displacement,3.416667,-0.1,mm,left_mm,2025-7-7 17:25,-0.1,
S1,blue_surface_displacement,3.417778,-0.1,mm,left_mm,2025-7-7 17:25,-0.1,
S1,blue_surface_displacement,3.418889,-0.1,mm,left_mm,2025-7-7 17:25,-0.1,
S1,blue_surface_displacement,3.42,-0.1,mm,left_mm,2025-7-7 17:25,-0.1,
S1,blue_surface_displacement,3.421111,-0.1,mm,left_mm,2025-7-7 17:25,-0.1,
S1,blue_surface_displacement,3.422222,-0.1,mm,left_mm,2025-7-7 17:25,-0.1,
S1,blue_surface_displacement,3.423333,-0.1,mm,left_mm,2025-7-7 17:25,-0.1,
S1,blue_surface_displacement,3.424444,-0.1,mm,left_mm,2025-7-7 17:25,-0.1,
S1,blue_surface_displacement,3.425556,-0.1,mm,left_mm,2025-7-7 17:25,-0.1,
S1,blue_surface_displacement,3.426667,-0.1,mm,left_mm,2025-7-7 17:25,-0.1,
S1,blue_surface_displacement,3.427778,-0.1,mm,left_mm,2025-7-7 17:25,-0.1,
S1,blue_surface_displacement,3.428889,0,mm,left_mm,2025-7-7 17:25,0,
S1,blue_surface_displacement,3.43,-0.1,mm,left_mm,2025-7-7 17:25,-0.1,
S1,blue_surface_displacement,3.431111,-0.1,mm,left_mm,2025-7-7 17:25,-0.1,
S1,blue_surface_displacement,3.432222,-0.1,mm,left_mm,2025-7-7 17:25,-0.1,
S1,blue_surface_displacement,3.433333,-0.1,mm,left_mm,2025-7-7 17:26,-0.1,
S1,blue_surface_displacement,3.434444,-0.1,mm,left_mm,2025-7-7 17:26,-0.1,
S1,blue_surface_displacement,3.435556,-0.1,mm,left_mm,2025-7-7 17:26,-0.1,
S1,blue_surface_displacement,3.436667,-0.1,mm,left_mm,2025-7-7 17:26,-0.1,
S1,blue_surface_displacement,3.437778,-0.1,mm,left_mm,2025-7-7 17:26,-0.1,
S1,blue_surface_displacement,3.438889,-0.1,mm,left_mm,2025-7-7 17:26,-0.1,
S1,blue_surface_displacement,3.44,-0.1,mm,left_mm,2025-7-7 17:26,-0.1,
S1,blue_surface_displacement,3.441111,-0.1,mm,left_mm,2025-7-7 17:26,-0.1,
S1,blue_surface_displacement,3.442222,-0.1,mm,left_mm,2025-7-7 17:26,-0.1,
S1,blue_surface_displacement,3.443333,-0.1,mm,left_mm,2025-7-7 17:26,-0.1,
S1,blue_surface_displacement,3.444444,-0.1,mm,left_mm,2025-7-7 17:26,-0.1,
S1,blue_surface_displacement,3.445556,-0.1,mm,left_mm,2025-7-7 17:26,-0.1,
S1,blue_surface_displacement,3.446667,-0.1,mm,left_mm,2025-7-7 17:26,-0.1,
S1,blue_surface_displacement,3.447778,-0.1,mm,left_mm,2025-7-7 17:26,-0.1,
S1,blue_surface_displacement,3.448889,0,mm,left_mm,2025-7-7 17:26,0,
S1,blue_surface_displacement,3.45,-0.1,mm,left_mm,2025-7-7 17:27,-0.1,
S1,blue_surface_displacement,3.451111,-0.1,mm,left_mm,2025-7-7 17:27,-0.1,
S1,blue_surface_displacement,3.452222,-0.1,mm,left_mm,2025-7-7 17:27,-0.1,
S1,blue_surface_displacement,3.453333,-0.1,mm,left_mm,2025-7-7 17:27,-0.1,
S1,blue_surface_displacement,3.454444,-0.1,mm,left_mm,2025-7-7 17:27,-0.1,
S1,blue_surface_displacement,3.455556,-0.1,mm,left_mm,2025-7-7 17:27,-0.1,
S1,blue_surface_displacement,3.456667,-0.1,mm,left_mm,2025-7-7 17:27,-0.1,
S1,blue_surface_displacement,3.457778,-0.1,mm,left_mm,2025-7-7 17:27,-0.1,
S1,blue_surface_displacement,3.458889,-0.1,mm,left_mm,2025-7-7 17:27,-0.1,
S1,blue_surface_displacement,3.46,-0.1,mm,left_mm,2025-7-7 17:27,-0.1,
S1,blue_surface_displacement,3.461111,-0.1,mm,left_mm,2025-7-7 17:27,-0.1,
S1,blue_surface_displacement,3.462222,-0.1,mm,left_mm,2025-7-7 17:27,-0.1,
S1,blue_surface_displacement,3.463333,-0.1,mm,left_mm,2025-7-7 17:27,-0.1,
S1,blue_surface_displacement,3.464444,-0.1,mm,left_mm,2025-7-7 17:27,-0.1,
S1,blue_surface_displacement,3.465556,-0.1,mm,left_mm,2025-7-7 17:27,-0.1,
S1,blue_surface_displacement,3.466667,-0.1,mm,left_mm,2025-7-7 17:28,-0.1,
S1,blue_surface_displacement,3.467778,0,mm,left_mm,2025-7-7 17:28,0,
S1,blue_surface_displacement,3.468889,-0.1,mm,left_mm,2025-7-7 17:28,-0.1,
S1,blue_surface_displacement,3.47,-0.1,mm,left_mm,2025-7-7 17:28,-0.1,
S1,blue_surface_displacement,3.471111,-0.1,mm,left_mm,2025-7-7 17:28,-0.1,
S1,blue_surface_displacement,3.472222,-0.1,mm,left_mm,2025-7-7 17:28,-0.1,
S1,blue_surface_displacement,3.473333,-0.1,mm,left_mm,2025-7-7 17:28,-0.1,
S1,blue_surface_displacement,3.474444,-0.1,mm,left_mm,2025-7-7 17:28,-0.1,
S1,blue_surface_displacement,3.475556,-0.1,mm,left_mm,2025-7-7 17:28,-0.1,
S1,blue_surface_displacement,3.476667,-0.1,mm,left_mm,2025-7-7 17:28,-0.1,
S1,blue_surface_displacement,3.477778,-0.1,mm,left_mm,2025-7-7 17:28,-0.1,
S1,blue_surface_displacement,3.478889,-0.1,mm,left_mm,2025-7-7 17:28,-0.1,
S1,blue_surface_displacement,3.48,-0.1,mm,left_mm,2025-7-7 17:28,-0.1,
S1,blue_surface_displacement,3.481111,-0.1,mm,left_mm,2025-7-7 17:28,-0.1,
S1,blue_surface_displacement,3.482222,0,mm,left_mm,2025-7-7 17:28,0,
S1,blue_surface_displacement,3.483333,-0.1,mm,left_mm,2025-7-7 17:29,-0.1,
S1,blue_surface_displacement,3.484444,-0.1,mm,left_mm,2025-7-7 17:29,-0.1,
S1,blue_surface_displacement,3.485556,-0.1,mm,left_mm,2025-7-7 17:29,-0.1,
S1,blue_surface_displacement,3.486667,-0.1,mm,left_mm,2025-7-7 17:29,-0.1,
S1,blue_surface_displacement,3.487778,-0.1,mm,left_mm,2025-7-7 17:29,-0.1,
S1,blue_surface_displacement,3.488889,0,mm,left_mm,2025-7-7 17:29,0,
S1,blue_surface_displacement,3.49,-0.1,mm,left_mm,2025-7-7 17:29,-0.1,
S1,blue_surface_displacement,3.491111,0,mm,left_mm,2025-7-7 17:29,0,
S1,blue_surface_displacement,3.492222,-0.1,mm,left_mm,2025-7-7 17:29,-0.1,
S1,blue_surface_displacement,3.493333,-0.1,mm,left_mm,2025-7-7 17:29,-0.1,
S1,blue_surface_displacement,3.494444,-0.1,mm,left_mm,2025-7-7 17:29,-0.1,
S1,blue_surface_displacement,3.495556,-0.1,mm,left_mm,2025-7-7 17:29,-0.1,
S1,blue_surface_displacement,3.496667,-0.1,mm,left_mm,2025-7-7 17:29,-0.1,
S1,blue_surface_displacement,3.497778,-0.1,mm,left_mm,2025-7-7 17:29,-0.1,
S1,blue_surface_displacement,3.498889,-0.1,mm,left_mm,2025-7-7 17:29,-0.1,
S1,blue_surface_displacement,3.5,-0.1,mm,left_mm,2025-7-7 17:30,-0.1,
S1,blue_surface_displacement,3.501111,-0.1,mm,left_mm,2025-7-7 17:30,-0.1,
S1,blue_surface_displacement,3.502222,-0.1,mm,left_mm,2025-7-7 17:30,-0.1,
S1,blue_surface_displacement,3.503333,-0.1,mm,left_mm,2025-7-7 17:30,-0.1,
S1,blue_surface_displacement,3.504444,-0.1,mm,left_mm,2025-7-7 17:30,-0.1,
S1,blue_surface_displacement,3.505556,-0.1,mm,left_mm,2025-7-7 17:30,-0.1,
S1,blue_surface_displacement,3.506667,0,mm,left_mm,2025-7-7 17:30,0,
S1,blue_surface_displacement,3.507778,-0.1,mm,left_mm,2025-7-7 17:30,-0.1,
S1,blue_surface_displacement,3.508889,-0.1,mm,left_mm,2025-7-7 17:30,-0.1,
S1,blue_surface_displacement,3.51,-0.1,mm,left_mm,2025-7-7 17:30,-0.1,
S1,blue_surface_displacement,3.511111,-0.1,mm,left_mm,2025-7-7 17:30,-0.1,
S1,blue_surface_displacement,3.512222,-0.1,mm,left_mm,2025-7-7 17:30,-0.1,
S1,blue_surface_displacement,3.513333,-0.1,mm,left_mm,2025-7-7 17:30,-0.1,
S1,blue_surface_displacement,3.514444,-0.1,mm,left_mm,2025-7-7 17:30,-0.1,
S1,blue_surface_displacement,3.515556,-0.1,mm,left_mm,2025-7-7 17:30,-0.1,
S1,blue_surface_displacement,3.516667,-0.1,mm,left_mm,2025-7-7 17:31,-0.1,
S1,blue_surface_displacement,3.517778,0,mm,left_mm,2025-7-7 17:31,0,
S1,blue_surface_displacement,3.518889,-0.1,mm,left_mm,2025-7-7 17:31,-0.1,
S1,blue_surface_displacement,3.52,-0.1,mm,left_mm,2025-7-7 17:31,-0.1,
S1,blue_surface_displacement,3.521111,-0.1,mm,left_mm,2025-7-7 17:31,-0.1,
S1,blue_surface_displacement,3.522222,-0.1,mm,left_mm,2025-7-7 17:31,-0.1,
S1,blue_surface_displacement,3.523333,-0.1,mm,left_mm,2025-7-7 17:31,-0.1,
S1,blue_surface_displacement,3.524444,-0.1,mm,left_mm,2025-7-7 17:31,-0.1,
S1,blue_surface_displacement,3.525556,-0.1,mm,left_mm,2025-7-7 17:31,-0.1,
S1,blue_surface_displacement,3.526667,-0.1,mm,left_mm,2025-7-7 17:31,-0.1,
S1,blue_surface_displacement,3.527778,0,mm,left_mm,2025-7-7 17:31,0,
S1,blue_surface_displacement,3.528889,0,mm,left_mm,2025-7-7 17:31,0,
S1,blue_surface_displacement,3.53,-0.1,mm,left_mm,2025-7-7 17:31,-0.1,
S1,blue_surface_displacement,3.531111,-0.1,mm,left_mm,2025-7-7 17:31,-0.1,
S1,blue_surface_displacement,3.532222,-0.1,mm,left_mm,2025-7-7 17:31,-0.1,
S1,blue_surface_displacement,3.533333,-0.1,mm,left_mm,2025-7-7 17:32,-0.1,
S1,blue_surface_displacement,3.534444,-0.1,mm,left_mm,2025-7-7 17:32,-0.1,
S1,blue_surface_displacement,3.535556,-0.1,mm,left_mm,2025-7-7 17:32,-0.1,
S1,blue_surface_displacement,3.536667,0,mm,left_mm,2025-7-7 17:32,0,
S1,blue_surface_displacement,3.537778,-0.1,mm,left_mm,2025-7-7 17:32,-0.1,
S1,blue_surface_displacement,3.538889,-0.1,mm,left_mm,2025-7-7 17:32,-0.1,
S1,blue_surface_displacement,3.54,-0.1,mm,left_mm,2025-7-7 17:32,-0.1,
S1,blue_surface_displacement,3.541111,-0.1,mm,left_mm,2025-7-7 17:32,-0.1,
S1,blue_surface_displacement,3.542222,0,mm,left_mm,2025-7-7 17:32,0,
S1,blue_surface_displacement,3.543333,-0.1,mm,left_mm,2025-7-7 17:32,-0.1,
S1,blue_surface_displacement,3.544444,-0.1,mm,left_mm,2025-7-7 17:32,-0.1,
S1,blue_surface_displacement,3.545556,0,mm,left_mm,2025-7-7 17:32,0,
S1,blue_surface_displacement,3.546667,-0.1,mm,left_mm,2025-7-7 17:32,-0.1,
S1,blue_surface_displacement,3.547778,0,mm,left_mm,2025-7-7 17:32,0,
S1,blue_surface_displacement,3.548889,-0.1,mm,left_mm,2025-7-7 17:32,-0.1,
S1,blue_surface_displacement,3.55,-0.1,mm,left_mm,2025-7-7 17:33,-0.1,
S1,blue_surface_displacement,3.551111,-0.1,mm,left_mm,2025-7-7 17:33,-0.1,
S1,blue_surface_displacement,3.552222,-0.1,mm,left_mm,2025-7-7 17:33,-0.1,
S1,blue_surface_displacement,3.553333,-0.1,mm,left_mm,2025-7-7 17:33,-0.1,
S1,blue_surface_displacement,3.554444,0,mm,left_mm,2025-7-7 17:33,0,
S1,blue_surface_displacement,3.555556,-0.1,mm,left_mm,2025-7-7 17:33,-0.1,
S1,blue_surface_displacement,3.556667,-0.1,mm,left_mm,2025-7-7 17:33,-0.1,
S1,blue_surface_displacement,3.557778,-0.1,mm,left_mm,2025-7-7 17:33,-0.1,
S1,blue_surface_displacement,3.558889,0,mm,left_mm,2025-7-7 17:33,0,
S1,blue_surface_displacement,3.56,-0.1,mm,left_mm,2025-7-7 17:33,-0.1,
S1,blue_surface_displacement,3.561111,-0.1,mm,left_mm,2025-7-7 17:33,-0.1,
S1,blue_surface_displacement,3.562222,-0.1,mm,left_mm,2025-7-7 17:33,-0.1,
S1,blue_surface_displacement,3.563333,-0.1,mm,left_mm,2025-7-7 17:33,-0.1,
S1,blue_surface_displacement,3.564444,-0.1,mm,left_mm,2025-7-7 17:33,-0.1,
S1,blue_surface_displacement,3.565556,-0.1,mm,left_mm,2025-7-7 17:33,-0.1,
S1,blue_surface_displacement,3.566667,-0.1,mm,left_mm,2025-7-7 17:34,-0.1,
S1,blue_surface_displacement,3.567778,-0.1,mm,left_mm,2025-7-7 17:34,-0.1,
S1,blue_surface_displacement,3.568889,-0.1,mm,left_mm,2025-7-7 17:34,-0.1,
S1,blue_surface_displacement,3.57,-0.1,mm,left_mm,2025-7-7 17:34,-0.1,
S1,blue_surface_displacement,3.571111,-0.1,mm,left_mm,2025-7-7 17:34,-0.1,
S1,blue_surface_displacement,3.572222,-0.1,mm,left_mm,2025-7-7 17:34,-0.1,
S1,blue_surface_displacement,3.573333,-0.1,mm,left_mm,2025-7-7 17:34,-0.1,
S1,blue_surface_displacement,3.574444,-0.1,mm,left_mm,2025-7-7 17:34,-0.1,
S1,blue_surface_displacement,3.575556,-0.1,mm,left_mm,2025-7-7 17:34,-0.1,
S1,blue_surface_displacement,3.576667,-0.1,mm,left_mm,2025-7-7 17:34,-0.1,
S1,blue_surface_displacement,3.577778,-0.1,mm,left_mm,2025-7-7 17:34,-0.1,
S1,blue_surface_displacement,3.578889,-0.1,mm,left_mm,2025-7-7 17:34,-0.1,
S1,blue_surface_displacement,3.58,-0.1,mm,left_mm,2025-7-7 17:34,-0.1,
S1,blue_surface_displacement,3.581111,-0.1,mm,left_mm,2025-7-7 17:34,-0.1,
S1,blue_surface_displacement,3.582222,-0.1,mm,left_mm,2025-7-7 17:34,-0.1,
S1,blue_surface_displacement,3.583333,-0.1,mm,left_mm,2025-7-7 17:35,-0.1,
S1,blue_surface_displacement,3.584444,-0.1,mm,left_mm,2025-7-7 17:35,-0.1,
S1,blue_surface_displacement,3.585556,-0.1,mm,left_mm,2025-7-7 17:35,-0.1,
S1,blue_surface_displacement,3.586667,0,mm,left_mm,2025-7-7 17:35,0,
S1,blue_surface_displacement,3.587778,-0.1,mm,left_mm,2025-7-7 17:35,-0.1,
S1,blue_surface_displacement,3.588889,-0.1,mm,left_mm,2025-7-7 17:35,-0.1,
S1,blue_surface_displacement,3.59,-0.1,mm,left_mm,2025-7-7 17:35,-0.1,
S1,blue_surface_displacement,3.591111,-0.1,mm,left_mm,2025-7-7 17:35,-0.1,
S1,blue_surface_displacement,3.592222,0,mm,left_mm,2025-7-7 17:35,0,
S1,blue_surface_displacement,3.593333,-0.1,mm,left_mm,2025-7-7 17:35,-0.1,
S1,blue_surface_displacement,3.594444,-0.1,mm,left_mm,2025-7-7 17:35,-0.1,
S1,blue_surface_displacement,3.595556,-0.1,mm,left_mm,2025-7-7 17:35,-0.1,
S1,blue_surface_displacement,3.596667,-0.1,mm,left_mm,2025-7-7 17:35,-0.1,
S1,blue_surface_displacement,3.597778,-0.1,mm,left_mm,2025-7-7 17:35,-0.1,
S1,blue_surface_displacement,3.598889,-0.1,mm,left_mm,2025-7-7 17:35,-0.1,
S1,blue_surface_displacement,3.6,-0.1,mm,left_mm,2025-7-7 17:36,-0.1,
S1,blue_surface_displacement,3.601111,0,mm,left_mm,2025-7-7 17:36,0,
S1,blue_surface_displacement,3.602222,-0.1,mm,left_mm,2025-7-7 17:36,-0.1,
S1,blue_surface_displacement,3.603333,-0.1,mm,left_mm,2025-7-7 17:36,-0.1,
S1,blue_surface_displacement,3.604444,-0.1,mm,left_mm,2025-7-7 17:36,-0.1,
S1,blue_surface_displacement,3.605556,-0.1,mm,left_mm,2025-7-7 17:36,-0.1,
S1,blue_surface_displacement,3.606667,-0.1,mm,left_mm,2025-7-7 17:36,-0.1,
S1,blue_surface_displacement,3.607778,-0.1,mm,left_mm,2025-7-7 17:36,-0.1,
S1,blue_surface_displacement,3.608889,-0.1,mm,left_mm,2025-7-7 17:36,-0.1,
S1,blue_surface_displacement,3.61,-0.1,mm,left_mm,2025-7-7 17:36,-0.1,
S1,blue_surface_displacement,3.611111,0,mm,left_mm,2025-7-7 17:36,0,
S1,blue_surface_displacement,3.612222,-0.1,mm,left_mm,2025-7-7 17:36,-0.1,
S1,blue_surface_displacement,3.613333,0,mm,left_mm,2025-7-7 17:36,0,
S1,blue_surface_displacement,3.614444,-0.1,mm,left_mm,2025-7-7 17:36,-0.1,
S1,blue_surface_displacement,3.615556,-0.1,mm,left_mm,2025-7-7 17:36,-0.1,
S1,blue_surface_displacement,3.616667,-0.1,mm,left_mm,2025-7-7 17:37,-0.1,
S1,blue_surface_displacement,3.617778,-0.1,mm,left_mm,2025-7-7 17:37,-0.1,
S1,blue_surface_displacement,3.618889,0,mm,left_mm,2025-7-7 17:37,0,
S1,blue_surface_displacement,3.62,-0.1,mm,left_mm,2025-7-7 17:37,-0.1,
S1,blue_surface_displacement,3.621111,0,mm,left_mm,2025-7-7 17:37,0,
S1,blue_surface_displacement,3.622222,-0.1,mm,left_mm,2025-7-7 17:37,-0.1,
S1,blue_surface_displacement,3.623333,-0.1,mm,left_mm,2025-7-7 17:37,-0.1,
S1,blue_surface_displacement,3.624444,0,mm,left_mm,2025-7-7 17:37,0,
S1,blue_surface_displacement,3.625556,-0.1,mm,left_mm,2025-7-7 17:37,-0.1,
S1,blue_surface_displacement,3.626667,0,mm,left_mm,2025-7-7 17:37,0,
S1,blue_surface_displacement,3.627778,-0.1,mm,left_mm,2025-7-7 17:37,-0.1,
S1,blue_surface_displacement,3.628889,-0.1,mm,left_mm,2025-7-7 17:37,-0.1,
S1,blue_surface_displacement,3.63,0,mm,left_mm,2025-7-7 17:37,0,
S1,blue_surface_displacement,3.631111,-0.1,mm,left_mm,2025-7-7 17:37,-0.1,
S1,blue_surface_displacement,3.632222,0,mm,left_mm,2025-7-7 17:37,0,
S1,blue_surface_displacement,3.633333,-0.1,mm,left_mm,2025-7-7 17:38,-0.1,
S1,blue_surface_displacement,3.634444,0,mm,left_mm,2025-7-7 17:38,0,
S1,blue_surface_displacement,3.635556,0,mm,left_mm,2025-7-7 17:38,0,
S1,blue_surface_displacement,3.636667,-0.1,mm,left_mm,2025-7-7 17:38,-0.1,
S1,blue_surface_displacement,3.637778,-0.1,mm,left_mm,2025-7-7 17:38,-0.1,
S1,blue_surface_displacement,3.638889,0,mm,left_mm,2025-7-7 17:38,0,
S1,blue_surface_displacement,3.64,-0.1,mm,left_mm,2025-7-7 17:38,-0.1,
S1,blue_surface_displacement,3.641111,0,mm,left_mm,2025-7-7 17:38,0,
S1,blue_surface_displacement,3.642222,0,mm,left_mm,2025-7-7 17:38,0,
S1,blue_surface_displacement,3.643333,0,mm,left_mm,2025-7-7 17:38,0,
S1,blue_surface_displacement,3.644444,0,mm,left_mm,2025-7-7 17:38,0,
S1,blue_surface_displacement,3.645556,0,mm,left_mm,2025-7-7 17:38,0,
S1,blue_surface_displacement,3.646667,0,mm,left_mm,2025-7-7 17:38,0,
S1,blue_surface_displacement,3.647778,0,mm,left_mm,2025-7-7 17:38,0,
S1,blue_surface_displacement,3.648889,0,mm,left_mm,2025-7-7 17:38,0,
S1,blue_surface_displacement,3.65,0,mm,left_mm,2025-7-7 17:39,0,
S1,blue_surface_displacement,3.651111,0,mm,left_mm,2025-7-7 17:39,0,
S1,blue_surface_displacement,3.652222,-0.1,mm,left_mm,2025-7-7 17:39,-0.1,
S1,blue_surface_displacement,3.653333,-0.1,mm,left_mm,2025-7-7 17:39,-0.1,
S1,blue_surface_displacement,3.654444,0,mm,left_mm,2025-7-7 17:39,0,
S1,blue_surface_displacement,3.655556,0,mm,left_mm,2025-7-7 17:39,0,
S1,blue_surface_displacement,3.656667,0,mm,left_mm,2025-7-7 17:39,0,
S1,blue_surface_displacement,3.657778,0,mm,left_mm,2025-7-7 17:39,0,
S1,blue_surface_displacement,3.658889,0,mm,left_mm,2025-7-7 17:39,0,
S1,blue_surface_displacement,3.66,0,mm,left_mm,2025-7-7 17:39,0,
S1,blue_surface_displacement,3.661111,0,mm,left_mm,2025-7-7 17:39,0,
S1,blue_surface_displacement,3.662222,0,mm,left_mm,2025-7-7 17:39,0,
S1,blue_surface_displacement,3.663333,0,mm,left_mm,2025-7-7 17:39,0,
S1,blue_surface_displacement,3.664444,0,mm,left_mm,2025-7-7 17:39,0,
S1,blue_surface_displacement,3.665556,0,mm,left_mm,2025-7-7 17:39,0,
S1,blue_surface_displacement,3.666667,0,mm,left_mm,2025-7-7 17:40,0,
S1,blue_surface_displacement,3.667778,0,mm,left_mm,2025-7-7 17:40,0,
S1,blue_surface_displacement,3.668889,0,mm,left_mm,2025-7-7 17:40,0,
S1,blue_surface_displacement,3.67,-0.1,mm,left_mm,2025-7-7 17:40,-0.1,
S1,blue_surface_displacement,3.671111,-0.1,mm,left_mm,2025-7-7 17:40,-0.1,
S1,blue_surface_displacement,3.672222,0,mm,left_mm,2025-7-7 17:40,0,
S1,blue_surface_displacement,3.673333,-0.1,mm,left_mm,2025-7-7 17:40,-0.1,
S1,blue_surface_displacement,3.674444,0,mm,left_mm,2025-7-7 17:40,0,
S1,blue_surface_displacement,3.675556,0,mm,left_mm,2025-7-7 17:40,0,
S1,blue_surface_displacement,3.676667,-0.1,mm,left_mm,2025-7-7 17:40,-0.1,
S1,blue_surface_displacement,3.677778,0,mm,left_mm,2025-7-7 17:40,0,
S1,blue_surface_displacement,3.678889,0,mm,left_mm,2025-7-7 17:40,0,
S1,blue_surface_displacement,3.68,0,mm,left_mm,2025-7-7 17:40,0,
S1,blue_surface_displacement,3.681111,-0.1,mm,left_mm,2025-7-7 17:40,-0.1,
S1,blue_surface_displacement,3.682222,0,mm,left_mm,2025-7-7 17:40,0,
S1,blue_surface_displacement,3.683333,0,mm,left_mm,2025-7-7 17:41,0,
S1,blue_surface_displacement,3.684444,0,mm,left_mm,2025-7-7 17:41,0,
S1,blue_surface_displacement,3.685556,-0.1,mm,left_mm,2025-7-7 17:41,-0.1,
S1,blue_surface_displacement,3.686667,0,mm,left_mm,2025-7-7 17:41,0,
S1,blue_surface_displacement,3.687778,0,mm,left_mm,2025-7-7 17:41,0,
S1,blue_surface_displacement,3.688889,0,mm,left_mm,2025-7-7 17:41,0,
S1,blue_surface_displacement,3.69,-0.1,mm,left_mm,2025-7-7 17:41,-0.1,
S1,blue_surface_displacement,3.691111,0,mm,left_mm,2025-7-7 17:41,0,
S1,blue_surface_displacement,3.692222,0,mm,left_mm,2025-7-7 17:41,0,
S1,blue_surface_displacement,3.693333,0,mm,left_mm,2025-7-7 17:41,0,
S1,blue_surface_displacement,3.694444,0,mm,left_mm,2025-7-7 17:41,0,
S1,blue_surface_displacement,3.695556,-0.1,mm,left_mm,2025-7-7 17:41,-0.1,
S1,blue_surface_displacement,3.696667,-0.1,mm,left_mm,2025-7-7 17:41,-0.1,
S1,blue_surface_displacement,3.697778,0,mm,left_mm,2025-7-7 17:41,0,
S1,blue_surface_displacement,3.698889,0,mm,left_mm,2025-7-7 17:41,0,
S1,blue_surface_displacement,3.7,0,mm,left_mm,2025-7-7 17:42,0,
S1,blue_surface_displacement,3.701111,0,mm,left_mm,2025-7-7 17:42,0,
S1,blue_surface_displacement,3.702222,0,mm,left_mm,2025-7-7 17:42,0,
S1,blue_surface_displacement,3.703333,-0.1,mm,left_mm,2025-7-7 17:42,-0.1,
S1,blue_surface_displacement,3.704444,0,mm,left_mm,2025-7-7 17:42,0,
S1,blue_surface_displacement,3.705556,-0.1,mm,left_mm,2025-7-7 17:42,-0.1,
S1,blue_surface_displacement,3.706667,-0.1,mm,left_mm,2025-7-7 17:42,-0.1,
S1,blue_surface_displacement,3.707778,0,mm,left_mm,2025-7-7 17:42,0,
S1,blue_surface_displacement,3.708889,0,mm,left_mm,2025-7-7 17:42,0,
S1,blue_surface_displacement,3.71,0,mm,left_mm,2025-7-7 17:42,0,
S1,blue_surface_displacement,3.711111,-0.1,mm,left_mm,2025-7-7 17:42,-0.1,
S1,blue_surface_displacement,3.712222,0,mm,left_mm,2025-7-7 17:42,0,
S1,blue_surface_displacement,3.713333,0,mm,left_mm,2025-7-7 17:42,0,
S1,blue_surface_displacement,3.714444,0,mm,left_mm,2025-7-7 17:42,0,
S1,blue_surface_displacement,3.715556,-0.1,mm,left_mm,2025-7-7 17:42,-0.1,
S1,blue_surface_displacement,3.716667,0,mm,left_mm,2025-7-7 17:43,0,
S1,blue_surface_displacement,3.717778,0,mm,left_mm,2025-7-7 17:43,0,
S1,blue_surface_displacement,3.718889,0,mm,left_mm,2025-7-7 17:43,0,
S1,blue_surface_displacement,3.72,0,mm,left_mm,2025-7-7 17:43,0,
S1,blue_surface_displacement,3.721111,0,mm,left_mm,2025-7-7 17:43,0,
S1,blue_surface_displacement,3.722222,0,mm,left_mm,2025-7-7 17:43,0,
S1,blue_surface_displacement,3.723333,0,mm,left_mm,2025-7-7 17:43,0,
S1,blue_surface_displacement,3.724444,0,mm,left_mm,2025-7-7 17:43,0,
S1,blue_surface_displacement,3.725556,0,mm,left_mm,2025-7-7 17:43,0,
S1,blue_surface_displacement,3.726667,0,mm,left_mm,2025-7-7 17:43,0,
S1,blue_surface_displacement,3.727778,0,mm,left_mm,2025-7-7 17:43,0,
S1,blue_surface_displacement,3.728889,0,mm,left_mm,2025-7-7 17:43,0,
S1,blue_surface_displacement,3.73,0,mm,left_mm,2025-7-7 17:43,0,
S1,blue_surface_displacement,3.731111,0,mm,left_mm,2025-7-7 17:43,0,
S1,blue_surface_displacement,3.732222,0,mm,left_mm,2025-7-7 17:43,0,
S1,blue_surface_displacement,3.733333,0,mm,left_mm,2025-7-7 17:44,0,
S1,blue_surface_displacement,3.734444,0,mm,left_mm,2025-7-7 17:44,0,
S1,blue_surface_displacement,3.735556,0,mm,left_mm,2025-7-7 17:44,0,
S1,blue_surface_displacement,3.736667,0,mm,left_mm,2025-7-7 17:44,0,
S1,blue_surface_displacement,3.737778,0,mm,left_mm,2025-7-7 17:44,0,
S1,blue_surface_displacement,3.738889,0,mm,left_mm,2025-7-7 17:44,0,
S1,blue_surface_displacement,3.74,0,mm,left_mm,2025-7-7 17:44,0,
S1,blue_surface_displacement,3.741111,-0.1,mm,left_mm,2025-7-7 17:44,-0.1,
S1,blue_surface_displacement,3.742222,-0.1,mm,left_mm,2025-7-7 17:44,-0.1,
S1,blue_surface_displacement,3.743333,0,mm,left_mm,2025-7-7 17:44,0,
S1,blue_surface_displacement,3.744444,0,mm,left_mm,2025-7-7 17:44,0,
S1,blue_surface_displacement,3.745556,0,mm,left_mm,2025-7-7 17:44,0,
S1,blue_surface_displacement,3.746667,0,mm,left_mm,2025-7-7 17:44,0,
S1,blue_surface_displacement,3.747778,0,mm,left_mm,2025-7-7 17:44,0,
S1,blue_surface_displacement,3.748889,0,mm,left_mm,2025-7-7 17:44,0,
S1,blue_surface_displacement,3.75,0,mm,left_mm,2025-7-7 17:45,0,
S1,blue_surface_displacement,3.751111,0,mm,left_mm,2025-7-7 17:45,0,
S1,blue_surface_displacement,3.752222,0,mm,left_mm,2025-7-7 17:45,0,
S1,blue_surface_displacement,3.753333,0,mm,left_mm,2025-7-7 17:45,0,
S1,blue_surface_displacement,3.754444,0,mm,left_mm,2025-7-7 17:45,0,
S1,blue_surface_displacement,3.755556,0,mm,left_mm,2025-7-7 17:45,0,
S1,blue_surface_displacement,3.756667,0,mm,left_mm,2025-7-7 17:45,0,
S1,blue_surface_displacement,3.757778,0,mm,left_mm,2025-7-7 17:45,0,
S1,blue_surface_displacement,3.758889,-0.1,mm,left_mm,2025-7-7 17:45,-0.1,
S1,blue_surface_displacement,3.76,0,mm,left_mm,2025-7-7 17:45,0,
S1,blue_surface_displacement,3.761111,-0.1,mm,left_mm,2025-7-7 17:45,-0.1,
S1,blue_surface_displacement,3.762222,0,mm,left_mm,2025-7-7 17:45,0,
S1,blue_surface_displacement,3.763333,0,mm,left_mm,2025-7-7 17:45,0,
S1,blue_surface_displacement,3.764444,0,mm,left_mm,2025-7-7 17:45,0,
S1,blue_surface_displacement,3.765556,0,mm,left_mm,2025-7-7 17:45,0,
S1,blue_surface_displacement,3.766667,0,mm,left_mm,2025-7-7 17:46,0,
S1,blue_surface_displacement,3.767778,0,mm,left_mm,2025-7-7 17:46,0,
S1,blue_surface_displacement,3.768889,0,mm,left_mm,2025-7-7 17:46,0,
S1,blue_surface_displacement,3.77,0,mm,left_mm,2025-7-7 17:46,0,
S1,blue_surface_displacement,3.771111,-0.1,mm,left_mm,2025-7-7 17:46,-0.1,
S1,blue_surface_displacement,3.772222,-0.1,mm,left_mm,2025-7-7 17:46,-0.1,
S1,blue_surface_displacement,3.773333,0,mm,left_mm,2025-7-7 17:46,0,
S1,blue_surface_displacement,3.774444,0,mm,left_mm,2025-7-7 17:46,0,
S1,blue_surface_displacement,3.775556,-0.1,mm,left_mm,2025-7-7 17:46,-0.1,
S1,blue_surface_displacement,3.776667,0,mm,left_mm,2025-7-7 17:46,0,
S1,blue_surface_displacement,3.777778,0,mm,left_mm,2025-7-7 17:46,0,
S1,blue_surface_displacement,3.778889,-0.1,mm,left_mm,2025-7-7 17:46,-0.1,
S1,blue_surface_displacement,3.78,-0.1,mm,left_mm,2025-7-7 17:46,-0.1,
S1,blue_surface_displacement,3.781111,-0.1,mm,left_mm,2025-7-7 17:46,-0.1,
S1,blue_surface_displacement,3.782222,0,mm,left_mm,2025-7-7 17:46,0,
S1,blue_surface_displacement,3.783333,0,mm,left_mm,2025-7-7 17:47,0,
S1,blue_surface_displacement,3.784444,0,mm,left_mm,2025-7-7 17:47,0,
S1,blue_surface_displacement,3.785556,0,mm,left_mm,2025-7-7 17:47,0,
S1,blue_surface_displacement,3.786667,0,mm,left_mm,2025-7-7 17:47,0,
S1,blue_surface_displacement,3.787778,0,mm,left_mm,2025-7-7 17:47,0,
S1,blue_surface_displacement,3.788889,-0.1,mm,left_mm,2025-7-7 17:47,-0.1,
S1,blue_surface_displacement,3.79,-0.1,mm,left_mm,2025-7-7 17:47,-0.1,
S1,blue_surface_displacement,3.791111,-0.1,mm,left_mm,2025-7-7 17:47,-0.1,
S1,blue_surface_displacement,3.792222,0,mm,left_mm,2025-7-7 17:47,0,
S1,blue_surface_displacement,3.793333,0,mm,left_mm,2025-7-7 17:47,0,
S1,blue_surface_displacement,3.794444,0,mm,left_mm,2025-7-7 17:47,0,
S1,blue_surface_displacement,3.795556,-0.1,mm,left_mm,2025-7-7 17:47,-0.1,
S1,blue_surface_displacement,3.796667,0,mm,left_mm,2025-7-7 17:47,0,
S1,blue_surface_displacement,3.797778,-0.1,mm,left_mm,2025-7-7 17:47,-0.1,
S1,blue_surface_displacement,3.798889,0,mm,left_mm,2025-7-7 17:47,0,
S1,blue_surface_displacement,3.8,0,mm,left_mm,2025-7-7 17:48,0,
S1,blue_surface_displacement,3.801111,-0.1,mm,left_mm,2025-7-7 17:48,-0.1,
S1,blue_surface_displacement,3.802222,-0.1,mm,left_mm,2025-7-7 17:48,-0.1,
S1,blue_surface_displacement,3.803333,-0.1,mm,left_mm,2025-7-7 17:48,-0.1,
S1,blue_surface_displacement,3.804444,0,mm,left_mm,2025-7-7 17:48,0,
S1,blue_surface_displacement,3.805556,0,mm,left_mm,2025-7-7 17:48,0,
S1,blue_surface_displacement,3.806667,-0.1,mm,left_mm,2025-7-7 17:48,-0.1,
S1,blue_surface_displacement,3.807778,-0.1,mm,left_mm,2025-7-7 17:48,-0.1,
S1,blue_surface_displacement,3.808889,-0.1,mm,left_mm,2025-7-7 17:48,-0.1,
S1,blue_surface_displacement,3.81,-0.1,mm,left_mm,2025-7-7 17:48,-0.1,
S1,blue_surface_displacement,3.811111,-0.1,mm,left_mm,2025-7-7 17:48,-0.1,
S1,blue_surface_displacement,3.812222,-0.1,mm,left_mm,2025-7-7 17:48,-0.1,
S1,blue_surface_displacement,3.813333,-0.1,mm,left_mm,2025-7-7 17:48,-0.1,
S1,blue_surface_displacement,3.814444,-0.1,mm,left_mm,2025-7-7 17:48,-0.1,
S1,blue_surface_displacement,3.815556,-0.1,mm,left_mm,2025-7-7 17:48,-0.1,
S1,blue_surface_displacement,3.816667,0,mm,left_mm,2025-7-7 17:49,0,
S1,blue_surface_displacement,3.817778,-0.1,mm,left_mm,2025-7-7 17:49,-0.1,
S1,blue_surface_displacement,3.818889,-0.1,mm,left_mm,2025-7-7 17:49,-0.1,
S1,blue_surface_displacement,3.82,0,mm,left_mm,2025-7-7 17:49,0,
S1,blue_surface_displacement,3.821111,-0.1,mm,left_mm,2025-7-7 17:49,-0.1,
S1,blue_surface_displacement,3.822222,-0.1,mm,left_mm,2025-7-7 17:49,-0.1,
S1,blue_surface_displacement,3.823333,0,mm,left_mm,2025-7-7 17:49,0,
S1,blue_surface_displacement,3.824444,0,mm,left_mm,2025-7-7 17:49,0,
S1,blue_surface_displacement,3.825556,-0.1,mm,left_mm,2025-7-7 17:49,-0.1,
S1,blue_surface_displacement,3.826667,0,mm,left_mm,2025-7-7 17:49,0,
S1,blue_surface_displacement,3.827778,-0.1,mm,left_mm,2025-7-7 17:49,-0.1,
S1,blue_surface_displacement,3.828889,-0.1,mm,left_mm,2025-7-7 17:49,-0.1,
S1,blue_surface_displacement,3.83,-0.1,mm,left_mm,2025-7-7 17:49,-0.1,
S1,blue_surface_displacement,3.831111,-0.1,mm,left_mm,2025-7-7 17:49,-0.1,
S1,blue_surface_displacement,3.832222,0,mm,left_mm,2025-7-7 17:49,0,
S1,blue_surface_displacement,3.833333,-0.1,mm,left_mm,2025-7-7 17:50,-0.1,
S1,blue_surface_displacement,3.834444,-0.1,mm,left_mm,2025-7-7 17:50,-0.1,
S1,blue_surface_displacement,3.835556,0,mm,left_mm,2025-7-7 17:50,0,
S1,blue_surface_displacement,3.836667,-0.1,mm,left_mm,2025-7-7 17:50,-0.1,
S1,blue_surface_displacement,3.837778,-0.1,mm,left_mm,2025-7-7 17:50,-0.1,
S1,blue_surface_displacement,3.838889,0,mm,left_mm,2025-7-7 17:50,0,
S1,blue_surface_displacement,3.84,-0.1,mm,left_mm,2025-7-7 17:50,-0.1,
S1,blue_surface_displacement,3.841111,0,mm,left_mm,2025-7-7 17:50,0,
S1,blue_surface_displacement,3.842222,0,mm,left_mm,2025-7-7 17:50,0,
S1,blue_surface_displacement,3.843333,-0.1,mm,left_mm,2025-7-7 17:50,-0.1,
S1,blue_surface_displacement,3.844444,0,mm,left_mm,2025-7-7 17:50,0,
S1,blue_surface_displacement,3.845556,0,mm,left_mm,2025-7-7 17:50,0,
S1,blue_surface_displacement,3.846667,0,mm,left_mm,2025-7-7 17:50,0,
S1,blue_surface_displacement,3.847778,-0.1,mm,left_mm,2025-7-7 17:50,-0.1,
S1,blue_surface_displacement,3.848889,-0.1,mm,left_mm,2025-7-7 17:50,-0.1,
S1,blue_surface_displacement,3.85,-0.1,mm,left_mm,2025-7-7 17:51,-0.1,
S1,blue_surface_displacement,3.851111,-0.1,mm,left_mm,2025-7-7 17:51,-0.1,
S1,blue_surface_displacement,3.852222,-0.1,mm,left_mm,2025-7-7 17:51,-0.1,
S1,blue_surface_displacement,3.853333,0,mm,left_mm,2025-7-7 17:51,0,
S1,blue_surface_displacement,3.854444,0,mm,left_mm,2025-7-7 17:51,0,
S1,blue_surface_displacement,3.855556,0,mm,left_mm,2025-7-7 17:51,0,
S1,blue_surface_displacement,3.856667,-0.1,mm,left_mm,2025-7-7 17:51,-0.1,
S1,blue_surface_displacement,3.857778,0,mm,left_mm,2025-7-7 17:51,0,
S1,blue_surface_displacement,3.858889,-0.1,mm,left_mm,2025-7-7 17:51,-0.1,
S1,blue_surface_displacement,3.86,-0.1,mm,left_mm,2025-7-7 17:51,-0.1,
S1,blue_surface_displacement,3.861111,0,mm,left_mm,2025-7-7 17:51,0,
S1,blue_surface_displacement,3.862222,-0.1,mm,left_mm,2025-7-7 17:51,-0.1,
S1,blue_surface_displacement,3.863333,-0.1,mm,left_mm,2025-7-7 17:51,-0.1,
S1,blue_surface_displacement,3.864444,-0.1,mm,left_mm,2025-7-7 17:51,-0.1,
S1,blue_surface_displacement,3.865556,-0.1,mm,left_mm,2025-7-7 17:51,-0.1,
S1,blue_surface_displacement,3.866667,-0.1,mm,left_mm,2025-7-7 17:52,-0.1,
S1,blue_surface_displacement,3.867778,0,mm,left_mm,2025-7-7 17:52,0,
S1,blue_surface_displacement,3.868889,0,mm,left_mm,2025-7-7 17:52,0,
S1,blue_surface_displacement,3.87,-0.1,mm,left_mm,2025-7-7 17:52,-0.1,
S1,blue_surface_displacement,3.871111,-0.1,mm,left_mm,2025-7-7 17:52,-0.1,
S1,blue_surface_displacement,3.872222,-0.1,mm,left_mm,2025-7-7 17:52,-0.1,
S1,blue_surface_displacement,3.873333,-0.1,mm,left_mm,2025-7-7 17:52,-0.1,
S1,blue_surface_displacement,3.874444,-0.1,mm,left_mm,2025-7-7 17:52,-0.1,
S1,blue_surface_displacement,3.875556,-0.1,mm,left_mm,2025-7-7 17:52,-0.1,
S1,blue_surface_displacement,3.876667,0,mm,left_mm,2025-7-7 17:52,0,
S1,blue_surface_displacement,3.877778,-0.1,mm,left_mm,2025-7-7 17:52,-0.1,
S1,blue_surface_displacement,3.878889,-0.1,mm,left_mm,2025-7-7 17:52,-0.1,
S1,blue_surface_displacement,3.88,0,mm,left_mm,2025-7-7 17:52,0,
S1,blue_surface_displacement,3.881111,-0.1,mm,left_mm,2025-7-7 17:52,-0.1,
S1,blue_surface_displacement,3.882222,-0.1,mm,left_mm,2025-7-7 17:52,-0.1,
S1,blue_surface_displacement,3.883333,0,mm,left_mm,2025-7-7 17:53,0,
S1,blue_surface_displacement,3.884444,-0.1,mm,left_mm,2025-7-7 17:53,-0.1,
S1,blue_surface_displacement,3.885556,-0.1,mm,left_mm,2025-7-7 17:53,-0.1,
S1,blue_surface_displacement,3.886667,0,mm,left_mm,2025-7-7 17:53,0,
S1,blue_surface_displacement,3.887778,0,mm,left_mm,2025-7-7 17:53,0,
S1,blue_surface_displacement,3.888889,0,mm,left_mm,2025-7-7 17:53,0,
S1,blue_surface_displacement,3.89,0,mm,left_mm,2025-7-7 17:53,0,
S1,blue_surface_displacement,3.891111,-0.1,mm,left_mm,2025-7-7 17:53,-0.1,
S1,blue_surface_displacement,3.892222,-0.1,mm,left_mm,2025-7-7 17:53,-0.1,
S1,blue_surface_displacement,3.893333,-0.1,mm,left_mm,2025-7-7 17:53,-0.1,
S1,blue_surface_displacement,3.894444,0,mm,left_mm,2025-7-7 17:53,0,
S1,blue_surface_displacement,3.895556,-0.1,mm,left_mm,2025-7-7 17:53,-0.1,
S1,blue_surface_displacement,3.896667,-0.1,mm,left_mm,2025-7-7 17:53,-0.1,
S1,blue_surface_displacement,3.897778,0,mm,left_mm,2025-7-7 17:53,0,
S1,blue_surface_displacement,3.898889,0,mm,left_mm,2025-7-7 17:53,0,
S1,blue_surface_displacement,3.9,0,mm,left_mm,2025-7-7 17:54,0,
S1,blue_surface_displacement,3.901111,0,mm,left_mm,2025-7-7 17:54,0,
S1,blue_surface_displacement,3.902222,0,mm,left_mm,2025-7-7 17:54,0,
S1,blue_surface_displacement,3.903333,-0.1,mm,left_mm,2025-7-7 17:54,-0.1,
S1,blue_surface_displacement,3.904444,0,mm,left_mm,2025-7-7 17:54,0,
S1,blue_surface_displacement,3.905556,0,mm,left_mm,2025-7-7 17:54,0,
S1,blue_surface_displacement,3.906667,-0.1,mm,left_mm,2025-7-7 17:54,-0.1,
S1,blue_surface_displacement,3.907778,0,mm,left_mm,2025-7-7 17:54,0,
S1,blue_surface_displacement,3.908889,0,mm,left_mm,2025-7-7 17:54,0,
S1,blue_surface_displacement,3.91,-0.1,mm,left_mm,2025-7-7 17:54,-0.1,
S1,blue_surface_displacement,3.911111,0,mm,left_mm,2025-7-7 17:54,0,
S1,blue_surface_displacement,3.912222,0,mm,left_mm,2025-7-7 17:54,0,
S1,blue_surface_displacement,3.913333,0,mm,left_mm,2025-7-7 17:54,0,
S1,blue_surface_displacement,3.914444,-0.1,mm,left_mm,2025-7-7 17:54,-0.1,
S1,blue_surface_displacement,3.915556,0,mm,left_mm,2025-7-7 17:54,0,
S1,blue_surface_displacement,3.916667,0,mm,left_mm,2025-7-7 17:55,0,
S1,blue_surface_displacement,3.917778,-0.1,mm,left_mm,2025-7-7 17:55,-0.1,
S1,blue_surface_displacement,3.918889,0,mm,left_mm,2025-7-7 17:55,0,
S1,blue_surface_displacement,3.92,0,mm,left_mm,2025-7-7 17:55,0,
S1,blue_surface_displacement,3.921111,-0.1,mm,left_mm,2025-7-7 17:55,-0.1,
S1,blue_surface_displacement,3.922222,0,mm,left_mm,2025-7-7 17:55,0,
S1,blue_surface_displacement,3.923333,-0.1,mm,left_mm,2025-7-7 17:55,-0.1,
S1,blue_surface_displacement,3.924444,0,mm,left_mm,2025-7-7 17:55,0,
S1,blue_surface_displacement,3.925556,0,mm,left_mm,2025-7-7 17:55,0,
S1,blue_surface_displacement,3.926667,0,mm,left_mm,2025-7-7 17:55,0,
S1,blue_surface_displacement,3.927778,0,mm,left_mm,2025-7-7 17:55,0,
S1,blue_surface_displacement,3.928889,0,mm,left_mm,2025-7-7 17:55,0,
S1,blue_surface_displacement,3.93,0,mm,left_mm,2025-7-7 17:55,0,
S1,blue_surface_displacement,3.931111,0,mm,left_mm,2025-7-7 17:55,0,
S1,blue_surface_displacement,3.932222,0,mm,left_mm,2025-7-7 17:55,0,
S1,blue_surface_displacement,3.933333,0,mm,left_mm,2025-7-7 17:56,0,
S1,blue_surface_displacement,3.934444,-0.1,mm,left_mm,2025-7-7 17:56,-0.1,
S1,blue_surface_displacement,3.935556,0,mm,left_mm,2025-7-7 17:56,0,
S1,blue_surface_displacement,3.936667,0,mm,left_mm,2025-7-7 17:56,0,
S1,blue_surface_displacement,3.937778,0,mm,left_mm,2025-7-7 17:56,0,
S1,blue_surface_displacement,3.938889,0,mm,left_mm,2025-7-7 17:56,0,
S1,blue_surface_displacement,3.94,0,mm,left_mm,2025-7-7 17:56,0,
S1,blue_surface_displacement,3.941111,0,mm,left_mm,2025-7-7 17:56,0,
S1,blue_surface_displacement,3.942222,0,mm,left_mm,2025-7-7 17:56,0,
S1,blue_surface_displacement,3.943333,0,mm,left_mm,2025-7-7 17:56,0,
S1,blue_surface_displacement,3.944444,0,mm,left_mm,2025-7-7 17:56,0,
S1,blue_surface_displacement,3.945556,0,mm,left_mm,2025-7-7 17:56,0,
S1,blue_surface_displacement,3.946667,0,mm,left_mm,2025-7-7 17:56,0,
S1,blue_surface_displacement,3.947778,-0.1,mm,left_mm,2025-7-7 17:56,-0.1,
S1,blue_surface_displacement,3.948889,0,mm,left_mm,2025-7-7 17:56,0,
S1,blue_surface_displacement,3.95,0,mm,left_mm,2025-7-7 17:57,0,
S1,blue_surface_displacement,3.951111,0,mm,left_mm,2025-7-7 17:57,0,
S1,blue_surface_displacement,3.952222,-0.1,mm,left_mm,2025-7-7 17:57,-0.1,
S1,blue_surface_displacement,3.953333,0,mm,left_mm,2025-7-7 17:57,0,
S1,blue_surface_displacement,3.954444,0,mm,left_mm,2025-7-7 17:57,0,
S1,blue_surface_displacement,3.955556,0,mm,left_mm,2025-7-7 17:57,0,
S1,blue_surface_displacement,3.956667,0,mm,left_mm,2025-7-7 17:57,0,
S1,blue_surface_displacement,3.957778,-0.1,mm,left_mm,2025-7-7 17:57,-0.1,
S1,blue_surface_displacement,3.958889,-0.1,mm,left_mm,2025-7-7 17:57,-0.1,
S1,blue_surface_displacement,3.96,-0.1,mm,left_mm,2025-7-7 17:57,-0.1,
S1,blue_surface_displacement,3.961111,-0.1,mm,left_mm,2025-7-7 17:57,-0.1,
S1,blue_surface_displacement,3.962222,-0.1,mm,left_mm,2025-7-7 17:57,-0.1,
S1,blue_surface_displacement,3.963333,-0.1,mm,left_mm,2025-7-7 17:57,-0.1,
S1,blue_surface_displacement,3.964444,0,mm,left_mm,2025-7-7 17:57,0,
S1,blue_surface_displacement,3.965556,-0.1,mm,left_mm,2025-7-7 17:57,-0.1,
S1,blue_surface_displacement,3.966667,-0.1,mm,left_mm,2025-7-7 17:58,-0.1,
S1,blue_surface_displacement,3.967778,-0.1,mm,left_mm,2025-7-7 17:58,-0.1,
S1,blue_surface_displacement,3.968889,-0.1,mm,left_mm,2025-7-7 17:58,-0.1,
S1,blue_surface_displacement,3.97,-0.1,mm,left_mm,2025-7-7 17:58,-0.1,
S1,blue_surface_displacement,3.971111,-0.1,mm,left_mm,2025-7-7 17:58,-0.1,
S1,blue_surface_displacement,3.972222,0,mm,left_mm,2025-7-7 17:58,0,
S1,blue_surface_displacement,3.973333,-0.1,mm,left_mm,2025-7-7 17:58,-0.1,
S1,blue_surface_displacement,3.974444,-0.1,mm,left_mm,2025-7-7 17:58,-0.1,
S1,blue_surface_displacement,3.975556,-0.1,mm,left_mm,2025-7-7 17:58,-0.1,
S1,blue_surface_displacement,3.976667,0,mm,left_mm,2025-7-7 17:58,0,
S1,blue_surface_displacement,3.977778,-0.1,mm,left_mm,2025-7-7 17:58,-0.1,
S1,blue_surface_displacement,3.978889,-0.1,mm,left_mm,2025-7-7 17:58,-0.1,
S1,blue_surface_displacement,3.98,-0.1,mm,left_mm,2025-7-7 17:58,-0.1,
S1,blue_surface_displacement,3.981111,-0.1,mm,left_mm,2025-7-7 17:58,-0.1,
S1,blue_surface_displacement,3.982222,-0.1,mm,left_mm,2025-7-7 17:58,-0.1,
S1,blue_surface_displacement,3.983333,-0.1,mm,left_mm,2025-7-7 17:59,-0.1,
S1,blue_surface_displacement,3.984444,-0.1,mm,left_mm,2025-7-7 17:59,-0.1,
S1,blue_surface_displacement,3.985556,-0.1,mm,left_mm,2025-7-7 17:59,-0.1,
S1,blue_surface_displacement,3.986667,-0.1,mm,left_mm,2025-7-7 17:59,-0.1,
S1,blue_surface_displacement,3.987778,-0.1,mm,left_mm,2025-7-7 17:59,-0.1,
S1,blue_surface_displacement,3.988889,0,mm,left_mm,2025-7-7 17:59,0,
S1,blue_surface_displacement,3.99,-0.1,mm,left_mm,2025-7-7 17:59,-0.1,
S1,blue_surface_displacement,3.991111,-0.1,mm,left_mm,2025-7-7 17:59,-0.1,
S1,blue_surface_displacement,3.992222,-0.1,mm,left_mm,2025-7-7 17:59,-0.1,
S1,blue_surface_displacement,3.993333,-0.1,mm,left_mm,2025-7-7 17:59,-0.1,
S1,blue_surface_displacement,3.994444,-0.1,mm,left_mm,2025-7-7 17:59,-0.1,
S1,blue_surface_displacement,3.995556,-0.1,mm,left_mm,2025-7-7 17:59,-0.1,
S1,blue_surface_displacement,3.996667,-0.1,mm,left_mm,2025-7-7 17:59,-0.1,
S1,blue_surface_displacement,3.997778,-0.1,mm,left_mm,2025-7-7 17:59,-0.1,
S1,blue_surface_displacement,3.998889,0,mm,left_mm,2025-7-7 17:59,0,
S1,blue_surface_displacement,4,-0.1,mm,left_mm,2025-7-7 18:00,-0.1,
S1,blue_surface_displacement,4.001111,0,mm,left_mm,2025-7-7 18:00,0,
S1,blue_surface_displacement,4.002222,-0.1,mm,left_mm,2025-7-7 18:00,-0.1,
S1,blue_surface_displacement,4.003333,-0.1,mm,left_mm,2025-7-7 18:00,-0.1,
S1,blue_surface_displacement,4.004444,-0.1,mm,left_mm,2025-7-7 18:00,-0.1,
S1,blue_surface_displacement,4.005556,-0.1,mm,left_mm,2025-7-7 18:00,-0.1,
S1,blue_surface_displacement,4.006667,-0.1,mm,left_mm,2025-7-7 18:00,-0.1,
S1,blue_surface_displacement,4.007778,-0.1,mm,left_mm,2025-7-7 18:00,-0.1,
S1,blue_surface_displacement,4.008889,-0.1,mm,left_mm,2025-7-7 18:00,-0.1,
S1,blue_surface_displacement,4.01,-0.1,mm,left_mm,2025-7-7 18:00,-0.1,
S1,blue_surface_displacement,4.011111,-0.1,mm,left_mm,2025-7-7 18:00,-0.1,
S1,blue_surface_displacement,4.012222,0,mm,left_mm,2025-7-7 18:00,0,
S1,blue_surface_displacement,4.013333,-0.1,mm,left_mm,2025-7-7 18:00,-0.1,
S1,blue_surface_displacement,4.014444,-0.1,mm,left_mm,2025-7-7 18:00,-0.1,
S1,blue_surface_displacement,4.015556,-0.1,mm,left_mm,2025-7-7 18:00,-0.1,
S1,blue_surface_displacement,4.016667,-0.1,mm,left_mm,2025-7-7 18:01,-0.1,
S1,blue_surface_displacement,4.017778,-0.1,mm,left_mm,2025-7-7 18:01,-0.1,
S1,blue_surface_displacement,4.018889,-0.1,mm,left_mm,2025-7-7 18:01,-0.1,
S1,blue_surface_displacement,4.02,-0.1,mm,left_mm,2025-7-7 18:01,-0.1,
S1,blue_surface_displacement,4.021111,-0.1,mm,left_mm,2025-7-7 18:01,-0.1,
S1,blue_surface_displacement,4.022222,-0.1,mm,left_mm,2025-7-7 18:01,-0.1,
S1,blue_surface_displacement,4.023333,-0.1,mm,left_mm,2025-7-7 18:01,-0.1,
S1,blue_surface_displacement,4.024444,-0.1,mm,left_mm,2025-7-7 18:01,-0.1,
S1,blue_surface_displacement,4.025556,-0.1,mm,left_mm,2025-7-7 18:01,-0.1,
S1,blue_surface_displacement,4.026667,-0.1,mm,left_mm,2025-7-7 18:01,-0.1,
S1,blue_surface_displacement,4.027778,-0.1,mm,left_mm,2025-7-7 18:01,-0.1,
S1,blue_surface_displacement,4.028889,-0.1,mm,left_mm,2025-7-7 18:01,-0.1,
S1,blue_surface_displacement,4.03,0,mm,left_mm,2025-7-7 18:01,0,
S1,blue_surface_displacement,4.031111,0,mm,left_mm,2025-7-7 18:01,0,
S1,blue_surface_displacement,4.032222,-0.1,mm,left_mm,2025-7-7 18:01,-0.1,
S1,blue_surface_displacement,4.033333,-0.1,mm,left_mm,2025-7-7 18:02,-0.1,
S1,blue_surface_displacement,4.034444,-0.1,mm,left_mm,2025-7-7 18:02,-0.1,
S1,blue_surface_displacement,4.035556,0,mm,left_mm,2025-7-7 18:02,0,
S1,blue_surface_displacement,4.036667,0,mm,left_mm,2025-7-7 18:02,0,
S1,blue_surface_displacement,4.037778,-0.1,mm,left_mm,2025-7-7 18:02,-0.1,
S1,blue_surface_displacement,4.038889,0,mm,left_mm,2025-7-7 18:02,0,
S1,blue_surface_displacement,4.04,-0.1,mm,left_mm,2025-7-7 18:02,-0.1,
S1,blue_surface_displacement,4.041111,0,mm,left_mm,2025-7-7 18:02,0,
S1,blue_surface_displacement,4.042222,-0.1,mm,left_mm,2025-7-7 18:02,-0.1,
S1,blue_surface_displacement,4.043333,-0.1,mm,left_mm,2025-7-7 18:02,-0.1,
S1,blue_surface_displacement,4.044444,0,mm,left_mm,2025-7-7 18:02,0,
S1,blue_surface_displacement,4.045556,0,mm,left_mm,2025-7-7 18:02,0,
S1,blue_surface_displacement,4.046667,0,mm,left_mm,2025-7-7 18:02,0,
S1,blue_surface_displacement,4.047778,0,mm,left_mm,2025-7-7 18:02,0,
S1,blue_surface_displacement,4.048889,-0.1,mm,left_mm,2025-7-7 18:02,-0.1,
S1,blue_surface_displacement,4.05,0,mm,left_mm,2025-7-7 18:03,0,
S1,blue_surface_displacement,4.051111,-0.1,mm,left_mm,2025-7-7 18:03,-0.1,
S1,blue_surface_displacement,4.052222,0,mm,left_mm,2025-7-7 18:03,0,
S1,blue_surface_displacement,4.053333,-0.1,mm,left_mm,2025-7-7 18:03,-0.1,
S1,blue_surface_displacement,4.054444,-0.1,mm,left_mm,2025-7-7 18:03,-0.1,
S1,blue_surface_displacement,4.055556,0,mm,left_mm,2025-7-7 18:03,0,
S1,blue_surface_displacement,4.056667,-0.1,mm,left_mm,2025-7-7 18:03,-0.1,
S1,blue_surface_displacement,4.057778,-0.1,mm,left_mm,2025-7-7 18:03,-0.1,
S1,blue_surface_displacement,4.058889,0,mm,left_mm,2025-7-7 18:03,0,
S1,blue_surface_displacement,4.06,-0.1,mm,left_mm,2025-7-7 18:03,-0.1,
S1,blue_surface_displacement,4.061111,-0.1,mm,left_mm,2025-7-7 18:03,-0.1,
S1,blue_surface_displacement,4.062222,0,mm,left_mm,2025-7-7 18:03,0,
S1,blue_surface_displacement,4.063333,-0.1,mm,left_mm,2025-7-7 18:03,-0.1,
S1,blue_surface_displacement,4.064444,-0.1,mm,left_mm,2025-7-7 18:03,-0.1,
S1,blue_surface_displacement,4.065556,0,mm,left_mm,2025-7-7 18:03,0,
S1,blue_surface_displacement,4.066667,-0.1,mm,left_mm,2025-7-7 18:04,-0.1,
S1,blue_surface_displacement,4.067778,-0.1,mm,left_mm,2025-7-7 18:04,-0.1,
S1,blue_surface_displacement,4.068889,-0.1,mm,left_mm,2025-7-7 18:04,-0.1,
S1,blue_surface_displacement,4.07,-0.1,mm,left_mm,2025-7-7 18:04,-0.1,
S1,blue_surface_displacement,4.071111,-0.1,mm,left_mm,2025-7-7 18:04,-0.1,
S1,blue_surface_displacement,4.072222,0,mm,left_mm,2025-7-7 18:04,0,
S1,blue_surface_displacement,4.073333,0,mm,left_mm,2025-7-7 18:04,0,
S1,blue_surface_displacement,4.074444,0,mm,left_mm,2025-7-7 18:04,0,
S1,blue_surface_displacement,4.075556,-0.1,mm,left_mm,2025-7-7 18:04,-0.1,
S1,blue_surface_displacement,4.076667,0,mm,left_mm,2025-7-7 18:04,0,
S1,blue_surface_displacement,4.077778,-0.1,mm,left_mm,2025-7-7 18:04,-0.1,
S1,blue_surface_displacement,4.078889,-0.1,mm,left_mm,2025-7-7 18:04,-0.1,
S1,blue_surface_displacement,4.08,-0.1,mm,left_mm,2025-7-7 18:04,-0.1,
S1,blue_surface_displacement,4.081111,0,mm,left_mm,2025-7-7 18:04,0,
S1,blue_surface_displacement,4.082222,0,mm,left_mm,2025-7-7 18:04,0,
S1,blue_surface_displacement,4.083333,-0.1,mm,left_mm,2025-7-7 18:05,-0.1,
S1,blue_surface_displacement,4.084444,-0.1,mm,left_mm,2025-7-7 18:05,-0.1,
S1,blue_surface_displacement,4.085556,-0.1,mm,left_mm,2025-7-7 18:05,-0.1,
S1,blue_surface_displacement,4.086667,0,mm,left_mm,2025-7-7 18:05,0,
S1,blue_surface_displacement,4.087778,-0.1,mm,left_mm,2025-7-7 18:05,-0.1,
S1,blue_surface_displacement,4.088889,-0.1,mm,left_mm,2025-7-7 18:05,-0.1,
S1,blue_surface_displacement,4.09,0,mm,left_mm,2025-7-7 18:05,0,
S1,blue_surface_displacement,4.091111,-0.1,mm,left_mm,2025-7-7 18:05,-0.1,
S1,blue_surface_displacement,4.092222,0,mm,left_mm,2025-7-7 18:05,0,
S1,blue_surface_displacement,4.093333,-0.1,mm,left_mm,2025-7-7 18:05,-0.1,
S1,blue_surface_displacement,4.094444,0,mm,left_mm,2025-7-7 18:05,0,
S1,blue_surface_displacement,4.095556,-0.1,mm,left_mm,2025-7-7 18:05,-0.1,
S1,blue_surface_displacement,4.096667,-0.1,mm,left_mm,2025-7-7 18:05,-0.1,
S1,blue_surface_displacement,4.097778,0,mm,left_mm,2025-7-7 18:05,0,
S1,blue_surface_displacement,4.098889,-0.1,mm,left_mm,2025-7-7 18:05,-0.1,
S1,blue_surface_displacement,4.1,-0.1,mm,left_mm,2025-7-7 18:06,-0.1,
S1,blue_surface_displacement,4.101111,-0.1,mm,left_mm,2025-7-7 18:06,-0.1,
S1,blue_surface_displacement,4.102222,-0.1,mm,left_mm,2025-7-7 18:06,-0.1,
S1,blue_surface_displacement,4.103333,-0.1,mm,left_mm,2025-7-7 18:06,-0.1,
S1,blue_surface_displacement,4.104444,0,mm,left_mm,2025-7-7 18:06,0,
S1,blue_surface_displacement,4.105556,-0.1,mm,left_mm,2025-7-7 18:06,-0.1,
S1,blue_surface_displacement,4.106667,-0.1,mm,left_mm,2025-7-7 18:06,-0.1,
S1,blue_surface_displacement,4.107778,-0.1,mm,left_mm,2025-7-7 18:06,-0.1,
S1,blue_surface_displacement,4.108889,0,mm,left_mm,2025-7-7 18:06,0,
S1,blue_surface_displacement,4.11,-0.1,mm,left_mm,2025-7-7 18:06,-0.1,
S1,blue_surface_displacement,4.111111,-0.1,mm,left_mm,2025-7-7 18:06,-0.1,
S1,blue_surface_displacement,4.112222,-0.1,mm,left_mm,2025-7-7 18:06,-0.1,
S1,blue_surface_displacement,4.113333,0,mm,left_mm,2025-7-7 18:06,0,
S1,blue_surface_displacement,4.114444,0,mm,left_mm,2025-7-7 18:06,0,
S1,blue_surface_displacement,4.115556,0,mm,left_mm,2025-7-7 18:06,0,
S1,blue_surface_displacement,4.116667,-0.1,mm,left_mm,2025-7-7 18:07,-0.1,
S1,blue_surface_displacement,4.117778,0,mm,left_mm,2025-7-7 18:07,0,
S1,blue_surface_displacement,4.118889,-0.1,mm,left_mm,2025-7-7 18:07,-0.1,
S1,blue_surface_displacement,4.12,-0.1,mm,left_mm,2025-7-7 18:07,-0.1,
S1,blue_surface_displacement,4.121111,-0.1,mm,left_mm,2025-7-7 18:07,-0.1,
S1,blue_surface_displacement,4.122222,0,mm,left_mm,2025-7-7 18:07,0,
S1,blue_surface_displacement,4.123333,0,mm,left_mm,2025-7-7 18:07,0,
S1,blue_surface_displacement,4.124444,-0.1,mm,left_mm,2025-7-7 18:07,-0.1,
S1,blue_surface_displacement,4.125556,-0.1,mm,left_mm,2025-7-7 18:07,-0.1,
S1,blue_surface_displacement,4.126667,0,mm,left_mm,2025-7-7 18:07,0,
S1,blue_surface_displacement,4.127778,-0.1,mm,left_mm,2025-7-7 18:07,-0.1,
S1,blue_surface_displacement,4.128889,-0.1,mm,left_mm,2025-7-7 18:07,-0.1,
S1,blue_surface_displacement,4.13,-0.1,mm,left_mm,2025-7-7 18:07,-0.1,
S1,blue_surface_displacement,4.131111,0,mm,left_mm,2025-7-7 18:07,0,
S1,blue_surface_displacement,4.132222,0,mm,left_mm,2025-7-7 18:07,0,
S1,blue_surface_displacement,4.133333,0,mm,left_mm,2025-7-7 18:08,0,
S1,blue_surface_displacement,4.134444,-0.1,mm,left_mm,2025-7-7 18:08,-0.1,
S1,blue_surface_displacement,4.135556,0,mm,left_mm,2025-7-7 18:08,0,
S1,blue_surface_displacement,4.136667,0,mm,left_mm,2025-7-7 18:08,0,
S1,blue_surface_displacement,4.137778,-0.1,mm,left_mm,2025-7-7 18:08,-0.1,
S1,blue_surface_displacement,4.138889,-0.1,mm,left_mm,2025-7-7 18:08,-0.1,
S1,blue_surface_displacement,4.14,-0.1,mm,left_mm,2025-7-7 18:08,-0.1,
S1,blue_surface_displacement,4.141111,-0.1,mm,left_mm,2025-7-7 18:08,-0.1,
S1,blue_surface_displacement,4.142222,-0.1,mm,left_mm,2025-7-7 18:08,-0.1,
S1,blue_surface_displacement,4.143333,0,mm,left_mm,2025-7-7 18:08,0,
S1,blue_surface_displacement,4.144444,-0.1,mm,left_mm,2025-7-7 18:08,-0.1,
S1,blue_surface_displacement,4.145556,0,mm,left_mm,2025-7-7 18:08,0,
S1,blue_surface_displacement,4.146667,0,mm,left_mm,2025-7-7 18:08,0,
S1,blue_surface_displacement,4.147778,0,mm,left_mm,2025-7-7 18:08,0,
S1,blue_surface_displacement,4.148889,0,mm,left_mm,2025-7-7 18:08,0,
S1,blue_surface_displacement,4.15,0,mm,left_mm,2025-7-7 18:09,0,
S1,blue_surface_displacement,4.151111,-0.1,mm,left_mm,2025-7-7 18:09,-0.1,
S1,blue_surface_displacement,4.152222,0,mm,left_mm,2025-7-7 18:09,0,
S1,blue_surface_displacement,4.153333,0,mm,left_mm,2025-7-7 18:09,0,
S1,blue_surface_displacement,4.154444,-0.1,mm,left_mm,2025-7-7 18:09,-0.1,
S1,blue_surface_displacement,4.155556,0,mm,left_mm,2025-7-7 18:09,0,
S1,blue_surface_displacement,4.156667,0,mm,left_mm,2025-7-7 18:09,0,
S1,blue_surface_displacement,4.157778,-0.1,mm,left_mm,2025-7-7 18:09,-0.1,
S1,blue_surface_displacement,4.158889,0,mm,left_mm,2025-7-7 18:09,0,
S1,blue_surface_displacement,4.16,-0.1,mm,left_mm,2025-7-7 18:09,-0.1,
S1,blue_surface_displacement,4.161111,-0.1,mm,left_mm,2025-7-7 18:09,-0.1,
S1,blue_surface_displacement,4.162222,-0.1,mm,left_mm,2025-7-7 18:09,-0.1,
S1,blue_surface_displacement,4.163333,-0.1,mm,left_mm,2025-7-7 18:09,-0.1,
S1,blue_surface_displacement,4.164444,-0.1,mm,left_mm,2025-7-7 18:09,-0.1,
S1,blue_surface_displacement,4.165556,-0.1,mm,left_mm,2025-7-7 18:09,-0.1,
S1,blue_surface_displacement,4.166667,0,mm,left_mm,2025-7-7 18:10,0,
S1,blue_surface_displacement,4.167778,-0.1,mm,left_mm,2025-7-7 18:10,-0.1,
S1,blue_surface_displacement,4.168889,-0.1,mm,left_mm,2025-7-7 18:10,-0.1,
S1,blue_surface_displacement,4.17,0,mm,left_mm,2025-7-7 18:10,0,
S1,blue_surface_displacement,4.171111,0,mm,left_mm,2025-7-7 18:10,0,
S1,blue_surface_displacement,4.172222,0,mm,left_mm,2025-7-7 18:10,0,
S1,blue_surface_displacement,4.173333,-0.1,mm,left_mm,2025-7-7 18:10,-0.1,
S1,blue_surface_displacement,4.174444,-0.1,mm,left_mm,2025-7-7 18:10,-0.1,
S1,blue_surface_displacement,4.175556,-0.1,mm,left_mm,2025-7-7 18:10,-0.1,
S1,blue_surface_displacement,4.176667,0,mm,left_mm,2025-7-7 18:10,0,
S1,blue_surface_displacement,4.177778,-0.1,mm,left_mm,2025-7-7 18:10,-0.1,
S1,blue_surface_displacement,4.178889,-0.1,mm,left_mm,2025-7-7 18:10,-0.1,
S1,blue_surface_displacement,4.18,0,mm,left_mm,2025-7-7 18:10,0,
S1,blue_surface_displacement,4.181111,0,mm,left_mm,2025-7-7 18:10,0,
S1,blue_surface_displacement,4.182222,0,mm,left_mm,2025-7-7 18:10,0,
S1,blue_surface_displacement,4.183333,-0.1,mm,left_mm,2025-7-7 18:11,-0.1,
S1,blue_surface_displacement,4.184444,-0.1,mm,left_mm,2025-7-7 18:11,-0.1,
S1,blue_surface_displacement,4.185556,-0.1,mm,left_mm,2025-7-7 18:11,-0.1,
S1,blue_surface_displacement,4.186667,-0.1,mm,left_mm,2025-7-7 18:11,-0.1,
S1,blue_surface_displacement,4.187778,0,mm,left_mm,2025-7-7 18:11,0,
S1,blue_surface_displacement,4.188889,0,mm,left_mm,2025-7-7 18:11,0,
S1,blue_surface_displacement,4.19,-0.1,mm,left_mm,2025-7-7 18:11,-0.1,
S1,blue_surface_displacement,4.191111,-0.1,mm,left_mm,2025-7-7 18:11,-0.1,
S1,blue_surface_displacement,4.192222,-0.1,mm,left_mm,2025-7-7 18:11,-0.1,
S1,blue_surface_displacement,4.193333,-0.1,mm,left_mm,2025-7-7 18:11,-0.1,
S1,blue_surface_displacement,4.194444,0,mm,left_mm,2025-7-7 18:11,0,
S1,blue_surface_displacement,4.195556,0,mm,left_mm,2025-7-7 18:11,0,
S1,blue_surface_displacement,4.196667,-0.1,mm,left_mm,2025-7-7 18:11,-0.1,
S1,blue_surface_displacement,4.197778,-0.1,mm,left_mm,2025-7-7 18:11,-0.1,
S1,blue_surface_displacement,4.198889,-0.1,mm,left_mm,2025-7-7 18:11,-0.1,
S1,blue_surface_displacement,4.2,-0.1,mm,left_mm,2025-7-7 18:12,-0.1,
S1,blue_surface_displacement,4.201111,-0.1,mm,left_mm,2025-7-7 18:12,-0.1,
S1,blue_surface_displacement,4.202222,-0.1,mm,left_mm,2025-7-7 18:12,-0.1,
S1,blue_surface_displacement,4.203333,-0.1,mm,left_mm,2025-7-7 18:12,-0.1,
S1,blue_surface_displacement,4.204444,-0.1,mm,left_mm,2025-7-7 18:12,-0.1,
S1,blue_surface_displacement,4.205556,-0.1,mm,left_mm,2025-7-7 18:12,-0.1,
S1,blue_surface_displacement,4.206667,-0.1,mm,left_mm,2025-7-7 18:12,-0.1,
S1,blue_surface_displacement,4.207778,-0.1,mm,left_mm,2025-7-7 18:12,-0.1,
S1,blue_surface_displacement,4.208889,-0.1,mm,left_mm,2025-7-7 18:12,-0.1,
S1,blue_surface_displacement,4.21,-0.1,mm,left_mm,2025-7-7 18:12,-0.1,
S1,blue_surface_displacement,4.211111,-0.1,mm,left_mm,2025-7-7 18:12,-0.1,
S1,blue_surface_displacement,4.212222,-0.1,mm,left_mm,2025-7-7 18:12,-0.1,
S1,blue_surface_displacement,4.213333,-0.1,mm,left_mm,2025-7-7 18:12,-0.1,
S1,blue_surface_displacement,4.214444,-0.1,mm,left_mm,2025-7-7 18:12,-0.1,
S1,blue_surface_displacement,4.215556,-0.1,mm,left_mm,2025-7-7 18:12,-0.1,
S1,blue_surface_displacement,4.216667,-0.1,mm,left_mm,2025-7-7 18:13,-0.1,
S1,blue_surface_displacement,4.217778,-0.1,mm,left_mm,2025-7-7 18:13,-0.1,
S1,blue_surface_displacement,4.218889,-0.1,mm,left_mm,2025-7-7 18:13,-0.1,
S1,blue_surface_displacement,4.22,-0.1,mm,left_mm,2025-7-7 18:13,-0.1,
S1,blue_surface_displacement,4.221111,-0.1,mm,left_mm,2025-7-7 18:13,-0.1,
S1,blue_surface_displacement,4.222222,-0.1,mm,left_mm,2025-7-7 18:13,-0.1,
S1,blue_surface_displacement,4.223333,-0.1,mm,left_mm,2025-7-7 18:13,-0.1,
S1,blue_surface_displacement,4.224444,-0.1,mm,left_mm,2025-7-7 18:13,-0.1,
S1,blue_surface_displacement,4.225556,-0.1,mm,left_mm,2025-7-7 18:13,-0.1,
S1,blue_surface_displacement,4.226667,-0.1,mm,left_mm,2025-7-7 18:13,-0.1,
S1,blue_surface_displacement,4.227778,-0.1,mm,left_mm,2025-7-7 18:13,-0.1,
S1,blue_surface_displacement,4.228889,-0.2,mm,left_mm,2025-7-7 18:13,-0.2,
S1,blue_surface_displacement,4.23,-0.1,mm,left_mm,2025-7-7 18:13,-0.1,
S1,blue_surface_displacement,4.231111,-0.2,mm,left_mm,2025-7-7 18:13,-0.2,
S1,blue_surface_displacement,4.232222,-0.1,mm,left_mm,2025-7-7 18:13,-0.1,
S1,blue_surface_displacement,4.233333,-0.2,mm,left_mm,2025-7-7 18:14,-0.2,
S1,blue_surface_displacement,4.234444,-0.2,mm,left_mm,2025-7-7 18:14,-0.2,
S1,blue_surface_displacement,4.235556,-0.2,mm,left_mm,2025-7-7 18:14,-0.2,
S1,blue_surface_displacement,4.236667,-0.2,mm,left_mm,2025-7-7 18:14,-0.2,
S1,blue_surface_displacement,4.237778,-0.2,mm,left_mm,2025-7-7 18:14,-0.2,
S1,blue_surface_displacement,4.238889,-0.2,mm,left_mm,2025-7-7 18:14,-0.2,
S1,blue_surface_displacement,4.24,-0.2,mm,left_mm,2025-7-7 18:14,-0.2,
S1,blue_surface_displacement,4.241111,-0.2,mm,left_mm,2025-7-7 18:14,-0.2,
S1,blue_surface_displacement,4.242222,-0.2,mm,left_mm,2025-7-7 18:14,-0.2,
S1,blue_surface_displacement,4.243333,-0.2,mm,left_mm,2025-7-7 18:14,-0.2,
S1,blue_surface_displacement,4.244444,-0.2,mm,left_mm,2025-7-7 18:14,-0.2,
S1,blue_surface_displacement,4.245556,-0.2,mm,left_mm,2025-7-7 18:14,-0.2,
S1,blue_surface_displacement,4.246667,-0.2,mm,left_mm,2025-7-7 18:14,-0.2,
S1,blue_surface_displacement,4.247778,-0.2,mm,left_mm,2025-7-7 18:14,-0.2,
S1,blue_surface_displacement,4.248889,-0.2,mm,left_mm,2025-7-7 18:14,-0.2,
S1,blue_surface_displacement,4.25,-0.2,mm,left_mm,2025-7-7 18:15,-0.2,
S1,blue_surface_displacement,4.251111,-0.1,mm,left_mm,2025-7-7 18:15,-0.1,
S1,blue_surface_displacement,4.252222,-0.1,mm,left_mm,2025-7-7 18:15,-0.1,
S1,blue_surface_displacement,4.253333,-0.1,mm,left_mm,2025-7-7 18:15,-0.1,
S1,blue_surface_displacement,4.254444,0,mm,left_mm,2025-7-7 18:15,0,
S1,blue_surface_displacement,4.255556,-0.1,mm,left_mm,2025-7-7 18:15,-0.1,
S1,blue_surface_displacement,4.256667,-0.1,mm,left_mm,2025-7-7 18:15,-0.1,
S1,blue_surface_displacement,4.257778,-0.1,mm,left_mm,2025-7-7 18:15,-0.1,
S1,blue_surface_displacement,4.258889,-0.1,mm,left_mm,2025-7-7 18:15,-0.1,
S1,blue_surface_displacement,4.26,-0.1,mm,left_mm,2025-7-7 18:15,-0.1,
S1,blue_surface_displacement,4.261111,-0.1,mm,left_mm,2025-7-7 18:15,-0.1,
S1,blue_surface_displacement,4.262222,-0.1,mm,left_mm,2025-7-7 18:15,-0.1,
S1,blue_surface_displacement,4.263333,-0.1,mm,left_mm,2025-7-7 18:15,-0.1,
S1,blue_surface_displacement,4.264444,-0.1,mm,left_mm,2025-7-7 18:15,-0.1,
S1,blue_surface_displacement,4.265556,-0.1,mm,left_mm,2025-7-7 18:15,-0.1,
S1,blue_surface_displacement,4.266667,-0.1,mm,left_mm,2025-7-7 18:16,-0.1,
S1,blue_surface_displacement,4.267778,-0.1,mm,left_mm,2025-7-7 18:16,-0.1,
S1,blue_surface_displacement,4.268889,0,mm,left_mm,2025-7-7 18:16,0,
S1,blue_surface_displacement,4.27,0,mm,left_mm,2025-7-7 18:16,0,
S1,blue_surface_displacement,4.271111,-0.1,mm,left_mm,2025-7-7 18:16,-0.1,
S1,blue_surface_displacement,4.272222,-0.1,mm,left_mm,2025-7-7 18:16,-0.1,
S1,blue_surface_displacement,4.273333,-0.1,mm,left_mm,2025-7-7 18:16,-0.1,
S1,blue_surface_displacement,4.274444,-0.1,mm,left_mm,2025-7-7 18:16,-0.1,
S1,blue_surface_displacement,4.275556,0,mm,left_mm,2025-7-7 18:16,0,
S1,blue_surface_displacement,4.276667,-0.1,mm,left_mm,2025-7-7 18:16,-0.1,
S1,blue_surface_displacement,4.277778,-0.1,mm,left_mm,2025-7-7 18:16,-0.1,
S1,blue_surface_displacement,4.278889,0,mm,left_mm,2025-7-7 18:16,0,
S1,blue_surface_displacement,4.28,-0.1,mm,left_mm,2025-7-7 18:16,-0.1,
S1,blue_surface_displacement,4.281111,-0.1,mm,left_mm,2025-7-7 18:16,-0.1,
S1,blue_surface_displacement,4.282222,-0.1,mm,left_mm,2025-7-7 18:16,-0.1,
S1,blue_surface_displacement,4.283333,-0.1,mm,left_mm,2025-7-7 18:17,-0.1,
S1,blue_surface_displacement,4.284444,-0.1,mm,left_mm,2025-7-7 18:17,-0.1,
S1,blue_surface_displacement,4.285556,-0.1,mm,left_mm,2025-7-7 18:17,-0.1,
S1,blue_surface_displacement,4.286667,-0.1,mm,left_mm,2025-7-7 18:17,-0.1,
S1,blue_surface_displacement,4.287778,0,mm,left_mm,2025-7-7 18:17,0,
S1,blue_surface_displacement,4.288889,-0.1,mm,left_mm,2025-7-7 18:17,-0.1,
S1,blue_surface_displacement,4.29,-0.1,mm,left_mm,2025-7-7 18:17,-0.1,
S1,blue_surface_displacement,4.291111,-0.1,mm,left_mm,2025-7-7 18:17,-0.1,
S1,blue_surface_displacement,4.292222,-0.1,mm,left_mm,2025-7-7 18:17,-0.1,
S1,blue_surface_displacement,4.293333,-0.1,mm,left_mm,2025-7-7 18:17,-0.1,
S1,blue_surface_displacement,4.294444,-0.1,mm,left_mm,2025-7-7 18:17,-0.1,
S1,blue_surface_displacement,4.295556,-0.1,mm,left_mm,2025-7-7 18:17,-0.1,
S1,blue_surface_displacement,4.296667,-0.1,mm,left_mm,2025-7-7 18:17,-0.1,
S1,blue_surface_displacement,4.297778,-0.1,mm,left_mm,2025-7-7 18:17,-0.1,
S1,blue_surface_displacement,4.298889,-0.1,mm,left_mm,2025-7-7 18:17,-0.1,
S1,blue_surface_displacement,4.3,-0.1,mm,left_mm,2025-7-7 18:18,-0.1,
S1,blue_surface_displacement,4.301111,-0.1,mm,left_mm,2025-7-7 18:18,-0.1,
S1,blue_surface_displacement,4.302222,-0.1,mm,left_mm,2025-7-7 18:18,-0.1,
S1,blue_surface_displacement,4.303333,-0.1,mm,left_mm,2025-7-7 18:18,-0.1,
S1,blue_surface_displacement,4.304444,0,mm,left_mm,2025-7-7 18:18,0,
S1,blue_surface_displacement,4.305556,-0.1,mm,left_mm,2025-7-7 18:18,-0.1,
S1,blue_surface_displacement,4.306667,-0.1,mm,left_mm,2025-7-7 18:18,-0.1,
S1,blue_surface_displacement,4.307778,-0.1,mm,left_mm,2025-7-7 18:18,-0.1,
S1,blue_surface_displacement,4.308889,-0.1,mm,left_mm,2025-7-7 18:18,-0.1,
S1,blue_surface_displacement,4.31,-0.1,mm,left_mm,2025-7-7 18:18,-0.1,
S1,blue_surface_displacement,4.311111,0,mm,left_mm,2025-7-7 18:18,0,
S1,blue_surface_displacement,4.312222,-0.1,mm,left_mm,2025-7-7 18:18,-0.1,
S1,blue_surface_displacement,4.313333,-0.1,mm,left_mm,2025-7-7 18:18,-0.1,
S1,blue_surface_displacement,4.314444,-0.1,mm,left_mm,2025-7-7 18:18,-0.1,
S1,blue_surface_displacement,4.315556,-0.1,mm,left_mm,2025-7-7 18:18,-0.1,
S1,blue_surface_displacement,4.316667,-0.1,mm,left_mm,2025-7-7 18:19,-0.1,
S1,blue_surface_displacement,4.317778,-0.1,mm,left_mm,2025-7-7 18:19,-0.1,
S1,blue_surface_displacement,4.318889,-0.1,mm,left_mm,2025-7-7 18:19,-0.1,
S1,blue_surface_displacement,4.32,-0.1,mm,left_mm,2025-7-7 18:19,-0.1,
S1,blue_surface_displacement,4.321111,-0.1,mm,left_mm,2025-7-7 18:19,-0.1,
S1,blue_surface_displacement,4.322222,-0.1,mm,left_mm,2025-7-7 18:19,-0.1,
S1,blue_surface_displacement,4.323333,0,mm,left_mm,2025-7-7 18:19,0,
S1,blue_surface_displacement,4.324444,-0.1,mm,left_mm,2025-7-7 18:19,-0.1,
S1,blue_surface_displacement,4.325556,-0.1,mm,left_mm,2025-7-7 18:19,-0.1,
S1,blue_surface_displacement,4.326667,-0.1,mm,left_mm,2025-7-7 18:19,-0.1,
S1,blue_surface_displacement,4.327778,0,mm,left_mm,2025-7-7 18:19,0,
S1,blue_surface_displacement,4.328889,-0.1,mm,left_mm,2025-7-7 18:19,-0.1,
S1,blue_surface_displacement,4.33,-0.1,mm,left_mm,2025-7-7 18:19,-0.1,
S1,blue_surface_displacement,4.331111,-0.1,mm,left_mm,2025-7-7 18:19,-0.1,
S1,blue_surface_displacement,4.332222,0,mm,left_mm,2025-7-7 18:19,0,
S1,blue_surface_displacement,4.333333,-0.1,mm,left_mm,2025-7-7 18:20,-0.1,
S1,blue_surface_displacement,4.334444,0,mm,left_mm,2025-7-7 18:20,0,
S1,blue_surface_displacement,4.335556,0,mm,left_mm,2025-7-7 18:20,0,
S1,blue_surface_displacement,4.336667,0,mm,left_mm,2025-7-7 18:20,0,
S1,blue_surface_displacement,4.337778,-0.1,mm,left_mm,2025-7-7 18:20,-0.1,
S1,blue_surface_displacement,4.338889,-0.1,mm,left_mm,2025-7-7 18:20,-0.1,
S1,blue_surface_displacement,4.34,-0.1,mm,left_mm,2025-7-7 18:20,-0.1,
S1,blue_surface_displacement,4.341111,0,mm,left_mm,2025-7-7 18:20,0,
S1,blue_surface_displacement,4.342222,0,mm,left_mm,2025-7-7 18:20,0,
S1,blue_surface_displacement,4.343333,-0.1,mm,left_mm,2025-7-7 18:20,-0.1,
S1,blue_surface_displacement,4.344444,0,mm,left_mm,2025-7-7 18:20,0,
S1,blue_surface_displacement,4.345556,0,mm,left_mm,2025-7-7 18:20,0,
S1,blue_surface_displacement,4.346667,-0.1,mm,left_mm,2025-7-7 18:20,-0.1,
S1,blue_surface_displacement,4.347778,0,mm,left_mm,2025-7-7 18:20,0,
S1,blue_surface_displacement,4.348889,-0.1,mm,left_mm,2025-7-7 18:20,-0.1,
S1,blue_surface_displacement,4.35,-0.1,mm,left_mm,2025-7-7 18:21,-0.1,
S1,blue_surface_displacement,4.351111,-0.1,mm,left_mm,2025-7-7 18:21,-0.1,
S1,blue_surface_displacement,4.352222,-0.1,mm,left_mm,2025-7-7 18:21,-0.1,
S1,blue_surface_displacement,4.353333,0,mm,left_mm,2025-7-7 18:21,0,
S1,blue_surface_displacement,4.354444,-0.1,mm,left_mm,2025-7-7 18:21,-0.1,
S1,blue_surface_displacement,4.355556,-0.1,mm,left_mm,2025-7-7 18:21,-0.1,
S1,blue_surface_displacement,4.356667,-0.1,mm,left_mm,2025-7-7 18:21,-0.1,
S1,blue_surface_displacement,4.357778,-0.1,mm,left_mm,2025-7-7 18:21,-0.1,
S1,blue_surface_displacement,4.358889,-0.1,mm,left_mm,2025-7-7 18:21,-0.1,
S1,blue_surface_displacement,4.36,-0.1,mm,left_mm,2025-7-7 18:21,-0.1,
S1,blue_surface_displacement,4.361111,0,mm,left_mm,2025-7-7 18:21,0,
S1,blue_surface_displacement,4.362222,-0.1,mm,left_mm,2025-7-7 18:21,-0.1,
S1,blue_surface_displacement,4.363333,-0.1,mm,left_mm,2025-7-7 18:21,-0.1,
S1,blue_surface_displacement,4.364444,-0.1,mm,left_mm,2025-7-7 18:21,-0.1,
S1,blue_surface_displacement,4.365556,-0.1,mm,left_mm,2025-7-7 18:21,-0.1,
S1,blue_surface_displacement,4.366667,-0.1,mm,left_mm,2025-7-7 18:22,-0.1,
S1,blue_surface_displacement,4.367778,-0.1,mm,left_mm,2025-7-7 18:22,-0.1,
S1,blue_surface_displacement,4.368889,-0.1,mm,left_mm,2025-7-7 18:22,-0.1,
S1,blue_surface_displacement,4.37,-0.1,mm,left_mm,2025-7-7 18:22,-0.1,
S1,blue_surface_displacement,4.371111,-0.1,mm,left_mm,2025-7-7 18:22,-0.1,
S1,blue_surface_displacement,4.372222,-0.1,mm,left_mm,2025-7-7 18:22,-0.1,
S1,blue_surface_displacement,4.373333,-0.1,mm,left_mm,2025-7-7 18:22,-0.1,
S1,blue_surface_displacement,4.374444,-0.1,mm,left_mm,2025-7-7 18:22,-0.1,
S1,blue_surface_displacement,4.375556,-0.1,mm,left_mm,2025-7-7 18:22,-0.1,
S1,blue_surface_displacement,4.376667,-0.1,mm,left_mm,2025-7-7 18:22,-0.1,
S1,blue_surface_displacement,4.377778,-0.1,mm,left_mm,2025-7-7 18:22,-0.1,
S1,blue_surface_displacement,4.378889,-0.1,mm,left_mm,2025-7-7 18:22,-0.1,
S1,blue_surface_displacement,4.38,-0.1,mm,left_mm,2025-7-7 18:22,-0.1,
S1,blue_surface_displacement,4.381111,-0.1,mm,left_mm,2025-7-7 18:22,-0.1,
S1,blue_surface_displacement,4.382222,-0.1,mm,left_mm,2025-7-7 18:22,-0.1,
S1,blue_surface_displacement,4.383333,-0.1,mm,left_mm,2025-7-7 18:23,-0.1,
S1,blue_surface_displacement,4.384444,-0.1,mm,left_mm,2025-7-7 18:23,-0.1,
S1,blue_surface_displacement,4.385556,-0.1,mm,left_mm,2025-7-7 18:23,-0.1,
S1,blue_surface_displacement,4.386667,-0.1,mm,left_mm,2025-7-7 18:23,-0.1,
S1,blue_surface_displacement,4.387778,-0.1,mm,left_mm,2025-7-7 18:23,-0.1,
S1,blue_surface_displacement,4.388889,-0.1,mm,left_mm,2025-7-7 18:23,-0.1,
S1,blue_surface_displacement,4.39,-0.1,mm,left_mm,2025-7-7 18:23,-0.1,
S1,blue_surface_displacement,4.391111,-0.1,mm,left_mm,2025-7-7 18:23,-0.1,
S1,blue_surface_displacement,4.392222,-0.1,mm,left_mm,2025-7-7 18:23,-0.1,
S1,blue_surface_displacement,4.393333,-0.1,mm,left_mm,2025-7-7 18:23,-0.1,
S1,blue_surface_displacement,4.394444,-0.1,mm,left_mm,2025-7-7 18:23,-0.1,
S1,blue_surface_displacement,4.395556,-0.1,mm,left_mm,2025-7-7 18:23,-0.1,
S1,blue_surface_displacement,4.396667,-0.1,mm,left_mm,2025-7-7 18:23,-0.1,
S1,blue_surface_displacement,4.397778,-0.1,mm,left_mm,2025-7-7 18:23,-0.1,
S1,blue_surface_displacement,4.398889,-0.1,mm,left_mm,2025-7-7 18:23,-0.1,
S1,blue_surface_displacement,4.4,-0.1,mm,left_mm,2025-7-7 18:24,-0.1,
S1,blue_surface_displacement,4.401111,-0.1,mm,left_mm,2025-7-7 18:24,-0.1,
S1,blue_surface_displacement,4.402222,-0.1,mm,left_mm,2025-7-7 18:24,-0.1,
S1,blue_surface_displacement,4.403333,-0.1,mm,left_mm,2025-7-7 18:24,-0.1,
S1,blue_surface_displacement,4.404444,-0.1,mm,left_mm,2025-7-7 18:24,-0.1,
S1,blue_surface_displacement,4.405556,-0.1,mm,left_mm,2025-7-7 18:24,-0.1,
S1,blue_surface_displacement,4.406667,-0.1,mm,left_mm,2025-7-7 18:24,-0.1,
S1,blue_surface_displacement,4.407778,-0.1,mm,left_mm,2025-7-7 18:24,-0.1,
S1,blue_surface_displacement,4.408889,-0.1,mm,left_mm,2025-7-7 18:24,-0.1,
S1,blue_surface_displacement,4.41,-0.1,mm,left_mm,2025-7-7 18:24,-0.1,
S1,blue_surface_displacement,4.411111,-0.1,mm,left_mm,2025-7-7 18:24,-0.1,
S1,blue_surface_displacement,4.412222,-0.1,mm,left_mm,2025-7-7 18:24,-0.1,
S1,blue_surface_displacement,4.413333,-0.1,mm,left_mm,2025-7-7 18:24,-0.1,
S1,blue_surface_displacement,4.414444,-0.1,mm,left_mm,2025-7-7 18:24,-0.1,
S1,blue_surface_displacement,4.415556,-0.1,mm,left_mm,2025-7-7 18:24,-0.1,
S1,blue_surface_displacement,4.416667,-0.1,mm,left_mm,2025-7-7 18:25,-0.1,
S1,blue_surface_displacement,4.417778,-0.1,mm,left_mm,2025-7-7 18:25,-0.1,
S1,blue_surface_displacement,4.418889,-0.1,mm,left_mm,2025-7-7 18:25,-0.1,
S1,blue_surface_displacement,4.42,-0.1,mm,left_mm,2025-7-7 18:25,-0.1,
S1,blue_surface_displacement,4.421111,-0.1,mm,left_mm,2025-7-7 18:25,-0.1,
S1,blue_surface_displacement,4.422222,-0.1,mm,left_mm,2025-7-7 18:25,-0.1,
S1,blue_surface_displacement,4.423333,-0.1,mm,left_mm,2025-7-7 18:25,-0.1,
S1,blue_surface_displacement,4.424444,-0.1,mm,left_mm,2025-7-7 18:25,-0.1,
S1,blue_surface_displacement,4.425556,-0.1,mm,left_mm,2025-7-7 18:25,-0.1,
S1,blue_surface_displacement,4.426667,-0.1,mm,left_mm,2025-7-7 18:25,-0.1,
S1,blue_surface_displacement,4.427778,-0.1,mm,left_mm,2025-7-7 18:25,-0.1,
S1,blue_surface_displacement,4.428889,-0.1,mm,left_mm,2025-7-7 18:25,-0.1,
S1,blue_surface_displacement,4.43,-0.1,mm,left_mm,2025-7-7 18:25,-0.1,
S1,blue_surface_displacement,4.431111,-0.1,mm,left_mm,2025-7-7 18:25,-0.1,
S1,blue_surface_displacement,4.432222,-0.1,mm,left_mm,2025-7-7 18:25,-0.1,
S1,blue_surface_displacement,4.433333,-0.1,mm,left_mm,2025-7-7 18:26,-0.1,
S1,blue_surface_displacement,4.434444,-0.1,mm,left_mm,2025-7-7 18:26,-0.1,
S1,blue_surface_displacement,4.435556,-0.1,mm,left_mm,2025-7-7 18:26,-0.1,
S1,blue_surface_displacement,4.436667,-0.1,mm,left_mm,2025-7-7 18:26,-0.1,
S1,blue_surface_displacement,4.437778,-0.1,mm,left_mm,2025-7-7 18:26,-0.1,
S1,blue_surface_displacement,4.438889,-0.1,mm,left_mm,2025-7-7 18:26,-0.1,
S1,blue_surface_displacement,4.44,-0.1,mm,left_mm,2025-7-7 18:26,-0.1,
S1,blue_surface_displacement,4.441111,-0.1,mm,left_mm,2025-7-7 18:26,-0.1,
S1,blue_surface_displacement,4.442222,-0.1,mm,left_mm,2025-7-7 18:26,-0.1,
S1,blue_surface_displacement,4.443333,-0.1,mm,left_mm,2025-7-7 18:26,-0.1,
S1,blue_surface_displacement,4.444444,-0.1,mm,left_mm,2025-7-7 18:26,-0.1,
S1,blue_surface_displacement,4.445556,-0.1,mm,left_mm,2025-7-7 18:26,-0.1,
S1,blue_surface_displacement,4.446667,-0.1,mm,left_mm,2025-7-7 18:26,-0.1,
S1,blue_surface_displacement,4.447778,-0.1,mm,left_mm,2025-7-7 18:26,-0.1,
S1,blue_surface_displacement,4.448889,-0.1,mm,left_mm,2025-7-7 18:26,-0.1,
S1,blue_surface_displacement,4.45,-0.1,mm,left_mm,2025-7-7 18:27,-0.1,
S1,blue_surface_displacement,4.451111,-0.1,mm,left_mm,2025-7-7 18:27,-0.1,
S1,blue_surface_displacement,4.452222,-0.1,mm,left_mm,2025-7-7 18:27,-0.1,
S1,blue_surface_displacement,4.453333,-0.1,mm,left_mm,2025-7-7 18:27,-0.1,
S1,blue_surface_displacement,4.454444,-0.1,mm,left_mm,2025-7-7 18:27,-0.1,
S1,blue_surface_displacement,4.455556,0,mm,left_mm,2025-7-7 18:27,0,
S1,blue_surface_displacement,4.456667,-0.1,mm,left_mm,2025-7-7 18:27,-0.1,
S1,blue_surface_displacement,4.457778,-0.1,mm,left_mm,2025-7-7 18:27,-0.1,
S1,blue_surface_displacement,4.458889,-0.1,mm,left_mm,2025-7-7 18:27,-0.1,
S1,blue_surface_displacement,4.46,-0.1,mm,left_mm,2025-7-7 18:27,-0.1,
S1,blue_surface_displacement,4.461111,-0.1,mm,left_mm,2025-7-7 18:27,-0.1,
S1,blue_surface_displacement,4.462222,-0.1,mm,left_mm,2025-7-7 18:27,-0.1,
S1,blue_surface_displacement,4.463333,-0.1,mm,left_mm,2025-7-7 18:27,-0.1,
S1,blue_surface_displacement,4.464444,-0.1,mm,left_mm,2025-7-7 18:27,-0.1,
S1,blue_surface_displacement,4.465556,-0.1,mm,left_mm,2025-7-7 18:27,-0.1,
S1,blue_surface_displacement,4.466667,-0.1,mm,left_mm,2025-7-7 18:28,-0.1,
S1,blue_surface_displacement,4.467778,-0.1,mm,left_mm,2025-7-7 18:28,-0.1,
S1,blue_surface_displacement,4.468889,-0.1,mm,left_mm,2025-7-7 18:28,-0.1,
S1,blue_surface_displacement,4.47,-0.1,mm,left_mm,2025-7-7 18:28,-0.1,
S1,blue_surface_displacement,4.471111,-0.1,mm,left_mm,2025-7-7 18:28,-0.1,
S1,blue_surface_displacement,4.472222,0,mm,left_mm,2025-7-7 18:28,0,
S1,blue_surface_displacement,4.473333,-0.1,mm,left_mm,2025-7-7 18:28,-0.1,
S1,blue_surface_displacement,4.474444,-0.1,mm,left_mm,2025-7-7 18:28,-0.1,
S1,blue_surface_displacement,4.475556,-0.1,mm,left_mm,2025-7-7 18:28,-0.1,
S1,blue_surface_displacement,4.476667,-0.1,mm,left_mm,2025-7-7 18:28,-0.1,
S1,blue_surface_displacement,4.477778,0,mm,left_mm,2025-7-7 18:28,0,
S1,blue_surface_displacement,4.478889,-0.1,mm,left_mm,2025-7-7 18:28,-0.1,
S1,blue_surface_displacement,4.48,-0.1,mm,left_mm,2025-7-7 18:28,-0.1,
S1,blue_surface_displacement,4.481111,-0.1,mm,left_mm,2025-7-7 18:28,-0.1,
S1,blue_surface_displacement,4.482222,-0.1,mm,left_mm,2025-7-7 18:28,-0.1,
S1,blue_surface_displacement,4.483333,-0.1,mm,left_mm,2025-7-7 18:29,-0.1,
S1,blue_surface_displacement,4.484444,-0.1,mm,left_mm,2025-7-7 18:29,-0.1,
S1,blue_surface_displacement,4.485556,0,mm,left_mm,2025-7-7 18:29,0,
S1,blue_surface_displacement,4.486667,-0.1,mm,left_mm,2025-7-7 18:29,-0.1,
S1,blue_surface_displacement,4.487778,-0.1,mm,left_mm,2025-7-7 18:29,-0.1,
S1,blue_surface_displacement,4.488889,-0.1,mm,left_mm,2025-7-7 18:29,-0.1,
S1,blue_surface_displacement,4.49,-0.1,mm,left_mm,2025-7-7 18:29,-0.1,
S1,blue_surface_displacement,4.491111,-0.1,mm,left_mm,2025-7-7 18:29,-0.1,
S1,blue_surface_displacement,4.492222,-0.1,mm,left_mm,2025-7-7 18:29,-0.1,
S1,blue_surface_displacement,4.493333,-0.1,mm,left_mm,2025-7-7 18:29,-0.1,
S1,blue_surface_displacement,4.494444,-0.1,mm,left_mm,2025-7-7 18:29,-0.1,
S1,blue_surface_displacement,4.495556,-0.1,mm,left_mm,2025-7-7 18:29,-0.1,
S1,blue_surface_displacement,4.496667,-0.1,mm,left_mm,2025-7-7 18:29,-0.1,
S1,blue_surface_displacement,4.497778,-0.1,mm,left_mm,2025-7-7 18:29,-0.1,
S1,blue_surface_displacement,4.498889,-0.1,mm,left_mm,2025-7-7 18:29,-0.1,
S1,blue_surface_displacement,4.5,-0.1,mm,left_mm,2025-7-7 18:30,-0.1,
S1,blue_surface_displacement,4.501111,-0.1,mm,left_mm,2025-7-7 18:30,-0.1,
S1,blue_surface_displacement,4.502222,-0.1,mm,left_mm,2025-7-7 18:30,-0.1,
S1,blue_surface_displacement,4.503333,-0.1,mm,left_mm,2025-7-7 18:30,-0.1,
S1,blue_surface_displacement,4.504444,-0.1,mm,left_mm,2025-7-7 18:30,-0.1,
S1,blue_surface_displacement,4.505556,-0.1,mm,left_mm,2025-7-7 18:30,-0.1,
S1,blue_surface_displacement,4.506667,-0.1,mm,left_mm,2025-7-7 18:30,-0.1,
S1,blue_surface_displacement,4.507778,-0.1,mm,left_mm,2025-7-7 18:30,-0.1,
S1,blue_surface_displacement,4.508889,-0.1,mm,left_mm,2025-7-7 18:30,-0.1,
S1,blue_surface_displacement,4.51,-0.1,mm,left_mm,2025-7-7 18:30,-0.1,
S1,blue_surface_displacement,4.511111,-0.1,mm,left_mm,2025-7-7 18:30,-0.1,
S1,blue_surface_displacement,4.512222,-0.1,mm,left_mm,2025-7-7 18:30,-0.1,
S1,blue_surface_displacement,4.513333,-0.1,mm,left_mm,2025-7-7 18:30,-0.1,
S1,blue_surface_displacement,4.514444,-0.1,mm,left_mm,2025-7-7 18:30,-0.1,
S1,blue_surface_displacement,4.515556,-0.1,mm,left_mm,2025-7-7 18:30,-0.1,
S1,blue_surface_displacement,4.516667,-0.1,mm,left_mm,2025-7-7 18:31,-0.1,
S1,blue_surface_displacement,4.517778,-0.1,mm,left_mm,2025-7-7 18:31,-0.1,
S1,blue_surface_displacement,4.518889,-0.1,mm,left_mm,2025-7-7 18:31,-0.1,
S1,blue_surface_displacement,4.52,-0.1,mm,left_mm,2025-7-7 18:31,-0.1,
S1,blue_surface_displacement,4.521111,-0.1,mm,left_mm,2025-7-7 18:31,-0.1,
S1,blue_surface_displacement,4.522222,-0.1,mm,left_mm,2025-7-7 18:31,-0.1,
S1,blue_surface_displacement,4.523333,-0.1,mm,left_mm,2025-7-7 18:31,-0.1,
S1,blue_surface_displacement,4.524444,-0.1,mm,left_mm,2025-7-7 18:31,-0.1,
S1,blue_surface_displacement,4.525556,-0.1,mm,left_mm,2025-7-7 18:31,-0.1,
S1,blue_surface_displacement,4.526667,0,mm,left_mm,2025-7-7 18:31,0,
S1,blue_surface_displacement,4.527778,-0.1,mm,left_mm,2025-7-7 18:31,-0.1,
S1,blue_surface_displacement,4.528889,-0.1,mm,left_mm,2025-7-7 18:31,-0.1,
S1,blue_surface_displacement,4.53,-0.1,mm,left_mm,2025-7-7 18:31,-0.1,
S1,blue_surface_displacement,4.531111,0,mm,left_mm,2025-7-7 18:31,0,
S1,blue_surface_displacement,4.532222,-0.1,mm,left_mm,2025-7-7 18:31,-0.1,
S1,blue_surface_displacement,4.533333,-0.1,mm,left_mm,2025-7-7 18:32,-0.1,
S1,blue_surface_displacement,4.534444,-0.1,mm,left_mm,2025-7-7 18:32,-0.1,
S1,blue_surface_displacement,4.535556,-0.1,mm,left_mm,2025-7-7 18:32,-0.1,
S1,blue_surface_displacement,4.536667,-0.1,mm,left_mm,2025-7-7 18:32,-0.1,
S1,blue_surface_displacement,4.537778,-0.1,mm,left_mm,2025-7-7 18:32,-0.1,
S1,blue_surface_displacement,4.538889,-0.1,mm,left_mm,2025-7-7 18:32,-0.1,
S1,blue_surface_displacement,4.54,-0.1,mm,left_mm,2025-7-7 18:32,-0.1,
S1,blue_surface_displacement,4.541111,-0.1,mm,left_mm,2025-7-7 18:32,-0.1,
S1,blue_surface_displacement,4.542222,-0.1,mm,left_mm,2025-7-7 18:32,-0.1,
S1,blue_surface_displacement,4.543333,-0.1,mm,left_mm,2025-7-7 18:32,-0.1,
S1,blue_surface_displacement,4.544444,-0.1,mm,left_mm,2025-7-7 18:32,-0.1,
S1,blue_surface_displacement,4.545556,-0.1,mm,left_mm,2025-7-7 18:32,-0.1,
S1,blue_surface_displacement,4.546667,-0.1,mm,left_mm,2025-7-7 18:32,-0.1,
S1,blue_surface_displacement,4.547778,0,mm,left_mm,2025-7-7 18:32,0,
S1,blue_surface_displacement,4.548889,-0.1,mm,left_mm,2025-7-7 18:32,-0.1,
S1,blue_surface_displacement,4.55,-0.1,mm,left_mm,2025-7-7 18:33,-0.1,
S1,blue_surface_displacement,4.551111,-0.1,mm,left_mm,2025-7-7 18:33,-0.1,
S1,blue_surface_displacement,4.552222,-0.1,mm,left_mm,2025-7-7 18:33,-0.1,
S1,blue_surface_displacement,4.553333,-0.1,mm,left_mm,2025-7-7 18:33,-0.1,
S1,blue_surface_displacement,4.554444,-0.1,mm,left_mm,2025-7-7 18:33,-0.1,
S1,blue_surface_displacement,4.555556,-0.1,mm,left_mm,2025-7-7 18:33,-0.1,
S1,blue_surface_displacement,4.556667,-0.1,mm,left_mm,2025-7-7 18:33,-0.1,
S1,blue_surface_displacement,4.557778,-0.1,mm,left_mm,2025-7-7 18:33,-0.1,
S1,blue_surface_displacement,4.558889,-0.1,mm,left_mm,2025-7-7 18:33,-0.1,
S1,blue_surface_displacement,4.56,-0.1,mm,left_mm,2025-7-7 18:33,-0.1,
S1,blue_surface_displacement,4.561111,0,mm,left_mm,2025-7-7 18:33,0,
S1,blue_surface_displacement,4.562222,-0.1,mm,left_mm,2025-7-7 18:33,-0.1,
S1,blue_surface_displacement,4.563333,-0.1,mm,left_mm,2025-7-7 18:33,-0.1,
S1,blue_surface_displacement,4.564444,-0.1,mm,left_mm,2025-7-7 18:33,-0.1,
S1,blue_surface_displacement,4.565556,-0.1,mm,left_mm,2025-7-7 18:33,-0.1,
S1,blue_surface_displacement,4.566667,-0.1,mm,left_mm,2025-7-7 18:34,-0.1,
S1,blue_surface_displacement,4.567778,-0.1,mm,left_mm,2025-7-7 18:34,-0.1,
S1,blue_surface_displacement,4.568889,-0.1,mm,left_mm,2025-7-7 18:34,-0.1,
S1,blue_surface_displacement,4.57,-0.1,mm,left_mm,2025-7-7 18:34,-0.1,
S1,blue_surface_displacement,4.571111,-0.1,mm,left_mm,2025-7-7 18:34,-0.1,
S1,blue_surface_displacement,4.572222,-0.1,mm,left_mm,2025-7-7 18:34,-0.1,
S1,blue_surface_displacement,4.573333,-0.1,mm,left_mm,2025-7-7 18:34,-0.1,
S1,blue_surface_displacement,4.574444,-0.1,mm,left_mm,2025-7-7 18:34,-0.1,
S1,blue_surface_displacement,4.575556,-0.1,mm,left_mm,2025-7-7 18:34,-0.1,
S1,blue_surface_displacement,4.576667,-0.1,mm,left_mm,2025-7-7 18:34,-0.1,
S1,blue_surface_displacement,4.577778,-0.1,mm,left_mm,2025-7-7 18:34,-0.1,
S1,blue_surface_displacement,4.578889,-0.1,mm,left_mm,2025-7-7 18:34,-0.1,
S1,blue_surface_displacement,4.58,-0.1,mm,left_mm,2025-7-7 18:34,-0.1,
S1,blue_surface_displacement,4.581111,-0.1,mm,left_mm,2025-7-7 18:34,-0.1,
S1,blue_surface_displacement,4.582222,-0.1,mm,left_mm,2025-7-7 18:34,-0.1,
S1,blue_surface_displacement,4.583333,-0.1,mm,left_mm,2025-7-7 18:35,-0.1,
S1,blue_surface_displacement,4.584444,-0.1,mm,left_mm,2025-7-7 18:35,-0.1,
S1,blue_surface_displacement,4.585556,-0.1,mm,left_mm,2025-7-7 18:35,-0.1,
S1,blue_surface_displacement,4.586667,-0.1,mm,left_mm,2025-7-7 18:35,-0.1,
S1,blue_surface_displacement,4.587778,-0.1,mm,left_mm,2025-7-7 18:35,-0.1,
S1,blue_surface_displacement,4.588889,-0.1,mm,left_mm,2025-7-7 18:35,-0.1,
S1,blue_surface_displacement,4.59,-0.1,mm,left_mm,2025-7-7 18:35,-0.1,
S1,blue_surface_displacement,4.591111,-0.1,mm,left_mm,2025-7-7 18:35,-0.1,
S1,blue_surface_displacement,4.592222,-0.1,mm,left_mm,2025-7-7 18:35,-0.1,
S1,blue_surface_displacement,4.593333,-0.1,mm,left_mm,2025-7-7 18:35,-0.1,
S1,blue_surface_displacement,4.594444,-0.1,mm,left_mm,2025-7-7 18:35,-0.1,
S1,blue_surface_displacement,4.595556,-0.1,mm,left_mm,2025-7-7 18:35,-0.1,
S1,blue_surface_displacement,4.596667,-0.1,mm,left_mm,2025-7-7 18:35,-0.1,
S1,blue_surface_displacement,4.597778,-0.1,mm,left_mm,2025-7-7 18:35,-0.1,
S1,blue_surface_displacement,4.598889,-0.1,mm,left_mm,2025-7-7 18:35,-0.1,
S1,blue_surface_displacement,4.6,-0.1,mm,left_mm,2025-7-7 18:36,-0.1,
S1,blue_surface_displacement,4.601111,-0.1,mm,left_mm,2025-7-7 18:36,-0.1,
S1,blue_surface_displacement,4.602222,-0.1,mm,left_mm,2025-7-7 18:36,-0.1,
S1,blue_surface_displacement,4.603333,-0.1,mm,left_mm,2025-7-7 18:36,-0.1,
S1,blue_surface_displacement,4.604444,-0.1,mm,left_mm,2025-7-7 18:36,-0.1,
S1,blue_surface_displacement,4.605556,-0.1,mm,left_mm,2025-7-7 18:36,-0.1,
S1,blue_surface_displacement,4.606667,-0.1,mm,left_mm,2025-7-7 18:36,-0.1,
S1,blue_surface_displacement,4.607778,-0.1,mm,left_mm,2025-7-7 18:36,-0.1,
S1,blue_surface_displacement,4.608889,-0.1,mm,left_mm,2025-7-7 18:36,-0.1,
S1,blue_surface_displacement,4.61,-0.1,mm,left_mm,2025-7-7 18:36,-0.1,
S1,blue_surface_displacement,4.611111,-0.1,mm,left_mm,2025-7-7 18:36,-0.1,
S1,blue_surface_displacement,4.612222,-0.1,mm,left_mm,2025-7-7 18:36,-0.1,
S1,blue_surface_displacement,4.613333,-0.1,mm,left_mm,2025-7-7 18:36,-0.1,
S1,blue_surface_displacement,4.614444,-0.1,mm,left_mm,2025-7-7 18:36,-0.1,
S1,blue_surface_displacement,4.615556,-0.1,mm,left_mm,2025-7-7 18:36,-0.1,
S1,blue_surface_displacement,4.616667,-0.1,mm,left_mm,2025-7-7 18:37,-0.1,
S1,blue_surface_displacement,4.617778,-0.1,mm,left_mm,2025-7-7 18:37,-0.1,
S1,blue_surface_displacement,4.618889,-0.1,mm,left_mm,2025-7-7 18:37,-0.1,
S1,blue_surface_displacement,4.62,-0.1,mm,left_mm,2025-7-7 18:37,-0.1,
S1,blue_surface_displacement,4.621111,-0.1,mm,left_mm,2025-7-7 18:37,-0.1,
S1,blue_surface_displacement,4.622222,-0.1,mm,left_mm,2025-7-7 18:37,-0.1,
S1,blue_surface_displacement,4.623333,-0.1,mm,left_mm,2025-7-7 18:37,-0.1,
S1,blue_surface_displacement,4.624444,-0.1,mm,left_mm,2025-7-7 18:37,-0.1,
S1,blue_surface_displacement,4.625556,-0.1,mm,left_mm,2025-7-7 18:37,-0.1,
S1,blue_surface_displacement,4.626667,-0.1,mm,left_mm,2025-7-7 18:37,-0.1,
S1,blue_surface_displacement,4.627778,-0.1,mm,left_mm,2025-7-7 18:37,-0.1,
S1,blue_surface_displacement,4.628889,-0.1,mm,left_mm,2025-7-7 18:37,-0.1,
S1,blue_surface_displacement,4.63,-0.1,mm,left_mm,2025-7-7 18:37,-0.1,
S1,blue_surface_displacement,4.631111,-0.1,mm,left_mm,2025-7-7 18:37,-0.1,
S1,blue_surface_displacement,4.632222,-0.1,mm,left_mm,2025-7-7 18:37,-0.1,
S1,blue_surface_displacement,4.633333,-0.1,mm,left_mm,2025-7-7 18:38,-0.1,
S1,blue_surface_displacement,4.634444,-0.1,mm,left_mm,2025-7-7 18:38,-0.1,
S1,blue_surface_displacement,4.635556,-0.1,mm,left_mm,2025-7-7 18:38,-0.1,
S1,blue_surface_displacement,4.636667,-0.1,mm,left_mm,2025-7-7 18:38,-0.1,
S1,blue_surface_displacement,4.637778,-0.1,mm,left_mm,2025-7-7 18:38,-0.1,
S1,blue_surface_displacement,4.638889,-0.1,mm,left_mm,2025-7-7 18:38,-0.1,
S1,blue_surface_displacement,4.64,-0.1,mm,left_mm,2025-7-7 18:38,-0.1,
S1,blue_surface_displacement,4.641111,-0.1,mm,left_mm,2025-7-7 18:38,-0.1,
S1,blue_surface_displacement,4.642222,-0.1,mm,left_mm,2025-7-7 18:38,-0.1,
S1,blue_surface_displacement,4.643333,-0.1,mm,left_mm,2025-7-7 18:38,-0.1,
S1,blue_surface_displacement,4.644444,-0.1,mm,left_mm,2025-7-7 18:38,-0.1,
S1,blue_surface_displacement,4.645556,-0.1,mm,left_mm,2025-7-7 18:38,-0.1,
S1,blue_surface_displacement,4.646667,-0.1,mm,left_mm,2025-7-7 18:38,-0.1,
S1,blue_surface_displacement,4.647778,-0.1,mm,left_mm,2025-7-7 18:38,-0.1,
S1,blue_surface_displacement,4.648889,-0.1,mm,left_mm,2025-7-7 18:38,-0.1,
S1,blue_surface_displacement,4.65,-0.1,mm,left_mm,2025-7-7 18:39,-0.1,
S1,blue_surface_displacement,4.651111,-0.1,mm,left_mm,2025-7-7 18:39,-0.1,
S1,blue_surface_displacement,4.652222,-0.1,mm,left_mm,2025-7-7 18:39,-0.1,
S1,blue_surface_displacement,4.653333,0,mm,left_mm,2025-7-7 18:39,0,
S1,blue_surface_displacement,4.654444,-0.1,mm,left_mm,2025-7-7 18:39,-0.1,
S1,blue_surface_displacement,4.655556,-0.1,mm,left_mm,2025-7-7 18:39,-0.1,
S1,blue_surface_displacement,4.656667,-0.1,mm,left_mm,2025-7-7 18:39,-0.1,
S1,blue_surface_displacement,4.657778,-0.1,mm,left_mm,2025-7-7 18:39,-0.1,
S1,blue_surface_displacement,4.658889,-0.1,mm,left_mm,2025-7-7 18:39,-0.1,
S1,blue_surface_displacement,4.66,-0.1,mm,left_mm,2025-7-7 18:39,-0.1,
S1,blue_surface_displacement,4.661111,-0.1,mm,left_mm,2025-7-7 18:39,-0.1,
S1,blue_surface_displacement,4.662222,-0.1,mm,left_mm,2025-7-7 18:39,-0.1,
S1,blue_surface_displacement,4.663333,-0.1,mm,left_mm,2025-7-7 18:39,-0.1,
S1,blue_surface_displacement,4.664444,-0.1,mm,left_mm,2025-7-7 18:39,-0.1,
S1,blue_surface_displacement,4.665556,-0.1,mm,left_mm,2025-7-7 18:39,-0.1,
S1,blue_surface_displacement,4.666667,-0.1,mm,left_mm,2025-7-7 18:40,-0.1,
S1,blue_surface_displacement,4.667778,-0.1,mm,left_mm,2025-7-7 18:40,-0.1,
S1,blue_surface_displacement,4.668889,-0.1,mm,left_mm,2025-7-7 18:40,-0.1,
S1,blue_surface_displacement,4.67,-0.1,mm,left_mm,2025-7-7 18:40,-0.1,
S1,blue_surface_displacement,4.671111,-0.1,mm,left_mm,2025-7-7 18:40,-0.1,
S1,blue_surface_displacement,4.672222,-0.1,mm,left_mm,2025-7-7 18:40,-0.1,
S1,blue_surface_displacement,4.673333,-0.1,mm,left_mm,2025-7-7 18:40,-0.1,
S1,blue_surface_displacement,4.674444,-0.1,mm,left_mm,2025-7-7 18:40,-0.1,
S1,blue_surface_displacement,4.675556,-0.1,mm,left_mm,2025-7-7 18:40,-0.1,
S1,blue_surface_displacement,4.676667,-0.1,mm,left_mm,2025-7-7 18:40,-0.1,
S1,blue_surface_displacement,4.677778,-0.1,mm,left_mm,2025-7-7 18:40,-0.1,
S1,blue_surface_displacement,4.678889,-0.1,mm,left_mm,2025-7-7 18:40,-0.1,
S1,blue_surface_displacement,4.68,-0.1,mm,left_mm,2025-7-7 18:40,-0.1,
S1,blue_surface_displacement,4.681111,-0.1,mm,left_mm,2025-7-7 18:40,-0.1,
S1,blue_surface_displacement,4.682222,-0.1,mm,left_mm,2025-7-7 18:40,-0.1,
S1,blue_surface_displacement,4.683333,-0.1,mm,left_mm,2025-7-7 18:41,-0.1,
S1,blue_surface_displacement,4.684444,-0.1,mm,left_mm,2025-7-7 18:41,-0.1,
S1,blue_surface_displacement,4.685556,-0.1,mm,left_mm,2025-7-7 18:41,-0.1,
S1,blue_surface_displacement,4.686667,-0.1,mm,left_mm,2025-7-7 18:41,-0.1,
S1,blue_surface_displacement,4.687778,-0.1,mm,left_mm,2025-7-7 18:41,-0.1,
S1,blue_surface_displacement,4.688889,-0.1,mm,left_mm,2025-7-7 18:41,-0.1,
S1,blue_surface_displacement,4.69,-0.1,mm,left_mm,2025-7-7 18:41,-0.1,
S1,blue_surface_displacement,4.691111,-0.1,mm,left_mm,2025-7-7 18:41,-0.1,
S1,blue_surface_displacement,4.692222,-0.1,mm,left_mm,2025-7-7 18:41,-0.1,
S1,blue_surface_displacement,4.693333,-0.1,mm,left_mm,2025-7-7 18:41,-0.1,
S1,blue_surface_displacement,4.694444,-0.1,mm,left_mm,2025-7-7 18:41,-0.1,
S1,blue_surface_displacement,4.695556,-0.1,mm,left_mm,2025-7-7 18:41,-0.1,
S1,blue_surface_displacement,4.696667,-0.1,mm,left_mm,2025-7-7 18:41,-0.1,
S1,blue_surface_displacement,4.697778,-0.1,mm,left_mm,2025-7-7 18:41,-0.1,
S1,blue_surface_displacement,4.698889,-0.1,mm,left_mm,2025-7-7 18:41,-0.1,
S1,blue_surface_displacement,4.7,-0.1,mm,left_mm,2025-7-7 18:42,-0.1,
S1,blue_surface_displacement,4.701111,-0.1,mm,left_mm,2025-7-7 18:42,-0.1,
S1,blue_surface_displacement,4.702222,-0.1,mm,left_mm,2025-7-7 18:42,-0.1,
S1,blue_surface_displacement,4.703333,-0.1,mm,left_mm,2025-7-7 18:42,-0.1,
S1,blue_surface_displacement,4.704444,-0.1,mm,left_mm,2025-7-7 18:42,-0.1,
S1,blue_surface_displacement,4.705556,-0.1,mm,left_mm,2025-7-7 18:42,-0.1,
S1,blue_surface_displacement,4.706667,-0.1,mm,left_mm,2025-7-7 18:42,-0.1,
S1,blue_surface_displacement,4.707778,-0.1,mm,left_mm,2025-7-7 18:42,-0.1,
S1,blue_surface_displacement,4.708889,-0.1,mm,left_mm,2025-7-7 18:42,-0.1,
S1,blue_surface_displacement,4.71,-0.1,mm,left_mm,2025-7-7 18:42,-0.1,
S1,blue_surface_displacement,4.711111,-0.1,mm,left_mm,2025-7-7 18:42,-0.1,
S1,blue_surface_displacement,4.712222,-0.1,mm,left_mm,2025-7-7 18:42,-0.1,
S1,blue_surface_displacement,4.713333,-0.1,mm,left_mm,2025-7-7 18:42,-0.1,
S1,blue_surface_displacement,4.714444,-0.1,mm,left_mm,2025-7-7 18:42,-0.1,
S1,blue_surface_displacement,4.715556,-0.1,mm,left_mm,2025-7-7 18:42,-0.1,
S1,blue_surface_displacement,4.716667,-0.1,mm,left_mm,2025-7-7 18:43,-0.1,
S1,blue_surface_displacement,4.717778,-0.1,mm,left_mm,2025-7-7 18:43,-0.1,
S1,blue_surface_displacement,4.718889,-0.1,mm,left_mm,2025-7-7 18:43,-0.1,
S1,blue_surface_displacement,4.72,-0.1,mm,left_mm,2025-7-7 18:43,-0.1,
S1,blue_surface_displacement,4.721111,-0.1,mm,left_mm,2025-7-7 18:43,-0.1,
S1,blue_surface_displacement,4.722222,-0.1,mm,left_mm,2025-7-7 18:43,-0.1,
S1,blue_surface_displacement,4.723333,-0.1,mm,left_mm,2025-7-7 18:43,-0.1,
S1,blue_surface_displacement,4.724444,-0.1,mm,left_mm,2025-7-7 18:43,-0.1,
S1,blue_surface_displacement,4.725556,-0.1,mm,left_mm,2025-7-7 18:43,-0.1,
S1,blue_surface_displacement,4.726667,-0.1,mm,left_mm,2025-7-7 18:43,-0.1,
S1,blue_surface_displacement,4.727778,-0.1,mm,left_mm,2025-7-7 18:43,-0.1,
S1,blue_surface_displacement,4.728889,-0.1,mm,left_mm,2025-7-7 18:43,-0.1,
S1,blue_surface_displacement,4.73,-0.1,mm,left_mm,2025-7-7 18:43,-0.1,
S1,blue_surface_displacement,4.731111,-0.1,mm,left_mm,2025-7-7 18:43,-0.1,
S1,blue_surface_displacement,4.732222,-0.1,mm,left_mm,2025-7-7 18:43,-0.1,
S1,blue_surface_displacement,4.733333,-0.1,mm,left_mm,2025-7-7 18:44,-0.1,
S1,blue_surface_displacement,4.734444,-0.1,mm,left_mm,2025-7-7 18:44,-0.1,
S1,blue_surface_displacement,4.735556,-0.1,mm,left_mm,2025-7-7 18:44,-0.1,
S1,blue_surface_displacement,4.736667,-0.1,mm,left_mm,2025-7-7 18:44,-0.1,
S1,blue_surface_displacement,4.737778,0,mm,left_mm,2025-7-7 18:44,0,
S1,blue_surface_displacement,4.738889,-0.1,mm,left_mm,2025-7-7 18:44,-0.1,
S1,blue_surface_displacement,4.74,-0.1,mm,left_mm,2025-7-7 18:44,-0.1,
S1,blue_surface_displacement,4.741111,-0.1,mm,left_mm,2025-7-7 18:44,-0.1,
S1,blue_surface_displacement,4.742222,-0.1,mm,left_mm,2025-7-7 18:44,-0.1,
S1,blue_surface_displacement,4.743333,-0.1,mm,left_mm,2025-7-7 18:44,-0.1,
S1,blue_surface_displacement,4.744444,-0.1,mm,left_mm,2025-7-7 18:44,-0.1,
S1,blue_surface_displacement,4.745556,-0.1,mm,left_mm,2025-7-7 18:44,-0.1,
S1,blue_surface_displacement,4.746667,-0.1,mm,left_mm,2025-7-7 18:44,-0.1,
S1,blue_surface_displacement,4.747778,-0.1,mm,left_mm,2025-7-7 18:44,-0.1,
S1,blue_surface_displacement,4.748889,-0.1,mm,left_mm,2025-7-7 18:44,-0.1,
S1,blue_surface_displacement,4.75,-0.1,mm,left_mm,2025-7-7 18:45,-0.1,
S1,blue_surface_displacement,4.751111,-0.1,mm,left_mm,2025-7-7 18:45,-0.1,
S1,blue_surface_displacement,4.752222,-0.1,mm,left_mm,2025-7-7 18:45,-0.1,
S1,blue_surface_displacement,4.753333,-0.1,mm,left_mm,2025-7-7 18:45,-0.1,
S1,blue_surface_displacement,4.754444,-0.1,mm,left_mm,2025-7-7 18:45,-0.1,
S1,blue_surface_displacement,4.755556,-0.1,mm,left_mm,2025-7-7 18:45,-0.1,
S1,blue_surface_displacement,4.756667,-0.1,mm,left_mm,2025-7-7 18:45,-0.1,
S1,blue_surface_displacement,4.757778,-0.1,mm,left_mm,2025-7-7 18:45,-0.1,
S1,blue_surface_displacement,4.758889,-0.1,mm,left_mm,2025-7-7 18:45,-0.1,
S1,blue_surface_displacement,4.76,-0.1,mm,left_mm,2025-7-7 18:45,-0.1,
S1,blue_surface_displacement,4.761111,-0.1,mm,left_mm,2025-7-7 18:45,-0.1,
S1,blue_surface_displacement,4.762222,-0.1,mm,left_mm,2025-7-7 18:45,-0.1,
S1,blue_surface_displacement,4.763333,-0.1,mm,left_mm,2025-7-7 18:45,-0.1,
S1,blue_surface_displacement,4.764444,-0.1,mm,left_mm,2025-7-7 18:45,-0.1,
S1,blue_surface_displacement,4.765556,-0.1,mm,left_mm,2025-7-7 18:45,-0.1,
S1,blue_surface_displacement,4.766667,-0.1,mm,left_mm,2025-7-7 18:46,-0.1,
S1,blue_surface_displacement,4.767778,-0.1,mm,left_mm,2025-7-7 18:46,-0.1,
S1,blue_surface_displacement,4.768889,-0.1,mm,left_mm,2025-7-7 18:46,-0.1,
S1,blue_surface_displacement,4.77,-0.1,mm,left_mm,2025-7-7 18:46,-0.1,
S1,blue_surface_displacement,4.771111,-0.1,mm,left_mm,2025-7-7 18:46,-0.1,
S1,blue_surface_displacement,4.772222,-0.1,mm,left_mm,2025-7-7 18:46,-0.1,
S1,blue_surface_displacement,4.773333,-0.1,mm,left_mm,2025-7-7 18:46,-0.1,
S1,blue_surface_displacement,4.774444,-0.1,mm,left_mm,2025-7-7 18:46,-0.1,
S1,blue_surface_displacement,4.775556,-0.1,mm,left_mm,2025-7-7 18:46,-0.1,
S1,blue_surface_displacement,4.776667,-0.1,mm,left_mm,2025-7-7 18:46,-0.1,
S1,blue_surface_displacement,4.777778,-0.1,mm,left_mm,2025-7-7 18:46,-0.1,
S1,blue_surface_displacement,4.778889,-0.1,mm,left_mm,2025-7-7 18:46,-0.1,
S1,blue_surface_displacement,4.78,-0.1,mm,left_mm,2025-7-7 18:46,-0.1,
S1,blue_surface_displacement,4.781111,-0.1,mm,left_mm,2025-7-7 18:46,-0.1,
S1,blue_surface_displacement,4.782222,-0.1,mm,left_mm,2025-7-7 18:46,-0.1,
S1,blue_surface_displacement,4.783333,-0.1,mm,left_mm,2025-7-7 18:47,-0.1,
S1,blue_surface_displacement,4.784444,-0.1,mm,left_mm,2025-7-7 18:47,-0.1,
S1,blue_surface_displacement,4.785556,-0.1,mm,left_mm,2025-7-7 18:47,-0.1,
S1,blue_surface_displacement,4.786667,-0.1,mm,left_mm,2025-7-7 18:47,-0.1,
S1,blue_surface_displacement,4.787778,-0.1,mm,left_mm,2025-7-7 18:47,-0.1,
S1,blue_surface_displacement,4.788889,-0.1,mm,left_mm,2025-7-7 18:47,-0.1,
S1,blue_surface_displacement,4.79,-0.1,mm,left_mm,2025-7-7 18:47,-0.1,
S1,blue_surface_displacement,4.791111,-0.1,mm,left_mm,2025-7-7 18:47,-0.1,
S1,blue_surface_displacement,4.792222,-0.1,mm,left_mm,2025-7-7 18:47,-0.1,
S1,blue_surface_displacement,4.793333,-0.1,mm,left_mm,2025-7-7 18:47,-0.1,
S1,blue_surface_displacement,4.794444,-0.1,mm,left_mm,2025-7-7 18:47,-0.1,
S1,blue_surface_displacement,4.795556,-0.1,mm,left_mm,2025-7-7 18:47,-0.1,
S1,blue_surface_displacement,4.796667,-0.1,mm,left_mm,2025-7-7 18:47,-0.1,
S1,blue_surface_displacement,4.797778,-0.1,mm,left_mm,2025-7-7 18:47,-0.1,
S1,blue_surface_displacement,4.798889,-0.1,mm,left_mm,2025-7-7 18:47,-0.1,
S1,blue_surface_displacement,4.8,-0.1,mm,left_mm,2025-7-7 18:48,-0.1,
S1,blue_surface_displacement,4.801111,-0.1,mm,left_mm,2025-7-7 18:48,-0.1,
S1,blue_surface_displacement,4.802222,-0.1,mm,left_mm,2025-7-7 18:48,-0.1,
S1,blue_surface_displacement,4.803333,-0.1,mm,left_mm,2025-7-7 18:48,-0.1,
S1,blue_surface_displacement,4.804444,-0.1,mm,left_mm,2025-7-7 18:48,-0.1,
S1,blue_surface_displacement,4.805556,-0.1,mm,left_mm,2025-7-7 18:48,-0.1,
S1,blue_surface_displacement,4.806667,-0.1,mm,left_mm,2025-7-7 18:48,-0.1,
S1,blue_surface_displacement,4.807778,-0.1,mm,left_mm,2025-7-7 18:48,-0.1,
S1,blue_surface_displacement,4.808889,-0.1,mm,left_mm,2025-7-7 18:48,-0.1,
S1,blue_surface_displacement,4.81,-0.1,mm,left_mm,2025-7-7 18:48,-0.1,
S1,blue_surface_displacement,4.811111,-0.1,mm,left_mm,2025-7-7 18:48,-0.1,
S1,blue_surface_displacement,4.812222,-0.1,mm,left_mm,2025-7-7 18:48,-0.1,
S1,blue_surface_displacement,4.813333,-0.1,mm,left_mm,2025-7-7 18:48,-0.1,
S1,blue_surface_displacement,4.814444,-0.1,mm,left_mm,2025-7-7 18:48,-0.1,
S1,blue_surface_displacement,4.815556,-0.1,mm,left_mm,2025-7-7 18:48,-0.1,
S1,blue_surface_displacement,4.816667,-0.1,mm,left_mm,2025-7-7 18:49,-0.1,
S1,blue_surface_displacement,4.817778,-0.1,mm,left_mm,2025-7-7 18:49,-0.1,
S1,blue_surface_displacement,4.818889,-0.1,mm,left_mm,2025-7-7 18:49,-0.1,
S1,blue_surface_displacement,4.82,-0.1,mm,left_mm,2025-7-7 18:49,-0.1,
S1,blue_surface_displacement,4.821111,-0.1,mm,left_mm,2025-7-7 18:49,-0.1,
S1,blue_surface_displacement,4.822222,-0.1,mm,left_mm,2025-7-7 18:49,-0.1,
S1,blue_surface_displacement,4.823333,-0.1,mm,left_mm,2025-7-7 18:49,-0.1,
S1,blue_surface_displacement,4.824444,-0.1,mm,left_mm,2025-7-7 18:49,-0.1,
S1,blue_surface_displacement,4.825556,-0.1,mm,left_mm,2025-7-7 18:49,-0.1,
S1,blue_surface_displacement,4.826667,-0.1,mm,left_mm,2025-7-7 18:49,-0.1,
S1,blue_surface_displacement,4.827778,-0.1,mm,left_mm,2025-7-7 18:49,-0.1,
S1,blue_surface_displacement,4.828889,-0.1,mm,left_mm,2025-7-7 18:49,-0.1,
S1,blue_surface_displacement,4.83,-0.1,mm,left_mm,2025-7-7 18:49,-0.1,
S1,blue_surface_displacement,4.831111,-0.1,mm,left_mm,2025-7-7 18:49,-0.1,
S1,blue_surface_displacement,4.832222,-0.1,mm,left_mm,2025-7-7 18:49,-0.1,
S1,blue_surface_displacement,4.833333,-0.1,mm,left_mm,2025-7-7 18:50,-0.1,
S1,blue_surface_displacement,4.834444,-0.1,mm,left_mm,2025-7-7 18:50,-0.1,
S1,blue_surface_displacement,4.835556,-0.1,mm,left_mm,2025-7-7 18:50,-0.1,
S1,blue_surface_displacement,4.836667,-0.1,mm,left_mm,2025-7-7 18:50,-0.1,
S1,blue_surface_displacement,4.837778,-0.1,mm,left_mm,2025-7-7 18:50,-0.1,
S1,blue_surface_displacement,4.838889,-0.1,mm,left_mm,2025-7-7 18:50,-0.1,
S1,blue_surface_displacement,4.84,-0.1,mm,left_mm,2025-7-7 18:50,-0.1,
S1,blue_surface_displacement,4.841111,-0.1,mm,left_mm,2025-7-7 18:50,-0.1,
S1,blue_surface_displacement,4.842222,-0.1,mm,left_mm,2025-7-7 18:50,-0.1,
S1,blue_surface_displacement,4.843333,-0.1,mm,left_mm,2025-7-7 18:50,-0.1,
S1,blue_surface_displacement,4.844444,-0.1,mm,left_mm,2025-7-7 18:50,-0.1,
S1,blue_surface_displacement,4.845556,-0.1,mm,left_mm,2025-7-7 18:50,-0.1,
S1,blue_surface_displacement,4.846667,-0.1,mm,left_mm,2025-7-7 18:50,-0.1,
S1,blue_surface_displacement,4.847778,-0.1,mm,left_mm,2025-7-7 18:50,-0.1,
S1,blue_surface_displacement,4.848889,-0.1,mm,left_mm,2025-7-7 18:50,-0.1,
S1,blue_surface_displacement,4.85,-0.1,mm,left_mm,2025-7-7 18:51,-0.1,
S1,blue_surface_displacement,4.851111,-0.1,mm,left_mm,2025-7-7 18:51,-0.1,
S1,blue_surface_displacement,4.852222,-0.1,mm,left_mm,2025-7-7 18:51,-0.1,
S1,blue_surface_displacement,4.853333,-0.2,mm,left_mm,2025-7-7 18:51,-0.2,
S1,blue_surface_displacement,4.854444,-0.1,mm,left_mm,2025-7-7 18:51,-0.1,
S1,blue_surface_displacement,4.855556,-0.1,mm,left_mm,2025-7-7 18:51,-0.1,
S1,blue_surface_displacement,4.856667,-0.1,mm,left_mm,2025-7-7 18:51,-0.1,
S1,blue_surface_displacement,4.857778,-0.1,mm,left_mm,2025-7-7 18:51,-0.1,
S1,blue_surface_displacement,4.858889,-0.1,mm,left_mm,2025-7-7 18:51,-0.1,
S1,blue_surface_displacement,4.86,-0.1,mm,left_mm,2025-7-7 18:51,-0.1,
S1,blue_surface_displacement,4.861111,-0.1,mm,left_mm,2025-7-7 18:51,-0.1,
S1,blue_surface_displacement,4.862222,-0.1,mm,left_mm,2025-7-7 18:51,-0.1,
S1,blue_surface_displacement,4.863333,-0.1,mm,left_mm,2025-7-7 18:51,-0.1,
S1,blue_surface_displacement,4.864444,-0.1,mm,left_mm,2025-7-7 18:51,-0.1,
S1,blue_surface_displacement,4.865556,-0.1,mm,left_mm,2025-7-7 18:51,-0.1,
S1,blue_surface_displacement,4.866667,-0.1,mm,left_mm,2025-7-7 18:52,-0.1,
S1,blue_surface_displacement,4.867778,-0.1,mm,left_mm,2025-7-7 18:52,-0.1,
S1,blue_surface_displacement,4.868889,-0.1,mm,left_mm,2025-7-7 18:52,-0.1,
S1,blue_surface_displacement,4.87,-0.1,mm,left_mm,2025-7-7 18:52,-0.1,
S1,blue_surface_displacement,4.871111,-0.1,mm,left_mm,2025-7-7 18:52,-0.1,
S1,blue_surface_displacement,4.872222,-0.1,mm,left_mm,2025-7-7 18:52,-0.1,
S1,blue_surface_displacement,4.873333,-0.1,mm,left_mm,2025-7-7 18:52,-0.1,
S1,blue_surface_displacement,4.874444,-0.1,mm,left_mm,2025-7-7 18:52,-0.1,
S1,blue_surface_displacement,4.875556,-0.1,mm,left_mm,2025-7-7 18:52,-0.1,
S1,blue_surface_displacement,4.876667,-0.1,mm,left_mm,2025-7-7 18:52,-0.1,
S1,blue_surface_displacement,4.877778,-0.1,mm,left_mm,2025-7-7 18:52,-0.1,
S1,blue_surface_displacement,4.878889,-0.1,mm,left_mm,2025-7-7 18:52,-0.1,
S1,blue_surface_displacement,4.88,-0.1,mm,left_mm,2025-7-7 18:52,-0.1,
S1,blue_surface_displacement,4.881111,-0.1,mm,left_mm,2025-7-7 18:52,-0.1,
S1,blue_surface_displacement,4.882222,-0.1,mm,left_mm,2025-7-7 18:52,-0.1,
S1,blue_surface_displacement,4.883333,-0.1,mm,left_mm,2025-7-7 18:53,-0.1,
S1,blue_surface_displacement,4.884444,-0.1,mm,left_mm,2025-7-7 18:53,-0.1,
S1,blue_surface_displacement,4.885556,-0.1,mm,left_mm,2025-7-7 18:53,-0.1,
S1,blue_surface_displacement,4.886667,-0.1,mm,left_mm,2025-7-7 18:53,-0.1,
S1,blue_surface_displacement,4.887778,-0.1,mm,left_mm,2025-7-7 18:53,-0.1,
S1,blue_surface_displacement,4.888889,-0.1,mm,left_mm,2025-7-7 18:53,-0.1,
S1,blue_surface_displacement,4.89,-0.1,mm,left_mm,2025-7-7 18:53,-0.1,
S1,blue_surface_displacement,4.891111,-0.1,mm,left_mm,2025-7-7 18:53,-0.1,
S1,blue_surface_displacement,4.892222,-0.1,mm,left_mm,2025-7-7 18:53,-0.1,
S1,blue_surface_displacement,4.893333,-0.1,mm,left_mm,2025-7-7 18:53,-0.1,
S1,blue_surface_displacement,4.894444,-0.1,mm,left_mm,2025-7-7 18:53,-0.1,
S1,blue_surface_displacement,4.895556,-0.1,mm,left_mm,2025-7-7 18:53,-0.1,
S1,blue_surface_displacement,4.896667,-0.1,mm,left_mm,2025-7-7 18:53,-0.1,
S1,blue_surface_displacement,4.897778,-0.1,mm,left_mm,2025-7-7 18:53,-0.1,
S1,blue_surface_displacement,4.898889,-0.1,mm,left_mm,2025-7-7 18:53,-0.1,
S1,blue_surface_displacement,4.9,-0.2,mm,left_mm,2025-7-7 18:54,-0.2,
S1,blue_surface_displacement,4.901111,-0.1,mm,left_mm,2025-7-7 18:54,-0.1,
S1,blue_surface_displacement,4.902222,-0.1,mm,left_mm,2025-7-7 18:54,-0.1,
S1,blue_surface_displacement,4.903333,-0.1,mm,left_mm,2025-7-7 18:54,-0.1,
S1,blue_surface_displacement,4.904444,-0.1,mm,left_mm,2025-7-7 18:54,-0.1,
S1,blue_surface_displacement,4.905556,-0.1,mm,left_mm,2025-7-7 18:54,-0.1,
S1,blue_surface_displacement,4.906667,-0.1,mm,left_mm,2025-7-7 18:54,-0.1,
S1,blue_surface_displacement,4.907778,-0.1,mm,left_mm,2025-7-7 18:54,-0.1,
S1,blue_surface_displacement,4.908889,-0.1,mm,left_mm,2025-7-7 18:54,-0.1,
S1,blue_surface_displacement,4.91,-0.1,mm,left_mm,2025-7-7 18:54,-0.1,
S1,blue_surface_displacement,4.911111,-0.1,mm,left_mm,2025-7-7 18:54,-0.1,
S1,blue_surface_displacement,4.912222,-0.2,mm,left_mm,2025-7-7 18:54,-0.2,
S1,blue_surface_displacement,4.913333,-0.1,mm,left_mm,2025-7-7 18:54,-0.1,
S1,blue_surface_displacement,4.914444,-0.1,mm,left_mm,2025-7-7 18:54,-0.1,
S1,blue_surface_displacement,4.915556,-0.1,mm,left_mm,2025-7-7 18:54,-0.1,
S1,blue_surface_displacement,4.916667,-0.1,mm,left_mm,2025-7-7 18:55,-0.1,
S1,blue_surface_displacement,4.917778,-0.1,mm,left_mm,2025-7-7 18:55,-0.1,
S1,blue_surface_displacement,4.918889,-0.1,mm,left_mm,2025-7-7 18:55,-0.1,
S1,blue_surface_displacement,4.92,-0.1,mm,left_mm,2025-7-7 18:55,-0.1,
S1,blue_surface_displacement,4.921111,-0.1,mm,left_mm,2025-7-7 18:55,-0.1,
S1,blue_surface_displacement,4.922222,-0.1,mm,left_mm,2025-7-7 18:55,-0.1,
S1,blue_surface_displacement,4.923333,-0.1,mm,left_mm,2025-7-7 18:55,-0.1,
S1,blue_surface_displacement,4.924444,-0.1,mm,left_mm,2025-7-7 18:55,-0.1,
S1,blue_surface_displacement,4.925556,-0.1,mm,left_mm,2025-7-7 18:55,-0.1,
S1,blue_surface_displacement,4.926667,-0.1,mm,left_mm,2025-7-7 18:55,-0.1,
S1,blue_surface_displacement,4.927778,-0.1,mm,left_mm,2025-7-7 18:55,-0.1,
S1,blue_surface_displacement,4.928889,-0.1,mm,left_mm,2025-7-7 18:55,-0.1,
S1,blue_surface_displacement,4.93,-0.1,mm,left_mm,2025-7-7 18:55,-0.1,
S1,blue_surface_displacement,4.931111,-0.1,mm,left_mm,2025-7-7 18:55,-0.1,
S1,blue_surface_displacement,4.932222,-0.1,mm,left_mm,2025-7-7 18:55,-0.1,
S1,blue_surface_displacement,4.933333,-0.1,mm,left_mm,2025-7-7 18:56,-0.1,
S1,blue_surface_displacement,4.934444,-0.1,mm,left_mm,2025-7-7 18:56,-0.1,
S1,blue_surface_displacement,4.935556,-0.1,mm,left_mm,2025-7-7 18:56,-0.1,
S1,blue_surface_displacement,4.936667,-0.1,mm,left_mm,2025-7-7 18:56,-0.1,
S1,blue_surface_displacement,4.937778,-0.1,mm,left_mm,2025-7-7 18:56,-0.1,
S1,blue_surface_displacement,4.938889,-0.1,mm,left_mm,2025-7-7 18:56,-0.1,
S1,blue_surface_displacement,4.94,-0.1,mm,left_mm,2025-7-7 18:56,-0.1,
S1,blue_surface_displacement,4.941111,-0.1,mm,left_mm,2025-7-7 18:56,-0.1,
S1,blue_surface_displacement,4.942222,-0.1,mm,left_mm,2025-7-7 18:56,-0.1,
S1,blue_surface_displacement,4.943333,-0.1,mm,left_mm,2025-7-7 18:56,-0.1,
S1,blue_surface_displacement,4.944444,-0.1,mm,left_mm,2025-7-7 18:56,-0.1,
S1,blue_surface_displacement,4.945556,-0.1,mm,left_mm,2025-7-7 18:56,-0.1,
S1,blue_surface_displacement,4.946667,-0.1,mm,left_mm,2025-7-7 18:56,-0.1,
S1,blue_surface_displacement,4.947778,-0.1,mm,left_mm,2025-7-7 18:56,-0.1,
S1,blue_surface_displacement,4.948889,-0.1,mm,left_mm,2025-7-7 18:56,-0.1,
S1,blue_surface_displacement,4.95,-0.1,mm,left_mm,2025-7-7 18:57,-0.1,
S1,blue_surface_displacement,4.951111,-0.1,mm,left_mm,2025-7-7 18:57,-0.1,
S1,blue_surface_displacement,4.952222,-0.1,mm,left_mm,2025-7-7 18:57,-0.1,
S1,blue_surface_displacement,4.953333,-0.1,mm,left_mm,2025-7-7 18:57,-0.1,
S1,blue_surface_displacement,4.954444,-0.1,mm,left_mm,2025-7-7 18:57,-0.1,
S1,blue_surface_displacement,4.955556,-0.1,mm,left_mm,2025-7-7 18:57,-0.1,
S1,blue_surface_displacement,4.956667,-0.1,mm,left_mm,2025-7-7 18:57,-0.1,
S1,blue_surface_displacement,4.957778,-0.1,mm,left_mm,2025-7-7 18:57,-0.1,
S1,blue_surface_displacement,4.958889,-0.1,mm,left_mm,2025-7-7 18:57,-0.1,
S1,blue_surface_displacement,4.96,-0.1,mm,left_mm,2025-7-7 18:57,-0.1,
S1,blue_surface_displacement,4.961111,-0.1,mm,left_mm,2025-7-7 18:57,-0.1,
S1,blue_surface_displacement,4.962222,-0.1,mm,left_mm,2025-7-7 18:57,-0.1,
S1,blue_surface_displacement,4.963333,-0.1,mm,left_mm,2025-7-7 18:57,-0.1,
S1,blue_surface_displacement,4.964444,-0.1,mm,left_mm,2025-7-7 18:57,-0.1,
S1,blue_surface_displacement,4.965556,-0.1,mm,left_mm,2025-7-7 18:57,-0.1,
S1,blue_surface_displacement,4.966667,-0.1,mm,left_mm,2025-7-7 18:58,-0.1,
S1,blue_surface_displacement,4.967778,-0.1,mm,left_mm,2025-7-7 18:58,-0.1,
S1,blue_surface_displacement,4.968889,-0.1,mm,left_mm,2025-7-7 18:58,-0.1,
S1,blue_surface_displacement,4.97,-0.1,mm,left_mm,2025-7-7 18:58,-0.1,
S1,blue_surface_displacement,4.971111,-0.1,mm,left_mm,2025-7-7 18:58,-0.1,
S1,blue_surface_displacement,4.972222,-0.1,mm,left_mm,2025-7-7 18:58,-0.1,
S1,blue_surface_displacement,4.973333,-0.2,mm,left_mm,2025-7-7 18:58,-0.2,
S1,blue_surface_displacement,4.974444,-0.1,mm,left_mm,2025-7-7 18:58,-0.1,
S1,blue_surface_displacement,4.975556,-0.2,mm,left_mm,2025-7-7 18:58,-0.2,
S1,blue_surface_displacement,4.976667,-0.1,mm,left_mm,2025-7-7 18:58,-0.1,
S1,blue_surface_displacement,4.977778,-0.1,mm,left_mm,2025-7-7 18:58,-0.1,
S1,blue_surface_displacement,4.978889,-0.2,mm,left_mm,2025-7-7 18:58,-0.2,
S1,blue_surface_displacement,4.98,-0.2,mm,left_mm,2025-7-7 18:58,-0.2,
S1,blue_surface_displacement,4.981111,-0.1,mm,left_mm,2025-7-7 18:58,-0.1,
S1,blue_surface_displacement,4.982222,-0.1,mm,left_mm,2025-7-7 18:58,-0.1,
S1,blue_surface_displacement,4.983333,-0.1,mm,left_mm,2025-7-7 18:59,-0.1,
S1,blue_surface_displacement,4.984444,-0.2,mm,left_mm,2025-7-7 18:59,-0.2,
S1,blue_surface_displacement,4.985556,-0.2,mm,left_mm,2025-7-7 18:59,-0.2,
S1,blue_surface_displacement,4.986667,-0.1,mm,left_mm,2025-7-7 18:59,-0.1,
S1,blue_surface_displacement,4.987778,-0.2,mm,left_mm,2025-7-7 18:59,-0.2,
S1,blue_surface_displacement,4.988889,-0.1,mm,left_mm,2025-7-7 18:59,-0.1,
S1,blue_surface_displacement,4.99,-0.2,mm,left_mm,2025-7-7 18:59,-0.2,
S1,blue_surface_displacement,4.991111,-0.1,mm,left_mm,2025-7-7 18:59,-0.1,
S1,blue_surface_displacement,4.992222,-0.2,mm,left_mm,2025-7-7 18:59,-0.2,
S1,blue_surface_displacement,4.993333,-0.1,mm,left_mm,2025-7-7 18:59,-0.1,
S1,blue_surface_displacement,4.994444,-0.1,mm,left_mm,2025-7-7 18:59,-0.1,
S1,blue_surface_displacement,4.995556,-0.1,mm,left_mm,2025-7-7 18:59,-0.1,
S1,blue_surface_displacement,4.996667,-0.2,mm,left_mm,2025-7-7 18:59,-0.2,
S1,blue_surface_displacement,4.997778,-0.1,mm,left_mm,2025-7-7 18:59,-0.1,
S1,blue_surface_displacement,4.998889,-0.1,mm,left_mm,2025-7-7 18:59,-0.1,
S1,blue_surface_displacement,5,-0.1,mm,left_mm,2025-7-7 19:00,-0.1,
S1,blue_surface_displacement,5.001111,-0.2,mm,left_mm,2025-7-7 19:00,-0.2,
S1,blue_surface_displacement,5.002222,-0.1,mm,left_mm,2025-7-7 19:00,-0.1,
S1,blue_surface_displacement,5.003333,-0.2,mm,left_mm,2025-7-7 19:00,-0.2,
S1,blue_surface_displacement,5.004444,-0.2,mm,left_mm,2025-7-7 19:00,-0.2,
S1,blue_surface_displacement,5.005556,-0.1,mm,left_mm,2025-7-7 19:00,-0.1,
S1,blue_surface_displacement,5.006667,-0.2,mm,left_mm,2025-7-7 19:00,-0.2,
S1,blue_surface_displacement,5.007778,-0.1,mm,left_mm,2025-7-7 19:00,-0.1,
S1,blue_surface_displacement,5.008889,-0.1,mm,left_mm,2025-7-7 19:00,-0.1,
S1,blue_surface_displacement,5.01,-0.1,mm,left_mm,2025-7-7 19:00,-0.1,
S1,blue_surface_displacement,5.011111,-0.1,mm,left_mm,2025-7-7 19:00,-0.1,
S1,blue_surface_displacement,5.012222,-0.2,mm,left_mm,2025-7-7 19:00,-0.2,
S1,blue_surface_displacement,5.013333,-0.2,mm,left_mm,2025-7-7 19:00,-0.2,
S1,blue_surface_displacement,5.014444,-0.1,mm,left_mm,2025-7-7 19:00,-0.1,
S1,blue_surface_displacement,5.015556,-0.1,mm,left_mm,2025-7-7 19:00,-0.1,
S1,blue_surface_displacement,5.016667,-0.2,mm,left_mm,2025-7-7 19:01,-0.2,
S1,blue_surface_displacement,5.017778,-0.1,mm,left_mm,2025-7-7 19:01,-0.1,
S1,blue_surface_displacement,5.018889,-0.1,mm,left_mm,2025-7-7 19:01,-0.1,
S1,blue_surface_displacement,5.02,-0.1,mm,left_mm,2025-7-7 19:01,-0.1,
S1,blue_surface_displacement,5.021111,-0.1,mm,left_mm,2025-7-7 19:01,-0.1,
S1,blue_surface_displacement,5.022222,-0.1,mm,left_mm,2025-7-7 19:01,-0.1,
S1,blue_surface_displacement,5.023333,-0.1,mm,left_mm,2025-7-7 19:01,-0.1,
S1,blue_surface_displacement,5.024444,-0.1,mm,left_mm,2025-7-7 19:01,-0.1,
S1,blue_surface_displacement,5.025556,-0.1,mm,left_mm,2025-7-7 19:01,-0.1,
S1,blue_surface_displacement,5.026667,-0.1,mm,left_mm,2025-7-7 19:01,-0.1,
S1,blue_surface_displacement,5.027778,-0.1,mm,left_mm,2025-7-7 19:01,-0.1,
S1,blue_surface_displacement,5.028889,-0.1,mm,left_mm,2025-7-7 19:01,-0.1,
S1,blue_surface_displacement,5.03,-0.1,mm,left_mm,2025-7-7 19:01,-0.1,
S1,blue_surface_displacement,5.031111,-0.1,mm,left_mm,2025-7-7 19:01,-0.1,
S1,blue_surface_displacement,5.032222,-0.1,mm,left_mm,2025-7-7 19:01,-0.1,
S1,blue_surface_displacement,5.033333,-0.1,mm,left_mm,2025-7-7 19:02,-0.1,
S1,blue_surface_displacement,5.034444,-0.1,mm,left_mm,2025-7-7 19:02,-0.1,
S1,blue_surface_displacement,5.035556,-0.1,mm,left_mm,2025-7-7 19:02,-0.1,
S1,blue_surface_displacement,5.036667,-0.1,mm,left_mm,2025-7-7 19:02,-0.1,
S1,blue_surface_displacement,5.037778,-0.2,mm,left_mm,2025-7-7 19:02,-0.2,
S1,blue_surface_displacement,5.038889,-0.1,mm,left_mm,2025-7-7 19:02,-0.1,
S1,blue_surface_displacement,5.04,-0.1,mm,left_mm,2025-7-7 19:02,-0.1,
S1,blue_surface_displacement,5.041111,-0.2,mm,left_mm,2025-7-7 19:02,-0.2,
S1,blue_surface_displacement,5.042222,-0.1,mm,left_mm,2025-7-7 19:02,-0.1,
S1,blue_surface_displacement,5.043333,-0.1,mm,left_mm,2025-7-7 19:02,-0.1,
S1,blue_surface_displacement,5.044444,-0.1,mm,left_mm,2025-7-7 19:02,-0.1,
S1,blue_surface_displacement,5.045556,-0.1,mm,left_mm,2025-7-7 19:02,-0.1,
S1,blue_surface_displacement,5.046667,-0.1,mm,left_mm,2025-7-7 19:02,-0.1,
S1,blue_surface_displacement,5.047778,-0.1,mm,left_mm,2025-7-7 19:02,-0.1,
S1,blue_surface_displacement,5.048889,-0.1,mm,left_mm,2025-7-7 19:02,-0.1,
S1,blue_surface_displacement,5.05,-0.1,mm,left_mm,2025-7-7 19:03,-0.1,
S1,blue_surface_displacement,5.051111,-0.1,mm,left_mm,2025-7-7 19:03,-0.1,
S1,blue_surface_displacement,5.052222,-0.1,mm,left_mm,2025-7-7 19:03,-0.1,
S1,blue_surface_displacement,5.053333,-0.1,mm,left_mm,2025-7-7 19:03,-0.1,
S1,blue_surface_displacement,5.054444,-0.1,mm,left_mm,2025-7-7 19:03,-0.1,
S1,blue_surface_displacement,5.055556,-0.1,mm,left_mm,2025-7-7 19:03,-0.1,
S1,blue_surface_displacement,5.056667,-0.1,mm,left_mm,2025-7-7 19:03,-0.1,
S1,blue_surface_displacement,5.057778,-0.1,mm,left_mm,2025-7-7 19:03,-0.1,
S1,blue_surface_displacement,5.058889,-0.1,mm,left_mm,2025-7-7 19:03,-0.1,
S1,blue_surface_displacement,5.06,-0.2,mm,left_mm,2025-7-7 19:03,-0.2,
S1,blue_surface_displacement,5.061111,-0.1,mm,left_mm,2025-7-7 19:03,-0.1,
S1,blue_surface_displacement,5.062222,-0.1,mm,left_mm,2025-7-7 19:03,-0.1,
S1,blue_surface_displacement,5.063333,-0.2,mm,left_mm,2025-7-7 19:03,-0.2,
S1,blue_surface_displacement,5.064444,-0.1,mm,left_mm,2025-7-7 19:03,-0.1,
S1,blue_surface_displacement,5.065556,-0.1,mm,left_mm,2025-7-7 19:03,-0.1,
S1,blue_surface_displacement,5.066667,-0.1,mm,left_mm,2025-7-7 19:04,-0.1,
S1,blue_surface_displacement,5.067778,-0.1,mm,left_mm,2025-7-7 19:04,-0.1,
S1,blue_surface_displacement,5.068889,-0.1,mm,left_mm,2025-7-7 19:04,-0.1,
S1,blue_surface_displacement,5.07,-0.1,mm,left_mm,2025-7-7 19:04,-0.1,
S1,blue_surface_displacement,5.071111,-0.1,mm,left_mm,2025-7-7 19:04,-0.1,
S1,blue_surface_displacement,5.072222,-0.1,mm,left_mm,2025-7-7 19:04,-0.1,
S1,blue_surface_displacement,5.073333,-0.1,mm,left_mm,2025-7-7 19:04,-0.1,
S1,blue_surface_displacement,5.074444,-0.2,mm,left_mm,2025-7-7 19:04,-0.2,
S1,blue_surface_displacement,5.075556,-0.1,mm,left_mm,2025-7-7 19:04,-0.1,
S1,blue_surface_displacement,5.076667,-0.1,mm,left_mm,2025-7-7 19:04,-0.1,
S1,blue_surface_displacement,5.077778,-0.1,mm,left_mm,2025-7-7 19:04,-0.1,
S1,blue_surface_displacement,5.078889,-0.2,mm,left_mm,2025-7-7 19:04,-0.2,
S1,blue_surface_displacement,5.08,-0.1,mm,left_mm,2025-7-7 19:04,-0.1,
S1,blue_surface_displacement,5.081111,-0.1,mm,left_mm,2025-7-7 19:04,-0.1,
S1,blue_surface_displacement,5.082222,-0.2,mm,left_mm,2025-7-7 19:04,-0.2,
S1,blue_surface_displacement,5.083333,-0.1,mm,left_mm,2025-7-7 19:05,-0.1,
S1,blue_surface_displacement,5.084444,-0.1,mm,left_mm,2025-7-7 19:05,-0.1,
S1,blue_surface_displacement,5.085556,-0.1,mm,left_mm,2025-7-7 19:05,-0.1,
S1,blue_surface_displacement,5.086667,-0.1,mm,left_mm,2025-7-7 19:05,-0.1,
S1,blue_surface_displacement,5.087778,-0.1,mm,left_mm,2025-7-7 19:05,-0.1,
S1,blue_surface_displacement,5.088889,-0.1,mm,left_mm,2025-7-7 19:05,-0.1,
S1,blue_surface_displacement,5.09,-0.1,mm,left_mm,2025-7-7 19:05,-0.1,
S1,blue_surface_displacement,5.091111,-0.1,mm,left_mm,2025-7-7 19:05,-0.1,
S1,blue_surface_displacement,5.092222,-0.2,mm,left_mm,2025-7-7 19:05,-0.2,
S1,blue_surface_displacement,5.093333,-0.2,mm,left_mm,2025-7-7 19:05,-0.2,
S1,blue_surface_displacement,5.094444,-0.1,mm,left_mm,2025-7-7 19:05,-0.1,
S1,blue_surface_displacement,5.095556,-0.1,mm,left_mm,2025-7-7 19:05,-0.1,
S1,blue_surface_displacement,5.096667,-0.1,mm,left_mm,2025-7-7 19:05,-0.1,
S1,blue_surface_displacement,5.097778,-0.2,mm,left_mm,2025-7-7 19:05,-0.2,
S1,blue_surface_displacement,5.098889,-0.1,mm,left_mm,2025-7-7 19:05,-0.1,
S1,blue_surface_displacement,5.1,-0.1,mm,left_mm,2025-7-7 19:06,-0.1,
S1,blue_surface_displacement,5.101111,-0.1,mm,left_mm,2025-7-7 19:06,-0.1,
S1,blue_surface_displacement,5.102222,-0.1,mm,left_mm,2025-7-7 19:06,-0.1,
S1,blue_surface_displacement,5.103333,-0.1,mm,left_mm,2025-7-7 19:06,-0.1,
S1,blue_surface_displacement,5.104444,-0.1,mm,left_mm,2025-7-7 19:06,-0.1,
S1,blue_surface_displacement,5.105556,-0.1,mm,left_mm,2025-7-7 19:06,-0.1,
S1,blue_surface_displacement,5.106667,-0.1,mm,left_mm,2025-7-7 19:06,-0.1,
S1,blue_surface_displacement,5.107778,-0.1,mm,left_mm,2025-7-7 19:06,-0.1,
S1,blue_surface_displacement,5.108889,-0.2,mm,left_mm,2025-7-7 19:06,-0.2,
S1,blue_surface_displacement,5.11,-0.1,mm,left_mm,2025-7-7 19:06,-0.1,
S1,blue_surface_displacement,5.111111,-0.1,mm,left_mm,2025-7-7 19:06,-0.1,
S1,blue_surface_displacement,5.112222,-0.1,mm,left_mm,2025-7-7 19:06,-0.1,
S1,blue_surface_displacement,5.113333,-0.1,mm,left_mm,2025-7-7 19:06,-0.1,
S1,blue_surface_displacement,5.114444,-0.1,mm,left_mm,2025-7-7 19:06,-0.1,
S1,blue_surface_displacement,5.115556,-0.1,mm,left_mm,2025-7-7 19:06,-0.1,
S1,blue_surface_displacement,5.116667,-0.1,mm,left_mm,2025-7-7 19:07,-0.1,
S1,blue_surface_displacement,5.117778,-0.2,mm,left_mm,2025-7-7 19:07,-0.2,
S1,blue_surface_displacement,5.118889,-0.1,mm,left_mm,2025-7-7 19:07,-0.1,
S1,blue_surface_displacement,5.12,-0.1,mm,left_mm,2025-7-7 19:07,-0.1,
S1,blue_surface_displacement,5.121111,-0.1,mm,left_mm,2025-7-7 19:07,-0.1,
S1,blue_surface_displacement,5.122222,-0.1,mm,left_mm,2025-7-7 19:07,-0.1,
S1,blue_surface_displacement,5.123333,-0.1,mm,left_mm,2025-7-7 19:07,-0.1,
S1,blue_surface_displacement,5.124444,-0.2,mm,left_mm,2025-7-7 19:07,-0.2,
S1,blue_surface_displacement,5.125556,-0.1,mm,left_mm,2025-7-7 19:07,-0.1,
S1,blue_surface_displacement,5.126667,-0.1,mm,left_mm,2025-7-7 19:07,-0.1,
S1,blue_surface_displacement,5.127778,-0.1,mm,left_mm,2025-7-7 19:07,-0.1,
S1,blue_surface_displacement,5.128889,-0.1,mm,left_mm,2025-7-7 19:07,-0.1,
S1,blue_surface_displacement,5.13,-0.1,mm,left_mm,2025-7-7 19:07,-0.1,
S1,blue_surface_displacement,5.131111,-0.2,mm,left_mm,2025-7-7 19:07,-0.2,
S1,blue_surface_displacement,5.132222,-0.1,mm,left_mm,2025-7-7 19:07,-0.1,
S1,blue_surface_displacement,5.133333,-0.1,mm,left_mm,2025-7-7 19:08,-0.1,
S1,blue_surface_displacement,5.134444,-0.1,mm,left_mm,2025-7-7 19:08,-0.1,
S1,blue_surface_displacement,5.135556,-0.1,mm,left_mm,2025-7-7 19:08,-0.1,
S1,blue_surface_displacement,5.136667,-0.2,mm,left_mm,2025-7-7 19:08,-0.2,
S1,blue_surface_displacement,5.137778,-0.1,mm,left_mm,2025-7-7 19:08,-0.1,
S1,blue_surface_displacement,5.138889,-0.1,mm,left_mm,2025-7-7 19:08,-0.1,
S1,blue_surface_displacement,5.14,-0.1,mm,left_mm,2025-7-7 19:08,-0.1,
S1,blue_surface_displacement,5.141111,-0.1,mm,left_mm,2025-7-7 19:08,-0.1,
S1,blue_surface_displacement,5.142222,-0.1,mm,left_mm,2025-7-7 19:08,-0.1,
S1,blue_surface_displacement,5.143333,-0.1,mm,left_mm,2025-7-7 19:08,-0.1,
S1,blue_surface_displacement,5.144444,-0.1,mm,left_mm,2025-7-7 19:08,-0.1,
S1,blue_surface_displacement,5.145556,-0.1,mm,left_mm,2025-7-7 19:08,-0.1,
S1,blue_surface_displacement,5.146667,-0.1,mm,left_mm,2025-7-7 19:08,-0.1,
S1,blue_surface_displacement,5.147778,-0.1,mm,left_mm,2025-7-7 19:08,-0.1,
S1,blue_surface_displacement,5.148889,-0.1,mm,left_mm,2025-7-7 19:08,-0.1,
S1,blue_surface_displacement,5.15,-0.1,mm,left_mm,2025-7-7 19:09,-0.1,
S1,blue_surface_displacement,5.151111,-0.1,mm,left_mm,2025-7-7 19:09,-0.1,
S1,blue_surface_displacement,5.152222,-0.1,mm,left_mm,2025-7-7 19:09,-0.1,
S1,blue_surface_displacement,5.153333,-0.2,mm,left_mm,2025-7-7 19:09,-0.2,
S1,blue_surface_displacement,5.154444,-0.1,mm,left_mm,2025-7-7 19:09,-0.1,
S1,blue_surface_displacement,5.155556,-0.1,mm,left_mm,2025-7-7 19:09,-0.1,
S1,blue_surface_displacement,5.156667,-0.1,mm,left_mm,2025-7-7 19:09,-0.1,
S1,blue_surface_displacement,5.157778,-0.1,mm,left_mm,2025-7-7 19:09,-0.1,
S1,blue_surface_displacement,5.158889,-0.1,mm,left_mm,2025-7-7 19:09,-0.1,
S1,blue_surface_displacement,5.16,-0.1,mm,left_mm,2025-7-7 19:09,-0.1,
S1,blue_surface_displacement,5.161111,-0.1,mm,left_mm,2025-7-7 19:09,-0.1,
S1,blue_surface_displacement,5.162222,-0.1,mm,left_mm,2025-7-7 19:09,-0.1,
S1,blue_surface_displacement,5.163333,-0.1,mm,left_mm,2025-7-7 19:09,-0.1,
S1,blue_surface_displacement,5.164444,-0.1,mm,left_mm,2025-7-7 19:09,-0.1,
S1,blue_surface_displacement,5.165556,-0.1,mm,left_mm,2025-7-7 19:09,-0.1,
S1,blue_surface_displacement,5.166667,-0.1,mm,left_mm,2025-7-7 19:10,-0.1,
S1,blue_surface_displacement,5.167778,-0.1,mm,left_mm,2025-7-7 19:10,-0.1,
S1,blue_surface_displacement,5.168889,-0.1,mm,left_mm,2025-7-7 19:10,-0.1,
S1,blue_surface_displacement,5.17,-0.1,mm,left_mm,2025-7-7 19:10,-0.1,
S1,blue_surface_displacement,5.171111,-0.1,mm,left_mm,2025-7-7 19:10,-0.1,
S1,blue_surface_displacement,5.172222,-0.2,mm,left_mm,2025-7-7 19:10,-0.2,
S1,blue_surface_displacement,5.173333,-0.1,mm,left_mm,2025-7-7 19:10,-0.1,
S1,blue_surface_displacement,5.174444,-0.2,mm,left_mm,2025-7-7 19:10,-0.2,
S1,blue_surface_displacement,5.175556,-0.1,mm,left_mm,2025-7-7 19:10,-0.1,
S1,blue_surface_displacement,5.176667,-0.1,mm,left_mm,2025-7-7 19:10,-0.1,
S1,blue_surface_displacement,5.177778,-0.1,mm,left_mm,2025-7-7 19:10,-0.1,
S1,blue_surface_displacement,5.178889,-0.2,mm,left_mm,2025-7-7 19:10,-0.2,
S1,blue_surface_displacement,5.18,-0.2,mm,left_mm,2025-7-7 19:10,-0.2,
S1,blue_surface_displacement,5.181111,-0.2,mm,left_mm,2025-7-7 19:10,-0.2,
S1,blue_surface_displacement,5.182222,-0.2,mm,left_mm,2025-7-7 19:10,-0.2,
S1,blue_surface_displacement,5.183333,-0.2,mm,left_mm,2025-7-7 19:11,-0.2,
S1,blue_surface_displacement,5.184444,-0.2,mm,left_mm,2025-7-7 19:11,-0.2,
S1,blue_surface_displacement,5.185556,-0.1,mm,left_mm,2025-7-7 19:11,-0.1,
S1,blue_surface_displacement,5.186667,-0.2,mm,left_mm,2025-7-7 19:11,-0.2,
S1,blue_surface_displacement,5.187778,-0.1,mm,left_mm,2025-7-7 19:11,-0.1,
S1,blue_surface_displacement,5.188889,-0.1,mm,left_mm,2025-7-7 19:11,-0.1,
S1,blue_surface_displacement,5.19,-0.2,mm,left_mm,2025-7-7 19:11,-0.2,
S1,blue_surface_displacement,5.191111,-0.1,mm,left_mm,2025-7-7 19:11,-0.1,
S1,blue_surface_displacement,5.192222,-0.2,mm,left_mm,2025-7-7 19:11,-0.2,
S1,blue_surface_displacement,5.193333,-0.2,mm,left_mm,2025-7-7 19:11,-0.2,
S1,blue_surface_displacement,5.194444,-0.1,mm,left_mm,2025-7-7 19:11,-0.1,
S1,blue_surface_displacement,5.195556,-0.2,mm,left_mm,2025-7-7 19:11,-0.2,
S1,blue_surface_displacement,5.196667,-0.2,mm,left_mm,2025-7-7 19:11,-0.2,
S1,blue_surface_displacement,5.197778,-0.1,mm,left_mm,2025-7-7 19:11,-0.1,
S1,blue_surface_displacement,5.198889,-0.2,mm,left_mm,2025-7-7 19:11,-0.2,
S1,blue_surface_displacement,5.2,-0.2,mm,left_mm,2025-7-7 19:12,-0.2,
S1,blue_surface_displacement,5.201111,-0.2,mm,left_mm,2025-7-7 19:12,-0.2,
S1,blue_surface_displacement,5.202222,-0.2,mm,left_mm,2025-7-7 19:12,-0.2,
S1,blue_surface_displacement,5.203333,-0.2,mm,left_mm,2025-7-7 19:12,-0.2,
S1,blue_surface_displacement,5.204444,-0.2,mm,left_mm,2025-7-7 19:12,-0.2,
S1,blue_surface_displacement,5.205556,-0.2,mm,left_mm,2025-7-7 19:12,-0.2,
S1,blue_surface_displacement,5.206667,-0.2,mm,left_mm,2025-7-7 19:12,-0.2,
S1,blue_surface_displacement,5.207778,-0.2,mm,left_mm,2025-7-7 19:12,-0.2,
S1,blue_surface_displacement,5.208889,-0.2,mm,left_mm,2025-7-7 19:12,-0.2,
S1,blue_surface_displacement,5.21,-0.2,mm,left_mm,2025-7-7 19:12,-0.2,
S1,blue_surface_displacement,5.211111,-0.2,mm,left_mm,2025-7-7 19:12,-0.2,
S1,blue_surface_displacement,5.212222,-0.2,mm,left_mm,2025-7-7 19:12,-0.2,
S1,blue_surface_displacement,5.213333,-0.1,mm,left_mm,2025-7-7 19:12,-0.1,
S1,blue_surface_displacement,5.214444,-0.2,mm,left_mm,2025-7-7 19:12,-0.2,
S1,blue_surface_displacement,5.215556,-0.2,mm,left_mm,2025-7-7 19:12,-0.2,
S1,blue_surface_displacement,5.216667,-0.2,mm,left_mm,2025-7-7 19:13,-0.2,
S1,blue_surface_displacement,5.217778,-0.2,mm,left_mm,2025-7-7 19:13,-0.2,
S1,blue_surface_displacement,5.218889,-0.2,mm,left_mm,2025-7-7 19:13,-0.2,
S1,blue_surface_displacement,5.22,-0.1,mm,left_mm,2025-7-7 19:13,-0.1,
S1,blue_surface_displacement,5.221111,-0.1,mm,left_mm,2025-7-7 19:13,-0.1,
S1,blue_surface_displacement,5.222222,-0.2,mm,left_mm,2025-7-7 19:13,-0.2,
S1,blue_surface_displacement,5.223333,-0.1,mm,left_mm,2025-7-7 19:13,-0.1,
S1,blue_surface_displacement,5.224444,-0.1,mm,left_mm,2025-7-7 19:13,-0.1,
S1,blue_surface_displacement,5.225556,-0.2,mm,left_mm,2025-7-7 19:13,-0.2,
S1,blue_surface_displacement,5.226667,-0.1,mm,left_mm,2025-7-7 19:13,-0.1,
S1,blue_surface_displacement,5.227778,-0.2,mm,left_mm,2025-7-7 19:13,-0.2,
S1,blue_surface_displacement,5.228889,-0.1,mm,left_mm,2025-7-7 19:13,-0.1,
S1,blue_surface_displacement,5.23,-0.2,mm,left_mm,2025-7-7 19:13,-0.2,
S1,blue_surface_displacement,5.231111,-0.2,mm,left_mm,2025-7-7 19:13,-0.2,
S1,blue_surface_displacement,5.232222,-0.2,mm,left_mm,2025-7-7 19:13,-0.2,
S1,blue_surface_displacement,5.233333,-0.2,mm,left_mm,2025-7-7 19:14,-0.2,
S1,blue_surface_displacement,5.234444,-0.2,mm,left_mm,2025-7-7 19:14,-0.2,
S1,blue_surface_displacement,5.235556,-0.1,mm,left_mm,2025-7-7 19:14,-0.1,
S1,blue_surface_displacement,5.236667,-0.2,mm,left_mm,2025-7-7 19:14,-0.2,
S1,blue_surface_displacement,5.237778,-0.2,mm,left_mm,2025-7-7 19:14,-0.2,
S1,blue_surface_displacement,5.238889,-0.2,mm,left_mm,2025-7-7 19:14,-0.2,
S1,blue_surface_displacement,5.24,-0.2,mm,left_mm,2025-7-7 19:14,-0.2,
S1,blue_surface_displacement,5.241111,-0.1,mm,left_mm,2025-7-7 19:14,-0.1,
S1,blue_surface_displacement,5.242222,-0.1,mm,left_mm,2025-7-7 19:14,-0.1,
S1,blue_surface_displacement,5.243333,-0.1,mm,left_mm,2025-7-7 19:14,-0.1,
S1,blue_surface_displacement,5.244444,-0.2,mm,left_mm,2025-7-7 19:14,-0.2,
S1,blue_surface_displacement,5.245556,-0.1,mm,left_mm,2025-7-7 19:14,-0.1,
S1,blue_surface_displacement,5.246667,-0.2,mm,left_mm,2025-7-7 19:14,-0.2,
S1,blue_surface_displacement,5.247778,-0.2,mm,left_mm,2025-7-7 19:14,-0.2,
S1,blue_surface_displacement,5.248889,-0.1,mm,left_mm,2025-7-7 19:14,-0.1,
S1,blue_surface_displacement,5.25,-0.2,mm,left_mm,2025-7-7 19:15,-0.2,
S1,blue_surface_displacement,5.251111,-0.1,mm,left_mm,2025-7-7 19:15,-0.1,
S1,blue_surface_displacement,5.252222,-0.1,mm,left_mm,2025-7-7 19:15,-0.1,
S1,blue_surface_displacement,5.253333,-0.1,mm,left_mm,2025-7-7 19:15,-0.1,
S1,blue_surface_displacement,5.254444,-0.1,mm,left_mm,2025-7-7 19:15,-0.1,
S1,blue_surface_displacement,5.255556,-0.2,mm,left_mm,2025-7-7 19:15,-0.2,
S1,blue_surface_displacement,5.256667,-0.1,mm,left_mm,2025-7-7 19:15,-0.1,
S1,blue_surface_displacement,5.257778,-0.1,mm,left_mm,2025-7-7 19:15,-0.1,
S1,blue_surface_displacement,5.258889,-0.1,mm,left_mm,2025-7-7 19:15,-0.1,
S1,blue_surface_displacement,5.26,-0.1,mm,left_mm,2025-7-7 19:15,-0.1,
S1,blue_surface_displacement,5.261111,-0.2,mm,left_mm,2025-7-7 19:15,-0.2,
S1,blue_surface_displacement,5.262222,-0.2,mm,left_mm,2025-7-7 19:15,-0.2,
S1,blue_surface_displacement,5.263333,-0.2,mm,left_mm,2025-7-7 19:15,-0.2,
S1,blue_surface_displacement,5.264444,-0.1,mm,left_mm,2025-7-7 19:15,-0.1,
S1,blue_surface_displacement,5.265556,-0.2,mm,left_mm,2025-7-7 19:15,-0.2,
S1,blue_surface_displacement,5.266667,-0.2,mm,left_mm,2025-7-7 19:16,-0.2,
S1,blue_surface_displacement,5.267778,-0.2,mm,left_mm,2025-7-7 19:16,-0.2,
S1,blue_surface_displacement,5.268889,-0.2,mm,left_mm,2025-7-7 19:16,-0.2,
S1,blue_surface_displacement,5.27,-0.2,mm,left_mm,2025-7-7 19:16,-0.2,
S1,blue_surface_displacement,5.271111,-0.2,mm,left_mm,2025-7-7 19:16,-0.2,
S1,blue_surface_displacement,5.272222,-0.2,mm,left_mm,2025-7-7 19:16,-0.2,
S1,blue_surface_displacement,5.273333,-0.1,mm,left_mm,2025-7-7 19:16,-0.1,
S1,blue_surface_displacement,5.274444,-0.2,mm,left_mm,2025-7-7 19:16,-0.2,
S1,blue_surface_displacement,5.275556,-0.2,mm,left_mm,2025-7-7 19:16,-0.2,
S1,blue_surface_displacement,5.276667,-0.1,mm,left_mm,2025-7-7 19:16,-0.1,
S1,blue_surface_displacement,5.277778,-0.1,mm,left_mm,2025-7-7 19:16,-0.1,
S1,blue_surface_displacement,5.278889,-0.2,mm,left_mm,2025-7-7 19:16,-0.2,
S1,blue_surface_displacement,5.28,-0.1,mm,left_mm,2025-7-7 19:16,-0.1,
S1,blue_surface_displacement,5.281111,-0.2,mm,left_mm,2025-7-7 19:16,-0.2,
S1,blue_surface_displacement,5.282222,-0.2,mm,left_mm,2025-7-7 19:16,-0.2,
S1,blue_surface_displacement,5.283333,-0.1,mm,left_mm,2025-7-7 19:17,-0.1,
S1,blue_surface_displacement,5.284444,-0.1,mm,left_mm,2025-7-7 19:17,-0.1,
S1,blue_surface_displacement,5.285556,-0.1,mm,left_mm,2025-7-7 19:17,-0.1,
S1,blue_surface_displacement,5.286667,-0.1,mm,left_mm,2025-7-7 19:17,-0.1,
S1,blue_surface_displacement,5.287778,-0.2,mm,left_mm,2025-7-7 19:17,-0.2,
S1,blue_surface_displacement,5.288889,-0.1,mm,left_mm,2025-7-7 19:17,-0.1,
S1,blue_surface_displacement,5.29,-0.2,mm,left_mm,2025-7-7 19:17,-0.2,
S1,blue_surface_displacement,5.291111,-0.2,mm,left_mm,2025-7-7 19:17,-0.2,
S1,blue_surface_displacement,5.292222,-0.2,mm,left_mm,2025-7-7 19:17,-0.2,
S1,blue_surface_displacement,5.293333,-0.2,mm,left_mm,2025-7-7 19:17,-0.2,
S1,blue_surface_displacement,5.294444,-0.2,mm,left_mm,2025-7-7 19:17,-0.2,
S1,blue_surface_displacement,5.295556,-0.2,mm,left_mm,2025-7-7 19:17,-0.2,
S1,blue_surface_displacement,5.296667,-0.2,mm,left_mm,2025-7-7 19:17,-0.2,
S1,blue_surface_displacement,5.297778,-0.1,mm,left_mm,2025-7-7 19:17,-0.1,
S1,blue_surface_displacement,5.298889,-0.2,mm,left_mm,2025-7-7 19:17,-0.2,
S1,blue_surface_displacement,5.3,-0.2,mm,left_mm,2025-7-7 19:18,-0.2,
S1,blue_surface_displacement,5.301111,-0.1,mm,left_mm,2025-7-7 19:18,-0.1,
S1,blue_surface_displacement,5.302222,-0.2,mm,left_mm,2025-7-7 19:18,-0.2,
S1,blue_surface_displacement,5.303333,-0.2,mm,left_mm,2025-7-7 19:18,-0.2,
S1,blue_surface_displacement,5.304444,-0.1,mm,left_mm,2025-7-7 19:18,-0.1,
S1,blue_surface_displacement,5.305556,-0.2,mm,left_mm,2025-7-7 19:18,-0.2,
S1,blue_surface_displacement,5.306667,-0.2,mm,left_mm,2025-7-7 19:18,-0.2,
S1,blue_surface_displacement,5.307778,-0.2,mm,left_mm,2025-7-7 19:18,-0.2,
S1,blue_surface_displacement,5.308889,-0.2,mm,left_mm,2025-7-7 19:18,-0.2,
S1,blue_surface_displacement,5.31,-0.2,mm,left_mm,2025-7-7 19:18,-0.2,
S1,blue_surface_displacement,5.311111,-0.2,mm,left_mm,2025-7-7 19:18,-0.2,
S1,blue_surface_displacement,5.312222,-0.2,mm,left_mm,2025-7-7 19:18,-0.2,
S1,blue_surface_displacement,5.313333,-0.2,mm,left_mm,2025-7-7 19:18,-0.2,
S1,blue_surface_displacement,5.314444,-0.2,mm,left_mm,2025-7-7 19:18,-0.2,
S1,blue_surface_displacement,5.315556,-0.1,mm,left_mm,2025-7-7 19:18,-0.1,
S1,blue_surface_displacement,5.316667,-0.2,mm,left_mm,2025-7-7 19:19,-0.2,
S1,blue_surface_displacement,5.317778,-0.2,mm,left_mm,2025-7-7 19:19,-0.2,
S1,blue_surface_displacement,5.318889,-0.2,mm,left_mm,2025-7-7 19:19,-0.2,
S1,blue_surface_displacement,5.32,-0.2,mm,left_mm,2025-7-7 19:19,-0.2,
S1,blue_surface_displacement,5.321111,-0.1,mm,left_mm,2025-7-7 19:19,-0.1,
S1,blue_surface_displacement,5.322222,-0.1,mm,left_mm,2025-7-7 19:19,-0.1,
S1,blue_surface_displacement,5.323333,-0.1,mm,left_mm,2025-7-7 19:19,-0.1,
S1,blue_surface_displacement,5.324444,-0.2,mm,left_mm,2025-7-7 19:19,-0.2,
S1,blue_surface_displacement,5.325556,-0.2,mm,left_mm,2025-7-7 19:19,-0.2,
S1,blue_surface_displacement,5.326667,-0.2,mm,left_mm,2025-7-7 19:19,-0.2,
S1,blue_surface_displacement,5.327778,-0.2,mm,left_mm,2025-7-7 19:19,-0.2,
S1,blue_surface_displacement,5.328889,-0.1,mm,left_mm,2025-7-7 19:19,-0.1,
S1,blue_surface_displacement,5.33,-0.1,mm,left_mm,2025-7-7 19:19,-0.1,
S1,blue_surface_displacement,5.331111,-0.2,mm,left_mm,2025-7-7 19:19,-0.2,
S1,blue_surface_displacement,5.332222,-0.1,mm,left_mm,2025-7-7 19:19,-0.1,
S1,blue_surface_displacement,5.333333,-0.1,mm,left_mm,2025-7-7 19:20,-0.1,
S1,blue_surface_displacement,5.334444,-0.1,mm,left_mm,2025-7-7 19:20,-0.1,
S1,blue_surface_displacement,5.335556,-0.2,mm,left_mm,2025-7-7 19:20,-0.2,
S1,blue_surface_displacement,5.336667,-0.2,mm,left_mm,2025-7-7 19:20,-0.2,
S1,blue_surface_displacement,5.337778,-0.1,mm,left_mm,2025-7-7 19:20,-0.1,
S1,blue_surface_displacement,5.338889,-0.1,mm,left_mm,2025-7-7 19:20,-0.1,
S1,blue_surface_displacement,5.34,-0.2,mm,left_mm,2025-7-7 19:20,-0.2,
S1,blue_surface_displacement,5.341111,-0.2,mm,left_mm,2025-7-7 19:20,-0.2,
S1,blue_surface_displacement,5.342222,-0.1,mm,left_mm,2025-7-7 19:20,-0.1,
S1,blue_surface_displacement,5.343333,-0.2,mm,left_mm,2025-7-7 19:20,-0.2,
S1,blue_surface_displacement,5.344444,-0.1,mm,left_mm,2025-7-7 19:20,-0.1,
S1,blue_surface_displacement,5.345556,-0.2,mm,left_mm,2025-7-7 19:20,-0.2,
S1,blue_surface_displacement,5.346667,-0.2,mm,left_mm,2025-7-7 19:20,-0.2,
S1,blue_surface_displacement,5.347778,-0.2,mm,left_mm,2025-7-7 19:20,-0.2,
S1,blue_surface_displacement,5.348889,-0.2,mm,left_mm,2025-7-7 19:20,-0.2,
S1,blue_surface_displacement,5.35,-0.2,mm,left_mm,2025-7-7 19:21,-0.2,
S1,blue_surface_displacement,5.351111,-0.1,mm,left_mm,2025-7-7 19:21,-0.1,
S1,blue_surface_displacement,5.352222,-0.1,mm,left_mm,2025-7-7 19:21,-0.1,
S1,blue_surface_displacement,5.353333,-0.2,mm,left_mm,2025-7-7 19:21,-0.2,
S1,blue_surface_displacement,5.354444,-0.1,mm,left_mm,2025-7-7 19:21,-0.1,
S1,blue_surface_displacement,5.355556,-0.2,mm,left_mm,2025-7-7 19:21,-0.2,
S1,blue_surface_displacement,5.356667,-0.2,mm,left_mm,2025-7-7 19:21,-0.2,
S1,blue_surface_displacement,5.357778,-0.2,mm,left_mm,2025-7-7 19:21,-0.2,
S1,blue_surface_displacement,5.358889,-0.2,mm,left_mm,2025-7-7 19:21,-0.2,
S1,blue_surface_displacement,5.36,-0.2,mm,left_mm,2025-7-7 19:21,-0.2,
S1,blue_surface_displacement,5.361111,-0.2,mm,left_mm,2025-7-7 19:21,-0.2,
S1,blue_surface_displacement,5.362222,-0.1,mm,left_mm,2025-7-7 19:21,-0.1,
S1,blue_surface_displacement,5.363333,-0.2,mm,left_mm,2025-7-7 19:21,-0.2,
S1,blue_surface_displacement,5.364444,-0.2,mm,left_mm,2025-7-7 19:21,-0.2,
S1,blue_surface_displacement,5.365556,-0.2,mm,left_mm,2025-7-7 19:21,-0.2,
S1,blue_surface_displacement,5.366667,-0.2,mm,left_mm,2025-7-7 19:22,-0.2,
S1,blue_surface_displacement,5.367778,-0.2,mm,left_mm,2025-7-7 19:22,-0.2,
S1,blue_surface_displacement,5.368889,-0.2,mm,left_mm,2025-7-7 19:22,-0.2,
S1,blue_surface_displacement,5.37,-0.2,mm,left_mm,2025-7-7 19:22,-0.2,
S1,blue_surface_displacement,5.371111,-0.1,mm,left_mm,2025-7-7 19:22,-0.1,
S1,blue_surface_displacement,5.372222,-0.1,mm,left_mm,2025-7-7 19:22,-0.1,
S1,blue_surface_displacement,5.373333,-0.1,mm,left_mm,2025-7-7 19:22,-0.1,
S1,blue_surface_displacement,5.374444,-0.2,mm,left_mm,2025-7-7 19:22,-0.2,
S1,blue_surface_displacement,5.375556,-0.2,mm,left_mm,2025-7-7 19:22,-0.2,
S1,blue_surface_displacement,5.376667,-0.2,mm,left_mm,2025-7-7 19:22,-0.2,
S1,blue_surface_displacement,5.377778,-0.2,mm,left_mm,2025-7-7 19:22,-0.2,
S1,blue_surface_displacement,5.378889,-0.2,mm,left_mm,2025-7-7 19:22,-0.2,
S1,blue_surface_displacement,5.38,-0.1,mm,left_mm,2025-7-7 19:22,-0.1,
S1,blue_surface_displacement,5.381111,-0.2,mm,left_mm,2025-7-7 19:22,-0.2,
S1,blue_surface_displacement,5.382222,-0.2,mm,left_mm,2025-7-7 19:22,-0.2,
S1,blue_surface_displacement,5.383333,-0.2,mm,left_mm,2025-7-7 19:23,-0.2,
S1,blue_surface_displacement,5.384444,-0.2,mm,left_mm,2025-7-7 19:23,-0.2,
S1,blue_surface_displacement,5.385556,-0.2,mm,left_mm,2025-7-7 19:23,-0.2,
S1,blue_surface_displacement,5.386667,-0.2,mm,left_mm,2025-7-7 19:23,-0.2,
S1,blue_surface_displacement,5.387778,-0.2,mm,left_mm,2025-7-7 19:23,-0.2,
S1,blue_surface_displacement,5.388889,-0.2,mm,left_mm,2025-7-7 19:23,-0.2,
S1,blue_surface_displacement,5.39,-0.2,mm,left_mm,2025-7-7 19:23,-0.2,
S1,blue_surface_displacement,5.391111,-0.2,mm,left_mm,2025-7-7 19:23,-0.2,
S1,blue_surface_displacement,5.392222,-0.2,mm,left_mm,2025-7-7 19:23,-0.2,
S1,blue_surface_displacement,5.393333,-0.2,mm,left_mm,2025-7-7 19:23,-0.2,
S1,blue_surface_displacement,5.394444,-0.2,mm,left_mm,2025-7-7 19:23,-0.2,
S1,blue_surface_displacement,5.395556,-0.1,mm,left_mm,2025-7-7 19:23,-0.1,
S1,blue_surface_displacement,5.396667,-0.1,mm,left_mm,2025-7-7 19:23,-0.1,
S1,blue_surface_displacement,5.397778,-0.2,mm,left_mm,2025-7-7 19:23,-0.2,
S1,blue_surface_displacement,5.398889,-0.2,mm,left_mm,2025-7-7 19:23,-0.2,
S1,blue_surface_displacement,5.4,-0.2,mm,left_mm,2025-7-7 19:24,-0.2,
S1,blue_surface_displacement,5.401111,-0.2,mm,left_mm,2025-7-7 19:24,-0.2,
S1,blue_surface_displacement,5.402222,-0.2,mm,left_mm,2025-7-7 19:24,-0.2,
S1,blue_surface_displacement,5.403333,-0.2,mm,left_mm,2025-7-7 19:24,-0.2,
S1,blue_surface_displacement,5.404444,-0.2,mm,left_mm,2025-7-7 19:24,-0.2,
S1,blue_surface_displacement,5.405556,-0.2,mm,left_mm,2025-7-7 19:24,-0.2,
S1,blue_surface_displacement,5.406667,-0.2,mm,left_mm,2025-7-7 19:24,-0.2,
S1,blue_surface_displacement,5.407778,-0.2,mm,left_mm,2025-7-7 19:24,-0.2,
S1,blue_surface_displacement,5.408889,-0.2,mm,left_mm,2025-7-7 19:24,-0.2,
S1,blue_surface_displacement,5.41,-0.2,mm,left_mm,2025-7-7 19:24,-0.2,
S1,blue_surface_displacement,5.411111,-0.2,mm,left_mm,2025-7-7 19:24,-0.2,
S1,blue_surface_displacement,5.412222,-0.2,mm,left_mm,2025-7-7 19:24,-0.2,
S1,blue_surface_displacement,5.413333,-0.2,mm,left_mm,2025-7-7 19:24,-0.2,
S1,blue_surface_displacement,5.414444,-0.1,mm,left_mm,2025-7-7 19:24,-0.1,
S1,blue_surface_displacement,5.415556,-0.2,mm,left_mm,2025-7-7 19:24,-0.2,
S1,blue_surface_displacement,5.416667,-0.2,mm,left_mm,2025-7-7 19:25,-0.2,
S1,blue_surface_displacement,5.417778,-0.2,mm,left_mm,2025-7-7 19:25,-0.2,
S1,blue_surface_displacement,5.418889,-0.2,mm,left_mm,2025-7-7 19:25,-0.2,
S1,blue_surface_displacement,5.42,-0.2,mm,left_mm,2025-7-7 19:25,-0.2,
S1,blue_surface_displacement,5.421111,-0.2,mm,left_mm,2025-7-7 19:25,-0.2,
S1,blue_surface_displacement,5.422222,-0.2,mm,left_mm,2025-7-7 19:25,-0.2,
S1,blue_surface_displacement,5.423333,-0.2,mm,left_mm,2025-7-7 19:25,-0.2,
S1,blue_surface_displacement,5.424444,-0.2,mm,left_mm,2025-7-7 19:25,-0.2,
S1,blue_surface_displacement,5.425556,-0.2,mm,left_mm,2025-7-7 19:25,-0.2,
S1,blue_surface_displacement,5.426667,-0.2,mm,left_mm,2025-7-7 19:25,-0.2,
S1,blue_surface_displacement,5.427778,-0.1,mm,left_mm,2025-7-7 19:25,-0.1,
S1,blue_surface_displacement,5.428889,-0.1,mm,left_mm,2025-7-7 19:25,-0.1,
S1,blue_surface_displacement,5.43,-0.2,mm,left_mm,2025-7-7 19:25,-0.2,
S1,blue_surface_displacement,5.431111,-0.1,mm,left_mm,2025-7-7 19:25,-0.1,
S1,blue_surface_displacement,5.432222,-0.2,mm,left_mm,2025-7-7 19:25,-0.2,
S1,blue_surface_displacement,5.433333,-0.2,mm,left_mm,2025-7-7 19:26,-0.2,
S1,blue_surface_displacement,5.434444,-0.2,mm,left_mm,2025-7-7 19:26,-0.2,
S1,blue_surface_displacement,5.435556,-0.1,mm,left_mm,2025-7-7 19:26,-0.1,
S1,blue_surface_displacement,5.436667,-0.2,mm,left_mm,2025-7-7 19:26,-0.2,
S1,blue_surface_displacement,5.437778,-0.2,mm,left_mm,2025-7-7 19:26,-0.2,
S1,blue_surface_displacement,5.438889,-0.2,mm,left_mm,2025-7-7 19:26,-0.2,
S1,blue_surface_displacement,5.44,-0.1,mm,left_mm,2025-7-7 19:26,-0.1,
S1,blue_surface_displacement,5.441111,-0.1,mm,left_mm,2025-7-7 19:26,-0.1,
S1,blue_surface_displacement,5.442222,-0.2,mm,left_mm,2025-7-7 19:26,-0.2,
S1,blue_surface_displacement,5.443333,-0.1,mm,left_mm,2025-7-7 19:26,-0.1,
S1,blue_surface_displacement,5.444444,-0.2,mm,left_mm,2025-7-7 19:26,-0.2,
S1,blue_surface_displacement,5.445556,-0.1,mm,left_mm,2025-7-7 19:26,-0.1,
S1,blue_surface_displacement,5.446667,-0.1,mm,left_mm,2025-7-7 19:26,-0.1,
S1,blue_surface_displacement,5.447778,-0.1,mm,left_mm,2025-7-7 19:26,-0.1,
S1,blue_surface_displacement,5.448889,-0.2,mm,left_mm,2025-7-7 19:26,-0.2,
S1,blue_surface_displacement,5.45,-0.2,mm,left_mm,2025-7-7 19:27,-0.2,
S1,blue_surface_displacement,5.451111,-0.1,mm,left_mm,2025-7-7 19:27,-0.1,
S1,blue_surface_displacement,5.452222,-0.2,mm,left_mm,2025-7-7 19:27,-0.2,
S1,blue_surface_displacement,5.453333,-0.2,mm,left_mm,2025-7-7 19:27,-0.2,
S1,blue_surface_displacement,5.454444,-0.2,mm,left_mm,2025-7-7 19:27,-0.2,
S1,blue_surface_displacement,5.455556,-0.1,mm,left_mm,2025-7-7 19:27,-0.1,
S1,blue_surface_displacement,5.456667,-0.1,mm,left_mm,2025-7-7 19:27,-0.1,
S1,blue_surface_displacement,5.457778,-0.2,mm,left_mm,2025-7-7 19:27,-0.2,
S1,blue_surface_displacement,5.458889,-0.2,mm,left_mm,2025-7-7 19:27,-0.2,
S1,blue_surface_displacement,5.46,-0.1,mm,left_mm,2025-7-7 19:27,-0.1,
S1,blue_surface_displacement,5.461111,-0.2,mm,left_mm,2025-7-7 19:27,-0.2,
S1,blue_surface_displacement,5.462222,-0.2,mm,left_mm,2025-7-7 19:27,-0.2,
S1,blue_surface_displacement,5.463333,-0.2,mm,left_mm,2025-7-7 19:27,-0.2,
S1,blue_surface_displacement,5.464444,-0.1,mm,left_mm,2025-7-7 19:27,-0.1,
S1,blue_surface_displacement,5.465556,-0.2,mm,left_mm,2025-7-7 19:27,-0.2,
S1,blue_surface_displacement,5.466667,-0.1,mm,left_mm,2025-7-7 19:28,-0.1,
S1,blue_surface_displacement,5.467778,-0.2,mm,left_mm,2025-7-7 19:28,-0.2,
S1,blue_surface_displacement,5.468889,-0.1,mm,left_mm,2025-7-7 19:28,-0.1,
S1,blue_surface_displacement,5.47,-0.1,mm,left_mm,2025-7-7 19:28,-0.1,
S1,blue_surface_displacement,5.471111,-0.2,mm,left_mm,2025-7-7 19:28,-0.2,
S1,blue_surface_displacement,5.472222,-0.2,mm,left_mm,2025-7-7 19:28,-0.2,
S1,blue_surface_displacement,5.473333,-0.2,mm,left_mm,2025-7-7 19:28,-0.2,
S1,blue_surface_displacement,5.474444,-0.2,mm,left_mm,2025-7-7 19:28,-0.2,
S1,blue_surface_displacement,5.475556,-0.1,mm,left_mm,2025-7-7 19:28,-0.1,
S1,blue_surface_displacement,5.476667,-0.2,mm,left_mm,2025-7-7 19:28,-0.2,
S1,blue_surface_displacement,5.477778,-0.2,mm,left_mm,2025-7-7 19:28,-0.2,
S1,blue_surface_displacement,5.478889,-0.2,mm,left_mm,2025-7-7 19:28,-0.2,
S1,blue_surface_displacement,5.48,-0.2,mm,left_mm,2025-7-7 19:28,-0.2,
S1,blue_surface_displacement,5.481111,-0.2,mm,left_mm,2025-7-7 19:28,-0.2,
S1,blue_surface_displacement,5.482222,-0.2,mm,left_mm,2025-7-7 19:28,-0.2,
S1,blue_surface_displacement,5.483333,-0.2,mm,left_mm,2025-7-7 19:29,-0.2,
S1,blue_surface_displacement,5.484444,-0.2,mm,left_mm,2025-7-7 19:29,-0.2,
S1,blue_surface_displacement,5.485556,-0.1,mm,left_mm,2025-7-7 19:29,-0.1,
S1,blue_surface_displacement,5.486667,-0.1,mm,left_mm,2025-7-7 19:29,-0.1,
S1,blue_surface_displacement,5.487778,-0.2,mm,left_mm,2025-7-7 19:29,-0.2,
S1,blue_surface_displacement,5.488889,-0.2,mm,left_mm,2025-7-7 19:29,-0.2,
S1,blue_surface_displacement,5.49,-0.2,mm,left_mm,2025-7-7 19:29,-0.2,
S1,blue_surface_displacement,5.491111,-0.1,mm,left_mm,2025-7-7 19:29,-0.1,
S1,blue_surface_displacement,5.492222,-0.2,mm,left_mm,2025-7-7 19:29,-0.2,
S1,blue_surface_displacement,5.493333,-0.2,mm,left_mm,2025-7-7 19:29,-0.2,
S1,blue_surface_displacement,5.494444,-0.2,mm,left_mm,2025-7-7 19:29,-0.2,
S1,blue_surface_displacement,5.495556,-0.2,mm,left_mm,2025-7-7 19:29,-0.2,
S1,blue_surface_displacement,5.496667,-0.2,mm,left_mm,2025-7-7 19:29,-0.2,
S1,blue_surface_displacement,5.497778,-0.1,mm,left_mm,2025-7-7 19:29,-0.1,
S1,blue_surface_displacement,5.498889,-0.1,mm,left_mm,2025-7-7 19:29,-0.1,
S1,blue_surface_displacement,5.5,-0.2,mm,left_mm,2025-7-7 19:30,-0.2,
S1,blue_surface_displacement,5.501111,-0.1,mm,left_mm,2025-7-7 19:30,-0.1,
S1,blue_surface_displacement,5.502222,-0.2,mm,left_mm,2025-7-7 19:30,-0.2,
S1,blue_surface_displacement,5.503333,-0.2,mm,left_mm,2025-7-7 19:30,-0.2,
S1,blue_surface_displacement,5.504444,-0.1,mm,left_mm,2025-7-7 19:30,-0.1,
S1,blue_surface_displacement,5.505556,-0.1,mm,left_mm,2025-7-7 19:30,-0.1,
S1,blue_surface_displacement,5.506667,-0.2,mm,left_mm,2025-7-7 19:30,-0.2,
S1,blue_surface_displacement,5.507778,-0.2,mm,left_mm,2025-7-7 19:30,-0.2,
S1,blue_surface_displacement,5.508889,-0.2,mm,left_mm,2025-7-7 19:30,-0.2,
S1,blue_surface_displacement,5.51,-0.2,mm,left_mm,2025-7-7 19:30,-0.2,
S1,blue_surface_displacement,5.511111,-0.2,mm,left_mm,2025-7-7 19:30,-0.2,
S1,blue_surface_displacement,5.512222,-0.1,mm,left_mm,2025-7-7 19:30,-0.1,
S1,blue_surface_displacement,5.513333,-0.2,mm,left_mm,2025-7-7 19:30,-0.2,
S1,blue_surface_displacement,5.514444,-0.2,mm,left_mm,2025-7-7 19:30,-0.2,
S1,blue_surface_displacement,5.515556,-0.2,mm,left_mm,2025-7-7 19:30,-0.2,
S1,blue_surface_displacement,5.516667,-0.2,mm,left_mm,2025-7-7 19:31,-0.2,
S1,blue_surface_displacement,5.517778,-0.2,mm,left_mm,2025-7-7 19:31,-0.2,
S1,blue_surface_displacement,5.518889,-0.2,mm,left_mm,2025-7-7 19:31,-0.2,
S1,blue_surface_displacement,5.52,-0.2,mm,left_mm,2025-7-7 19:31,-0.2,
S1,blue_surface_displacement,5.521111,-0.2,mm,left_mm,2025-7-7 19:31,-0.2,
S1,blue_surface_displacement,5.522222,-0.1,mm,left_mm,2025-7-7 19:31,-0.1,
S1,blue_surface_displacement,5.523333,-0.2,mm,left_mm,2025-7-7 19:31,-0.2,
S1,blue_surface_displacement,5.524444,-0.2,mm,left_mm,2025-7-7 19:31,-0.2,
S1,blue_surface_displacement,5.525556,-0.1,mm,left_mm,2025-7-7 19:31,-0.1,
S1,blue_surface_displacement,5.526667,-0.2,mm,left_mm,2025-7-7 19:31,-0.2,
S1,blue_surface_displacement,5.527778,-0.2,mm,left_mm,2025-7-7 19:31,-0.2,
S1,blue_surface_displacement,5.528889,-0.2,mm,left_mm,2025-7-7 19:31,-0.2,
S1,blue_surface_displacement,5.53,-0.1,mm,left_mm,2025-7-7 19:31,-0.1,
S1,blue_surface_displacement,5.531111,-0.2,mm,left_mm,2025-7-7 19:31,-0.2,
S1,blue_surface_displacement,5.532222,-0.1,mm,left_mm,2025-7-7 19:31,-0.1,
S1,blue_surface_displacement,5.533333,-0.2,mm,left_mm,2025-7-7 19:32,-0.2,
S1,blue_surface_displacement,5.534444,-0.2,mm,left_mm,2025-7-7 19:32,-0.2,
S1,blue_surface_displacement,5.535556,-0.2,mm,left_mm,2025-7-7 19:32,-0.2,
S1,blue_surface_displacement,5.536667,-0.2,mm,left_mm,2025-7-7 19:32,-0.2,
S1,blue_surface_displacement,5.537778,-0.1,mm,left_mm,2025-7-7 19:32,-0.1,
S1,blue_surface_displacement,5.538889,-0.2,mm,left_mm,2025-7-7 19:32,-0.2,
S1,blue_surface_displacement,5.54,-0.3,mm,left_mm,2025-7-7 19:32,-0.3,
S1,blue_surface_displacement,5.541111,-0.3,mm,left_mm,2025-7-7 19:32,-0.3,
S1,blue_surface_displacement,5.542222,-0.2,mm,left_mm,2025-7-7 19:32,-0.2,
S1,blue_surface_displacement,5.543333,-0.3,mm,left_mm,2025-7-7 19:32,-0.3,
S1,blue_surface_displacement,5.544444,-0.2,mm,left_mm,2025-7-7 19:32,-0.2,
S1,blue_surface_displacement,5.545556,-0.3,mm,left_mm,2025-7-7 19:32,-0.3,
S1,blue_surface_displacement,5.546667,-0.2,mm,left_mm,2025-7-7 19:32,-0.2,
S1,blue_surface_displacement,5.547778,-0.2,mm,left_mm,2025-7-7 19:32,-0.2,
S1,blue_surface_displacement,5.548889,-0.2,mm,left_mm,2025-7-7 19:32,-0.2,
S1,blue_surface_displacement,5.55,-0.3,mm,left_mm,2025-7-7 19:33,-0.3,
S1,blue_surface_displacement,5.551111,-0.2,mm,left_mm,2025-7-7 19:33,-0.2,
S1,blue_surface_displacement,5.552222,-0.2,mm,left_mm,2025-7-7 19:33,-0.2,
S1,blue_surface_displacement,5.553333,-0.2,mm,left_mm,2025-7-7 19:33,-0.2,
S1,blue_surface_displacement,5.554444,-0.3,mm,left_mm,2025-7-7 19:33,-0.3,
S1,blue_surface_displacement,5.555556,-0.2,mm,left_mm,2025-7-7 19:33,-0.2,
S1,blue_surface_displacement,5.556667,-0.2,mm,left_mm,2025-7-7 19:33,-0.2,
S1,blue_surface_displacement,5.557778,-0.2,mm,left_mm,2025-7-7 19:33,-0.2,
S1,blue_surface_displacement,5.558889,-0.2,mm,left_mm,2025-7-7 19:33,-0.2,
S1,blue_surface_displacement,5.56,-0.2,mm,left_mm,2025-7-7 19:33,-0.2,
S1,blue_surface_displacement,5.561111,-0.3,mm,left_mm,2025-7-7 19:33,-0.3,
S1,blue_surface_displacement,5.562222,-0.2,mm,left_mm,2025-7-7 19:33,-0.2,
S1,blue_surface_displacement,5.563333,-0.2,mm,left_mm,2025-7-7 19:33,-0.2,
S1,blue_surface_displacement,5.564444,-0.2,mm,left_mm,2025-7-7 19:33,-0.2,
S1,blue_surface_displacement,5.565556,-0.2,mm,left_mm,2025-7-7 19:33,-0.2,
S1,blue_surface_displacement,5.566667,-0.2,mm,left_mm,2025-7-7 19:34,-0.2,
S1,blue_surface_displacement,5.567778,-0.3,mm,left_mm,2025-7-7 19:34,-0.3,
S1,blue_surface_displacement,5.568889,-0.2,mm,left_mm,2025-7-7 19:34,-0.2,
S1,blue_surface_displacement,5.57,-0.2,mm,left_mm,2025-7-7 19:34,-0.2,
S1,blue_surface_displacement,5.571111,-0.2,mm,left_mm,2025-7-7 19:34,-0.2,
S1,blue_surface_displacement,5.572222,-0.3,mm,left_mm,2025-7-7 19:34,-0.3,
S1,blue_surface_displacement,5.573333,-0.3,mm,left_mm,2025-7-7 19:34,-0.3,
S1,blue_surface_displacement,5.574444,-0.2,mm,left_mm,2025-7-7 19:34,-0.2,
S1,blue_surface_displacement,5.575556,-0.2,mm,left_mm,2025-7-7 19:34,-0.2,
S1,blue_surface_displacement,5.576667,-0.2,mm,left_mm,2025-7-7 19:34,-0.2,
S1,blue_surface_displacement,5.577778,-0.2,mm,left_mm,2025-7-7 19:34,-0.2,
S1,blue_surface_displacement,5.578889,-0.2,mm,left_mm,2025-7-7 19:34,-0.2,
S1,blue_surface_displacement,5.58,-0.3,mm,left_mm,2025-7-7 19:34,-0.3,
S1,blue_surface_displacement,5.581111,-0.3,mm,left_mm,2025-7-7 19:34,-0.3,
S1,blue_surface_displacement,5.582222,-0.3,mm,left_mm,2025-7-7 19:34,-0.3,
S1,blue_surface_displacement,5.583333,-0.2,mm,left_mm,2025-7-7 19:35,-0.2,
S1,blue_surface_displacement,5.584444,-0.2,mm,left_mm,2025-7-7 19:35,-0.2,
S1,blue_surface_displacement,5.585556,-0.2,mm,left_mm,2025-7-7 19:35,-0.2,
S1,blue_surface_displacement,5.586667,-0.2,mm,left_mm,2025-7-7 19:35,-0.2,
S1,blue_surface_displacement,5.587778,-0.2,mm,left_mm,2025-7-7 19:35,-0.2,
S1,blue_surface_displacement,5.588889,-0.3,mm,left_mm,2025-7-7 19:35,-0.3,
S1,blue_surface_displacement,5.59,-0.2,mm,left_mm,2025-7-7 19:35,-0.2,
S1,blue_surface_displacement,5.591111,-0.2,mm,left_mm,2025-7-7 19:35,-0.2,
S1,blue_surface_displacement,5.592222,-0.2,mm,left_mm,2025-7-7 19:35,-0.2,
S1,blue_surface_displacement,5.593333,-0.3,mm,left_mm,2025-7-7 19:35,-0.3,
S1,blue_surface_displacement,5.594444,-0.3,mm,left_mm,2025-7-7 19:35,-0.3,
S1,blue_surface_displacement,5.595556,-0.3,mm,left_mm,2025-7-7 19:35,-0.3,
S1,blue_surface_displacement,5.596667,-0.3,mm,left_mm,2025-7-7 19:35,-0.3,
S1,blue_surface_displacement,5.597778,-0.3,mm,left_mm,2025-7-7 19:35,-0.3,
S1,blue_surface_displacement,5.598889,-0.2,mm,left_mm,2025-7-7 19:35,-0.2,
S1,blue_surface_displacement,5.6,-0.3,mm,left_mm,2025-7-7 19:36,-0.3,
S1,blue_surface_displacement,5.601111,-0.2,mm,left_mm,2025-7-7 19:36,-0.2,
S1,blue_surface_displacement,5.602222,-0.2,mm,left_mm,2025-7-7 19:36,-0.2,
S1,blue_surface_displacement,5.603333,-0.2,mm,left_mm,2025-7-7 19:36,-0.2,
S1,blue_surface_displacement,5.604444,-0.3,mm,left_mm,2025-7-7 19:36,-0.3,
S1,blue_surface_displacement,5.605556,-0.3,mm,left_mm,2025-7-7 19:36,-0.3,
S1,blue_surface_displacement,5.606667,-0.2,mm,left_mm,2025-7-7 19:36,-0.2,
S1,blue_surface_displacement,5.607778,-0.3,mm,left_mm,2025-7-7 19:36,-0.3,
S1,blue_surface_displacement,5.608889,-0.3,mm,left_mm,2025-7-7 19:36,-0.3,
S1,blue_surface_displacement,5.61,-0.2,mm,left_mm,2025-7-7 19:36,-0.2,
S1,blue_surface_displacement,5.611111,-0.3,mm,left_mm,2025-7-7 19:36,-0.3,
S1,blue_surface_displacement,5.612222,-0.2,mm,left_mm,2025-7-7 19:36,-0.2,
S1,blue_surface_displacement,5.613333,-0.2,mm,left_mm,2025-7-7 19:36,-0.2,
S1,blue_surface_displacement,5.614444,-0.3,mm,left_mm,2025-7-7 19:36,-0.3,
S1,blue_surface_displacement,5.615556,-0.3,mm,left_mm,2025-7-7 19:36,-0.3,
S1,blue_surface_displacement,5.616667,-0.3,mm,left_mm,2025-7-7 19:37,-0.3,
S1,blue_surface_displacement,5.617778,-0.3,mm,left_mm,2025-7-7 19:37,-0.3,
S1,blue_surface_displacement,5.618889,-0.3,mm,left_mm,2025-7-7 19:37,-0.3,
S1,blue_surface_displacement,5.62,-0.2,mm,left_mm,2025-7-7 19:37,-0.2,
S1,blue_surface_displacement,5.621111,-0.3,mm,left_mm,2025-7-7 19:37,-0.3,
S1,blue_surface_displacement,5.622222,-0.3,mm,left_mm,2025-7-7 19:37,-0.3,
S1,blue_surface_displacement,5.623333,-0.2,mm,left_mm,2025-7-7 19:37,-0.2,
S1,blue_surface_displacement,5.624444,-0.2,mm,left_mm,2025-7-7 19:37,-0.2,
S1,blue_surface_displacement,5.625556,-0.3,mm,left_mm,2025-7-7 19:37,-0.3,
S1,blue_surface_displacement,5.626667,-0.3,mm,left_mm,2025-7-7 19:37,-0.3,
S1,blue_surface_displacement,5.627778,-0.3,mm,left_mm,2025-7-7 19:37,-0.3,
S1,blue_surface_displacement,5.628889,-0.2,mm,left_mm,2025-7-7 19:37,-0.2,
S1,blue_surface_displacement,5.63,-0.2,mm,left_mm,2025-7-7 19:37,-0.2,
S1,blue_surface_displacement,5.631111,-0.2,mm,left_mm,2025-7-7 19:37,-0.2,
S1,blue_surface_displacement,5.632222,-0.2,mm,left_mm,2025-7-7 19:37,-0.2,
S1,blue_surface_displacement,5.633333,-0.2,mm,left_mm,2025-7-7 19:38,-0.2,
S1,blue_surface_displacement,5.634444,-0.2,mm,left_mm,2025-7-7 19:38,-0.2,
S1,blue_surface_displacement,5.635556,-0.2,mm,left_mm,2025-7-7 19:38,-0.2,
S1,blue_surface_displacement,5.636667,-0.3,mm,left_mm,2025-7-7 19:38,-0.3,
S1,blue_surface_displacement,5.637778,-0.2,mm,left_mm,2025-7-7 19:38,-0.2,
S1,blue_surface_displacement,5.638889,-0.2,mm,left_mm,2025-7-7 19:38,-0.2,
S1,blue_surface_displacement,5.64,-0.2,mm,left_mm,2025-7-7 19:38,-0.2,
S1,blue_surface_displacement,5.641111,-0.3,mm,left_mm,2025-7-7 19:38,-0.3,
S1,blue_surface_displacement,5.642222,-0.3,mm,left_mm,2025-7-7 19:38,-0.3,
S1,blue_surface_displacement,5.643333,-0.3,mm,left_mm,2025-7-7 19:38,-0.3,
S1,blue_surface_displacement,5.644444,-0.2,mm,left_mm,2025-7-7 19:38,-0.2,
S1,blue_surface_displacement,5.645556,-0.2,mm,left_mm,2025-7-7 19:38,-0.2,
S1,blue_surface_displacement,5.646667,-0.3,mm,left_mm,2025-7-7 19:38,-0.3,
S1,blue_surface_displacement,5.647778,-0.2,mm,left_mm,2025-7-7 19:38,-0.2,
S1,blue_surface_displacement,5.648889,-0.3,mm,left_mm,2025-7-7 19:38,-0.3,
S1,blue_surface_displacement,5.65,-0.2,mm,left_mm,2025-7-7 19:39,-0.2,
S1,blue_surface_displacement,5.651111,-0.2,mm,left_mm,2025-7-7 19:39,-0.2,
S1,blue_surface_displacement,5.652222,-0.2,mm,left_mm,2025-7-7 19:39,-0.2,
S1,blue_surface_displacement,5.653333,-0.3,mm,left_mm,2025-7-7 19:39,-0.3,
S1,blue_surface_displacement,5.654444,-0.3,mm,left_mm,2025-7-7 19:39,-0.3,
S1,blue_surface_displacement,5.655556,-0.2,mm,left_mm,2025-7-7 19:39,-0.2,
S1,blue_surface_displacement,5.656667,-0.2,mm,left_mm,2025-7-7 19:39,-0.2,
S1,blue_surface_displacement,5.657778,-0.2,mm,left_mm,2025-7-7 19:39,-0.2,
S1,blue_surface_displacement,5.658889,-0.2,mm,left_mm,2025-7-7 19:39,-0.2,
S1,blue_surface_displacement,5.66,-0.3,mm,left_mm,2025-7-7 19:39,-0.3,
S1,blue_surface_displacement,5.661111,-0.2,mm,left_mm,2025-7-7 19:39,-0.2,
S1,blue_surface_displacement,5.662222,-0.2,mm,left_mm,2025-7-7 19:39,-0.2,
S1,blue_surface_displacement,5.663333,-0.2,mm,left_mm,2025-7-7 19:39,-0.2,
S1,blue_surface_displacement,5.664444,-0.2,mm,left_mm,2025-7-7 19:39,-0.2,
S1,blue_surface_displacement,5.665556,-0.2,mm,left_mm,2025-7-7 19:39,-0.2,
S1,blue_surface_displacement,5.666667,-0.2,mm,left_mm,2025-7-7 19:40,-0.2,
S1,blue_surface_displacement,5.667778,-0.2,mm,left_mm,2025-7-7 19:40,-0.2,
S1,blue_surface_displacement,5.668889,-0.2,mm,left_mm,2025-7-7 19:40,-0.2,
S1,blue_surface_displacement,5.67,-0.2,mm,left_mm,2025-7-7 19:40,-0.2,
S1,blue_surface_displacement,5.671111,-0.3,mm,left_mm,2025-7-7 19:40,-0.3,
S1,blue_surface_displacement,5.672222,-0.2,mm,left_mm,2025-7-7 19:40,-0.2,
S1,blue_surface_displacement,5.673333,-0.3,mm,left_mm,2025-7-7 19:40,-0.3,
S1,blue_surface_displacement,5.674444,-0.3,mm,left_mm,2025-7-7 19:40,-0.3,
S1,blue_surface_displacement,5.675556,-0.2,mm,left_mm,2025-7-7 19:40,-0.2,
S1,blue_surface_displacement,5.676667,-0.2,mm,left_mm,2025-7-7 19:40,-0.2,
S1,blue_surface_displacement,5.677778,-0.3,mm,left_mm,2025-7-7 19:40,-0.3,
S1,blue_surface_displacement,5.678889,-0.2,mm,left_mm,2025-7-7 19:40,-0.2,
S1,blue_surface_displacement,5.68,-0.2,mm,left_mm,2025-7-7 19:40,-0.2,
S1,blue_surface_displacement,5.681111,-0.2,mm,left_mm,2025-7-7 19:40,-0.2,
S1,blue_surface_displacement,5.682222,-0.2,mm,left_mm,2025-7-7 19:40,-0.2,
S1,blue_surface_displacement,5.683333,-0.2,mm,left_mm,2025-7-7 19:41,-0.2,
S1,blue_surface_displacement,5.684444,-0.2,mm,left_mm,2025-7-7 19:41,-0.2,
S1,blue_surface_displacement,5.685556,-0.2,mm,left_mm,2025-7-7 19:41,-0.2,
S1,blue_surface_displacement,5.686667,-0.2,mm,left_mm,2025-7-7 19:41,-0.2,
S1,blue_surface_displacement,5.687778,-0.2,mm,left_mm,2025-7-7 19:41,-0.2,
S1,blue_surface_displacement,5.688889,-0.3,mm,left_mm,2025-7-7 19:41,-0.3,
S1,blue_surface_displacement,5.69,-0.2,mm,left_mm,2025-7-7 19:41,-0.2,
S1,blue_surface_displacement,5.691111,-0.3,mm,left_mm,2025-7-7 19:41,-0.3,
S1,blue_surface_displacement,5.692222,-0.3,mm,left_mm,2025-7-7 19:41,-0.3,
S1,blue_surface_displacement,5.693333,-0.2,mm,left_mm,2025-7-7 19:41,-0.2,
S1,blue_surface_displacement,5.694444,-0.3,mm,left_mm,2025-7-7 19:41,-0.3,
S1,blue_surface_displacement,5.695556,-0.2,mm,left_mm,2025-7-7 19:41,-0.2,
S1,blue_surface_displacement,5.696667,-0.2,mm,left_mm,2025-7-7 19:41,-0.2,
S1,blue_surface_displacement,5.697778,-0.3,mm,left_mm,2025-7-7 19:41,-0.3,
S1,blue_surface_displacement,5.698889,-0.3,mm,left_mm,2025-7-7 19:41,-0.3,
S1,blue_surface_displacement,5.7,-0.2,mm,left_mm,2025-7-7 19:42,-0.2,
S1,blue_surface_displacement,5.701111,-0.2,mm,left_mm,2025-7-7 19:42,-0.2,
S1,blue_surface_displacement,5.702222,-0.2,mm,left_mm,2025-7-7 19:42,-0.2,
S1,blue_surface_displacement,5.703333,-0.2,mm,left_mm,2025-7-7 19:42,-0.2,
S1,blue_surface_displacement,5.704444,-0.3,mm,left_mm,2025-7-7 19:42,-0.3,
S1,blue_surface_displacement,5.705556,-0.2,mm,left_mm,2025-7-7 19:42,-0.2,
S1,blue_surface_displacement,5.706667,-0.3,mm,left_mm,2025-7-7 19:42,-0.3,
S1,blue_surface_displacement,5.707778,-0.2,mm,left_mm,2025-7-7 19:42,-0.2,
S1,blue_surface_displacement,5.708889,-0.2,mm,left_mm,2025-7-7 19:42,-0.2,
S1,blue_surface_displacement,5.71,-0.2,mm,left_mm,2025-7-7 19:42,-0.2,
S1,blue_surface_displacement,5.711111,-0.2,mm,left_mm,2025-7-7 19:42,-0.2,
S1,blue_surface_displacement,5.712222,-0.2,mm,left_mm,2025-7-7 19:42,-0.2,
S1,blue_surface_displacement,5.713333,-0.3,mm,left_mm,2025-7-7 19:42,-0.3,
S1,blue_surface_displacement,5.714444,-0.2,mm,left_mm,2025-7-7 19:42,-0.2,
S1,blue_surface_displacement,5.715556,-0.2,mm,left_mm,2025-7-7 19:42,-0.2,
S1,blue_surface_displacement,5.716667,-0.2,mm,left_mm,2025-7-7 19:43,-0.2,
S1,blue_surface_displacement,5.717778,-0.2,mm,left_mm,2025-7-7 19:43,-0.2,
S1,blue_surface_displacement,5.718889,-0.2,mm,left_mm,2025-7-7 19:43,-0.2,
S1,blue_surface_displacement,5.72,-0.2,mm,left_mm,2025-7-7 19:43,-0.2,
S1,blue_surface_displacement,5.721111,-0.2,mm,left_mm,2025-7-7 19:43,-0.2,
S1,blue_surface_displacement,5.722222,-0.2,mm,left_mm,2025-7-7 19:43,-0.2,
S1,blue_surface_displacement,5.723333,-0.2,mm,left_mm,2025-7-7 19:43,-0.2,
S1,blue_surface_displacement,5.724444,-0.2,mm,left_mm,2025-7-7 19:43,-0.2,
S1,blue_surface_displacement,5.725556,-0.2,mm,left_mm,2025-7-7 19:43,-0.2,
S1,blue_surface_displacement,5.726667,-0.2,mm,left_mm,2025-7-7 19:43,-0.2,
S1,blue_surface_displacement,5.727778,-0.3,mm,left_mm,2025-7-7 19:43,-0.3,
S1,blue_surface_displacement,5.728889,-0.3,mm,left_mm,2025-7-7 19:43,-0.3,
S1,blue_surface_displacement,5.73,-0.2,mm,left_mm,2025-7-7 19:43,-0.2,
S1,blue_surface_displacement,5.731111,-0.2,mm,left_mm,2025-7-7 19:43,-0.2,
S1,blue_surface_displacement,5.732222,-0.2,mm,left_mm,2025-7-7 19:43,-0.2,
S1,blue_surface_displacement,5.733333,-0.2,mm,left_mm,2025-7-7 19:44,-0.2,
S1,blue_surface_displacement,5.734444,-0.2,mm,left_mm,2025-7-7 19:44,-0.2,
S1,blue_surface_displacement,5.735556,-0.3,mm,left_mm,2025-7-7 19:44,-0.3,
S1,blue_surface_displacement,5.736667,-0.2,mm,left_mm,2025-7-7 19:44,-0.2,
S1,blue_surface_displacement,5.737778,-0.2,mm,left_mm,2025-7-7 19:44,-0.2,
S1,blue_surface_displacement,5.738889,-0.2,mm,left_mm,2025-7-7 19:44,-0.2,
S1,blue_surface_displacement,5.74,-0.2,mm,left_mm,2025-7-7 19:44,-0.2,
S1,blue_surface_displacement,5.741111,-0.2,mm,left_mm,2025-7-7 19:44,-0.2,
S1,blue_surface_displacement,5.742222,-0.3,mm,left_mm,2025-7-7 19:44,-0.3,
S1,blue_surface_displacement,5.743333,-0.2,mm,left_mm,2025-7-7 19:44,-0.2,
S1,blue_surface_displacement,5.744444,-0.2,mm,left_mm,2025-7-7 19:44,-0.2,
S1,blue_surface_displacement,5.745556,-0.2,mm,left_mm,2025-7-7 19:44,-0.2,
S1,blue_surface_displacement,5.746667,-0.2,mm,left_mm,2025-7-7 19:44,-0.2,
S1,blue_surface_displacement,5.747778,-0.2,mm,left_mm,2025-7-7 19:44,-0.2,
S1,blue_surface_displacement,5.748889,-0.2,mm,left_mm,2025-7-7 19:44,-0.2,
S1,blue_surface_displacement,5.75,-0.2,mm,left_mm,2025-7-7 19:45,-0.2,
S1,blue_surface_displacement,5.751111,-0.2,mm,left_mm,2025-7-7 19:45,-0.2,
S1,blue_surface_displacement,5.752222,-0.2,mm,left_mm,2025-7-7 19:45,-0.2,
S1,blue_surface_displacement,5.753333,-0.2,mm,left_mm,2025-7-7 19:45,-0.2,
S1,blue_surface_displacement,5.754444,-0.2,mm,left_mm,2025-7-7 19:45,-0.2,
S1,blue_surface_displacement,5.755556,-0.2,mm,left_mm,2025-7-7 19:45,-0.2,
S1,blue_surface_displacement,5.756667,-0.2,mm,left_mm,2025-7-7 19:45,-0.2,
S1,blue_surface_displacement,5.757778,-0.2,mm,left_mm,2025-7-7 19:45,-0.2,
S1,blue_surface_displacement,5.758889,-0.2,mm,left_mm,2025-7-7 19:45,-0.2,
S1,blue_surface_displacement,5.76,-0.2,mm,left_mm,2025-7-7 19:45,-0.2,
S1,blue_surface_displacement,5.761111,-0.2,mm,left_mm,2025-7-7 19:45,-0.2,
S1,blue_surface_displacement,5.762222,-0.2,mm,left_mm,2025-7-7 19:45,-0.2,
S1,blue_surface_displacement,5.763333,-0.2,mm,left_mm,2025-7-7 19:45,-0.2,
S1,blue_surface_displacement,5.764444,-0.2,mm,left_mm,2025-7-7 19:45,-0.2,
S1,blue_surface_displacement,5.765556,-0.2,mm,left_mm,2025-7-7 19:45,-0.2,
S1,blue_surface_displacement,5.766667,-0.2,mm,left_mm,2025-7-7 19:46,-0.2,
S1,blue_surface_displacement,5.767778,-0.2,mm,left_mm,2025-7-7 19:46,-0.2,
S1,blue_surface_displacement,5.768889,-0.2,mm,left_mm,2025-7-7 19:46,-0.2,
S1,blue_surface_displacement,5.77,-0.2,mm,left_mm,2025-7-7 19:46,-0.2,
S1,blue_surface_displacement,5.771111,-0.2,mm,left_mm,2025-7-7 19:46,-0.2,
S1,blue_surface_displacement,5.772222,-0.2,mm,left_mm,2025-7-7 19:46,-0.2,
S1,blue_surface_displacement,5.773333,-0.2,mm,left_mm,2025-7-7 19:46,-0.2,
S1,blue_surface_displacement,5.774444,-0.2,mm,left_mm,2025-7-7 19:46,-0.2,
S1,blue_surface_displacement,5.775556,-0.2,mm,left_mm,2025-7-7 19:46,-0.2,
S1,blue_surface_displacement,5.776667,-0.2,mm,left_mm,2025-7-7 19:46,-0.2,
S1,blue_surface_displacement,5.777778,-0.2,mm,left_mm,2025-7-7 19:46,-0.2,
S1,blue_surface_displacement,5.778889,-0.2,mm,left_mm,2025-7-7 19:46,-0.2,
S1,blue_surface_displacement,5.78,-0.2,mm,left_mm,2025-7-7 19:46,-0.2,
S1,blue_surface_displacement,5.781111,-0.2,mm,left_mm,2025-7-7 19:46,-0.2,
S1,blue_surface_displacement,5.782222,-0.2,mm,left_mm,2025-7-7 19:46,-0.2,
S1,blue_surface_displacement,5.783333,-0.2,mm,left_mm,2025-7-7 19:47,-0.2,
S1,blue_surface_displacement,5.784444,-0.2,mm,left_mm,2025-7-7 19:47,-0.2,
S1,blue_surface_displacement,5.785556,-0.2,mm,left_mm,2025-7-7 19:47,-0.2,
S1,blue_surface_displacement,5.786667,-0.2,mm,left_mm,2025-7-7 19:47,-0.2,
S1,blue_surface_displacement,5.787778,-0.2,mm,left_mm,2025-7-7 19:47,-0.2,
S1,blue_surface_displacement,5.788889,-0.2,mm,left_mm,2025-7-7 19:47,-0.2,
S1,blue_surface_displacement,5.79,-0.2,mm,left_mm,2025-7-7 19:47,-0.2,
S1,blue_surface_displacement,5.791111,-0.2,mm,left_mm,2025-7-7 19:47,-0.2,
S1,blue_surface_displacement,5.792222,-0.2,mm,left_mm,2025-7-7 19:47,-0.2,
S1,blue_surface_displacement,5.793333,-0.2,mm,left_mm,2025-7-7 19:47,-0.2,
S1,blue_surface_displacement,5.794444,-0.2,mm,left_mm,2025-7-7 19:47,-0.2,
S1,blue_surface_displacement,5.795556,-0.2,mm,left_mm,2025-7-7 19:47,-0.2,
S1,blue_surface_displacement,5.796667,-0.2,mm,left_mm,2025-7-7 19:47,-0.2,
S1,blue_surface_displacement,5.797778,-0.2,mm,left_mm,2025-7-7 19:47,-0.2,
S1,blue_surface_displacement,5.798889,-0.2,mm,left_mm,2025-7-7 19:47,-0.2,
S1,blue_surface_displacement,5.8,-0.2,mm,left_mm,2025-7-7 19:48,-0.2,
S1,blue_surface_displacement,5.801111,-0.2,mm,left_mm,2025-7-7 19:48,-0.2,
S1,blue_surface_displacement,5.802222,-0.2,mm,left_mm,2025-7-7 19:48,-0.2,
S1,blue_surface_displacement,5.803333,-0.2,mm,left_mm,2025-7-7 19:48,-0.2,
S1,blue_surface_displacement,5.804444,-0.2,mm,left_mm,2025-7-7 19:48,-0.2,
S1,blue_surface_displacement,5.805556,-0.2,mm,left_mm,2025-7-7 19:48,-0.2,
S1,blue_surface_displacement,5.806667,-0.2,mm,left_mm,2025-7-7 19:48,-0.2,
S1,blue_surface_displacement,5.807778,-0.2,mm,left_mm,2025-7-7 19:48,-0.2,
S1,blue_surface_displacement,5.808889,-0.2,mm,left_mm,2025-7-7 19:48,-0.2,
S1,blue_surface_displacement,5.81,-0.2,mm,left_mm,2025-7-7 19:48,-0.2,
S1,blue_surface_displacement,5.811111,-0.2,mm,left_mm,2025-7-7 19:48,-0.2,
S1,blue_surface_displacement,5.812222,-0.2,mm,left_mm,2025-7-7 19:48,-0.2,
S1,blue_surface_displacement,5.813333,-0.2,mm,left_mm,2025-7-7 19:48,-0.2,
S1,blue_surface_displacement,5.814444,-0.2,mm,left_mm,2025-7-7 19:48,-0.2,
S1,blue_surface_displacement,5.815556,-0.2,mm,left_mm,2025-7-7 19:48,-0.2,
S1,blue_surface_displacement,5.816667,-0.2,mm,left_mm,2025-7-7 19:49,-0.2,
S1,blue_surface_displacement,5.817778,-0.2,mm,left_mm,2025-7-7 19:49,-0.2,
S1,blue_surface_displacement,5.818889,-0.2,mm,left_mm,2025-7-7 19:49,-0.2,
S1,blue_surface_displacement,5.82,-0.2,mm,left_mm,2025-7-7 19:49,-0.2,
S1,blue_surface_displacement,5.821111,-0.2,mm,left_mm,2025-7-7 19:49,-0.2,
S1,blue_surface_displacement,5.822222,-0.2,mm,left_mm,2025-7-7 19:49,-0.2,
S1,blue_surface_displacement,5.823333,-0.2,mm,left_mm,2025-7-7 19:49,-0.2,
S1,blue_surface_displacement,5.824444,-0.2,mm,left_mm,2025-7-7 19:49,-0.2,
S1,blue_surface_displacement,5.825556,-0.2,mm,left_mm,2025-7-7 19:49,-0.2,
S1,blue_surface_displacement,5.826667,-0.2,mm,left_mm,2025-7-7 19:49,-0.2,
S1,blue_surface_displacement,5.827778,-0.2,mm,left_mm,2025-7-7 19:49,-0.2,
S1,blue_surface_displacement,5.828889,-0.2,mm,left_mm,2025-7-7 19:49,-0.2,
S1,blue_surface_displacement,5.83,-0.2,mm,left_mm,2025-7-7 19:49,-0.2,
S1,blue_surface_displacement,5.831111,-0.2,mm,left_mm,2025-7-7 19:49,-0.2,
S1,blue_surface_displacement,5.832222,-0.2,mm,left_mm,2025-7-7 19:49,-0.2,
S1,blue_surface_displacement,5.833333,-0.2,mm,left_mm,2025-7-7 19:50,-0.2,
S1,blue_surface_displacement,5.834444,-0.2,mm,left_mm,2025-7-7 19:50,-0.2,
S1,blue_surface_displacement,5.835556,-0.2,mm,left_mm,2025-7-7 19:50,-0.2,
S1,blue_surface_displacement,5.836667,-0.2,mm,left_mm,2025-7-7 19:50,-0.2,
S1,blue_surface_displacement,5.837778,-0.2,mm,left_mm,2025-7-7 19:50,-0.2,
S1,blue_surface_displacement,5.838889,-0.2,mm,left_mm,2025-7-7 19:50,-0.2,
S1,blue_surface_displacement,5.84,-0.2,mm,left_mm,2025-7-7 19:50,-0.2,
S1,blue_surface_displacement,5.841111,-0.2,mm,left_mm,2025-7-7 19:50,-0.2,
S1,blue_surface_displacement,5.842222,-0.2,mm,left_mm,2025-7-7 19:50,-0.2,
S1,blue_surface_displacement,5.843333,-0.2,mm,left_mm,2025-7-7 19:50,-0.2,
S1,blue_surface_displacement,5.844444,-0.2,mm,left_mm,2025-7-7 19:50,-0.2,
S1,blue_surface_displacement,5.845556,-0.2,mm,left_mm,2025-7-7 19:50,-0.2,
S1,blue_surface_displacement,5.846667,-0.2,mm,left_mm,2025-7-7 19:50,-0.2,
S1,blue_surface_displacement,5.847778,-0.2,mm,left_mm,2025-7-7 19:50,-0.2,
S1,blue_surface_displacement,5.848889,-0.2,mm,left_mm,2025-7-7 19:50,-0.2,
S1,blue_surface_displacement,5.85,-0.2,mm,left_mm,2025-7-7 19:51,-0.2,
S1,blue_surface_displacement,5.851111,-0.2,mm,left_mm,2025-7-7 19:51,-0.2,
S1,blue_surface_displacement,5.852222,-0.2,mm,left_mm,2025-7-7 19:51,-0.2,
S1,blue_surface_displacement,5.853333,-0.2,mm,left_mm,2025-7-7 19:51,-0.2,
S1,blue_surface_displacement,5.854444,-0.2,mm,left_mm,2025-7-7 19:51,-0.2,
S1,blue_surface_displacement,5.855556,-0.2,mm,left_mm,2025-7-7 19:51,-0.2,
S1,blue_surface_displacement,5.856667,-0.2,mm,left_mm,2025-7-7 19:51,-0.2,
S1,blue_surface_displacement,5.857778,-0.2,mm,left_mm,2025-7-7 19:51,-0.2,
S1,blue_surface_displacement,5.858889,-0.2,mm,left_mm,2025-7-7 19:51,-0.2,
S1,blue_surface_displacement,5.86,-0.2,mm,left_mm,2025-7-7 19:51,-0.2,
S1,blue_surface_displacement,5.861111,-0.2,mm,left_mm,2025-7-7 19:51,-0.2,
S1,blue_surface_displacement,5.862222,-0.2,mm,left_mm,2025-7-7 19:51,-0.2,
S1,blue_surface_displacement,5.863333,-0.2,mm,left_mm,2025-7-7 19:51,-0.2,
S1,blue_surface_displacement,5.864444,-0.2,mm,left_mm,2025-7-7 19:51,-0.2,
S1,blue_surface_displacement,5.865556,-0.2,mm,left_mm,2025-7-7 19:51,-0.2,
S1,blue_surface_displacement,5.866667,-0.2,mm,left_mm,2025-7-7 19:52,-0.2,
S1,blue_surface_displacement,5.867778,-0.2,mm,left_mm,2025-7-7 19:52,-0.2,
S1,blue_surface_displacement,5.868889,-0.2,mm,left_mm,2025-7-7 19:52,-0.2,
S1,blue_surface_displacement,5.87,-0.2,mm,left_mm,2025-7-7 19:52,-0.2,
S1,blue_surface_displacement,5.871111,-0.2,mm,left_mm,2025-7-7 19:52,-0.2,
S1,blue_surface_displacement,5.872222,-0.2,mm,left_mm,2025-7-7 19:52,-0.2,
S1,blue_surface_displacement,5.873333,-0.2,mm,left_mm,2025-7-7 19:52,-0.2,
S1,blue_surface_displacement,5.874444,-0.2,mm,left_mm,2025-7-7 19:52,-0.2,
S1,blue_surface_displacement,5.875556,-0.2,mm,left_mm,2025-7-7 19:52,-0.2,
S1,blue_surface_displacement,5.876667,-0.2,mm,left_mm,2025-7-7 19:52,-0.2,
S1,blue_surface_displacement,5.877778,-0.2,mm,left_mm,2025-7-7 19:52,-0.2,
S1,blue_surface_displacement,5.878889,-0.2,mm,left_mm,2025-7-7 19:52,-0.2,
S1,blue_surface_displacement,5.88,-0.2,mm,left_mm,2025-7-7 19:52,-0.2,
S1,blue_surface_displacement,5.881111,-0.2,mm,left_mm,2025-7-7 19:52,-0.2,
S1,blue_surface_displacement,5.882222,-0.2,mm,left_mm,2025-7-7 19:52,-0.2,
S1,blue_surface_displacement,5.883333,-0.2,mm,left_mm,2025-7-7 19:53,-0.2,
S1,blue_surface_displacement,5.884444,-0.2,mm,left_mm,2025-7-7 19:53,-0.2,
S1,blue_surface_displacement,5.885556,-0.2,mm,left_mm,2025-7-7 19:53,-0.2,
S1,blue_surface_displacement,5.886667,-0.2,mm,left_mm,2025-7-7 19:53,-0.2,
S1,blue_surface_displacement,5.887778,-0.2,mm,left_mm,2025-7-7 19:53,-0.2,
S1,blue_surface_displacement,5.888889,-0.2,mm,left_mm,2025-7-7 19:53,-0.2,
S1,blue_surface_displacement,5.89,-0.2,mm,left_mm,2025-7-7 19:53,-0.2,
S1,blue_surface_displacement,5.891111,-0.2,mm,left_mm,2025-7-7 19:53,-0.2,
S1,blue_surface_displacement,5.892222,-0.2,mm,left_mm,2025-7-7 19:53,-0.2,
S1,blue_surface_displacement,5.893333,-0.2,mm,left_mm,2025-7-7 19:53,-0.2,
S1,blue_surface_displacement,5.894444,-0.2,mm,left_mm,2025-7-7 19:53,-0.2,
S1,blue_surface_displacement,5.895556,-0.2,mm,left_mm,2025-7-7 19:53,-0.2,
S1,blue_surface_displacement,5.896667,-0.2,mm,left_mm,2025-7-7 19:53,-0.2,
S1,blue_surface_displacement,5.897778,-0.2,mm,left_mm,2025-7-7 19:53,-0.2,
S1,blue_surface_displacement,5.898889,-0.2,mm,left_mm,2025-7-7 19:53,-0.2,
S1,blue_surface_displacement,5.9,-0.2,mm,left_mm,2025-7-7 19:54,-0.2,
S1,blue_surface_displacement,5.901111,-0.2,mm,left_mm,2025-7-7 19:54,-0.2,
S1,blue_surface_displacement,5.902222,-0.2,mm,left_mm,2025-7-7 19:54,-0.2,
S1,blue_surface_displacement,5.903333,-0.2,mm,left_mm,2025-7-7 19:54,-0.2,
S1,blue_surface_displacement,5.904444,-0.2,mm,left_mm,2025-7-7 19:54,-0.2,
S1,blue_surface_displacement,5.905556,-0.2,mm,left_mm,2025-7-7 19:54,-0.2,
S1,blue_surface_displacement,5.906667,-0.2,mm,left_mm,2025-7-7 19:54,-0.2,
S1,blue_surface_displacement,5.907778,-0.2,mm,left_mm,2025-7-7 19:54,-0.2,
S1,blue_surface_displacement,5.908889,-0.2,mm,left_mm,2025-7-7 19:54,-0.2,
S1,blue_surface_displacement,5.91,-0.2,mm,left_mm,2025-7-7 19:54,-0.2,
S1,blue_surface_displacement,5.911111,-0.2,mm,left_mm,2025-7-7 19:54,-0.2,
S1,blue_surface_displacement,5.912222,-0.2,mm,left_mm,2025-7-7 19:54,-0.2,
S1,blue_surface_displacement,5.913333,-0.2,mm,left_mm,2025-7-7 19:54,-0.2,
S1,blue_surface_displacement,5.914444,-0.2,mm,left_mm,2025-7-7 19:54,-0.2,
S1,blue_surface_displacement,5.915556,-0.2,mm,left_mm,2025-7-7 19:54,-0.2,
S1,blue_surface_displacement,5.916667,-0.2,mm,left_mm,2025-7-7 19:55,-0.2,
S1,blue_surface_displacement,5.917778,-0.2,mm,left_mm,2025-7-7 19:55,-0.2,
S1,blue_surface_displacement,5.918889,-0.2,mm,left_mm,2025-7-7 19:55,-0.2,
S1,blue_surface_displacement,5.92,-0.2,mm,left_mm,2025-7-7 19:55,-0.2,
S1,blue_surface_displacement,5.921111,-0.2,mm,left_mm,2025-7-7 19:55,-0.2,
S1,blue_surface_displacement,5.922222,-0.2,mm,left_mm,2025-7-7 19:55,-0.2,
S1,blue_surface_displacement,5.923333,-0.2,mm,left_mm,2025-7-7 19:55,-0.2,
S1,blue_surface_displacement,5.924444,-0.2,mm,left_mm,2025-7-7 19:55,-0.2,
S1,blue_surface_displacement,5.925556,-0.2,mm,left_mm,2025-7-7 19:55,-0.2,
S1,blue_surface_displacement,5.926667,-0.2,mm,left_mm,2025-7-7 19:55,-0.2,
S1,blue_surface_displacement,5.927778,-0.2,mm,left_mm,2025-7-7 19:55,-0.2,
S1,blue_surface_displacement,5.928889,-0.2,mm,left_mm,2025-7-7 19:55,-0.2,
S1,blue_surface_displacement,5.93,-0.2,mm,left_mm,2025-7-7 19:55,-0.2,
S1,blue_surface_displacement,5.931111,-0.2,mm,left_mm,2025-7-7 19:55,-0.2,
S1,blue_surface_displacement,5.932222,-0.2,mm,left_mm,2025-7-7 19:55,-0.2,
S1,blue_surface_displacement,5.933333,-0.2,mm,left_mm,2025-7-7 19:56,-0.2,
S1,blue_surface_displacement,5.934444,-0.2,mm,left_mm,2025-7-7 19:56,-0.2,
S1,blue_surface_displacement,5.935556,-0.2,mm,left_mm,2025-7-7 19:56,-0.2,
S1,blue_surface_displacement,5.936667,-0.2,mm,left_mm,2025-7-7 19:56,-0.2,
S1,blue_surface_displacement,5.937778,-0.2,mm,left_mm,2025-7-7 19:56,-0.2,
S1,blue_surface_displacement,5.938889,-0.2,mm,left_mm,2025-7-7 19:56,-0.2,
S1,blue_surface_displacement,5.94,-0.2,mm,left_mm,2025-7-7 19:56,-0.2,
S1,blue_surface_displacement,5.941111,-0.2,mm,left_mm,2025-7-7 19:56,-0.2,
S1,blue_surface_displacement,5.942222,-0.2,mm,left_mm,2025-7-7 19:56,-0.2,
S1,blue_surface_displacement,5.943333,-0.2,mm,left_mm,2025-7-7 19:56,-0.2,
S1,blue_surface_displacement,5.944444,-0.2,mm,left_mm,2025-7-7 19:56,-0.2,
S1,blue_surface_displacement,5.945556,-0.2,mm,left_mm,2025-7-7 19:56,-0.2,
S1,blue_surface_displacement,5.946667,-0.2,mm,left_mm,2025-7-7 19:56,-0.2,
S1,blue_surface_displacement,5.947778,-0.2,mm,left_mm,2025-7-7 19:56,-0.2,
S1,blue_surface_displacement,5.948889,-0.2,mm,left_mm,2025-7-7 19:56,-0.2,
S1,blue_surface_displacement,5.95,-0.2,mm,left_mm,2025-7-7 19:57,-0.2,
S1,blue_surface_displacement,5.951111,-0.2,mm,left_mm,2025-7-7 19:57,-0.2,
S1,blue_surface_displacement,5.952222,-0.2,mm,left_mm,2025-7-7 19:57,-0.2,
S1,blue_surface_displacement,5.953333,-0.2,mm,left_mm,2025-7-7 19:57,-0.2,
S1,blue_surface_displacement,5.954444,-0.2,mm,left_mm,2025-7-7 19:57,-0.2,
S1,blue_surface_displacement,5.955556,-0.2,mm,left_mm,2025-7-7 19:57,-0.2,
S1,blue_surface_displacement,5.956667,-0.2,mm,left_mm,2025-7-7 19:57,-0.2,
S1,blue_surface_displacement,5.957778,-0.2,mm,left_mm,2025-7-7 19:57,-0.2,
S1,blue_surface_displacement,5.958889,-0.2,mm,left_mm,2025-7-7 19:57,-0.2,
S1,blue_surface_displacement,5.96,-0.2,mm,left_mm,2025-7-7 19:57,-0.2,
S1,blue_surface_displacement,5.961111,-0.2,mm,left_mm,2025-7-7 19:57,-0.2,
S1,blue_surface_displacement,5.962222,-0.2,mm,left_mm,2025-7-7 19:57,-0.2,
S1,blue_surface_displacement,5.963333,-0.2,mm,left_mm,2025-7-7 19:57,-0.2,
S1,blue_surface_displacement,5.964444,-0.2,mm,left_mm,2025-7-7 19:57,-0.2,
S1,blue_surface_displacement,5.965556,-0.2,mm,left_mm,2025-7-7 19:57,-0.2,
S1,blue_surface_displacement,5.966667,-0.2,mm,left_mm,2025-7-7 19:58,-0.2,
S1,blue_surface_displacement,5.967778,-0.2,mm,left_mm,2025-7-7 19:58,-0.2,
S1,blue_surface_displacement,5.968889,-0.2,mm,left_mm,2025-7-7 19:58,-0.2,
S1,blue_surface_displacement,5.97,-0.2,mm,left_mm,2025-7-7 19:58,-0.2,
S1,blue_surface_displacement,5.971111,-0.2,mm,left_mm,2025-7-7 19:58,-0.2,
S1,blue_surface_displacement,5.972222,-0.2,mm,left_mm,2025-7-7 19:58,-0.2,
S1,blue_surface_displacement,5.973333,-0.2,mm,left_mm,2025-7-7 19:58,-0.2,
S1,blue_surface_displacement,5.974444,-0.2,mm,left_mm,2025-7-7 19:58,-0.2,
S1,blue_surface_displacement,5.975556,-0.2,mm,left_mm,2025-7-7 19:58,-0.2,
S1,blue_surface_displacement,5.976667,-0.2,mm,left_mm,2025-7-7 19:58,-0.2,
S1,blue_surface_displacement,5.977778,-0.2,mm,left_mm,2025-7-7 19:58,-0.2,
S1,blue_surface_displacement,5.978889,-0.2,mm,left_mm,2025-7-7 19:58,-0.2,
S1,blue_surface_displacement,5.98,-0.2,mm,left_mm,2025-7-7 19:58,-0.2,
S1,blue_surface_displacement,5.981111,-0.2,mm,left_mm,2025-7-7 19:58,-0.2,
S1,blue_surface_displacement,5.982222,-0.2,mm,left_mm,2025-7-7 19:58,-0.2,
S1,blue_surface_displacement,5.983333,-0.2,mm,left_mm,2025-7-7 19:59,-0.2,
S1,blue_surface_displacement,5.984444,-0.2,mm,left_mm,2025-7-7 19:59,-0.2,
S1,blue_surface_displacement,5.985556,-0.2,mm,left_mm,2025-7-7 19:59,-0.2,
S1,blue_surface_displacement,5.986667,-0.2,mm,left_mm,2025-7-7 19:59,-0.2,
S1,blue_surface_displacement,5.987778,-0.2,mm,left_mm,2025-7-7 19:59,-0.2,
S1,blue_surface_displacement,5.988889,-0.2,mm,left_mm,2025-7-7 19:59,-0.2,
S1,blue_surface_displacement,5.99,-0.2,mm,left_mm,2025-7-7 19:59,-0.2,
S1,blue_surface_displacement,5.991111,-0.2,mm,left_mm,2025-7-7 19:59,-0.2,
S1,blue_surface_displacement,5.992222,-0.2,mm,left_mm,2025-7-7 19:59,-0.2,
S1,blue_surface_displacement,5.993333,-0.2,mm,left_mm,2025-7-7 19:59,-0.2,
S1,blue_surface_displacement,5.994444,-0.2,mm,left_mm,2025-7-7 19:59,-0.2,
S1,blue_surface_displacement,5.995556,-0.2,mm,left_mm,2025-7-7 19:59,-0.2,
S1,blue_surface_displacement,5.996667,-0.2,mm,left_mm,2025-7-7 19:59,-0.2,
S1,blue_surface_displacement,5.997778,-0.2,mm,left_mm,2025-7-7 19:59,-0.2,
S1,blue_surface_displacement,5.998889,-0.2,mm,left_mm,2025-7-7 19:59,-0.2,
S1,blue_surface_displacement,6,-0.2,mm,left_mm,2025-7-7 20:00,-0.2,
S1,blue_surface_displacement,6.001111,-0.2,mm,left_mm,2025-7-7 20:00,-0.2,
S1,blue_surface_displacement,6.002222,-0.2,mm,left_mm,2025-7-7 20:00,-0.2,
S1,blue_surface_displacement,6.003333,-0.2,mm,left_mm,2025-7-7 20:00,-0.2,
S1,blue_surface_displacement,6.004444,-0.2,mm,left_mm,2025-7-7 20:00,-0.2,
S1,blue_surface_displacement,6.005556,-0.2,mm,left_mm,2025-7-7 20:00,-0.2,
S1,blue_surface_displacement,6.006667,-0.2,mm,left_mm,2025-7-7 20:00,-0.2,
S1,blue_surface_displacement,6.007778,-0.2,mm,left_mm,2025-7-7 20:00,-0.2,
S1,blue_surface_displacement,6.008889,-0.2,mm,left_mm,2025-7-7 20:00,-0.2,
S1,blue_surface_displacement,6.01,-0.2,mm,left_mm,2025-7-7 20:00,-0.2,
S1,blue_surface_displacement,6.011111,-0.2,mm,left_mm,2025-7-7 20:00,-0.2,
S1,blue_surface_displacement,6.012222,-0.2,mm,left_mm,2025-7-7 20:00,-0.2,
S1,blue_surface_displacement,6.013333,-0.2,mm,left_mm,2025-7-7 20:00,-0.2,
S1,blue_surface_displacement,6.014444,-0.2,mm,left_mm,2025-7-7 20:00,-0.2,
S1,blue_surface_displacement,6.015556,-0.2,mm,left_mm,2025-7-7 20:00,-0.2,
S1,blue_surface_displacement,6.016667,-0.2,mm,left_mm,2025-7-7 20:01,-0.2,
S1,blue_surface_displacement,6.017778,-0.2,mm,left_mm,2025-7-7 20:01,-0.2,
S1,blue_surface_displacement,6.018889,-0.2,mm,left_mm,2025-7-7 20:01,-0.2,
S1,blue_surface_displacement,6.02,-0.2,mm,left_mm,2025-7-7 20:01,-0.2,
S1,blue_surface_displacement,6.021111,-0.2,mm,left_mm,2025-7-7 20:01,-0.2,
S1,blue_surface_displacement,6.022222,-0.2,mm,left_mm,2025-7-7 20:01,-0.2,
S1,blue_surface_displacement,6.023333,-0.2,mm,left_mm,2025-7-7 20:01,-0.2,
S1,blue_surface_displacement,6.024444,-0.2,mm,left_mm,2025-7-7 20:01,-0.2,
S1,blue_surface_displacement,6.025556,-0.2,mm,left_mm,2025-7-7 20:01,-0.2,
S1,blue_surface_displacement,6.026667,-0.2,mm,left_mm,2025-7-7 20:01,-0.2,
S1,blue_surface_displacement,6.027778,-0.2,mm,left_mm,2025-7-7 20:01,-0.2,
S1,blue_surface_displacement,6.028889,-0.2,mm,left_mm,2025-7-7 20:01,-0.2,
S1,blue_surface_displacement,6.03,-0.2,mm,left_mm,2025-7-7 20:01,-0.2,
S1,blue_surface_displacement,6.031111,-0.2,mm,left_mm,2025-7-7 20:01,-0.2,
S1,blue_surface_displacement,6.032222,-0.2,mm,left_mm,2025-7-7 20:01,-0.2,
S1,blue_surface_displacement,6.033333,-0.2,mm,left_mm,2025-7-7 20:02,-0.2,
S1,blue_surface_displacement,6.034444,-0.2,mm,left_mm,2025-7-7 20:02,-0.2,
S1,blue_surface_displacement,6.035556,-0.2,mm,left_mm,2025-7-7 20:02,-0.2,
S1,blue_surface_displacement,6.036667,-0.2,mm,left_mm,2025-7-7 20:02,-0.2,
S1,blue_surface_displacement,6.037778,-0.2,mm,left_mm,2025-7-7 20:02,-0.2,
S1,blue_surface_displacement,6.038889,-0.2,mm,left_mm,2025-7-7 20:02,-0.2,
S1,blue_surface_displacement,6.04,-0.2,mm,left_mm,2025-7-7 20:02,-0.2,
S1,blue_surface_displacement,6.041111,-0.2,mm,left_mm,2025-7-7 20:02,-0.2,
S1,blue_surface_displacement,6.042222,-0.2,mm,left_mm,2025-7-7 20:02,-0.2,
S1,blue_surface_displacement,6.043333,-0.2,mm,left_mm,2025-7-7 20:02,-0.2,
S1,blue_surface_displacement,6.044444,-0.2,mm,left_mm,2025-7-7 20:02,-0.2,
S1,blue_surface_displacement,6.045556,-0.2,mm,left_mm,2025-7-7 20:02,-0.2,
S1,blue_surface_displacement,6.046667,-0.2,mm,left_mm,2025-7-7 20:02,-0.2,
S1,blue_surface_displacement,6.047778,-0.2,mm,left_mm,2025-7-7 20:02,-0.2,
S1,blue_surface_displacement,6.048889,-0.2,mm,left_mm,2025-7-7 20:02,-0.2,
S1,blue_surface_displacement,6.05,-0.2,mm,left_mm,2025-7-7 20:03,-0.2,
S1,blue_surface_displacement,6.051111,-0.2,mm,left_mm,2025-7-7 20:03,-0.2,
S1,blue_surface_displacement,6.052222,-0.2,mm,left_mm,2025-7-7 20:03,-0.2,
S1,blue_surface_displacement,6.053333,-0.2,mm,left_mm,2025-7-7 20:03,-0.2,
S1,blue_surface_displacement,6.054444,-0.2,mm,left_mm,2025-7-7 20:03,-0.2,
S1,blue_surface_displacement,6.055556,-0.2,mm,left_mm,2025-7-7 20:03,-0.2,
S1,blue_surface_displacement,6.056667,-0.2,mm,left_mm,2025-7-7 20:03,-0.2,
S1,blue_surface_displacement,6.057778,-0.2,mm,left_mm,2025-7-7 20:03,-0.2,
S1,blue_surface_displacement,6.058889,-0.2,mm,left_mm,2025-7-7 20:03,-0.2,
S1,blue_surface_displacement,6.06,-0.2,mm,left_mm,2025-7-7 20:03,-0.2,
S1,blue_surface_displacement,6.061111,-0.2,mm,left_mm,2025-7-7 20:03,-0.2,
S1,blue_surface_displacement,6.062222,-0.2,mm,left_mm,2025-7-7 20:03,-0.2,
S1,blue_surface_displacement,6.063333,-0.2,mm,left_mm,2025-7-7 20:03,-0.2,
S1,blue_surface_displacement,6.064444,-0.2,mm,left_mm,2025-7-7 20:03,-0.2,
S1,blue_surface_displacement,6.065556,-0.2,mm,left_mm,2025-7-7 20:03,-0.2,
S1,blue_surface_displacement,6.066667,-0.2,mm,left_mm,2025-7-7 20:04,-0.2,
S1,blue_surface_displacement,6.067778,-0.2,mm,left_mm,2025-7-7 20:04,-0.2,
S1,blue_surface_displacement,6.068889,-0.2,mm,left_mm,2025-7-7 20:04,-0.2,
S1,blue_surface_displacement,6.07,-0.2,mm,left_mm,2025-7-7 20:04,-0.2,
S1,blue_surface_displacement,6.071111,-0.2,mm,left_mm,2025-7-7 20:04,-0.2,
S1,blue_surface_displacement,6.072222,-0.2,mm,left_mm,2025-7-7 20:04,-0.2,
S1,blue_surface_displacement,6.073333,-0.2,mm,left_mm,2025-7-7 20:04,-0.2,
S1,blue_surface_displacement,6.074444,-0.2,mm,left_mm,2025-7-7 20:04,-0.2,
S1,blue_surface_displacement,6.075556,-0.2,mm,left_mm,2025-7-7 20:04,-0.2,
S1,blue_surface_displacement,6.076667,-0.2,mm,left_mm,2025-7-7 20:04,-0.2,
S1,blue_surface_displacement,6.077778,-0.2,mm,left_mm,2025-7-7 20:04,-0.2,
S1,blue_surface_displacement,6.078889,-0.2,mm,left_mm,2025-7-7 20:04,-0.2,
S1,blue_surface_displacement,6.08,-0.2,mm,left_mm,2025-7-7 20:04,-0.2,
S1,blue_surface_displacement,6.081111,-0.2,mm,left_mm,2025-7-7 20:04,-0.2,
S1,blue_surface_displacement,6.082222,-0.2,mm,left_mm,2025-7-7 20:04,-0.2,
S1,blue_surface_displacement,6.083333,-0.2,mm,left_mm,2025-7-7 20:05,-0.2,
S1,blue_surface_displacement,6.084444,-0.2,mm,left_mm,2025-7-7 20:05,-0.2,
S1,blue_surface_displacement,6.085556,-0.2,mm,left_mm,2025-7-7 20:05,-0.2,
S1,blue_surface_displacement,6.086667,-0.2,mm,left_mm,2025-7-7 20:05,-0.2,
S1,blue_surface_displacement,6.087778,-0.2,mm,left_mm,2025-7-7 20:05,-0.2,
S1,blue_surface_displacement,6.088889,-0.2,mm,left_mm,2025-7-7 20:05,-0.2,
S1,blue_surface_displacement,6.09,-0.2,mm,left_mm,2025-7-7 20:05,-0.2,
S1,blue_surface_displacement,6.091111,-0.2,mm,left_mm,2025-7-7 20:05,-0.2,
S1,blue_surface_displacement,6.092222,-0.2,mm,left_mm,2025-7-7 20:05,-0.2,
S1,blue_surface_displacement,6.093333,-0.2,mm,left_mm,2025-7-7 20:05,-0.2,
S1,blue_surface_displacement,6.094444,-0.2,mm,left_mm,2025-7-7 20:05,-0.2,
S1,blue_surface_displacement,6.095556,-0.2,mm,left_mm,2025-7-7 20:05,-0.2,
S1,blue_surface_displacement,6.096667,-0.2,mm,left_mm,2025-7-7 20:05,-0.2,
S1,blue_surface_displacement,6.097778,-0.2,mm,left_mm,2025-7-7 20:05,-0.2,
S1,blue_surface_displacement,6.098889,-0.2,mm,left_mm,2025-7-7 20:05,-0.2,
S1,blue_surface_displacement,6.1,-0.2,mm,left_mm,2025-7-7 20:06,-0.2,
S1,blue_surface_displacement,6.101111,-0.2,mm,left_mm,2025-7-7 20:06,-0.2,
S1,blue_surface_displacement,6.102222,-0.2,mm,left_mm,2025-7-7 20:06,-0.2,
S1,blue_surface_displacement,6.103333,-0.2,mm,left_mm,2025-7-7 20:06,-0.2,
S1,blue_surface_displacement,6.104444,-0.2,mm,left_mm,2025-7-7 20:06,-0.2,
S1,blue_surface_displacement,6.105556,-0.2,mm,left_mm,2025-7-7 20:06,-0.2,
S1,blue_surface_displacement,6.106667,-0.2,mm,left_mm,2025-7-7 20:06,-0.2,
S1,blue_surface_displacement,6.107778,-0.2,mm,left_mm,2025-7-7 20:06,-0.2,
S1,blue_surface_displacement,6.108889,-0.2,mm,left_mm,2025-7-7 20:06,-0.2,
S1,blue_surface_displacement,6.11,-0.2,mm,left_mm,2025-7-7 20:06,-0.2,
S1,blue_surface_displacement,6.111111,-0.2,mm,left_mm,2025-7-7 20:06,-0.2,
S1,blue_surface_displacement,6.112222,-0.2,mm,left_mm,2025-7-7 20:06,-0.2,
S1,blue_surface_displacement,6.113333,-0.2,mm,left_mm,2025-7-7 20:06,-0.2,
S1,blue_surface_displacement,6.114444,-0.2,mm,left_mm,2025-7-7 20:06,-0.2,
S1,blue_surface_displacement,6.115556,-0.2,mm,left_mm,2025-7-7 20:06,-0.2,
S1,blue_surface_displacement,6.116667,-0.2,mm,left_mm,2025-7-7 20:07,-0.2,
S1,blue_surface_displacement,6.117778,-0.2,mm,left_mm,2025-7-7 20:07,-0.2,
S1,blue_surface_displacement,6.118889,-0.2,mm,left_mm,2025-7-7 20:07,-0.2,
S1,blue_surface_displacement,6.12,-0.2,mm,left_mm,2025-7-7 20:07,-0.2,
S1,blue_surface_displacement,6.121111,-0.2,mm,left_mm,2025-7-7 20:07,-0.2,
S1,blue_surface_displacement,6.122222,-0.2,mm,left_mm,2025-7-7 20:07,-0.2,
S1,blue_surface_displacement,6.123333,-0.2,mm,left_mm,2025-7-7 20:07,-0.2,
S1,blue_surface_displacement,6.124444,-0.2,mm,left_mm,2025-7-7 20:07,-0.2,
S1,blue_surface_displacement,6.125556,-0.2,mm,left_mm,2025-7-7 20:07,-0.2,
S1,blue_surface_displacement,6.126667,-0.2,mm,left_mm,2025-7-7 20:07,-0.2,
S1,blue_surface_displacement,6.127778,-0.2,mm,left_mm,2025-7-7 20:07,-0.2,
S1,blue_surface_displacement,6.128889,-0.2,mm,left_mm,2025-7-7 20:07,-0.2,
S1,blue_surface_displacement,6.13,-0.2,mm,left_mm,2025-7-7 20:07,-0.2,
S1,blue_surface_displacement,6.131111,-0.2,mm,left_mm,2025-7-7 20:07,-0.2,
S1,blue_surface_displacement,6.132222,-0.2,mm,left_mm,2025-7-7 20:07,-0.2,
S1,blue_surface_displacement,6.133333,-0.2,mm,left_mm,2025-7-7 20:08,-0.2,
S1,blue_surface_displacement,6.134444,-0.2,mm,left_mm,2025-7-7 20:08,-0.2,
S1,blue_surface_displacement,6.135556,-0.2,mm,left_mm,2025-7-7 20:08,-0.2,
S1,blue_surface_displacement,6.136667,-0.2,mm,left_mm,2025-7-7 20:08,-0.2,
S1,blue_surface_displacement,6.137778,-0.2,mm,left_mm,2025-7-7 20:08,-0.2,
S1,blue_surface_displacement,6.138889,-0.2,mm,left_mm,2025-7-7 20:08,-0.2,
S1,blue_surface_displacement,6.14,-0.2,mm,left_mm,2025-7-7 20:08,-0.2,
S1,blue_surface_displacement,6.141111,-0.2,mm,left_mm,2025-7-7 20:08,-0.2,
S1,blue_surface_displacement,6.142222,-0.2,mm,left_mm,2025-7-7 20:08,-0.2,
S1,blue_surface_displacement,6.143333,-0.2,mm,left_mm,2025-7-7 20:08,-0.2,
S1,blue_surface_displacement,6.144444,-0.2,mm,left_mm,2025-7-7 20:08,-0.2,
S1,blue_surface_displacement,6.145556,-0.2,mm,left_mm,2025-7-7 20:08,-0.2,
S1,blue_surface_displacement,6.146667,-0.2,mm,left_mm,2025-7-7 20:08,-0.2,
S1,blue_surface_displacement,6.147778,-0.2,mm,left_mm,2025-7-7 20:08,-0.2,
S1,blue_surface_displacement,6.148889,-0.2,mm,left_mm,2025-7-7 20:08,-0.2,
S1,blue_surface_displacement,6.15,-0.2,mm,left_mm,2025-7-7 20:09,-0.2,
S1,blue_surface_displacement,6.151111,-0.2,mm,left_mm,2025-7-7 20:09,-0.2,
S1,blue_surface_displacement,6.152222,-0.2,mm,left_mm,2025-7-7 20:09,-0.2,
S1,blue_surface_displacement,6.153333,-0.2,mm,left_mm,2025-7-7 20:09,-0.2,
S1,blue_surface_displacement,6.154444,-0.2,mm,left_mm,2025-7-7 20:09,-0.2,
S1,blue_surface_displacement,6.155556,-0.2,mm,left_mm,2025-7-7 20:09,-0.2,
S1,blue_surface_displacement,6.156667,-0.2,mm,left_mm,2025-7-7 20:09,-0.2,
S1,blue_surface_displacement,6.157778,-0.2,mm,left_mm,2025-7-7 20:09,-0.2,
S1,blue_surface_displacement,6.158889,-0.2,mm,left_mm,2025-7-7 20:09,-0.2,
S1,blue_surface_displacement,6.16,-0.2,mm,left_mm,2025-7-7 20:09,-0.2,
S1,blue_surface_displacement,6.161111,-0.2,mm,left_mm,2025-7-7 20:09,-0.2,
S1,blue_surface_displacement,6.162222,-0.2,mm,left_mm,2025-7-7 20:09,-0.2,
S1,blue_surface_displacement,6.163333,-0.2,mm,left_mm,2025-7-7 20:09,-0.2,
S1,blue_surface_displacement,6.164444,-0.2,mm,left_mm,2025-7-7 20:09,-0.2,
S1,blue_surface_displacement,6.165556,-0.2,mm,left_mm,2025-7-7 20:09,-0.2,
S1,blue_surface_displacement,6.166667,-0.2,mm,left_mm,2025-7-7 20:10,-0.2,
S1,blue_surface_displacement,6.167778,-0.2,mm,left_mm,2025-7-7 20:10,-0.2,
S1,blue_surface_displacement,6.168889,-0.2,mm,left_mm,2025-7-7 20:10,-0.2,
S1,blue_surface_displacement,6.17,-0.2,mm,left_mm,2025-7-7 20:10,-0.2,
S1,blue_surface_displacement,6.171111,-0.2,mm,left_mm,2025-7-7 20:10,-0.2,
S1,blue_surface_displacement,6.172222,-0.2,mm,left_mm,2025-7-7 20:10,-0.2,
S1,blue_surface_displacement,6.173333,-0.2,mm,left_mm,2025-7-7 20:10,-0.2,
S1,blue_surface_displacement,6.174444,-0.2,mm,left_mm,2025-7-7 20:10,-0.2,
S1,blue_surface_displacement,6.175556,-0.2,mm,left_mm,2025-7-7 20:10,-0.2,
S1,blue_surface_displacement,6.176667,-0.2,mm,left_mm,2025-7-7 20:10,-0.2,
S1,blue_surface_displacement,6.177778,-0.2,mm,left_mm,2025-7-7 20:10,-0.2,
S1,blue_surface_displacement,6.178889,-0.2,mm,left_mm,2025-7-7 20:10,-0.2,
S1,blue_surface_displacement,6.18,-0.2,mm,left_mm,2025-7-7 20:10,-0.2,
S1,blue_surface_displacement,6.181111,-0.2,mm,left_mm,2025-7-7 20:10,-0.2,
S1,blue_surface_displacement,6.182222,-0.2,mm,left_mm,2025-7-7 20:10,-0.2,
S1,blue_surface_displacement,6.183333,-0.2,mm,left_mm,2025-7-7 20:11,-0.2,
S1,blue_surface_displacement,6.184444,-0.2,mm,left_mm,2025-7-7 20:11,-0.2,
S1,blue_surface_displacement,6.185556,-0.2,mm,left_mm,2025-7-7 20:11,-0.2,
S1,blue_surface_displacement,6.186667,-0.2,mm,left_mm,2025-7-7 20:11,-0.2,
S1,blue_surface_displacement,6.187778,-0.2,mm,left_mm,2025-7-7 20:11,-0.2,
S1,blue_surface_displacement,6.188889,-0.2,mm,left_mm,2025-7-7 20:11,-0.2,
S1,blue_surface_displacement,6.19,-0.2,mm,left_mm,2025-7-7 20:11,-0.2,
S1,blue_surface_displacement,6.191111,-0.2,mm,left_mm,2025-7-7 20:11,-0.2,
S1,blue_surface_displacement,6.192222,-0.2,mm,left_mm,2025-7-7 20:11,-0.2,
S1,blue_surface_displacement,6.193333,-0.2,mm,left_mm,2025-7-7 20:11,-0.2,
S1,blue_surface_displacement,6.194444,-0.2,mm,left_mm,2025-7-7 20:11,-0.2,
S1,blue_surface_displacement,6.195556,-0.2,mm,left_mm,2025-7-7 20:11,-0.2,
S1,blue_surface_displacement,6.196667,-0.2,mm,left_mm,2025-7-7 20:11,-0.2,
S1,blue_surface_displacement,6.197778,-0.2,mm,left_mm,2025-7-7 20:11,-0.2,
S1,blue_surface_displacement,6.198889,-0.2,mm,left_mm,2025-7-7 20:11,-0.2,
S1,blue_surface_displacement,6.2,-0.2,mm,left_mm,2025-7-7 20:12,-0.2,
S1,blue_surface_displacement,6.201111,-0.2,mm,left_mm,2025-7-7 20:12,-0.2,
S1,blue_surface_displacement,6.202222,-0.2,mm,left_mm,2025-7-7 20:12,-0.2,
S1,blue_surface_displacement,6.203333,-0.2,mm,left_mm,2025-7-7 20:12,-0.2,
S1,blue_surface_displacement,6.204444,-0.2,mm,left_mm,2025-7-7 20:12,-0.2,
S1,blue_surface_displacement,6.205556,-0.2,mm,left_mm,2025-7-7 20:12,-0.2,
S1,blue_surface_displacement,6.206667,-0.2,mm,left_mm,2025-7-7 20:12,-0.2,
S1,blue_surface_displacement,6.207778,-0.2,mm,left_mm,2025-7-7 20:12,-0.2,
S1,blue_surface_displacement,6.208889,-0.2,mm,left_mm,2025-7-7 20:12,-0.2,
S1,blue_surface_displacement,6.21,-0.2,mm,left_mm,2025-7-7 20:12,-0.2,
S1,blue_surface_displacement,6.211111,-0.2,mm,left_mm,2025-7-7 20:12,-0.2,
S1,blue_surface_displacement,6.212222,-0.2,mm,left_mm,2025-7-7 20:12,-0.2,
S1,blue_surface_displacement,6.213333,-0.2,mm,left_mm,2025-7-7 20:12,-0.2,
S1,blue_surface_displacement,6.214444,-0.2,mm,left_mm,2025-7-7 20:12,-0.2,
S1,blue_surface_displacement,6.215556,-0.2,mm,left_mm,2025-7-7 20:12,-0.2,
S1,blue_surface_displacement,6.216667,-0.2,mm,left_mm,2025-7-7 20:13,-0.2,
S1,blue_surface_displacement,6.217778,-0.2,mm,left_mm,2025-7-7 20:13,-0.2,
S1,blue_surface_displacement,6.218889,-0.2,mm,left_mm,2025-7-7 20:13,-0.2,
S1,blue_surface_displacement,6.22,-0.2,mm,left_mm,2025-7-7 20:13,-0.2,
S1,blue_surface_displacement,6.221111,-0.2,mm,left_mm,2025-7-7 20:13,-0.2,
S1,blue_surface_displacement,6.222222,-0.2,mm,left_mm,2025-7-7 20:13,-0.2,
S1,blue_surface_displacement,6.223333,-0.2,mm,left_mm,2025-7-7 20:13,-0.2,
S1,blue_surface_displacement,6.224444,-0.2,mm,left_mm,2025-7-7 20:13,-0.2,
S1,blue_surface_displacement,6.225556,-0.2,mm,left_mm,2025-7-7 20:13,-0.2,
S1,blue_surface_displacement,6.226667,-0.2,mm,left_mm,2025-7-7 20:13,-0.2,
S1,blue_surface_displacement,6.227778,-0.2,mm,left_mm,2025-7-7 20:13,-0.2,
S1,blue_surface_displacement,6.228889,-0.2,mm,left_mm,2025-7-7 20:13,-0.2,
S1,blue_surface_displacement,6.23,-0.2,mm,left_mm,2025-7-7 20:13,-0.2,
S1,blue_surface_displacement,6.231111,-0.2,mm,left_mm,2025-7-7 20:13,-0.2,
S1,blue_surface_displacement,6.232222,-0.2,mm,left_mm,2025-7-7 20:13,-0.2,
S1,blue_surface_displacement,6.233333,-0.2,mm,left_mm,2025-7-7 20:14,-0.2,
S1,blue_surface_displacement,6.234444,-0.2,mm,left_mm,2025-7-7 20:14,-0.2,
S1,blue_surface_displacement,6.235556,-0.2,mm,left_mm,2025-7-7 20:14,-0.2,
S1,blue_surface_displacement,6.236667,-0.2,mm,left_mm,2025-7-7 20:14,-0.2,
S1,blue_surface_displacement,6.237778,-0.2,mm,left_mm,2025-7-7 20:14,-0.2,
S1,blue_surface_displacement,6.238889,-0.2,mm,left_mm,2025-7-7 20:14,-0.2,
S1,blue_surface_displacement,6.24,-0.2,mm,left_mm,2025-7-7 20:14,-0.2,
S1,blue_surface_displacement,6.241111,-0.2,mm,left_mm,2025-7-7 20:14,-0.2,
S1,blue_surface_displacement,6.242222,-0.2,mm,left_mm,2025-7-7 20:14,-0.2,
S1,blue_surface_displacement,6.243333,-0.2,mm,left_mm,2025-7-7 20:14,-0.2,
S1,blue_surface_displacement,6.244444,-0.2,mm,left_mm,2025-7-7 20:14,-0.2,
S1,blue_surface_displacement,6.245556,-0.2,mm,left_mm,2025-7-7 20:14,-0.2,
S1,blue_surface_displacement,6.246667,-0.2,mm,left_mm,2025-7-7 20:14,-0.2,
S1,blue_surface_displacement,6.247778,-0.2,mm,left_mm,2025-7-7 20:14,-0.2,
S1,blue_surface_displacement,6.248889,-0.2,mm,left_mm,2025-7-7 20:14,-0.2,
S1,blue_surface_displacement,6.25,-0.2,mm,left_mm,2025-7-7 20:15,-0.2,
S1,blue_surface_displacement,6.251111,-0.2,mm,left_mm,2025-7-7 20:15,-0.2,
S1,blue_surface_displacement,6.252222,-0.2,mm,left_mm,2025-7-7 20:15,-0.2,
S1,blue_surface_displacement,6.253333,-0.2,mm,left_mm,2025-7-7 20:15,-0.2,
S1,blue_surface_displacement,6.254444,-0.2,mm,left_mm,2025-7-7 20:15,-0.2,
S1,blue_surface_displacement,6.255556,-0.2,mm,left_mm,2025-7-7 20:15,-0.2,
S1,blue_surface_displacement,6.256667,-0.2,mm,left_mm,2025-7-7 20:15,-0.2,
S1,blue_surface_displacement,6.257778,-0.2,mm,left_mm,2025-7-7 20:15,-0.2,
S1,blue_surface_displacement,6.258889,-0.2,mm,left_mm,2025-7-7 20:15,-0.2,
S1,blue_surface_displacement,6.26,-0.2,mm,left_mm,2025-7-7 20:15,-0.2,
S1,blue_surface_displacement,6.261111,-0.2,mm,left_mm,2025-7-7 20:15,-0.2,
S1,blue_surface_displacement,6.262222,-0.2,mm,left_mm,2025-7-7 20:15,-0.2,
S1,blue_surface_displacement,6.263333,-0.2,mm,left_mm,2025-7-7 20:15,-0.2,
S1,blue_surface_displacement,6.264444,-0.2,mm,left_mm,2025-7-7 20:15,-0.2,
S1,blue_surface_displacement,6.265556,-0.2,mm,left_mm,2025-7-7 20:15,-0.2,
S1,blue_surface_displacement,6.266667,-0.2,mm,left_mm,2025-7-7 20:16,-0.2,
S1,blue_surface_displacement,6.267778,-0.2,mm,left_mm,2025-7-7 20:16,-0.2,
S1,blue_surface_displacement,6.268889,-0.2,mm,left_mm,2025-7-7 20:16,-0.2,
S1,blue_surface_displacement,6.27,-0.2,mm,left_mm,2025-7-7 20:16,-0.2,
S1,blue_surface_displacement,6.271111,-0.2,mm,left_mm,2025-7-7 20:16,-0.2,
S1,blue_surface_displacement,6.272222,-0.2,mm,left_mm,2025-7-7 20:16,-0.2,
S1,blue_surface_displacement,6.273333,-0.2,mm,left_mm,2025-7-7 20:16,-0.2,
S1,blue_surface_displacement,6.274444,-0.2,mm,left_mm,2025-7-7 20:16,-0.2,
S1,blue_surface_displacement,6.275556,-0.2,mm,left_mm,2025-7-7 20:16,-0.2,
S1,blue_surface_displacement,6.276667,-0.2,mm,left_mm,2025-7-7 20:16,-0.2,
S1,blue_surface_displacement,6.277778,-0.2,mm,left_mm,2025-7-7 20:16,-0.2,
S1,blue_surface_displacement,6.278889,-0.2,mm,left_mm,2025-7-7 20:16,-0.2,
S1,blue_surface_displacement,6.28,-0.2,mm,left_mm,2025-7-7 20:16,-0.2,
S1,blue_surface_displacement,6.281111,-0.2,mm,left_mm,2025-7-7 20:16,-0.2,
S1,blue_surface_displacement,6.282222,-0.2,mm,left_mm,2025-7-7 20:16,-0.2,
S1,blue_surface_displacement,6.283333,-0.2,mm,left_mm,2025-7-7 20:17,-0.2,
S1,blue_surface_displacement,6.284444,-0.2,mm,left_mm,2025-7-7 20:17,-0.2,
S1,blue_surface_displacement,6.285556,-0.2,mm,left_mm,2025-7-7 20:17,-0.2,
S1,blue_surface_displacement,6.286667,-0.2,mm,left_mm,2025-7-7 20:17,-0.2,
S1,blue_surface_displacement,6.287778,-0.2,mm,left_mm,2025-7-7 20:17,-0.2,
S1,blue_surface_displacement,6.288889,-0.2,mm,left_mm,2025-7-7 20:17,-0.2,
S1,blue_surface_displacement,6.29,-0.2,mm,left_mm,2025-7-7 20:17,-0.2,
S1,blue_surface_displacement,6.291111,-0.2,mm,left_mm,2025-7-7 20:17,-0.2,
S1,blue_surface_displacement,6.292222,-0.2,mm,left_mm,2025-7-7 20:17,-0.2,
S1,blue_surface_displacement,6.293333,-0.2,mm,left_mm,2025-7-7 20:17,-0.2,
S1,blue_surface_displacement,6.294444,-0.2,mm,left_mm,2025-7-7 20:17,-0.2,
S1,blue_surface_displacement,6.295556,-0.2,mm,left_mm,2025-7-7 20:17,-0.2,
S1,blue_surface_displacement,6.296667,-0.2,mm,left_mm,2025-7-7 20:17,-0.2,
S1,blue_surface_displacement,6.297778,-0.2,mm,left_mm,2025-7-7 20:17,-0.2,
S1,blue_surface_displacement,6.298889,-0.2,mm,left_mm,2025-7-7 20:17,-0.2,
S1,blue_surface_displacement,6.3,-0.2,mm,left_mm,2025-7-7 20:18,-0.2,
S1,blue_surface_displacement,6.301111,-0.2,mm,left_mm,2025-7-7 20:18,-0.2,
S1,blue_surface_displacement,6.302222,-0.2,mm,left_mm,2025-7-7 20:18,-0.2,
S1,blue_surface_displacement,6.303333,-0.2,mm,left_mm,2025-7-7 20:18,-0.2,
S1,blue_surface_displacement,6.304444,-0.2,mm,left_mm,2025-7-7 20:18,-0.2,
S1,blue_surface_displacement,6.305556,-0.2,mm,left_mm,2025-7-7 20:18,-0.2,
S1,blue_surface_displacement,6.306667,-0.2,mm,left_mm,2025-7-7 20:18,-0.2,
S1,blue_surface_displacement,6.307778,-0.2,mm,left_mm,2025-7-7 20:18,-0.2,
S1,blue_surface_displacement,6.308889,-0.2,mm,left_mm,2025-7-7 20:18,-0.2,
S1,blue_surface_displacement,6.31,-0.2,mm,left_mm,2025-7-7 20:18,-0.2,
S1,blue_surface_displacement,6.311111,-0.2,mm,left_mm,2025-7-7 20:18,-0.2,
S1,blue_surface_displacement,6.312222,-0.2,mm,left_mm,2025-7-7 20:18,-0.2,
S1,blue_surface_displacement,6.313333,-0.2,mm,left_mm,2025-7-7 20:18,-0.2,
S1,blue_surface_displacement,6.314444,-0.2,mm,left_mm,2025-7-7 20:18,-0.2,
S1,blue_surface_displacement,6.315556,-0.2,mm,left_mm,2025-7-7 20:18,-0.2,
S1,blue_surface_displacement,6.316667,-0.2,mm,left_mm,2025-7-7 20:19,-0.2,
S1,blue_surface_displacement,6.317778,-0.2,mm,left_mm,2025-7-7 20:19,-0.2,
S1,blue_surface_displacement,6.318889,-0.2,mm,left_mm,2025-7-7 20:19,-0.2,
S1,blue_surface_displacement,6.32,-0.2,mm,left_mm,2025-7-7 20:19,-0.2,
S1,blue_surface_displacement,6.321111,-0.2,mm,left_mm,2025-7-7 20:19,-0.2,
S1,blue_surface_displacement,6.322222,-0.2,mm,left_mm,2025-7-7 20:19,-0.2,
S1,blue_surface_displacement,6.323333,-0.2,mm,left_mm,2025-7-7 20:19,-0.2,
S1,blue_surface_displacement,6.324444,-0.2,mm,left_mm,2025-7-7 20:19,-0.2,
S1,blue_surface_displacement,6.325556,-0.2,mm,left_mm,2025-7-7 20:19,-0.2,
S1,blue_surface_displacement,6.326667,-0.2,mm,left_mm,2025-7-7 20:19,-0.2,
S1,blue_surface_displacement,6.327778,-0.2,mm,left_mm,2025-7-7 20:19,-0.2,
S1,blue_surface_displacement,6.328889,-0.2,mm,left_mm,2025-7-7 20:19,-0.2,
S1,blue_surface_displacement,6.33,-0.2,mm,left_mm,2025-7-7 20:19,-0.2,
S1,blue_surface_displacement,6.331111,-0.2,mm,left_mm,2025-7-7 20:19,-0.2,
S1,blue_surface_displacement,6.332222,-0.2,mm,left_mm,2025-7-7 20:19,-0.2,
S1,blue_surface_displacement,6.333333,-0.2,mm,left_mm,2025-7-7 20:20,-0.2,
S1,blue_surface_displacement,6.334444,-0.2,mm,left_mm,2025-7-7 20:20,-0.2,
S1,blue_surface_displacement,6.335556,-0.2,mm,left_mm,2025-7-7 20:20,-0.2,
S1,blue_surface_displacement,6.336667,-0.2,mm,left_mm,2025-7-7 20:20,-0.2,
S1,blue_surface_displacement,6.337778,-0.2,mm,left_mm,2025-7-7 20:20,-0.2,
S1,blue_surface_displacement,6.338889,-0.2,mm,left_mm,2025-7-7 20:20,-0.2,
S1,blue_surface_displacement,6.34,-0.2,mm,left_mm,2025-7-7 20:20,-0.2,
S1,blue_surface_displacement,6.341111,-0.2,mm,left_mm,2025-7-7 20:20,-0.2,
S1,blue_surface_displacement,6.342222,-0.2,mm,left_mm,2025-7-7 20:20,-0.2,
S1,blue_surface_displacement,6.343333,-0.2,mm,left_mm,2025-7-7 20:20,-0.2,
S1,blue_surface_displacement,6.344444,-0.2,mm,left_mm,2025-7-7 20:20,-0.2,
S1,blue_surface_displacement,6.345556,-0.2,mm,left_mm,2025-7-7 20:20,-0.2,
S1,blue_surface_displacement,6.346667,-0.2,mm,left_mm,2025-7-7 20:20,-0.2,
S1,blue_surface_displacement,6.347778,-0.2,mm,left_mm,2025-7-7 20:20,-0.2,
S1,blue_surface_displacement,6.348889,-0.2,mm,left_mm,2025-7-7 20:20,-0.2,
S1,blue_surface_displacement,6.35,-0.2,mm,left_mm,2025-7-7 20:21,-0.2,
S1,blue_surface_displacement,6.351111,-0.2,mm,left_mm,2025-7-7 20:21,-0.2,
S1,blue_surface_displacement,6.352222,-0.2,mm,left_mm,2025-7-7 20:21,-0.2,
S1,blue_surface_displacement,6.353333,-0.2,mm,left_mm,2025-7-7 20:21,-0.2,
S1,blue_surface_displacement,6.354444,-0.2,mm,left_mm,2025-7-7 20:21,-0.2,
S1,blue_surface_displacement,6.355556,-0.2,mm,left_mm,2025-7-7 20:21,-0.2,
S1,blue_surface_displacement,6.356667,-0.2,mm,left_mm,2025-7-7 20:21,-0.2,
S1,blue_surface_displacement,6.357778,-0.2,mm,left_mm,2025-7-7 20:21,-0.2,
S1,blue_surface_displacement,6.358889,-0.2,mm,left_mm,2025-7-7 20:21,-0.2,
S1,blue_surface_displacement,6.36,-0.2,mm,left_mm,2025-7-7 20:21,-0.2,
S1,blue_surface_displacement,6.361111,-0.2,mm,left_mm,2025-7-7 20:21,-0.2,
S1,blue_surface_displacement,6.362222,-0.2,mm,left_mm,2025-7-7 20:21,-0.2,
S1,blue_surface_displacement,6.363333,-0.2,mm,left_mm,2025-7-7 20:21,-0.2,
S1,blue_surface_displacement,6.364444,-0.2,mm,left_mm,2025-7-7 20:21,-0.2,
S1,blue_surface_displacement,6.365556,-0.2,mm,left_mm,2025-7-7 20:21,-0.2,
S1,blue_surface_displacement,6.366667,-0.2,mm,left_mm,2025-7-7 20:22,-0.2,
S1,blue_surface_displacement,6.367778,-0.2,mm,left_mm,2025-7-7 20:22,-0.2,
S1,blue_surface_displacement,6.368889,-0.2,mm,left_mm,2025-7-7 20:22,-0.2,
S1,blue_surface_displacement,6.37,-0.2,mm,left_mm,2025-7-7 20:22,-0.2,
S1,blue_surface_displacement,6.371111,-0.2,mm,left_mm,2025-7-7 20:22,-0.2,
S1,blue_surface_displacement,6.372222,-0.2,mm,left_mm,2025-7-7 20:22,-0.2,
S1,blue_surface_displacement,6.373333,-0.2,mm,left_mm,2025-7-7 20:22,-0.2,
S1,blue_surface_displacement,6.374444,-0.2,mm,left_mm,2025-7-7 20:22,-0.2,
S1,blue_surface_displacement,6.375556,-0.2,mm,left_mm,2025-7-7 20:22,-0.2,
S1,blue_surface_displacement,6.376667,-0.2,mm,left_mm,2025-7-7 20:22,-0.2,
S1,blue_surface_displacement,6.377778,-0.2,mm,left_mm,2025-7-7 20:22,-0.2,
S1,blue_surface_displacement,6.378889,-0.2,mm,left_mm,2025-7-7 20:22,-0.2,
S1,blue_surface_displacement,6.38,-0.2,mm,left_mm,2025-7-7 20:22,-0.2,
S1,blue_surface_displacement,6.381111,-0.2,mm,left_mm,2025-7-7 20:22,-0.2,
S1,blue_surface_displacement,6.382222,-0.2,mm,left_mm,2025-7-7 20:22,-0.2,
S1,blue_surface_displacement,6.383333,-0.2,mm,left_mm,2025-7-7 20:23,-0.2,
S1,blue_surface_displacement,6.384444,-0.2,mm,left_mm,2025-7-7 20:23,-0.2,
S1,blue_surface_displacement,6.385556,-0.2,mm,left_mm,2025-7-7 20:23,-0.2,
S1,blue_surface_displacement,6.386667,-0.2,mm,left_mm,2025-7-7 20:23,-0.2,
S1,blue_surface_displacement,6.387778,-0.2,mm,left_mm,2025-7-7 20:23,-0.2,
S1,blue_surface_displacement,6.388889,-0.2,mm,left_mm,2025-7-7 20:23,-0.2,
S1,blue_surface_displacement,6.39,-0.2,mm,left_mm,2025-7-7 20:23,-0.2,
S1,blue_surface_displacement,6.391111,-0.2,mm,left_mm,2025-7-7 20:23,-0.2,
S1,blue_surface_displacement,6.392222,-0.2,mm,left_mm,2025-7-7 20:23,-0.2,
S1,blue_surface_displacement,6.393333,-0.2,mm,left_mm,2025-7-7 20:23,-0.2,
S1,blue_surface_displacement,6.394444,-0.2,mm,left_mm,2025-7-7 20:23,-0.2,
S1,blue_surface_displacement,6.395556,-0.2,mm,left_mm,2025-7-7 20:23,-0.2,
S1,blue_surface_displacement,6.396667,-0.2,mm,left_mm,2025-7-7 20:23,-0.2,
S1,blue_surface_displacement,6.397778,-0.2,mm,left_mm,2025-7-7 20:23,-0.2,
S1,blue_surface_displacement,6.398889,-0.2,mm,left_mm,2025-7-7 20:23,-0.2,
S1,blue_surface_displacement,6.4,-0.2,mm,left_mm,2025-7-7 20:24,-0.2,
S1,blue_surface_displacement,6.401111,-0.2,mm,left_mm,2025-7-7 20:24,-0.2,
S1,blue_surface_displacement,6.402222,-0.2,mm,left_mm,2025-7-7 20:24,-0.2,
S1,blue_surface_displacement,6.403333,-0.2,mm,left_mm,2025-7-7 20:24,-0.2,
S1,blue_surface_displacement,6.404444,-0.2,mm,left_mm,2025-7-7 20:24,-0.2,
S1,blue_surface_displacement,6.405556,-0.2,mm,left_mm,2025-7-7 20:24,-0.2,
S1,blue_surface_displacement,6.406667,-0.2,mm,left_mm,2025-7-7 20:24,-0.2,
S1,blue_surface_displacement,6.407778,-0.2,mm,left_mm,2025-7-7 20:24,-0.2,
S1,blue_surface_displacement,6.408889,-0.2,mm,left_mm,2025-7-7 20:24,-0.2,
S1,blue_surface_displacement,6.41,-0.2,mm,left_mm,2025-7-7 20:24,-0.2,
S1,blue_surface_displacement,6.411111,-0.2,mm,left_mm,2025-7-7 20:24,-0.2,
S1,blue_surface_displacement,6.412222,-0.2,mm,left_mm,2025-7-7 20:24,-0.2,
S1,blue_surface_displacement,6.413333,-0.2,mm,left_mm,2025-7-7 20:24,-0.2,
S1,blue_surface_displacement,6.414444,-0.2,mm,left_mm,2025-7-7 20:24,-0.2,
S1,blue_surface_displacement,6.415556,-0.2,mm,left_mm,2025-7-7 20:24,-0.2,
S1,blue_surface_displacement,6.416667,-0.2,mm,left_mm,2025-7-7 20:25,-0.2,
S1,blue_surface_displacement,6.417778,-0.2,mm,left_mm,2025-7-7 20:25,-0.2,
S1,blue_surface_displacement,6.418889,-0.2,mm,left_mm,2025-7-7 20:25,-0.2,
S1,blue_surface_displacement,6.42,-0.2,mm,left_mm,2025-7-7 20:25,-0.2,
S1,blue_surface_displacement,6.421111,-0.2,mm,left_mm,2025-7-7 20:25,-0.2,
S1,blue_surface_displacement,6.422222,-0.2,mm,left_mm,2025-7-7 20:25,-0.2,
S1,blue_surface_displacement,6.423333,-0.2,mm,left_mm,2025-7-7 20:25,-0.2,
S1,blue_surface_displacement,6.424444,-0.2,mm,left_mm,2025-7-7 20:25,-0.2,
S1,blue_surface_displacement,6.425556,-0.2,mm,left_mm,2025-7-7 20:25,-0.2,
S1,blue_surface_displacement,6.426667,-0.2,mm,left_mm,2025-7-7 20:25,-0.2,
S1,blue_surface_displacement,6.427778,-0.2,mm,left_mm,2025-7-7 20:25,-0.2,
S1,blue_surface_displacement,6.428889,-0.2,mm,left_mm,2025-7-7 20:25,-0.2,
S1,blue_surface_displacement,6.43,-0.2,mm,left_mm,2025-7-7 20:25,-0.2,
S1,blue_surface_displacement,6.431111,-0.2,mm,left_mm,2025-7-7 20:25,-0.2,
S1,blue_surface_displacement,6.432222,-0.2,mm,left_mm,2025-7-7 20:25,-0.2,
S1,blue_surface_displacement,6.433333,-0.2,mm,left_mm,2025-7-7 20:26,-0.2,
S1,blue_surface_displacement,6.434444,-0.2,mm,left_mm,2025-7-7 20:26,-0.2,
S1,blue_surface_displacement,6.435556,-0.2,mm,left_mm,2025-7-7 20:26,-0.2,
S1,blue_surface_displacement,6.436667,-0.2,mm,left_mm,2025-7-7 20:26,-0.2,
S1,blue_surface_displacement,6.437778,-0.2,mm,left_mm,2025-7-7 20:26,-0.2,
S1,blue_surface_displacement,6.438889,-0.2,mm,left_mm,2025-7-7 20:26,-0.2,
S1,blue_surface_displacement,6.44,-0.2,mm,left_mm,2025-7-7 20:26,-0.2,
S1,blue_surface_displacement,6.441111,-0.2,mm,left_mm,2025-7-7 20:26,-0.2,
S1,blue_surface_displacement,6.442222,-0.2,mm,left_mm,2025-7-7 20:26,-0.2,
S1,blue_surface_displacement,6.443333,-0.2,mm,left_mm,2025-7-7 20:26,-0.2,
S1,blue_surface_displacement,6.444444,-0.2,mm,left_mm,2025-7-7 20:26,-0.2,
S1,blue_surface_displacement,6.445556,-0.2,mm,left_mm,2025-7-7 20:26,-0.2,
S1,blue_surface_displacement,6.446667,-0.2,mm,left_mm,2025-7-7 20:26,-0.2,
S1,blue_surface_displacement,6.447778,-0.2,mm,left_mm,2025-7-7 20:26,-0.2,
S1,blue_surface_displacement,6.448889,-0.2,mm,left_mm,2025-7-7 20:26,-0.2,
S1,blue_surface_displacement,6.45,-0.2,mm,left_mm,2025-7-7 20:27,-0.2,
S1,blue_surface_displacement,6.451111,-0.2,mm,left_mm,2025-7-7 20:27,-0.2,
S1,blue_surface_displacement,6.452222,-0.2,mm,left_mm,2025-7-7 20:27,-0.2,
S1,blue_surface_displacement,6.453333,-0.2,mm,left_mm,2025-7-7 20:27,-0.2,
S1,blue_surface_displacement,6.454444,-0.2,mm,left_mm,2025-7-7 20:27,-0.2,
S1,blue_surface_displacement,6.455556,-0.2,mm,left_mm,2025-7-7 20:27,-0.2,
S1,blue_surface_displacement,6.456667,-0.2,mm,left_mm,2025-7-7 20:27,-0.2,
S1,blue_surface_displacement,6.457778,-0.2,mm,left_mm,2025-7-7 20:27,-0.2,
S1,blue_surface_displacement,6.458889,-0.2,mm,left_mm,2025-7-7 20:27,-0.2,
S1,blue_surface_displacement,6.46,-0.2,mm,left_mm,2025-7-7 20:27,-0.2,
S1,blue_surface_displacement,6.461111,-0.2,mm,left_mm,2025-7-7 20:27,-0.2,
S1,blue_surface_displacement,6.462222,-0.2,mm,left_mm,2025-7-7 20:27,-0.2,
S1,blue_surface_displacement,6.463333,-0.2,mm,left_mm,2025-7-7 20:27,-0.2,
S1,blue_surface_displacement,6.464444,-0.2,mm,left_mm,2025-7-7 20:27,-0.2,
S1,blue_surface_displacement,6.465556,-0.2,mm,left_mm,2025-7-7 20:27,-0.2,
S1,blue_surface_displacement,6.466667,-0.2,mm,left_mm,2025-7-7 20:28,-0.2,
S1,blue_surface_displacement,6.467778,-0.2,mm,left_mm,2025-7-7 20:28,-0.2,
S1,blue_surface_displacement,6.468889,-0.2,mm,left_mm,2025-7-7 20:28,-0.2,
S1,blue_surface_displacement,6.47,-0.2,mm,left_mm,2025-7-7 20:28,-0.2,
S1,blue_surface_displacement,6.471111,-0.2,mm,left_mm,2025-7-7 20:28,-0.2,
S1,blue_surface_displacement,6.472222,-0.2,mm,left_mm,2025-7-7 20:28,-0.2,
S1,blue_surface_displacement,6.473333,-0.2,mm,left_mm,2025-7-7 20:28,-0.2,
S1,blue_surface_displacement,6.474444,-0.2,mm,left_mm,2025-7-7 20:28,-0.2,
S1,blue_surface_displacement,6.475556,-0.2,mm,left_mm,2025-7-7 20:28,-0.2,
S1,blue_surface_displacement,6.476667,-0.2,mm,left_mm,2025-7-7 20:28,-0.2,
S1,blue_surface_displacement,6.477778,-0.2,mm,left_mm,2025-7-7 20:28,-0.2,
S1,blue_surface_displacement,6.478889,-0.2,mm,left_mm,2025-7-7 20:28,-0.2,
S1,blue_surface_displacement,6.48,-0.2,mm,left_mm,2025-7-7 20:28,-0.2,
S1,blue_surface_displacement,6.481111,-0.2,mm,left_mm,2025-7-7 20:28,-0.2,
S1,blue_surface_displacement,6.482222,-0.2,mm,left_mm,2025-7-7 20:28,-0.2,
S1,blue_surface_displacement,6.483333,-0.2,mm,left_mm,2025-7-7 20:29,-0.2,
S1,blue_surface_displacement,6.484444,-0.2,mm,left_mm,2025-7-7 20:29,-0.2,
S1,blue_surface_displacement,6.485556,-0.2,mm,left_mm,2025-7-7 20:29,-0.2,
S1,blue_surface_displacement,6.486667,-0.2,mm,left_mm,2025-7-7 20:29,-0.2,
S1,blue_surface_displacement,6.487778,-0.2,mm,left_mm,2025-7-7 20:29,-0.2,
S1,blue_surface_displacement,6.488889,-0.2,mm,left_mm,2025-7-7 20:29,-0.2,
S1,blue_surface_displacement,6.49,-0.2,mm,left_mm,2025-7-7 20:29,-0.2,
S1,blue_surface_displacement,6.491111,-0.2,mm,left_mm,2025-7-7 20:29,-0.2,
S1,blue_surface_displacement,6.492222,-0.2,mm,left_mm,2025-7-7 20:29,-0.2,
S1,blue_surface_displacement,6.493333,-0.2,mm,left_mm,2025-7-7 20:29,-0.2,
S1,blue_surface_displacement,6.494444,-0.2,mm,left_mm,2025-7-7 20:29,-0.2,
S1,blue_surface_displacement,6.495556,-0.2,mm,left_mm,2025-7-7 20:29,-0.2,
S1,blue_surface_displacement,6.496667,-0.2,mm,left_mm,2025-7-7 20:29,-0.2,
S1,blue_surface_displacement,6.497778,-0.2,mm,left_mm,2025-7-7 20:29,-0.2,
S1,blue_surface_displacement,6.498889,-0.2,mm,left_mm,2025-7-7 20:29,-0.2,
S1,blue_surface_displacement,6.5,-0.2,mm,left_mm,2025-7-7 20:30,-0.2,
S1,blue_surface_displacement,6.501111,-0.2,mm,left_mm,2025-7-7 20:30,-0.2,
S1,blue_surface_displacement,6.502222,-0.2,mm,left_mm,2025-7-7 20:30,-0.2,
S1,blue_surface_displacement,6.503333,-0.2,mm,left_mm,2025-7-7 20:30,-0.2,
S1,blue_surface_displacement,6.504444,-0.2,mm,left_mm,2025-7-7 20:30,-0.2,
S1,blue_surface_displacement,6.505556,-0.2,mm,left_mm,2025-7-7 20:30,-0.2,
S1,blue_surface_displacement,6.506667,-0.2,mm,left_mm,2025-7-7 20:30,-0.2,
S1,blue_surface_displacement,6.507778,-0.2,mm,left_mm,2025-7-7 20:30,-0.2,
S1,blue_surface_displacement,6.508889,-0.2,mm,left_mm,2025-7-7 20:30,-0.2,
S1,blue_surface_displacement,6.51,-0.2,mm,left_mm,2025-7-7 20:30,-0.2,
S1,blue_surface_displacement,6.511111,-0.2,mm,left_mm,2025-7-7 20:30,-0.2,
S1,blue_surface_displacement,6.512222,-0.2,mm,left_mm,2025-7-7 20:30,-0.2,
S1,blue_surface_displacement,6.513333,-0.2,mm,left_mm,2025-7-7 20:30,-0.2,
S1,blue_surface_displacement,6.514444,-0.2,mm,left_mm,2025-7-7 20:30,-0.2,
S1,blue_surface_displacement,6.515556,-0.2,mm,left_mm,2025-7-7 20:30,-0.2,
S1,blue_surface_displacement,6.516667,-0.2,mm,left_mm,2025-7-7 20:31,-0.2,
S1,blue_surface_displacement,6.517778,-0.2,mm,left_mm,2025-7-7 20:31,-0.2,
S1,blue_surface_displacement,6.518889,-0.2,mm,left_mm,2025-7-7 20:31,-0.2,
S1,blue_surface_displacement,6.52,-0.2,mm,left_mm,2025-7-7 20:31,-0.2,
S1,blue_surface_displacement,6.521111,-0.2,mm,left_mm,2025-7-7 20:31,-0.2,
S1,blue_surface_displacement,6.522222,-0.2,mm,left_mm,2025-7-7 20:31,-0.2,
S1,blue_surface_displacement,6.523333,-0.2,mm,left_mm,2025-7-7 20:31,-0.2,
S1,blue_surface_displacement,6.524444,-0.2,mm,left_mm,2025-7-7 20:31,-0.2,
S1,blue_surface_displacement,6.525556,-0.2,mm,left_mm,2025-7-7 20:31,-0.2,
S1,blue_surface_displacement,6.526667,-0.2,mm,left_mm,2025-7-7 20:31,-0.2,
S1,blue_surface_displacement,6.527778,-0.2,mm,left_mm,2025-7-7 20:31,-0.2,
S1,blue_surface_displacement,6.528889,-0.2,mm,left_mm,2025-7-7 20:31,-0.2,
S1,blue_surface_displacement,6.53,-0.2,mm,left_mm,2025-7-7 20:31,-0.2,
S1,blue_surface_displacement,6.531111,-0.2,mm,left_mm,2025-7-7 20:31,-0.2,
S1,blue_surface_displacement,6.532222,-0.2,mm,left_mm,2025-7-7 20:31,-0.2,
S1,blue_surface_displacement,6.533333,-0.2,mm,left_mm,2025-7-7 20:32,-0.2,
S1,blue_surface_displacement,6.534444,-0.2,mm,left_mm,2025-7-7 20:32,-0.2,
S1,blue_surface_displacement,6.535556,-0.2,mm,left_mm,2025-7-7 20:32,-0.2,
S1,blue_surface_displacement,6.536667,-0.2,mm,left_mm,2025-7-7 20:32,-0.2,
S1,blue_surface_displacement,6.537778,-0.2,mm,left_mm,2025-7-7 20:32,-0.2,
S1,blue_surface_displacement,6.538889,-0.2,mm,left_mm,2025-7-7 20:32,-0.2,
S1,blue_surface_displacement,6.54,-0.2,mm,left_mm,2025-7-7 20:32,-0.2,
S1,blue_surface_displacement,6.541111,-0.2,mm,left_mm,2025-7-7 20:32,-0.2,
S1,blue_surface_displacement,6.542222,-0.2,mm,left_mm,2025-7-7 20:32,-0.2,
S1,blue_surface_displacement,6.543333,-0.2,mm,left_mm,2025-7-7 20:32,-0.2,
S1,blue_surface_displacement,6.544444,-0.2,mm,left_mm,2025-7-7 20:32,-0.2,
S1,blue_surface_displacement,6.545556,-0.2,mm,left_mm,2025-7-7 20:32,-0.2,
S1,blue_surface_displacement,6.546667,-0.2,mm,left_mm,2025-7-7 20:32,-0.2,
S1,blue_surface_displacement,6.547778,-0.2,mm,left_mm,2025-7-7 20:32,-0.2,
S1,blue_surface_displacement,6.548889,-0.2,mm,left_mm,2025-7-7 20:32,-0.2,
S1,blue_surface_displacement,6.55,-0.2,mm,left_mm,2025-7-7 20:33,-0.2,
S1,blue_surface_displacement,6.551111,-0.2,mm,left_mm,2025-7-7 20:33,-0.2,
S1,blue_surface_displacement,6.552222,-0.2,mm,left_mm,2025-7-7 20:33,-0.2,
S1,blue_surface_displacement,6.553333,-0.2,mm,left_mm,2025-7-7 20:33,-0.2,
S1,blue_surface_displacement,6.554444,-0.2,mm,left_mm,2025-7-7 20:33,-0.2,
S1,blue_surface_displacement,6.555556,-0.2,mm,left_mm,2025-7-7 20:33,-0.2,
S1,blue_surface_displacement,6.556667,-0.2,mm,left_mm,2025-7-7 20:33,-0.2,
S1,blue_surface_displacement,6.557778,-0.2,mm,left_mm,2025-7-7 20:33,-0.2,
S1,blue_surface_displacement,6.558889,-0.2,mm,left_mm,2025-7-7 20:33,-0.2,
S1,blue_surface_displacement,6.56,-0.2,mm,left_mm,2025-7-7 20:33,-0.2,
S1,blue_surface_displacement,6.561111,-0.2,mm,left_mm,2025-7-7 20:33,-0.2,
S1,blue_surface_displacement,6.562222,-0.2,mm,left_mm,2025-7-7 20:33,-0.2,
S1,blue_surface_displacement,6.563333,-0.2,mm,left_mm,2025-7-7 20:33,-0.2,
S1,blue_surface_displacement,6.564444,-0.2,mm,left_mm,2025-7-7 20:33,-0.2,
S1,blue_surface_displacement,6.565556,-0.2,mm,left_mm,2025-7-7 20:33,-0.2,
S1,blue_surface_displacement,6.566667,-0.2,mm,left_mm,2025-7-7 20:34,-0.2,
S1,blue_surface_displacement,6.567778,-0.2,mm,left_mm,2025-7-7 20:34,-0.2,
S1,blue_surface_displacement,6.568889,-0.2,mm,left_mm,2025-7-7 20:34,-0.2,
S1,blue_surface_displacement,6.57,-0.2,mm,left_mm,2025-7-7 20:34,-0.2,
S1,blue_surface_displacement,6.571111,-0.2,mm,left_mm,2025-7-7 20:34,-0.2,
S1,blue_surface_displacement,6.572222,-0.2,mm,left_mm,2025-7-7 20:34,-0.2,
S1,blue_surface_displacement,6.573333,-0.2,mm,left_mm,2025-7-7 20:34,-0.2,
S1,blue_surface_displacement,6.574444,-0.2,mm,left_mm,2025-7-7 20:34,-0.2,
S1,blue_surface_displacement,6.575556,-0.2,mm,left_mm,2025-7-7 20:34,-0.2,
S1,blue_surface_displacement,6.576667,-0.2,mm,left_mm,2025-7-7 20:34,-0.2,
S1,blue_surface_displacement,6.577778,-0.2,mm,left_mm,2025-7-7 20:34,-0.2,
S1,blue_surface_displacement,6.578889,-0.2,mm,left_mm,2025-7-7 20:34,-0.2,
S1,blue_surface_displacement,6.58,-0.2,mm,left_mm,2025-7-7 20:34,-0.2,
S1,blue_surface_displacement,6.581111,-0.2,mm,left_mm,2025-7-7 20:34,-0.2,
S1,blue_surface_displacement,6.582222,-0.2,mm,left_mm,2025-7-7 20:34,-0.2,
S1,blue_surface_displacement,6.583333,-0.2,mm,left_mm,2025-7-7 20:35,-0.2,
S1,blue_surface_displacement,6.584444,-0.2,mm,left_mm,2025-7-7 20:35,-0.2,
S1,blue_surface_displacement,6.585556,-0.2,mm,left_mm,2025-7-7 20:35,-0.2,
S1,blue_surface_displacement,6.586667,-0.2,mm,left_mm,2025-7-7 20:35,-0.2,
S1,blue_surface_displacement,6.587778,-0.2,mm,left_mm,2025-7-7 20:35,-0.2,
S1,blue_surface_displacement,6.588889,-0.2,mm,left_mm,2025-7-7 20:35,-0.2,
S1,blue_surface_displacement,6.59,-0.2,mm,left_mm,2025-7-7 20:35,-0.2,
S1,blue_surface_displacement,6.591111,-0.2,mm,left_mm,2025-7-7 20:35,-0.2,
S1,blue_surface_displacement,6.592222,-0.2,mm,left_mm,2025-7-7 20:35,-0.2,
S1,blue_surface_displacement,6.593333,-0.2,mm,left_mm,2025-7-7 20:35,-0.2,
S1,blue_surface_displacement,6.594444,-0.2,mm,left_mm,2025-7-7 20:35,-0.2,
S1,blue_surface_displacement,6.595556,-0.2,mm,left_mm,2025-7-7 20:35,-0.2,
S1,blue_surface_displacement,6.596667,-0.2,mm,left_mm,2025-7-7 20:35,-0.2,
S1,blue_surface_displacement,6.597778,-0.2,mm,left_mm,2025-7-7 20:35,-0.2,
S1,blue_surface_displacement,6.598889,-0.2,mm,left_mm,2025-7-7 20:35,-0.2,
S1,blue_surface_displacement,6.6,-0.2,mm,left_mm,2025-7-7 20:36,-0.2,
S1,blue_surface_displacement,6.601111,-0.2,mm,left_mm,2025-7-7 20:36,-0.2,
S1,blue_surface_displacement,6.602222,-0.2,mm,left_mm,2025-7-7 20:36,-0.2,
S1,blue_surface_displacement,6.603333,-0.2,mm,left_mm,2025-7-7 20:36,-0.2,
S1,blue_surface_displacement,6.604444,-0.2,mm,left_mm,2025-7-7 20:36,-0.2,
S1,blue_surface_displacement,6.605556,-0.2,mm,left_mm,2025-7-7 20:36,-0.2,
S1,blue_surface_displacement,6.606667,-0.2,mm,left_mm,2025-7-7 20:36,-0.2,
S1,blue_surface_displacement,6.607778,-0.2,mm,left_mm,2025-7-7 20:36,-0.2,
S1,blue_surface_displacement,6.608889,-0.2,mm,left_mm,2025-7-7 20:36,-0.2,
S1,blue_surface_displacement,6.61,-0.2,mm,left_mm,2025-7-7 20:36,-0.2,
S1,blue_surface_displacement,6.611111,-0.2,mm,left_mm,2025-7-7 20:36,-0.2,
S1,blue_surface_displacement,6.612222,-0.2,mm,left_mm,2025-7-7 20:36,-0.2,
S1,blue_surface_displacement,6.613333,-0.2,mm,left_mm,2025-7-7 20:36,-0.2,
S1,blue_surface_displacement,6.614444,-0.2,mm,left_mm,2025-7-7 20:36,-0.2,
S1,blue_surface_displacement,6.615556,-0.2,mm,left_mm,2025-7-7 20:36,-0.2,
S1,blue_surface_displacement,6.616667,-0.2,mm,left_mm,2025-7-7 20:37,-0.2,
S1,blue_surface_displacement,6.617778,-0.2,mm,left_mm,2025-7-7 20:37,-0.2,
S1,blue_surface_displacement,6.618889,-0.2,mm,left_mm,2025-7-7 20:37,-0.2,
S1,blue_surface_displacement,6.62,-0.2,mm,left_mm,2025-7-7 20:37,-0.2,
S1,blue_surface_displacement,6.621111,-0.2,mm,left_mm,2025-7-7 20:37,-0.2,
S1,blue_surface_displacement,6.622222,-0.2,mm,left_mm,2025-7-7 20:37,-0.2,
S1,blue_surface_displacement,6.623333,-0.2,mm,left_mm,2025-7-7 20:37,-0.2,
S1,blue_surface_displacement,6.624444,-0.2,mm,left_mm,2025-7-7 20:37,-0.2,
S1,blue_surface_displacement,6.625556,-0.2,mm,left_mm,2025-7-7 20:37,-0.2,
S1,blue_surface_displacement,6.626667,-0.2,mm,left_mm,2025-7-7 20:37,-0.2,
S1,blue_surface_displacement,6.627778,-0.2,mm,left_mm,2025-7-7 20:37,-0.2,
S1,blue_surface_displacement,6.628889,-0.2,mm,left_mm,2025-7-7 20:37,-0.2,
S1,blue_surface_displacement,6.63,-0.2,mm,left_mm,2025-7-7 20:37,-0.2,
S1,blue_surface_displacement,6.631111,-0.2,mm,left_mm,2025-7-7 20:37,-0.2,
S1,blue_surface_displacement,6.632222,-0.2,mm,left_mm,2025-7-7 20:37,-0.2,
S1,blue_surface_displacement,6.633333,-0.2,mm,left_mm,2025-7-7 20:38,-0.2,
S1,blue_surface_displacement,6.634444,-0.2,mm,left_mm,2025-7-7 20:38,-0.2,
S1,blue_surface_displacement,6.635556,-0.2,mm,left_mm,2025-7-7 20:38,-0.2,
S1,blue_surface_displacement,6.636667,-0.2,mm,left_mm,2025-7-7 20:38,-0.2,
S1,blue_surface_displacement,6.637778,-0.2,mm,left_mm,2025-7-7 20:38,-0.2,
S1,blue_surface_displacement,6.638889,-0.2,mm,left_mm,2025-7-7 20:38,-0.2,
S1,blue_surface_displacement,6.64,-0.2,mm,left_mm,2025-7-7 20:38,-0.2,
S1,blue_surface_displacement,6.641111,-0.2,mm,left_mm,2025-7-7 20:38,-0.2,
S1,blue_surface_displacement,6.642222,-0.2,mm,left_mm,2025-7-7 20:38,-0.2,
S1,blue_surface_displacement,6.643333,-0.2,mm,left_mm,2025-7-7 20:38,-0.2,
S1,blue_surface_displacement,6.644444,-0.2,mm,left_mm,2025-7-7 20:38,-0.2,
S1,blue_surface_displacement,6.645556,-0.2,mm,left_mm,2025-7-7 20:38,-0.2,
S1,blue_surface_displacement,6.646667,-0.2,mm,left_mm,2025-7-7 20:38,-0.2,
S1,blue_surface_displacement,6.647778,-0.2,mm,left_mm,2025-7-7 20:38,-0.2,
S1,blue_surface_displacement,6.648889,-0.2,mm,left_mm,2025-7-7 20:38,-0.2,
S1,blue_surface_displacement,6.65,-0.2,mm,left_mm,2025-7-7 20:39,-0.2,
S1,blue_surface_displacement,6.651111,-0.2,mm,left_mm,2025-7-7 20:39,-0.2,
S1,blue_surface_displacement,6.652222,-0.2,mm,left_mm,2025-7-7 20:39,-0.2,
S1,blue_surface_displacement,6.653333,-0.2,mm,left_mm,2025-7-7 20:39,-0.2,
S1,blue_surface_displacement,6.654444,-0.2,mm,left_mm,2025-7-7 20:39,-0.2,
S1,blue_surface_displacement,6.655556,-0.2,mm,left_mm,2025-7-7 20:39,-0.2,
S1,blue_surface_displacement,6.656667,-0.2,mm,left_mm,2025-7-7 20:39,-0.2,
S1,blue_surface_displacement,6.657778,-0.2,mm,left_mm,2025-7-7 20:39,-0.2,
S1,blue_surface_displacement,6.658889,-0.2,mm,left_mm,2025-7-7 20:39,-0.2,
S1,blue_surface_displacement,6.66,-0.2,mm,left_mm,2025-7-7 20:39,-0.2,
S1,blue_surface_displacement,6.661111,-0.2,mm,left_mm,2025-7-7 20:39,-0.2,
S1,blue_surface_displacement,6.662222,-0.2,mm,left_mm,2025-7-7 20:39,-0.2,
S1,blue_surface_displacement,6.663333,-0.2,mm,left_mm,2025-7-7 20:39,-0.2,
S1,blue_surface_displacement,6.664444,-0.2,mm,left_mm,2025-7-7 20:39,-0.2,
S1,blue_surface_displacement,6.665556,-0.2,mm,left_mm,2025-7-7 20:39,-0.2,
S1,blue_surface_displacement,6.666667,-0.2,mm,left_mm,2025-7-7 20:40,-0.2,
S1,blue_surface_displacement,6.667778,-0.2,mm,left_mm,2025-7-7 20:40,-0.2,
S1,blue_surface_displacement,6.668889,-0.2,mm,left_mm,2025-7-7 20:40,-0.2,
S1,blue_surface_displacement,6.67,-0.2,mm,left_mm,2025-7-7 20:40,-0.2,
S1,blue_surface_displacement,6.671111,-0.2,mm,left_mm,2025-7-7 20:40,-0.2,
S1,blue_surface_displacement,6.672222,-0.2,mm,left_mm,2025-7-7 20:40,-0.2,
S1,blue_surface_displacement,6.673333,-0.2,mm,left_mm,2025-7-7 20:40,-0.2,
S1,blue_surface_displacement,6.674444,-0.2,mm,left_mm,2025-7-7 20:40,-0.2,
S1,blue_surface_displacement,6.675556,-0.2,mm,left_mm,2025-7-7 20:40,-0.2,
S1,blue_surface_displacement,6.676667,-0.2,mm,left_mm,2025-7-7 20:40,-0.2,
S1,blue_surface_displacement,6.677778,-0.2,mm,left_mm,2025-7-7 20:40,-0.2,
S1,blue_surface_displacement,6.678889,-0.2,mm,left_mm,2025-7-7 20:40,-0.2,
S1,blue_surface_displacement,6.68,-0.2,mm,left_mm,2025-7-7 20:40,-0.2,
S1,blue_surface_displacement,6.681111,-0.2,mm,left_mm,2025-7-7 20:40,-0.2,
S1,blue_surface_displacement,6.682222,-0.2,mm,left_mm,2025-7-7 20:40,-0.2,
S1,blue_surface_displacement,6.683333,-0.2,mm,left_mm,2025-7-7 20:41,-0.2,
S1,blue_surface_displacement,6.684444,-0.2,mm,left_mm,2025-7-7 20:41,-0.2,
S1,blue_surface_displacement,6.685556,-0.2,mm,left_mm,2025-7-7 20:41,-0.2,
S1,blue_surface_displacement,6.686667,-0.2,mm,left_mm,2025-7-7 20:41,-0.2,
S1,blue_surface_displacement,6.687778,-0.2,mm,left_mm,2025-7-7 20:41,-0.2,
S1,blue_surface_displacement,6.688889,-0.2,mm,left_mm,2025-7-7 20:41,-0.2,
S1,blue_surface_displacement,6.69,-0.2,mm,left_mm,2025-7-7 20:41,-0.2,
S1,blue_surface_displacement,6.691111,-0.2,mm,left_mm,2025-7-7 20:41,-0.2,
S1,blue_surface_displacement,6.692222,-0.2,mm,left_mm,2025-7-7 20:41,-0.2,
S1,blue_surface_displacement,6.693333,-0.2,mm,left_mm,2025-7-7 20:41,-0.2,
S1,blue_surface_displacement,6.694444,-0.2,mm,left_mm,2025-7-7 20:41,-0.2,
S1,blue_surface_displacement,6.695556,-0.2,mm,left_mm,2025-7-7 20:41,-0.2,
S1,blue_surface_displacement,6.696667,-0.2,mm,left_mm,2025-7-7 20:41,-0.2,
S1,blue_surface_displacement,6.697778,-0.2,mm,left_mm,2025-7-7 20:41,-0.2,
S1,blue_surface_displacement,6.698889,-0.2,mm,left_mm,2025-7-7 20:41,-0.2,
S1,blue_surface_displacement,6.7,-0.2,mm,left_mm,2025-7-7 20:42,-0.2,
S1,blue_surface_displacement,6.701111,-0.2,mm,left_mm,2025-7-7 20:42,-0.2,
S1,blue_surface_displacement,6.702222,-0.2,mm,left_mm,2025-7-7 20:42,-0.2,
S1,blue_surface_displacement,6.703333,-0.2,mm,left_mm,2025-7-7 20:42,-0.2,
S1,blue_surface_displacement,6.704444,-0.2,mm,left_mm,2025-7-7 20:42,-0.2,
S1,blue_surface_displacement,6.705556,-0.2,mm,left_mm,2025-7-7 20:42,-0.2,
S1,blue_surface_displacement,6.706667,-0.2,mm,left_mm,2025-7-7 20:42,-0.2,
S1,blue_surface_displacement,6.707778,-0.2,mm,left_mm,2025-7-7 20:42,-0.2,
S1,blue_surface_displacement,6.708889,-0.2,mm,left_mm,2025-7-7 20:42,-0.2,
S1,blue_surface_displacement,6.71,-0.2,mm,left_mm,2025-7-7 20:42,-0.2,
S1,blue_surface_displacement,6.711111,-0.2,mm,left_mm,2025-7-7 20:42,-0.2,
S1,blue_surface_displacement,6.712222,-0.2,mm,left_mm,2025-7-7 20:42,-0.2,
S1,blue_surface_displacement,6.713333,-0.2,mm,left_mm,2025-7-7 20:42,-0.2,
S1,blue_surface_displacement,6.714444,-0.2,mm,left_mm,2025-7-7 20:42,-0.2,
S1,blue_surface_displacement,6.715556,-0.2,mm,left_mm,2025-7-7 20:42,-0.2,
S1,blue_surface_displacement,6.716667,-0.2,mm,left_mm,2025-7-7 20:43,-0.2,
S1,blue_surface_displacement,6.717778,-0.2,mm,left_mm,2025-7-7 20:43,-0.2,
S1,blue_surface_displacement,6.718889,-0.2,mm,left_mm,2025-7-7 20:43,-0.2,
S1,blue_surface_displacement,6.72,-0.2,mm,left_mm,2025-7-7 20:43,-0.2,
S1,blue_surface_displacement,6.721111,-0.2,mm,left_mm,2025-7-7 20:43,-0.2,
S1,blue_surface_displacement,6.722222,-0.2,mm,left_mm,2025-7-7 20:43,-0.2,
S1,blue_surface_displacement,6.723333,-0.2,mm,left_mm,2025-7-7 20:43,-0.2,
S1,blue_surface_displacement,6.724444,-0.2,mm,left_mm,2025-7-7 20:43,-0.2,
S1,blue_surface_displacement,6.725556,-0.2,mm,left_mm,2025-7-7 20:43,-0.2,
S1,blue_surface_displacement,6.726667,-0.2,mm,left_mm,2025-7-7 20:43,-0.2,
S1,blue_surface_displacement,6.727778,-0.2,mm,left_mm,2025-7-7 20:43,-0.2,
S1,blue_surface_displacement,6.728889,-0.2,mm,left_mm,2025-7-7 20:43,-0.2,
S1,blue_surface_displacement,6.73,-0.2,mm,left_mm,2025-7-7 20:43,-0.2,
S1,blue_surface_displacement,6.731111,-0.2,mm,left_mm,2025-7-7 20:43,-0.2,
S1,blue_surface_displacement,6.732222,-0.2,mm,left_mm,2025-7-7 20:43,-0.2,
S1,blue_surface_displacement,6.733333,-0.2,mm,left_mm,2025-7-7 20:44,-0.2,
S1,blue_surface_displacement,6.734444,-0.2,mm,left_mm,2025-7-7 20:44,-0.2,
S1,blue_surface_displacement,6.735556,-0.2,mm,left_mm,2025-7-7 20:44,-0.2,
S1,blue_surface_displacement,6.736667,-0.2,mm,left_mm,2025-7-7 20:44,-0.2,
S1,blue_surface_displacement,6.737778,-0.2,mm,left_mm,2025-7-7 20:44,-0.2,
S1,blue_surface_displacement,6.738889,-0.2,mm,left_mm,2025-7-7 20:44,-0.2,
S1,blue_surface_displacement,6.74,-0.2,mm,left_mm,2025-7-7 20:44,-0.2,
S1,blue_surface_displacement,6.741111,-0.2,mm,left_mm,2025-7-7 20:44,-0.2,
S1,blue_surface_displacement,6.742222,-0.2,mm,left_mm,2025-7-7 20:44,-0.2,
S1,blue_surface_displacement,6.743333,-0.2,mm,left_mm,2025-7-7 20:44,-0.2,
S1,blue_surface_displacement,6.744444,-0.2,mm,left_mm,2025-7-7 20:44,-0.2,
S1,blue_surface_displacement,6.745556,-0.2,mm,left_mm,2025-7-7 20:44,-0.2,
S1,blue_surface_displacement,6.746667,-0.2,mm,left_mm,2025-7-7 20:44,-0.2,
S1,blue_surface_displacement,6.747778,-0.2,mm,left_mm,2025-7-7 20:44,-0.2,
S1,blue_surface_displacement,6.748889,-0.2,mm,left_mm,2025-7-7 20:44,-0.2,
S1,blue_surface_displacement,6.75,-0.2,mm,left_mm,2025-7-7 20:45,-0.2,
S1,blue_surface_displacement,6.751111,-0.2,mm,left_mm,2025-7-7 20:45,-0.2,
S1,blue_surface_displacement,6.752222,-0.2,mm,left_mm,2025-7-7 20:45,-0.2,
S1,blue_surface_displacement,6.753333,-0.2,mm,left_mm,2025-7-7 20:45,-0.2,
S1,blue_surface_displacement,6.754444,-0.2,mm,left_mm,2025-7-7 20:45,-0.2,
S1,blue_surface_displacement,6.755556,-0.2,mm,left_mm,2025-7-7 20:45,-0.2,
S1,blue_surface_displacement,6.756667,-0.2,mm,left_mm,2025-7-7 20:45,-0.2,
S1,blue_surface_displacement,6.757778,-0.2,mm,left_mm,2025-7-7 20:45,-0.2,
S1,blue_surface_displacement,6.758889,-0.2,mm,left_mm,2025-7-7 20:45,-0.2,
S1,blue_surface_displacement,6.76,-0.2,mm,left_mm,2025-7-7 20:45,-0.2,
S1,blue_surface_displacement,6.761111,-0.2,mm,left_mm,2025-7-7 20:45,-0.2,
S1,blue_surface_displacement,6.762222,-0.2,mm,left_mm,2025-7-7 20:45,-0.2,
S1,blue_surface_displacement,6.763333,-0.2,mm,left_mm,2025-7-7 20:45,-0.2,
S1,blue_surface_displacement,6.764444,-0.2,mm,left_mm,2025-7-7 20:45,-0.2,
S1,blue_surface_displacement,6.765556,-0.2,mm,left_mm,2025-7-7 20:45,-0.2,
S1,blue_surface_displacement,6.766667,-0.2,mm,left_mm,2025-7-7 20:46,-0.2,
S1,blue_surface_displacement,6.767778,-0.2,mm,left_mm,2025-7-7 20:46,-0.2,
S1,blue_surface_displacement,6.768889,-0.2,mm,left_mm,2025-7-7 20:46,-0.2,
S1,blue_surface_displacement,6.77,-0.2,mm,left_mm,2025-7-7 20:46,-0.2,
S1,blue_surface_displacement,6.771111,-0.2,mm,left_mm,2025-7-7 20:46,-0.2,
S1,blue_surface_displacement,6.772222,-0.2,mm,left_mm,2025-7-7 20:46,-0.2,
S1,blue_surface_displacement,6.773333,-0.2,mm,left_mm,2025-7-7 20:46,-0.2,
S1,blue_surface_displacement,6.774444,-0.2,mm,left_mm,2025-7-7 20:46,-0.2,
S1,blue_surface_displacement,6.775556,-0.2,mm,left_mm,2025-7-7 20:46,-0.2,
S1,blue_surface_displacement,6.776667,-0.2,mm,left_mm,2025-7-7 20:46,-0.2,
S1,blue_surface_displacement,6.777778,-0.2,mm,left_mm,2025-7-7 20:46,-0.2,
S1,blue_surface_displacement,6.778889,-0.2,mm,left_mm,2025-7-7 20:46,-0.2,
S1,blue_surface_displacement,6.78,-0.2,mm,left_mm,2025-7-7 20:46,-0.2,
S1,blue_surface_displacement,6.781111,-0.2,mm,left_mm,2025-7-7 20:46,-0.2,
S1,blue_surface_displacement,6.782222,-0.2,mm,left_mm,2025-7-7 20:46,-0.2,
S1,blue_surface_displacement,6.783333,-0.2,mm,left_mm,2025-7-7 20:47,-0.2,
S1,blue_surface_displacement,6.784444,-0.2,mm,left_mm,2025-7-7 20:47,-0.2,
S1,blue_surface_displacement,6.785556,-0.2,mm,left_mm,2025-7-7 20:47,-0.2,
S1,blue_surface_displacement,6.786667,-0.2,mm,left_mm,2025-7-7 20:47,-0.2,
S1,blue_surface_displacement,6.787778,-0.2,mm,left_mm,2025-7-7 20:47,-0.2,
S1,blue_surface_displacement,6.788889,-0.2,mm,left_mm,2025-7-7 20:47,-0.2,
S1,blue_surface_displacement,6.79,-0.2,mm,left_mm,2025-7-7 20:47,-0.2,
S1,blue_surface_displacement,6.791111,-0.2,mm,left_mm,2025-7-7 20:47,-0.2,
S1,blue_surface_displacement,6.792222,-0.2,mm,left_mm,2025-7-7 20:47,-0.2,
S1,blue_surface_displacement,6.793333,-0.2,mm,left_mm,2025-7-7 20:47,-0.2,
S1,blue_surface_displacement,6.794444,-0.2,mm,left_mm,2025-7-7 20:47,-0.2,
S1,blue_surface_displacement,6.795556,-0.2,mm,left_mm,2025-7-7 20:47,-0.2,
S1,blue_surface_displacement,6.796667,-0.2,mm,left_mm,2025-7-7 20:47,-0.2,
S1,blue_surface_displacement,6.797778,-0.2,mm,left_mm,2025-7-7 20:47,-0.2,
S1,blue_surface_displacement,6.798889,-0.2,mm,left_mm,2025-7-7 20:47,-0.2,
S1,blue_surface_displacement,6.8,-0.2,mm,left_mm,2025-7-7 20:48,-0.2,
S1,blue_surface_displacement,6.801111,-0.2,mm,left_mm,2025-7-7 20:48,-0.2,
S1,blue_surface_displacement,6.802222,-0.2,mm,left_mm,2025-7-7 20:48,-0.2,
S1,blue_surface_displacement,6.803333,-0.3,mm,left_mm,2025-7-7 20:48,-0.3,
S1,blue_surface_displacement,6.804444,-0.2,mm,left_mm,2025-7-7 20:48,-0.2,
S1,blue_surface_displacement,6.805556,-0.2,mm,left_mm,2025-7-7 20:48,-0.2,
S1,blue_surface_displacement,6.806667,-0.2,mm,left_mm,2025-7-7 20:48,-0.2,
S1,blue_surface_displacement,6.807778,-0.3,mm,left_mm,2025-7-7 20:48,-0.3,
S1,blue_surface_displacement,6.808889,-0.2,mm,left_mm,2025-7-7 20:48,-0.2,
S1,blue_surface_displacement,6.81,-0.2,mm,left_mm,2025-7-7 20:48,-0.2,
S1,blue_surface_displacement,6.811111,-0.2,mm,left_mm,2025-7-7 20:48,-0.2,
S1,blue_surface_displacement,6.812222,-0.2,mm,left_mm,2025-7-7 20:48,-0.2,
S1,blue_surface_displacement,6.813333,-0.2,mm,left_mm,2025-7-7 20:48,-0.2,
S1,blue_surface_displacement,6.814444,-0.2,mm,left_mm,2025-7-7 20:48,-0.2,
S1,blue_surface_displacement,6.815556,-0.2,mm,left_mm,2025-7-7 20:48,-0.2,
S1,blue_surface_displacement,6.816667,-0.2,mm,left_mm,2025-7-7 20:49,-0.2,
S1,blue_surface_displacement,6.817778,-0.2,mm,left_mm,2025-7-7 20:49,-0.2,
S1,blue_surface_displacement,6.818889,-0.3,mm,left_mm,2025-7-7 20:49,-0.3,
S1,blue_surface_displacement,6.82,-0.2,mm,left_mm,2025-7-7 20:49,-0.2,
S1,blue_surface_displacement,6.821111,-0.2,mm,left_mm,2025-7-7 20:49,-0.2,
S1,blue_surface_displacement,6.822222,-0.2,mm,left_mm,2025-7-7 20:49,-0.2,
S1,blue_surface_displacement,6.823333,-0.2,mm,left_mm,2025-7-7 20:49,-0.2,
S1,blue_surface_displacement,6.824444,-0.2,mm,left_mm,2025-7-7 20:49,-0.2,
S1,blue_surface_displacement,6.825556,-0.2,mm,left_mm,2025-7-7 20:49,-0.2,
S1,blue_surface_displacement,6.826667,-0.2,mm,left_mm,2025-7-7 20:49,-0.2,
S1,blue_surface_displacement,6.827778,-0.2,mm,left_mm,2025-7-7 20:49,-0.2,
S1,blue_surface_displacement,6.828889,-0.2,mm,left_mm,2025-7-7 20:49,-0.2,
S1,blue_surface_displacement,6.83,-0.2,mm,left_mm,2025-7-7 20:49,-0.2,
S1,blue_surface_displacement,6.831111,-0.2,mm,left_mm,2025-7-7 20:49,-0.2,
S1,blue_surface_displacement,6.832222,-0.2,mm,left_mm,2025-7-7 20:49,-0.2,
S1,blue_surface_displacement,6.833333,-0.2,mm,left_mm,2025-7-7 20:50,-0.2,
S1,blue_surface_displacement,6.834444,-0.2,mm,left_mm,2025-7-7 20:50,-0.2,
S1,blue_surface_displacement,6.835556,-0.2,mm,left_mm,2025-7-7 20:50,-0.2,
S1,blue_surface_displacement,6.836667,-0.2,mm,left_mm,2025-7-7 20:50,-0.2,
S1,blue_surface_displacement,6.837778,-0.2,mm,left_mm,2025-7-7 20:50,-0.2,
S1,blue_surface_displacement,6.838889,-0.2,mm,left_mm,2025-7-7 20:50,-0.2,
S1,blue_surface_displacement,6.84,-0.2,mm,left_mm,2025-7-7 20:50,-0.2,
S1,blue_surface_displacement,6.841111,-0.2,mm,left_mm,2025-7-7 20:50,-0.2,
S1,blue_surface_displacement,6.842222,-0.2,mm,left_mm,2025-7-7 20:50,-0.2,
S1,blue_surface_displacement,6.843333,-0.2,mm,left_mm,2025-7-7 20:50,-0.2,
S1,blue_surface_displacement,6.844444,-0.2,mm,left_mm,2025-7-7 20:50,-0.2,
S1,blue_surface_displacement,6.845556,-0.2,mm,left_mm,2025-7-7 20:50,-0.2,
S1,blue_surface_displacement,6.846667,-0.2,mm,left_mm,2025-7-7 20:50,-0.2,
S1,blue_surface_displacement,6.847778,-0.2,mm,left_mm,2025-7-7 20:50,-0.2,
S1,blue_surface_displacement,6.848889,-0.2,mm,left_mm,2025-7-7 20:50,-0.2,
S1,blue_surface_displacement,6.85,-0.2,mm,left_mm,2025-7-7 20:51,-0.2,
S1,blue_surface_displacement,6.851111,-0.2,mm,left_mm,2025-7-7 20:51,-0.2,
S1,blue_surface_displacement,6.852222,-0.2,mm,left_mm,2025-7-7 20:51,-0.2,
S1,blue_surface_displacement,6.853333,-0.2,mm,left_mm,2025-7-7 20:51,-0.2,
S1,blue_surface_displacement,6.854444,-0.2,mm,left_mm,2025-7-7 20:51,-0.2,
S1,blue_surface_displacement,6.855556,-0.2,mm,left_mm,2025-7-7 20:51,-0.2,
S1,blue_surface_displacement,6.856667,-0.2,mm,left_mm,2025-7-7 20:51,-0.2,
S1,blue_surface_displacement,6.857778,-0.2,mm,left_mm,2025-7-7 20:51,-0.2,
S1,blue_surface_displacement,6.858889,-0.2,mm,left_mm,2025-7-7 20:51,-0.2,
S1,blue_surface_displacement,6.86,-0.2,mm,left_mm,2025-7-7 20:51,-0.2,
S1,blue_surface_displacement,6.861111,-0.2,mm,left_mm,2025-7-7 20:51,-0.2,
S1,blue_surface_displacement,6.862222,-0.2,mm,left_mm,2025-7-7 20:51,-0.2,
S1,blue_surface_displacement,6.863333,-0.2,mm,left_mm,2025-7-7 20:51,-0.2,
S1,blue_surface_displacement,6.864444,-0.2,mm,left_mm,2025-7-7 20:51,-0.2,
S1,blue_surface_displacement,6.865556,-0.2,mm,left_mm,2025-7-7 20:51,-0.2,
S1,blue_surface_displacement,6.866667,-0.2,mm,left_mm,2025-7-7 20:52,-0.2,
S1,blue_surface_displacement,6.867778,-0.2,mm,left_mm,2025-7-7 20:52,-0.2,
S1,blue_surface_displacement,6.868889,-0.2,mm,left_mm,2025-7-7 20:52,-0.2,
S1,blue_surface_displacement,6.87,-0.2,mm,left_mm,2025-7-7 20:52,-0.2,
S1,blue_surface_displacement,6.871111,-0.2,mm,left_mm,2025-7-7 20:52,-0.2,
S1,blue_surface_displacement,6.872222,-0.2,mm,left_mm,2025-7-7 20:52,-0.2,
S1,blue_surface_displacement,6.873333,-0.3,mm,left_mm,2025-7-7 20:52,-0.3,
S1,blue_surface_displacement,6.874444,-0.2,mm,left_mm,2025-7-7 20:52,-0.2,
S1,blue_surface_displacement,6.875556,-0.2,mm,left_mm,2025-7-7 20:52,-0.2,
S1,blue_surface_displacement,6.876667,-0.2,mm,left_mm,2025-7-7 20:52,-0.2,
S1,blue_surface_displacement,6.877778,-0.2,mm,left_mm,2025-7-7 20:52,-0.2,
S1,blue_surface_displacement,6.878889,-0.3,mm,left_mm,2025-7-7 20:52,-0.3,
S1,blue_surface_displacement,6.88,-0.2,mm,left_mm,2025-7-7 20:52,-0.2,
S1,blue_surface_displacement,6.881111,-0.2,mm,left_mm,2025-7-7 20:52,-0.2,
S1,blue_surface_displacement,6.882222,-0.2,mm,left_mm,2025-7-7 20:52,-0.2,
S1,blue_surface_displacement,6.883333,-0.2,mm,left_mm,2025-7-7 20:53,-0.2,
S1,blue_surface_displacement,6.884444,-0.2,mm,left_mm,2025-7-7 20:53,-0.2,
S1,blue_surface_displacement,6.885556,-0.2,mm,left_mm,2025-7-7 20:53,-0.2,
S1,blue_surface_displacement,6.886667,-0.2,mm,left_mm,2025-7-7 20:53,-0.2,
S1,blue_surface_displacement,6.887778,-0.2,mm,left_mm,2025-7-7 20:53,-0.2,
S1,blue_surface_displacement,6.888889,-0.2,mm,left_mm,2025-7-7 20:53,-0.2,
S1,blue_surface_displacement,6.89,-0.2,mm,left_mm,2025-7-7 20:53,-0.2,
S1,blue_surface_displacement,6.891111,-0.2,mm,left_mm,2025-7-7 20:53,-0.2,
S1,blue_surface_displacement,6.892222,-0.2,mm,left_mm,2025-7-7 20:53,-0.2,
S1,blue_surface_displacement,6.893333,-0.2,mm,left_mm,2025-7-7 20:53,-0.2,
S1,blue_surface_displacement,6.894444,-0.2,mm,left_mm,2025-7-7 20:53,-0.2,
S1,blue_surface_displacement,6.895556,-0.2,mm,left_mm,2025-7-7 20:53,-0.2,
S1,blue_surface_displacement,6.896667,-0.2,mm,left_mm,2025-7-7 20:53,-0.2,
S1,blue_surface_displacement,6.897778,-0.2,mm,left_mm,2025-7-7 20:53,-0.2,
S1,blue_surface_displacement,6.898889,-0.2,mm,left_mm,2025-7-7 20:53,-0.2,
S1,blue_surface_displacement,6.9,-0.2,mm,left_mm,2025-7-7 20:54,-0.2,
S1,blue_surface_displacement,6.901111,-0.2,mm,left_mm,2025-7-7 20:54,-0.2,
S1,blue_surface_displacement,6.902222,-0.2,mm,left_mm,2025-7-7 20:54,-0.2,
S1,blue_surface_displacement,6.903333,-0.2,mm,left_mm,2025-7-7 20:54,-0.2,
S1,blue_surface_displacement,6.904444,-0.2,mm,left_mm,2025-7-7 20:54,-0.2,
S1,blue_surface_displacement,6.905556,-0.2,mm,left_mm,2025-7-7 20:54,-0.2,
S1,blue_surface_displacement,6.906667,-0.2,mm,left_mm,2025-7-7 20:54,-0.2,
S1,blue_surface_displacement,6.907778,-0.2,mm,left_mm,2025-7-7 20:54,-0.2,
S1,blue_surface_displacement,6.908889,-0.2,mm,left_mm,2025-7-7 20:54,-0.2,
S1,blue_surface_displacement,6.91,-0.2,mm,left_mm,2025-7-7 20:54,-0.2,
S1,blue_surface_displacement,6.911111,-0.2,mm,left_mm,2025-7-7 20:54,-0.2,
S1,blue_surface_displacement,6.912222,-0.2,mm,left_mm,2025-7-7 20:54,-0.2,
S1,blue_surface_displacement,6.913333,-0.2,mm,left_mm,2025-7-7 20:54,-0.2,
S1,blue_surface_displacement,6.914444,-0.2,mm,left_mm,2025-7-7 20:54,-0.2,
S1,blue_surface_displacement,6.915556,-0.2,mm,left_mm,2025-7-7 20:54,-0.2,
S1,blue_surface_displacement,6.916667,-0.2,mm,left_mm,2025-7-7 20:55,-0.2,
S1,blue_surface_displacement,6.917778,-0.2,mm,left_mm,2025-7-7 20:55,-0.2,
S1,blue_surface_displacement,6.918889,-0.2,mm,left_mm,2025-7-7 20:55,-0.2,
S1,blue_surface_displacement,6.92,-0.2,mm,left_mm,2025-7-7 20:55,-0.2,
S1,blue_surface_displacement,6.921111,-0.2,mm,left_mm,2025-7-7 20:55,-0.2,
S1,blue_surface_displacement,6.922222,-0.2,mm,left_mm,2025-7-7 20:55,-0.2,
S1,blue_surface_displacement,6.923333,-0.2,mm,left_mm,2025-7-7 20:55,-0.2,
S1,blue_surface_displacement,6.924444,-0.2,mm,left_mm,2025-7-7 20:55,-0.2,
S1,blue_surface_displacement,6.925556,-0.2,mm,left_mm,2025-7-7 20:55,-0.2,
S1,blue_surface_displacement,6.926667,-0.2,mm,left_mm,2025-7-7 20:55,-0.2,
S1,blue_surface_displacement,6.927778,-0.2,mm,left_mm,2025-7-7 20:55,-0.2,
S1,blue_surface_displacement,6.928889,-0.2,mm,left_mm,2025-7-7 20:55,-0.2,
S1,blue_surface_displacement,6.93,-0.2,mm,left_mm,2025-7-7 20:55,-0.2,
S1,blue_surface_displacement,6.931111,-0.2,mm,left_mm,2025-7-7 20:55,-0.2,
S1,blue_surface_displacement,6.932222,-0.2,mm,left_mm,2025-7-7 20:55,-0.2,
S1,blue_surface_displacement,6.933333,-0.2,mm,left_mm,2025-7-7 20:56,-0.2,
S1,blue_surface_displacement,6.934444,-0.2,mm,left_mm,2025-7-7 20:56,-0.2,
S1,blue_surface_displacement,6.935556,-0.2,mm,left_mm,2025-7-7 20:56,-0.2,
S1,blue_surface_displacement,6.936667,-0.2,mm,left_mm,2025-7-7 20:56,-0.2,
S1,blue_surface_displacement,6.937778,-0.2,mm,left_mm,2025-7-7 20:56,-0.2,
S1,blue_surface_displacement,6.938889,-0.2,mm,left_mm,2025-7-7 20:56,-0.2,
S1,blue_surface_displacement,6.94,-0.2,mm,left_mm,2025-7-7 20:56,-0.2,
S1,blue_surface_displacement,6.941111,-0.2,mm,left_mm,2025-7-7 20:56,-0.2,
S1,blue_surface_displacement,6.942222,-0.2,mm,left_mm,2025-7-7 20:56,-0.2,
S1,blue_surface_displacement,6.943333,-0.2,mm,left_mm,2025-7-7 20:56,-0.2,
S1,blue_surface_displacement,6.944444,-0.2,mm,left_mm,2025-7-7 20:56,-0.2,
S1,blue_surface_displacement,6.945556,-0.2,mm,left_mm,2025-7-7 20:56,-0.2,
S1,blue_surface_displacement,6.946667,-0.2,mm,left_mm,2025-7-7 20:56,-0.2,
S1,blue_surface_displacement,6.947778,-0.2,mm,left_mm,2025-7-7 20:56,-0.2,
S1,blue_surface_displacement,6.948889,-0.2,mm,left_mm,2025-7-7 20:56,-0.2,
S1,blue_surface_displacement,6.95,-0.2,mm,left_mm,2025-7-7 20:57,-0.2,
S1,blue_surface_displacement,6.951111,-0.2,mm,left_mm,2025-7-7 20:57,-0.2,
S1,blue_surface_displacement,6.952222,-0.2,mm,left_mm,2025-7-7 20:57,-0.2,
S1,blue_surface_displacement,6.953333,-0.2,mm,left_mm,2025-7-7 20:57,-0.2,
S1,blue_surface_displacement,6.954444,-0.2,mm,left_mm,2025-7-7 20:57,-0.2,
S1,blue_surface_displacement,6.955556,-0.2,mm,left_mm,2025-7-7 20:57,-0.2,
S1,blue_surface_displacement,6.956667,-0.2,mm,left_mm,2025-7-7 20:57,-0.2,
S1,blue_surface_displacement,6.957778,-0.2,mm,left_mm,2025-7-7 20:57,-0.2,
S1,blue_surface_displacement,6.958889,-0.2,mm,left_mm,2025-7-7 20:57,-0.2,
S1,blue_surface_displacement,6.96,-0.2,mm,left_mm,2025-7-7 20:57,-0.2,
S1,blue_surface_displacement,6.961111,-0.2,mm,left_mm,2025-7-7 20:57,-0.2,
S1,blue_surface_displacement,6.962222,-0.2,mm,left_mm,2025-7-7 20:57,-0.2,
S1,blue_surface_displacement,6.963333,-0.2,mm,left_mm,2025-7-7 20:57,-0.2,
S1,blue_surface_displacement,6.964444,-0.2,mm,left_mm,2025-7-7 20:57,-0.2,
S1,blue_surface_displacement,6.965556,-0.2,mm,left_mm,2025-7-7 20:57,-0.2,
S1,blue_surface_displacement,6.966667,-0.2,mm,left_mm,2025-7-7 20:58,-0.2,
S1,blue_surface_displacement,6.967778,-0.3,mm,left_mm,2025-7-7 20:58,-0.3,
S1,blue_surface_displacement,6.968889,-0.2,mm,left_mm,2025-7-7 20:58,-0.2,
S1,blue_surface_displacement,6.97,-0.3,mm,left_mm,2025-7-7 20:58,-0.3,
S1,blue_surface_displacement,6.971111,-0.2,mm,left_mm,2025-7-7 20:58,-0.2,
S1,blue_surface_displacement,6.972222,-0.3,mm,left_mm,2025-7-7 20:58,-0.3,
S1,blue_surface_displacement,6.973333,-0.2,mm,left_mm,2025-7-7 20:58,-0.2,
S1,blue_surface_displacement,6.974444,-0.3,mm,left_mm,2025-7-7 20:58,-0.3,
S1,blue_surface_displacement,6.975556,-0.3,mm,left_mm,2025-7-7 20:58,-0.3,
S1,blue_surface_displacement,6.976667,-0.3,mm,left_mm,2025-7-7 20:58,-0.3,
S1,blue_surface_displacement,6.977778,-0.2,mm,left_mm,2025-7-7 20:58,-0.2,
S1,blue_surface_displacement,6.978889,-0.2,mm,left_mm,2025-7-7 20:58,-0.2,
S1,blue_surface_displacement,6.98,-0.2,mm,left_mm,2025-7-7 20:58,-0.2,
S1,blue_surface_displacement,6.981111,-0.2,mm,left_mm,2025-7-7 20:58,-0.2,
S1,blue_surface_displacement,6.982222,-0.3,mm,left_mm,2025-7-7 20:58,-0.3,
S1,blue_surface_displacement,6.983333,-0.3,mm,left_mm,2025-7-7 20:59,-0.3,
S1,blue_surface_displacement,6.984444,-0.3,mm,left_mm,2025-7-7 20:59,-0.3,
S1,blue_surface_displacement,6.985556,-0.2,mm,left_mm,2025-7-7 20:59,-0.2,
S1,blue_surface_displacement,6.986667,-0.2,mm,left_mm,2025-7-7 20:59,-0.2,
S1,blue_surface_displacement,6.987778,-0.3,mm,left_mm,2025-7-7 20:59,-0.3,
S1,blue_surface_displacement,6.988889,-0.3,mm,left_mm,2025-7-7 20:59,-0.3,
S1,blue_surface_displacement,6.99,-0.3,mm,left_mm,2025-7-7 20:59,-0.3,
S1,blue_surface_displacement,6.991111,-0.2,mm,left_mm,2025-7-7 20:59,-0.2,
S1,blue_surface_displacement,6.992222,-0.3,mm,left_mm,2025-7-7 20:59,-0.3,
S1,blue_surface_displacement,6.993333,-0.3,mm,left_mm,2025-7-7 20:59,-0.3,
S1,blue_surface_displacement,6.994444,-0.3,mm,left_mm,2025-7-7 20:59,-0.3,
S1,blue_surface_displacement,6.995556,-0.3,mm,left_mm,2025-7-7 20:59,-0.3,
S1,blue_surface_displacement,6.996667,-0.3,mm,left_mm,2025-7-7 20:59,-0.3,
S1,blue_surface_displacement,6.997778,-0.2,mm,left_mm,2025-7-7 20:59,-0.2,
S1,blue_surface_displacement,6.998889,-0.2,mm,left_mm,2025-7-7 20:59,-0.2,
S1,blue_surface_displacement,7,-0.3,mm,left_mm,2025-7-7 21:00,-0.3,
S1,blue_surface_displacement,7.001111,-0.2,mm,left_mm,2025-7-7 21:00,-0.2,
S1,blue_surface_displacement,7.002222,-0.3,mm,left_mm,2025-7-7 21:00,-0.3,
S1,blue_surface_displacement,7.003333,-0.3,mm,left_mm,2025-7-7 21:00,-0.3,
S1,blue_surface_displacement,7.004444,-0.3,mm,left_mm,2025-7-7 21:00,-0.3,
S1,blue_surface_displacement,7.005556,-0.3,mm,left_mm,2025-7-7 21:00,-0.3,
S1,blue_surface_displacement,7.006667,-0.2,mm,left_mm,2025-7-7 21:00,-0.2,
S1,blue_surface_displacement,7.007778,-0.3,mm,left_mm,2025-7-7 21:00,-0.3,
S1,blue_surface_displacement,7.008889,-0.3,mm,left_mm,2025-7-7 21:00,-0.3,
S1,blue_surface_displacement,7.01,-0.2,mm,left_mm,2025-7-7 21:00,-0.2,
S1,blue_surface_displacement,7.011111,-0.2,mm,left_mm,2025-7-7 21:00,-0.2,
S1,blue_surface_displacement,7.012222,-0.2,mm,left_mm,2025-7-7 21:00,-0.2,
S1,blue_surface_displacement,7.013333,-0.3,mm,left_mm,2025-7-7 21:00,-0.3,
S1,blue_surface_displacement,7.014444,-0.3,mm,left_mm,2025-7-7 21:00,-0.3,
S1,blue_surface_displacement,7.015556,-0.2,mm,left_mm,2025-7-7 21:00,-0.2,
S1,blue_surface_displacement,7.016667,-0.3,mm,left_mm,2025-7-7 21:01,-0.3,
S1,blue_surface_displacement,7.017778,-0.2,mm,left_mm,2025-7-7 21:01,-0.2,
S1,blue_surface_displacement,7.018889,-0.3,mm,left_mm,2025-7-7 21:01,-0.3,
S1,blue_surface_displacement,7.02,-0.2,mm,left_mm,2025-7-7 21:01,-0.2,
S1,blue_surface_displacement,7.021111,-0.3,mm,left_mm,2025-7-7 21:01,-0.3,
S1,blue_surface_displacement,7.022222,-0.3,mm,left_mm,2025-7-7 21:01,-0.3,
S1,blue_surface_displacement,7.023333,-0.3,mm,left_mm,2025-7-7 21:01,-0.3,
S1,blue_surface_displacement,7.024444,-0.2,mm,left_mm,2025-7-7 21:01,-0.2,
S1,blue_surface_displacement,7.025556,-0.2,mm,left_mm,2025-7-7 21:01,-0.2,
S1,blue_surface_displacement,7.026667,-0.2,mm,left_mm,2025-7-7 21:01,-0.2,
S1,blue_surface_displacement,7.027778,-0.2,mm,left_mm,2025-7-7 21:01,-0.2,
S1,blue_surface_displacement,7.028889,-0.2,mm,left_mm,2025-7-7 21:01,-0.2,
S1,blue_surface_displacement,7.03,-0.3,mm,left_mm,2025-7-7 21:01,-0.3,
S1,blue_surface_displacement,7.031111,-0.2,mm,left_mm,2025-7-7 21:01,-0.2,
S1,blue_surface_displacement,7.032222,-0.2,mm,left_mm,2025-7-7 21:01,-0.2,
S1,blue_surface_displacement,7.033333,-0.3,mm,left_mm,2025-7-7 21:02,-0.3,
S1,blue_surface_displacement,7.034444,-0.3,mm,left_mm,2025-7-7 21:02,-0.3,
S1,blue_surface_displacement,7.035556,-0.3,mm,left_mm,2025-7-7 21:02,-0.3,
S1,blue_surface_displacement,7.036667,-0.2,mm,left_mm,2025-7-7 21:02,-0.2,
S1,blue_surface_displacement,7.037778,-0.2,mm,left_mm,2025-7-7 21:02,-0.2,
S1,blue_surface_displacement,7.038889,-0.3,mm,left_mm,2025-7-7 21:02,-0.3,
S1,blue_surface_displacement,7.04,-0.2,mm,left_mm,2025-7-7 21:02,-0.2,
S1,blue_surface_displacement,7.041111,-0.2,mm,left_mm,2025-7-7 21:02,-0.2,
S1,blue_surface_displacement,7.042222,-0.2,mm,left_mm,2025-7-7 21:02,-0.2,
S1,blue_surface_displacement,7.043333,-0.2,mm,left_mm,2025-7-7 21:02,-0.2,
S1,blue_surface_displacement,7.044444,-0.2,mm,left_mm,2025-7-7 21:02,-0.2,
S1,blue_surface_displacement,7.045556,-0.2,mm,left_mm,2025-7-7 21:02,-0.2,
S1,blue_surface_displacement,7.046667,-0.2,mm,left_mm,2025-7-7 21:02,-0.2,
S1,blue_surface_displacement,7.047778,-0.2,mm,left_mm,2025-7-7 21:02,-0.2,
S1,blue_surface_displacement,7.048889,-0.3,mm,left_mm,2025-7-7 21:02,-0.3,
S1,blue_surface_displacement,7.05,-0.3,mm,left_mm,2025-7-7 21:03,-0.3,
S1,blue_surface_displacement,7.051111,-0.2,mm,left_mm,2025-7-7 21:03,-0.2,
S1,blue_surface_displacement,7.052222,-0.2,mm,left_mm,2025-7-7 21:03,-0.2,
S1,blue_surface_displacement,7.053333,-0.2,mm,left_mm,2025-7-7 21:03,-0.2,
S1,blue_surface_displacement,7.054444,-0.2,mm,left_mm,2025-7-7 21:03,-0.2,
S1,blue_surface_displacement,7.055556,-0.2,mm,left_mm,2025-7-7 21:03,-0.2,
S1,blue_surface_displacement,7.056667,-0.2,mm,left_mm,2025-7-7 21:03,-0.2,
S1,blue_surface_displacement,7.057778,-0.2,mm,left_mm,2025-7-7 21:03,-0.2,
S1,blue_surface_displacement,7.058889,-0.2,mm,left_mm,2025-7-7 21:03,-0.2,
S1,blue_surface_displacement,7.06,-0.2,mm,left_mm,2025-7-7 21:03,-0.2,
S1,blue_surface_displacement,7.061111,-0.2,mm,left_mm,2025-7-7 21:03,-0.2,
S1,blue_surface_displacement,7.062222,-0.3,mm,left_mm,2025-7-7 21:03,-0.3,
S1,blue_surface_displacement,7.063333,-0.2,mm,left_mm,2025-7-7 21:03,-0.2,
S1,blue_surface_displacement,7.064444,-0.2,mm,left_mm,2025-7-7 21:03,-0.2,
S1,blue_surface_displacement,7.065556,-0.2,mm,left_mm,2025-7-7 21:03,-0.2,
S1,blue_surface_displacement,7.066667,-0.2,mm,left_mm,2025-7-7 21:04,-0.2,
S1,blue_surface_displacement,7.067778,-0.3,mm,left_mm,2025-7-7 21:04,-0.3,
S1,blue_surface_displacement,7.068889,-0.2,mm,left_mm,2025-7-7 21:04,-0.2,
S1,blue_surface_displacement,7.07,-0.3,mm,left_mm,2025-7-7 21:04,-0.3,
S1,blue_surface_displacement,7.071111,-0.2,mm,left_mm,2025-7-7 21:04,-0.2,
S1,blue_surface_displacement,7.072222,-0.3,mm,left_mm,2025-7-7 21:04,-0.3,
S1,blue_surface_displacement,7.073333,-0.3,mm,left_mm,2025-7-7 21:04,-0.3,
S1,blue_surface_displacement,7.074444,-0.3,mm,left_mm,2025-7-7 21:04,-0.3,
S1,blue_surface_displacement,7.075556,-0.2,mm,left_mm,2025-7-7 21:04,-0.2,
S1,blue_surface_displacement,7.076667,-0.3,mm,left_mm,2025-7-7 21:04,-0.3,
S1,blue_surface_displacement,7.077778,-0.3,mm,left_mm,2025-7-7 21:04,-0.3,
S1,blue_surface_displacement,7.078889,-0.3,mm,left_mm,2025-7-7 21:04,-0.3,
S1,blue_surface_displacement,7.08,-0.3,mm,left_mm,2025-7-7 21:04,-0.3,
S1,blue_surface_displacement,7.081111,-0.2,mm,left_mm,2025-7-7 21:04,-0.2,
S1,blue_surface_displacement,7.082222,-0.3,mm,left_mm,2025-7-7 21:04,-0.3,
S1,blue_surface_displacement,7.083333,-0.2,mm,left_mm,2025-7-7 21:05,-0.2,
S1,blue_surface_displacement,7.084444,-0.2,mm,left_mm,2025-7-7 21:05,-0.2,
S1,blue_surface_displacement,7.085556,-0.2,mm,left_mm,2025-7-7 21:05,-0.2,
S1,blue_surface_displacement,7.086667,-0.3,mm,left_mm,2025-7-7 21:05,-0.3,
S1,blue_surface_displacement,7.087778,-0.2,mm,left_mm,2025-7-7 21:05,-0.2,
S1,blue_surface_displacement,7.088889,-0.3,mm,left_mm,2025-7-7 21:05,-0.3,
S1,blue_surface_displacement,7.09,-0.3,mm,left_mm,2025-7-7 21:05,-0.3,
S1,blue_surface_displacement,7.091111,-0.2,mm,left_mm,2025-7-7 21:05,-0.2,
S1,blue_surface_displacement,7.092222,-0.2,mm,left_mm,2025-7-7 21:05,-0.2,
S1,blue_surface_displacement,7.093333,-0.2,mm,left_mm,2025-7-7 21:05,-0.2,
S1,blue_surface_displacement,7.094444,-0.2,mm,left_mm,2025-7-7 21:05,-0.2,
S1,blue_surface_displacement,7.095556,-0.3,mm,left_mm,2025-7-7 21:05,-0.3,
S1,blue_surface_displacement,7.096667,-0.3,mm,left_mm,2025-7-7 21:05,-0.3,
S1,blue_surface_displacement,7.097778,-0.2,mm,left_mm,2025-7-7 21:05,-0.2,
S1,blue_surface_displacement,7.098889,-0.2,mm,left_mm,2025-7-7 21:05,-0.2,
S1,blue_surface_displacement,7.1,-0.3,mm,left_mm,2025-7-7 21:06,-0.3,
S1,blue_surface_displacement,7.101111,-0.3,mm,left_mm,2025-7-7 21:06,-0.3,
S1,blue_surface_displacement,7.102222,-0.2,mm,left_mm,2025-7-7 21:06,-0.2,
S1,blue_surface_displacement,7.103333,-0.2,mm,left_mm,2025-7-7 21:06,-0.2,
S1,blue_surface_displacement,7.104444,-0.3,mm,left_mm,2025-7-7 21:06,-0.3,
S1,blue_surface_displacement,7.105556,-0.3,mm,left_mm,2025-7-7 21:06,-0.3,
S1,blue_surface_displacement,7.106667,-0.3,mm,left_mm,2025-7-7 21:06,-0.3,
S1,blue_surface_displacement,7.107778,-0.3,mm,left_mm,2025-7-7 21:06,-0.3,
S1,blue_surface_displacement,7.108889,-0.2,mm,left_mm,2025-7-7 21:06,-0.2,
S1,blue_surface_displacement,7.11,-0.3,mm,left_mm,2025-7-7 21:06,-0.3,
S1,blue_surface_displacement,7.111111,-0.2,mm,left_mm,2025-7-7 21:06,-0.2,
S1,blue_surface_displacement,7.112222,-0.3,mm,left_mm,2025-7-7 21:06,-0.3,
S1,blue_surface_displacement,7.113333,-0.2,mm,left_mm,2025-7-7 21:06,-0.2,
S1,blue_surface_displacement,7.114444,-0.2,mm,left_mm,2025-7-7 21:06,-0.2,
S1,blue_surface_displacement,7.115556,-0.2,mm,left_mm,2025-7-7 21:06,-0.2,
S1,blue_surface_displacement,7.116667,-0.2,mm,left_mm,2025-7-7 21:07,-0.2,
S1,blue_surface_displacement,7.117778,-0.2,mm,left_mm,2025-7-7 21:07,-0.2,
S1,blue_surface_displacement,7.118889,-0.2,mm,left_mm,2025-7-7 21:07,-0.2,
S1,blue_surface_displacement,7.12,-0.2,mm,left_mm,2025-7-7 21:07,-0.2,
S1,blue_surface_displacement,7.121111,-0.3,mm,left_mm,2025-7-7 21:07,-0.3,
S1,blue_surface_displacement,7.122222,-0.3,mm,left_mm,2025-7-7 21:07,-0.3,
S1,blue_surface_displacement,7.123333,-0.2,mm,left_mm,2025-7-7 21:07,-0.2,
S1,blue_surface_displacement,7.124444,-0.2,mm,left_mm,2025-7-7 21:07,-0.2,
S1,blue_surface_displacement,7.125556,-0.2,mm,left_mm,2025-7-7 21:07,-0.2,
S1,blue_surface_displacement,7.126667,-0.2,mm,left_mm,2025-7-7 21:07,-0.2,
S1,blue_surface_displacement,7.127778,-0.2,mm,left_mm,2025-7-7 21:07,-0.2,
S1,blue_surface_displacement,7.128889,-0.2,mm,left_mm,2025-7-7 21:07,-0.2,
S1,blue_surface_displacement,7.13,-0.2,mm,left_mm,2025-7-7 21:07,-0.2,
S1,blue_surface_displacement,7.131111,-0.2,mm,left_mm,2025-7-7 21:07,-0.2,
S1,blue_surface_displacement,7.132222,-0.2,mm,left_mm,2025-7-7 21:07,-0.2,
S1,blue_surface_displacement,7.133333,-0.2,mm,left_mm,2025-7-7 21:08,-0.2,
S1,blue_surface_displacement,7.134444,-0.2,mm,left_mm,2025-7-7 21:08,-0.2,
S1,blue_surface_displacement,7.135556,-0.2,mm,left_mm,2025-7-7 21:08,-0.2,
S1,blue_surface_displacement,7.136667,-0.2,mm,left_mm,2025-7-7 21:08,-0.2,
S1,blue_surface_displacement,7.137778,-0.2,mm,left_mm,2025-7-7 21:08,-0.2,
S1,blue_surface_displacement,7.138889,-0.3,mm,left_mm,2025-7-7 21:08,-0.3,
S1,blue_surface_displacement,7.14,-0.3,mm,left_mm,2025-7-7 21:08,-0.3,
S1,blue_surface_displacement,7.141111,-0.3,mm,left_mm,2025-7-7 21:08,-0.3,
S1,blue_surface_displacement,7.142222,-0.2,mm,left_mm,2025-7-7 21:08,-0.2,
S1,blue_surface_displacement,7.143333,-0.2,mm,left_mm,2025-7-7 21:08,-0.2,
S1,blue_surface_displacement,7.144444,-0.2,mm,left_mm,2025-7-7 21:08,-0.2,
S1,blue_surface_displacement,7.145556,-0.2,mm,left_mm,2025-7-7 21:08,-0.2,
S1,blue_surface_displacement,7.146667,-0.2,mm,left_mm,2025-7-7 21:08,-0.2,
S1,blue_surface_displacement,7.147778,-0.2,mm,left_mm,2025-7-7 21:08,-0.2,
S1,blue_surface_displacement,7.148889,-0.2,mm,left_mm,2025-7-7 21:08,-0.2,
S1,blue_surface_displacement,7.15,-0.3,mm,left_mm,2025-7-7 21:09,-0.3,
S1,blue_surface_displacement,7.151111,-0.2,mm,left_mm,2025-7-7 21:09,-0.2,
S1,blue_surface_displacement,7.152222,-0.2,mm,left_mm,2025-7-7 21:09,-0.2,
S1,blue_surface_displacement,7.153333,-0.3,mm,left_mm,2025-7-7 21:09,-0.3,
S1,blue_surface_displacement,7.154444,-0.3,mm,left_mm,2025-7-7 21:09,-0.3,
S1,blue_surface_displacement,7.155556,-0.2,mm,left_mm,2025-7-7 21:09,-0.2,
S1,blue_surface_displacement,7.156667,-0.2,mm,left_mm,2025-7-7 21:09,-0.2,
S1,blue_surface_displacement,7.157778,-0.2,mm,left_mm,2025-7-7 21:09,-0.2,
S1,blue_surface_displacement,7.158889,-0.3,mm,left_mm,2025-7-7 21:09,-0.3,
S1,blue_surface_displacement,7.16,-0.2,mm,left_mm,2025-7-7 21:09,-0.2,
S1,blue_surface_displacement,7.161111,-0.3,mm,left_mm,2025-7-7 21:09,-0.3,
S1,blue_surface_displacement,7.162222,-0.2,mm,left_mm,2025-7-7 21:09,-0.2,
S1,blue_surface_displacement,7.163333,-0.3,mm,left_mm,2025-7-7 21:09,-0.3,
S1,blue_surface_displacement,7.164444,-0.3,mm,left_mm,2025-7-7 21:09,-0.3,
S1,blue_surface_displacement,7.165556,-0.3,mm,left_mm,2025-7-7 21:09,-0.3,
S1,blue_surface_displacement,7.166667,-0.3,mm,left_mm,2025-7-7 21:10,-0.3,
S1,blue_surface_displacement,7.167778,-0.3,mm,left_mm,2025-7-7 21:10,-0.3,
S1,blue_surface_displacement,7.168889,-0.3,mm,left_mm,2025-7-7 21:10,-0.3,
S1,blue_surface_displacement,7.17,-0.2,mm,left_mm,2025-7-7 21:10,-0.2,
S1,blue_surface_displacement,7.171111,-0.3,mm,left_mm,2025-7-7 21:10,-0.3,
S1,blue_surface_displacement,7.172222,-0.2,mm,left_mm,2025-7-7 21:10,-0.2,
S1,blue_surface_displacement,7.173333,-0.3,mm,left_mm,2025-7-7 21:10,-0.3,
S1,blue_surface_displacement,7.174444,-0.3,mm,left_mm,2025-7-7 21:10,-0.3,
S1,blue_surface_displacement,7.175556,-0.3,mm,left_mm,2025-7-7 21:10,-0.3,
S1,blue_surface_displacement,7.176667,-0.3,mm,left_mm,2025-7-7 21:10,-0.3,
S1,blue_surface_displacement,7.177778,-0.2,mm,left_mm,2025-7-7 21:10,-0.2,
S1,blue_surface_displacement,7.178889,-0.2,mm,left_mm,2025-7-7 21:10,-0.2,
S1,blue_surface_displacement,7.18,-0.3,mm,left_mm,2025-7-7 21:10,-0.3,
S1,blue_surface_displacement,7.181111,-0.3,mm,left_mm,2025-7-7 21:10,-0.3,
S1,blue_surface_displacement,7.182222,-0.3,mm,left_mm,2025-7-7 21:10,-0.3,
S1,blue_surface_displacement,7.183333,-0.3,mm,left_mm,2025-7-7 21:11,-0.3,
S1,blue_surface_displacement,7.184444,-0.2,mm,left_mm,2025-7-7 21:11,-0.2,
S1,blue_surface_displacement,7.185556,-0.3,mm,left_mm,2025-7-7 21:11,-0.3,
S1,blue_surface_displacement,7.186667,-0.3,mm,left_mm,2025-7-7 21:11,-0.3,
S1,blue_surface_displacement,7.187778,-0.3,mm,left_mm,2025-7-7 21:11,-0.3,
S1,blue_surface_displacement,7.188889,-0.3,mm,left_mm,2025-7-7 21:11,-0.3,
S1,blue_surface_displacement,7.19,-0.3,mm,left_mm,2025-7-7 21:11,-0.3,
S1,blue_surface_displacement,7.191111,-0.2,mm,left_mm,2025-7-7 21:11,-0.2,
S1,blue_surface_displacement,7.192222,-0.3,mm,left_mm,2025-7-7 21:11,-0.3,
S1,blue_surface_displacement,7.193333,-0.3,mm,left_mm,2025-7-7 21:11,-0.3,
S1,blue_surface_displacement,7.194444,-0.3,mm,left_mm,2025-7-7 21:11,-0.3,
S1,blue_surface_displacement,7.195556,-0.3,mm,left_mm,2025-7-7 21:11,-0.3,
S1,blue_surface_displacement,7.196667,-0.3,mm,left_mm,2025-7-7 21:11,-0.3,
S1,blue_surface_displacement,7.197778,-0.3,mm,left_mm,2025-7-7 21:11,-0.3,
S1,blue_surface_displacement,7.198889,-0.3,mm,left_mm,2025-7-7 21:11,-0.3,
S1,blue_surface_displacement,7.2,-0.3,mm,left_mm,2025-7-7 21:12,-0.3,
S1,blue_surface_displacement,7.201111,-0.3,mm,left_mm,2025-7-7 21:12,-0.3,
S1,blue_surface_displacement,7.202222,-0.3,mm,left_mm,2025-7-7 21:12,-0.3,
S1,blue_surface_displacement,7.203333,-0.3,mm,left_mm,2025-7-7 21:12,-0.3,
S1,blue_surface_displacement,7.204444,-0.3,mm,left_mm,2025-7-7 21:12,-0.3,
S1,blue_surface_displacement,7.205556,-0.3,mm,left_mm,2025-7-7 21:12,-0.3,
S1,blue_surface_displacement,7.206667,-0.2,mm,left_mm,2025-7-7 21:12,-0.2,
S1,blue_surface_displacement,7.207778,-0.3,mm,left_mm,2025-7-7 21:12,-0.3,
S1,blue_surface_displacement,7.208889,-0.3,mm,left_mm,2025-7-7 21:12,-0.3,
S1,blue_surface_displacement,7.21,-0.3,mm,left_mm,2025-7-7 21:12,-0.3,
S1,blue_surface_displacement,7.211111,-0.3,mm,left_mm,2025-7-7 21:12,-0.3,
S1,blue_surface_displacement,7.212222,-0.3,mm,left_mm,2025-7-7 21:12,-0.3,
S1,blue_surface_displacement,7.213333,-0.3,mm,left_mm,2025-7-7 21:12,-0.3,
S1,blue_surface_displacement,7.214444,-0.3,mm,left_mm,2025-7-7 21:12,-0.3,
S1,blue_surface_displacement,7.215556,-0.3,mm,left_mm,2025-7-7 21:12,-0.3,
S1,blue_surface_displacement,7.216667,-0.3,mm,left_mm,2025-7-7 21:13,-0.3,
S1,blue_surface_displacement,7.217778,-0.3,mm,left_mm,2025-7-7 21:13,-0.3,
S1,blue_surface_displacement,7.218889,-0.3,mm,left_mm,2025-7-7 21:13,-0.3,
S1,blue_surface_displacement,7.22,-0.3,mm,left_mm,2025-7-7 21:13,-0.3,
S1,blue_surface_displacement,7.221111,-0.3,mm,left_mm,2025-7-7 21:13,-0.3,
S1,blue_surface_displacement,7.222222,-0.3,mm,left_mm,2025-7-7 21:13,-0.3,
S1,blue_surface_displacement,7.223333,-0.3,mm,left_mm,2025-7-7 21:13,-0.3,
S1,blue_surface_displacement,7.224444,-0.3,mm,left_mm,2025-7-7 21:13,-0.3,
S1,blue_surface_displacement,7.225556,-0.3,mm,left_mm,2025-7-7 21:13,-0.3,
S1,blue_surface_displacement,7.226667,-0.2,mm,left_mm,2025-7-7 21:13,-0.2,
S1,blue_surface_displacement,7.227778,-0.3,mm,left_mm,2025-7-7 21:13,-0.3,
S1,blue_surface_displacement,7.228889,-0.3,mm,left_mm,2025-7-7 21:13,-0.3,
S1,blue_surface_displacement,7.23,-0.3,mm,left_mm,2025-7-7 21:13,-0.3,
S1,blue_surface_displacement,7.231111,-0.3,mm,left_mm,2025-7-7 21:13,-0.3,
S1,blue_surface_displacement,7.232222,-0.3,mm,left_mm,2025-7-7 21:13,-0.3,
S1,blue_surface_displacement,7.233333,-0.3,mm,left_mm,2025-7-7 21:14,-0.3,
S1,blue_surface_displacement,7.234444,-0.3,mm,left_mm,2025-7-7 21:14,-0.3,
S1,blue_surface_displacement,7.235556,-0.3,mm,left_mm,2025-7-7 21:14,-0.3,
S1,blue_surface_displacement,7.236667,-0.3,mm,left_mm,2025-7-7 21:14,-0.3,
S1,blue_surface_displacement,7.237778,-0.3,mm,left_mm,2025-7-7 21:14,-0.3,
S1,blue_surface_displacement,7.238889,-0.3,mm,left_mm,2025-7-7 21:14,-0.3,
S1,blue_surface_displacement,7.24,-0.3,mm,left_mm,2025-7-7 21:14,-0.3,
S1,blue_surface_displacement,7.241111,-0.3,mm,left_mm,2025-7-7 21:14,-0.3,
S1,blue_surface_displacement,7.242222,-0.3,mm,left_mm,2025-7-7 21:14,-0.3,
S1,blue_surface_displacement,7.243333,-0.3,mm,left_mm,2025-7-7 21:14,-0.3,
S1,blue_surface_displacement,7.244444,-0.3,mm,left_mm,2025-7-7 21:14,-0.3,
S1,blue_surface_displacement,7.245556,-0.3,mm,left_mm,2025-7-7 21:14,-0.3,
S1,blue_surface_displacement,7.246667,-0.3,mm,left_mm,2025-7-7 21:14,-0.3,
S1,blue_surface_displacement,7.247778,-0.3,mm,left_mm,2025-7-7 21:14,-0.3,
S1,blue_surface_displacement,7.248889,-0.3,mm,left_mm,2025-7-7 21:14,-0.3,
S1,blue_surface_displacement,7.25,-0.3,mm,left_mm,2025-7-7 21:15,-0.3,
S1,blue_surface_displacement,7.251111,-0.3,mm,left_mm,2025-7-7 21:15,-0.3,
S1,blue_surface_displacement,7.252222,-0.3,mm,left_mm,2025-7-7 21:15,-0.3,
S1,blue_surface_displacement,7.253333,-0.3,mm,left_mm,2025-7-7 21:15,-0.3,
S1,blue_surface_displacement,7.254444,-0.3,mm,left_mm,2025-7-7 21:15,-0.3,
S1,blue_surface_displacement,7.255556,-0.3,mm,left_mm,2025-7-7 21:15,-0.3,
S1,blue_surface_displacement,7.256667,-0.3,mm,left_mm,2025-7-7 21:15,-0.3,
S1,blue_surface_displacement,7.257778,-0.3,mm,left_mm,2025-7-7 21:15,-0.3,
S1,blue_surface_displacement,7.258889,-0.3,mm,left_mm,2025-7-7 21:15,-0.3,
S1,blue_surface_displacement,7.26,-0.3,mm,left_mm,2025-7-7 21:15,-0.3,
S1,blue_surface_displacement,7.261111,-0.3,mm,left_mm,2025-7-7 21:15,-0.3,
S1,blue_surface_displacement,7.262222,-0.3,mm,left_mm,2025-7-7 21:15,-0.3,
S1,blue_surface_displacement,7.263333,-0.3,mm,left_mm,2025-7-7 21:15,-0.3,
S1,blue_surface_displacement,7.264444,-0.3,mm,left_mm,2025-7-7 21:15,-0.3,
S1,blue_surface_displacement,7.265556,-0.3,mm,left_mm,2025-7-7 21:15,-0.3,
S1,blue_surface_displacement,7.266667,-0.3,mm,left_mm,2025-7-7 21:16,-0.3,
S1,blue_surface_displacement,7.267778,-0.3,mm,left_mm,2025-7-7 21:16,-0.3,
S1,blue_surface_displacement,7.268889,-0.3,mm,left_mm,2025-7-7 21:16,-0.3,
S1,blue_surface_displacement,7.27,-0.3,mm,left_mm,2025-7-7 21:16,-0.3,
S1,blue_surface_displacement,7.271111,-0.3,mm,left_mm,2025-7-7 21:16,-0.3,
S1,blue_surface_displacement,7.272222,-0.3,mm,left_mm,2025-7-7 21:16,-0.3,
S1,blue_surface_displacement,7.273333,-0.3,mm,left_mm,2025-7-7 21:16,-0.3,
S1,blue_surface_displacement,7.274444,-0.3,mm,left_mm,2025-7-7 21:16,-0.3,
S1,blue_surface_displacement,7.275556,-0.3,mm,left_mm,2025-7-7 21:16,-0.3,
S1,blue_surface_displacement,7.276667,-0.3,mm,left_mm,2025-7-7 21:16,-0.3,
S1,blue_surface_displacement,7.277778,-0.3,mm,left_mm,2025-7-7 21:16,-0.3,
S1,blue_surface_displacement,7.278889,-0.2,mm,left_mm,2025-7-7 21:16,-0.2,
S1,blue_surface_displacement,7.28,-0.3,mm,left_mm,2025-7-7 21:16,-0.3,
S1,blue_surface_displacement,7.281111,-0.2,mm,left_mm,2025-7-7 21:16,-0.2,
S1,blue_surface_displacement,7.282222,-0.3,mm,left_mm,2025-7-7 21:16,-0.3,
S1,blue_surface_displacement,7.283333,-0.3,mm,left_mm,2025-7-7 21:17,-0.3,
S1,blue_surface_displacement,7.284444,-0.3,mm,left_mm,2025-7-7 21:17,-0.3,
S1,blue_surface_displacement,7.285556,-0.3,mm,left_mm,2025-7-7 21:17,-0.3,
S1,blue_surface_displacement,7.286667,-0.3,mm,left_mm,2025-7-7 21:17,-0.3,
S1,blue_surface_displacement,7.287778,-0.3,mm,left_mm,2025-7-7 21:17,-0.3,
S1,blue_surface_displacement,7.288889,-0.3,mm,left_mm,2025-7-7 21:17,-0.3,
S1,blue_surface_displacement,7.29,-0.3,mm,left_mm,2025-7-7 21:17,-0.3,
S1,blue_surface_displacement,7.291111,-0.3,mm,left_mm,2025-7-7 21:17,-0.3,
S1,blue_surface_displacement,7.292222,-0.3,mm,left_mm,2025-7-7 21:17,-0.3,
S1,blue_surface_displacement,7.293333,-0.3,mm,left_mm,2025-7-7 21:17,-0.3,
S1,blue_surface_displacement,7.294444,-0.3,mm,left_mm,2025-7-7 21:17,-0.3,
S1,blue_surface_displacement,7.295556,-0.3,mm,left_mm,2025-7-7 21:17,-0.3,
S1,blue_surface_displacement,7.296667,-0.3,mm,left_mm,2025-7-7 21:17,-0.3,
S1,blue_surface_displacement,7.297778,-0.3,mm,left_mm,2025-7-7 21:17,-0.3,
S1,blue_surface_displacement,7.298889,-0.2,mm,left_mm,2025-7-7 21:17,-0.2,
S1,blue_surface_displacement,7.3,-0.3,mm,left_mm,2025-7-7 21:18,-0.3,
S1,blue_surface_displacement,7.301111,-0.3,mm,left_mm,2025-7-7 21:18,-0.3,
S1,blue_surface_displacement,7.302222,-0.3,mm,left_mm,2025-7-7 21:18,-0.3,
S1,blue_surface_displacement,7.303333,-0.3,mm,left_mm,2025-7-7 21:18,-0.3,
S1,blue_surface_displacement,7.304444,-0.3,mm,left_mm,2025-7-7 21:18,-0.3,
S1,blue_surface_displacement,7.305556,-0.3,mm,left_mm,2025-7-7 21:18,-0.3,
S1,blue_surface_displacement,7.306667,-0.3,mm,left_mm,2025-7-7 21:18,-0.3,
S1,blue_surface_displacement,7.307778,-0.3,mm,left_mm,2025-7-7 21:18,-0.3,
S1,blue_surface_displacement,7.308889,-0.3,mm,left_mm,2025-7-7 21:18,-0.3,
S1,blue_surface_displacement,7.31,-0.3,mm,left_mm,2025-7-7 21:18,-0.3,
S1,blue_surface_displacement,7.311111,-0.3,mm,left_mm,2025-7-7 21:18,-0.3,
S1,blue_surface_displacement,7.312222,-0.3,mm,left_mm,2025-7-7 21:18,-0.3,
S1,blue_surface_displacement,7.313333,-0.3,mm,left_mm,2025-7-7 21:18,-0.3,
S1,blue_surface_displacement,7.314444,-0.3,mm,left_mm,2025-7-7 21:18,-0.3,
S1,blue_surface_displacement,7.315556,-0.3,mm,left_mm,2025-7-7 21:18,-0.3,
S1,blue_surface_displacement,7.316667,-0.3,mm,left_mm,2025-7-7 21:19,-0.3,
S1,blue_surface_displacement,7.317778,-0.3,mm,left_mm,2025-7-7 21:19,-0.3,
S1,blue_surface_displacement,7.318889,-0.3,mm,left_mm,2025-7-7 21:19,-0.3,
S1,blue_surface_displacement,7.32,-0.2,mm,left_mm,2025-7-7 21:19,-0.2,
S1,blue_surface_displacement,7.321111,-0.3,mm,left_mm,2025-7-7 21:19,-0.3,
S1,blue_surface_displacement,7.322222,-0.3,mm,left_mm,2025-7-7 21:19,-0.3,
S1,blue_surface_displacement,7.323333,-0.3,mm,left_mm,2025-7-7 21:19,-0.3,
S1,blue_surface_displacement,7.324444,-0.2,mm,left_mm,2025-7-7 21:19,-0.2,
S1,blue_surface_displacement,7.325556,-0.2,mm,left_mm,2025-7-7 21:19,-0.2,
S1,blue_surface_displacement,7.326667,-0.3,mm,left_mm,2025-7-7 21:19,-0.3,
S1,blue_surface_displacement,7.327778,-0.3,mm,left_mm,2025-7-7 21:19,-0.3,
S1,blue_surface_displacement,7.328889,-0.3,mm,left_mm,2025-7-7 21:19,-0.3,
S1,blue_surface_displacement,7.33,-0.2,mm,left_mm,2025-7-7 21:19,-0.2,
S1,blue_surface_displacement,7.331111,-0.3,mm,left_mm,2025-7-7 21:19,-0.3,
S1,blue_surface_displacement,7.332222,-0.3,mm,left_mm,2025-7-7 21:19,-0.3,
S1,blue_surface_displacement,7.333333,-0.3,mm,left_mm,2025-7-7 21:20,-0.3,
S1,blue_surface_displacement,7.334444,-0.2,mm,left_mm,2025-7-7 21:20,-0.2,
S1,blue_surface_displacement,7.335556,-0.2,mm,left_mm,2025-7-7 21:20,-0.2,
S1,blue_surface_displacement,7.336667,-0.3,mm,left_mm,2025-7-7 21:20,-0.3,
S1,blue_surface_displacement,7.337778,-0.2,mm,left_mm,2025-7-7 21:20,-0.2,
S1,blue_surface_displacement,7.338889,-0.3,mm,left_mm,2025-7-7 21:20,-0.3,
S1,blue_surface_displacement,7.34,-0.3,mm,left_mm,2025-7-7 21:20,-0.3,
S1,blue_surface_displacement,7.341111,-0.3,mm,left_mm,2025-7-7 21:20,-0.3,
S1,blue_surface_displacement,7.342222,-0.3,mm,left_mm,2025-7-7 21:20,-0.3,
S1,blue_surface_displacement,7.343333,-0.3,mm,left_mm,2025-7-7 21:20,-0.3,
S1,blue_surface_displacement,7.344444,-0.2,mm,left_mm,2025-7-7 21:20,-0.2,
S1,blue_surface_displacement,7.345556,-0.2,mm,left_mm,2025-7-7 21:20,-0.2,
S1,blue_surface_displacement,7.346667,-0.3,mm,left_mm,2025-7-7 21:20,-0.3,
S1,blue_surface_displacement,7.347778,-0.2,mm,left_mm,2025-7-7 21:20,-0.2,
S1,blue_surface_displacement,7.348889,-0.2,mm,left_mm,2025-7-7 21:20,-0.2,
S1,blue_surface_displacement,7.35,-0.3,mm,left_mm,2025-7-7 21:21,-0.3,
S1,blue_surface_displacement,7.351111,0,mm,left_mm,2025-7-7 21:21,0,
S1,blue_surface_displacement,7.352222,0.1,mm,left_mm,2025-7-7 21:21,0.1,
S1,blue_surface_displacement,7.353333,0.1,mm,left_mm,2025-7-7 21:21,0.1,
S1,blue_surface_displacement,7.354444,0.1,mm,left_mm,2025-7-7 21:21,0.1,
S1,blue_surface_displacement,7.355556,0.1,mm,left_mm,2025-7-7 21:21,0.1,
S1,blue_surface_displacement,7.356667,0.1,mm,left_mm,2025-7-7 21:21,0.1,
S1,blue_surface_displacement,7.357778,0.1,mm,left_mm,2025-7-7 21:21,0.1,
S1,blue_surface_displacement,7.358889,0.1,mm,left_mm,2025-7-7 21:21,0.1,
S1,blue_surface_displacement,7.36,0.1,mm,left_mm,2025-7-7 21:21,0.1,
S1,blue_surface_displacement,7.361111,0.1,mm,left_mm,2025-7-7 21:21,0.1,
S1,blue_surface_displacement,7.362222,0.1,mm,left_mm,2025-7-7 21:21,0.1,
S1,blue_surface_displacement,7.363333,0.1,mm,left_mm,2025-7-7 21:21,0.1,
S1,blue_surface_displacement,7.364444,0.1,mm,left_mm,2025-7-7 21:21,0.1,
S1,blue_surface_displacement,7.365556,0.1,mm,left_mm,2025-7-7 21:21,0.1,
S1,blue_surface_displacement,7.366667,0.1,mm,left_mm,2025-7-7 21:22,0.1,
S1,blue_surface_displacement,7.367778,0.1,mm,left_mm,2025-7-7 21:22,0.1,
S1,blue_surface_displacement,7.368889,0.1,mm,left_mm,2025-7-7 21:22,0.1,
S1,blue_surface_displacement,7.37,0.1,mm,left_mm,2025-7-7 21:22,0.1,
S1,blue_surface_displacement,7.371111,0.1,mm,left_mm,2025-7-7 21:22,0.1,
S1,blue_surface_displacement,7.372222,0.1,mm,left_mm,2025-7-7 21:22,0.1,
S1,blue_surface_displacement,7.373333,0.1,mm,left_mm,2025-7-7 21:22,0.1,
S1,blue_surface_displacement,7.374444,0.1,mm,left_mm,2025-7-7 21:22,0.1,
S1,blue_surface_displacement,7.375556,0.2,mm,left_mm,2025-7-7 21:22,0.2,
S1,blue_surface_displacement,7.376667,0.2,mm,left_mm,2025-7-7 21:22,0.2,
S1,blue_surface_displacement,7.377778,0.2,mm,left_mm,2025-7-7 21:22,0.2,
S1,blue_surface_displacement,7.378889,0.2,mm,left_mm,2025-7-7 21:22,0.2,
S1,blue_surface_displacement,7.38,0.2,mm,left_mm,2025-7-7 21:22,0.2,
S1,blue_surface_displacement,7.381111,0.2,mm,left_mm,2025-7-7 21:22,0.2,
S1,blue_surface_displacement,7.382222,0.3,mm,left_mm,2025-7-7 21:22,0.3,
S1,blue_surface_displacement,7.383333,0.3,mm,left_mm,2025-7-7 21:23,0.3,
S1,blue_surface_displacement,7.384444,0.3,mm,left_mm,2025-7-7 21:23,0.3,
S1,blue_surface_displacement,7.385556,0.3,mm,left_mm,2025-7-7 21:23,0.3,
S1,blue_surface_displacement,7.386667,0.3,mm,left_mm,2025-7-7 21:23,0.3,
S1,blue_surface_displacement,7.387778,0.5,mm,left_mm,2025-7-7 21:23,0.5,
S1,blue_surface_displacement,7.388889,0.8,mm,left_mm,2025-7-7 21:23,0.8,
S1,blue_surface_displacement,7.39,0.9,mm,left_mm,2025-7-7 21:23,0.9,
S1,blue_surface_displacement,7.391111,0.9,mm,left_mm,2025-7-7 21:23,0.9,
S1,blue_surface_displacement,7.392222,0.9,mm,left_mm,2025-7-7 21:23,0.9,
S1,blue_surface_displacement,7.393333,0.9,mm,left_mm,2025-7-7 21:23,0.9,
S1,blue_surface_displacement,7.394444,0.9,mm,left_mm,2025-7-7 21:23,0.9,
S1,blue_surface_displacement,7.395556,0.9,mm,left_mm,2025-7-7 21:23,0.9,
S1,blue_surface_displacement,7.396667,0.9,mm,left_mm,2025-7-7 21:23,0.9,
S1,blue_surface_displacement,7.397778,0.9,mm,left_mm,2025-7-7 21:23,0.9,
S1,blue_surface_displacement,7.398889,0.9,mm,left_mm,2025-7-7 21:23,0.9,
S1,blue_surface_displacement,7.4,0.9,mm,left_mm,2025-7-7 21:24,0.9,
S1,blue_surface_displacement,7.401111,0.9,mm,left_mm,2025-7-7 21:24,0.9,
S1,blue_surface_displacement,7.402222,0.9,mm,left_mm,2025-7-7 21:24,0.9,
S1,blue_surface_displacement,7.403333,0.8,mm,left_mm,2025-7-7 21:24,0.8,
S1,blue_surface_displacement,7.404444,0.8,mm,left_mm,2025-7-7 21:24,0.8,
S1,blue_surface_displacement,7.405556,0.9,mm,left_mm,2025-7-7 21:24,0.9,
S1,blue_surface_displacement,7.406667,0.9,mm,left_mm,2025-7-7 21:24,0.9,
S1,blue_surface_displacement,7.407778,0.9,mm,left_mm,2025-7-7 21:24,0.9,
S1,blue_surface_displacement,7.408889,0.9,mm,left_mm,2025-7-7 21:24,0.9,
S1,blue_surface_displacement,7.41,0.9,mm,left_mm,2025-7-7 21:24,0.9,
S1,blue_surface_displacement,7.411111,0.9,mm,left_mm,2025-7-7 21:24,0.9,
S1,blue_surface_displacement,7.412222,0.9,mm,left_mm,2025-7-7 21:24,0.9,
S1,blue_surface_displacement,7.413333,0.9,mm,left_mm,2025-7-7 21:24,0.9,
S1,blue_surface_displacement,7.414444,0.9,mm,left_mm,2025-7-7 21:24,0.9,
S1,blue_surface_displacement,7.415556,0.9,mm,left_mm,2025-7-7 21:24,0.9,
S1,blue_surface_displacement,7.416667,0.9,mm,left_mm,2025-7-7 21:25,0.9,
S1,blue_surface_displacement,7.417778,0.9,mm,left_mm,2025-7-7 21:25,0.9,
S1,blue_surface_displacement,7.418889,0.9,mm,left_mm,2025-7-7 21:25,0.9,
S1,blue_surface_displacement,7.42,0.9,mm,left_mm,2025-7-7 21:25,0.9,
S1,blue_surface_displacement,7.421111,0.9,mm,left_mm,2025-7-7 21:25,0.9,
S1,blue_surface_displacement,7.422222,0.9,mm,left_mm,2025-7-7 21:25,0.9,
S1,blue_surface_displacement,7.423333,0.9,mm,left_mm,2025-7-7 21:25,0.9,
S1,blue_surface_displacement,7.424444,0.9,mm,left_mm,2025-7-7 21:25,0.9,
S1,blue_surface_displacement,7.425556,0.9,mm,left_mm,2025-7-7 21:25,0.9,
S1,blue_surface_displacement,7.426667,0.9,mm,left_mm,2025-7-7 21:25,0.9,
S1,blue_surface_displacement,7.427778,0.9,mm,left_mm,2025-7-7 21:25,0.9,
S1,blue_surface_displacement,7.428889,0.9,mm,left_mm,2025-7-7 21:25,0.9,
S1,blue_surface_displacement,7.43,0.9,mm,left_mm,2025-7-7 21:25,0.9,
S1,blue_surface_displacement,7.431111,0.9,mm,left_mm,2025-7-7 21:25,0.9,
S1,blue_surface_displacement,7.432222,0.9,mm,left_mm,2025-7-7 21:25,0.9,
S1,blue_surface_displacement,7.433333,0.9,mm,left_mm,2025-7-7 21:26,0.9,
S1,blue_surface_displacement,7.434444,0.9,mm,left_mm,2025-7-7 21:26,0.9,
S1,blue_surface_displacement,7.435556,0.9,mm,left_mm,2025-7-7 21:26,0.9,
S1,blue_surface_displacement,7.436667,0.9,mm,left_mm,2025-7-7 21:26,0.9,
S1,blue_surface_displacement,7.437778,0.9,mm,left_mm,2025-7-7 21:26,0.9,
S1,blue_surface_displacement,7.438889,0.9,mm,left_mm,2025-7-7 21:26,0.9,
S1,blue_surface_displacement,7.44,0.9,mm,left_mm,2025-7-7 21:26,0.9,
S1,blue_surface_displacement,7.441111,0.9,mm,left_mm,2025-7-7 21:26,0.9,
S1,blue_surface_displacement,7.442222,0.9,mm,left_mm,2025-7-7 21:26,0.9,
S1,blue_surface_displacement,7.443333,0.9,mm,left_mm,2025-7-7 21:26,0.9,
S1,blue_surface_displacement,7.444444,0.9,mm,left_mm,2025-7-7 21:26,0.9,
S1,blue_surface_displacement,7.445556,0.9,mm,left_mm,2025-7-7 21:26,0.9,
S1,blue_surface_displacement,7.446667,0.9,mm,left_mm,2025-7-7 21:26,0.9,
S1,blue_surface_displacement,7.447778,0.9,mm,left_mm,2025-7-7 21:26,0.9,
S1,blue_surface_displacement,7.448889,0.9,mm,left_mm,2025-7-7 21:26,0.9,
S1,blue_surface_displacement,7.45,0.9,mm,left_mm,2025-7-7 21:27,0.9,
S1,blue_surface_displacement,7.451111,0.9,mm,left_mm,2025-7-7 21:27,0.9,
S1,blue_surface_displacement,7.452222,0.9,mm,left_mm,2025-7-7 21:27,0.9,
S1,blue_surface_displacement,7.453333,0.9,mm,left_mm,2025-7-7 21:27,0.9,
S1,blue_surface_displacement,7.454444,0.9,mm,left_mm,2025-7-7 21:27,0.9,
S1,blue_surface_displacement,7.455556,0.9,mm,left_mm,2025-7-7 21:27,0.9,
S1,blue_surface_displacement,7.456667,0.9,mm,left_mm,2025-7-7 21:27,0.9,
S1,blue_surface_displacement,7.457778,0.9,mm,left_mm,2025-7-7 21:27,0.9,
S1,blue_surface_displacement,7.458889,0.9,mm,left_mm,2025-7-7 21:27,0.9,
S1,blue_surface_displacement,7.46,0.9,mm,left_mm,2025-7-7 21:27,0.9,
S1,blue_surface_displacement,7.461111,0.9,mm,left_mm,2025-7-7 21:27,0.9,
S1,blue_surface_displacement,7.462222,0.9,mm,left_mm,2025-7-7 21:27,0.9,
S1,blue_surface_displacement,7.463333,0.9,mm,left_mm,2025-7-7 21:27,0.9,
S1,blue_surface_displacement,7.464444,0.9,mm,left_mm,2025-7-7 21:27,0.9,
S1,blue_surface_displacement,7.465556,0.9,mm,left_mm,2025-7-7 21:27,0.9,
S1,blue_surface_displacement,7.466667,0.9,mm,left_mm,2025-7-7 21:28,0.9,
S1,blue_surface_displacement,7.467778,0.9,mm,left_mm,2025-7-7 21:28,0.9,
S1,blue_surface_displacement,7.468889,0.9,mm,left_mm,2025-7-7 21:28,0.9,
S1,blue_surface_displacement,7.47,0.9,mm,left_mm,2025-7-7 21:28,0.9,
S1,blue_surface_displacement,7.471111,0.9,mm,left_mm,2025-7-7 21:28,0.9,
S1,blue_surface_displacement,7.472222,0.9,mm,left_mm,2025-7-7 21:28,0.9,
S1,blue_surface_displacement,7.473333,0.9,mm,left_mm,2025-7-7 21:28,0.9,
S1,blue_surface_displacement,7.474444,0.9,mm,left_mm,2025-7-7 21:28,0.9,
S1,blue_surface_displacement,7.475556,0.9,mm,left_mm,2025-7-7 21:28,0.9,
S1,blue_surface_displacement,7.476667,0.9,mm,left_mm,2025-7-7 21:28,0.9,
S1,blue_surface_displacement,7.477778,0.9,mm,left_mm,2025-7-7 21:28,0.9,
S1,blue_surface_displacement,7.478889,0.9,mm,left_mm,2025-7-7 21:28,0.9,
S1,blue_surface_displacement,7.48,0.9,mm,left_mm,2025-7-7 21:28,0.9,
S1,blue_surface_displacement,7.481111,0.9,mm,left_mm,2025-7-7 21:28,0.9,
S1,blue_surface_displacement,7.482222,0.8,mm,left_mm,2025-7-7 21:28,0.8,
S1,blue_surface_displacement,7.483333,0.9,mm,left_mm,2025-7-7 21:29,0.9,
S1,blue_surface_displacement,7.484444,0.9,mm,left_mm,2025-7-7 21:29,0.9,
S1,blue_surface_displacement,7.485556,0.9,mm,left_mm,2025-7-7 21:29,0.9,
S1,blue_surface_displacement,7.486667,0.9,mm,left_mm,2025-7-7 21:29,0.9,
S1,blue_surface_displacement,7.487778,0.9,mm,left_mm,2025-7-7 21:29,0.9,
S1,blue_surface_displacement,7.488889,0.9,mm,left_mm,2025-7-7 21:29,0.9,
S1,blue_surface_displacement,7.49,0.9,mm,left_mm,2025-7-7 21:29,0.9,
S1,blue_surface_displacement,7.491111,0.9,mm,left_mm,2025-7-7 21:29,0.9,
S1,blue_surface_displacement,7.492222,0.9,mm,left_mm,2025-7-7 21:29,0.9,
S1,blue_surface_displacement,7.493333,0.9,mm,left_mm,2025-7-7 21:29,0.9,
S1,blue_surface_displacement,7.494444,0.9,mm,left_mm,2025-7-7 21:29,0.9,
S1,blue_surface_displacement,7.495556,0.9,mm,left_mm,2025-7-7 21:29,0.9,
S1,blue_surface_displacement,7.496667,0.9,mm,left_mm,2025-7-7 21:29,0.9,
S1,blue_surface_displacement,7.497778,0.9,mm,left_mm,2025-7-7 21:29,0.9,
S1,blue_surface_displacement,7.498889,0.9,mm,left_mm,2025-7-7 21:29,0.9,
S1,blue_surface_displacement,7.5,0.9,mm,left_mm,2025-7-7 21:30,0.9,
S1,blue_surface_displacement,7.501111,0.9,mm,left_mm,2025-7-7 21:30,0.9,
S1,blue_surface_displacement,7.502222,0.9,mm,left_mm,2025-7-7 21:30,0.9,
S1,blue_surface_displacement,7.503333,0.9,mm,left_mm,2025-7-7 21:30,0.9,
S1,blue_surface_displacement,7.504444,0.9,mm,left_mm,2025-7-7 21:30,0.9,
S1,blue_surface_displacement,7.505556,0.9,mm,left_mm,2025-7-7 21:30,0.9,
S1,blue_surface_displacement,7.506667,0.9,mm,left_mm,2025-7-7 21:30,0.9,
S1,blue_surface_displacement,7.507778,0.9,mm,left_mm,2025-7-7 21:30,0.9,
S1,blue_surface_displacement,7.508889,0.9,mm,left_mm,2025-7-7 21:30,0.9,
S1,blue_surface_displacement,7.51,0.9,mm,left_mm,2025-7-7 21:30,0.9,
S1,blue_surface_displacement,7.511111,0.9,mm,left_mm,2025-7-7 21:30,0.9,
S1,blue_surface_displacement,7.512222,0.9,mm,left_mm,2025-7-7 21:30,0.9,
S1,blue_surface_displacement,7.513333,0.9,mm,left_mm,2025-7-7 21:30,0.9,
S1,blue_surface_displacement,7.514444,0.9,mm,left_mm,2025-7-7 21:30,0.9,
S1,blue_surface_displacement,7.515556,0.9,mm,left_mm,2025-7-7 21:30,0.9,
S1,blue_surface_displacement,7.516667,0.9,mm,left_mm,2025-7-7 21:31,0.9,
S1,blue_surface_displacement,7.517778,0.9,mm,left_mm,2025-7-7 21:31,0.9,
S1,blue_surface_displacement,7.518889,0.9,mm,left_mm,2025-7-7 21:31,0.9,
S1,blue_surface_displacement,7.52,0.9,mm,left_mm,2025-7-7 21:31,0.9,
S1,blue_surface_displacement,7.521111,0.9,mm,left_mm,2025-7-7 21:31,0.9,
S1,blue_surface_displacement,7.522222,0.9,mm,left_mm,2025-7-7 21:31,0.9,
S1,blue_surface_displacement,7.523333,0.9,mm,left_mm,2025-7-7 21:31,0.9,
S1,blue_surface_displacement,7.524444,0.9,mm,left_mm,2025-7-7 21:31,0.9,
S1,blue_surface_displacement,7.525556,0.9,mm,left_mm,2025-7-7 21:31,0.9,
S1,blue_surface_displacement,7.526667,0.9,mm,left_mm,2025-7-7 21:31,0.9,
S1,blue_surface_displacement,7.527778,0.9,mm,left_mm,2025-7-7 21:31,0.9,
S1,blue_surface_displacement,7.528889,0.9,mm,left_mm,2025-7-7 21:31,0.9,
S1,blue_surface_displacement,7.53,0.9,mm,left_mm,2025-7-7 21:31,0.9,
S1,blue_surface_displacement,7.531111,0.9,mm,left_mm,2025-7-7 21:31,0.9,
S1,blue_surface_displacement,7.532222,0.9,mm,left_mm,2025-7-7 21:31,0.9,
S1,blue_surface_displacement,7.533333,0.9,mm,left_mm,2025-7-7 21:32,0.9,
S1,blue_surface_displacement,7.534444,0.9,mm,left_mm,2025-7-7 21:32,0.9,
S1,blue_surface_displacement,7.535556,0.9,mm,left_mm,2025-7-7 21:32,0.9,
S1,blue_surface_displacement,7.536667,0.9,mm,left_mm,2025-7-7 21:32,0.9,
S1,blue_surface_displacement,7.537778,0.9,mm,left_mm,2025-7-7 21:32,0.9,
S1,blue_surface_displacement,7.538889,0.9,mm,left_mm,2025-7-7 21:32,0.9,
S1,blue_surface_displacement,7.54,0.9,mm,left_mm,2025-7-7 21:32,0.9,
S1,blue_surface_displacement,7.541111,0.9,mm,left_mm,2025-7-7 21:32,0.9,
S1,blue_surface_displacement,7.542222,0.9,mm,left_mm,2025-7-7 21:32,0.9,
S1,blue_surface_displacement,7.543333,0.9,mm,left_mm,2025-7-7 21:32,0.9,
S1,blue_surface_displacement,7.544444,0.9,mm,left_mm,2025-7-7 21:32,0.9,
S1,blue_surface_displacement,7.545556,0.9,mm,left_mm,2025-7-7 21:32,0.9,
S1,blue_surface_displacement,7.546667,0.9,mm,left_mm,2025-7-7 21:32,0.9,
S1,blue_surface_displacement,7.547778,0.9,mm,left_mm,2025-7-7 21:32,0.9,
S1,blue_surface_displacement,7.548889,0.9,mm,left_mm,2025-7-7 21:32,0.9,
S1,blue_surface_displacement,7.55,0.9,mm,left_mm,2025-7-7 21:33,0.9,
S1,blue_surface_displacement,7.551111,0.9,mm,left_mm,2025-7-7 21:33,0.9,
S1,blue_surface_displacement,7.552222,0.9,mm,left_mm,2025-7-7 21:33,0.9,
S1,blue_surface_displacement,7.553333,0.9,mm,left_mm,2025-7-7 21:33,0.9,
S1,blue_surface_displacement,7.554444,0.9,mm,left_mm,2025-7-7 21:33,0.9,
S1,blue_surface_displacement,7.555556,0.9,mm,left_mm,2025-7-7 21:33,0.9,
S1,blue_surface_displacement,7.556667,0.9,mm,left_mm,2025-7-7 21:33,0.9,
S1,blue_surface_displacement,7.557778,0.9,mm,left_mm,2025-7-7 21:33,0.9,
S1,blue_surface_displacement,7.558889,0.9,mm,left_mm,2025-7-7 21:33,0.9,
S1,blue_surface_displacement,7.56,0.9,mm,left_mm,2025-7-7 21:33,0.9,
S1,blue_surface_displacement,7.561111,0.9,mm,left_mm,2025-7-7 21:33,0.9,
S1,blue_surface_displacement,7.562222,0.9,mm,left_mm,2025-7-7 21:33,0.9,
S1,blue_surface_displacement,7.563333,0.9,mm,left_mm,2025-7-7 21:33,0.9,
S1,blue_surface_displacement,7.564444,0.9,mm,left_mm,2025-7-7 21:33,0.9,
S1,blue_surface_displacement,7.565556,0.9,mm,left_mm,2025-7-7 21:33,0.9,
S1,blue_surface_displacement,7.566667,0.9,mm,left_mm,2025-7-7 21:34,0.9,
S1,blue_surface_displacement,7.567778,0.9,mm,left_mm,2025-7-7 21:34,0.9,
S1,blue_surface_displacement,7.568889,0.9,mm,left_mm,2025-7-7 21:34,0.9,
S1,blue_surface_displacement,7.57,0.9,mm,left_mm,2025-7-7 21:34,0.9,
S1,blue_surface_displacement,7.571111,0.9,mm,left_mm,2025-7-7 21:34,0.9,
S1,blue_surface_displacement,7.572222,0.9,mm,left_mm,2025-7-7 21:34,0.9,
S1,blue_surface_displacement,7.573333,0.9,mm,left_mm,2025-7-7 21:34,0.9,
S1,blue_surface_displacement,7.574444,0.9,mm,left_mm,2025-7-7 21:34,0.9,
S1,blue_surface_displacement,7.575556,0.9,mm,left_mm,2025-7-7 21:34,0.9,
S1,blue_surface_displacement,7.576667,0.9,mm,left_mm,2025-7-7 21:34,0.9,
S1,blue_surface_displacement,7.577778,0.9,mm,left_mm,2025-7-7 21:34,0.9,
S1,blue_surface_displacement,7.578889,0.9,mm,left_mm,2025-7-7 21:34,0.9,
S1,blue_surface_displacement,7.58,0.9,mm,left_mm,2025-7-7 21:34,0.9,
S1,blue_surface_displacement,7.581111,0.9,mm,left_mm,2025-7-7 21:34,0.9,
S1,blue_surface_displacement,7.582222,0.9,mm,left_mm,2025-7-7 21:34,0.9,
S1,blue_surface_displacement,7.583333,0.9,mm,left_mm,2025-7-7 21:35,0.9,
S1,blue_surface_displacement,7.584444,0.9,mm,left_mm,2025-7-7 21:35,0.9,
S1,blue_surface_displacement,7.585556,0.9,mm,left_mm,2025-7-7 21:35,0.9,
S1,blue_surface_displacement,7.586667,0.9,mm,left_mm,2025-7-7 21:35,0.9,
S1,blue_surface_displacement,7.587778,0.9,mm,left_mm,2025-7-7 21:35,0.9,
S1,blue_surface_displacement,7.588889,0.9,mm,left_mm,2025-7-7 21:35,0.9,
S1,blue_surface_displacement,7.59,0.9,mm,left_mm,2025-7-7 21:35,0.9,
S1,blue_surface_displacement,7.591111,0.9,mm,left_mm,2025-7-7 21:35,0.9,
S1,blue_surface_displacement,7.592222,0.9,mm,left_mm,2025-7-7 21:35,0.9,
S1,blue_surface_displacement,7.593333,0.9,mm,left_mm,2025-7-7 21:35,0.9,
S1,blue_surface_displacement,7.594444,0.9,mm,left_mm,2025-7-7 21:35,0.9,
S1,blue_surface_displacement,7.595556,0.9,mm,left_mm,2025-7-7 21:35,0.9,
S1,blue_surface_displacement,7.596667,0.9,mm,left_mm,2025-7-7 21:35,0.9,
S1,blue_surface_displacement,7.597778,0.9,mm,left_mm,2025-7-7 21:35,0.9,
S1,blue_surface_displacement,7.598889,0.9,mm,left_mm,2025-7-7 21:35,0.9,
S1,blue_surface_displacement,7.6,0.9,mm,left_mm,2025-7-7 21:36,0.9,
S1,blue_surface_displacement,7.601111,0.9,mm,left_mm,2025-7-7 21:36,0.9,
S1,blue_surface_displacement,7.602222,0.9,mm,left_mm,2025-7-7 21:36,0.9,
S1,blue_surface_displacement,7.603333,0.9,mm,left_mm,2025-7-7 21:36,0.9,
S1,blue_surface_displacement,7.604444,0.9,mm,left_mm,2025-7-7 21:36,0.9,
S1,blue_surface_displacement,7.605556,0.9,mm,left_mm,2025-7-7 21:36,0.9,
S1,blue_surface_displacement,7.606667,0.9,mm,left_mm,2025-7-7 21:36,0.9,
S1,blue_surface_displacement,7.607778,0.9,mm,left_mm,2025-7-7 21:36,0.9,
S1,blue_surface_displacement,7.608889,0.9,mm,left_mm,2025-7-7 21:36,0.9,
S1,blue_surface_displacement,7.61,0.9,mm,left_mm,2025-7-7 21:36,0.9,
S1,blue_surface_displacement,7.611111,0.9,mm,left_mm,2025-7-7 21:36,0.9,
S1,blue_surface_displacement,7.612222,0.9,mm,left_mm,2025-7-7 21:36,0.9,
S1,blue_surface_displacement,7.613333,0.9,mm,left_mm,2025-7-7 21:36,0.9,
S1,blue_surface_displacement,7.614444,1.1,mm,left_mm,2025-7-7 21:36,1.1,
S1,blue_surface_displacement,7.615556,1.2,mm,left_mm,2025-7-7 21:36,1.2,
S1,blue_surface_displacement,7.616667,1.2,mm,left_mm,2025-7-7 21:37,1.2,
S1,blue_surface_displacement,7.617778,1.2,mm,left_mm,2025-7-7 21:37,1.2,
S1,blue_surface_displacement,7.618889,1.2,mm,left_mm,2025-7-7 21:37,1.2,
S1,blue_surface_displacement,7.62,1.2,mm,left_mm,2025-7-7 21:37,1.2,
S1,blue_surface_displacement,7.621111,1.2,mm,left_mm,2025-7-7 21:37,1.2,
S1,blue_surface_displacement,7.622222,1.2,mm,left_mm,2025-7-7 21:37,1.2,
S1,blue_surface_displacement,7.623333,1.2,mm,left_mm,2025-7-7 21:37,1.2,
S1,blue_surface_displacement,7.624444,1.2,mm,left_mm,2025-7-7 21:37,1.2,
S1,blue_surface_displacement,7.625556,1.2,mm,left_mm,2025-7-7 21:37,1.2,
S1,blue_surface_displacement,7.626667,1.2,mm,left_mm,2025-7-7 21:37,1.2,
S1,blue_surface_displacement,7.627778,1.2,mm,left_mm,2025-7-7 21:37,1.2,
S1,blue_surface_displacement,7.628889,1.2,mm,left_mm,2025-7-7 21:37,1.2,
S1,blue_surface_displacement,7.63,1.2,mm,left_mm,2025-7-7 21:37,1.2,
S1,blue_surface_displacement,7.631111,1.2,mm,left_mm,2025-7-7 21:37,1.2,
S1,blue_surface_displacement,7.632222,1.2,mm,left_mm,2025-7-7 21:37,1.2,
S1,blue_surface_displacement,7.633333,1.3,mm,left_mm,2025-7-7 21:38,1.3,
S1,blue_surface_displacement,7.634444,1.3,mm,left_mm,2025-7-7 21:38,1.3,
S1,blue_surface_displacement,7.635556,1.2,mm,left_mm,2025-7-7 21:38,1.2,
S1,blue_surface_displacement,7.636667,1.3,mm,left_mm,2025-7-7 21:38,1.3,
S1,blue_surface_displacement,7.637778,1.3,mm,left_mm,2025-7-7 21:38,1.3,
S1,blue_surface_displacement,7.638889,1.3,mm,left_mm,2025-7-7 21:38,1.3,
S1,blue_surface_displacement,7.64,1.3,mm,left_mm,2025-7-7 21:38,1.3,
S1,blue_surface_displacement,7.641111,1.4,mm,left_mm,2025-7-7 21:38,1.4,
S1,blue_surface_displacement,7.642222,1.4,mm,left_mm,2025-7-7 21:38,1.4,
S1,blue_surface_displacement,7.643333,1.4,mm,left_mm,2025-7-7 21:38,1.4,
S1,blue_surface_displacement,7.644444,1.5,mm,left_mm,2025-7-7 21:38,1.5,
S1,blue_surface_displacement,7.645556,1.5,mm,left_mm,2025-7-7 21:38,1.5,
S1,blue_surface_displacement,7.646667,1.5,mm,left_mm,2025-7-7 21:38,1.5,
S1,blue_surface_displacement,7.647778,1.5,mm,left_mm,2025-7-7 21:38,1.5,
S1,blue_surface_displacement,7.648889,1.5,mm,left_mm,2025-7-7 21:38,1.5,
S1,blue_surface_displacement,7.65,1.8,mm,left_mm,2025-7-7 21:39,1.8,
S1,blue_surface_displacement,7.651111,2,mm,left_mm,2025-7-7 21:39,2,
S1,blue_surface_displacement,7.652222,2,mm,left_mm,2025-7-7 21:39,2,
S1,blue_surface_displacement,7.653333,2,mm,left_mm,2025-7-7 21:39,2,
S1,blue_surface_displacement,7.654444,2,mm,left_mm,2025-7-7 21:39,2,
S1,blue_surface_displacement,7.655556,2,mm,left_mm,2025-7-7 21:39,2,
S1,blue_surface_displacement,7.656667,2,mm,left_mm,2025-7-7 21:39,2,
S1,blue_surface_displacement,7.657778,2,mm,left_mm,2025-7-7 21:39,2,
S1,blue_surface_displacement,7.658889,2,mm,left_mm,2025-7-7 21:39,2,
S1,blue_surface_displacement,7.66,2,mm,left_mm,2025-7-7 21:39,2,
S1,blue_surface_displacement,7.661111,2,mm,left_mm,2025-7-7 21:39,2,
S1,blue_surface_displacement,7.662222,2,mm,left_mm,2025-7-7 21:39,2,
S1,blue_surface_displacement,7.663333,2,mm,left_mm,2025-7-7 21:39,2,
S1,blue_surface_displacement,7.664444,2,mm,left_mm,2025-7-7 21:39,2,
S1,blue_surface_displacement,7.665556,2,mm,left_mm,2025-7-7 21:39,2,
S1,blue_surface_displacement,7.666667,2,mm,left_mm,2025-7-7 21:40,2,
S1,blue_surface_displacement,7.667778,2,mm,left_mm,2025-7-7 21:40,2,
S1,blue_surface_displacement,7.668889,2,mm,left_mm,2025-7-7 21:40,2,
S1,blue_surface_displacement,7.67,2,mm,left_mm,2025-7-7 21:40,2,
S1,blue_surface_displacement,7.671111,2,mm,left_mm,2025-7-7 21:40,2,
S1,blue_surface_displacement,7.672222,2,mm,left_mm,2025-7-7 21:40,2,
S1,blue_surface_displacement,7.673333,2,mm,left_mm,2025-7-7 21:40,2,
S1,blue_surface_displacement,7.674444,2,mm,left_mm,2025-7-7 21:40,2,
S1,blue_surface_displacement,7.675556,2,mm,left_mm,2025-7-7 21:40,2,
S1,blue_surface_displacement,7.676667,2,mm,left_mm,2025-7-7 21:40,2,
S1,blue_surface_displacement,7.677778,2,mm,left_mm,2025-7-7 21:40,2,
S1,blue_surface_displacement,7.678889,2,mm,left_mm,2025-7-7 21:40,2,
S1,blue_surface_displacement,7.68,2,mm,left_mm,2025-7-7 21:40,2,
S1,blue_surface_displacement,7.681111,2,mm,left_mm,2025-7-7 21:40,2,
S1,blue_surface_displacement,7.682222,2,mm,left_mm,2025-7-7 21:40,2,
S1,blue_surface_displacement,7.683333,2,mm,left_mm,2025-7-7 21:41,2,
S1,blue_surface_displacement,7.684444,2,mm,left_mm,2025-7-7 21:41,2,
S1,blue_surface_displacement,7.685556,2,mm,left_mm,2025-7-7 21:41,2,
S1,blue_surface_displacement,7.686667,2,mm,left_mm,2025-7-7 21:41,2,
S1,blue_surface_displacement,7.687778,2,mm,left_mm,2025-7-7 21:41,2,
S1,blue_surface_displacement,7.688889,2,mm,left_mm,2025-7-7 21:41,2,
S1,blue_surface_displacement,7.69,2,mm,left_mm,2025-7-7 21:41,2,
S1,blue_surface_displacement,7.691111,2,mm,left_mm,2025-7-7 21:41,2,
S1,blue_surface_displacement,7.692222,2,mm,left_mm,2025-7-7 21:41,2,
S1,blue_surface_displacement,7.693333,2,mm,left_mm,2025-7-7 21:41,2,
S1,blue_surface_displacement,7.694444,2,mm,left_mm,2025-7-7 21:41,2,
S1,blue_surface_displacement,7.695556,2,mm,left_mm,2025-7-7 21:41,2,
S1,blue_surface_displacement,7.696667,2,mm,left_mm,2025-7-7 21:41,2,
S1,blue_surface_displacement,7.697778,2,mm,left_mm,2025-7-7 21:41,2,
S1,blue_surface_displacement,7.698889,2,mm,left_mm,2025-7-7 21:41,2,
S1,blue_surface_displacement,7.7,2,mm,left_mm,2025-7-7 21:42,2,
S1,blue_surface_displacement,7.701111,2,mm,left_mm,2025-7-7 21:42,2,
S1,blue_surface_displacement,7.702222,2,mm,left_mm,2025-7-7 21:42,2,
S1,blue_surface_displacement,7.703333,2,mm,left_mm,2025-7-7 21:42,2,
S1,blue_surface_displacement,7.704444,2,mm,left_mm,2025-7-7 21:42,2,
S1,blue_surface_displacement,7.705556,2,mm,left_mm,2025-7-7 21:42,2,
S1,blue_surface_displacement,7.706667,2,mm,left_mm,2025-7-7 21:42,2,
S1,blue_surface_displacement,7.707778,2,mm,left_mm,2025-7-7 21:42,2,
S1,blue_surface_displacement,7.708889,2,mm,left_mm,2025-7-7 21:42,2,
S1,blue_surface_displacement,7.71,2,mm,left_mm,2025-7-7 21:42,2,
S1,blue_surface_displacement,7.711111,2,mm,left_mm,2025-7-7 21:42,2,
S1,blue_surface_displacement,7.712222,2,mm,left_mm,2025-7-7 21:42,2,
S1,blue_surface_displacement,7.713333,2,mm,left_mm,2025-7-7 21:42,2,
S1,blue_surface_displacement,7.714444,2,mm,left_mm,2025-7-7 21:42,2,
S1,blue_surface_displacement,7.715556,2,mm,left_mm,2025-7-7 21:42,2,
S1,blue_surface_displacement,7.716667,2,mm,left_mm,2025-7-7 21:43,2,
S1,blue_surface_displacement,7.717778,2,mm,left_mm,2025-7-7 21:43,2,
S1,blue_surface_displacement,7.718889,2,mm,left_mm,2025-7-7 21:43,2,
S1,blue_surface_displacement,7.72,2,mm,left_mm,2025-7-7 21:43,2,
S1,blue_surface_displacement,7.721111,2,mm,left_mm,2025-7-7 21:43,2,
S1,blue_surface_displacement,7.722222,2,mm,left_mm,2025-7-7 21:43,2,
S1,blue_surface_displacement,7.723333,2,mm,left_mm,2025-7-7 21:43,2,
S1,blue_surface_displacement,7.724444,2,mm,left_mm,2025-7-7 21:43,2,
S1,blue_surface_displacement,7.725556,2,mm,left_mm,2025-7-7 21:43,2,
S1,blue_surface_displacement,7.726667,2,mm,left_mm,2025-7-7 21:43,2,
S1,blue_surface_displacement,7.727778,2,mm,left_mm,2025-7-7 21:43,2,
S1,blue_surface_displacement,7.728889,2,mm,left_mm,2025-7-7 21:43,2,
S1,blue_surface_displacement,7.73,2,mm,left_mm,2025-7-7 21:43,2,
S1,blue_surface_displacement,7.731111,2,mm,left_mm,2025-7-7 21:43,2,
S1,blue_surface_displacement,7.732222,2,mm,left_mm,2025-7-7 21:43,2,
S1,blue_surface_displacement,7.733333,2,mm,left_mm,2025-7-7 21:44,2,
S1,blue_surface_displacement,7.734444,2,mm,left_mm,2025-7-7 21:44,2,
S1,blue_surface_displacement,7.735556,2,mm,left_mm,2025-7-7 21:44,2,
S1,blue_surface_displacement,7.736667,2,mm,left_mm,2025-7-7 21:44,2,
S1,blue_surface_displacement,7.737778,2,mm,left_mm,2025-7-7 21:44,2,
S1,blue_surface_displacement,7.738889,2,mm,left_mm,2025-7-7 21:44,2,
S1,blue_surface_displacement,7.74,2,mm,left_mm,2025-7-7 21:44,2,
S1,blue_surface_displacement,7.741111,2,mm,left_mm,2025-7-7 21:44,2,
S1,blue_surface_displacement,7.742222,2,mm,left_mm,2025-7-7 21:44,2,
S1,blue_surface_displacement,7.743333,2,mm,left_mm,2025-7-7 21:44,2,
S1,blue_surface_displacement,7.744444,2,mm,left_mm,2025-7-7 21:44,2,
S1,blue_surface_displacement,7.745556,2,mm,left_mm,2025-7-7 21:44,2,
S1,blue_surface_displacement,7.746667,2,mm,left_mm,2025-7-7 21:44,2,
S1,blue_surface_displacement,7.747778,2,mm,left_mm,2025-7-7 21:44,2,
S1,blue_surface_displacement,7.748889,2,mm,left_mm,2025-7-7 21:44,2,
S1,blue_surface_displacement,7.75,2,mm,left_mm,2025-7-7 21:45,2,
S1,blue_surface_displacement,7.751111,2,mm,left_mm,2025-7-7 21:45,2,
S1,blue_surface_displacement,7.752222,2,mm,left_mm,2025-7-7 21:45,2,
S1,blue_surface_displacement,7.753333,2,mm,left_mm,2025-7-7 21:45,2,
S1,blue_surface_displacement,7.754444,2,mm,left_mm,2025-7-7 21:45,2,
S1,blue_surface_displacement,7.755556,2,mm,left_mm,2025-7-7 21:45,2,
S1,blue_surface_displacement,7.756667,2,mm,left_mm,2025-7-7 21:45,2,
S1,blue_surface_displacement,7.757778,2,mm,left_mm,2025-7-7 21:45,2,
S1,blue_surface_displacement,7.758889,2,mm,left_mm,2025-7-7 21:45,2,
S1,blue_surface_displacement,7.76,2,mm,left_mm,2025-7-7 21:45,2,
S1,blue_surface_displacement,7.761111,2,mm,left_mm,2025-7-7 21:45,2,
S1,blue_surface_displacement,7.762222,2,mm,left_mm,2025-7-7 21:45,2,
S1,blue_surface_displacement,7.763333,2,mm,left_mm,2025-7-7 21:45,2,
S1,blue_surface_displacement,7.764444,2,mm,left_mm,2025-7-7 21:45,2,
S1,blue_surface_displacement,7.765556,2,mm,left_mm,2025-7-7 21:45,2,
S1,blue_surface_displacement,7.766667,2,mm,left_mm,2025-7-7 21:46,2,
S1,blue_surface_displacement,7.767778,2,mm,left_mm,2025-7-7 21:46,2,
S1,blue_surface_displacement,7.768889,2,mm,left_mm,2025-7-7 21:46,2,
S1,blue_surface_displacement,7.77,2,mm,left_mm,2025-7-7 21:46,2,
S1,blue_surface_displacement,7.771111,2,mm,left_mm,2025-7-7 21:46,2,
S1,blue_surface_displacement,7.772222,2,mm,left_mm,2025-7-7 21:46,2,
S1,blue_surface_displacement,7.773333,2,mm,left_mm,2025-7-7 21:46,2,
S1,blue_surface_displacement,7.774444,2,mm,left_mm,2025-7-7 21:46,2,
S1,blue_surface_displacement,7.775556,2,mm,left_mm,2025-7-7 21:46,2,
S1,blue_surface_displacement,7.776667,2,mm,left_mm,2025-7-7 21:46,2,
S1,blue_surface_displacement,7.777778,2,mm,left_mm,2025-7-7 21:46,2,
S1,blue_surface_displacement,7.778889,2,mm,left_mm,2025-7-7 21:46,2,
S1,blue_surface_displacement,7.78,2,mm,left_mm,2025-7-7 21:46,2,
S1,blue_surface_displacement,7.781111,2,mm,left_mm,2025-7-7 21:46,2,
S1,blue_surface_displacement,7.782222,2,mm,left_mm,2025-7-7 21:46,2,
S1,blue_surface_displacement,7.783333,2,mm,left_mm,2025-7-7 21:47,2,
S1,blue_surface_displacement,7.784444,2,mm,left_mm,2025-7-7 21:47,2,
S1,blue_surface_displacement,7.785556,2,mm,left_mm,2025-7-7 21:47,2,
S1,blue_surface_displacement,7.786667,2,mm,left_mm,2025-7-7 21:47,2,
S1,blue_surface_displacement,7.787778,2,mm,left_mm,2025-7-7 21:47,2,
S1,blue_surface_displacement,7.788889,2,mm,left_mm,2025-7-7 21:47,2,
S1,blue_surface_displacement,7.79,2,mm,left_mm,2025-7-7 21:47,2,
S1,blue_surface_displacement,7.791111,2,mm,left_mm,2025-7-7 21:47,2,
S1,blue_surface_displacement,7.792222,2,mm,left_mm,2025-7-7 21:47,2,
S1,blue_surface_displacement,7.793333,2,mm,left_mm,2025-7-7 21:47,2,
S1,blue_surface_displacement,7.794444,2,mm,left_mm,2025-7-7 21:47,2,
S1,blue_surface_displacement,7.795556,2,mm,left_mm,2025-7-7 21:47,2,
S1,blue_surface_displacement,7.796667,2,mm,left_mm,2025-7-7 21:47,2,
S1,blue_surface_displacement,7.797778,2,mm,left_mm,2025-7-7 21:47,2,
S1,blue_surface_displacement,7.798889,2,mm,left_mm,2025-7-7 21:47,2,
S1,blue_surface_displacement,7.8,2,mm,left_mm,2025-7-7 21:48,2,
S1,blue_surface_displacement,7.801111,2,mm,left_mm,2025-7-7 21:48,2,
S1,blue_surface_displacement,7.802222,2,mm,left_mm,2025-7-7 21:48,2,
S1,blue_surface_displacement,7.803333,2,mm,left_mm,2025-7-7 21:48,2,
S1,blue_surface_displacement,7.804444,2,mm,left_mm,2025-7-7 21:48,2,
S1,blue_surface_displacement,7.805556,2,mm,left_mm,2025-7-7 21:48,2,
S1,blue_surface_displacement,7.806667,2,mm,left_mm,2025-7-7 21:48,2,
S1,blue_surface_displacement,7.807778,2,mm,left_mm,2025-7-7 21:48,2,
S1,blue_surface_displacement,7.808889,2,mm,left_mm,2025-7-7 21:48,2,
S1,blue_surface_displacement,7.81,2,mm,left_mm,2025-7-7 21:48,2,
S1,blue_surface_displacement,7.811111,2,mm,left_mm,2025-7-7 21:48,2,
S1,blue_surface_displacement,7.812222,2,mm,left_mm,2025-7-7 21:48,2,
S1,blue_surface_displacement,7.813333,2,mm,left_mm,2025-7-7 21:48,2,
S1,blue_surface_displacement,7.814444,2,mm,left_mm,2025-7-7 21:48,2,
S1,blue_surface_displacement,7.815556,2,mm,left_mm,2025-7-7 21:48,2,
S1,blue_surface_displacement,7.816667,2,mm,left_mm,2025-7-7 21:49,2,
S1,blue_surface_displacement,7.817778,2,mm,left_mm,2025-7-7 21:49,2,
S1,blue_surface_displacement,7.818889,2,mm,left_mm,2025-7-7 21:49,2,
S1,blue_surface_displacement,7.82,2,mm,left_mm,2025-7-7 21:49,2,
S1,blue_surface_displacement,7.821111,2,mm,left_mm,2025-7-7 21:49,2,
S1,blue_surface_displacement,7.822222,2,mm,left_mm,2025-7-7 21:49,2,
S1,blue_surface_displacement,7.823333,2,mm,left_mm,2025-7-7 21:49,2,
S1,blue_surface_displacement,7.824444,2,mm,left_mm,2025-7-7 21:49,2,
S1,blue_surface_displacement,7.825556,2,mm,left_mm,2025-7-7 21:49,2,
S1,blue_surface_displacement,7.826667,2,mm,left_mm,2025-7-7 21:49,2,
S1,blue_surface_displacement,7.827778,2,mm,left_mm,2025-7-7 21:49,2,
S1,blue_surface_displacement,7.828889,2,mm,left_mm,2025-7-7 21:49,2,
S1,blue_surface_displacement,7.83,2,mm,left_mm,2025-7-7 21:49,2,
S1,blue_surface_displacement,7.831111,2,mm,left_mm,2025-7-7 21:49,2,
S1,blue_surface_displacement,7.832222,2,mm,left_mm,2025-7-7 21:49,2,
S1,blue_surface_displacement,7.833333,2,mm,left_mm,2025-7-7 21:50,2,
S1,blue_surface_displacement,7.834444,2,mm,left_mm,2025-7-7 21:50,2,
S1,blue_surface_displacement,7.835556,2,mm,left_mm,2025-7-7 21:50,2,
S1,blue_surface_displacement,7.836667,2,mm,left_mm,2025-7-7 21:50,2,
S1,blue_surface_displacement,7.837778,2,mm,left_mm,2025-7-7 21:50,2,
S1,blue_surface_displacement,7.838889,2,mm,left_mm,2025-7-7 21:50,2,
S1,blue_surface_displacement,7.84,2,mm,left_mm,2025-7-7 21:50,2,
S1,blue_surface_displacement,7.841111,2,mm,left_mm,2025-7-7 21:50,2,
S1,blue_surface_displacement,7.842222,2,mm,left_mm,2025-7-7 21:50,2,
S1,blue_surface_displacement,7.843333,2,mm,left_mm,2025-7-7 21:50,2,
S1,blue_surface_displacement,7.844444,2,mm,left_mm,2025-7-7 21:50,2,
S1,blue_surface_displacement,7.845556,2,mm,left_mm,2025-7-7 21:50,2,
S1,blue_surface_displacement,7.846667,2,mm,left_mm,2025-7-7 21:50,2,
S1,blue_surface_displacement,7.847778,2,mm,left_mm,2025-7-7 21:50,2,
S1,blue_surface_displacement,7.848889,2,mm,left_mm,2025-7-7 21:50,2,
S1,blue_surface_displacement,7.85,2,mm,left_mm,2025-7-7 21:51,2,
S1,blue_surface_displacement,7.851111,2,mm,left_mm,2025-7-7 21:51,2,
S1,blue_surface_displacement,7.852222,2,mm,left_mm,2025-7-7 21:51,2,
S1,blue_surface_displacement,7.853333,2,mm,left_mm,2025-7-7 21:51,2,
S1,blue_surface_displacement,7.854444,2,mm,left_mm,2025-7-7 21:51,2,
S1,blue_surface_displacement,7.855556,2,mm,left_mm,2025-7-7 21:51,2,
S1,blue_surface_displacement,7.856667,2,mm,left_mm,2025-7-7 21:51,2,
S1,blue_surface_displacement,7.857778,2,mm,left_mm,2025-7-7 21:51,2,
S1,blue_surface_displacement,7.858889,2,mm,left_mm,2025-7-7 21:51,2,
S1,blue_surface_displacement,7.86,2,mm,left_mm,2025-7-7 21:51,2,
S1,blue_surface_displacement,7.861111,2,mm,left_mm,2025-7-7 21:51,2,
S1,blue_surface_displacement,7.862222,2,mm,left_mm,2025-7-7 21:51,2,
S1,blue_surface_displacement,7.863333,2,mm,left_mm,2025-7-7 21:51,2,
S1,blue_surface_displacement,7.864444,2,mm,left_mm,2025-7-7 21:51,2,
S1,blue_surface_displacement,7.865556,2,mm,left_mm,2025-7-7 21:51,2,
S1,blue_surface_displacement,7.866667,2,mm,left_mm,2025-7-7 21:52,2,
S1,blue_surface_displacement,7.867778,2,mm,left_mm,2025-7-7 21:52,2,
S1,blue_surface_displacement,7.868889,2,mm,left_mm,2025-7-7 21:52,2,
S1,blue_surface_displacement,7.87,2,mm,left_mm,2025-7-7 21:52,2,
S1,blue_surface_displacement,7.871111,2,mm,left_mm,2025-7-7 21:52,2,
S1,blue_surface_displacement,7.872222,2,mm,left_mm,2025-7-7 21:52,2,
S1,blue_surface_displacement,7.873333,2,mm,left_mm,2025-7-7 21:52,2,
S1,blue_surface_displacement,7.874444,2.1,mm,left_mm,2025-7-7 21:52,2.1,
S1,blue_surface_displacement,7.875556,2.1,mm,left_mm,2025-7-7 21:52,2.1,
S1,blue_surface_displacement,7.876667,2.2,mm,left_mm,2025-7-7 21:52,2.2,
S1,blue_surface_displacement,7.877778,2.3,mm,left_mm,2025-7-7 21:52,2.3,
S1,blue_surface_displacement,7.878889,2.3,mm,left_mm,2025-7-7 21:52,2.3,
S1,blue_surface_displacement,7.88,2.3,mm,left_mm,2025-7-7 21:52,2.3,
S1,blue_surface_displacement,7.881111,2.3,mm,left_mm,2025-7-7 21:52,2.3,
S1,blue_surface_displacement,7.882222,2.3,mm,left_mm,2025-7-7 21:52,2.3,
S1,blue_surface_displacement,7.883333,2.3,mm,left_mm,2025-7-7 21:53,2.3,
S1,blue_surface_displacement,7.884444,2.3,mm,left_mm,2025-7-7 21:53,2.3,
S1,blue_surface_displacement,7.885556,2.3,mm,left_mm,2025-7-7 21:53,2.3,
S1,blue_surface_displacement,7.886667,2.4,mm,left_mm,2025-7-7 21:53,2.4,
S1,blue_surface_displacement,7.887778,2.3,mm,left_mm,2025-7-7 21:53,2.3,
S1,blue_surface_displacement,7.888889,2.3,mm,left_mm,2025-7-7 21:53,2.3,
S1,blue_surface_displacement,7.89,2.4,mm,left_mm,2025-7-7 21:53,2.4,
S1,blue_surface_displacement,7.891111,2.4,mm,left_mm,2025-7-7 21:53,2.4,
S1,blue_surface_displacement,7.892222,2.4,mm,left_mm,2025-7-7 21:53,2.4,
S1,blue_surface_displacement,7.893333,2.4,mm,left_mm,2025-7-7 21:53,2.4,
S1,blue_surface_displacement,7.894444,2.4,mm,left_mm,2025-7-7 21:53,2.4,
S1,blue_surface_displacement,7.895556,2.4,mm,left_mm,2025-7-7 21:53,2.4,
S1,blue_surface_displacement,7.896667,2.4,mm,left_mm,2025-7-7 21:53,2.4,
S1,blue_surface_displacement,7.897778,2.4,mm,left_mm,2025-7-7 21:53,2.4,
S1,blue_surface_displacement,7.898889,2.4,mm,left_mm,2025-7-7 21:53,2.4,
S1,blue_surface_displacement,7.9,2.4,mm,left_mm,2025-7-7 21:54,2.4,
S1,blue_surface_displacement,7.901111,2.5,mm,left_mm,2025-7-7 21:54,2.5,
S1,blue_surface_displacement,7.902222,2.5,mm,left_mm,2025-7-7 21:54,2.5,
S1,blue_surface_displacement,7.903333,2.5,mm,left_mm,2025-7-7 21:54,2.5,
S1,blue_surface_displacement,7.904444,2.5,mm,left_mm,2025-7-7 21:54,2.5,
S1,blue_surface_displacement,7.905556,2.5,mm,left_mm,2025-7-7 21:54,2.5,
S1,blue_surface_displacement,7.906667,2.6,mm,left_mm,2025-7-7 21:54,2.6,
S1,blue_surface_displacement,7.907778,2.6,mm,left_mm,2025-7-7 21:54,2.6,
S1,blue_surface_displacement,7.908889,2.7,mm,left_mm,2025-7-7 21:54,2.7,
S1,blue_surface_displacement,7.91,2.7,mm,left_mm,2025-7-7 21:54,2.7,
S1,blue_surface_displacement,7.911111,2.8,mm,left_mm,2025-7-7 21:54,2.8,
S1,blue_surface_displacement,7.912222,2.8,mm,left_mm,2025-7-7 21:54,2.8,
S1,blue_surface_displacement,7.913333,2.9,mm,left_mm,2025-7-7 21:54,2.9,
S1,blue_surface_displacement,7.914444,2.9,mm,left_mm,2025-7-7 21:54,2.9,
S1,blue_surface_displacement,7.915556,3,mm,left_mm,2025-7-7 21:54,3,
S1,blue_surface_displacement,7.916667,3.1,mm,left_mm,2025-7-7 21:55,3.1,
S1,blue_surface_displacement,7.917778,3.2,mm,left_mm,2025-7-7 21:55,3.2,
S1,blue_surface_displacement,7.918889,3.2,mm,left_mm,2025-7-7 21:55,3.2,
S1,blue_surface_displacement,7.92,3.1,mm,left_mm,2025-7-7 21:55,3.1,
S1,blue_surface_displacement,7.921111,3.1,mm,left_mm,2025-7-7 21:55,3.1,
S1,blue_surface_displacement,7.922222,3.2,mm,left_mm,2025-7-7 21:55,3.2,
S1,blue_surface_displacement,7.923333,3.2,mm,left_mm,2025-7-7 21:55,3.2,
S1,blue_surface_displacement,7.924444,3.2,mm,left_mm,2025-7-7 21:55,3.2,
S1,blue_surface_displacement,7.925556,3.2,mm,left_mm,2025-7-7 21:55,3.2,
S1,blue_surface_displacement,7.926667,3.2,mm,left_mm,2025-7-7 21:55,3.2,
S1,blue_surface_displacement,7.927778,3.2,mm,left_mm,2025-7-7 21:55,3.2,
S1,blue_surface_displacement,7.928889,3.2,mm,left_mm,2025-7-7 21:55,3.2,
S1,blue_surface_displacement,7.93,3.2,mm,left_mm,2025-7-7 21:55,3.2,
S1,blue_surface_displacement,7.931111,3.2,mm,left_mm,2025-7-7 21:55,3.2,
S1,blue_surface_displacement,7.932222,3.2,mm,left_mm,2025-7-7 21:55,3.2,
S1,blue_surface_displacement,7.933333,3.2,mm,left_mm,2025-7-7 21:56,3.2,
S1,blue_surface_displacement,7.934444,3.2,mm,left_mm,2025-7-7 21:56,3.2,
S1,blue_surface_displacement,7.935556,3.2,mm,left_mm,2025-7-7 21:56,3.2,
S1,blue_surface_displacement,7.936667,3.2,mm,left_mm,2025-7-7 21:56,3.2,
S1,blue_surface_displacement,7.937778,3.1,mm,left_mm,2025-7-7 21:56,3.1,
S1,blue_surface_displacement,7.938889,3.2,mm,left_mm,2025-7-7 21:56,3.2,
S1,blue_surface_displacement,7.94,3.2,mm,left_mm,2025-7-7 21:56,3.2,
S1,blue_surface_displacement,7.941111,3.1,mm,left_mm,2025-7-7 21:56,3.1,
S1,blue_surface_displacement,7.942222,3.2,mm,left_mm,2025-7-7 21:56,3.2,
S1,blue_surface_displacement,7.943333,3.2,mm,left_mm,2025-7-7 21:56,3.2,
S1,blue_surface_displacement,7.944444,3.2,mm,left_mm,2025-7-7 21:56,3.2,
S1,blue_surface_displacement,7.945556,3.1,mm,left_mm,2025-7-7 21:56,3.1,
S1,blue_surface_displacement,7.946667,3.2,mm,left_mm,2025-7-7 21:56,3.2,
S1,blue_surface_displacement,7.947778,3.1,mm,left_mm,2025-7-7 21:56,3.1,
S1,blue_surface_displacement,7.948889,3.1,mm,left_mm,2025-7-7 21:56,3.1,
S1,blue_surface_displacement,7.95,3.2,mm,left_mm,2025-7-7 21:57,3.2,
S1,blue_surface_displacement,7.951111,3.2,mm,left_mm,2025-7-7 21:57,3.2,
S1,blue_surface_displacement,7.952222,3.2,mm,left_mm,2025-7-7 21:57,3.2,
S1,blue_surface_displacement,7.953333,3.2,mm,left_mm,2025-7-7 21:57,3.2,
S1,blue_surface_displacement,7.954444,3.2,mm,left_mm,2025-7-7 21:57,3.2,
S1,blue_surface_displacement,7.955556,3.2,mm,left_mm,2025-7-7 21:57,3.2,
S1,blue_surface_displacement,7.956667,3.2,mm,left_mm,2025-7-7 21:57,3.2,
S1,blue_surface_displacement,7.957778,3.2,mm,left_mm,2025-7-7 21:57,3.2,
S1,blue_surface_displacement,7.958889,3.1,mm,left_mm,2025-7-7 21:57,3.1,
S1,blue_surface_displacement,7.96,3.2,mm,left_mm,2025-7-7 21:57,3.2,
S1,blue_surface_displacement,7.961111,3.2,mm,left_mm,2025-7-7 21:57,3.2,
S1,blue_surface_displacement,7.962222,3.1,mm,left_mm,2025-7-7 21:57,3.1,
S1,blue_surface_displacement,7.963333,3.1,mm,left_mm,2025-7-7 21:57,3.1,
S1,blue_surface_displacement,7.964444,3.2,mm,left_mm,2025-7-7 21:57,3.2,
S1,blue_surface_displacement,7.965556,3.1,mm,left_mm,2025-7-7 21:57,3.1,
S1,blue_surface_displacement,7.966667,3.2,mm,left_mm,2025-7-7 21:58,3.2,
S1,blue_surface_displacement,7.967778,3.2,mm,left_mm,2025-7-7 21:58,3.2,
S1,blue_surface_displacement,7.968889,3.1,mm,left_mm,2025-7-7 21:58,3.1,
S1,blue_surface_displacement,7.97,3.1,mm,left_mm,2025-7-7 21:58,3.1,
S1,blue_surface_displacement,7.971111,3.2,mm,left_mm,2025-7-7 21:58,3.2,
S1,blue_surface_displacement,7.972222,3.2,mm,left_mm,2025-7-7 21:58,3.2,
S1,blue_surface_displacement,7.973333,3.1,mm,left_mm,2025-7-7 21:58,3.1,
S1,blue_surface_displacement,7.974444,3.1,mm,left_mm,2025-7-7 21:58,3.1,
S1,blue_surface_displacement,7.975556,3.1,mm,left_mm,2025-7-7 21:58,3.1,
S1,blue_surface_displacement,7.976667,3.1,mm,left_mm,2025-7-7 21:58,3.1,
S1,blue_surface_displacement,7.977778,3.1,mm,left_mm,2025-7-7 21:58,3.1,
S1,blue_surface_displacement,7.978889,3.1,mm,left_mm,2025-7-7 21:58,3.1,
S1,blue_surface_displacement,7.98,3.2,mm,left_mm,2025-7-7 21:58,3.2,
S1,blue_surface_displacement,7.981111,3.1,mm,left_mm,2025-7-7 21:58,3.1,
S1,blue_surface_displacement,7.982222,3.1,mm,left_mm,2025-7-7 21:58,3.1,
S1,blue_surface_displacement,7.983333,3.1,mm,left_mm,2025-7-7 21:59,3.1,
S1,blue_surface_displacement,7.984444,3.1,mm,left_mm,2025-7-7 21:59,3.1,
S1,blue_surface_displacement,7.985556,3.1,mm,left_mm,2025-7-7 21:59,3.1,
S1,blue_surface_displacement,7.986667,3.1,mm,left_mm,2025-7-7 21:59,3.1,
S1,blue_surface_displacement,7.987778,3.1,mm,left_mm,2025-7-7 21:59,3.1,
S1,blue_surface_displacement,7.988889,3.1,mm,left_mm,2025-7-7 21:59,3.1,
S1,blue_surface_displacement,7.99,3.1,mm,left_mm,2025-7-7 21:59,3.1,
S1,blue_surface_displacement,7.991111,3.1,mm,left_mm,2025-7-7 21:59,3.1,
S1,blue_surface_displacement,7.992222,3.1,mm,left_mm,2025-7-7 21:59,3.1,
S1,blue_surface_displacement,7.993333,3.1,mm,left_mm,2025-7-7 21:59,3.1,
S1,blue_surface_displacement,7.994444,3.1,mm,left_mm,2025-7-7 21:59,3.1,
S1,blue_surface_displacement,7.995556,3.1,mm,left_mm,2025-7-7 21:59,3.1,
S1,blue_surface_displacement,7.996667,3.2,mm,left_mm,2025-7-7 21:59,3.2,
S1,blue_surface_displacement,7.997778,3.1,mm,left_mm,2025-7-7 21:59,3.1,
S1,blue_surface_displacement,7.998889,3.2,mm,left_mm,2025-7-7 21:59,3.2,
S1,blue_surface_displacement,8,3.1,mm,left_mm,2025-7-7 22:00,3.1,
S1,blue_surface_displacement,8.001111,3.1,mm,left_mm,2025-7-7 22:00,3.1,
S1,blue_surface_displacement,8.002222,3.1,mm,left_mm,2025-7-7 22:00,3.1,
S1,blue_surface_displacement,8.003333,3.1,mm,left_mm,2025-7-7 22:00,3.1,
S1,blue_surface_displacement,8.004444,3.1,mm,left_mm,2025-7-7 22:00,3.1,
S1,blue_surface_displacement,8.005556,3.1,mm,left_mm,2025-7-7 22:00,3.1,
S1,blue_surface_displacement,8.006667,3.1,mm,left_mm,2025-7-7 22:00,3.1,
S1,blue_surface_displacement,8.007778,3.1,mm,left_mm,2025-7-7 22:00,3.1,
S1,blue_surface_displacement,8.008889,3.2,mm,left_mm,2025-7-7 22:00,3.2,
S1,blue_surface_displacement,8.01,3.1,mm,left_mm,2025-7-7 22:00,3.1,
S1,blue_surface_displacement,8.011111,3.2,mm,left_mm,2025-7-7 22:00,3.2,
S1,blue_surface_displacement,8.012222,3.1,mm,left_mm,2025-7-7 22:00,3.1,
S1,blue_surface_displacement,8.013333,3.1,mm,left_mm,2025-7-7 22:00,3.1,
S1,blue_surface_displacement,8.014444,3.1,mm,left_mm,2025-7-7 22:00,3.1,
S1,blue_surface_displacement,8.015556,3.1,mm,left_mm,2025-7-7 22:00,3.1,
S1,blue_surface_displacement,8.016667,3.2,mm,left_mm,2025-7-7 22:01,3.2,
S1,blue_surface_displacement,8.017778,3.1,mm,left_mm,2025-7-7 22:01,3.1,
S1,blue_surface_displacement,8.018889,3.1,mm,left_mm,2025-7-7 22:01,3.1,
S1,blue_surface_displacement,8.02,3.1,mm,left_mm,2025-7-7 22:01,3.1,
S1,blue_surface_displacement,8.021111,3.1,mm,left_mm,2025-7-7 22:01,3.1,
S1,blue_surface_displacement,8.022222,3.2,mm,left_mm,2025-7-7 22:01,3.2,
S1,blue_surface_displacement,8.023333,3.2,mm,left_mm,2025-7-7 22:01,3.2,
S1,blue_surface_displacement,8.024444,3.1,mm,left_mm,2025-7-7 22:01,3.1,
S1,blue_surface_displacement,8.025556,3.1,mm,left_mm,2025-7-7 22:01,3.1,
S1,blue_surface_displacement,8.026667,3.1,mm,left_mm,2025-7-7 22:01,3.1,
S1,blue_surface_displacement,8.027778,3.2,mm,left_mm,2025-7-7 22:01,3.2,
S1,blue_surface_displacement,8.028889,3.1,mm,left_mm,2025-7-7 22:01,3.1,
S1,blue_surface_displacement,8.03,3.1,mm,left_mm,2025-7-7 22:01,3.1,
S1,blue_surface_displacement,8.031111,3.1,mm,left_mm,2025-7-7 22:01,3.1,
S1,blue_surface_displacement,8.032222,3.2,mm,left_mm,2025-7-7 22:01,3.2,
S1,blue_surface_displacement,8.033333,3.1,mm,left_mm,2025-7-7 22:02,3.1,
S1,blue_surface_displacement,8.034444,3.2,mm,left_mm,2025-7-7 22:02,3.2,
S1,blue_surface_displacement,8.035556,3.2,mm,left_mm,2025-7-7 22:02,3.2,
S1,blue_surface_displacement,8.036667,3.1,mm,left_mm,2025-7-7 22:02,3.1,
S1,blue_surface_displacement,8.037778,3.2,mm,left_mm,2025-7-7 22:02,3.2,
S1,blue_surface_displacement,8.038889,3.1,mm,left_mm,2025-7-7 22:02,3.1,
S1,blue_surface_displacement,8.04,3.1,mm,left_mm,2025-7-7 22:02,3.1,
S1,blue_surface_displacement,8.041111,3.1,mm,left_mm,2025-7-7 22:02,3.1,
S1,blue_surface_displacement,8.042222,3.2,mm,left_mm,2025-7-7 22:02,3.2,
S1,blue_surface_displacement,8.043333,3.1,mm,left_mm,2025-7-7 22:02,3.1,
S1,blue_surface_displacement,8.044444,3.2,mm,left_mm,2025-7-7 22:02,3.2,
S1,blue_surface_displacement,8.045556,3.1,mm,left_mm,2025-7-7 22:02,3.1,
S1,blue_surface_displacement,8.046667,3.2,mm,left_mm,2025-7-7 22:02,3.2,
S1,blue_surface_displacement,8.047778,3.2,mm,left_mm,2025-7-7 22:02,3.2,
S1,blue_surface_displacement,8.048889,3.2,mm,left_mm,2025-7-7 22:02,3.2,
S1,blue_surface_displacement,8.05,3.1,mm,left_mm,2025-7-7 22:03,3.1,
S1,blue_surface_displacement,8.051111,3.1,mm,left_mm,2025-7-7 22:03,3.1,
S1,blue_surface_displacement,8.052222,3.1,mm,left_mm,2025-7-7 22:03,3.1,
S1,blue_surface_displacement,8.053333,3.1,mm,left_mm,2025-7-7 22:03,3.1,
S1,blue_surface_displacement,8.054444,3.2,mm,left_mm,2025-7-7 22:03,3.2,
S1,blue_surface_displacement,8.055556,3.1,mm,left_mm,2025-7-7 22:03,3.1,
S1,blue_surface_displacement,8.056667,3.2,mm,left_mm,2025-7-7 22:03,3.2,
S1,blue_surface_displacement,8.057778,3.2,mm,left_mm,2025-7-7 22:03,3.2,
S1,blue_surface_displacement,8.058889,3.1,mm,left_mm,2025-7-7 22:03,3.1,
S1,blue_surface_displacement,8.06,3.1,mm,left_mm,2025-7-7 22:03,3.1,
S1,blue_surface_displacement,8.061111,3.1,mm,left_mm,2025-7-7 22:03,3.1,
S1,blue_surface_displacement,8.062222,3.1,mm,left_mm,2025-7-7 22:03,3.1,
S1,blue_surface_displacement,8.063333,3.2,mm,left_mm,2025-7-7 22:03,3.2,
S1,blue_surface_displacement,8.064444,3.1,mm,left_mm,2025-7-7 22:03,3.1,
S1,blue_surface_displacement,8.065556,3.2,mm,left_mm,2025-7-7 22:03,3.2,
S1,blue_surface_displacement,8.066667,3.1,mm,left_mm,2025-7-7 22:04,3.1,
S1,blue_surface_displacement,8.067778,3.2,mm,left_mm,2025-7-7 22:04,3.2,
S1,blue_surface_displacement,8.068889,3.2,mm,left_mm,2025-7-7 22:04,3.2,
S1,blue_surface_displacement,8.07,3.2,mm,left_mm,2025-7-7 22:04,3.2,
S1,blue_surface_displacement,8.071111,3.1,mm,left_mm,2025-7-7 22:04,3.1,
S1,blue_surface_displacement,8.072222,3.1,mm,left_mm,2025-7-7 22:04,3.1,
S1,blue_surface_displacement,8.073333,3.1,mm,left_mm,2025-7-7 22:04,3.1,
S1,blue_surface_displacement,8.074444,3.2,mm,left_mm,2025-7-7 22:04,3.2,
S1,blue_surface_displacement,8.075556,3.2,mm,left_mm,2025-7-7 22:04,3.2,
S1,blue_surface_displacement,8.076667,3.1,mm,left_mm,2025-7-7 22:04,3.1,
S1,blue_surface_displacement,8.077778,3.1,mm,left_mm,2025-7-7 22:04,3.1,
S1,blue_surface_displacement,8.078889,3.1,mm,left_mm,2025-7-7 22:04,3.1,
S1,blue_surface_displacement,8.08,3.1,mm,left_mm,2025-7-7 22:04,3.1,
S1,blue_surface_displacement,8.081111,3.2,mm,left_mm,2025-7-7 22:04,3.2,
S1,blue_surface_displacement,8.082222,3.2,mm,left_mm,2025-7-7 22:04,3.2,
S1,blue_surface_displacement,8.083333,3.2,mm,left_mm,2025-7-7 22:05,3.2,
S1,blue_surface_displacement,8.084444,3.2,mm,left_mm,2025-7-7 22:05,3.2,
S1,blue_surface_displacement,8.085556,3.1,mm,left_mm,2025-7-7 22:05,3.1,
S1,blue_surface_displacement,8.086667,3.1,mm,left_mm,2025-7-7 22:05,3.1,
S1,blue_surface_displacement,8.087778,3.2,mm,left_mm,2025-7-7 22:05,3.2,
S1,blue_surface_displacement,8.088889,3.2,mm,left_mm,2025-7-7 22:05,3.2,
S1,blue_surface_displacement,8.09,3.1,mm,left_mm,2025-7-7 22:05,3.1,
S1,blue_surface_displacement,8.091111,3.1,mm,left_mm,2025-7-7 22:05,3.1,
S1,blue_surface_displacement,8.092222,3.1,mm,left_mm,2025-7-7 22:05,3.1,
S1,blue_surface_displacement,8.093333,3.1,mm,left_mm,2025-7-7 22:05,3.1,
S1,blue_surface_displacement,8.094444,3.1,mm,left_mm,2025-7-7 22:05,3.1,
S1,blue_surface_displacement,8.095556,3.2,mm,left_mm,2025-7-7 22:05,3.2,
S1,blue_surface_displacement,8.096667,3.1,mm,left_mm,2025-7-7 22:05,3.1,
S1,blue_surface_displacement,8.097778,3.2,mm,left_mm,2025-7-7 22:05,3.2,
S1,blue_surface_displacement,8.098889,3.2,mm,left_mm,2025-7-7 22:05,3.2,
S1,blue_surface_displacement,8.1,3.1,mm,left_mm,2025-7-7 22:06,3.1,
S1,blue_surface_displacement,8.101111,3.2,mm,left_mm,2025-7-7 22:06,3.2,
S1,blue_surface_displacement,8.102222,3.1,mm,left_mm,2025-7-7 22:06,3.1,
S1,blue_surface_displacement,8.103333,3.2,mm,left_mm,2025-7-7 22:06,3.2,
S1,blue_surface_displacement,8.104444,3.1,mm,left_mm,2025-7-7 22:06,3.1,
S1,blue_surface_displacement,8.105556,3.1,mm,left_mm,2025-7-7 22:06,3.1,
S1,blue_surface_displacement,8.106667,3.2,mm,left_mm,2025-7-7 22:06,3.2,
S1,blue_surface_displacement,8.107778,3.2,mm,left_mm,2025-7-7 22:06,3.2,
S1,blue_surface_displacement,8.108889,3.2,mm,left_mm,2025-7-7 22:06,3.2,
S1,blue_surface_displacement,8.11,3.2,mm,left_mm,2025-7-7 22:06,3.2,
S1,blue_surface_displacement,8.111111,3.1,mm,left_mm,2025-7-7 22:06,3.1,
S1,blue_surface_displacement,8.112222,3.1,mm,left_mm,2025-7-7 22:06,3.1,
S1,blue_surface_displacement,8.113333,3.1,mm,left_mm,2025-7-7 22:06,3.1,
S1,blue_surface_displacement,8.114444,3.2,mm,left_mm,2025-7-7 22:06,3.2,
S1,blue_surface_displacement,8.115556,3.2,mm,left_mm,2025-7-7 22:06,3.2,
S1,blue_surface_displacement,8.116667,3.2,mm,left_mm,2025-7-7 22:07,3.2,
S1,blue_surface_displacement,8.117778,3.2,mm,left_mm,2025-7-7 22:07,3.2,
S1,blue_surface_displacement,8.118889,3.2,mm,left_mm,2025-7-7 22:07,3.2,
S1,blue_surface_displacement,8.12,3.2,mm,left_mm,2025-7-7 22:07,3.2,
S1,blue_surface_displacement,8.121111,3.2,mm,left_mm,2025-7-7 22:07,3.2,
S1,blue_surface_displacement,8.122222,3.2,mm,left_mm,2025-7-7 22:07,3.2,
S1,blue_surface_displacement,8.123333,3.2,mm,left_mm,2025-7-7 22:07,3.2,
S1,blue_surface_displacement,8.124444,3.2,mm,left_mm,2025-7-7 22:07,3.2,
S1,blue_surface_displacement,8.125556,3.2,mm,left_mm,2025-7-7 22:07,3.2,
S1,blue_surface_displacement,8.126667,3.2,mm,left_mm,2025-7-7 22:07,3.2,
S1,blue_surface_displacement,8.127778,3.2,mm,left_mm,2025-7-7 22:07,3.2,
S1,blue_surface_displacement,8.128889,3.2,mm,left_mm,2025-7-7 22:07,3.2,
S1,blue_surface_displacement,8.13,3.2,mm,left_mm,2025-7-7 22:07,3.2,
S1,blue_surface_displacement,8.131111,3.2,mm,left_mm,2025-7-7 22:07,3.2,
S1,blue_surface_displacement,8.132222,3.2,mm,left_mm,2025-7-7 22:07,3.2,
S1,blue_surface_displacement,8.133333,3.2,mm,left_mm,2025-7-7 22:08,3.2,
S1,blue_surface_displacement,8.134444,3.2,mm,left_mm,2025-7-7 22:08,3.2,
S1,blue_surface_displacement,8.135556,3.2,mm,left_mm,2025-7-7 22:08,3.2,
S1,blue_surface_displacement,8.136667,3.2,mm,left_mm,2025-7-7 22:08,3.2,
S1,blue_surface_displacement,8.137778,3.2,mm,left_mm,2025-7-7 22:08,3.2,
S1,blue_surface_displacement,8.138889,3.2,mm,left_mm,2025-7-7 22:08,3.2,
S1,blue_surface_displacement,8.14,3.2,mm,left_mm,2025-7-7 22:08,3.2,
S1,blue_surface_displacement,8.141111,3.2,mm,left_mm,2025-7-7 22:08,3.2,
S1,blue_surface_displacement,8.142222,3.2,mm,left_mm,2025-7-7 22:08,3.2,
S1,blue_surface_displacement,8.143333,3.2,mm,left_mm,2025-7-7 22:08,3.2,
S1,blue_surface_displacement,8.144444,3.2,mm,left_mm,2025-7-7 22:08,3.2,
S1,blue_surface_displacement,8.145556,3.2,mm,left_mm,2025-7-7 22:08,3.2,
S1,blue_surface_displacement,8.146667,3.1,mm,left_mm,2025-7-7 22:08,3.1,
S1,blue_surface_displacement,8.147778,3.2,mm,left_mm,2025-7-7 22:08,3.2,
S1,blue_surface_displacement,8.148889,3.2,mm,left_mm,2025-7-7 22:08,3.2,
S1,blue_surface_displacement,8.15,3.1,mm,left_mm,2025-7-7 22:09,3.1,
S1,blue_surface_displacement,8.151111,3.2,mm,left_mm,2025-7-7 22:09,3.2,
S1,blue_surface_displacement,8.152222,3.2,mm,left_mm,2025-7-7 22:09,3.2,
S1,blue_surface_displacement,8.153333,3.2,mm,left_mm,2025-7-7 22:09,3.2,
S1,blue_surface_displacement,8.154444,3.1,mm,left_mm,2025-7-7 22:09,3.1,
S1,blue_surface_displacement,8.155556,3.2,mm,left_mm,2025-7-7 22:09,3.2,
S1,blue_surface_displacement,8.156667,3.2,mm,left_mm,2025-7-7 22:09,3.2,
S1,blue_surface_displacement,8.157778,3.2,mm,left_mm,2025-7-7 22:09,3.2,
S1,blue_surface_displacement,8.158889,3.2,mm,left_mm,2025-7-7 22:09,3.2,
S1,blue_surface_displacement,8.16,3.1,mm,left_mm,2025-7-7 22:09,3.1,
S1,blue_surface_displacement,8.161111,3.2,mm,left_mm,2025-7-7 22:09,3.2,
S1,blue_surface_displacement,8.162222,3.2,mm,left_mm,2025-7-7 22:09,3.2,
S1,blue_surface_displacement,8.163333,3.2,mm,left_mm,2025-7-7 22:09,3.2,
S1,blue_surface_displacement,8.164444,3.2,mm,left_mm,2025-7-7 22:09,3.2,
S1,blue_surface_displacement,8.165556,3.1,mm,left_mm,2025-7-7 22:09,3.1,
S1,blue_surface_displacement,8.166667,3.2,mm,left_mm,2025-7-7 22:10,3.2,
S1,blue_surface_displacement,8.167778,3.2,mm,left_mm,2025-7-7 22:10,3.2,
S1,blue_surface_displacement,8.168889,3.2,mm,left_mm,2025-7-7 22:10,3.2,
S1,blue_surface_displacement,8.17,3.2,mm,left_mm,2025-7-7 22:10,3.2,
S1,blue_surface_displacement,8.171111,3.1,mm,left_mm,2025-7-7 22:10,3.1,
S1,blue_surface_displacement,8.172222,3.1,mm,left_mm,2025-7-7 22:10,3.1,
S1,blue_surface_displacement,8.173333,3.2,mm,left_mm,2025-7-7 22:10,3.2,
S1,blue_surface_displacement,8.174444,3.4,mm,left_mm,2025-7-7 22:10,3.4,
S1,blue_surface_displacement,8.175556,3.4,mm,left_mm,2025-7-7 22:10,3.4,
S1,blue_surface_displacement,8.176667,3.4,mm,left_mm,2025-7-7 22:10,3.4,
S1,blue_surface_displacement,8.177778,3.5,mm,left_mm,2025-7-7 22:10,3.5,
S1,blue_surface_displacement,8.178889,3.5,mm,left_mm,2025-7-7 22:10,3.5,
S1,blue_surface_displacement,8.18,3.6,mm,left_mm,2025-7-7 22:10,3.6,
S1,blue_surface_displacement,8.181111,3.6,mm,left_mm,2025-7-7 22:10,3.6,
S1,blue_surface_displacement,8.182222,3.6,mm,left_mm,2025-7-7 22:10,3.6,
S1,blue_surface_displacement,8.183333,3.6,mm,left_mm,2025-7-7 22:11,3.6,
S1,blue_surface_displacement,8.184444,3.7,mm,left_mm,2025-7-7 22:11,3.7,
S1,blue_surface_displacement,8.185556,3.7,mm,left_mm,2025-7-7 22:11,3.7,
S1,blue_surface_displacement,8.186667,3.7,mm,left_mm,2025-7-7 22:11,3.7,
S1,blue_surface_displacement,8.187778,3.7,mm,left_mm,2025-7-7 22:11,3.7,
S1,blue_surface_displacement,8.188889,3.7,mm,left_mm,2025-7-7 22:11,3.7,
S1,blue_surface_displacement,8.19,3.7,mm,left_mm,2025-7-7 22:11,3.7,
S1,blue_surface_displacement,8.191111,3.7,mm,left_mm,2025-7-7 22:11,3.7,
S1,blue_surface_displacement,8.192222,3.7,mm,left_mm,2025-7-7 22:11,3.7,
S1,blue_surface_displacement,8.193333,3.7,mm,left_mm,2025-7-7 22:11,3.7,
S1,blue_surface_displacement,8.194444,3.9,mm,left_mm,2025-7-7 22:11,3.9,
S1,blue_surface_displacement,8.195556,4,mm,left_mm,2025-7-7 22:11,4,
S1,blue_surface_displacement,8.196667,4.1,mm,left_mm,2025-7-7 22:11,4.1,
S1,blue_surface_displacement,8.197778,4.3,mm,left_mm,2025-7-7 22:11,4.3,
S1,blue_surface_displacement,8.198889,4.3,mm,left_mm,2025-7-7 22:11,4.3,
S1,blue_surface_displacement,8.2,4.3,mm,left_mm,2025-7-7 22:12,4.3,
S1,blue_surface_displacement,8.201111,4.3,mm,left_mm,2025-7-7 22:12,4.3,
S1,blue_surface_displacement,8.202222,4.3,mm,left_mm,2025-7-7 22:12,4.3,
S1,blue_surface_displacement,8.203333,4.3,mm,left_mm,2025-7-7 22:12,4.3,
S1,blue_surface_displacement,8.204444,4.3,mm,left_mm,2025-7-7 22:12,4.3,
S1,blue_surface_displacement,8.205556,4.3,mm,left_mm,2025-7-7 22:12,4.3,
S1,blue_surface_displacement,8.206667,4.3,mm,left_mm,2025-7-7 22:12,4.3,
S1,blue_surface_displacement,8.207778,4.3,mm,left_mm,2025-7-7 22:12,4.3,
S1,blue_surface_displacement,8.208889,4.3,mm,left_mm,2025-7-7 22:12,4.3,
S1,blue_surface_displacement,8.21,4.3,mm,left_mm,2025-7-7 22:12,4.3,
S1,blue_surface_displacement,8.211111,4.3,mm,left_mm,2025-7-7 22:12,4.3,
S1,blue_surface_displacement,8.212222,4.3,mm,left_mm,2025-7-7 22:12,4.3,
S1,blue_surface_displacement,8.213333,4.3,mm,left_mm,2025-7-7 22:12,4.3,
S1,blue_surface_displacement,8.214444,4.3,mm,left_mm,2025-7-7 22:12,4.3,
S1,blue_surface_displacement,8.215556,4.3,mm,left_mm,2025-7-7 22:12,4.3,
S1,blue_surface_displacement,8.216667,4.3,mm,left_mm,2025-7-7 22:13,4.3,
S1,blue_surface_displacement,8.217778,4.3,mm,left_mm,2025-7-7 22:13,4.3,
S1,blue_surface_displacement,8.218889,4.3,mm,left_mm,2025-7-7 22:13,4.3,
S1,blue_surface_displacement,8.22,4.3,mm,left_mm,2025-7-7 22:13,4.3,
S1,blue_surface_displacement,8.221111,4.3,mm,left_mm,2025-7-7 22:13,4.3,
S1,blue_surface_displacement,8.222222,4.3,mm,left_mm,2025-7-7 22:13,4.3,
S1,blue_surface_displacement,8.223333,4.3,mm,left_mm,2025-7-7 22:13,4.3,
S1,blue_surface_displacement,8.224444,4.3,mm,left_mm,2025-7-7 22:13,4.3,
S1,blue_surface_displacement,8.225556,4.3,mm,left_mm,2025-7-7 22:13,4.3,
S1,blue_surface_displacement,8.226667,4.3,mm,left_mm,2025-7-7 22:13,4.3,
S1,blue_surface_displacement,8.227778,4.3,mm,left_mm,2025-7-7 22:13,4.3,
S1,blue_surface_displacement,8.228889,4.3,mm,left_mm,2025-7-7 22:13,4.3,
S1,blue_surface_displacement,8.23,4.3,mm,left_mm,2025-7-7 22:13,4.3,
S1,blue_surface_displacement,8.231111,4.3,mm,left_mm,2025-7-7 22:13,4.3,
S1,blue_surface_displacement,8.232222,4.3,mm,left_mm,2025-7-7 22:13,4.3,
S1,blue_surface_displacement,8.233333,4.3,mm,left_mm,2025-7-7 22:14,4.3,
S1,blue_surface_displacement,8.234444,4.3,mm,left_mm,2025-7-7 22:14,4.3,
S1,blue_surface_displacement,8.235556,4.3,mm,left_mm,2025-7-7 22:14,4.3,
S1,blue_surface_displacement,8.236667,4.3,mm,left_mm,2025-7-7 22:14,4.3,
S1,blue_surface_displacement,8.237778,4.3,mm,left_mm,2025-7-7 22:14,4.3,
S1,blue_surface_displacement,8.238889,4.3,mm,left_mm,2025-7-7 22:14,4.3,
S1,blue_surface_displacement,8.24,4.3,mm,left_mm,2025-7-7 22:14,4.3,
S1,blue_surface_displacement,8.241111,4.3,mm,left_mm,2025-7-7 22:14,4.3,
S1,blue_surface_displacement,8.242222,4.3,mm,left_mm,2025-7-7 22:14,4.3,
S1,blue_surface_displacement,8.243333,4.3,mm,left_mm,2025-7-7 22:14,4.3,
S1,blue_surface_displacement,8.244444,4.3,mm,left_mm,2025-7-7 22:14,4.3,
S1,blue_surface_displacement,8.245556,4.3,mm,left_mm,2025-7-7 22:14,4.3,
S1,blue_surface_displacement,8.246667,4.3,mm,left_mm,2025-7-7 22:14,4.3,
S1,blue_surface_displacement,8.247778,4.3,mm,left_mm,2025-7-7 22:14,4.3,
S1,blue_surface_displacement,8.248889,4.3,mm,left_mm,2025-7-7 22:14,4.3,
S1,blue_surface_displacement,8.25,4.3,mm,left_mm,2025-7-7 22:15,4.3,
S1,blue_surface_displacement,8.251111,4.3,mm,left_mm,2025-7-7 22:15,4.3,
S1,blue_surface_displacement,8.252222,4.3,mm,left_mm,2025-7-7 22:15,4.3,
S1,blue_surface_displacement,8.253333,4.3,mm,left_mm,2025-7-7 22:15,4.3,
S1,blue_surface_displacement,8.254444,4.3,mm,left_mm,2025-7-7 22:15,4.3,
S1,blue_surface_displacement,8.255556,4.3,mm,left_mm,2025-7-7 22:15,4.3,
S1,blue_surface_displacement,8.256667,4.3,mm,left_mm,2025-7-7 22:15,4.3,
S1,blue_surface_displacement,8.257778,4.3,mm,left_mm,2025-7-7 22:15,4.3,
S1,blue_surface_displacement,8.258889,4.3,mm,left_mm,2025-7-7 22:15,4.3,
S1,blue_surface_displacement,8.26,4.3,mm,left_mm,2025-7-7 22:15,4.3,
S1,blue_surface_displacement,8.261111,4.3,mm,left_mm,2025-7-7 22:15,4.3,
S1,blue_surface_displacement,8.262222,4.3,mm,left_mm,2025-7-7 22:15,4.3,
S1,blue_surface_displacement,8.263333,4.3,mm,left_mm,2025-7-7 22:15,4.3,
S1,blue_surface_displacement,8.264444,4.3,mm,left_mm,2025-7-7 22:15,4.3,
S1,blue_surface_displacement,8.265556,4.3,mm,left_mm,2025-7-7 22:15,4.3,
S1,blue_surface_displacement,8.266667,4.3,mm,left_mm,2025-7-7 22:16,4.3,
S1,blue_surface_displacement,8.267778,4.3,mm,left_mm,2025-7-7 22:16,4.3,
S1,blue_surface_displacement,8.268889,4.3,mm,left_mm,2025-7-7 22:16,4.3,
S1,blue_surface_displacement,8.27,4.3,mm,left_mm,2025-7-7 22:16,4.3,
S1,blue_surface_displacement,8.271111,4.3,mm,left_mm,2025-7-7 22:16,4.3,
S1,blue_surface_displacement,8.272222,4.3,mm,left_mm,2025-7-7 22:16,4.3,
S1,blue_surface_displacement,8.273333,4.3,mm,left_mm,2025-7-7 22:16,4.3,
S1,blue_surface_displacement,8.274444,4.3,mm,left_mm,2025-7-7 22:16,4.3,
S1,blue_surface_displacement,8.275556,4.3,mm,left_mm,2025-7-7 22:16,4.3,
S1,blue_surface_displacement,8.276667,4.3,mm,left_mm,2025-7-7 22:16,4.3,
S1,blue_surface_displacement,8.277778,4.3,mm,left_mm,2025-7-7 22:16,4.3,
S1,blue_surface_displacement,8.278889,4.3,mm,left_mm,2025-7-7 22:16,4.3,
S1,blue_surface_displacement,8.28,4.3,mm,left_mm,2025-7-7 22:16,4.3,
S1,blue_surface_displacement,8.281111,4.3,mm,left_mm,2025-7-7 22:16,4.3,
S1,blue_surface_displacement,8.282222,4.3,mm,left_mm,2025-7-7 22:16,4.3,
S1,blue_surface_displacement,8.283333,4.3,mm,left_mm,2025-7-7 22:17,4.3,
S1,blue_surface_displacement,8.284444,4.3,mm,left_mm,2025-7-7 22:17,4.3,
S1,blue_surface_displacement,8.285556,4.3,mm,left_mm,2025-7-7 22:17,4.3,
S1,blue_surface_displacement,8.286667,4.3,mm,left_mm,2025-7-7 22:17,4.3,
S1,blue_surface_displacement,8.287778,4.3,mm,left_mm,2025-7-7 22:17,4.3,
S1,blue_surface_displacement,8.288889,4.3,mm,left_mm,2025-7-7 22:17,4.3,
S1,blue_surface_displacement,8.29,4.3,mm,left_mm,2025-7-7 22:17,4.3,
S1,blue_surface_displacement,8.291111,4.3,mm,left_mm,2025-7-7 22:17,4.3,
S1,blue_surface_displacement,8.292222,4.3,mm,left_mm,2025-7-7 22:17,4.3,
S1,blue_surface_displacement,8.293333,4.3,mm,left_mm,2025-7-7 22:17,4.3,
S1,blue_surface_displacement,8.294444,4.3,mm,left_mm,2025-7-7 22:17,4.3,
S1,blue_surface_displacement,8.295556,4.3,mm,left_mm,2025-7-7 22:17,4.3,
S1,blue_surface_displacement,8.296667,4.3,mm,left_mm,2025-7-7 22:17,4.3,
S1,blue_surface_displacement,8.297778,4.3,mm,left_mm,2025-7-7 22:17,4.3,
S1,blue_surface_displacement,8.298889,4.3,mm,left_mm,2025-7-7 22:17,4.3,
S1,blue_surface_displacement,8.3,4.3,mm,left_mm,2025-7-7 22:18,4.3,
S1,blue_surface_displacement,8.301111,4.3,mm,left_mm,2025-7-7 22:18,4.3,
S1,blue_surface_displacement,8.302222,4.3,mm,left_mm,2025-7-7 22:18,4.3,
S1,blue_surface_displacement,8.303333,4.3,mm,left_mm,2025-7-7 22:18,4.3,
S1,blue_surface_displacement,8.304444,4.3,mm,left_mm,2025-7-7 22:18,4.3,
S1,blue_surface_displacement,8.305556,4.3,mm,left_mm,2025-7-7 22:18,4.3,
S1,blue_surface_displacement,8.306667,4.3,mm,left_mm,2025-7-7 22:18,4.3,
S1,blue_surface_displacement,8.307778,4.3,mm,left_mm,2025-7-7 22:18,4.3,
S1,blue_surface_displacement,8.308889,4.3,mm,left_mm,2025-7-7 22:18,4.3,
S1,blue_surface_displacement,8.31,4.3,mm,left_mm,2025-7-7 22:18,4.3,
S1,blue_surface_displacement,8.311111,4.3,mm,left_mm,2025-7-7 22:18,4.3,
S1,blue_surface_displacement,8.312222,4.3,mm,left_mm,2025-7-7 22:18,4.3,
S1,blue_surface_displacement,8.313333,4.3,mm,left_mm,2025-7-7 22:18,4.3,
S1,blue_surface_displacement,8.314444,4.3,mm,left_mm,2025-7-7 22:18,4.3,
S1,blue_surface_displacement,8.315556,4.3,mm,left_mm,2025-7-7 22:18,4.3,
S1,blue_surface_displacement,8.316667,4.3,mm,left_mm,2025-7-7 22:19,4.3,
S1,blue_surface_displacement,8.317778,4.3,mm,left_mm,2025-7-7 22:19,4.3,
S1,blue_surface_displacement,8.318889,4.3,mm,left_mm,2025-7-7 22:19,4.3,
S1,blue_surface_displacement,8.32,4.3,mm,left_mm,2025-7-7 22:19,4.3,
S1,blue_surface_displacement,8.321111,4.3,mm,left_mm,2025-7-7 22:19,4.3,
S1,blue_surface_displacement,8.322222,4.3,mm,left_mm,2025-7-7 22:19,4.3,
S1,blue_surface_displacement,8.323333,4.3,mm,left_mm,2025-7-7 22:19,4.3,
S1,blue_surface_displacement,8.324444,4.3,mm,left_mm,2025-7-7 22:19,4.3,
S1,blue_surface_displacement,8.325556,4.3,mm,left_mm,2025-7-7 22:19,4.3,
S1,blue_surface_displacement,8.326667,4.3,mm,left_mm,2025-7-7 22:19,4.3,
S1,blue_surface_displacement,8.327778,4.3,mm,left_mm,2025-7-7 22:19,4.3,
S1,blue_surface_displacement,8.328889,4.3,mm,left_mm,2025-7-7 22:19,4.3,
S1,blue_surface_displacement,8.33,4.3,mm,left_mm,2025-7-7 22:19,4.3,
S1,blue_surface_displacement,8.331111,4.3,mm,left_mm,2025-7-7 22:19,4.3,
S1,blue_surface_displacement,8.332222,4.3,mm,left_mm,2025-7-7 22:19,4.3,
S1,blue_surface_displacement,8.333333,4.3,mm,left_mm,2025-7-7 22:20,4.3,
S1,blue_surface_displacement,8.334444,4.3,mm,left_mm,2025-7-7 22:20,4.3,
S1,blue_surface_displacement,8.335556,4.3,mm,left_mm,2025-7-7 22:20,4.3,
S1,blue_surface_displacement,8.336667,4.3,mm,left_mm,2025-7-7 22:20,4.3,
S1,blue_surface_displacement,8.337778,4.4,mm,left_mm,2025-7-7 22:20,4.4,
S1,blue_surface_displacement,8.338889,4.4,mm,left_mm,2025-7-7 22:20,4.4,
S1,blue_surface_displacement,8.34,4.6,mm,left_mm,2025-7-7 22:20,4.6,
S1,blue_surface_displacement,8.341111,4.7,mm,left_mm,2025-7-7 22:20,4.7,
S1,blue_surface_displacement,8.342222,4.7,mm,left_mm,2025-7-7 22:20,4.7,
S1,blue_surface_displacement,8.343333,4.8,mm,left_mm,2025-7-7 22:20,4.8,
S1,blue_surface_displacement,8.344444,4.9,mm,left_mm,2025-7-7 22:20,4.9,
S1,blue_surface_displacement,8.345556,5.4,mm,left_mm,2025-7-7 22:20,5.4,
S1,blue_surface_displacement,8.346667,5.5,mm,left_mm,2025-7-7 22:20,5.5,
S1,blue_surface_displacement,8.347778,5.4,mm,left_mm,2025-7-7 22:20,5.4,
S1,blue_surface_displacement,8.348889,5.4,mm,left_mm,2025-7-7 22:20,5.4,
S1,blue_surface_displacement,8.35,5.5,mm,left_mm,2025-7-7 22:21,5.5,
S1,blue_surface_displacement,8.351111,5.5,mm,left_mm,2025-7-7 22:21,5.5,
S1,blue_surface_displacement,8.352222,5.4,mm,left_mm,2025-7-7 22:21,5.4,
S1,blue_surface_displacement,8.353333,5.4,mm,left_mm,2025-7-7 22:21,5.4,
S1,blue_surface_displacement,8.354444,5.5,mm,left_mm,2025-7-7 22:21,5.5,
S1,blue_surface_displacement,8.355556,5.4,mm,left_mm,2025-7-7 22:21,5.4,
S1,blue_surface_displacement,8.356667,5.4,mm,left_mm,2025-7-7 22:21,5.4,
S1,blue_surface_displacement,8.357778,5.4,mm,left_mm,2025-7-7 22:21,5.4,
S1,blue_surface_displacement,8.358889,5.5,mm,left_mm,2025-7-7 22:21,5.5,
S1,blue_surface_displacement,8.36,5.5,mm,left_mm,2025-7-7 22:21,5.5,
S1,blue_surface_displacement,8.361111,5.5,mm,left_mm,2025-7-7 22:21,5.5,
S1,blue_surface_displacement,8.362222,5.5,mm,left_mm,2025-7-7 22:21,5.5,
S1,blue_surface_displacement,8.363333,5.4,mm,left_mm,2025-7-7 22:21,5.4,
S1,blue_surface_displacement,8.364444,5.4,mm,left_mm,2025-7-7 22:21,5.4,
S1,blue_surface_displacement,8.365556,5.4,mm,left_mm,2025-7-7 22:21,5.4,
S1,blue_surface_displacement,8.366667,5.4,mm,left_mm,2025-7-7 22:22,5.4,
S1,blue_surface_displacement,8.367778,5.5,mm,left_mm,2025-7-7 22:22,5.5,
S1,blue_surface_displacement,8.368889,5.4,mm,left_mm,2025-7-7 22:22,5.4,
S1,blue_surface_displacement,8.37,5.4,mm,left_mm,2025-7-7 22:22,5.4,
S1,blue_surface_displacement,8.371111,5.4,mm,left_mm,2025-7-7 22:22,5.4,
S1,blue_surface_displacement,8.372222,5.4,mm,left_mm,2025-7-7 22:22,5.4,
S1,blue_surface_displacement,8.373333,5.4,mm,left_mm,2025-7-7 22:22,5.4,
S1,blue_surface_displacement,8.374444,5.4,mm,left_mm,2025-7-7 22:22,5.4,
S1,blue_surface_displacement,8.375556,5.4,mm,left_mm,2025-7-7 22:22,5.4,
S1,blue_surface_displacement,8.376667,5.5,mm,left_mm,2025-7-7 22:22,5.5,
S1,blue_surface_displacement,8.377778,5.5,mm,left_mm,2025-7-7 22:22,5.5,
S1,blue_surface_displacement,8.378889,5.4,mm,left_mm,2025-7-7 22:22,5.4,
S1,blue_surface_displacement,8.38,5.4,mm,left_mm,2025-7-7 22:22,5.4,
S1,blue_surface_displacement,8.381111,5.4,mm,left_mm,2025-7-7 22:22,5.4,
S1,blue_surface_displacement,8.382222,5.4,mm,left_mm,2025-7-7 22:22,5.4,
S1,blue_surface_displacement,8.383333,5.4,mm,left_mm,2025-7-7 22:23,5.4,
S1,blue_surface_displacement,8.384444,5.4,mm,left_mm,2025-7-7 22:23,5.4,
S1,blue_surface_displacement,8.385556,5.4,mm,left_mm,2025-7-7 22:23,5.4,
S1,blue_surface_displacement,8.386667,5.4,mm,left_mm,2025-7-7 22:23,5.4,
S1,blue_surface_displacement,8.387778,5.4,mm,left_mm,2025-7-7 22:23,5.4,
S1,blue_surface_displacement,8.388889,5.5,mm,left_mm,2025-7-7 22:23,5.5,
S1,blue_surface_displacement,8.39,5.4,mm,left_mm,2025-7-7 22:23,5.4,
S1,blue_surface_displacement,8.391111,5.4,mm,left_mm,2025-7-7 22:23,5.4,
S1,blue_surface_displacement,8.392222,5.4,mm,left_mm,2025-7-7 22:23,5.4,
S1,blue_surface_displacement,8.393333,5.4,mm,left_mm,2025-7-7 22:23,5.4,
S1,blue_surface_displacement,8.394444,5.5,mm,left_mm,2025-7-7 22:23,5.5,
S1,blue_surface_displacement,8.395556,5.4,mm,left_mm,2025-7-7 22:23,5.4,
S1,blue_surface_displacement,8.396667,5.4,mm,left_mm,2025-7-7 22:23,5.4,
S1,blue_surface_displacement,8.397778,5.4,mm,left_mm,2025-7-7 22:23,5.4,
S1,blue_surface_displacement,8.398889,5.4,mm,left_mm,2025-7-7 22:23,5.4,
S1,blue_surface_displacement,8.4,5.4,mm,left_mm,2025-7-7 22:24,5.4,
S1,blue_surface_displacement,8.401111,5.4,mm,left_mm,2025-7-7 22:24,5.4,
S1,blue_surface_displacement,8.402222,5.4,mm,left_mm,2025-7-7 22:24,5.4,
S1,blue_surface_displacement,8.403333,5.4,mm,left_mm,2025-7-7 22:24,5.4,
S1,blue_surface_displacement,8.404444,5.4,mm,left_mm,2025-7-7 22:24,5.4,
S1,blue_surface_displacement,8.405556,5.4,mm,left_mm,2025-7-7 22:24,5.4,
S1,blue_surface_displacement,8.406667,5.4,mm,left_mm,2025-7-7 22:24,5.4,
S1,blue_surface_displacement,8.407778,5.4,mm,left_mm,2025-7-7 22:24,5.4,
S1,blue_surface_displacement,8.408889,5.4,mm,left_mm,2025-7-7 22:24,5.4,
S1,blue_surface_displacement,8.41,5.5,mm,left_mm,2025-7-7 22:24,5.5,
S1,blue_surface_displacement,8.411111,5.4,mm,left_mm,2025-7-7 22:24,5.4,
S1,blue_surface_displacement,8.412222,5.4,mm,left_mm,2025-7-7 22:24,5.4,
S1,blue_surface_displacement,8.413333,5.4,mm,left_mm,2025-7-7 22:24,5.4,
S1,blue_surface_displacement,8.414444,5.4,mm,left_mm,2025-7-7 22:24,5.4,
S1,blue_surface_displacement,8.415556,5.4,mm,left_mm,2025-7-7 22:24,5.4,
S1,blue_surface_displacement,8.416667,5.4,mm,left_mm,2025-7-7 22:25,5.4,
S1,blue_surface_displacement,8.417778,5.4,mm,left_mm,2025-7-7 22:25,5.4,
S1,blue_surface_displacement,8.418889,5.4,mm,left_mm,2025-7-7 22:25,5.4,
S1,blue_surface_displacement,8.42,5.4,mm,left_mm,2025-7-7 22:25,5.4,
S1,blue_surface_displacement,8.421111,5.4,mm,left_mm,2025-7-7 22:25,5.4,
S1,blue_surface_displacement,8.422222,5.4,mm,left_mm,2025-7-7 22:25,5.4,
S1,blue_surface_displacement,8.423333,5.4,mm,left_mm,2025-7-7 22:25,5.4,
S1,blue_surface_displacement,8.424444,5.4,mm,left_mm,2025-7-7 22:25,5.4,
S1,blue_surface_displacement,8.425556,5.4,mm,left_mm,2025-7-7 22:25,5.4,
S1,blue_surface_displacement,8.426667,5.4,mm,left_mm,2025-7-7 22:25,5.4,
S1,blue_surface_displacement,8.427778,5.4,mm,left_mm,2025-7-7 22:25,5.4,
S1,blue_surface_displacement,8.428889,5.4,mm,left_mm,2025-7-7 22:25,5.4,
S1,blue_surface_displacement,8.43,5.4,mm,left_mm,2025-7-7 22:25,5.4,
S1,blue_surface_displacement,8.431111,5.4,mm,left_mm,2025-7-7 22:25,5.4,
S1,blue_surface_displacement,8.432222,5.4,mm,left_mm,2025-7-7 22:25,5.4,
S1,blue_surface_displacement,8.433333,5.4,mm,left_mm,2025-7-7 22:26,5.4,
S1,blue_surface_displacement,8.434444,5.4,mm,left_mm,2025-7-7 22:26,5.4,
S1,blue_surface_displacement,8.435556,5.4,mm,left_mm,2025-7-7 22:26,5.4,
S1,blue_surface_displacement,8.436667,5.4,mm,left_mm,2025-7-7 22:26,5.4,
S1,blue_surface_displacement,8.437778,5.4,mm,left_mm,2025-7-7 22:26,5.4,
S1,blue_surface_displacement,8.438889,5.5,mm,left_mm,2025-7-7 22:26,5.5,
S1,blue_surface_displacement,8.44,5.4,mm,left_mm,2025-7-7 22:26,5.4,
S1,blue_surface_displacement,8.441111,5.4,mm,left_mm,2025-7-7 22:26,5.4,
S1,blue_surface_displacement,8.442222,5.4,mm,left_mm,2025-7-7 22:26,5.4,
S1,blue_surface_displacement,8.443333,5.4,mm,left_mm,2025-7-7 22:26,5.4,
S1,blue_surface_displacement,8.444444,5.4,mm,left_mm,2025-7-7 22:26,5.4,
S1,blue_surface_displacement,8.445556,5.4,mm,left_mm,2025-7-7 22:26,5.4,
S1,blue_surface_displacement,8.446667,5.5,mm,left_mm,2025-7-7 22:26,5.5,
S1,blue_surface_displacement,8.447778,5.4,mm,left_mm,2025-7-7 22:26,5.4,
S1,blue_surface_displacement,8.448889,5.4,mm,left_mm,2025-7-7 22:26,5.4,
S1,blue_surface_displacement,8.45,5.4,mm,left_mm,2025-7-7 22:27,5.4,
S1,blue_surface_displacement,8.451111,5.4,mm,left_mm,2025-7-7 22:27,5.4,
S1,blue_surface_displacement,8.452222,5.4,mm,left_mm,2025-7-7 22:27,5.4,
S1,blue_surface_displacement,8.453333,5.4,mm,left_mm,2025-7-7 22:27,5.4,
S1,blue_surface_displacement,8.454444,5.4,mm,left_mm,2025-7-7 22:27,5.4,
S1,blue_surface_displacement,8.455556,5.4,mm,left_mm,2025-7-7 22:27,5.4,
S1,blue_surface_displacement,8.456667,5.4,mm,left_mm,2025-7-7 22:27,5.4,
S1,blue_surface_displacement,8.457778,5.4,mm,left_mm,2025-7-7 22:27,5.4,
S1,blue_surface_displacement,8.458889,5.4,mm,left_mm,2025-7-7 22:27,5.4,
S1,blue_surface_displacement,8.46,5.4,mm,left_mm,2025-7-7 22:27,5.4,
S1,blue_surface_displacement,8.461111,5.4,mm,left_mm,2025-7-7 22:27,5.4,
S1,blue_surface_displacement,8.462222,5.4,mm,left_mm,2025-7-7 22:27,5.4,
S1,blue_surface_displacement,8.463333,5.4,mm,left_mm,2025-7-7 22:27,5.4,
S1,blue_surface_displacement,8.464444,5.4,mm,left_mm,2025-7-7 22:27,5.4,
S1,blue_surface_displacement,8.465556,5.4,mm,left_mm,2025-7-7 22:27,5.4,
S1,blue_surface_displacement,8.466667,5.5,mm,left_mm,2025-7-7 22:28,5.5,
S1,blue_surface_displacement,8.467778,5.6,mm,left_mm,2025-7-7 22:28,5.6,
S1,blue_surface_displacement,8.468889,5.8,mm,left_mm,2025-7-7 22:28,5.8,
S1,blue_surface_displacement,8.47,5.8,mm,left_mm,2025-7-7 22:28,5.8,
S1,blue_surface_displacement,8.471111,5.9,mm,left_mm,2025-7-7 22:28,5.9,
S1,blue_surface_displacement,8.472222,6.1,mm,left_mm,2025-7-7 22:28,6.1,
S1,blue_surface_displacement,8.473333,6,mm,left_mm,2025-7-7 22:28,6,
S1,blue_surface_displacement,8.474444,6,mm,left_mm,2025-7-7 22:28,6,
S1,blue_surface_displacement,8.475556,6.1,mm,left_mm,2025-7-7 22:28,6.1,
S1,blue_surface_displacement,8.476667,6.1,mm,left_mm,2025-7-7 22:28,6.1,
S1,blue_surface_displacement,8.477778,6.2,mm,left_mm,2025-7-7 22:28,6.2,
S1,blue_surface_displacement,8.478889,6.6,mm,left_mm,2025-7-7 22:28,6.6,
S1,blue_surface_displacement,8.48,6.6,mm,left_mm,2025-7-7 22:28,6.6,
S1,blue_surface_displacement,8.481111,6.6,mm,left_mm,2025-7-7 22:28,6.6,
S1,blue_surface_displacement,8.482222,6.6,mm,left_mm,2025-7-7 22:28,6.6,
S1,blue_surface_displacement,8.483333,6.6,mm,left_mm,2025-7-7 22:29,6.6,
S1,blue_surface_displacement,8.484444,6.6,mm,left_mm,2025-7-7 22:29,6.6,
S1,blue_surface_displacement,8.485556,6.6,mm,left_mm,2025-7-7 22:29,6.6,
S1,blue_surface_displacement,8.486667,6.6,mm,left_mm,2025-7-7 22:29,6.6,
S1,blue_surface_displacement,8.487778,6.7,mm,left_mm,2025-7-7 22:29,6.7,
S1,blue_surface_displacement,8.488889,6.6,mm,left_mm,2025-7-7 22:29,6.6,
S1,blue_surface_displacement,8.49,6.6,mm,left_mm,2025-7-7 22:29,6.6,
S1,blue_surface_displacement,8.491111,6.6,mm,left_mm,2025-7-7 22:29,6.6,
S1,blue_surface_displacement,8.492222,6.6,mm,left_mm,2025-7-7 22:29,6.6,
S1,blue_surface_displacement,8.493333,6.6,mm,left_mm,2025-7-7 22:29,6.6,
S1,blue_surface_displacement,8.494444,6.6,mm,left_mm,2025-7-7 22:29,6.6,
S1,blue_surface_displacement,8.495556,6.6,mm,left_mm,2025-7-7 22:29,6.6,
S1,blue_surface_displacement,8.496667,6.7,mm,left_mm,2025-7-7 22:29,6.7,
S1,blue_surface_displacement,8.497778,6.6,mm,left_mm,2025-7-7 22:29,6.6,
S1,blue_surface_displacement,8.498889,6.6,mm,left_mm,2025-7-7 22:29,6.6,
S1,blue_surface_displacement,8.5,6.6,mm,left_mm,2025-7-7 22:30,6.6,
S1,blue_surface_displacement,8.501111,6.6,mm,left_mm,2025-7-7 22:30,6.6,
S1,blue_surface_displacement,8.502222,6.6,mm,left_mm,2025-7-7 22:30,6.6,
S1,blue_surface_displacement,8.503333,6.6,mm,left_mm,2025-7-7 22:30,6.6,
S1,blue_surface_displacement,8.504444,6.6,mm,left_mm,2025-7-7 22:30,6.6,
S1,blue_surface_displacement,8.505556,6.6,mm,left_mm,2025-7-7 22:30,6.6,
S1,blue_surface_displacement,8.506667,6.6,mm,left_mm,2025-7-7 22:30,6.6,
S1,blue_surface_displacement,8.507778,6.6,mm,left_mm,2025-7-7 22:30,6.6,
S1,blue_surface_displacement,8.508889,6.6,mm,left_mm,2025-7-7 22:30,6.6,
S1,blue_surface_displacement,8.51,6.7,mm,left_mm,2025-7-7 22:30,6.7,
S1,blue_surface_displacement,8.511111,6.6,mm,left_mm,2025-7-7 22:30,6.6,
S1,blue_surface_displacement,8.512222,6.7,mm,left_mm,2025-7-7 22:30,6.7,
S1,blue_surface_displacement,8.513333,6.6,mm,left_mm,2025-7-7 22:30,6.6,
S1,blue_surface_displacement,8.514444,6.6,mm,left_mm,2025-7-7 22:30,6.6,
S1,blue_surface_displacement,8.515556,6.6,mm,left_mm,2025-7-7 22:30,6.6,
S1,blue_surface_displacement,8.516667,6.6,mm,left_mm,2025-7-7 22:31,6.6,
S1,blue_surface_displacement,8.517778,6.6,mm,left_mm,2025-7-7 22:31,6.6,
S1,blue_surface_displacement,8.518889,6.6,mm,left_mm,2025-7-7 22:31,6.6,
S1,blue_surface_displacement,8.52,6.7,mm,left_mm,2025-7-7 22:31,6.7,
S1,blue_surface_displacement,8.521111,6.6,mm,left_mm,2025-7-7 22:31,6.6,
S1,blue_surface_displacement,8.522222,6.7,mm,left_mm,2025-7-7 22:31,6.7,
S1,blue_surface_displacement,8.523333,6.6,mm,left_mm,2025-7-7 22:31,6.6,
S1,blue_surface_displacement,8.524444,6.6,mm,left_mm,2025-7-7 22:31,6.6,
S1,blue_surface_displacement,8.525556,6.7,mm,left_mm,2025-7-7 22:31,6.7,
S1,blue_surface_displacement,8.526667,6.7,mm,left_mm,2025-7-7 22:31,6.7,
S1,blue_surface_displacement,8.527778,6.7,mm,left_mm,2025-7-7 22:31,6.7,
S1,blue_surface_displacement,8.528889,6.7,mm,left_mm,2025-7-7 22:31,6.7,
S1,blue_surface_displacement,8.53,6.6,mm,left_mm,2025-7-7 22:31,6.6,
S1,blue_surface_displacement,8.531111,6.6,mm,left_mm,2025-7-7 22:31,6.6,
S1,blue_surface_displacement,8.532222,6.7,mm,left_mm,2025-7-7 22:31,6.7,
S1,blue_surface_displacement,8.533333,6.7,mm,left_mm,2025-7-7 22:32,6.7,
S1,blue_surface_displacement,8.534444,6.6,mm,left_mm,2025-7-7 22:32,6.6,
S1,blue_surface_displacement,8.535556,6.7,mm,left_mm,2025-7-7 22:32,6.7,
S1,blue_surface_displacement,8.536667,6.6,mm,left_mm,2025-7-7 22:32,6.6,
S1,blue_surface_displacement,8.537778,6.6,mm,left_mm,2025-7-7 22:32,6.6,
S1,blue_surface_displacement,8.538889,6.7,mm,left_mm,2025-7-7 22:32,6.7,
S1,blue_surface_displacement,8.54,6.6,mm,left_mm,2025-7-7 22:32,6.6,
S1,blue_surface_displacement,8.541111,6.7,mm,left_mm,2025-7-7 22:32,6.7,
S1,blue_surface_displacement,8.542222,6.6,mm,left_mm,2025-7-7 22:32,6.6,
S1,blue_surface_displacement,8.543333,6.6,mm,left_mm,2025-7-7 22:32,6.6,
S1,blue_surface_displacement,8.544444,6.6,mm,left_mm,2025-7-7 22:32,6.6,
S1,blue_surface_displacement,8.545556,6.7,mm,left_mm,2025-7-7 22:32,6.7,
S1,blue_surface_displacement,8.546667,6.6,mm,left_mm,2025-7-7 22:32,6.6,
S1,blue_surface_displacement,8.547778,6.6,mm,left_mm,2025-7-7 22:32,6.6,
S1,blue_surface_displacement,8.548889,6.6,mm,left_mm,2025-7-7 22:32,6.6,
S1,blue_surface_displacement,8.55,6.6,mm,left_mm,2025-7-7 22:33,6.6,
S1,blue_surface_displacement,8.551111,6.6,mm,left_mm,2025-7-7 22:33,6.6,
S1,blue_surface_displacement,8.552222,6.6,mm,left_mm,2025-7-7 22:33,6.6,
S1,blue_surface_displacement,8.553333,6.6,mm,left_mm,2025-7-7 22:33,6.6,
S1,blue_surface_displacement,8.554444,6.7,mm,left_mm,2025-7-7 22:33,6.7,
S1,blue_surface_displacement,8.555556,6.6,mm,left_mm,2025-7-7 22:33,6.6,
S1,blue_surface_displacement,8.556667,6.6,mm,left_mm,2025-7-7 22:33,6.6,
S1,blue_surface_displacement,8.557778,6.7,mm,left_mm,2025-7-7 22:33,6.7,
S1,blue_surface_displacement,8.558889,6.9,mm,left_mm,2025-7-7 22:33,6.9,
S1,blue_surface_displacement,8.56,7,mm,left_mm,2025-7-7 22:33,7,
S1,blue_surface_displacement,8.561111,7.1,mm,left_mm,2025-7-7 22:33,7.1,
S1,blue_surface_displacement,8.562222,7.2,mm,left_mm,2025-7-7 22:33,7.2,
S1,blue_surface_displacement,8.563333,7.4,mm,left_mm,2025-7-7 22:33,7.4,
S1,blue_surface_displacement,8.564444,7.6,mm,left_mm,2025-7-7 22:33,7.6,
S1,blue_surface_displacement,8.565556,7.6,mm,left_mm,2025-7-7 22:33,7.6,
S1,blue_surface_displacement,8.566667,7.8,mm,left_mm,2025-7-7 22:34,7.8,
S1,blue_surface_displacement,8.567778,7.8,mm,left_mm,2025-7-7 22:34,7.8,
S1,blue_surface_displacement,8.568889,7.8,mm,left_mm,2025-7-7 22:34,7.8,
S1,blue_surface_displacement,8.57,7.8,mm,left_mm,2025-7-7 22:34,7.8,
S1,blue_surface_displacement,8.571111,7.8,mm,left_mm,2025-7-7 22:34,7.8,
S1,blue_surface_displacement,8.572222,7.8,mm,left_mm,2025-7-7 22:34,7.8,
S1,blue_surface_displacement,8.573333,7.8,mm,left_mm,2025-7-7 22:34,7.8,
S1,blue_surface_displacement,8.574444,7.8,mm,left_mm,2025-7-7 22:34,7.8,
S1,blue_surface_displacement,8.575556,7.8,mm,left_mm,2025-7-7 22:34,7.8,
S1,blue_surface_displacement,8.576667,7.8,mm,left_mm,2025-7-7 22:34,7.8,
S1,blue_surface_displacement,8.577778,7.8,mm,left_mm,2025-7-7 22:34,7.8,
S1,blue_surface_displacement,8.578889,7.8,mm,left_mm,2025-7-7 22:34,7.8,
S1,blue_surface_displacement,8.58,7.8,mm,left_mm,2025-7-7 22:34,7.8,
S1,blue_surface_displacement,8.581111,7.8,mm,left_mm,2025-7-7 22:34,7.8,
S1,blue_surface_displacement,8.582222,7.8,mm,left_mm,2025-7-7 22:34,7.8,
S1,blue_surface_displacement,8.583333,7.8,mm,left_mm,2025-7-7 22:35,7.8,
S1,blue_surface_displacement,8.584444,7.8,mm,left_mm,2025-7-7 22:35,7.8,
S1,blue_surface_displacement,8.585556,7.8,mm,left_mm,2025-7-7 22:35,7.8,
S1,blue_surface_displacement,8.586667,7.8,mm,left_mm,2025-7-7 22:35,7.8,
S1,blue_surface_displacement,8.587778,7.8,mm,left_mm,2025-7-7 22:35,7.8,
S1,blue_surface_displacement,8.588889,7.8,mm,left_mm,2025-7-7 22:35,7.8,
S1,blue_surface_displacement,8.59,7.8,mm,left_mm,2025-7-7 22:35,7.8,
S1,blue_surface_displacement,8.591111,7.8,mm,left_mm,2025-7-7 22:35,7.8,
S1,blue_surface_displacement,8.592222,7.8,mm,left_mm,2025-7-7 22:35,7.8,
S1,blue_surface_displacement,8.593333,7.8,mm,left_mm,2025-7-7 22:35,7.8,
S1,blue_surface_displacement,8.594444,7.8,mm,left_mm,2025-7-7 22:35,7.8,
S1,blue_surface_displacement,8.595556,7.8,mm,left_mm,2025-7-7 22:35,7.8,
S1,blue_surface_displacement,8.596667,7.8,mm,left_mm,2025-7-7 22:35,7.8,
S1,blue_surface_displacement,8.597778,7.8,mm,left_mm,2025-7-7 22:35,7.8,
S1,blue_surface_displacement,8.598889,7.8,mm,left_mm,2025-7-7 22:35,7.8,
S1,blue_surface_displacement,8.6,7.8,mm,left_mm,2025-7-7 22:36,7.8,
S1,blue_surface_displacement,8.601111,7.8,mm,left_mm,2025-7-7 22:36,7.8,
S1,blue_surface_displacement,8.602222,7.8,mm,left_mm,2025-7-7 22:36,7.8,
S1,blue_surface_displacement,8.603333,7.8,mm,left_mm,2025-7-7 22:36,7.8,
S1,blue_surface_displacement,8.604444,7.8,mm,left_mm,2025-7-7 22:36,7.8,
S1,blue_surface_displacement,8.605556,7.8,mm,left_mm,2025-7-7 22:36,7.8,
S1,blue_surface_displacement,8.606667,7.8,mm,left_mm,2025-7-7 22:36,7.8,
S1,blue_surface_displacement,8.607778,7.8,mm,left_mm,2025-7-7 22:36,7.8,
S1,blue_surface_displacement,8.608889,7.8,mm,left_mm,2025-7-7 22:36,7.8,
S1,blue_surface_displacement,8.61,7.8,mm,left_mm,2025-7-7 22:36,7.8,
S1,blue_surface_displacement,8.611111,7.8,mm,left_mm,2025-7-7 22:36,7.8,
S1,blue_surface_displacement,8.612222,7.8,mm,left_mm,2025-7-7 22:36,7.8,
S1,blue_surface_displacement,8.613333,7.8,mm,left_mm,2025-7-7 22:36,7.8,
S1,blue_surface_displacement,8.614444,7.8,mm,left_mm,2025-7-7 22:36,7.8,
S1,blue_surface_displacement,8.615556,7.8,mm,left_mm,2025-7-7 22:36,7.8,
S1,blue_surface_displacement,8.616667,7.8,mm,left_mm,2025-7-7 22:37,7.8,
S1,blue_surface_displacement,8.617778,7.8,mm,left_mm,2025-7-7 22:37,7.8,
S1,blue_surface_displacement,8.618889,7.8,mm,left_mm,2025-7-7 22:37,7.8,
S1,blue_surface_displacement,8.62,8.1,mm,left_mm,2025-7-7 22:37,8.1,
S1,blue_surface_displacement,8.621111,8.2,mm,left_mm,2025-7-7 22:37,8.2,
S1,blue_surface_displacement,8.622222,8.3,mm,left_mm,2025-7-7 22:37,8.3,
S1,blue_surface_displacement,8.623333,8.8,mm,left_mm,2025-7-7 22:37,8.8,
S1,blue_surface_displacement,8.624444,8.9,mm,left_mm,2025-7-7 22:37,8.9,
S1,blue_surface_displacement,8.625556,8.9,mm,left_mm,2025-7-7 22:37,8.9,
S1,blue_surface_displacement,8.626667,8.9,mm,left_mm,2025-7-7 22:37,8.9,
S1,blue_surface_displacement,8.627778,8.9,mm,left_mm,2025-7-7 22:37,8.9,
S1,blue_surface_displacement,8.628889,8.9,mm,left_mm,2025-7-7 22:37,8.9,
S1,blue_surface_displacement,8.63,8.9,mm,left_mm,2025-7-7 22:37,8.9,
S1,blue_surface_displacement,8.631111,8.9,mm,left_mm,2025-7-7 22:37,8.9,
S1,blue_surface_displacement,8.632222,8.9,mm,left_mm,2025-7-7 22:37,8.9,
S1,blue_surface_displacement,8.633333,8.9,mm,left_mm,2025-7-7 22:38,8.9,
S1,blue_surface_displacement,8.634444,8.9,mm,left_mm,2025-7-7 22:38,8.9,
S1,blue_surface_displacement,8.635556,8.9,mm,left_mm,2025-7-7 22:38,8.9,
S1,blue_surface_displacement,8.636667,8.9,mm,left_mm,2025-7-7 22:38,8.9,
S1,blue_surface_displacement,8.637778,8.9,mm,left_mm,2025-7-7 22:38,8.9,
S1,blue_surface_displacement,8.638889,10.1,mm,left_mm,2025-7-7 22:38,10.1,
S1,blue_surface_displacement,8.64,10.1,mm,left_mm,2025-7-7 22:38,10.1,
S1,blue_surface_displacement,8.641111,10.1,mm,left_mm,2025-7-7 22:38,10.1,
S1,blue_surface_displacement,8.642222,10.1,mm,left_mm,2025-7-7 22:38,10.1,
S1,blue_surface_displacement,8.643333,10.1,mm,left_mm,2025-7-7 22:38,10.1,
S1,blue_surface_displacement,8.644444,10.1,mm,left_mm,2025-7-7 22:38,10.1,
S1,blue_surface_displacement,8.645556,10.1,mm,left_mm,2025-7-7 22:38,10.1,
S1,blue_surface_displacement,8.646667,10.1,mm,left_mm,2025-7-7 22:38,10.1,
S1,blue_surface_displacement,8.647778,10.1,mm,left_mm,2025-7-7 22:38,10.1,
S1,blue_surface_displacement,8.648889,10.1,mm,left_mm,2025-7-7 22:38,10.1,
S1,blue_surface_displacement,8.65,10.1,mm,left_mm,2025-7-7 22:39,10.1,
S1,blue_surface_displacement,8.651111,10.1,mm,left_mm,2025-7-7 22:39,10.1,
S1,blue_surface_displacement,8.652222,10.1,mm,left_mm,2025-7-7 22:39,10.1,
S1,blue_surface_displacement,8.653333,10.1,mm,left_mm,2025-7-7 22:39,10.1,
S1,blue_surface_displacement,8.654444,10.1,mm,left_mm,2025-7-7 22:39,10.1,
S1,blue_surface_displacement,8.655556,10.1,mm,left_mm,2025-7-7 22:39,10.1,
S1,blue_surface_displacement,8.656667,10.1,mm,left_mm,2025-7-7 22:39,10.1,
S1,blue_surface_displacement,8.657778,10.1,mm,left_mm,2025-7-7 22:39,10.1,
S1,blue_surface_displacement,8.658889,10.1,mm,left_mm,2025-7-7 22:39,10.1,
S1,blue_surface_displacement,8.66,10.1,mm,left_mm,2025-7-7 22:39,10.1,
S1,blue_surface_displacement,8.661111,10.1,mm,left_mm,2025-7-7 22:39,10.1,
S1,blue_surface_displacement,8.662222,10.1,mm,left_mm,2025-7-7 22:39,10.1,
S1,blue_surface_displacement,8.663333,10.1,mm,left_mm,2025-7-7 22:39,10.1,
S1,blue_surface_displacement,8.664444,10.1,mm,left_mm,2025-7-7 22:39,10.1,
S1,blue_surface_displacement,8.665556,10.1,mm,left_mm,2025-7-7 22:39,10.1,
S1,blue_surface_displacement,8.666667,10.1,mm,left_mm,2025-7-7 22:40,10.1,
S1,blue_surface_displacement,8.667778,10.1,mm,left_mm,2025-7-7 22:40,10.1,
S1,blue_surface_displacement,8.668889,10.1,mm,left_mm,2025-7-7 22:40,10.1,
S1,blue_surface_displacement,8.67,10.1,mm,left_mm,2025-7-7 22:40,10.1,
S1,blue_surface_displacement,8.671111,10.1,mm,left_mm,2025-7-7 22:40,10.1,
S1,blue_surface_displacement,8.672222,10.1,mm,left_mm,2025-7-7 22:40,10.1,
S1,blue_surface_displacement,8.673333,10.1,mm,left_mm,2025-7-7 22:40,10.1,
S1,blue_surface_displacement,8.674444,10.1,mm,left_mm,2025-7-7 22:40,10.1,
S1,blue_surface_displacement,8.675556,10.1,mm,left_mm,2025-7-7 22:40,10.1,
S1,blue_surface_displacement,8.676667,10.1,mm,left_mm,2025-7-7 22:40,10.1,
S1,blue_surface_displacement,8.677778,10.1,mm,left_mm,2025-7-7 22:40,10.1,
S1,blue_surface_displacement,8.678889,10.1,mm,left_mm,2025-7-7 22:40,10.1,
S1,blue_surface_displacement,8.68,10.1,mm,left_mm,2025-7-7 22:40,10.1,
S1,blue_surface_displacement,8.681111,10.1,mm,left_mm,2025-7-7 22:40,10.1,
S1,blue_surface_displacement,8.682222,10.1,mm,left_mm,2025-7-7 22:40,10.1,
S1,blue_surface_displacement,8.683333,10.1,mm,left_mm,2025-7-7 22:41,10.1,
S1,blue_surface_displacement,8.684444,10.1,mm,left_mm,2025-7-7 22:41,10.1,
S1,blue_surface_displacement,8.685556,10.1,mm,left_mm,2025-7-7 22:41,10.1,
S1,blue_surface_displacement,8.686667,10.1,mm,left_mm,2025-7-7 22:41,10.1,
S1,blue_surface_displacement,8.687778,10.1,mm,left_mm,2025-7-7 22:41,10.1,
S1,blue_surface_displacement,8.688889,10.1,mm,left_mm,2025-7-7 22:41,10.1,
S1,blue_surface_displacement,8.69,10.1,mm,left_mm,2025-7-7 22:41,10.1,
S1,blue_surface_displacement,8.691111,10.1,mm,left_mm,2025-7-7 22:41,10.1,
S1,blue_surface_displacement,8.692222,10.1,mm,left_mm,2025-7-7 22:41,10.1,
S1,blue_surface_displacement,8.693333,10.1,mm,left_mm,2025-7-7 22:41,10.1,
S1,blue_surface_displacement,8.694444,10.1,mm,left_mm,2025-7-7 22:41,10.1,
S1,blue_surface_displacement,8.695556,10.1,mm,left_mm,2025-7-7 22:41,10.1,
S1,blue_surface_displacement,8.696667,10.1,mm,left_mm,2025-7-7 22:41,10.1,
S1,blue_surface_displacement,8.697778,10.1,mm,left_mm,2025-7-7 22:41,10.1,
S1,blue_surface_displacement,8.698889,10.1,mm,left_mm,2025-7-7 22:41,10.1,
S1,blue_surface_displacement,8.7,10.1,mm,left_mm,2025-7-7 22:42,10.1,
S1,blue_surface_displacement,8.701111,10.1,mm,left_mm,2025-7-7 22:42,10.1,
S1,blue_surface_displacement,8.702222,10.1,mm,left_mm,2025-7-7 22:42,10.1,
S1,blue_surface_displacement,8.703333,10.1,mm,left_mm,2025-7-7 22:42,10.1,
S1,blue_surface_displacement,8.704444,10.1,mm,left_mm,2025-7-7 22:42,10.1,
S1,blue_surface_displacement,8.705556,10.1,mm,left_mm,2025-7-7 22:42,10.1,
S1,blue_surface_displacement,8.706667,10.1,mm,left_mm,2025-7-7 22:42,10.1,
S1,blue_surface_displacement,8.707778,10.1,mm,left_mm,2025-7-7 22:42,10.1,
S1,blue_surface_displacement,8.708889,10.1,mm,left_mm,2025-7-7 22:42,10.1,
S1,blue_surface_displacement,8.71,10.1,mm,left_mm,2025-7-7 22:42,10.1,
S1,blue_surface_displacement,8.711111,10.1,mm,left_mm,2025-7-7 22:42,10.1,
S1,blue_surface_displacement,8.712222,10.1,mm,left_mm,2025-7-7 22:42,10.1,
S1,blue_surface_displacement,8.713333,10.1,mm,left_mm,2025-7-7 22:42,10.1,
S1,blue_surface_displacement,8.714444,10.1,mm,left_mm,2025-7-7 22:42,10.1,
S1,blue_surface_displacement,8.715556,10.1,mm,left_mm,2025-7-7 22:42,10.1,
S1,blue_surface_displacement,8.716667,10.1,mm,left_mm,2025-7-7 22:43,10.1,
S1,blue_surface_displacement,8.717778,10.1,mm,left_mm,2025-7-7 22:43,10.1,
S1,blue_surface_displacement,8.718889,10.1,mm,left_mm,2025-7-7 22:43,10.1,
S1,blue_surface_displacement,8.72,10.1,mm,left_mm,2025-7-7 22:43,10.1,
S1,blue_surface_displacement,8.721111,10.1,mm,left_mm,2025-7-7 22:43,10.1,
S1,blue_surface_displacement,8.722222,10.1,mm,left_mm,2025-7-7 22:43,10.1,
S1,blue_surface_displacement,8.723333,10.1,mm,left_mm,2025-7-7 22:43,10.1,
S1,blue_surface_displacement,8.724444,10.1,mm,left_mm,2025-7-7 22:43,10.1,
S1,blue_surface_displacement,8.725556,10.1,mm,left_mm,2025-7-7 22:43,10.1,
S1,blue_surface_displacement,8.726667,10.1,mm,left_mm,2025-7-7 22:43,10.1,
S1,blue_surface_displacement,8.727778,10.1,mm,left_mm,2025-7-7 22:43,10.1,
S1,blue_surface_displacement,8.728889,10.1,mm,left_mm,2025-7-7 22:43,10.1,
S1,blue_surface_displacement,8.73,10.1,mm,left_mm,2025-7-7 22:43,10.1,
S1,blue_surface_displacement,8.731111,10.1,mm,left_mm,2025-7-7 22:43,10.1,
S1,blue_surface_displacement,8.732222,10.1,mm,left_mm,2025-7-7 22:43,10.1,
S1,blue_surface_displacement,8.733333,10.1,mm,left_mm,2025-7-7 22:44,10.1,
S1,blue_surface_displacement,8.734444,10.1,mm,left_mm,2025-7-7 22:44,10.1,
S1,blue_surface_displacement,8.735556,10.1,mm,left_mm,2025-7-7 22:44,10.1,
S1,blue_surface_displacement,8.736667,10.1,mm,left_mm,2025-7-7 22:44,10.1,
S1,blue_surface_displacement,8.737778,10.1,mm,left_mm,2025-7-7 22:44,10.1,
S1,blue_surface_displacement,8.738889,10.1,mm,left_mm,2025-7-7 22:44,10.1,
S1,blue_surface_displacement,8.74,10.1,mm,left_mm,2025-7-7 22:44,10.1,
S1,blue_surface_displacement,8.741111,10.1,mm,left_mm,2025-7-7 22:44,10.1,
S1,blue_surface_displacement,8.742222,10.1,mm,left_mm,2025-7-7 22:44,10.1,
S1,blue_surface_displacement,8.743333,10.1,mm,left_mm,2025-7-7 22:44,10.1,
S1,blue_surface_displacement,8.744444,10.1,mm,left_mm,2025-7-7 22:44,10.1,
S1,blue_surface_displacement,8.745556,10.1,mm,left_mm,2025-7-7 22:44,10.1,
S1,blue_surface_displacement,8.746667,10.1,mm,left_mm,2025-7-7 22:44,10.1,
S1,blue_surface_displacement,8.747778,10.1,mm,left_mm,2025-7-7 22:44,10.1,
S1,blue_surface_displacement,8.748889,10.1,mm,left_mm,2025-7-7 22:44,10.1,
S1,blue_surface_displacement,8.75,10.1,mm,left_mm,2025-7-7 22:45,10.1,
S1,blue_surface_displacement,8.751111,10.1,mm,left_mm,2025-7-7 22:45,10.1,
S1,blue_surface_displacement,8.752222,10.1,mm,left_mm,2025-7-7 22:45,10.1,
S1,blue_surface_displacement,8.753333,10.1,mm,left_mm,2025-7-7 22:45,10.1,
S1,blue_surface_displacement,8.754444,10.1,mm,left_mm,2025-7-7 22:45,10.1,
S1,blue_surface_displacement,8.755556,10.1,mm,left_mm,2025-7-7 22:45,10.1,
S1,blue_surface_displacement,8.756667,10.1,mm,left_mm,2025-7-7 22:45,10.1,
S1,blue_surface_displacement,8.757778,10.1,mm,left_mm,2025-7-7 22:45,10.1,
S1,blue_surface_displacement,8.758889,10.1,mm,left_mm,2025-7-7 22:45,10.1,
S1,blue_surface_displacement,8.76,10.1,mm,left_mm,2025-7-7 22:45,10.1,
S1,blue_surface_displacement,8.761111,10.1,mm,left_mm,2025-7-7 22:45,10.1,
S1,blue_surface_displacement,8.762222,10.1,mm,left_mm,2025-7-7 22:45,10.1,
S1,blue_surface_displacement,8.763333,10.1,mm,left_mm,2025-7-7 22:45,10.1,
S1,blue_surface_displacement,8.764444,10.1,mm,left_mm,2025-7-7 22:45,10.1,
S1,blue_surface_displacement,8.765556,10.1,mm,left_mm,2025-7-7 22:45,10.1,
S1,blue_surface_displacement,8.766667,10.1,mm,left_mm,2025-7-7 22:46,10.1,
S1,blue_surface_displacement,8.767778,10.1,mm,left_mm,2025-7-7 22:46,10.1,
S1,blue_surface_displacement,8.768889,10.1,mm,left_mm,2025-7-7 22:46,10.1,
S1,blue_surface_displacement,8.77,10.1,mm,left_mm,2025-7-7 22:46,10.1,
S1,blue_surface_displacement,8.771111,10.1,mm,left_mm,2025-7-7 22:46,10.1,
S1,blue_surface_displacement,8.772222,10.1,mm,left_mm,2025-7-7 22:46,10.1,
S1,blue_surface_displacement,8.773333,10.1,mm,left_mm,2025-7-7 22:46,10.1,
S1,blue_surface_displacement,8.774444,10.1,mm,left_mm,2025-7-7 22:46,10.1,
S1,blue_surface_displacement,8.775556,10.1,mm,left_mm,2025-7-7 22:46,10.1,
S1,blue_surface_displacement,8.776667,10.1,mm,left_mm,2025-7-7 22:46,10.1,
S1,blue_surface_displacement,8.777778,10.1,mm,left_mm,2025-7-7 22:46,10.1,
S1,blue_surface_displacement,8.778889,10.1,mm,left_mm,2025-7-7 22:46,10.1,
S1,blue_surface_displacement,8.78,10.1,mm,left_mm,2025-7-7 22:46,10.1,
S1,blue_surface_displacement,8.781111,10.1,mm,left_mm,2025-7-7 22:46,10.1,
S1,blue_surface_displacement,8.782222,10.1,mm,left_mm,2025-7-7 22:46,10.1,
S1,blue_surface_displacement,8.783333,10.1,mm,left_mm,2025-7-7 22:47,10.1,
S1,blue_surface_displacement,8.784444,10.1,mm,left_mm,2025-7-7 22:47,10.1,
S1,blue_surface_displacement,8.785556,10.1,mm,left_mm,2025-7-7 22:47,10.1,
S1,blue_surface_displacement,8.786667,10.1,mm,left_mm,2025-7-7 22:47,10.1,
S1,blue_surface_displacement,8.787778,10.1,mm,left_mm,2025-7-7 22:47,10.1,
S1,blue_surface_displacement,8.788889,10.1,mm,left_mm,2025-7-7 22:47,10.1,
S1,blue_surface_displacement,8.79,10.1,mm,left_mm,2025-7-7 22:47,10.1,
S1,blue_surface_displacement,8.791111,10.1,mm,left_mm,2025-7-7 22:47,10.1,
S1,blue_surface_displacement,8.792222,10.1,mm,left_mm,2025-7-7 22:47,10.1,
S1,blue_surface_displacement,8.793333,10.1,mm,left_mm,2025-7-7 22:47,10.1,
S1,blue_surface_displacement,8.794444,10.1,mm,left_mm,2025-7-7 22:47,10.1,
S1,blue_surface_displacement,8.795556,10.1,mm,left_mm,2025-7-7 22:47,10.1,
S1,blue_surface_displacement,8.796667,10.1,mm,left_mm,2025-7-7 22:47,10.1,
S1,blue_surface_displacement,8.797778,10.1,mm,left_mm,2025-7-7 22:47,10.1,
S1,blue_surface_displacement,8.798889,10.1,mm,left_mm,2025-7-7 22:47,10.1,
S1,blue_surface_displacement,8.8,10.1,mm,left_mm,2025-7-7 22:48,10.1,
S1,blue_surface_displacement,8.801111,10.1,mm,left_mm,2025-7-7 22:48,10.1,
S1,blue_surface_displacement,8.802222,10.1,mm,left_mm,2025-7-7 22:48,10.1,
S1,blue_surface_displacement,8.803333,10.1,mm,left_mm,2025-7-7 22:48,10.1,
S1,blue_surface_displacement,8.804444,10.1,mm,left_mm,2025-7-7 22:48,10.1,
S1,blue_surface_displacement,8.805556,10.1,mm,left_mm,2025-7-7 22:48,10.1,
S1,blue_surface_displacement,8.806667,10.1,mm,left_mm,2025-7-7 22:48,10.1,
S1,blue_surface_displacement,8.807778,10.1,mm,left_mm,2025-7-7 22:48,10.1,
S1,blue_surface_displacement,8.808889,10.1,mm,left_mm,2025-7-7 22:48,10.1,
S1,blue_surface_displacement,8.81,10.1,mm,left_mm,2025-7-7 22:48,10.1,
S1,blue_surface_displacement,8.811111,10.1,mm,left_mm,2025-7-7 22:48,10.1,
S1,blue_surface_displacement,8.812222,10.1,mm,left_mm,2025-7-7 22:48,10.1,
S1,blue_surface_displacement,8.813333,10.1,mm,left_mm,2025-7-7 22:48,10.1,
S1,blue_surface_displacement,8.814444,10.1,mm,left_mm,2025-7-7 22:48,10.1,
S1,blue_surface_displacement,8.815556,10.1,mm,left_mm,2025-7-7 22:48,10.1,
S1,blue_surface_displacement,8.816667,10.1,mm,left_mm,2025-7-7 22:49,10.1,
S1,blue_surface_displacement,8.817778,10.1,mm,left_mm,2025-7-7 22:49,10.1,
S1,blue_surface_displacement,8.818889,10.1,mm,left_mm,2025-7-7 22:49,10.1,
S1,blue_surface_displacement,8.82,10.1,mm,left_mm,2025-7-7 22:49,10.1,
S1,blue_surface_displacement,8.821111,10.1,mm,left_mm,2025-7-7 22:49,10.1,
S1,blue_surface_displacement,8.822222,10.1,mm,left_mm,2025-7-7 22:49,10.1,
S1,blue_surface_displacement,8.823333,10.1,mm,left_mm,2025-7-7 22:49,10.1,
S1,blue_surface_displacement,8.824444,10.1,mm,left_mm,2025-7-7 22:49,10.1,
S1,blue_surface_displacement,8.825556,10.1,mm,left_mm,2025-7-7 22:49,10.1,
S1,blue_surface_displacement,8.826667,10.1,mm,left_mm,2025-7-7 22:49,10.1,
S1,blue_surface_displacement,8.827778,10.1,mm,left_mm,2025-7-7 22:49,10.1,
S1,blue_surface_displacement,8.828889,10.1,mm,left_mm,2025-7-7 22:49,10.1,
S1,blue_surface_displacement,8.83,10.1,mm,left_mm,2025-7-7 22:49,10.1,
S1,blue_surface_displacement,8.831111,10.1,mm,left_mm,2025-7-7 22:49,10.1,
S1,blue_surface_displacement,8.832222,10.1,mm,left_mm,2025-7-7 22:49,10.1,
S1,blue_surface_displacement,8.833333,10.1,mm,left_mm,2025-7-7 22:50,10.1,
S1,blue_surface_displacement,8.834444,10.1,mm,left_mm,2025-7-7 22:50,10.1,
S1,blue_surface_displacement,8.835556,10.1,mm,left_mm,2025-7-7 22:50,10.1,
S1,blue_surface_displacement,8.836667,10.2,mm,left_mm,2025-7-7 22:50,10.2,
S1,blue_surface_displacement,8.837778,10.2,mm,left_mm,2025-7-7 22:50,10.2,
S1,blue_surface_displacement,8.838889,10.3,mm,left_mm,2025-7-7 22:50,10.3,
S1,blue_surface_displacement,8.84,10.4,mm,left_mm,2025-7-7 22:50,10.4,
S1,blue_surface_displacement,8.841111,10.5,mm,left_mm,2025-7-7 22:50,10.5,
S1,blue_surface_displacement,8.842222,10.5,mm,left_mm,2025-7-7 22:50,10.5,
S1,blue_surface_displacement,8.843333,10.5,mm,left_mm,2025-7-7 22:50,10.5,
S1,blue_surface_displacement,8.844444,10.5,mm,left_mm,2025-7-7 22:50,10.5,
S1,blue_surface_displacement,8.845556,10.5,mm,left_mm,2025-7-7 22:50,10.5,
S1,blue_surface_displacement,8.846667,10.5,mm,left_mm,2025-7-7 22:50,10.5,
S1,blue_surface_displacement,8.847778,10.5,mm,left_mm,2025-7-7 22:50,10.5,
S1,blue_surface_displacement,8.848889,10.6,mm,left_mm,2025-7-7 22:50,10.6,
S1,blue_surface_displacement,8.85,10.6,mm,left_mm,2025-7-7 22:51,10.6,
S1,blue_surface_displacement,8.851111,10.6,mm,left_mm,2025-7-7 22:51,10.6,
S1,blue_surface_displacement,8.852222,10.6,mm,left_mm,2025-7-7 22:51,10.6,
S1,blue_surface_displacement,8.853333,10.6,mm,left_mm,2025-7-7 22:51,10.6,
S1,blue_surface_displacement,8.854444,10.6,mm,left_mm,2025-7-7 22:51,10.6,
S1,blue_surface_displacement,8.855556,10.6,mm,left_mm,2025-7-7 22:51,10.6,
S1,blue_surface_displacement,8.856667,10.6,mm,left_mm,2025-7-7 22:51,10.6,
S1,blue_surface_displacement,8.857778,10.6,mm,left_mm,2025-7-7 22:51,10.6,
S1,blue_surface_displacement,8.858889,10.6,mm,left_mm,2025-7-7 22:51,10.6,
S1,blue_surface_displacement,8.86,10.7,mm,left_mm,2025-7-7 22:51,10.7,
S1,blue_surface_displacement,8.861111,10.8,mm,left_mm,2025-7-7 22:51,10.8,
S1,blue_surface_displacement,8.862222,10.9,mm,left_mm,2025-7-7 22:51,10.9,
S1,blue_surface_displacement,8.863333,11.2,mm,left_mm,2025-7-7 22:51,11.2,
S1,blue_surface_displacement,8.864444,11.2,mm,left_mm,2025-7-7 22:51,11.2,
S1,blue_surface_displacement,8.865556,11.2,mm,left_mm,2025-7-7 22:51,11.2,
S1,blue_surface_displacement,8.866667,11.2,mm,left_mm,2025-7-7 22:52,11.2,
S1,blue_surface_displacement,8.867778,11.2,mm,left_mm,2025-7-7 22:52,11.2,
S1,blue_surface_displacement,8.868889,11.2,mm,left_mm,2025-7-7 22:52,11.2,
S1,blue_surface_displacement,8.87,11.2,mm,left_mm,2025-7-7 22:52,11.2,
S1,blue_surface_displacement,8.871111,11.2,mm,left_mm,2025-7-7 22:52,11.2,
S1,blue_surface_displacement,8.872222,11.2,mm,left_mm,2025-7-7 22:52,11.2,
S1,blue_surface_displacement,8.873333,11.2,mm,left_mm,2025-7-7 22:52,11.2,
S1,blue_surface_displacement,8.874444,11.2,mm,left_mm,2025-7-7 22:52,11.2,
S1,blue_surface_displacement,8.875556,11.2,mm,left_mm,2025-7-7 22:52,11.2,
S1,blue_surface_displacement,8.876667,11.2,mm,left_mm,2025-7-7 22:52,11.2,
S1,blue_surface_displacement,8.877778,11.2,mm,left_mm,2025-7-7 22:52,11.2,
S1,blue_surface_displacement,8.878889,11.2,mm,left_mm,2025-7-7 22:52,11.2,
S1,blue_surface_displacement,8.88,11.2,mm,left_mm,2025-7-7 22:52,11.2,
S1,blue_surface_displacement,8.881111,11.2,mm,left_mm,2025-7-7 22:52,11.2,
S1,blue_surface_displacement,8.882222,11.2,mm,left_mm,2025-7-7 22:52,11.2,
S1,blue_surface_displacement,8.883333,11.2,mm,left_mm,2025-7-7 22:53,11.2,
S1,blue_surface_displacement,8.884444,11.2,mm,left_mm,2025-7-7 22:53,11.2,
S1,blue_surface_displacement,8.885556,11.2,mm,left_mm,2025-7-7 22:53,11.2,
S1,blue_surface_displacement,8.886667,11.2,mm,left_mm,2025-7-7 22:53,11.2,
S1,blue_surface_displacement,8.887778,11.2,mm,left_mm,2025-7-7 22:53,11.2,
S1,blue_surface_displacement,8.888889,11.2,mm,left_mm,2025-7-7 22:53,11.2,
S1,blue_surface_displacement,8.89,11.2,mm,left_mm,2025-7-7 22:53,11.2,
S1,blue_surface_displacement,8.891111,11.2,mm,left_mm,2025-7-7 22:53,11.2,
S1,blue_surface_displacement,8.892222,11.2,mm,left_mm,2025-7-7 22:53,11.2,
S1,blue_surface_displacement,8.893333,11.2,mm,left_mm,2025-7-7 22:53,11.2,
S1,blue_surface_displacement,8.894444,11.2,mm,left_mm,2025-7-7 22:53,11.2,
S1,blue_surface_displacement,8.895556,11.2,mm,left_mm,2025-7-7 22:53,11.2,
S1,blue_surface_displacement,8.896667,11.2,mm,left_mm,2025-7-7 22:53,11.2,
S1,blue_surface_displacement,8.897778,11.2,mm,left_mm,2025-7-7 22:53,11.2,
S1,blue_surface_displacement,8.898889,11.2,mm,left_mm,2025-7-7 22:53,11.2,
S1,blue_surface_displacement,8.9,11.2,mm,left_mm,2025-7-7 22:54,11.2,
S1,blue_surface_displacement,8.901111,11.2,mm,left_mm,2025-7-7 22:54,11.2,
S1,blue_surface_displacement,8.902222,11.2,mm,left_mm,2025-7-7 22:54,11.2,
S1,blue_surface_displacement,8.903333,11.2,mm,left_mm,2025-7-7 22:54,11.2,
S1,blue_surface_displacement,8.904444,11.2,mm,left_mm,2025-7-7 22:54,11.2,
S1,blue_surface_displacement,8.905556,11.2,mm,left_mm,2025-7-7 22:54,11.2,
S1,blue_surface_displacement,8.906667,11.2,mm,left_mm,2025-7-7 22:54,11.2,
S1,blue_surface_displacement,8.907778,11.2,mm,left_mm,2025-7-7 22:54,11.2,
S1,blue_surface_displacement,8.908889,11.2,mm,left_mm,2025-7-7 22:54,11.2,
S1,blue_surface_displacement,8.91,11.2,mm,left_mm,2025-7-7 22:54,11.2,
S1,blue_surface_displacement,8.911111,11.2,mm,left_mm,2025-7-7 22:54,11.2,
S1,blue_surface_displacement,8.912222,11.2,mm,left_mm,2025-7-7 22:54,11.2,
S1,blue_surface_displacement,8.913333,11.2,mm,left_mm,2025-7-7 22:54,11.2,
S1,blue_surface_displacement,8.914444,11.2,mm,left_mm,2025-7-7 22:54,11.2,
S1,blue_surface_displacement,8.915556,11.2,mm,left_mm,2025-7-7 22:54,11.2,
S1,blue_surface_displacement,8.916667,11.2,mm,left_mm,2025-7-7 22:55,11.2,
S1,blue_surface_displacement,8.917778,11.2,mm,left_mm,2025-7-7 22:55,11.2,
S1,blue_surface_displacement,8.918889,11.2,mm,left_mm,2025-7-7 22:55,11.2,
S1,blue_surface_displacement,8.92,11.2,mm,left_mm,2025-7-7 22:55,11.2,
S1,blue_surface_displacement,8.921111,11.2,mm,left_mm,2025-7-7 22:55,11.2,
S1,blue_surface_displacement,8.922222,11.3,mm,left_mm,2025-7-7 22:55,11.3,
S1,blue_surface_displacement,8.923333,11.2,mm,left_mm,2025-7-7 22:55,11.2,
S1,blue_surface_displacement,8.924444,11.2,mm,left_mm,2025-7-7 22:55,11.2,
S1,blue_surface_displacement,8.925556,11.2,mm,left_mm,2025-7-7 22:55,11.2,
S1,blue_surface_displacement,8.926667,11.2,mm,left_mm,2025-7-7 22:55,11.2,
S1,blue_surface_displacement,8.927778,11.2,mm,left_mm,2025-7-7 22:55,11.2,
S1,blue_surface_displacement,8.928889,11.2,mm,left_mm,2025-7-7 22:55,11.2,
S1,blue_surface_displacement,8.93,11.2,mm,left_mm,2025-7-7 22:55,11.2,
S1,blue_surface_displacement,8.931111,11.2,mm,left_mm,2025-7-7 22:55,11.2,
S1,blue_surface_displacement,8.932222,11.3,mm,left_mm,2025-7-7 22:55,11.3,
S1,blue_surface_displacement,8.933333,11.2,mm,left_mm,2025-7-7 22:56,11.2,
S1,blue_surface_displacement,8.934444,11.2,mm,left_mm,2025-7-7 22:56,11.2,
S1,blue_surface_displacement,8.935556,11.2,mm,left_mm,2025-7-7 22:56,11.2,
S1,blue_surface_displacement,8.936667,11.2,mm,left_mm,2025-7-7 22:56,11.2,
S1,blue_surface_displacement,8.937778,11.2,mm,left_mm,2025-7-7 22:56,11.2,
S1,blue_surface_displacement,8.938889,11.2,mm,left_mm,2025-7-7 22:56,11.2,
S1,blue_surface_displacement,8.94,11.2,mm,left_mm,2025-7-7 22:56,11.2,
S1,blue_surface_displacement,8.941111,11.2,mm,left_mm,2025-7-7 22:56,11.2,
S1,blue_surface_displacement,8.942222,11.2,mm,left_mm,2025-7-7 22:56,11.2,
S1,blue_surface_displacement,8.943333,11.2,mm,left_mm,2025-7-7 22:56,11.2,
S1,blue_surface_displacement,8.944444,11.2,mm,left_mm,2025-7-7 22:56,11.2,
S1,blue_surface_displacement,8.945556,11.2,mm,left_mm,2025-7-7 22:56,11.2,
S1,blue_surface_displacement,8.946667,11.2,mm,left_mm,2025-7-7 22:56,11.2,
S1,blue_surface_displacement,8.947778,11.2,mm,left_mm,2025-7-7 22:56,11.2,
S1,blue_surface_displacement,8.948889,11.2,mm,left_mm,2025-7-7 22:56,11.2,
S1,blue_surface_displacement,8.95,11.2,mm,left_mm,2025-7-7 22:57,11.2,
S1,blue_surface_displacement,8.951111,11.2,mm,left_mm,2025-7-7 22:57,11.2,
S1,blue_surface_displacement,8.952222,11.2,mm,left_mm,2025-7-7 22:57,11.2,
S1,blue_surface_displacement,8.953333,11.2,mm,left_mm,2025-7-7 22:57,11.2,
S1,blue_surface_displacement,8.954444,11.2,mm,left_mm,2025-7-7 22:57,11.2,
S1,blue_surface_displacement,8.955556,11.2,mm,left_mm,2025-7-7 22:57,11.2,
S1,blue_surface_displacement,8.956667,11.2,mm,left_mm,2025-7-7 22:57,11.2,
S1,blue_surface_displacement,8.957778,11.2,mm,left_mm,2025-7-7 22:57,11.2,
S1,blue_surface_displacement,8.958889,11.2,mm,left_mm,2025-7-7 22:57,11.2,
S1,blue_surface_displacement,8.96,11.2,mm,left_mm,2025-7-7 22:57,11.2,
S1,blue_surface_displacement,8.961111,11.2,mm,left_mm,2025-7-7 22:57,11.2,
S1,blue_surface_displacement,8.962222,11.2,mm,left_mm,2025-7-7 22:57,11.2,
S1,blue_surface_displacement,8.963333,11.2,mm,left_mm,2025-7-7 22:57,11.2,
S1,blue_surface_displacement,8.964444,11.2,mm,left_mm,2025-7-7 22:57,11.2,
S1,blue_surface_displacement,8.965556,11.2,mm,left_mm,2025-7-7 22:57,11.2,
S1,blue_surface_displacement,8.966667,11.2,mm,left_mm,2025-7-7 22:58,11.2,
S1,blue_surface_displacement,8.967778,11.2,mm,left_mm,2025-7-7 22:58,11.2,
S1,blue_surface_displacement,8.968889,11.2,mm,left_mm,2025-7-7 22:58,11.2,
S1,blue_surface_displacement,8.97,11.2,mm,left_mm,2025-7-7 22:58,11.2,
S1,blue_surface_displacement,8.971111,11.2,mm,left_mm,2025-7-7 22:58,11.2,
S1,blue_surface_displacement,8.972222,11.2,mm,left_mm,2025-7-7 22:58,11.2,
S1,blue_surface_displacement,8.973333,11.2,mm,left_mm,2025-7-7 22:58,11.2,
S1,blue_surface_displacement,8.974444,11.2,mm,left_mm,2025-7-7 22:58,11.2,
S1,blue_surface_displacement,8.975556,11.2,mm,left_mm,2025-7-7 22:58,11.2,
S1,blue_surface_displacement,8.976667,11.2,mm,left_mm,2025-7-7 22:58,11.2,
S1,blue_surface_displacement,8.977778,11.2,mm,left_mm,2025-7-7 22:58,11.2,
S1,blue_surface_displacement,8.978889,11.2,mm,left_mm,2025-7-7 22:58,11.2,
S1,blue_surface_displacement,8.98,11.2,mm,left_mm,2025-7-7 22:58,11.2,
S1,blue_surface_displacement,8.981111,11.2,mm,left_mm,2025-7-7 22:58,11.2,
S1,blue_surface_displacement,8.982222,11.2,mm,left_mm,2025-7-7 22:58,11.2,
S1,blue_surface_displacement,8.983333,11.2,mm,left_mm,2025-7-7 22:59,11.2,
S1,blue_surface_displacement,8.984444,11.2,mm,left_mm,2025-7-7 22:59,11.2,
S1,blue_surface_displacement,8.985556,11.2,mm,left_mm,2025-7-7 22:59,11.2,
S1,blue_surface_displacement,8.986667,11.2,mm,left_mm,2025-7-7 22:59,11.2,
S1,blue_surface_displacement,8.987778,11.2,mm,left_mm,2025-7-7 22:59,11.2,
S1,blue_surface_displacement,8.988889,11.2,mm,left_mm,2025-7-7 22:59,11.2,
S1,blue_surface_displacement,8.99,11.2,mm,left_mm,2025-7-7 22:59,11.2,
S1,blue_surface_displacement,8.991111,11.2,mm,left_mm,2025-7-7 22:59,11.2,
S1,blue_surface_displacement,8.992222,11.2,mm,left_mm,2025-7-7 22:59,11.2,
S1,blue_surface_displacement,8.993333,11.2,mm,left_mm,2025-7-7 22:59,11.2,
S1,blue_surface_displacement,8.994444,11.2,mm,left_mm,2025-7-7 22:59,11.2,
S1,blue_surface_displacement,8.995556,11.2,mm,left_mm,2025-7-7 22:59,11.2,
S1,blue_surface_displacement,8.996667,11.2,mm,left_mm,2025-7-7 22:59,11.2,
S1,blue_surface_displacement,8.997778,11.2,mm,left_mm,2025-7-7 22:59,11.2,
S1,blue_surface_displacement,8.998889,11.2,mm,left_mm,2025-7-7 22:59,11.2,
S1,blue_surface_displacement,9,11.2,mm,left_mm,2025-7-7 23:00,11.2,
S1,blue_surface_displacement,9.001111,11.2,mm,left_mm,2025-7-7 23:00,11.2,
S1,blue_surface_displacement,9.002222,11.2,mm,left_mm,2025-7-7 23:00,11.2,
S1,blue_surface_displacement,9.003333,11.2,mm,left_mm,2025-7-7 23:00,11.2,
S1,blue_surface_displacement,9.004444,11.2,mm,left_mm,2025-7-7 23:00,11.2,
S1,blue_surface_displacement,9.005556,11.2,mm,left_mm,2025-7-7 23:00,11.2,
S1,blue_surface_displacement,9.006667,11.2,mm,left_mm,2025-7-7 23:00,11.2,
S1,blue_surface_displacement,9.007778,11.2,mm,left_mm,2025-7-7 23:00,11.2,
S1,blue_surface_displacement,9.008889,11.2,mm,left_mm,2025-7-7 23:00,11.2,
S1,blue_surface_displacement,9.01,11.2,mm,left_mm,2025-7-7 23:00,11.2,
S1,blue_surface_displacement,9.011111,11.2,mm,left_mm,2025-7-7 23:00,11.2,
S1,blue_surface_displacement,9.012222,11.2,mm,left_mm,2025-7-7 23:00,11.2,
S1,blue_surface_displacement,9.013333,11.2,mm,left_mm,2025-7-7 23:00,11.2,
S1,blue_surface_displacement,9.014444,11.2,mm,left_mm,2025-7-7 23:00,11.2,
S1,blue_surface_displacement,9.015556,11.2,mm,left_mm,2025-7-7 23:00,11.2,
S1,blue_surface_displacement,9.016667,11.2,mm,left_mm,2025-7-7 23:01,11.2,
S1,blue_surface_displacement,9.017778,11.2,mm,left_mm,2025-7-7 23:01,11.2,
S1,blue_surface_displacement,9.018889,11.2,mm,left_mm,2025-7-7 23:01,11.2,
S1,blue_surface_displacement,9.02,11.2,mm,left_mm,2025-7-7 23:01,11.2,
S1,blue_surface_displacement,9.021111,11.2,mm,left_mm,2025-7-7 23:01,11.2,
S1,blue_surface_displacement,9.022222,11.2,mm,left_mm,2025-7-7 23:01,11.2,
S1,blue_surface_displacement,9.023333,11.2,mm,left_mm,2025-7-7 23:01,11.2,
S1,blue_surface_displacement,9.024444,11.2,mm,left_mm,2025-7-7 23:01,11.2,
S1,blue_surface_displacement,9.025556,11.2,mm,left_mm,2025-7-7 23:01,11.2,
S1,blue_surface_displacement,9.026667,11.2,mm,left_mm,2025-7-7 23:01,11.2,
S1,blue_surface_displacement,9.027778,11.2,mm,left_mm,2025-7-7 23:01,11.2,
S1,blue_surface_displacement,9.028889,11.2,mm,left_mm,2025-7-7 23:01,11.2,
S1,blue_surface_displacement,9.03,11.2,mm,left_mm,2025-7-7 23:01,11.2,
S1,blue_surface_displacement,9.031111,11.2,mm,left_mm,2025-7-7 23:01,11.2,
S1,blue_surface_displacement,9.032222,11.2,mm,left_mm,2025-7-7 23:01,11.2,
S1,blue_surface_displacement,9.033333,11.2,mm,left_mm,2025-7-7 23:02,11.2,
S1,blue_surface_displacement,9.034444,11.2,mm,left_mm,2025-7-7 23:02,11.2,
S1,blue_surface_displacement,9.035556,11.2,mm,left_mm,2025-7-7 23:02,11.2,
S1,blue_surface_displacement,9.036667,11.2,mm,left_mm,2025-7-7 23:02,11.2,
S1,blue_surface_displacement,9.037778,11.2,mm,left_mm,2025-7-7 23:02,11.2,
S1,blue_surface_displacement,9.038889,11.2,mm,left_mm,2025-7-7 23:02,11.2,
S1,blue_surface_displacement,9.04,11.2,mm,left_mm,2025-7-7 23:02,11.2,
S1,blue_surface_displacement,9.041111,11.2,mm,left_mm,2025-7-7 23:02,11.2,
S1,blue_surface_displacement,9.042222,11.2,mm,left_mm,2025-7-7 23:02,11.2,
S1,blue_surface_displacement,9.043333,11.2,mm,left_mm,2025-7-7 23:02,11.2,
S1,blue_surface_displacement,9.044444,11.2,mm,left_mm,2025-7-7 23:02,11.2,
S1,blue_surface_displacement,9.045556,11.2,mm,left_mm,2025-7-7 23:02,11.2,
S1,blue_surface_displacement,9.046667,11.2,mm,left_mm,2025-7-7 23:02,11.2,
S1,blue_surface_displacement,9.047778,11.2,mm,left_mm,2025-7-7 23:02,11.2,
S1,blue_surface_displacement,9.048889,11.2,mm,left_mm,2025-7-7 23:02,11.2,
S1,blue_surface_displacement,9.05,11.2,mm,left_mm,2025-7-7 23:03,11.2,
S1,blue_surface_displacement,9.051111,11.2,mm,left_mm,2025-7-7 23:03,11.2,
S1,blue_surface_displacement,9.052222,11.2,mm,left_mm,2025-7-7 23:03,11.2,
S1,blue_surface_displacement,9.053333,11.2,mm,left_mm,2025-7-7 23:03,11.2,
S1,blue_surface_displacement,9.054444,11.2,mm,left_mm,2025-7-7 23:03,11.2,
S1,blue_surface_displacement,9.055556,11.2,mm,left_mm,2025-7-7 23:03,11.2,
S1,blue_surface_displacement,9.056667,11.2,mm,left_mm,2025-7-7 23:03,11.2,
S1,blue_surface_displacement,9.057778,11.2,mm,left_mm,2025-7-7 23:03,11.2,
S1,blue_surface_displacement,9.058889,11.2,mm,left_mm,2025-7-7 23:03,11.2,
S1,blue_surface_displacement,9.06,11.2,mm,left_mm,2025-7-7 23:03,11.2,
S1,blue_surface_displacement,9.061111,11.2,mm,left_mm,2025-7-7 23:03,11.2,
S1,blue_surface_displacement,9.062222,11.2,mm,left_mm,2025-7-7 23:03,11.2,
S1,blue_surface_displacement,9.063333,11.2,mm,left_mm,2025-7-7 23:03,11.2,
S1,blue_surface_displacement,9.064444,11.2,mm,left_mm,2025-7-7 23:03,11.2,
S1,blue_surface_displacement,9.065556,11.2,mm,left_mm,2025-7-7 23:03,11.2,
S1,blue_surface_displacement,9.066667,11.2,mm,left_mm,2025-7-7 23:04,11.2,
S1,blue_surface_displacement,9.067778,11.2,mm,left_mm,2025-7-7 23:04,11.2,
S1,blue_surface_displacement,9.068889,11.2,mm,left_mm,2025-7-7 23:04,11.2,
S1,blue_surface_displacement,9.07,11.2,mm,left_mm,2025-7-7 23:04,11.2,
S1,blue_surface_displacement,9.071111,11.2,mm,left_mm,2025-7-7 23:04,11.2,
S1,blue_surface_displacement,9.072222,11.2,mm,left_mm,2025-7-7 23:04,11.2,
S1,blue_surface_displacement,9.073333,11.2,mm,left_mm,2025-7-7 23:04,11.2,
S1,blue_surface_displacement,9.074444,11.2,mm,left_mm,2025-7-7 23:04,11.2,
S1,blue_surface_displacement,9.075556,11.2,mm,left_mm,2025-7-7 23:04,11.2,
S1,blue_surface_displacement,9.076667,11.2,mm,left_mm,2025-7-7 23:04,11.2,
S1,blue_surface_displacement,9.077778,11.2,mm,left_mm,2025-7-7 23:04,11.2,
S1,blue_surface_displacement,9.078889,11.2,mm,left_mm,2025-7-7 23:04,11.2,
S1,blue_surface_displacement,9.08,11.2,mm,left_mm,2025-7-7 23:04,11.2,
S1,blue_surface_displacement,9.081111,11.2,mm,left_mm,2025-7-7 23:04,11.2,
S1,blue_surface_displacement,9.082222,11.2,mm,left_mm,2025-7-7 23:04,11.2,
S1,blue_surface_displacement,9.083333,11.2,mm,left_mm,2025-7-7 23:05,11.2,
S1,blue_surface_displacement,9.084444,11.2,mm,left_mm,2025-7-7 23:05,11.2,
S1,blue_surface_displacement,9.085556,11.2,mm,left_mm,2025-7-7 23:05,11.2,
S1,blue_surface_displacement,9.086667,11.2,mm,left_mm,2025-7-7 23:05,11.2,
S1,blue_surface_displacement,9.087778,11.2,mm,left_mm,2025-7-7 23:05,11.2,
S1,blue_surface_displacement,9.088889,11.2,mm,left_mm,2025-7-7 23:05,11.2,
S1,blue_surface_displacement,9.09,11.2,mm,left_mm,2025-7-7 23:05,11.2,
S1,blue_surface_displacement,9.091111,11.2,mm,left_mm,2025-7-7 23:05,11.2,
S1,blue_surface_displacement,9.092222,11.2,mm,left_mm,2025-7-7 23:05,11.2,
S1,blue_surface_displacement,9.093333,11.2,mm,left_mm,2025-7-7 23:05,11.2,
S1,blue_surface_displacement,9.094444,11.2,mm,left_mm,2025-7-7 23:05,11.2,
S1,blue_surface_displacement,9.095556,11.2,mm,left_mm,2025-7-7 23:05,11.2,
S1,blue_surface_displacement,9.096667,11.2,mm,left_mm,2025-7-7 23:05,11.2,
S1,blue_surface_displacement,9.097778,11.2,mm,left_mm,2025-7-7 23:05,11.2,
S1,blue_surface_displacement,9.098889,11.2,mm,left_mm,2025-7-7 23:05,11.2,
S1,blue_surface_displacement,9.1,11.2,mm,left_mm,2025-7-7 23:06,11.2,
S1,blue_surface_displacement,9.101111,11.2,mm,left_mm,2025-7-7 23:06,11.2,
S1,blue_surface_displacement,9.102222,11.2,mm,left_mm,2025-7-7 23:06,11.2,
S1,blue_surface_displacement,9.103333,11.2,mm,left_mm,2025-7-7 23:06,11.2,
S1,blue_surface_displacement,9.104444,11.2,mm,left_mm,2025-7-7 23:06,11.2,
S1,blue_surface_displacement,9.105556,11.2,mm,left_mm,2025-7-7 23:06,11.2,
S1,blue_surface_displacement,9.106667,11.2,mm,left_mm,2025-7-7 23:06,11.2,
S1,blue_surface_displacement,9.107778,11.2,mm,left_mm,2025-7-7 23:06,11.2,
S1,blue_surface_displacement,9.108889,11.2,mm,left_mm,2025-7-7 23:06,11.2,
S1,blue_surface_displacement,9.11,11.2,mm,left_mm,2025-7-7 23:06,11.2,
S1,blue_surface_displacement,9.111111,11.2,mm,left_mm,2025-7-7 23:06,11.2,
S1,blue_surface_displacement,9.112222,11.2,mm,left_mm,2025-7-7 23:06,11.2,
S1,blue_surface_displacement,9.113333,11.2,mm,left_mm,2025-7-7 23:06,11.2,
S1,blue_surface_displacement,9.114444,11.2,mm,left_mm,2025-7-7 23:06,11.2,
S1,blue_surface_displacement,9.115556,11.2,mm,left_mm,2025-7-7 23:06,11.2,
S1,blue_surface_displacement,9.116667,11.2,mm,left_mm,2025-7-7 23:07,11.2,
S1,blue_surface_displacement,9.117778,11.2,mm,left_mm,2025-7-7 23:07,11.2,
S1,blue_surface_displacement,9.118889,11.2,mm,left_mm,2025-7-7 23:07,11.2,
S1,blue_surface_displacement,9.12,11.2,mm,left_mm,2025-7-7 23:07,11.2,
S1,blue_surface_displacement,9.121111,11.2,mm,left_mm,2025-7-7 23:07,11.2,
S1,blue_surface_displacement,9.122222,11.2,mm,left_mm,2025-7-7 23:07,11.2,
S1,blue_surface_displacement,9.123333,11.2,mm,left_mm,2025-7-7 23:07,11.2,
S1,blue_surface_displacement,9.124444,11.2,mm,left_mm,2025-7-7 23:07,11.2,
S1,blue_surface_displacement,9.125556,11.2,mm,left_mm,2025-7-7 23:07,11.2,
S1,blue_surface_displacement,9.126667,11.2,mm,left_mm,2025-7-7 23:07,11.2,
S1,blue_surface_displacement,9.127778,11.2,mm,left_mm,2025-7-7 23:07,11.2,
S1,blue_surface_displacement,9.128889,11.2,mm,left_mm,2025-7-7 23:07,11.2,
S1,blue_surface_displacement,9.13,11.2,mm,left_mm,2025-7-7 23:07,11.2,
S1,blue_surface_displacement,9.131111,11.2,mm,left_mm,2025-7-7 23:07,11.2,
S1,blue_surface_displacement,9.132222,11.2,mm,left_mm,2025-7-7 23:07,11.2,
S1,blue_surface_displacement,9.133333,11.2,mm,left_mm,2025-7-7 23:08,11.2,
S1,blue_surface_displacement,9.134444,11.2,mm,left_mm,2025-7-7 23:08,11.2,
S1,blue_surface_displacement,9.135556,11.2,mm,left_mm,2025-7-7 23:08,11.2,
S1,blue_surface_displacement,9.136667,11.2,mm,left_mm,2025-7-7 23:08,11.2,
S1,blue_surface_displacement,9.137778,11.2,mm,left_mm,2025-7-7 23:08,11.2,
S1,blue_surface_displacement,9.138889,11.2,mm,left_mm,2025-7-7 23:08,11.2,
S1,blue_surface_displacement,9.14,11.2,mm,left_mm,2025-7-7 23:08,11.2,
S1,blue_surface_displacement,9.141111,11.2,mm,left_mm,2025-7-7 23:08,11.2,
S1,blue_surface_displacement,9.142222,11.2,mm,left_mm,2025-7-7 23:08,11.2,
S1,blue_surface_displacement,9.143333,11.2,mm,left_mm,2025-7-7 23:08,11.2,
S1,blue_surface_displacement,9.144444,11.2,mm,left_mm,2025-7-7 23:08,11.2,
S1,blue_surface_displacement,9.145556,11.2,mm,left_mm,2025-7-7 23:08,11.2,
S1,blue_surface_displacement,9.146667,11.2,mm,left_mm,2025-7-7 23:08,11.2,
S1,blue_surface_displacement,9.147778,11.2,mm,left_mm,2025-7-7 23:08,11.2,
S1,blue_surface_displacement,9.148889,11.2,mm,left_mm,2025-7-7 23:08,11.2,
S1,blue_surface_displacement,9.15,11.2,mm,left_mm,2025-7-7 23:09,11.2,
S1,red_main_damage_core_size,3.56,1484,voxels,right_voxels_log,,,1484
S1,red_main_damage_core_size,4.2,270,voxels,right_voxels_log,,,270
S1,red_main_damage_core_size,5.56,3851,voxels,right_voxels_log,,,3851
S1,red_main_damage_core_size,7,11346,voxels,right_voxels_log,,,11346
S1,red_main_damage_core_size,7.7,27870,voxels,right_voxels_log,,,27870
S1,red_main_damage_core_size,8.13,39829,voxels,right_voxels_log,,,39829
S1,red_main_damage_core_size,8.63,43203,voxels,right_voxels_log,,,43203
