Time,Ch245-247
06:54.0,0
06:55.0,-1.64E-05
06:56.0,-2.31E-05
06:57.0,-2.29E-05
06:58.0,-1.80E-05
06:59.0,3.755748e-05
07:00.0,5.668411e-05
07:01.0,4.9877977e-05
07:02.0,6.565705e-05
07:03.0,5.8315014e-05
07:04.0,4.6196626e-05
07:05.0,5.08005e-05
07:06.0,4.856654e-05
07:07.0,8.2230246e-05
07:08.0,8.702919e-05
07:09.0,7.97665e-05
07:10.0,7.2402974e-05
07:11.0,5.8732672e-05
07:12.0,6.6814115e-05
07:13.0,9.014618e-05
07:14.0,7.186581e-05
07:15.0,8.213101e-05
07:16.0,0.000106036
07:17.0,0.000100867
07:18.0,9.320604e-05
07:19.0,7.6655466e-05
07:20.0,8.6474385e-05
07:21.0,8.4774816e-05
07:22.0,0.000108391
07:23.0,0.000129681
07:24.0,0.000132306
07:24.9,0.000108088
07:25.9,5.974102e-05
07:26.9,4.8044687e-05
07:27.9,5.8076654e-05
07:28.9,6.164473e-05
07:29.9,6.920234e-05
07:30.9,8.847438e-05
07:31.9,0.000104305
07:32.9,0.000103598
07:33.9,8.5875836e-05
07:34.9,6.79394e-05
07:35.9,8.599827e-05
07:36.9,0.000102821
07:37.9,9.381739e-05
07:38.9,9.664127e-05
07:39.9,8.9961926e-05
07:40.9,9.525021e-05
07:41.9,8.9689696e-05
07:42.9,6.5983724e-05
07:43.9,3.8023278e-05
07:44.9,4.5692417e-05
07:45.9,4.8885555e-05
07:46.9,3.6763122e-05
07:47.9,5.1899267e-05
07:48.9,3.566124e-05
07:49.9,3.536991e-05
07:50.9,3.1682794e-05
07:51.9,4.525036e-05
07:52.9,4.6020214e-05
07:53.9,5.770281e-05
07:54.9,6.2084124e-05
07:55.9,8.721179e-05
07:56.9,9.329127e-05
07:57.9,7.606414e-05
07:58.9,7.969658e-05
07:59.9,8.675656e-05
08:00.9,0.000108091
08:01.9,0.000136918
08:02.9,0.000156448
08:03.9,0.000190726
08:04.9,0.00020564
08:05.9,0.000196129
08:06.9,0.00019202
08:07.9,0.000189567
08:08.9,0.000175572
08:09.9,0.000171941
08:10.9,0.000152821
08:11.9,0.000143726
08:12.9,0.000141523
08:13.9,0.000135057
08:14.9,0.000133702
08:15.9,0.000137001
08:16.9,0.000131268
08:17.9,0.000132008
08:18.9,0.000127505
08:19.9,0.000127642
08:20.9,0.000133088
08:21.9,0.000143078
08:22.9,0.000155971
08:23.9,0.000130014
08:24.9,0.000133549
08:25.8,0.000130508
08:26.8,0.00014993
08:27.8,0.000186063
08:28.8,0.000179045
08:29.8,0.000144971
08:30.8,0.000136174
08:31.8,0.000145247
08:32.8,0.000143241
08:33.8,0.000135618
08:34.8,0.000117879
08:35.8,0.000129787
08:36.8,0.000137953
08:37.8,0.000121849
08:38.8,0.000121682
08:39.8,0.000123909
08:40.8,9.936756e-05
08:41.8,0.000110682
08:42.8,0.000111572
08:43.8,0.000120548
08:44.8,0.000143583
08:45.8,0.000152819
08:46.8,0.000162185
08:47.8,0.000173402
08:48.8,0.000151243
08:49.8,0.000153129
08:50.8,0.000180001
08:51.8,0.000194129
08:52.8,0.000177149
08:53.8,0.000167036
08:54.8,0.000151365
08:55.8,0.000133716
08:56.8,0.000127467
08:57.8,0.000125431
08:58.8,0.000111405
08:59.8,0.000129883
09:00.8,0.000136058
09:01.8,0.000142723
09:02.8,0.000163696
09:03.8,0.000166855
09:04.8,0.00016012
09:05.8,0.000183963
09:06.8,0.000170702
09:07.8,0.000168251
09:08.8,0.000164229
09:09.8,0.000146788
09:10.8,0.000140653
09:11.8,0.000150741
09:12.8,0.000153734
09:13.8,0.000145647
09:14.8,0.000155377
09:15.8,0.000185305
09:16.8,0.000165696
09:17.8,0.000170057
09:18.8,0.000189265
09:19.8,0.000201788
09:20.8,0.000196717
09:21.8,0.000186762
09:22.8,0.000192757
09:23.8,0.00018368
09:24.8,0.000178963
09:25.8,0.000179834
09:26.7,0.000193008
09:27.7,0.000188641
09:28.7,0.00021421
09:29.7,0.000210841
09:30.7,0.000224067
09:31.7,0.000217947
09:32.7,0.000215524
09:33.7,0.00022129
09:34.7,0.000204778
09:35.7,0.000199871
09:36.7,0.00021162
09:37.7,0.00019987
09:38.7,0.000180993
09:39.7,0.000185514
09:40.7,0.000174294
09:41.7,0.000165779
09:42.7,0.00017648
09:43.7,0.000159387
09:44.7,0.00018702
09:45.7,0.000192442
09:46.7,0.00019537
09:47.7,0.000204207
09:48.7,0.000195504
09:49.7,0.00020044
09:50.7,0.000214174
09:51.7,0.00022783
09:52.7,0.000220582
09:53.7,0.000244891
09:54.7,0.000277433
09:55.7,0.000275429
09:56.7,0.000284552
09:57.7,0.000277344
09:58.7,0.000252648
09:59.7,0.000244711
10:00.7,0.000205818
10:01.7,0.000230764
10:02.7,0.000270032
10:03.7,0.000267243
10:04.7,0.000266207
10:05.7,0.00026051
10:06.7,0.000275127
10:07.7,0.000262326
10:08.7,0.000254527
10:09.7,0.000265272
10:10.7,0.000252059
10:11.7,0.000273716
10:12.7,0.000274778
10:13.7,0.000274771
10:14.7,0.000279082
10:15.7,0.000276297
10:16.7,0.000280803
10:17.7,0.000279392
10:18.7,0.000292997
10:19.7,0.00030698
10:20.7,0.000281033
10:21.7,0.000273942
10:22.7,0.000275778
10:23.7,0.000324725
10:24.7,0.0003923
10:25.7,0.000396168
10:26.7,0.000367791
10:27.6,0.000362151
10:28.6,0.000336797
10:29.6,0.000337359
10:30.6,0.000329082
10:31.6,0.000333088
10:32.6,0.000273091
10:33.6,0.000274726
10:34.6,0.000250177
10:35.6,0.000195105
10:36.6,0.000195412
10:37.6,0.00017651
10:38.6,0.000180253
10:39.6,0.000199834
10:40.6,0.000233029
10:41.6,0.000219721
10:42.6,0.000248144
10:43.6,0.000262886
10:44.6,0.000277787
10:45.6,0.000253803
10:46.6,0.000213059
10:47.6,0.000238166
10:48.6,0.000246868
10:49.6,0.000225134
10:50.6,0.000237627
10:51.6,0.000210666
10:52.6,0.000214865
10:53.6,0.0002114
10:54.6,0.000222149
10:55.6,0.000231443
10:56.6,0.000236404
10:57.6,0.000254357
10:58.6,0.000225295
10:59.6,0.00024045
11:00.6,0.000244482
11:01.6,0.000229264
11:02.6,0.000201548
11:03.6,0.000183443
11:04.6,0.000204492
11:05.6,0.000212892
11:06.6,0.000233909
11:07.6,0.000244972
11:08.6,0.000217019
11:09.6,0.000202888
11:10.6,0.000200816
11:11.6,0.000218676
11:12.6,0.00021945
11:13.6,0.00022863
11:14.6,0.000234401
11:15.6,0.000236481
11:16.6,0.000252486
11:17.6,0.000251104
11:18.6,0.000225673
11:19.6,0.000217383
11:20.6,0.00018613
11:21.6,0.000188023
11:22.6,0.000205941
11:23.6,0.000177267
11:24.6,0.00016289
11:25.6,0.000129407
11:26.6,0.000140176
11:27.6,0.000183737
11:28.6,0.000196471
11:29.5,0.000178819
11:30.5,0.00015179
11:31.5,0.000136657
11:32.5,0.000134236
11:33.5,0.000106529
11:34.5,9.2155555e-05
11:35.5,9.737664e-05
11:36.5,8.8635e-05
11:37.5,0.000104352
11:38.5,0.000133184
11:39.5,0.000170616
11:40.5,0.000193631
11:41.5,0.000211259
11:42.5,0.00021361
11:43.5,0.000196778
11:44.5,0.000208364
11:45.5,0.000201448
11:46.5,0.000198058
11:47.5,0.000186062
11:48.5,0.000183882
11:49.5,0.000191206
11:50.5,0.000183214
11:51.5,0.000184352
11:52.5,0.000162018
11:53.5,0.000166105
11:54.5,0.000183971
11:55.5,0.000153113
11:56.5,0.000168734
11:57.5,0.000169175
11:58.5,0.000156876
11:59.5,0.000133447
12:00.5,0.000151346
12:01.5,0.000177358
12:02.5,0.000182778
12:03.5,0.000169094
12:04.5,0.000167812
12:05.5,0.000193351
12:06.5,0.000199679
12:07.5,0.00018497
12:08.5,0.000214376
12:09.5,0.000242193
12:10.5,0.000245639
12:11.5,0.000235435
12:12.5,0.000265783
12:13.5,0.000290967
12:14.5,0.000275242
12:15.5,0.00027731
12:16.5,0.000302194
12:17.5,0.000294448
12:18.5,0.000328843
12:19.5,0.000348223
12:20.5,0.000344691
12:21.5,0.000316954
12:22.5,0.000313994
12:23.5,0.000295819
12:24.5,0.000293679
12:25.5,0.00027641
12:26.5,0.000290872
12:27.5,0.000299962
12:28.5,0.000279237
12:29.5,0.000257731
12:30.4,0.00023149
12:31.4,0.000226665
12:32.4,0.00022086
12:33.4,0.000220587
12:34.4,0.000219177
12:35.4,0.000227855
12:36.4,0.000234888
12:37.4,0.000222648
12:38.4,0.000226646
12:39.4,0.000202743
12:40.4,0.000184714
12:41.4,0.000172207
12:42.4,0.000175971
12:43.4,0.000174322
12:44.4,0.00014948
12:45.4,0.000134566
12:46.4,9.637566e-05
12:47.4,6.887351e-05
12:48.4,7.931361e-05
12:49.4,8.4452375e-05
12:50.4,5.974294e-05
12:51.4,6.837122e-05
12:52.4,6.4096326e-05
12:53.4,5.4153938e-05
12:54.4,6.631312e-05
12:55.4,5.6745117e-05
12:56.4,4.4112585e-05
12:57.4,5.2768428e-05
12:58.4,4.8790742e-05
12:59.4,5.1957093e-05
13:00.4,4.5446493e-05
13:01.4,1.9414489e-05
13:02.4,1.73807e-05
13:03.4,6.7091128e-06
13:04.4,1.5007439e-05
13:05.4,1.8987423e-05
13:06.4,3.1429147e-06
13:07.4,-3.54E-07
13:08.4,-1.49E-05
13:09.4,-1.25E-05
13:10.4,-1.82E-05
13:11.4,-1.29E-05
13:12.4,-1.06E-05
13:13.4,-1.16E-05
13:14.4,-1.45E-05
13:15.4,-2.21E-06
13:16.4,8.6964e-06
13:17.4,-2.45E-05
13:18.4,-2.03E-05
13:19.4,-3.67E-05
13:20.4,-2.57E-05
13:21.4,-2.91E-05
13:22.4,-3.74E-05
13:23.4,-2.25E-05
13:24.4,-3.63E-05
13:25.4,2.234975e-06
13:26.4,1.4580717e-05
13:27.4,-7.62E-06
13:28.4,4.0733166e-06
13:29.4,1.0614719e-05
13:30.4,1.0839489e-05
13:31.3,3.1620184e-05
13:32.3,2.9191066e-05
13:33.3,2.890828e-05
13:34.3,2.1760125e-05
13:35.3,1.658202e-05
13:36.3,3.0499948e-05
13:37.3,3.9679133e-05
13:38.3,4.9381095e-05
13:39.3,5.82961e-05
13:40.3,4.058998e-05
13:41.3,3.133915e-05
13:42.3,2.1418417e-05
13:43.3,-4.77E-07
13:44.3,-1.07E-05
13:45.3,-2.14E-05
13:46.3,-6.67E-05
13:47.3,-5.16E-05
13:48.3,-3.21E-05
13:49.3,-5.52E-05
13:50.3,-7.26E-05
13:51.3,-7.49E-05
13:52.3,-6.57E-05
13:53.3,-7.50E-05
13:54.3,-8.29E-05
13:55.3,-8.15E-05
13:56.3,-7.92E-05
13:57.3,-0.000109858
13:58.3,-0.000109203
13:59.3,-0.000109157
14:00.3,-0.000116412
14:01.3,-0.000111641
14:02.3,-9.04E-05
14:03.3,-4.19E-05
14:04.3,-3.99E-05
14:05.3,-4.92E-05
14:06.3,-4.13E-05
14:07.3,-4.80E-05
14:08.3,-4.41E-05
14:09.3,-4.32E-05
14:10.3,-4.83E-05
14:11.3,-4.00E-05
14:12.3,-2.78E-05
14:13.3,-5.87E-05
14:14.3,-4.24E-05
14:15.3,-3.69E-05
14:16.3,-2.37E-05
14:17.3,-3.85E-05
14:18.3,-5.24E-05
14:19.3,-6.33E-05
14:20.3,-8.91E-05
14:21.3,-7.72E-05
14:22.3,-7.89E-05
14:23.3,-7.62E-05
14:24.3,-5.69E-05
14:25.3,-5.98E-05
14:26.3,-5.82E-05
14:27.3,-5.48E-05
14:28.3,-5.86E-05
14:29.3,-3.25E-05
14:30.3,-1.20E-05
14:31.3,-1.01E-05
14:32.2,1.2171429e-05
14:33.2,1.7224664e-05
14:34.2,-4.00E-06
14:35.2,-4.46E-06
14:36.2,8.13076e-06
14:37.2,2.1734759e-05
14:38.2,3.1450018e-05
14:39.2,3.468775e-05
14:40.2,2.5482328e-05
14:41.2,2.1063775e-05
14:42.2,3.948559e-05
14:43.2,7.0808564e-05
14:44.2,9.602359e-05
14:45.2,0.000106685
14:46.2,7.98597e-05
14:47.2,7.4215335e-05
14:48.2,5.8604513e-05
14:49.2,8.919239e-05
14:50.2,9.876411e-05
14:51.2,8.2726e-05
14:52.2,6.4342305e-05
14:53.2,7.952954e-05
14:54.2,5.8879305e-05
14:55.2,5.536791e-05
14:56.2,5.5265482e-05
14:57.2,6.4778826e-05
14:58.2,0.000104271
14:59.2,0.000126346
15:00.2,0.000143111
15:01.2,8.706967e-05
15:02.2,7.597697e-05
15:03.2,6.47075e-05
15:04.2,8.5940446e-05
15:05.2,5.512768e-05
15:06.2,2.0712998e-05
15:07.2,1.3963002e-05
15:08.2,2.0959744e-05
15:09.2,-4.49E-06
15:10.2,-2.33E-05
15:11.2,-1.95E-05
15:12.2,2.1939074e-06
15:13.2,6.389412e-06
15:14.2,-1.69E-05
15:15.2,-3.90E-05
15:16.2,-4.94E-05
15:17.2,-6.45E-05
15:18.2,-0.000119635
15:19.2,-0.000180638
15:20.2,-0.000184475
15:21.2,-0.000204306
15:22.2,-0.0002249
15:23.2,-0.000215033
15:24.2,-0.000200234
15:25.2,-0.000178927
15:26.2,-0.000245488
15:27.2,-0.000288096
15:28.2,-0.000304371
15:29.2,-0.000288062
15:30.2,-0.000304874
15:31.2,-0.000293804
15:32.2,-0.000265707
15:33.1,-0.000242769
15:34.1,-0.000256755
15:35.1,-0.000279295
15:36.1,-0.000260239
15:37.1,-0.000234846
15:38.1,-0.0002219
15:39.1,-0.000250442
15:40.1,-0.000256417
15:41.1,-0.000259284
15:42.1,-0.000255469
15:43.1,-0.000241933
15:44.1,-0.000220949
15:45.1,-0.000195094
15:46.1,-0.000179164
15:47.1,-0.000166558
15:48.1,-0.000141538
15:49.1,-0.000150054
15:50.1,-0.00015884
15:51.1,-0.000158097
15:52.1,-0.000160204
15:53.1,-0.000178246
15:54.1,-0.000159913
15:55.1,-0.000165143
15:56.1,-0.000156905
15:57.1,-0.000145685
15:58.1,-0.000148877
15:59.1,-0.000132919
16:00.1,-0.00013651
16:01.1,-0.000128495
16:02.1,-0.000130948
16:03.1,-0.000156532
16:04.1,-0.000173186
16:05.1,-0.000170179
16:06.1,-0.000186058
16:07.1,-0.000153987
16:08.1,-0.000175386
16:09.1,-0.000196688
16:10.1,-0.000174753
16:11.1,-0.000167924
16:12.1,-0.000173707
16:13.1,-0.000160942
16:14.1,-0.000151622
16:15.1,-0.000114332
16:16.1,-0.000108495
16:17.1,-7.00E-05
16:18.1,-3.99E-05
16:19.1,-2.21E-05
16:20.1,-1.44E-05
16:21.1,1.4841462e-05
16:22.1,3.880096e-05
16:23.1,4.9031063e-05
16:24.1,4.223368e-05
16:25.1,5.432044e-05
16:26.1,3.8251863e-05
16:27.1,2.9831901e-05
16:28.1,3.939595e-05
16:29.1,2.3761526e-05
16:30.1,5.0518306e-06
16:31.1,1.2430237e-05
16:32.1,6.3636508e-06
16:33.1,4.9251153e-06
16:34.0,1.2202575e-05
16:35.0,1.6252883e-05
16:36.0,1.0041059e-05
16:37.0,9.348778e-06
16:38.0,1.3674524e-05
16:39.0,3.3641696e-05
16:40.0,2.2934828e-05
16:41.0,1.1454605e-06
16:42.0,1.6949516e-06
16:43.0,-1.40E-05
16:44.0,-1.82E-05
16:45.0,-3.88E-06
16:46.0,3.416817e-06
16:47.0,3.4319277e-05
16:48.0,6.3362786e-05
16:49.0,7.4348805e-05
16:50.0,6.909662e-05
16:51.0,5.1313484e-05
16:52.0,3.923152e-05
16:53.0,1.5475613e-05
16:54.0,0
16:55.0,-3.47E-05
16:56.0,-8.43E-05
16:57.0,-7.60E-05
16:58.0,-8.63E-05
16:59.0,-0.000102719
17:00.0,-9.18E-05
17:01.0,-0.000114547
17:02.0,-0.000118765
17:03.0,-0.000118162
17:04.0,-0.000105651
17:05.0,-7.55E-05
17:06.0,-5.02E-05
17:07.0,-5.93E-05
17:08.0,-5.17E-05
17:09.0,-4.39E-05
17:10.0,-3.18E-05
17:11.0,-3.16E-05
17:12.0,-3.59E-05
17:13.0,-5.05E-05
17:14.0,-6.01E-05
17:15.0,-3.79E-05
17:16.0,-4.20E-05
17:17.0,-7.13E-05
17:18.0,-7.30E-05
17:19.0,-6.16E-05
17:20.0,-6.84E-05
17:21.0,-7.80E-05
17:22.0,-6.67E-05
17:23.0,-3.88E-05
17:24.0,-3.06E-05
17:25.0,-5.39E-05
17:26.0,-7.48E-05
17:27.0,-9.51E-05
17:28.0,-9.01E-05
17:29.0,-8.14E-05
17:30.0,-6.81E-05
17:31.0,-5.92E-05
17:32.0,-5.16E-05
17:33.0,-6.16E-05
17:34.0,-5.86E-05
17:34.9,-6.91E-05
17:35.9,-8.07E-05
17:36.9,-9.63E-05
17:37.9,-0.000116679
17:38.9,-0.000150155
17:39.9,-0.000186998
17:40.9,-0.000203836
17:41.9,-0.000217763
17:42.9,-0.000216556
17:43.9,-0.000208682
17:44.9,-0.000179185
17:45.9,-0.000183876
17:46.9,-0.000163118
17:47.9,-0.000170242
17:48.9,-0.000138878
17:49.9,-0.000110079
17:50.9,-0.000112424
17:51.9,-8.55E-05
17:52.9,-7.58E-05
17:53.9,-9.93E-05
17:54.9,-5.98E-05
17:55.9,-5.42E-05
17:56.9,-5.67E-05
17:57.9,-6.31E-05
17:58.9,-7.91E-05
17:59.9,-9.73E-05
18:00.9,-0.000121639
18:01.9,-0.000152533
18:02.9,-0.000165857
18:03.9,-0.000143924
18:04.9,-0.000101895
18:05.9,-8.73E-05
18:06.9,-9.02E-05
18:07.9,-9.41E-05
18:08.9,-9.59E-05
18:09.9,-0.000124366
18:10.9,-0.000119138
18:11.9,-0.000125344
18:12.9,-0.000147138
18:13.9,-0.00013658
18:14.9,-0.000104264
18:15.9,-7.91E-05
18:16.9,-5.13E-05
18:17.9,-5.80E-05
18:18.9,-7.69E-05
18:19.9,-8.61E-05
18:20.9,-0.000112168
18:21.9,-0.000132082
18:22.9,-0.000126215
18:23.9,-0.000124231
18:24.9,-0.000120302
18:25.9,-0.000105266
18:26.9,-0.000100689
18:27.9,-0.00010067
18:28.9,-6.87E-05
18:29.9,-7.87E-05
18:30.9,-7.63E-05
18:31.9,-4.99E-05
18:32.9,-2.46E-05
18:33.9,-6.18E-06
18:34.9,-1.57E-05
18:35.8,-2.11E-05
18:36.8,-4.25E-05
18:37.8,-4.71E-05
18:38.8,-1.96E-05
18:39.8,3.4058092e-05
18:40.8,7.215321e-05
18:41.8,7.098484e-05
18:42.8,6.693314e-05
18:43.8,9.01454e-05
18:44.8,6.97627e-05
18:45.8,5.4488653e-05
18:46.8,7.4220225e-05
18:47.8,9.733515e-05
18:48.8,0.000115528
18:49.8,0.000125607
18:50.8,0.000113882
18:51.8,9.703433e-05
18:52.8,8.476529e-05
18:53.8,8.9969435e-05
18:54.8,9.613526e-05
18:55.8,0.000129618
18:56.8,0.000139815
18:57.8,0.000132116
18:58.8,0.000127115
18:59.8,0.000127831
19:00.8,0.000125839
19:01.8,0.000141691
19:02.8,0.000155254
19:03.8,0.000179156
19:04.8,0.000203663
19:05.8,0.000200394
19:06.8,0.000231297
19:07.8,0.000262412
19:08.8,0.000290718
19:09.8,0.000279235
19:10.8,0.000275152
19:11.8,0.000279644
19:12.8,0.000263518
19:13.8,0.000272279
19:14.8,0.000247676
19:15.8,0.00020865
19:16.8,0.000230803
19:17.8,0.000236974
19:18.8,0.000233361
19:19.8,0.000255044
19:20.8,0.000251435
19:21.8,0.000241237
19:22.8,0.000251067
19:23.8,0.000271648
19:24.8,0.00029599
19:25.8,0.000294839
19:26.8,0.000305996
19:27.8,0.000308823
19:28.8,0.000298743
19:29.8,0.000295021
19:30.8,0.000268578
19:31.8,0.000238729
19:32.8,0.000254054
19:33.8,0.000254012
19:34.8,0.00025641
19:35.8,0.000259849
19:36.7,0.00028532
19:37.7,0.000278093
19:38.7,0.000272946
19:39.7,0.000288881
19:40.7,0.000287476
19:41.7,0.00029784
19:42.7,0.0002831
19:43.7,0.000276585
19:44.7,0.000251995
19:45.7,0.000257645
19:46.7,0.000253775
19:47.7,0.000244951
19:48.7,0.000265285
19:49.7,0.000281567
19:50.7,0.000269455
19:51.7,0.000255212
19:52.7,0.000244504
19:53.7,0.000239104
19:54.7,0.000244839
19:55.7,0.000255517
19:56.7,0.000272353
19:57.7,0.000261987
19:58.7,0.000253965
19:59.7,0.000245954
20:00.7,0.000260439
20:01.7,0.000270005
20:02.7,0.000280344
20:03.7,0.000291084
20:04.7,0.000297972
20:05.7,0.00030516
20:06.7,0.000289471
20:07.7,0.000296215
20:08.7,0.000293711
20:09.7,0.000292668
20:10.7,0.000295937
20:11.7,0.00029183
20:12.7,0.000272615
20:13.7,0.000254349
20:14.7,0.000272812
20:15.7,0.000264984
20:16.7,0.00024398
20:17.7,0.000256347
20:18.7,0.000275773
20:19.7,0.00026927
20:20.7,0.000287575
20:21.7,0.000283867
20:22.7,0.000283098
20:23.7,0.000269709
20:24.7,0.000286164
20:25.7,0.000306663
20:26.7,0.000307003
20:27.7,0.000316212
20:28.7,0.000297548
20:29.7,0.000291768
20:30.7,0.000284059
20:31.7,0.000292128
20:32.7,0.00028963
20:33.7,0.000269213
20:34.7,0.000275557
20:35.7,0.000281881
20:36.7,0.000299969
20:37.7,0.000317712
20:38.6,0.000324193
20:39.6,0.000318727
20:40.6,0.000340064
20:41.6,0.000342314
20:42.6,0.000370173
20:43.6,0.000371736
20:44.6,0.000379377
20:45.6,0.000393471
20:46.6,0.000409657
20:47.6,0.0003843
20:48.6,0.000375969
20:49.6,0.000377451
20:50.6,0.000389036
20:51.6,0.000399882
20:52.6,0.000393039
20:53.6,0.000402297
20:54.6,0.00040835
20:55.6,0.000414115
20:56.6,0.000405979
20:57.6,0.000396096
20:58.6,0.000389011
20:59.6,0.000375287
21:00.6,0.000396521
21:01.6,0.000399832
21:02.6,0.000402143
21:03.6,0.000404225
21:04.6,0.000401681
21:05.6,0.000396817
21:06.6,0.000393543
21:07.6,0.000420939
21:08.6,0.000424523
21:09.6,0.000443938
21:10.6,0.000444204
21:11.6,0.000441865
21:12.6,0.000438474
21:13.6,0.000424333
21:14.6,0.000402616
21:15.6,0.000399548
21:16.6,0.000407697
21:17.6,0.000394912
21:18.6,0.000381809
21:19.6,0.000367771
21:20.6,0.000370765
21:21.6,0.000373751
21:22.6,0.000371803
21:23.6,0.000368837
21:24.6,0.000345502
21:25.6,0.00035631
21:26.6,0.000344243
21:27.6,0.000334474
21:28.6,0.000327223
21:29.6,0.000326642
21:30.6,0.000322612
21:31.6,0.000315924
21:32.6,0.00030157
21:33.6,0.000326518
21:34.6,0.000317939
21:35.6,0.000311074
21:36.6,0.000293923
21:37.6,0.00027223
21:38.6,0.000260769
21:39.5,0.000275144
21:40.5,0.000289964
21:41.5,0.000293054
21:42.5,0.000282797
21:43.5,0.000292113
21:44.5,0.000310429
21:45.5,0.00031571
21:46.5,0.00031904
21:47.5,0.000340842
21:48.5,0.000356174
21:49.5,0.000356068
21:50.5,0.000356837
21:51.5,0.000366141
21:52.5,0.000377628
21:53.5,0.000382042
21:54.5,0.000379638
21:55.5,0.000382272
21:56.5,0.000381905
21:57.5,0.000391307
21:58.5,0.000388469
21:59.5,0.000354078
22:00.5,0.000319791
22:01.5,0.000325568
22:02.5,0.000338161
22:03.5,0.000353036
22:04.5,0.000343659
22:05.5,0.000325465
22:06.5,0.000333296
22:07.5,0.000344617
22:08.5,0.00035212
22:09.5,0.0003426
22:10.5,0.000354231
22:11.5,0.000372357
22:12.5,0.0003793
22:13.5,0.000364242
22:14.5,0.000348283
22:15.5,0.000329587
22:16.5,0.000317685
22:17.5,0.000312831
22:18.5,0.000330018
22:19.5,0.000319591
22:20.5,0.00030987
22:21.5,0.000317022
22:22.5,0.000328001
22:23.5,0.000345544
22:24.5,0.000352065
22:25.5,0.000348804
22:26.5,0.000344242
22:27.5,0.000352522
22:28.5,0.000344549
22:29.5,0.000337815
22:30.5,0.000348463
22:31.5,0.000347456
22:32.5,0.000338358
22:33.5,0.000344517
22:34.5,0.00034401
22:35.5,0.000357009
22:36.5,0.000368705
22:37.5,0.000356594
22:38.5,0.000354277
22:39.5,0.000331489
22:40.4,0.000314993
22:41.4,0.000307371
22:42.4,0.000325417
22:43.4,0.000343841
22:44.4,0.000336898
22:45.4,0.000320862
22:46.4,0.000329418
22:47.4,0.000327184
22:48.4,0.000319696
22:49.4,0.000300961
22:50.4,0.000281338
22:51.4,0.000275811
22:52.4,0.000264978
22:53.4,0.000262995
22:54.4,0.000272637
22:55.4,0.000283199
22:56.4,0.000298128
22:57.4,0.000319009
22:58.4,0.000319551
22:59.4,0.000328962
23:00.4,0.000318923
23:01.4,0.000321067
23:02.4,0.000320726
23:03.4,0.000313005
23:04.4,0.000286626
23:05.4,0.0002901
23:06.4,0.00028806
23:07.4,0.000291235
23:08.4,0.000272366
23:09.4,0.00026343
23:10.4,0.000264481
23:11.4,0.000279786
23:12.4,0.000284633
23:13.4,0.000263487
23:14.4,0.000242321
23:15.4,0.000238519
23:16.4,0.000236568
23:17.4,0.000210456
23:18.4,0.000201849
23:19.4,0.000182663
23:20.4,0.000177903
23:21.4,0.000157302
23:22.4,0.000142145
23:23.4,0.00013565
23:24.4,0.000125686
23:25.4,0.000128547
23:26.4,0.000134242
23:27.4,0.000138002
23:28.4,0.000151405
23:29.4,0.000153633
23:30.4,0.000143106
23:31.4,0.000127974
23:32.4,0.000133786
23:33.4,0.000135118
23:34.4,0.000133814
23:35.4,0.000146898
23:36.4,0.000140391
23:37.4,0.000149342
23:38.4,0.000147852
23:39.4,0.000128676
23:40.4,0.000119989
23:41.3,0.000124743
23:42.3,0.000138251
23:43.3,0.000143491
23:44.3,0.000144382
23:45.3,0.000142649
23:46.3,0.00014494
23:47.3,0.00014933
23:48.3,0.000161651
23:49.3,0.00015872
23:50.3,0.000153653
23:51.3,0.000146559
23:52.3,0.000147192
23:53.3,0.0001501
23:54.3,0.000147612
23:55.3,0.000164359
23:56.3,0.000168051
23:57.3,0.000162236
23:58.3,0.000153608
23:59.3,0.000144004
24:00.3,0.000133668
24:01.3,0.000155354
24:02.3,0.00014218
24:03.3,0.000133669
24:04.3,0.000133363
24:05.3,0.00013479
24:06.3,0.000122336
24:07.3,0.000121885
24:08.3,0.000134554
24:09.3,0.000145918
24:10.3,0.000142164
24:11.3,0.000134088
24:12.3,0.000136405
24:13.3,0.000150393
24:14.3,0.00015375
24:15.3,0.000146588
24:16.3,0.000145841
24:17.3,0.00016429
24:18.3,0.00017067
24:19.3,0.000188133
24:20.3,0.000201882
24:21.3,0.000203729
24:22.3,0.000202745
24:23.3,0.000215719
24:24.3,0.000212967
24:25.3,0.000225614
24:26.3,0.000223933
24:27.3,0.000205235
24:28.3,0.000207592
24:29.3,0.00022207
24:30.3,0.000226697
24:31.3,0.00022588
24:32.3,0.000231224
24:33.3,0.000239291
24:34.3,0.000228246
24:35.3,0.000215402
24:36.3,0.000205823
24:37.3,0.000194005
24:38.3,0.000191442
24:39.3,0.000183883
24:40.3,0.00020068
24:41.3,0.000192519
24:42.2,0.000200393
24:43.2,0.000201219
24:44.2,0.000210669
24:45.2,0.000211318
24:46.2,0.000209639
24:47.2,0.000231693
24:48.2,0.000231686
24:49.2,0.000226755
24:50.2,0.000244962
24:51.2,0.000246437
24:52.2,0.000237063
24:53.2,0.000234969
24:54.2,0.000232407
24:55.2,0.000225688
24:56.2,0.000231967
24:57.2,0.000229737
24:58.2,0.000228837
24:59.2,0.000228068
25:00.2,0.000228413
25:01.2,0.000203688
25:02.2,0.000199744
25:03.2,0.00019975
25:04.2,0.000221793
25:05.2,0.000215915
25:06.2,0.000209512
25:07.2,0.000203054
25:08.2,0.000199829
25:09.2,0.000189948
25:10.2,0.000177299
25:11.2,0.000167715
25:12.2,0.000162281
25:13.2,0.000147044
25:14.2,0.000145109
25:15.2,0.000139247
25:16.2,0.000127161
25:17.2,0.000124519
25:18.2,0.000129969
25:19.2,0.000138528
25:20.2,0.000146843
25:21.2,0.000135651
25:22.2,0.000111967
25:23.2,8.660668e-05
25:24.2,8.342447e-05
25:25.2,7.394664e-05
25:26.2,6.4281136e-05
25:27.2,7.442626e-05
25:28.2,6.8592686e-05
25:29.2,6.507712e-05
25:30.2,6.47013e-05
25:31.2,4.1533178e-05
25:32.2,4.3488333e-05
25:33.2,2.6077842e-05
25:34.2,3.44293e-05
25:35.2,4.5369987e-05
25:36.2,3.8032824e-05
25:37.2,2.9073557e-05
25:38.2,2.4565963e-05
25:39.2,1.5259368e-05
25:40.2,1.242795e-05
25:41.2,4.982802e-05
25:42.2,6.060875e-05
25:43.1,6.9847825e-05
25:44.1,5.8875303e-05
25:45.1,6.738702e-05
25:46.1,6.250287e-05
25:47.1,5.0444592e-05
25:48.1,5.2786418e-05
25:49.1,3.741082e-05
25:50.1,3.2352185e-05
25:51.1,1.6521923e-05
25:52.1,-9.10E-06
25:53.1,-5.13E-06
25:54.1,-1.76E-05
25:55.1,-4.22E-05
25:56.1,-6.05E-05
25:57.1,-6.06E-05
25:58.1,-8.18E-05
25:59.1,-9.03E-05
26:00.1,-0.000103003
26:01.1,-9.77E-05
26:02.1,-0.000106306
26:03.1,-0.000116884
26:04.1,-0.000109371
26:05.1,-9.28E-05
26:06.1,-9.54E-05
26:07.1,-9.80E-05
26:08.1,-0.000101116
26:09.1,-9.02E-05
26:10.1,-6.50E-05
26:11.1,-5.86E-05
26:12.1,-6.87E-05
26:13.1,-6.52E-05
26:14.1,-6.11E-05
26:15.1,-5.03E-05
26:16.1,-3.47E-05
26:17.1,-3.30E-05
26:18.1,-4.34E-05
26:19.1,-4.60E-05
26:20.1,-3.58E-05
26:21.1,-2.71E-05
26:22.1,-1.72E-05
26:23.1,-2.53E-05
26:24.1,-3.21E-05
26:25.1,-3.85E-05
26:26.1,-1.96E-05
26:27.1,-3.69E-06
26:28.1,6.7641836e-06
26:29.1,2.504924e-05
26:30.1,3.6209058e-05
26:31.1,3.401823e-05
26:32.1,3.3590117e-05
26:33.1,6.117884e-05
26:34.1,7.085176e-05
26:35.1,8.9507e-05
26:36.1,0.000103884
26:37.1,7.749803e-05
26:38.1,2.920312e-05
26:39.1,9.084323e-06
26:40.1,-3.98E-06
26:41.1,3.8598228e-07
26:42.1,7.349167e-06
26:43.1,-2.67E-06
26:44.0,-1.76E-05
26:45.0,-3.26E-05
26:46.0,-3.51E-05
26:47.0,-6.05E-05
26:48.0,-7.39E-05
26:49.0,-6.99E-05
26:50.0,-8.53E-05
26:51.0,-8.13E-05
26:52.0,-9.85E-05
26:53.0,-0.000113815
26:54.0,0
26:55.0,-0.000134407
26:56.0,-0.000102062
26:57.0,-6.76E-05
26:58.0,-5.73E-05
26:59.0,-4.41E-05
27:00.0,-4.54E-05
27:01.0,-7.57E-05
27:02.0,-9.55E-05
27:03.0,-0.000108387
27:04.0,-0.000128062
27:05.0,-0.000125296
27:06.0,-0.000125521
27:07.0,-0.000125494
27:08.0,-0.000124508
27:09.0,-0.000135104
27:10.0,-0.00014048
27:11.0,-0.00015622
27:12.0,-0.000156255
27:13.0,-0.00016315
27:14.0,-0.000158594
27:15.0,-0.000141098
27:16.0,-0.000117942
27:17.0,-0.000131006
27:18.0,-9.13E-05
27:19.0,-8.66E-05
27:20.0,-8.39E-05
27:21.0,-8.12E-05
27:22.0,-8.99E-05
27:23.0,-0.000102159
27:24.0,-8.94E-05
27:25.0,-9.91E-05
27:26.0,-9.18E-05
27:27.0,-7.90E-05
27:28.0,-5.21E-05
27:29.0,-4.86E-05
27:30.0,-2.80E-05
27:31.0,-2.63E-05
27:32.0,-3.00E-05
27:33.0,-4.26E-05
27:34.0,-5.21E-05
27:35.0,-4.90E-05
27:36.0,-3.75E-05
27:37.0,-3.93E-05
27:38.0,-1.96E-05
27:39.0,-1.59E-05
27:40.0,-3.29E-05
27:41.0,-2.93E-05
27:42.0,-2.54E-05
27:43.0,-2.34E-05
27:44.0,-1.38E-05
27:44.9,1.3524555e-05
27:45.9,7.0752358e-06
27:46.9,-3.77E-06
27:47.9,6.635008e-06
27:48.9,1.355871e-05
27:49.9,1.9367382e-05
27:50.9,-1.97E-05
27:51.9,-4.36E-05
27:52.9,-5.42E-05
27:53.9,-3.89E-05
27:54.9,-4.61E-05
27:55.9,-7.40E-05
27:56.9,-0.00010669
27:57.9,-0.000106134
27:58.9,-7.98E-05
27:59.9,-7.96E-05
28:00.9,-5.76E-05
28:01.9,-3.87E-05
28:02.9,-3.38E-05
28:03.9,-5.50E-05
28:04.9,-4.72E-05
28:05.9,-5.08E-05
28:06.9,-6.10E-05
28:07.9,-5.22E-05
28:08.9,-3.40E-05
28:09.9,-4.29E-05
28:10.9,-1.58E-05
28:11.9,-6.91E-06
28:12.9,-2.61E-05
28:13.9,-6.44E-05
28:14.9,-6.50E-05
28:15.9,-5.17E-05
28:16.9,-5.98E-05
28:17.9,-7.86E-05
28:18.9,-9.57E-05
28:19.9,-0.000108315
28:20.9,-0.00011225
28:21.9,-0.000106462
28:22.9,-0.000105092
28:23.9,-0.000119115
28:24.9,-0.000103216
28:25.9,-9.13E-05
28:26.9,-8.05E-05
28:27.9,-6.36E-05
28:28.9,-6.02E-05
28:29.9,-5.32E-05
28:30.9,-6.48E-05
28:31.9,-0.000106081
28:32.9,-0.000127678
28:33.9,-9.44E-05
28:34.9,-7.42E-05
28:35.9,-3.37E-05
28:36.9,-1.23E-05
28:37.9,-1.07E-07
28:38.9,1.7798993e-05
28:39.9,3.49423e-05
28:40.9,7.511494e-07
28:41.9,-1.21E-05
28:42.9,-3.33E-05
28:43.9,-5.51E-05
28:44.9,-3.99E-05
28:45.9,-2.47E-05
28:46.8,-2.05E-05
28:47.8,-2.67E-06
28:48.8,-2.56E-05
28:49.8,-2.10E-05
28:50.8,1.5602976e-06
28:51.8,-1.64E-05
28:52.8,-1.03E-05
28:53.8,7.007192e-06
28:54.8,3.1537915e-05
28:55.8,5.6521905e-05
28:56.8,7.475024e-05
28:57.8,7.26856e-05
28:58.8,5.5964025e-05
28:59.8,4.2480064e-05
29:00.8,4.7637466e-05
29:01.8,4.0162253e-05
29:02.8,1.6146154e-05
29:03.8,-3.91E-06
29:04.8,-1.99E-05
29:05.8,2.5679356e-06
29:06.8,2.4732028e-05
29:07.8,5.3429812e-05
29:08.8,9.350777e-05
29:09.8,0.000104517
29:10.8,9.240525e-05
29:11.8,4.7033383e-05
29:12.8,2.287528e-05
29:13.8,4.7661317e-05
29:14.8,2.3953557e-05
29:15.8,1.7504759e-05
29:16.8,1.5652755e-06
29:17.8,-2.50E-05
29:18.8,-5.13E-05
29:19.8,-2.69E-05
29:20.8,-2.48E-05
29:21.8,-2.75E-05
29:22.8,-3.81E-05
29:23.8,-6.88E-05
29:24.8,-9.05E-05
29:25.8,-9.96E-05
29:26.8,-8.56E-05
29:27.8,-0.000102258
29:28.8,-0.000107714
29:29.8,-0.000129899
29:30.8,-0.000111532
29:31.8,-0.000108115
29:32.8,-9.57E-05
29:33.8,-7.95E-05
29:34.8,-9.55E-05
29:35.8,-0.000139868
29:36.8,-0.000140056
29:37.8,-0.00012467
29:38.8,-0.000118988
29:39.8,-9.43E-05
29:40.8,-8.20E-05
29:41.8,-8.90E-05
29:42.8,-8.48E-05
29:43.8,-9.85E-05
29:44.8,-0.000104733
29:45.8,-0.000110737
29:46.8,-0.000117772
29:47.7,-9.75E-05
29:48.7,-9.00E-05
29:49.7,-0.000112161
29:50.7,-0.000122708
29:51.7,-0.000123821
29:52.7,-0.0001413
29:53.7,-0.000164349
29:54.7,-0.000142886
29:55.7,-0.00014725
29:56.7,-0.000150345
29:57.7,-0.000170889
29:58.7,-0.000164493
29:59.7,-0.000174226
30:00.7,-0.000174503
30:01.7,-0.000160876
30:02.7,-0.000145355
30:03.7,-0.00010245
30:04.7,-9.05E-05
30:05.7,-7.86E-05
30:06.7,-3.87E-05
30:07.7,-2.82E-05
30:08.7,-9.92E-06
30:09.7,-7.64E-06
30:10.7,-1.14E-05
30:11.7,-5.31E-06
30:12.7,-4.43E-05
30:13.7,-4.03E-05
30:14.7,-2.20E-05
30:15.7,-1.86E-07
30:16.7,2.5898575e-05
30:17.7,8.12276e-06
30:18.7,3.389285e-06
30:19.7,3.863724e-07
30:20.7,4.209118e-06
30:21.7,-8.74E-06
30:22.7,-3.64E-05
30:23.7,-5.61E-05
30:24.7,-2.48E-05
30:25.7,-2.34E-05
30:26.7,-3.35E-05
30:27.7,-2.79E-05
30:28.7,-2.89E-05
30:29.7,-2.73E-05
30:30.7,-1.99E-05
30:31.7,6.1618734e-06
30:32.7,7.016775e-06
30:33.7,1.2128242e-05
30:34.7,6.334038e-05
30:35.7,5.0884755e-05
30:36.7,7.556193e-05
30:37.7,9.1207236e-05
30:38.7,4.3949705e-05
30:39.7,6.967685e-05
30:40.7,5.2892145e-05
30:41.7,2.5780073e-05
30:42.7,2.7553984e-05
30:43.7,4.3138993e-05
30:44.7,3.3888716e-06
30:45.7,-2.31E-05
30:46.7,-2.71E-05
30:47.7,-4.55E-05
30:48.6,-6.40E-05
30:49.6,-4.93E-05
30:50.6,-2.58E-05
30:51.6,-1.01E-05
30:52.6,1.9745064e-05
30:53.6,-1.28E-05
30:54.6,-3.14E-06
30:55.6,3.7478625e-05
30:56.6,4.9648595e-05
30:57.6,7.841942e-05
30:58.6,9.187536e-05
30:59.6,9.689213e-05
31:00.6,0.000129258
31:01.6,0.00012299
31:02.6,0.000122791
31:03.6,0.000157857
31:04.6,0.000172721
31:05.6,0.000162475
31:06.6,0.000189806
31:07.6,0.000200439
31:08.6,0.000174844
31:09.6,0.000150966
31:10.6,0.000150451
31:11.6,0.000184593
31:12.6,0.000202636
31:13.6,0.00023941
31:14.6,0.000234155
31:15.6,0.000262908
31:16.6,0.000260847
31:17.6,0.000217379
31:18.6,0.000204137
31:19.6,0.000257616
31:20.6,0.000260676
31:21.6,0.000245702
31:22.6,0.000239567
31:23.6,0.000251763
31:24.6,0.000246541
31:25.6,0.000209535
31:26.6,0.000203285
31:27.6,0.000183556
31:28.6,0.000176883
31:29.6,0.000174515
31:30.6,0.000174197
31:31.6,0.000156173
31:32.6,0.000159451
31:33.6,0.000144437
31:34.6,0.000123714
31:35.6,0.000104271
31:36.6,0.000122794
31:37.6,0.000126896
31:38.6,0.000126277
31:39.6,0.000151109
31:40.6,0.000169404
31:41.6,0.000160169
31:42.6,0.000161304
31:43.6,0.000152967
31:44.6,0.000174188
31:45.6,0.000178409
31:46.6,0.000204809
31:47.6,0.000194261
31:48.6,0.000199544
31:49.5,0.000227054
31:50.5,0.000243911
31:51.5,0.000252244
31:52.5,0.000232147
31:53.5,0.000211152
31:54.5,0.000180515
31:55.5,0.000189424
31:56.5,0.000182656
31:57.5,0.000176123
31:58.5,0.000158479
31:59.5,0.000151491
32:00.5,0.000114787
32:01.5,0.000117964
32:02.5,0.000113282
32:03.5,7.4058815e-05
32:04.5,7.737282e-05
32:05.5,0.000101755
32:06.5,8.550078e-05
32:07.5,6.142917e-05
32:08.5,4.4481105e-05
32:09.5,6.76101e-05
32:10.5,7.494338e-05
32:11.5,7.8352576e-05
32:12.5,8.105558e-05
32:13.5,3.1982447e-05
32:14.5,-5.64E-06
32:15.5,-4.27E-05
32:16.5,-4.13E-05
32:17.5,-5.67E-05
32:18.5,-5.90E-05
32:19.5,-7.63E-05
32:20.5,-8.45E-05
32:21.5,-5.44E-05
32:22.5,-5.94E-05
32:23.5,-6.35E-05
32:24.5,-5.50E-05
32:25.5,-3.51E-05
32:26.5,-3.42E-05
32:27.5,-3.96E-05
32:28.5,-5.03E-05
32:29.5,-5.53E-05
32:30.5,-4.00E-05
32:31.5,-4.50E-05
32:32.5,-3.69E-05
32:33.5,-2.34E-05
32:34.5,-3.46E-05
32:35.5,-1.22E-05
32:36.5,-1.74E-05
32:37.5,-2.41E-05
32:38.5,-3.20E-05
32:39.5,-2.89E-05
32:40.5,-2.90E-05
32:41.5,-3.90E-05
32:42.5,-2.38E-05
32:43.5,-2.76E-05
32:44.5,-1.68E-05
32:45.5,-1.68E-05
32:46.5,-4.42E-05
32:47.5,-3.80E-05
32:48.5,-4.77E-05
32:49.5,-6.04E-05
32:50.4,-7.84E-05
32:51.4,-7.63E-05
32:52.4,-6.76E-05
32:53.4,-7.05E-05
32:54.4,-7.82E-05
32:55.4,-7.39E-05
32:56.4,-7.10E-05
32:57.4,-9.21E-05
32:58.4,-9.99E-05
32:59.4,-9.03E-05
33:00.4,-9.87E-05
33:01.4,-0.000124908
33:02.4,-0.000139009
33:03.4,-0.0001793
33:04.4,-0.000181053
33:05.4,-0.000176347
33:06.4,-0.000158587
33:07.4,-0.000146115
33:08.4,-0.000125851
33:09.4,-0.000105609
33:10.4,-9.56E-05
33:11.4,-8.75E-05
33:12.4,-7.80E-05
33:13.4,-0.000102176
33:14.4,-8.66E-05
33:15.4,-9.98E-05
33:16.4,-9.96E-05
33:17.4,-8.72E-05
33:18.4,-7.51E-05
33:19.4,-7.40E-05
33:20.4,-6.65E-05
33:21.4,-5.14E-05
33:22.4,-2.33E-05
33:23.4,1.634273e-05
33:24.4,5.9317344e-06
33:25.4,2.0196e-05
33:26.4,2.2160331e-05
33:27.4,3.247836e-05
33:28.4,3.5936573e-05
33:29.4,6.037564e-05
33:30.4,7.280991e-05
33:31.4,8.01526e-05
33:32.4,9.6514035e-05
33:33.4,9.916481e-05
33:34.4,0.000106299
33:35.4,9.5477495e-05
33:36.4,0.000111221
33:37.4,0.00013329
33:38.4,0.000137769
33:39.4,0.000149649
33:40.4,0.000166563
33:41.4,0.000168286
33:42.4,0.000147638
33:43.4,0.00013439
33:44.4,0.000122595
33:45.4,0.000120825
33:46.4,0.000131967
33:47.4,0.000143982
33:48.4,0.000141716
33:49.4,0.000134729
33:50.4,0.000127276
33:51.3,0.000127412
33:52.3,0.000128967
33:53.3,0.000115311
33:54.3,0.000117093
33:55.3,0.000117197
33:56.3,0.000125373
33:57.3,0.000129466
33:58.3,0.000140282
33:59.3,0.000150472
34:00.3,0.000167698
34:01.3,0.000190565
34:02.3,0.000192229
34:03.3,0.000198289
34:04.3,0.000215499
34:05.3,0.000220383
34:06.3,0.000200897
34:07.3,0.000213637
34:08.3,0.000221132
34:09.3,0.00024463
34:10.3,0.000262259
34:11.3,0.000246755
34:12.3,0.000253935
34:13.3,0.00028519
34:14.3,0.0003068
34:15.3,0.000299166
34:16.3,0.000320835
34:17.3,0.000326801
34:18.3,0.00031034
34:19.3,0.000286644
34:20.3,0.000244258
34:21.3,0.000262712
34:22.3,0.000275625
34:23.3,0.000299531
34:24.3,0.000290998
34:25.3,0.000278008
34:26.3,0.000296102
34:27.3,0.000291727
34:28.3,0.000304311
34:29.3,0.00028471
34:30.3,0.000250168
34:31.3,0.000257432
34:32.3,0.000256745
34:33.3,0.000252107
34:34.3,0.000245326
34:35.3,0.000257957
34:36.3,0.000249224
34:37.3,0.000253339
34:38.3,0.000244144
34:39.3,0.000241777
34:40.3,0.000240051
34:41.3,0.000248852
34:42.3,0.000272446
34:43.3,0.000294038
34:44.3,0.000289909
34:45.3,0.000298135
34:46.3,0.000300631
34:47.3,0.000283934
34:48.3,0.000302004
34:49.3,0.000310345
34:50.3,0.000319817
34:51.3,0.000310793
34:52.2,0.000298457
34:53.2,0.000317377
34:54.2,0.000288822
34:55.2,0.000309882
34:56.2,0.000324906
34:57.2,0.000350404
34:58.2,0.000364915
34:59.2,0.000361556
35:00.2,0.000372717
35:01.2,0.000377249
35:02.2,0.000385407
35:03.2,0.000399152
35:04.2,0.000394214
35:05.2,0.000407714
35:06.2,0.000419999
35:07.2,0.000437118
35:08.2,0.000421976
35:09.2,0.00040256
35:10.2,0.000409402
35:11.2,0.000411586
35:12.2,0.000384063
35:13.2,0.000363562
35:14.2,0.000377904
35:15.2,0.000366922
35:16.2,0.000334916
35:17.2,0.000332108
35:18.2,0.000355671
35:19.2,0.000348604
35:20.2,0.000360938
35:21.2,0.0003559
35:22.2,0.000391154
35:23.2,0.000399368
35:24.2,0.000407318
35:25.2,0.000418095
35:26.2,0.000416356
35:27.2,0.000414329
35:28.2,0.000396252
35:29.2,0.000399337
35:30.2,0.000396695
35:31.2,0.000428464
35:32.2,0.00041478
35:33.2,0.000407215
35:34.2,0.000396273
35:35.2,0.000400938
35:36.2,0.000400828
35:37.2,0.000400641
35:38.2,0.000374105
35:39.2,0.000354584
35:40.2,0.000351831
35:41.2,0.000384236
35:42.2,0.000354727
35:43.2,0.000352999
35:44.2,0.000394223
35:45.2,0.000422449
35:46.2,0.000425214
35:47.2,0.000420983
35:48.2,0.000397561
35:49.2,0.000403009
35:50.2,0.0004385
35:51.2,0.000423776
35:52.2,0.000437286
35:53.1,0.000412336
35:54.1,0.000403758
35:55.1,0.000424514
35:56.1,0.000421719
35:57.1,0.000412508
35:58.1,0.000412007
35:59.1,0.000398877
36:00.1,0.000404844
36:01.1,0.000401059
36:02.1,0.000389784
36:03.1,0.000369713
36:04.1,0.0003847
36:05.1,0.000368782
36:06.1,0.000372038
36:07.1,0.000346029
36:08.1,0.000326442
36:09.1,0.000342819
36:10.1,0.000356952
36:11.1,0.000368403
36:12.1,0.0003509
36:13.1,0.000355766
36:14.1,0.000342998
36:15.1,0.000338276
36:16.1,0.00033229
36:17.1,0.000351902
36:18.1,0.000327922
36:19.1,0.000341664
36:20.1,0.000350609
36:21.1,0.00035645
36:22.1,0.000348456
36:23.1,0.000343974
36:24.1,0.000357075
36:25.1,0.000342965
36:26.1,0.000327051
36:27.1,0.000333302
36:28.1,0.000331802
36:29.1,0.000367871
36:30.1,0.000380914
36:31.1,0.000371342
36:32.1,0.000391624
36:33.1,0.000376635
36:34.1,0.000383976
36:35.1,0.000402601
36:36.1,0.000404123
36:37.1,0.000386272
36:38.1,0.000381321
36:39.1,0.000388909
36:40.1,0.000410139
36:41.1,0.000393983
36:42.1,0.000413074
36:43.1,0.000429489
36:44.1,0.000408725
36:45.1,0.000400536
36:46.1,0.000390865
36:47.1,0.000388207
36:48.1,0.000371215
36:49.1,0.000340291
36:50.1,0.000353517
36:51.1,0.000342128
36:52.1,0.000338202
36:53.1,0.000328706
36:54.0,0
36:55.0,-2.27E-07
36:56.0,-1.19E-05
36:57.0,-3.24E-05
36:58.0,-7.77E-06
36:59.0,-1.42E-05
37:00.0,-1.81E-05
37:01.0,-3.30E-05
37:02.0,-2.93E-05
37:03.0,-1.54E-05
37:04.0,-4.47E-07
37:05.0,-1.68E-05
37:06.0,-3.81E-06
37:07.0,1.2202027e-05
37:08.0,1.0220104e-05
37:09.0,1.2346358e-05
37:10.0,1.781445e-05
37:11.0,1.9816069e-05
37:12.0,3.1480056e-05
37:13.0,3.634602e-05
37:14.0,3.810382e-05
37:15.0,7.1997405e-05
37:16.0,6.440254e-05
37:17.0,7.303314e-05
37:18.0,9.877073e-05
37:19.0,0.000105936
37:20.0,0.000102564
37:21.0,9.884587e-05
37:22.0,0.000120642
37:23.0,0.000126342
37:24.0,0.000155976
37:25.0,0.000157553
37:26.0,0.000160572
37:27.0,0.00014132
37:28.0,0.000135322
37:29.0,0.000150555
37:30.0,0.000137952
37:31.0,0.000147333
37:32.0,0.000163872
37:33.0,0.000146568
37:34.0,0.000156769
37:35.0,0.000156404
37:36.0,0.000154511
37:37.0,0.000166622
37:38.0,0.000143144
37:39.0,0.000139196
37:40.0,0.000131631
37:41.0,0.000130274
37:42.0,0.000109004
37:43.0,9.0926274e-05
37:44.0,7.9496574e-05
37:45.0,8.475226e-05
37:46.0,7.579954e-05
37:47.0,7.41846e-05
37:48.0,7.1794806e-05
37:49.0,7.514007e-05
37:50.0,7.8940546e-05
37:51.0,8.2848004e-05
37:52.0,0.00010084
37:53.0,9.96757e-05
37:54.0,0.000102432
37:55.0,0.000101282
37:55.9,5.956433e-05
37:56.9,4.4596287e-05
37:57.9,4.997781e-05
37:58.9,3.1084568e-05
37:59.9,3.5303237e-05
38:00.9,3.1415326e-05
38:01.9,2.7164742e-05
38:02.9,2.5829542e-05
38:03.9,9.216344e-06
38:04.9,8.250253e-06
38:05.9,8.497574e-06
38:06.9,1.1842532e-05
38:07.9,5.429398e-06
38:08.9,1.2867539e-05
38:09.9,1.2631965e-05
38:10.9,2.2976152e-05
38:11.9,2.0845771e-05
38:12.9,3.9881725e-05
38:13.9,4.5944285e-05
38:14.9,5.389078e-05
38:15.9,6.406956e-05
38:16.9,6.1490624e-05
38:17.9,5.4418848e-05
38:18.9,4.171719e-05
38:19.9,4.179154e-05
38:20.9,1.8737974e-05
38:21.9,4.132725e-06
38:22.9,1.2813389e-06
38:23.9,-4.04E-06
38:24.9,8.046049e-07
38:25.9,-5.53E-06
38:26.9,-1.82E-05
38:27.9,-2.00E-05
38:28.9,-3.15E-06
38:29.9,-1.98E-05
38:30.9,-5.51E-06
38:31.9,-4.31E-06
38:32.9,-3.83E-06
38:33.9,-1.71E-05
38:34.9,-2.92E-05
38:35.9,-4.02E-05
38:36.9,-4.23E-05
38:37.9,-4.37E-05
38:38.9,-6.16E-05
38:39.9,-5.18E-05
38:40.9,-5.63E-05
38:41.9,-4.81E-05
38:42.9,-4.65E-05
38:43.9,-6.16E-05
38:44.9,-4.45E-05
38:45.9,-2.62E-05
38:46.9,-1.74E-05
38:47.9,-1.73E-05
38:48.9,-2.23E-06
38:49.9,4.22111e-06
38:50.9,2.417329e-05
38:51.9,3.1832584e-05
38:52.9,3.1641433e-05
38:53.9,2.2250259e-05
38:54.9,3.7680013e-05
38:55.9,3.4664743e-05
38:56.8,3.7214002e-05
38:57.8,1.5179381e-05
38:58.8,6.240301e-06
38:59.8,1.9512194e-05
39:00.8,3.272469e-05
39:01.8,3.2167853e-05
39:02.8,3.5920722e-05
39:03.8,3.8317645e-05
39:04.8,4.7726684e-05
39:05.8,3.95198e-05
39:06.8,5.2176227e-05
39:07.8,5.7542744e-05
39:08.8,5.8148064e-05
39:09.8,6.82693e-05
39:10.8,7.013565e-05
39:11.8,6.110446e-05
39:12.8,4.9732073e-05
39:13.8,3.1645293e-05
39:14.8,1.3465192e-05
39:15.8,3.9686543e-06
39:16.8,-4.59E-06
39:17.8,-1.01E-05
39:18.8,-3.45E-05
39:19.8,-4.57E-05
39:20.8,-5.30E-05
39:21.8,-4.80E-05
39:22.8,-3.75E-05
39:23.8,-2.61E-05
39:24.8,-3.13E-05
39:25.8,-3.24E-05
39:26.8,-1.60E-05
39:27.8,-1.12E-05
39:28.8,-8.00E-06
39:29.8,-5.41E-07
39:30.8,-1.53E-05
39:31.8,-2.38E-05
39:32.8,-3.26E-05
39:33.8,-3.90E-05
39:34.8,-4.20E-05
39:35.8,-3.32E-05
39:36.8,-1.81E-05
39:37.8,1.3904324e-06
39:38.8,4.829518e-06
39:39.8,-3.60E-06
39:40.8,-7.46E-06
39:41.8,-1.09E-05
39:42.8,-1.04E-05
39:43.8,-1.81E-05
39:44.8,-2.99E-05
39:45.8,-3.26E-05
39:46.8,-4.80E-05
39:47.8,-5.37E-05
39:48.8,-6.46E-05
39:49.8,-5.97E-05
39:50.8,-4.25E-05
39:51.8,-2.88E-05
39:52.8,-2.49E-05
39:53.8,-2.97E-05
39:54.8,-1.33E-05
39:55.8,-7.77E-06
39:56.8,-9.59E-06
39:57.7,-1.41E-05
39:58.7,-2.69E-05
39:59.7,-2.50E-05
40:00.7,-3.67E-07
40:01.7,1.6444767e-05
40:02.7,2.779234e-05
40:03.7,3.873781e-05
40:04.7,3.9492013e-05
40:05.7,5.692617e-05
40:06.7,5.410555e-05
40:07.7,3.2435943e-05
40:08.7,2.0809e-05
40:09.7,3.638208e-05
40:10.7,4.318621e-05
40:11.7,5.5046523e-05
40:12.7,6.297462e-05
40:13.7,6.359115e-05
40:14.7,4.2039654e-05
40:15.7,4.364211e-05
40:16.7,7.2880066e-05
40:17.7,7.814051e-05
40:18.7,6.828199e-05
40:19.7,6.737901e-05
40:20.7,6.387803e-05
40:21.7,6.801293e-05
40:22.7,7.7341385e-05
40:23.7,7.6830554e-05
40:24.7,5.6809404e-05
40:25.7,4.648567e-05
40:26.7,5.1091265e-05
40:27.7,5.3597134e-05
40:28.7,5.8514288e-05
40:29.7,6.448483e-05
40:30.7,5.892672e-05
40:31.7,4.853664e-05
40:32.7,4.074969e-05
40:33.7,3.601042e-05
40:34.7,3.3760465e-05
40:35.7,1.105456e-05
40:36.7,-1.11E-05
40:37.7,-8.79E-06
40:38.7,-2.81E-05
40:39.7,-3.30E-05
40:40.7,-3.70E-05
40:41.7,-4.32E-05
40:42.7,-5.53E-05
40:43.7,-5.39E-05
40:44.7,-6.10E-05
40:45.7,-7.19E-05
40:46.7,-9.12E-05
40:47.7,-9.76E-05
40:48.7,-7.49E-05
40:49.7,-7.39E-05
40:50.7,-7.02E-05
40:51.7,-8.35E-05
40:52.7,-9.05E-05
40:53.7,-8.94E-05
40:54.7,-9.96E-05
40:55.7,-0.00010219
40:56.7,-8.96E-05
40:57.7,-0.000100871
40:58.6,-0.000113261
40:59.6,-0.000126334
41:00.6,-0.000127147
41:01.6,-0.000124745
41:02.6,-0.000141005
41:03.6,-0.000151877
41:04.6,-0.000153396
41:05.6,-0.000152974
41:06.6,-0.000156313
41:07.6,-0.000151217
41:08.6,-0.000150431
41:09.6,-0.000144871
41:10.6,-0.000145859
41:11.6,-0.000164054
41:12.6,-0.0001731
41:13.6,-0.000166253
41:14.6,-0.000147782
41:15.6,-0.000163271
41:16.6,-0.000174321
41:17.6,-0.000152081
41:18.6,-0.000155002
41:19.6,-0.000147621
41:20.6,-0.00015526
41:21.6,-0.000161812
41:22.6,-0.000164376
41:23.6,-0.000181757
41:24.6,-0.000175889
41:25.6,-0.000153679
41:26.6,-0.000159626
41:27.6,-0.000166439
41:28.6,-0.000153908
41:29.6,-0.000138772
41:30.6,-0.000147112
41:31.6,-0.000142477
41:32.6,-0.00013254
41:33.6,-0.000146138
41:34.6,-0.00015948
41:35.6,-0.000166701
41:36.6,-0.000155217
41:37.6,-0.000149637
41:38.6,-0.000147855
41:39.6,-0.000144526
41:40.6,-0.000157597
41:41.6,-0.00015882
41:42.6,-0.000149122
41:43.6,-0.000155707
41:44.6,-0.00016495
41:45.6,-0.00015896
41:46.6,-0.000163703
41:47.6,-0.00016104
41:48.6,-0.000159165
41:49.6,-0.000152303
41:50.6,-0.000161702
41:51.6,-0.000160342
41:52.6,-0.000151492
41:53.6,-0.000151558
41:54.6,-0.00014287
41:55.6,-0.000132964
41:56.6,-0.000143231
41:57.6,-0.000131773
41:58.6,-0.000116113
41:59.5,-0.000121335
42:00.5,-0.000124732
42:01.5,-0.000117102
42:02.5,-0.000123468
42:03.5,-0.000116292
42:04.5,-0.000128714
42:05.5,-0.000133687
42:06.5,-0.000131655
42:07.5,-0.000121023
42:08.5,-0.000100631
42:09.5,-9.62E-05
42:10.5,-8.51E-05
42:11.5,-7.76E-05
42:12.5,-7.78E-05
42:13.5,-7.38E-05
42:14.5,-6.13E-05
42:15.5,-6.03E-05
42:16.5,-5.65E-05
42:17.5,-4.45E-05
42:18.5,-2.70E-05
42:19.5,-2.22E-05
42:20.5,-2.80E-05
42:21.5,-2.21E-05
42:22.5,-2.71E-05
42:23.5,-3.45E-05
42:24.5,-4.30E-05
42:25.5,-4.85E-05
42:26.5,-4.87E-05
42:27.5,-4.50E-05
42:28.5,-2.24E-05
42:29.5,-1.36E-05
42:30.5,-1.32E-05
42:31.5,-1.24E-05
42:32.5,-1.40E-05
42:33.5,-2.13E-05
42:34.5,-2.34E-05
42:35.5,-9.45E-06
42:36.5,-1.36E-05
42:37.5,-2.45E-05
42:38.5,-2.81E-05
42:39.5,-4.78E-05
42:40.5,-5.34E-05
42:41.5,-5.86E-05
42:42.5,-5.82E-05
42:43.5,-5.12E-05
42:44.5,-6.59E-05
42:45.5,-7.74E-05
42:46.5,-8.10E-05
42:47.5,-9.05E-05
42:48.5,-0.000100301
42:49.5,-0.000109634
42:50.5,-0.000107799
42:51.5,-0.00011451
42:52.5,-0.00014045
42:53.5,-0.000145129
42:54.5,-0.000135831
42:55.5,-0.000141792
42:56.5,-0.000152977
42:57.5,-0.000146205
42:58.5,-0.000140158
42:59.5,-0.00014548
43:00.4,-0.000153527
43:01.4,-0.000142217
43:02.4,-0.000131513
43:03.4,-0.000134946
43:04.4,-0.000134512
43:05.4,-0.000134667
43:06.4,-0.000133446
43:07.4,-0.000150865
43:08.4,-0.000171198
43:09.4,-0.000173273
43:10.4,-0.000171332
43:11.4,-0.000160984
43:12.4,-0.000161026
43:13.4,-0.000142251
43:14.4,-0.000140135
43:15.4,-0.000133203
43:16.4,-0.000135152
43:17.4,-0.000129924
43:18.4,-0.000121855
43:19.4,-0.000105086
43:20.4,-9.88E-05
43:21.4,-9.52E-05
43:22.4,-9.61E-05
43:23.4,-0.000100777
43:24.4,-0.000101531
43:25.4,-0.000108261
43:26.4,-0.000103014
43:27.4,-0.000100688
43:28.4,-0.000105288
43:29.4,-0.000116664
43:30.4,-0.000114597
43:31.4,-0.000110653
43:32.4,-1.00E-04
43:33.4,-8.64E-05
43:34.4,-8.35E-05
43:35.4,-8.92E-05
43:36.4,-0.000106898
43:37.4,-0.000115758
43:38.4,-0.000129905
43:39.4,-0.000135705
43:40.4,-0.000142849
43:41.4,-0.000179937
43:42.4,-0.000173758
43:43.4,-0.000165999
43:44.4,-0.000169078
43:45.4,-0.000162474
43:46.4,-0.000160387
43:47.4,-0.000156238
43:48.4,-0.000139074
43:49.4,-0.000149449
43:50.4,-0.000149834
43:51.4,-0.000142983
43:52.4,-0.000132656
43:53.4,-0.00012597
43:54.4,-0.000135077
43:55.4,-0.000144465
43:56.4,-0.000163158
43:57.4,-0.000160776
43:58.4,-0.00015898
43:59.4,-0.000156167
44:00.4,-0.000178439
44:01.3,-0.000186384
44:02.3,-0.000188163
44:03.3,-0.000190216
44:04.3,-0.000166489
44:05.3,-0.000152346
44:06.3,-0.000158009
44:07.3,-0.000166984
44:08.3,-0.000175497
44:09.3,-0.000168762
44:10.3,-0.000166884
44:11.3,-0.000173608
44:12.3,-0.000179607
44:13.3,-0.000193486
44:14.3,-0.000182831
44:15.3,-0.000179921
44:16.3,-0.000191935
44:17.3,-0.000197251
44:18.3,-0.000212075
44:19.3,-0.000222137
44:20.3,-0.000231335
44:21.3,-0.000249089
44:22.3,-0.000269995
44:23.3,-0.000276868
44:24.3,-0.000262103
44:25.3,-0.000258744
44:26.3,-0.000255551
44:27.3,-0.000242002
44:28.3,-0.000238924
44:29.3,-0.000225911
44:30.3,-0.000214397
44:31.3,-0.00021144
44:32.3,-0.000205278
44:33.3,-0.000200225
44:34.3,-0.000191712
44:35.3,-0.000196766
44:36.3,-0.000192011
44:37.3,-0.000174767
44:38.3,-0.000170624
44:39.3,-0.000161254
44:40.3,-0.000174546
44:41.3,-0.000176918
44:42.3,-0.000177698
44:43.3,-0.000172809
44:44.3,-0.000202135
44:45.3,-0.000201433
44:46.3,-0.000201962
44:47.3,-0.000198176
44:48.3,-0.000178115
44:49.3,-0.000175576
44:50.3,-0.000172535
44:51.3,-0.000160841
44:52.3,-0.000169845
44:53.3,-0.000172963
44:54.3,-0.000161039
44:55.3,-0.000154457
44:56.3,-0.000158708
44:57.3,-0.000155949
44:58.3,-0.000165357
44:59.3,-0.000173599
45:00.3,-0.000174627
45:01.3,-0.000190192
45:02.2,-0.00019106
45:03.2,-0.000190052
45:04.2,-0.000188369
45:05.2,-0.00018883
45:06.2,-0.000185012
45:07.2,-0.000180054
45:08.2,-0.000176965
45:09.2,-0.000181717
45:10.2,-0.000183028
45:11.2,-0.000176175
45:12.2,-0.000172272
45:13.2,-0.000165294
45:14.2,-0.000161901
45:15.2,-0.000160501
45:16.2,-0.000162546
45:17.2,-0.000175682
45:18.2,-0.000172257
45:19.2,-0.000168052
45:20.2,-0.000169664
45:21.2,-0.000172744
45:22.2,-0.000171611
45:23.2,-0.000158409
45:24.2,-0.000134763
45:25.2,-0.000131198
45:26.2,-0.000120061
45:27.2,-0.000106375
45:28.2,-0.000129612
45:29.2,-0.000148072
45:30.2,-0.000149785
45:31.2,-0.000124148
45:32.2,-0.000115846
45:33.2,-0.000131337
45:34.2,-0.000113639
45:35.2,-0.000118962
45:36.2,-0.000122013
45:37.2,-0.000130995
45:38.2,-0.000121425
45:39.2,-0.000127126
45:40.2,-0.000127539
45:41.2,-0.00011416
45:42.2,-0.000107105
45:43.2,-0.000102601
45:44.2,-0.000101896
45:45.2,-0.000119657
45:46.2,-0.000108589
45:47.2,-0.000113873
45:48.2,-0.000104235
45:49.2,-9.35E-05
45:50.2,-8.75E-05
45:51.2,-0.000102075
45:52.2,-0.000108625
45:53.2,-9.62E-05
45:54.2,-9.64E-05
45:55.2,-0.000131505
45:56.2,-0.000125111
45:57.2,-0.000118864
45:58.2,-0.000111091
45:59.2,-9.18E-05
46:00.2,-0.000102111
46:01.2,-9.87E-05
46:02.2,-8.10E-05
46:03.2,-8.46E-05
46:04.1,-9.58E-05
46:05.1,-9.22E-05
46:06.1,-9.73E-05
46:07.1,-0.000104938
46:08.1,-0.000121432
46:09.1,-0.000130046
46:10.1,-0.000115656
46:11.1,-0.000102533
46:12.1,-0.000111241
46:13.1,-0.000104948
46:14.1,-0.000128004
46:15.1,-0.000156952
46:16.1,-0.000149615
46:17.1,-0.000140083
46:18.1,-0.000131105
46:19.1,-0.000128748
46:20.1,-0.000122432
46:21.1,-0.000106496
46:22.1,-9.77E-05
46:23.1,-0.000116968
46:24.1,-0.000111589
46:25.1,-0.000109952
46:26.1,-9.15E-05
46:27.1,-8.72E-05
46:28.1,-0.000105946
46:29.1,-0.000105481
46:30.1,-7.90E-05
46:31.1,-7.19E-05
46:32.1,-7.06E-05
46:33.1,-8.29E-05
46:34.1,-7.14E-05
46:35.1,-7.07E-05
46:36.1,-7.05E-05
46:37.1,-7.08E-05
46:38.1,-8.54E-05
46:39.1,-0.000105881
46:40.1,-0.000124917
46:41.1,-0.000124015
46:42.1,-0.000111313
46:43.1,-0.000114653
46:44.1,-0.000128432
46:45.1,-0.000128456
46:46.1,-0.0001375
46:47.1,-0.000129871
46:48.1,-0.000111227
46:49.1,-0.000126188
46:50.1,-0.000142677
46:51.1,-0.00013864
46:52.1,-0.000129267
46:53.1,-0.000115469
46:54.1,0
46:55.1,-1.45E-05
46:56.1,-1.01E-05
46:57.1,-2.78E-05
46:58.1,-2.14E-05
46:59.1,-2.36E-05
47:00.1,-3.35E-05
47:01.1,-1.99E-05
47:02.1,-8.15E-07
47:03.1,3.7977507e-06
47:04.1,-1.12E-06
47:05.0,1.7724713e-05
47:06.0,2.7091559e-05
47:07.0,2.0993022e-05
47:08.0,6.931112e-06
47:09.0,-1.39E-05
47:10.0,-9.91E-06
47:11.0,4.4557414e-06
47:12.0,1.145412e-05
47:13.0,1.7556176e-05
47:14.0,9.569417e-06
47:15.0,-1.88E-06
47:16.0,6.8473105e-06
47:17.0,-1.95E-06
47:18.0,-2.83E-06
47:19.0,-2.92E-06
47:20.0,1.6080562e-06
47:21.0,8.670882e-06
47:22.0,3.40655e-05
47:23.0,3.1847067e-05
47:24.0,2.6182872e-05
47:25.0,4.9475144e-05
47:26.0,5.4763423e-05
47:27.0,4.630944e-05
47:28.0,3.3545988e-05
47:29.0,1.6897444e-05
47:30.0,4.035641e-05
47:31.0,6.34701e-05
47:32.0,7.188677e-05
47:33.0,5.947598e-05
47:34.0,7.1006856e-05
47:35.0,8.135198e-05
47:36.0,7.918939e-05
47:37.0,7.495571e-05
47:38.0,7.510238e-05
47:39.0,7.769896e-05
47:40.0,8.4066625e-05
47:41.0,7.998454e-05
47:42.0,7.591706e-05
47:43.0,7.7244884e-05
47:44.0,6.3750624e-05
47:45.0,6.927821e-05
47:46.0,8.592931e-05
47:47.0,0.00010439
47:48.0,0.00012185
47:49.0,0.000112044
47:50.0,0.000110354
47:51.0,0.000107272
47:52.0,8.9583766e-05
47:53.0,9.2094386e-05
47:54.0,9.225755e-05
47:55.0,8.790369e-05
47:56.0,8.2805884e-05
47:57.0,5.709439e-05
47:58.0,6.244096e-05
47:59.0,6.510554e-05
48:00.0,5.904175e-05
48:01.0,4.3284504e-05
48:02.0,3.6847898e-05
48:03.0,4.2195188e-05
48:04.0,4.70213e-05
48:05.0,4.4817953e-05
48:05.9,3.379266e-05
48:06.9,2.661232e-05
48:07.9,1.889282e-05
48:08.9,2.1500395e-05
48:09.9,3.5132165e-05
48:10.9,3.6861748e-05
48:11.9,2.8639393e-05
48:12.9,2.0375874e-05
48:13.9,2.1647817e-05
48:14.9,2.2596154e-05
48:15.9,2.2144811e-06
48:16.9,-1.66E-06
48:17.9,-6.87E-06
48:18.9,-1.40E-05
48:19.9,-2.13E-05
48:20.9,-2.49E-05
48:21.9,-2.58E-05
48:22.9,-1.16E-05
48:23.9,-2.79E-05
48:24.9,-3.50E-05
48:25.9,-2.60E-05
48:26.9,-1.84E-05
48:27.9,-1.90E-05
48:28.9,9.597293e-07
48:29.9,2.6409919e-07
48:30.9,-1.95E-05
48:31.9,-3.08E-05
48:32.9,-1.39E-05
48:33.9,-1.78E-05
48:34.9,-4.10E-05
48:35.9,-5.04E-05
48:36.9,-5.71E-05
48:37.9,-6.72E-05
48:38.9,-7.13E-05
48:39.9,-7.96E-05
48:40.9,-9.21E-05
48:41.9,-9.81E-05
48:42.9,-7.31E-05
48:43.9,-6.37E-05
48:44.9,-6.96E-05
48:45.9,-9.09E-05
48:46.9,-8.68E-05
48:47.9,-8.57E-05
48:48.9,-8.00E-05
48:49.9,-0.000104918
48:50.9,-0.000104726
48:51.9,-0.000114046
48:52.9,-0.000119038
48:53.9,-0.000129003
48:54.9,-0.0001289
48:55.9,-0.000109982
48:56.9,-0.000118218
48:57.9,-0.000123161
48:58.9,-0.000123735
48:59.9,-0.000129107
49:00.9,-0.000117425
49:01.9,-0.000115462
49:02.9,-0.000124642
49:03.9,-0.000117843
49:04.9,-0.000104074
49:05.9,-0.000113992
49:06.8,-0.000112278
49:07.8,-0.000114936
49:08.8,-0.000114407
49:09.8,-0.000115937
49:10.8,-0.000113095
49:11.8,-0.000108269
49:12.8,-8.59E-05
49:13.8,-8.69E-05
49:14.8,-8.22E-05
49:15.8,-8.84E-05
49:16.8,-7.20E-05
49:17.8,-5.19E-05
49:18.8,-4.73E-05
49:19.8,-5.29E-05
49:20.8,-7.37E-05
49:21.8,-6.85E-05
49:22.8,-5.23E-05
49:23.8,-6.03E-05
49:24.8,-7.22E-05
49:25.8,-7.73E-05
49:26.8,-8.26E-05
49:27.8,-8.99E-05
49:28.8,-9.17E-05
49:29.8,-9.58E-05
49:30.8,-0.000102869
49:31.8,-0.000101219
49:32.8,-8.11E-05
49:33.8,-5.91E-05
49:34.8,-3.61E-05
49:35.8,-5.19E-05
49:36.8,-4.91E-05
49:37.8,-5.90E-05
49:38.8,-4.94E-05
49:39.8,-3.77E-05
49:40.8,-4.80E-05
49:41.8,-5.12E-05
49:42.8,-3.84E-05
49:43.8,-1.25E-05
49:44.8,-1.17E-05
49:45.8,-1.96E-06
49:46.8,2.151527e-05
49:47.8,1.7636823e-05
49:48.8,6.5363934e-06
49:49.8,2.3346834e-06
49:50.8,1.118007e-07
49:51.8,9.073612e-06
49:52.8,2.679487e-05
49:53.8,2.5231662e-05
49:54.8,1.8206167e-05
49:55.8,2.002062e-05
49:56.8,3.0892348e-05
49:57.8,5.552156e-05
49:58.8,3.9051964e-05
49:59.8,1.6479773e-05
50:00.8,2.5977429e-06
50:01.8,1.6312591e-06
50:02.8,-2.37E-05
50:03.8,-2.68E-05
50:04.8,-7.56E-06
50:05.8,4.2776433e-06
50:06.8,1.4808418e-05
50:07.7,2.289357e-05
50:08.7,1.6130634e-05
50:09.7,2.8667924e-05
50:10.7,4.1796888e-05
50:11.7,3.6571037e-05
50:12.7,1.7205293e-05
50:13.7,1.7747716e-05
50:14.7,4.4004097e-05
50:15.7,3.5146946e-05
50:16.7,5.7595284e-06
50:17.7,-3.58E-06
50:18.7,-5.29E-06
50:19.7,-1.72E-05
50:20.7,-1.83E-05
50:21.7,-9.20E-06
50:22.7,5.480976e-06
50:23.7,2.5380775e-06
50:24.7,-1.87E-05
50:25.7,-3.08E-05
50:26.7,-2.58E-05
50:27.7,-2.46E-05
50:28.7,-2.81E-05
50:29.7,-2.65E-05
50:30.7,-9.49E-06
50:31.7,-1.02E-05
50:32.7,-6.57E-06
50:33.7,-1.15E-05
50:34.7,-2.30E-05
50:35.7,-2.72E-05
50:36.7,-4.43E-05
50:37.7,-5.14E-05
50:38.7,-5.51E-05
50:39.7,-5.28E-05
50:40.7,-5.09E-05
50:41.7,-3.43E-05
50:42.7,-2.71E-05
50:43.7,-3.18E-05
50:44.7,-3.88E-05
50:45.7,-3.53E-05
50:46.7,-2.97E-05
50:47.7,-3.28E-05
50:48.7,-5.13E-05
50:49.7,-3.38E-05
50:50.7,-4.01E-05
50:51.7,-2.36E-05
50:52.7,-2.85E-05
50:53.7,-3.63E-05
50:54.7,-2.97E-05
50:55.7,-3.04E-05
50:56.7,-3.49E-05
50:57.7,-2.81E-05
50:58.7,-3.84E-05
50:59.7,-4.83E-05
51:00.7,-6.56E-05
51:01.7,-6.98E-05
51:02.7,-7.16E-05
51:03.7,-5.89E-05
51:04.7,-7.71E-05
51:05.7,-6.75E-05
51:06.7,-8.03E-05
51:07.7,-7.13E-05
51:08.6,-8.47E-05
51:09.6,-9.57E-05
51:10.6,-0.000111179
51:11.6,-0.000105914
51:12.6,-0.000106422
51:13.6,-0.000115101
51:14.6,-0.000125663
51:15.6,-0.000126405
51:16.6,-0.000136741
51:17.6,-0.000133619
51:18.6,-0.000132719
51:19.6,-0.000141602
51:20.6,-0.000146245
51:21.6,-0.000147827
51:22.6,-0.000156456
51:23.6,-0.000157307
51:24.6,-0.000148494
51:25.6,-0.0001613
51:26.6,-0.000177655
51:27.6,-0.000183728
51:28.6,-0.000190163
51:29.6,-0.000172491
51:30.6,-0.000171182
51:31.6,-0.000175954
51:32.6,-0.0001805
51:33.6,-0.000189972
51:34.6,-0.000187514
51:35.6,-0.000181531
51:36.6,-0.000166066
51:37.6,-0.000180128
51:38.6,-0.000164437
51:39.6,-0.000164109
51:40.6,-0.000154545
51:41.6,-0.000149672
51:42.6,-0.000151042
51:43.6,-0.000162094
51:44.6,-0.000173915
51:45.6,-0.000161231
51:46.6,-0.000166783
51:47.6,-0.000156026
51:48.6,-0.000145549
51:49.6,-0.000130224
51:50.6,-0.000119811
51:51.6,-0.000119466
51:52.6,-0.000121715
51:53.6,-0.000132075
51:54.6,-0.000129764
51:55.6,-0.000139651
51:56.6,-0.000149577
51:57.6,-0.000157385
51:58.6,-0.000158668
51:59.6,-0.000140239
52:00.6,-0.000134385
52:01.6,-0.000138383
52:02.6,-0.000124655
52:03.6,-0.000128237
52:04.6,-0.000128327
52:05.6,-0.000126533
52:06.6,-0.000132563
52:07.6,-0.000153003
52:08.6,-0.000140269
52:09.5,-0.000127475
52:10.5,-0.000121211
52:11.5,-0.000129498
52:12.5,-0.000125076
52:13.5,-0.000120515
52:14.5,-0.000120821
52:15.5,-0.000139028
52:16.5,-0.000155123
52:17.5,-0.000150263
52:18.5,-0.000147173
52:19.5,-0.000142984
52:20.5,-0.000146376
52:21.5,-0.000143422
52:22.5,-0.000135615
52:23.5,-0.000140935
52:24.5,-0.000133512
52:25.5,-0.000135913
52:26.5,-0.00014074
52:27.5,-0.000133168
52:28.5,-0.000146094
52:29.5,-0.00018571
52:30.5,-0.000148868
52:31.5,-0.000131218
52:32.5,-0.000134437
52:33.5,-0.000150157
52:34.5,-0.000181411
52:35.5,-0.00018296
52:36.5,-0.00021341
52:37.5,-0.000212619
52:38.5,-0.000207542
52:39.5,-0.000186321
52:40.5,-0.000183941
52:41.5,-0.000194376
52:42.5,-0.000197841
52:43.5,-0.000180876
52:44.5,-0.000181974
52:45.5,-0.000183493
52:46.5,-0.000188708
52:47.5,-0.000180204
52:48.5,-0.000174259
52:49.5,-0.000158613
52:50.5,-0.000144289
52:51.5,-0.000133004
52:52.5,-0.000140179
52:53.5,-0.000127423
52:54.5,-0.000136205
52:55.5,-0.000127116
52:56.5,-0.000121209
52:57.5,-0.00011438
52:58.5,-0.000132802
52:59.5,-0.000130145
53:00.5,-0.00014691
53:01.5,-0.000142034
53:02.5,-0.000146725
53:03.5,-0.000142133
53:04.5,-0.000135867
53:05.5,-0.000135669
53:06.5,-0.000128821
53:07.5,-0.000108979
53:08.5,-9.24E-05
53:09.5,-9.31E-05
53:10.4,-0.000117808
53:11.4,-0.000148938
53:12.4,-0.000135608
53:13.4,-0.000123537
53:14.4,-0.000120727
53:15.4,-0.000121527
53:16.4,-0.000121949
53:17.4,-0.000112848
53:18.4,-6.53E-05
53:19.4,-8.11E-05
53:20.4,-0.000104845
53:21.4,-0.000135764
53:22.4,-0.000108233
53:23.4,-9.36E-05
53:24.4,-7.59E-05
53:25.4,-7.69E-05
53:26.4,-7.61E-05
53:27.4,-6.80E-05
53:28.4,-5.96E-05
53:29.4,-4.09E-05
53:30.4,-7.95E-06
53:31.4,8.724225e-06
53:32.4,1.50313035e-05
53:33.4,3.9757375e-05
53:34.4,3.007918e-05
53:35.4,8.685357e-06
53:36.4,2.4850386e-05
53:37.4,2.7111313e-05
53:38.4,2.0995589e-05
53:39.4,4.338564e-07
53:40.4,-1.53E-05
53:41.4,2.4854978e-06
53:42.4,3.364201e-06
53:43.4,1.2576137e-05
53:44.4,1.2609238e-05
53:45.4,7.182183e-06
53:46.4,2.8298177e-06
53:47.4,4.503429e-06
53:48.4,2.3149454e-05
53:49.4,2.7428578e-05
53:50.4,4.4786215e-05
53:51.4,6.0247534e-05
53:52.4,9.020642e-05
53:53.4,0.000116557
53:54.4,0.000125161
53:55.4,0.000132321
53:56.4,0.000112552
53:57.4,0.000112984
53:58.4,0.000108926
53:59.4,8.302553e-05
54:00.4,7.7266515e-05
54:01.4,6.810758e-05
54:02.4,7.4454656e-05
54:03.4,6.072313e-05
54:04.4,6.9795635e-05
54:05.4,8.799414e-05
54:06.4,0.00010241
54:07.4,9.734851e-05
54:08.4,7.82145e-05
54:09.4,8.161782e-05
54:10.4,9.789169e-05
54:11.3,8.745593e-05
54:12.3,9.205599e-05
54:13.3,9.776274e-05
54:14.3,9.373138e-05
54:15.3,6.908941e-05
54:16.3,4.6584795e-05
54:17.3,4.2488587e-05
54:18.3,4.0432835e-05
54:19.3,4.1480333e-05
54:20.3,6.322683e-05
54:21.3,7.584709e-05
54:22.3,5.9620048e-05
54:23.3,4.3289812e-05
54:24.3,3.435389e-05
54:25.3,4.692163e-05
54:26.3,6.012016e-05
54:27.3,5.7292655e-05
54:28.3,2.9135372e-05
54:29.3,2.4239287e-05
54:30.3,3.9539027e-05
54:31.3,2.8904893e-05
54:32.3,2.1286147e-05
54:33.3,3.9098464e-05
54:34.3,5.4717686e-05
54:35.3,3.8714214e-05
54:36.3,2.9975938e-05
54:37.3,2.8524444e-05
54:38.3,2.9799752e-05
54:39.3,3.526574e-05
54:40.3,3.5354416e-05
54:41.3,3.4190743e-05
54:42.3,1.054887e-05
54:43.3,-3.08E-07
54:44.3,1.3558642e-05
54:45.3,1.4033547e-05
54:46.3,3.967898e-06
54:47.3,1.4357262e-05
54:48.3,3.139474e-05
54:49.3,3.5513913e-05
54:50.3,4.053807e-05
54:51.3,5.242621e-05
54:52.3,5.164728e-05
54:53.3,7.094598e-05
54:54.3,4.0596562e-05
54:55.3,2.8834162e-05
54:56.3,1.5535516e-05
54:57.3,1.9592437e-05
54:58.3,-6.30E-06
54:59.3,-1.37E-05
55:00.3,-2.92E-05
55:01.3,-4.26E-05
55:02.3,-3.49E-05
55:03.3,-3.65E-05
55:04.3,-4.28E-05
55:05.3,-5.81E-05
55:06.3,-4.67E-05
55:07.3,-3.94E-05
55:08.3,-5.29E-05
55:09.3,-5.70E-05
55:10.3,-4.27E-05
55:11.3,-3.53E-05
55:12.3,-4.42E-05
55:13.2,-4.97E-05
55:14.2,-5.26E-05
55:15.2,-5.42E-05
55:16.2,-6.16E-05
55:17.2,-6.67E-05
55:18.2,-6.31E-05
55:19.2,-5.34E-05
55:20.2,-5.50E-05
55:21.2,-5.46E-05
55:22.2,-5.07E-05
55:23.2,-5.75E-05
55:24.2,-6.61E-05
55:25.2,-0.000100317
55:26.2,-0.000100593
55:27.2,-0.000116071
55:28.2,-0.000105164
55:29.2,-0.000106624
55:30.2,-9.73E-05
55:31.2,-8.71E-05
55:32.2,-9.73E-05
55:33.2,-0.000113284
55:34.2,-0.000113642
55:35.2,-0.000108888
55:36.2,-0.000105231
55:37.2,-9.46E-05
55:38.2,-9.39E-05
55:39.2,-0.000109709
55:40.2,-0.000104965
55:41.2,-0.000113543
55:42.2,-0.00011098
55:43.2,-0.000121609
55:44.2,-0.000130394
55:45.2,-0.000133983
55:46.2,-0.000135835
55:47.2,-0.000119995
55:48.2,-0.000106016
55:49.2,-0.000101968
55:50.2,-9.85E-05
55:51.2,-9.59E-05
55:52.2,-8.28E-05
55:53.2,-6.52E-05
55:54.2,-5.28E-05
55:55.2,-4.91E-05
55:56.2,-3.71E-05
55:57.2,-3.76E-05
55:58.2,-5.84E-05
55:59.2,-6.00E-05
56:00.2,-6.01E-05
56:01.2,-6.26E-05
56:02.2,-5.69E-05
56:03.2,-4.53E-05
56:04.2,-4.19E-05
56:05.2,-5.04E-05
56:06.2,-5.26E-05
56:07.2,-5.06E-05
56:08.2,-4.59E-05
56:09.2,-3.85E-05
56:10.2,-4.43E-05
56:11.2,-4.59E-05
56:12.2,-3.93E-05
56:13.2,-3.63E-05
56:14.1,-2.71E-05
56:15.1,-4.09E-05
56:16.1,-3.88E-05
56:17.1,-3.97E-05
56:18.1,-4.25E-05
56:19.1,-4.31E-05
56:20.1,-3.14E-05
56:21.1,-2.14E-05
56:22.1,-1.87E-05
56:23.1,-1.29E-05
56:24.1,-1.34E-05
56:25.1,-2.15E-05
56:26.1,-3.18E-05
56:27.1,-3.24E-05
56:28.1,-2.98E-05
56:29.1,-4.19E-05
56:30.1,-4.13E-05
56:31.1,-3.92E-05
56:32.1,-2.41E-05
56:33.1,-1.29E-05
56:34.1,6.087896e-07
56:35.1,-1.31E-05
56:36.1,-8.64E-06
56:37.1,-6.90E-06
56:38.1,2.0738516e-05
56:39.1,4.3159725e-05
56:40.1,4.0774667e-05
56:41.1,3.4114553e-05
56:42.1,3.6370267e-05
56:43.1,1.6313994e-05
56:44.1,1.0318542e-05
56:45.1,1.2897041e-05
56:46.1,-7.97E-07
56:47.1,-1.51E-05
56:48.1,-2.94E-05
56:49.1,-3.29E-05
56:50.1,-3.43E-05
56:51.1,-3.30E-05
56:52.1,-2.20E-05
56:53.1,-3.10E-05
56:54.1,0
56:55.1,-0.000222977
56:56.1,-0.000212837
56:57.1,-0.000206062
56:58.1,-0.000195188
56:59.1,-0.000211627
57:00.1,-0.000206922
57:01.1,-0.000229223
57:02.1,-0.000215351
57:03.1,-0.000198601
57:04.1,-0.000207267
57:05.1,-0.000215061
57:06.1,-0.000210506
57:07.1,-0.000205896
57:08.1,-0.00020671
57:09.1,-0.000211176
57:10.1,-0.00020818
57:11.1,-0.000214918
57:12.1,-0.00021698
57:13.1,-0.000218637
57:14.1,-0.000230955
57:15.0,-0.000246111
57:16.0,-0.000250811
57:17.0,-0.000251118
57:18.0,-0.000262312
57:19.0,-0.000235169
57:20.0,-0.000214745
57:21.0,-0.000217633
57:22.0,-0.000245747
57:23.0,-0.000254483
57:24.0,-0.000276114
57:25.0,-0.000252721
57:26.0,-0.000275755
57:27.0,-0.00028186
57:28.0,-0.000278742
57:29.0,-0.000257489
57:30.0,-0.000257025
57:31.0,-0.00026849
57:32.0,-0.00025205
57:33.0,-0.00023737
57:34.0,-0.000238784
57:35.0,-0.000239715
57:36.0,-0.000213445
57:37.0,-0.000212902
57:38.0,-0.000224806
57:39.0,-0.000215229
57:40.0,-0.000208817
57:41.0,-0.000207973
57:42.0,-0.000222208
57:43.0,-0.000229025
57:44.0,-0.000231632
57:45.0,-0.000242137
57:46.0,-0.000231472
57:47.0,-0.000221413
57:48.0,-0.000227026
57:49.0,-0.000243216
57:50.0,-0.000260378
57:51.0,-0.000263071
57:52.0,-0.000273184
57:53.0,-0.000265531
57:54.0,-0.000254023
57:55.0,-0.000249605
57:56.0,-0.000260193
57:57.0,-0.000275411
57:58.0,-0.000282139
57:59.0,-0.000291547
58:00.0,-0.000286743
58:01.0,-0.000280425
58:02.0,-0.000289558
58:03.0,-0.000281862
58:04.0,-0.000267522
58:05.0,-0.000281959
58:06.0,-0.000273089
58:07.0,-0.000275213
58:08.0,-0.000261096
58:09.0,-0.000260505
58:10.0,-0.000273325
58:11.0,-0.000266167
58:12.0,-0.000254532
58:13.0,-0.00025974
58:14.0,-0.000240811
58:15.0,-0.000234203
58:15.9,-0.000223458
58:16.9,-0.00020468
58:17.9,-0.000189083
58:18.9,-0.000190864
58:19.9,-0.000193957
58:20.9,-0.000184615
58:21.9,-0.000182168
58:22.9,-0.000167133
58:23.9,-0.000162063
58:24.9,-0.000155405
58:25.9,-0.000138121
58:26.9,-0.00012756
58:27.9,-0.000141344
58:28.9,-0.000144358
58:29.9,-0.000159269
58:30.9,-0.000157619
58:31.9,-0.000153943
58:32.9,-0.000171597
58:33.9,-0.00019079
58:34.9,-0.000203517
58:35.9,-0.000208452
58:36.9,-0.000198681
58:37.9,-0.000213072
58:38.9,-0.00020373
58:39.9,-0.000197767
58:40.9,-0.000179701
58:41.9,-0.000169478
58:42.9,-0.000162681
58:43.9,-0.000149957
58:44.9,-0.000164087
58:45.9,-0.000178537
58:46.9,-0.000181407
58:47.9,-0.000179503
58:48.9,-0.000174378
58:49.9,-0.000180891
58:50.9,-0.000181484
58:51.9,-0.000179007
58:52.9,-0.000180229
58:53.9,-0.000159591
58:54.9,-0.000137045
58:55.9,-0.000120983
58:56.9,-0.000120807
58:57.9,-0.000114452
58:58.9,-0.000118709
58:59.9,-0.00011365
59:00.9,-0.000130118
59:01.9,-0.000148263
59:02.9,-0.000155188
59:03.9,-0.000162634
59:04.9,-0.000186434
59:05.9,-0.000219609
59:06.9,-0.000228832
59:07.9,-0.000231162
59:08.9,-0.000226539
59:09.9,-0.000207519
59:10.9,-0.000190271
59:11.9,-0.000198661
59:12.9,-0.000202356
59:13.9,-0.000204455
59:14.9,-0.000211299
59:15.9,-0.000199493
59:16.8,-0.00019726
59:17.8,-0.000204571
59:18.8,-0.000222252
59:19.8,-0.000207414
59:20.8,-0.000203832
59:21.8,-0.000204183
59:22.8,-0.000205023
59:23.8,-0.000188513
59:24.8,-0.000182254
59:25.8,-0.00018793
59:26.8,-0.000176229
59:27.8,-0.000173253
59:28.8,-0.000187953
59:29.8,-0.000200865
59:30.8,-0.000193905
59:31.8,-0.000196963
59:32.8,-0.000208397
59:33.8,-0.000212107
59:34.8,-0.000214658
59:35.8,-0.000194205
59:36.8,-0.00020822
59:37.8,-0.000212227
59:38.8,-0.000213383
59:39.8,-0.000213366
59:40.8,-0.000203784
59:41.8,-0.000205202
59:42.8,-0.000208962
59:43.8,-0.000186002
59:44.8,-0.000192285
59:45.8,-0.000202089
59:46.8,-0.000230295
59:47.8,-0.000241425
59:48.8,-0.000236176
59:49.8,-0.000243283
59:50.8,-0.000247953
59:51.8,-0.000264685
59:52.8,-0.000276257
59:53.8,-0.000277262
59:54.8,-0.000269475
59:55.8,-0.000260371
59:56.8,-0.000278652
59:57.8,-0.000283391
59:58.8,-0.000275376
59:59.8,-0.000255642
00:00.8,-0.000223458
00:01.8,-0.000216822
00:02.8,-0.000228977
00:03.8,-0.000199918
00:04.8,-0.000194813
00:05.8,-0.000205431
00:06.8,-0.000196272
00:07.8,-0.000205803
00:08.8,-0.000195355
00:09.8,-0.000187835
00:10.8,-0.000183826
00:11.8,-0.00018191
00:12.8,-0.000160978
00:13.8,-0.00016181
00:14.8,-0.000158987
00:15.8,-0.000158755
00:16.8,-0.000167365
00:17.7,-0.000177507
00:18.7,-0.000180388
00:19.7,-0.000164009
00:20.7,-0.0001345
00:21.7,-0.000124158
00:22.7,-0.00010906
00:23.7,-8.65E-05
00:24.7,-7.32E-05
00:25.7,-6.63E-05
00:26.7,-6.67E-05
00:27.7,-6.62E-05
00:28.7,-5.65E-05
00:29.7,-7.70E-05
00:30.7,-9.48E-05
00:31.7,-7.75E-05
00:32.7,-3.36E-05
00:33.7,-1.40E-05
00:34.7,-1.12E-05
00:35.7,1.6719605e-05
00:36.7,2.3171253e-06
00:37.7,-2.94E-05
00:38.7,-4.87E-05
00:39.7,-5.01E-05
00:40.7,-4.44E-05
00:41.7,-3.73E-05
00:42.7,-1.75E-05
00:43.7,-3.73E-05
00:44.7,-5.26E-05
00:45.7,-3.89E-05
00:46.7,-2.24E-05
00:47.7,-1.61E-05
00:48.7,-3.46E-05
00:49.7,-3.96E-05
00:50.7,-1.68E-05
00:51.7,-3.94E-05
00:52.7,-7.13E-05
00:53.7,-0.000116532
00:54.7,-0.00014792
00:55.7,-0.00017423
00:56.7,-0.00019409
00:57.7,-0.000197095
00:58.7,-0.0001988
00:59.7,-0.000157778
01:00.7,-0.000136795
01:01.7,-0.000134104
01:02.7,-0.000137841
01:03.7,-0.000143689
01:04.7,-0.000145743
01:05.7,-0.000168259
01:06.7,-0.000161859
01:07.7,-0.000132236
01:08.7,-0.000134298
01:09.7,-0.000116508
01:10.7,-8.21E-05
01:11.7,-8.09E-05
01:12.7,-7.10E-05
01:13.7,-3.79E-05
01:14.7,-2.45E-05
01:15.7,5.6627828e-06
01:16.7,3.2420063e-05
01:17.7,3.792768e-05
01:18.6,4.514583e-05
01:19.6,4.7646754e-05
01:20.6,5.6751513e-05
01:21.6,6.7683046e-05
01:22.6,4.050475e-05
01:23.6,2.7486856e-05
01:24.6,1.8397615e-05
01:25.6,4.5663095e-05
01:26.6,4.3880016e-05
01:27.6,1.8826535e-05
01:28.6,-4.32E-07
01:29.6,7.940314e-06
01:30.6,2.9370893e-05
01:31.6,1.8446077e-05
01:32.6,-3.31E-05
01:33.6,-3.52E-05
01:34.6,-4.28E-05
01:35.6,-8.09E-05
01:36.6,-0.000112211
01:37.6,-0.000117908
01:38.6,-0.000102025
01:39.6,-0.000100759
01:40.6,-0.0001436
01:41.6,-0.000137106
01:42.6,-0.000124732
01:43.6,-0.000123241
01:44.6,-0.000134173
01:45.6,-0.000130085
01:46.6,-0.000133221
01:47.6,-0.000142528
01:48.6,-0.000177935
01:49.6,-0.00018699
01:50.6,-0.000194285
01:51.6,-0.000187729
01:52.6,-0.00016615
01:53.6,-0.000151977
01:54.6,-0.000143389
01:55.6,-0.00015454
01:56.6,-0.000176526
01:57.6,-0.000155197
01:58.6,-0.000185187
01:59.6,-0.00020882
02:00.6,-0.000206006
02:01.6,-0.000180188
02:02.6,-0.000155547
02:03.6,-0.000151474
02:04.6,-0.000140317
02:05.6,-0.000108729
02:06.6,-7.65E-05
02:07.6,-5.52E-05
02:08.6,-2.68E-05
02:09.6,1.9398549e-05
02:10.6,7.991544e-05
02:11.6,7.01028e-05
02:12.6,5.8331007e-05
02:13.6,6.220963e-05
02:14.6,7.1463845e-05
02:15.6,6.805707e-05
02:16.6,7.457413e-05
02:17.6,7.8404904e-05
02:18.6,7.423483e-05
02:19.5,8.4645035e-05
02:20.5,8.099558e-05
02:21.5,7.850046e-05
02:22.5,7.044331e-05
02:23.5,7.185682e-05
02:24.5,4.8484035e-05
02:25.5,2.1678945e-05
02:26.5,4.6552057e-05
02:27.5,4.8587284e-05
02:28.5,2.9118775e-05
02:29.5,2.791414e-05
02:30.5,1.6686638e-05
02:31.5,1.9276209e-05
02:32.5,2.958539e-05
02:33.5,2.8827908e-05
02:34.5,6.705972e-05
02:35.5,8.1981954e-05
02:36.5,8.124268e-05
02:37.5,5.5460463e-05
02:38.5,7.453359e-05
02:39.5,5.6085744e-05
02:40.5,2.0049103e-05
02:41.5,2.996626e-05
02:42.5,2.6212316e-05
02:43.5,3.509071e-05
02:44.5,3.1572854e-05
02:45.5,5.8449525e-05
02:46.5,5.546355e-05
02:47.5,8.111303e-05
02:48.5,7.0631904e-05
02:49.5,6.491534e-05
02:50.5,7.586297e-05
02:51.5,7.126346e-05
02:52.5,7.635873e-05
02:53.5,6.5688815e-05
02:54.5,5.7278983e-05
02:55.5,4.5250814e-05
02:56.5,3.579157e-05
02:57.5,1.5112033e-05
02:58.5,7.6827655e-06
02:59.5,2.1405516e-05
03:00.5,4.9977585e-05
03:01.5,5.5551904e-05
03:02.5,4.0976494e-05
03:03.5,3.8732484e-05
03:04.5,3.5611487e-05
03:05.5,5.0291186e-05
03:06.5,3.624397e-05
03:07.5,2.719747e-05
03:08.5,3.8018497e-05
03:09.5,3.9885337e-05
03:10.5,3.8080987e-05
03:11.5,4.5883768e-05
03:12.5,7.321998e-05
03:13.5,5.662965e-05
03:14.5,5.6474364e-05
03:15.5,4.9015718e-05
03:16.5,5.1156854e-05
03:17.5,3.4720168e-05
03:18.5,3.5542966e-05
03:19.5,4.2179858e-05
03:20.4,3.2453358e-05
03:21.4,3.8262686e-05
03:22.4,4.6127876e-05
03:23.4,4.1060815e-05
03:24.4,3.1651118e-05
03:25.4,3.4647317e-05
03:26.4,2.8342185e-05
03:27.4,4.6043173e-05
03:28.4,4.646775e-05
03:29.4,3.5392633e-05
03:30.4,2.7164711e-05
03:31.4,-6.96E-07
03:32.4,-2.14E-05
03:33.4,-1.35E-05
03:34.4,-3.89E-06
03:35.4,-7.57E-06
03:36.4,-2.87E-05
03:37.4,-1.28E-05
03:38.4,-1.71E-06
03:39.4,-1.15E-05
03:40.4,-5.23E-06
03:41.4,-4.61E-06
03:42.4,-2.27E-05
03:43.4,-3.18E-05
03:44.4,-4.22E-05
03:45.4,-1.99E-05
03:46.4,-2.40E-05
03:47.4,-4.51E-05
03:48.4,-3.44E-05
03:49.4,-3.04E-05
03:50.4,-1.36E-05
03:51.4,-1.10E-05
03:52.4,-1.34E-05
03:53.4,-1.51E-05
03:54.4,-1.23E-05
03:55.4,-9.30E-06
03:56.4,-3.19E-05
03:57.4,-5.65E-05
03:58.4,-5.49E-05
03:59.4,-5.52E-05
04:00.4,-6.67E-05
04:01.4,-7.99E-05
04:02.4,-0.000110337
04:03.4,-9.86E-05
04:04.4,-9.01E-05
04:05.4,-7.50E-05
04:06.4,-9.76E-05
04:07.4,-0.000123891
04:08.4,-0.000160319
04:09.4,-0.000139433
04:10.4,-0.000128996
04:11.4,-0.000124899
04:12.4,-0.000118539
04:13.4,-0.000125855
04:14.4,-0.000117216
04:15.4,-0.000117002
04:16.4,-0.000118591
04:17.4,-0.00013028
04:18.4,-0.00012392
04:19.4,-0.000117042
04:20.4,-0.000141204
04:21.4,-0.00013154
04:22.3,-0.000123522
04:23.3,-0.000128504
04:24.3,-0.000123205
04:25.3,-0.000114378
04:26.3,-0.000107593
04:27.3,-0.000105967
04:28.3,-0.000123766
04:29.3,-0.000129067
04:30.3,-0.000155278
04:31.3,-0.000155481
04:32.3,-0.000164328
04:33.3,-0.000171867
04:34.3,-0.000171374
04:35.3,-0.000176016
04:36.3,-0.000184256
04:37.3,-0.00018905
04:38.3,-0.000173837
04:39.3,-0.000166669
04:40.3,-0.000193848
04:41.3,-0.000201834
04:42.3,-0.000212105
04:43.3,-0.000214071
04:44.3,-0.000212313
04:45.3,-0.000239947
04:46.3,-0.000227043
04:47.3,-0.000230935
04:48.3,-0.000232176
04:49.3,-0.000211086
04:50.3,-0.000199137
04:51.3,-0.000181205
04:52.3,-0.000175578
04:53.3,-0.000195039
04:54.3,-0.000197232
04:55.3,-0.000205665
04:56.3,-0.000201976
04:57.3,-0.000221907
04:58.3,-0.000234468
04:59.3,-0.000230865
05:00.3,-0.000215836
05:01.3,-0.000233079
05:02.3,-0.000237498
05:03.3,-0.000237994
05:04.3,-0.000241184
05:05.3,-0.000236435
05:06.3,-0.000237143
05:07.3,-0.000228891
05:08.3,-0.000239392
05:09.3,-0.000213046
05:10.3,-0.000249173
05:11.3,-0.000260269
05:12.3,-0.000260871
05:13.3,-0.000257281
05:14.3,-0.000278603
05:15.3,-0.00026152
05:16.3,-0.000259507
05:17.3,-0.000253421
05:18.3,-0.000263052
05:19.3,-0.00027691
05:20.3,-0.000272745
05:21.3,-0.000244281
05:22.3,-0.000241622
05:23.2,-0.000231669
05:24.2,-0.000223034
05:25.2,-0.0002145
05:26.2,-0.000229097
05:27.2,-0.000245161
05:28.2,-0.000250236
05:29.2,-0.000251759
05:30.2,-0.000247674
05:31.2,-0.0002372
05:32.2,-0.000230901
05:33.2,-0.000226109
05:34.2,-0.000234755
05:35.2,-0.000242762
05:36.2,-0.00022941
05:37.2,-0.000209665
05:38.2,-0.000226165
05:39.2,-0.000217695
05:40.2,-0.000232411
05:41.2,-0.000235292
05:42.2,-0.000239709
05:43.2,-0.000234407
05:44.2,-0.00023121
05:45.2,-0.000208626
05:46.2,-0.000221322
05:47.2,-0.000221463
05:48.2,-0.000212665
05:49.2,-0.000200533
05:50.2,-0.000190206
05:51.2,-0.000168054
05:52.2,-0.000171655
05:53.2,-0.000157055
05:54.2,-0.000140178
05:55.2,-0.000141252
05:56.2,-0.00016103
05:57.2,-0.000155527
05:58.2,-0.000137386
05:59.2,-0.000155194
06:00.2,-0.000163759
06:01.2,-0.000170069
06:02.2,-0.00017671
06:03.2,-0.00019296
06:04.2,-0.000158414
06:05.2,-0.000138898
06:06.2,-0.000117322
06:07.2,-9.92E-05
06:08.2,-0.00010876
06:09.2,-0.000114748
06:10.2,-1.00E-04
06:11.2,-0.000113671
06:12.2,-0.000110537
06:13.2,-0.000137214
06:14.2,-0.000129267
06:15.2,-0.000114304
06:16.2,-0.000118935
06:17.2,-0.000137531
06:18.2,-0.000117562
06:19.2,-0.000112562
06:20.2,-0.000107984
06:21.2,-0.000118972
06:22.2,-0.000136554
06:23.2,-0.000150954
06:24.1,-0.000175489
06:25.1,-0.00018367
06:26.1,-0.000147171
06:27.1,-0.000140625
06:28.1,-0.000117591
06:29.1,-0.000104892
06:30.1,-0.00010465
06:31.1,-0.000120215
06:32.1,-0.000126226
06:33.1,-0.000134356
06:34.1,-0.000120946
06:35.1,-0.000123972
06:36.1,-0.000131897
06:37.1,-0.000146265
06:38.1,-0.000123618
06:39.1,-0.000106354
06:40.1,-0.000117468
06:41.1,-0.000130612
06:42.1,-0.000124208
06:43.1,-0.000105063
06:44.1,-6.60E-05
06:45.1,-4.57E-05
06:46.1,-5.92E-05
06:47.1,-5.86E-05
06:48.1,-6.96E-05
06:49.1,-6.31E-05
06:50.1,-5.20E-05
06:51.1,-6.34E-05
06:52.1,-5.71E-05
06:53.1,-7.16E-05
06:54.1,0
06:55.1,0.000103575
06:56.1,0.000142189
06:57.1,0.000167462
06:58.1,0.000174846
06:59.1,0.000161281
07:00.1,0.000180694
07:01.1,0.000196637
07:02.1,0.000206739
07:03.1,0.000185289
07:04.1,0.000192811
07:05.1,0.000201267
07:06.1,0.000209716
07:07.1,0.00021385
07:08.1,0.000232243
07:09.1,0.000220139
07:10.1,0.000209171
07:11.1,0.000195287
07:12.1,0.000197683
07:13.1,0.000200421
07:14.1,0.000201086
07:15.1,0.00023096
07:16.1,0.000244216
07:17.1,0.00024724
07:18.1,0.000251992
07:19.1,0.000258791
07:20.1,0.000241223
07:21.1,0.00022939
07:22.1,0.000214943
07:23.1,0.0002066
07:24.1,0.000200989
07:25.0,0.000212703
07:26.0,0.000192602
07:27.0,0.000197292
07:28.0,0.000205486
07:29.0,0.000213342
07:30.0,0.000220834
07:31.0,0.000223022
07:32.0,0.000255727
07:33.0,0.000280859
07:34.0,0.00029993
07:35.0,0.000342839
07:36.0,0.000317897
07:37.0,0.000306126
07:38.0,0.000313459
07:39.0,0.000302914
07:40.0,0.000317716
07:41.0,0.000323989
07:42.0,0.000345572
07:43.0,0.000326762
07:44.0,0.000336224
07:45.0,0.00034629
07:46.0,0.000380176
07:47.0,0.000400773
07:48.0,0.0004255
07:49.0,0.000424987
07:50.0,0.000426485
07:51.0,0.000420499
07:52.0,0.000410754
07:53.0,0.000409151
07:54.0,0.000425808
07:55.0,0.000435767
07:56.0,0.000453391
07:57.0,0.000444031
07:58.0,0.00046393
07:59.0,0.000442705
08:00.0,0.000444064
08:01.0,0.000462117
08:02.0,0.000448754
08:03.0,0.000404171
08:04.0,0.000394927
08:05.0,0.000386396
08:06.0,0.000408164
08:07.0,0.000421003
08:08.0,0.000412486
08:09.0,0.000410105
08:10.0,0.000415955
08:11.0,0.000427753
08:12.0,0.000428714
08:13.0,0.000422056
08:14.0,0.000427923
08:15.0,0.000458196
08:16.0,0.000473665
08:17.0,0.000468674
08:18.0,0.000467725
08:19.0,0.000477256
08:20.0,0.000481162
08:21.0,0.000461165
08:22.0,0.00048471
08:23.0,0.000494854
08:24.0,0.000480695
08:25.0,0.000464222
08:25.9,0.000480675
08:26.9,0.000489264
08:27.9,0.00045358
08:28.9,0.000448415
08:29.9,0.000433887
08:30.9,0.000427552
08:31.9,0.000435016
08:32.9,0.000428939
08:33.9,0.000428719
08:34.9,0.000411201
08:35.9,0.000382923
08:36.9,0.000398179
08:37.9,0.00040851
08:38.9,0.000414402
08:39.9,0.000403815
08:40.9,0.000397454
08:41.9,0.000402503
08:42.9,0.000381777
08:43.9,0.000380044
08:44.9,0.00037574
08:45.9,0.000360998
08:46.9,0.000379283
08:47.9,0.000382261
08:48.9,0.000385888
08:49.9,0.000402
08:50.9,0.000431907
08:51.9,0.0003976
08:52.9,0.000421571
08:53.9,0.0004129
08:54.9,0.000432679
08:55.9,0.000436939
08:56.9,0.00043727
08:57.9,0.000465415
08:58.9,0.000476784
08:59.9,0.000465
09:00.9,0.000464447
09:01.9,0.000437946
09:02.9,0.000453585
09:03.9,0.000444796
09:04.9,0.000439473
09:05.9,0.00045263
09:06.9,0.000459872
09:07.9,0.000450388
09:08.9,0.000451451
09:09.9,0.000453872
09:10.9,0.000436548
09:11.9,0.000423455
09:12.9,0.000398647
09:13.9,0.000364146
09:14.9,0.000349339
09:15.9,0.000372204
09:16.9,0.00036177
09:17.9,0.000345233
09:18.9,0.000369452
09:19.9,0.000408034
09:20.9,0.000438712
09:21.9,0.000439827
09:22.9,0.000424259
09:23.9,0.000413197
09:24.9,0.000403802
09:25.9,0.0003793
09:26.8,0.000352689
09:27.8,0.000358426
09:28.8,0.000367329
09:29.8,0.000337708
09:30.8,0.000334786
09:31.8,0.000368233
09:32.8,0.000370611
09:33.8,0.000360211
09:34.8,0.000362222
09:35.8,0.000382624
09:36.8,0.000385638
09:37.8,0.000391816
09:38.8,0.000397939
09:39.8,0.000392197
09:40.8,0.00038539
09:41.8,0.000366659
09:42.8,0.000365562
09:43.8,0.000388299
09:44.8,0.000395727
09:45.8,0.000402
09:46.8,0.000399011
09:47.8,0.000391572
09:48.8,0.000396161
09:49.8,0.000399383
09:50.8,0.000403748
09:51.8,0.000404663
09:52.8,0.000407806
09:53.8,0.000410055
09:54.8,0.000373114
09:55.8,0.000354089
09:56.8,0.000354534
09:57.8,0.000339425
09:58.8,0.000331651
09:59.8,0.000333087
10:00.8,0.000346664
10:01.8,0.000354755
10:02.8,0.000354637
10:03.8,0.000357711
10:04.8,0.000378798
10:05.8,0.000387082
10:06.8,0.000389833
10:07.8,0.000398277
10:08.8,0.00039789
10:09.8,0.000392229
10:10.8,0.000387431
10:11.8,0.0003781
10:12.8,0.000360695
10:13.8,0.000351097
10:14.8,0.000352196
10:15.8,0.000327833
10:16.8,0.000343787
10:17.8,0.000341361
10:18.8,0.000318309
10:19.8,0.000307899
10:20.8,0.00028977
10:21.8,0.000290333
10:22.8,0.000276524
10:23.8,0.000282433
10:24.8,0.000283067
10:25.8,0.000273381
10:26.8,0.000279803
10:27.7,0.000283527
10:28.7,0.000293045
10:29.7,0.000296927
10:30.7,0.000295291
10:31.7,0.000283286
10:32.7,0.000282934
10:33.7,0.00027317
10:34.7,0.000258681
10:35.7,0.000253862
10:36.7,0.000270456
10:37.7,0.000276959
10:38.7,0.000274141
10:39.7,0.000276928
10:40.7,0.000280701
10:41.7,0.000288437
10:42.7,0.000294775
10:43.7,0.000297648
10:44.7,0.000302264
10:45.7,0.000307431
10:46.7,0.000315477
10:47.7,0.000332759
10:48.7,0.000320089
10:49.7,0.000286469
10:50.7,0.000280427
10:51.7,0.00026565
10:52.7,0.000275589
10:53.7,0.000285507
10:54.7,0.000286436
10:55.7,0.000306094
10:56.7,0.000293425
10:57.7,0.000266697
10:58.7,0.000260829
10:59.7,0.000253463
11:00.7,0.00024956
11:01.7,0.000244182
11:02.7,0.000241406
11:03.7,0.000242743
11:04.7,0.00025126
11:05.7,0.000247966
11:06.7,0.000234341
11:07.7,0.000232542
11:08.7,0.000235096
11:09.7,0.000250897
11:10.7,0.000247177
11:11.7,0.000243148
11:12.7,0.000253038
11:13.7,0.000257984
11:14.7,0.000264841
11:15.7,0.000275911
11:16.7,0.000262603
11:17.7,0.000252325
11:18.7,0.000231935
11:19.7,0.000215013
11:20.7,0.000228685
11:21.7,0.000235926
11:22.7,0.000231109
11:23.7,0.000228199
11:24.7,0.000245984
11:25.7,0.000245593
11:26.7,0.000243078
11:27.7,0.000247188
11:28.6,0.000246245
11:29.6,0.0002505
11:30.6,0.000232658
11:31.6,0.000241799
11:32.6,0.000231139
11:33.6,0.000226919
11:34.6,0.000237613
11:35.6,0.00021979
11:36.6,0.000199461
11:37.6,0.000210368
11:38.6,0.000210872
11:39.6,0.000211028
11:40.6,0.000189629
11:41.6,0.000194806
11:42.6,0.000212716
11:43.6,0.000212055
11:44.6,0.000221951
11:45.6,0.000234079
11:46.6,0.000254781
11:47.6,0.000257176
11:48.6,0.000249699
11:49.6,0.00025514
11:50.6,0.000268279
11:51.6,0.000271895
11:52.6,0.000282666
11:53.6,0.000281907
11:54.6,0.000274299
11:55.6,0.000260461
11:56.6,0.000265029
11:57.6,0.000281754
11:58.6,0.000293577
11:59.6,0.00030008
12:00.6,0.000287688
12:01.6,0.000266514
12:02.6,0.000289232
12:03.6,0.000303409
12:04.6,0.000283378
12:05.6,0.000281005
12:06.6,0.000283006
12:07.6,0.000273541
12:08.6,0.000284283
12:09.6,0.000297181
12:10.6,0.000281735
12:11.6,0.000280192
12:12.6,0.000285075
12:13.6,0.000282973
12:14.6,0.00029487
12:15.6,0.000277623
12:16.6,0.00026001
12:17.6,0.000251842
12:18.6,0.000278059
12:19.6,0.000286921
12:20.6,0.000298629
12:21.6,0.000295392
12:22.6,0.000279621
12:23.6,0.000291225
12:24.6,0.000304848
12:25.6,0.000314117
12:26.6,0.000304712
12:27.6,0.00028177
12:28.6,0.000274032
12:29.6,0.000274177
12:30.5,0.000271534
12:31.5,0.000279751
12:32.5,0.000270732
12:33.5,0.000247203
12:34.5,0.000228481
12:35.5,0.000213923
12:36.5,0.000201369
12:37.5,0.00018927
12:38.5,0.000171228
12:39.5,0.000161897
12:40.5,0.000182347
12:41.5,0.000205164
12:42.5,0.00020679
12:43.5,0.000215366
12:44.5,0.000219125
12:45.5,0.000212379
12:46.5,0.000203253
12:47.5,0.0001919
12:48.5,0.000195793
12:49.5,0.000197336
12:50.5,0.000196184
12:51.5,0.000177557
12:52.5,0.00017678
12:53.5,0.000174127
12:54.5,0.000181333
12:55.5,0.00018885
12:56.5,0.000202363
12:57.5,0.000215246
12:58.5,0.000219788
12:59.5,0.000201789
13:00.5,0.000176384
13:01.5,0.000144339
13:02.5,0.000126818
13:03.5,0.00011348
13:04.5,0.000124997
13:05.5,0.000131014
13:06.5,0.000138897
13:07.5,0.000126572
13:08.5,0.000118573
13:09.5,0.000100725
13:10.5,9.1070266e-05
13:11.5,9.2989845e-05
13:12.5,9.541894e-05
13:13.5,9.0022404e-05
13:14.5,8.822705e-05
13:15.5,8.6479304e-05
13:16.5,9.10583e-05
13:17.5,6.881443e-05
13:18.5,6.877953e-05
13:19.5,8.174448e-05
13:20.5,9.0862915e-05
13:21.5,0.000102701
13:22.5,0.00010224
13:23.5,9.5350675e-05
13:24.5,9.305983e-05
13:25.5,7.407025e-05
13:26.5,6.712614e-05
13:27.5,5.2938958e-05
13:28.5,4.9366394e-05
13:29.5,4.6510842e-05
13:30.5,3.840674e-05
13:31.4,3.735342e-05
13:32.4,3.3836805e-05
13:33.4,2.247473e-05
13:34.4,2.625866e-05
13:35.4,2.262843e-05
13:36.4,2.265283e-05
13:37.4,4.9129067e-06
13:38.4,2.4437915e-05
13:39.4,2.719974e-05
13:40.4,2.3110177e-05
13:41.4,3.3764452e-05
13:42.4,3.4262543e-05
13:43.4,4.476658e-05
13:44.4,2.9057786e-05
13:45.4,3.833944e-05
13:46.4,3.1936008e-05
13:47.4,8.790621e-06
13:48.4,-7.28E-06
13:49.4,-1.25E-05
13:50.4,-2.25E-05
13:51.4,-1.02E-05
13:52.4,-7.10E-06
13:53.4,4.3297e-06
13:54.4,2.128437e-05
13:55.4,1.9877647e-05
13:56.4,2.0521536e-05
13:57.4,1.9686626e-05
13:58.4,1.8500205e-05
13:59.4,2.5364652e-05
14:00.4,5.2031184e-05
14:01.4,5.5067223e-05
14:02.4,4.96822e-05
14:03.4,5.338301e-05
14:04.4,4.6258843e-05
14:05.4,5.117431e-05
14:06.4,3.319921e-05
14:07.4,4.0243747e-05
14:08.4,3.6785354e-05
14:09.4,4.1204097e-05
14:10.4,2.3852881e-05
14:11.4,1.3454229e-05
14:12.4,3.595246e-05
14:13.4,4.1915053e-05
14:14.4,3.2187425e-05
14:15.4,4.527544e-05
14:16.4,4.8299862e-05
14:17.4,4.8364105e-05
14:18.4,6.4760105e-05
14:19.4,6.236352e-05
14:20.4,6.215676e-05
14:21.4,5.7573667e-05
14:22.4,6.289396e-05
14:23.4,8.32125e-05
14:24.4,9.162653e-05
14:25.4,9.69835e-05
14:26.4,0.000109146
14:27.4,0.000114123
14:28.4,0.000107003
14:29.4,0.000112528
14:30.4,0.000102796
14:31.4,9.8226374e-05
14:32.3,6.552453e-05
14:33.3,6.0991068e-05
14:34.3,6.0900584e-05
14:35.3,7.029729e-05
14:36.3,7.01563e-05
14:37.3,6.3938714e-05
14:38.3,5.9689566e-05
14:39.3,5.06551e-05
14:40.3,5.052495e-05
14:41.3,3.3235585e-05
14:42.3,1.22523525e-05
14:43.3,9.315613e-06
14:44.3,2.0630307e-05
14:45.3,5.932397e-06
14:46.3,1.01516625e-05
14:47.3,2.248924e-06
14:48.3,3.882961e-06
14:49.3,-6.40E-06
14:50.3,-1.28E-05
14:51.3,-3.69E-05
14:52.3,-4.14E-05
14:53.3,-3.56E-05
14:54.3,-3.55E-05
14:55.3,-3.18E-05
14:56.3,-3.66E-05
14:57.3,-5.02E-05
14:58.3,-5.27E-05
14:59.3,-4.03E-05
15:00.3,-3.26E-05
15:01.3,-6.52E-06
15:02.3,8.806136e-06
15:03.3,9.731026e-06
15:04.3,1.6948108e-05
15:05.3,3.0727828e-05
15:06.3,3.092932e-05
15:07.3,5.180011e-05
15:08.3,3.4978322e-05
15:09.3,2.2690603e-05
15:10.3,2.2192618e-05
15:11.3,4.907224e-05
15:12.3,4.754665e-05
15:13.3,4.151075e-05
15:14.3,4.4005126e-05
15:15.3,5.2507407e-05
15:16.3,3.3596534e-05
15:17.3,1.3567023e-05
15:18.3,-5.25E-06
15:19.3,-1.05E-05
15:20.3,-1.85E-05
15:21.3,-3.10E-05
15:22.3,-4.17E-05
15:23.3,-3.81E-05
15:24.3,-2.82E-05
15:25.3,-3.45E-05
15:26.3,-3.04E-05
15:27.3,-3.26E-05
15:28.3,-4.38E-05
15:29.3,-4.54E-05
15:30.3,-5.09E-05
15:31.3,-5.04E-05
15:32.3,-6.56E-05
15:33.2,-6.83E-05
15:34.2,-6.42E-05
15:35.2,-6.77E-05
15:36.2,-6.00E-05
15:37.2,-6.33E-05
15:38.2,-7.24E-05
15:39.2,-7.49E-05
15:40.2,-9.05E-05
15:41.2,-0.000104514
15:42.2,-0.000103418
15:43.2,-9.94E-05
15:44.2,-0.000100727
15:45.2,-9.32E-05
15:46.2,-0.000111383
15:47.2,-0.000106481
15:48.2,-0.000109006
15:49.2,-9.62E-05
15:50.2,-8.84E-05
15:51.2,-7.02E-05
15:52.2,-4.91E-05
15:53.2,-5.37E-05
15:54.2,-6.13E-05
15:55.2,-7.60E-05
15:56.2,-7.02E-05
15:57.2,-6.37E-05
15:58.2,-4.75E-05
15:59.2,-4.03E-05
16:00.2,-3.71E-05
16:01.2,-2.90E-05
16:02.2,-2.13E-06
16:03.2,1.5372763e-05
16:04.2,2.6030495e-05
16:05.2,2.9325527e-05
16:06.2,3.4949753e-05
16:07.2,4.9503167e-05
16:08.2,4.4925247e-05
16:09.2,6.007333e-05
16:10.2,6.291658e-05
16:11.2,5.6778816e-05
16:12.2,5.6588535e-05
16:13.2,4.6729318e-05
16:14.2,3.7504524e-05
16:15.2,3.08837e-05
16:16.2,2.544419e-05
16:17.2,1.437515e-05
16:18.2,7.1348813e-06
16:19.2,2.3793095e-06
16:20.2,-2.92E-06
16:21.2,-6.79E-06
16:22.2,-1.32E-06
16:23.2,-4.23E-06
16:24.2,-5.93E-06
16:25.2,3.7754307e-06
16:26.2,5.3941376e-06
16:27.2,2.2794016e-07
16:28.2,1.8031396e-05
16:29.2,3.0913125e-05
16:30.2,3.6149675e-05
16:31.2,4.038606e-05
16:32.2,5.554963e-05
16:33.2,4.6835572e-05
16:34.1,3.3699864e-05
16:35.1,2.1559195e-05
16:36.1,1.7942362e-05
16:37.1,1.821931e-05
16:38.1,3.223635e-05
16:39.1,3.8293394e-05
16:40.1,5.1625637e-05
16:41.1,5.53216e-05
16:42.1,5.324857e-05
16:43.1,5.0857358e-05
16:44.1,5.169718e-05
16:45.1,4.8843303e-05
16:46.1,5.1222953e-05
16:47.1,5.6549256e-05
16:48.1,7.3966294e-05
16:49.1,6.919227e-05
16:50.1,7.010243e-05
16:51.1,7.794569e-05
16:52.1,8.304687e-05
16:53.1,0.000104942
16:54.1,0
16:55.1,-2.23E-05
16:56.1,-3.19E-05
16:57.1,-4.72E-05
16:58.1,-5.78E-05
16:59.1,-4.92E-05
17:00.1,-5.64E-05
17:01.1,-4.14E-05
17:02.1,-4.52E-05
17:03.1,-3.71E-05
17:04.1,-2.34E-05
17:05.1,-1.64E-05
17:06.1,-1.42E-05
17:07.1,-2.03E-05
17:08.1,-3.12E-05
17:09.1,-1.79E-05
17:10.1,-3.63E-05
17:11.1,-3.65E-05
17:12.1,-2.24E-05
17:13.1,-1.61E-05
17:14.1,-2.81E-05
17:15.1,-3.81E-05
17:16.1,-3.33E-05
17:17.1,-3.65E-05
17:18.1,-3.40E-05
17:19.1,-1.96E-05
17:20.1,-1.33E-05
17:21.1,-5.14E-06
17:22.1,-2.82E-05
17:23.1,-4.51E-05
17:24.1,-5.19E-05
17:25.1,-4.69E-05
17:26.1,-6.52E-05
17:27.1,-6.66E-05
17:28.1,-6.27E-05
17:29.1,-6.78E-05
17:30.1,-6.61E-05
17:31.1,-6.71E-05
17:32.1,-8.32E-05
17:33.1,-0.000101589
17:34.1,-9.22E-05
17:35.0,-0.000101444
17:36.0,-9.10E-05
17:37.0,-9.63E-05
17:38.0,-0.000100388
17:39.0,-0.000104071
17:40.0,-0.000101732
17:41.0,-9.99E-05
17:42.0,-8.65E-05
17:43.0,-7.80E-05
17:44.0,-7.04E-05
17:45.0,-7.79E-05
17:46.0,-7.49E-05
17:47.0,-9.22E-05
17:48.0,-0.000109054
17:49.0,-0.000129766
17:50.0,-0.000121577
17:51.0,-0.000120335
17:52.0,-0.000132243
17:53.0,-0.000152105
17:54.0,-0.000198
17:55.0,-0.000198837
17:56.0,-0.000171949
17:57.0,-0.000173281
17:58.0,-0.000172803
17:59.0,-0.00015497
18:00.0,-0.000117365
18:01.0,-0.000134857
18:02.0,-0.000146549
18:03.0,-0.000156923
18:04.0,-0.000161994
18:05.0,-0.000177666
18:06.0,-0.000194226
18:07.0,-0.00020105
18:08.0,-0.000180251
18:09.0,-0.00018737
18:10.0,-0.000185078
18:11.0,-0.000182533
18:12.0,-0.000165782
18:13.0,-0.000168827
18:14.0,-0.000189735
18:15.0,-0.000195087
18:16.0,-0.000203111
18:17.0,-0.000200937
18:18.0,-0.00020448
18:19.0,-0.000228389
18:20.0,-0.00023289
18:21.0,-0.000227357
18:22.0,-0.000219001
18:23.0,-0.000195528
18:24.0,-0.000205327
18:25.0,-0.000207834
18:26.0,-0.000212472
18:27.0,-0.000225652
18:28.0,-0.000213067
18:29.0,-0.000237875
18:30.0,-0.00025881
18:31.0,-0.000267051
18:32.0,-0.000280012
18:33.0,-0.000279637
18:34.0,-0.00026923
18:35.0,-0.000253618
18:35.9,-0.000245797
18:36.9,-0.000245308
18:37.9,-0.000247222
18:38.9,-0.000247843
18:39.9,-0.000246589
18:40.9,-0.000252646
18:41.9,-0.000257857
18:42.9,-0.000270306
18:43.9,-0.000278025
18:44.9,-0.000277
18:45.9,-0.000256747
18:46.9,-0.000254454
18:47.9,-0.000261965
18:48.9,-0.000263559
18:49.9,-0.000273028
18:50.9,-0.000277381
18:51.9,-0.000281366
18:52.9,-0.000263576
18:53.9,-0.000266808
18:54.9,-0.00025871
18:55.9,-0.000267652
18:56.9,-0.000281029
18:57.9,-0.000262275
18:58.9,-0.000257533
18:59.9,-0.000258632
19:00.9,-0.000259168
19:01.9,-0.000255655
19:02.9,-0.000248568
19:03.9,-0.000258853
19:04.9,-0.00027561
19:05.9,-0.00029293
19:06.9,-0.000271636
19:07.9,-0.000260872
19:08.9,-0.000243561
19:09.9,-0.000231684
19:10.9,-0.000223793
19:11.9,-0.000215481
19:12.9,-0.000234421
19:13.9,-0.000254507
19:14.9,-0.000265942
19:15.9,-0.000255451
19:16.9,-0.000235644
19:17.9,-0.000233397
19:18.9,-0.000246217
19:19.9,-0.000240445
19:20.9,-0.000263217
19:21.9,-0.000262812
19:22.9,-0.000262099
19:23.9,-0.000254774
19:24.9,-0.000240167
19:25.9,-0.000217082
19:26.9,-0.000224984
19:27.9,-0.000233339
19:28.9,-0.000225403
19:29.9,-0.000232678
19:30.9,-0.000248055
19:31.9,-0.000223566
19:32.9,-0.000203699
19:33.9,-0.000206801
19:34.9,-0.000200931
19:35.9,-0.000201419
19:36.8,-0.000193759
19:37.8,-0.00018622
19:38.8,-0.000179169
19:39.8,-0.000193851
19:40.8,-0.000190199
19:41.8,-0.000195863
19:42.8,-0.000193056
19:43.8,-0.000199022
19:44.8,-0.0002167
19:45.8,-0.000216019
19:46.8,-0.000224282
19:47.8,-0.000209692
19:48.8,-0.000214692
19:49.8,-0.000203643
19:50.8,-0.000206663
19:51.8,-0.000196422
19:52.8,-0.000186833
19:53.8,-0.000207937
19:54.8,-0.000203433
19:55.8,-0.000205265
19:56.8,-0.000211001
19:57.8,-0.000220956
19:58.8,-0.000248617
19:59.8,-0.000241898
20:00.8,-0.000250807
20:01.8,-0.000230777
20:02.8,-0.000191541
20:03.8,-0.000182533
20:04.8,-0.000199577
20:05.8,-0.00019439
20:06.8,-0.000201551
20:07.8,-0.000186977
20:08.8,-0.000167907
20:09.8,-0.000167199
20:10.8,-0.000175692
20:11.8,-0.000180687
20:12.8,-0.000163906
20:13.8,-0.000158518
20:14.8,-0.000176258
20:15.8,-0.000185114
20:16.8,-0.000168987
20:17.8,-0.00019124
20:18.8,-0.000212156
20:19.8,-0.000216669
20:20.8,-0.000240157
20:21.8,-0.000261605
20:22.8,-0.000287803
20:23.8,-0.000294233
20:24.8,-0.000288751
20:25.8,-0.000298163
20:26.8,-0.000323458
20:27.8,-0.000322898
20:28.8,-0.000311172
20:29.8,-0.00029727
20:30.8,-0.000316256
20:31.8,-0.000333614
20:32.8,-0.000335388
20:33.8,-0.000323572
20:34.8,-0.000322031
20:35.8,-0.000317038
20:36.8,-0.000310716
20:37.7,-0.000300376
20:38.7,-0.000296676
20:39.7,-0.000308434
20:40.7,-0.000324065
20:41.7,-0.000325668
20:42.7,-0.000345424
20:43.7,-0.000352968
20:44.7,-0.000351633
20:45.7,-0.000358661
20:46.7,-0.00034964
20:47.7,-0.00033784
20:48.7,-0.000323197
20:49.7,-0.000321678
20:50.7,-0.00033541
20:51.7,-0.000343762
20:52.7,-0.00034306
20:53.7,-0.000335182
20:54.7,-0.000340382
20:55.7,-0.000343803
20:56.7,-0.000345188
20:57.7,-0.00034814
20:58.7,-0.000359173
20:59.7,-0.000361752
21:00.7,-0.000383864
21:01.7,-0.000404409
21:02.7,-0.0003774
21:03.7,-0.000383016
21:04.7,-0.000405663
21:05.7,-0.00042494
21:06.7,-0.000416487
21:07.7,-0.000439368
21:08.7,-0.000463645
21:09.7,-0.000467587
21:10.7,-0.000457055
21:11.7,-0.000453964
21:12.7,-0.000463848
21:13.7,-0.000449129
21:14.7,-0.000447646
21:15.7,-0.000456961
21:16.7,-0.000472306
21:17.7,-0.000479297
21:18.7,-0.000464803
21:19.7,-0.000480855
21:20.7,-0.000484229
21:21.7,-0.000494294
21:22.7,-0.000499436
21:23.7,-0.000505393
21:24.7,-0.000514234
21:25.7,-0.000515022
21:26.7,-0.000515058
21:27.7,-0.000505037
21:28.7,-0.000501689
21:29.7,-0.00051476
21:30.7,-0.000537669
21:31.7,-0.000550914
21:32.7,-0.000553943
21:33.7,-0.000567101
21:34.7,-0.000570697
21:35.7,-0.000562464
21:36.7,-0.000578572
21:37.7,-0.000574853
21:38.7,-0.000584616
21:39.6,-0.00057967
21:40.6,-0.000593679
21:41.6,-0.000595313
21:42.6,-0.000602185
21:43.6,-0.000613463
21:44.6,-0.000610331
21:45.6,-0.000620036
21:46.6,-0.000649918
21:47.6,-0.000643696
21:48.6,-0.000656033
21:49.6,-0.000662083
21:50.6,-0.000665506
21:51.6,-0.00065856
21:52.6,-0.000663643
21:53.6,-0.000665189
21:54.6,-0.000668625
21:55.6,-0.000676009
21:56.6,-0.000698322
21:57.6,-0.000695238
21:58.6,-0.000677785
21:59.6,-0.000683326
22:00.6,-0.000695999
22:01.6,-0.000720183
22:02.6,-0.000727489
22:03.6,-0.000728887
22:04.6,-0.000726222
22:05.6,-0.000720485
22:06.6,-0.000715627
22:07.6,-0.000727571
22:08.6,-0.000726576
22:09.6,-0.000718969
22:10.6,-0.000693319
22:11.6,-0.000666404
22:12.6,-0.000654964
22:13.6,-0.000670291
22:14.6,-0.000649157
22:15.6,-0.000650915
22:16.6,-0.000654182
22:17.6,-0.000648058
22:18.6,-0.000643901
22:19.6,-0.000641107
22:20.6,-0.000658769
22:21.6,-0.000668972
22:22.6,-0.000687645
22:23.6,-0.000709489
22:24.6,-0.000714351
22:25.6,-0.000703932
22:26.6,-0.000710243
22:27.6,-0.00070852
22:28.6,-0.000704663
22:29.6,-0.000699028
22:30.6,-0.000711422
22:31.6,-0.000712519
22:32.6,-0.000719763
22:33.6,-0.000712848
22:34.6,-0.000720832
22:35.6,-0.000734582
22:36.6,-0.000747149
22:37.6,-0.000734166
22:38.6,-0.000718524
22:39.6,-0.000725271
22:40.5,-0.000741825
22:41.5,-0.000734581
22:42.5,-0.000738269
22:43.5,-0.000747057
22:44.5,-0.000749245
22:45.5,-0.000751341
22:46.5,-0.000752839
22:47.5,-0.000756788
22:48.5,-0.000751996
22:49.5,-0.000763414
22:50.5,-0.000776808
22:51.5,-0.000790852
22:52.5,-0.000797306
22:53.5,-0.0007846
22:54.5,-0.000795618
22:55.5,-0.000795232
22:56.5,-0.000792884
22:57.5,-0.00079774
22:58.5,-0.000794262
22:59.5,-0.000811655
23:00.5,-0.000807899
23:01.5,-0.000804395
23:02.5,-0.000801279
23:03.5,-0.00081097
23:04.5,-0.000820022
23:05.5,-0.000814449
23:06.5,-0.00080429
23:07.5,-0.000794647
23:08.5,-0.000760787
23:09.5,-0.000753051
23:10.5,-0.000767731
23:11.5,-0.000756876
23:12.5,-0.000750041
23:13.5,-0.000754758
23:14.5,-0.000760562
23:15.5,-0.000754132
23:16.5,-0.000749996
23:17.5,-0.000754537
23:18.5,-0.000754618
23:19.5,-0.000761166
23:20.5,-0.000772929
23:21.5,-0.000766948
23:22.5,-0.000768416
23:23.5,-0.000763033
23:24.5,-0.000764255
23:25.5,-0.000756216
23:26.5,-0.000755431
23:27.5,-0.000752051
23:28.5,-0.000753793
23:29.5,-0.000758075
23:30.5,-0.000756453
23:31.5,-0.000747016
23:32.5,-0.000747261
23:33.5,-0.000743889
23:34.5,-0.000749087
23:35.5,-0.000734493
23:36.5,-0.000705505
23:37.5,-0.000709214
23:38.5,-0.000713987
23:39.5,-0.000695429
23:40.5,-0.000691832
23:41.4,-0.000680698
23:42.4,-0.00067181
23:43.4,-0.000673734
23:44.4,-0.000676848
23:45.4,-0.000679419
23:46.4,-0.000688463
23:47.4,-0.000688607
23:48.4,-0.000714229
23:49.4,-0.000715643
23:50.4,-0.000706933
23:51.4,-0.000685624
23:52.4,-0.000691881
23:53.4,-0.000684271
23:54.4,-0.000696874
23:55.4,-0.000698753
23:56.4,-0.000707955
23:57.4,-0.000712416
23:58.4,-0.000712575
23:59.4,-0.000708024
24:00.4,-0.000719323
24:01.4,-0.000745269
24:02.4,-0.00075093
24:03.4,-0.00073469
24:04.4,-0.000740314
24:05.4,-0.0007515
24:06.4,-0.000764861
24:07.4,-0.000776739
24:08.4,-0.000761889
24:09.4,-0.000750393
24:10.4,-0.00072561
24:11.4,-0.000715996
24:12.4,-0.000719482
24:13.4,-0.000723684
24:14.4,-0.000736339
24:15.4,-0.000733943
24:16.4,-0.000712434
24:17.4,-0.00070329
24:18.4,-0.000694293
24:19.4,-0.000712695
24:20.4,-0.000731761
24:21.4,-0.000721459
24:22.4,-0.000713847
24:23.4,-0.000709724
24:24.4,-0.000712061
24:25.4,-0.000720426
24:26.4,-0.000713343
24:27.4,-0.000709906
24:28.4,-0.000702058
24:29.4,-0.000706224
24:30.4,-0.00070638
24:31.4,-0.000714397
24:32.4,-0.000707832
24:33.4,-0.000713122
24:34.4,-0.000707187
24:35.4,-0.000729468
24:36.4,-0.000757549
24:37.4,-0.000771966
24:38.4,-0.000776482
24:39.4,-0.00076909
24:40.4,-0.000762236
24:41.4,-0.000764441
24:42.3,-0.000778509
24:43.3,-0.000791456
24:44.3,-0.000797809
24:45.3,-0.000805123
24:46.3,-0.000816664
24:47.3,-0.000819473
24:48.3,-0.000825386
24:49.3,-0.000830167
24:50.3,-0.000823608
24:51.3,-0.000815623
24:52.3,-0.00079808
24:53.3,-0.000803467
24:54.3,-0.000820755
24:55.3,-0.000829076
24:56.3,-0.000834119
24:57.3,-0.00081806
24:58.3,-0.000804448
24:59.3,-0.000798417
25:00.3,-0.000805098
25:01.3,-0.000794609
25:02.3,-0.000784195
25:03.3,-0.000789217
25:04.3,-0.000790032
25:05.3,-0.000782969
25:06.3,-0.000781194
25:07.3,-0.000784201
25:08.3,-0.000783359
25:09.3,-0.00077501
25:10.3,-0.000770676
25:11.3,-0.000768795
25:12.3,-0.000761918
25:13.3,-0.000751235
25:14.3,-0.000751206
25:15.3,-0.00075915
25:16.3,-0.000767274
25:17.3,-0.000779869
25:18.3,-0.000789747
25:19.3,-0.000784051
25:20.3,-0.000770086
25:21.3,-0.00077272
25:22.3,-0.000775443
25:23.3,-0.000775645
25:24.3,-0.000789673
25:25.3,-0.000780364
25:26.3,-0.000758884
25:27.3,-0.000750883
25:28.3,-0.000717549
25:29.3,-0.000735127
25:30.3,-0.000747801
25:31.3,-0.000734879
25:32.3,-0.000721719
25:33.3,-0.000694106
25:34.3,-0.000693775
25:35.3,-0.000690718
25:36.3,-0.000693822
25:37.3,-0.000710957
25:38.3,-0.000720558
25:39.3,-0.000713137
25:40.3,-0.00069478
25:41.3,-0.000673986
25:42.3,-0.000672655
25:43.2,-0.000667346
25:44.2,-0.000685937
25:45.2,-0.000700859
25:46.2,-0.00072599
25:47.2,-0.000733481
25:48.2,-0.000754879
25:49.2,-0.000744022
25:50.2,-0.000724064
25:51.2,-0.000711922
25:52.2,-0.000722675
25:53.2,-0.000729658
25:54.2,-0.000726307
25:55.2,-0.000713104
25:56.2,-0.000697509
25:57.2,-0.000700522
25:58.2,-0.000694536
25:59.2,-0.000685897
26:00.2,-0.00070183
26:01.2,-0.000697552
26:02.2,-0.000697601
26:03.2,-0.00067575
26:04.2,-0.000681388
26:05.2,-0.000678209
26:06.2,-0.000671459
26:07.2,-0.000653344
26:08.2,-0.000651575
26:09.2,-0.000663074
26:10.2,-0.000636068
26:11.2,-0.000615656
26:12.2,-0.000599288
26:13.2,-0.000609674
26:14.2,-0.000618203
26:15.2,-0.000626403
26:16.2,-0.000620546
26:17.2,-0.000600484
26:18.2,-0.000599759
26:19.2,-0.00060589
26:20.2,-0.000617582
26:21.2,-0.000623645
26:22.2,-0.000624461
26:23.2,-0.000633583
26:24.2,-0.000634775
26:25.2,-0.000668167
26:26.2,-0.000685049
26:27.2,-0.000689079
26:28.2,-0.000709148
26:29.2,-0.000703473
26:30.2,-0.000719152
26:31.2,-0.000716452
26:32.2,-0.000725281
26:33.2,-0.00073108
26:34.2,-0.000709416
26:35.2,-0.000678371
26:36.2,-0.000669188
26:37.2,-0.000701927
26:38.2,-0.000694816
26:39.2,-0.000710908
26:40.2,-0.000710922
26:41.2,-0.000720419
26:42.2,-0.000733555
26:43.2,-0.000720446
26:44.1,-0.000712965
26:45.1,-0.000742137
26:46.1,-0.000739788
26:47.1,-0.000714346
26:48.1,-0.000678928
26:49.1,-0.000687096
26:50.1,-0.000665918
26:51.1,-0.000659774
26:52.1,-0.000653268
26:53.1,-0.000653753
26:54.1,0
26:55.1,-6.72E-05
26:56.1,-6.40E-05
26:57.1,-6.91E-05
26:58.1,-8.05E-05
26:59.1,-9.01E-05
27:00.1,-0.00011473
27:01.1,-0.000120469
27:02.1,-0.00013461
27:03.1,-0.000148521
27:04.1,-0.000168652
27:05.1,-0.000161001
27:06.1,-0.000176387
27:07.1,-0.000161251
27:08.1,-0.000180911
27:09.1,-0.00018251
27:10.1,-0.000202297
27:11.1,-0.00022649
27:12.1,-0.0002269
27:13.1,-0.000239548
27:14.1,-0.000239766
27:15.1,-0.00023071
27:16.1,-0.000212678
27:17.1,-0.000201892
27:18.1,-0.000198382
27:19.1,-0.000200269
27:20.1,-0.000206534
27:21.1,-0.000220217
27:22.1,-0.000201059
27:23.1,-0.000185648
27:24.1,-0.00016848
27:25.1,-0.000181816
27:26.1,-0.000183288
27:27.1,-0.000185626
27:28.1,-0.00021378
27:29.1,-0.000188439
27:30.1,-0.000182474
27:31.1,-0.000187308
27:32.1,-0.00021398
27:33.1,-0.000199593
27:34.1,-0.000211763
27:35.1,-0.000210972
27:36.1,-0.000222269
27:37.1,-0.00022218
27:38.1,-0.000216496
27:39.1,-0.000201798
27:40.1,-0.000220945
27:41.1,-0.000220167
27:42.1,-0.00020743
27:43.1,-0.000156231
27:44.1,-0.000140722
27:45.0,-0.000142713
27:46.0,-0.000152926
27:47.0,-0.000142043
27:48.0,-0.000138794
27:49.0,-0.000129076
27:50.0,-0.000123755
27:51.0,-0.000148938
27:52.0,-0.000179666
27:53.0,-0.000204306
27:54.0,-0.000192932
27:55.0,-0.000172824
27:56.0,-0.000187019
27:57.0,-0.000192388
27:58.0,-0.000190892
27:59.0,-0.000157538
28:00.0,-0.000149978
28:01.0,-0.000158747
28:02.0,-0.00017429
28:03.0,-0.000178289
28:04.0,-0.000173511
28:05.0,-0.000200105
28:06.0,-0.000180425
28:07.0,-0.000158044
28:08.0,-0.000171124
28:09.0,-0.000158918
28:10.0,-0.000148236
28:11.0,-0.000149556
28:12.0,-0.000136031
28:13.0,-0.000126283
28:14.0,-0.00015462
28:15.0,-0.000157911
28:16.0,-0.000128932
28:17.0,-0.000113579
28:18.0,-0.000112703
28:19.0,-9.04E-05
28:20.0,-8.79E-05
28:21.0,-4.83E-05
28:22.0,-5.02E-05
28:23.0,-5.85E-05
28:24.0,-0.000104546
28:25.0,-0.000123645
28:26.0,-0.000150978
28:27.0,-0.000147461
28:28.0,-0.000136399
28:29.0,-0.000144675
28:30.0,-0.000167135
28:31.0,-0.00020278
28:32.0,-0.000234019
28:33.0,-0.000263684
28:34.0,-0.00027519
28:35.0,-0.000274047
28:36.0,-0.000257376
28:37.0,-0.000254543
28:38.0,-0.000218205
28:39.0,-0.000222928
28:40.0,-0.000243754
28:41.0,-0.000252113
28:42.0,-0.000277893
28:43.0,-0.000294531
28:44.0,-0.000331399
28:45.0,-0.000321291
28:45.9,-0.00031409
28:46.9,-0.00031848
28:47.9,-0.000299204
28:48.9,-0.000270659
28:49.9,-0.000251048
28:50.9,-0.000236291
28:51.9,-0.000222004
28:52.9,-0.000263338
28:53.9,-0.000272186
28:54.9,-0.000279581
28:55.9,-0.000282288
28:56.9,-0.000264771
28:57.9,-0.000251176
28:58.9,-0.000251313
28:59.9,-0.000258857
29:00.9,-0.000298585
29:01.9,-0.000256741
29:02.9,-0.000223312
29:03.9,-0.000218288
29:04.9,-0.000240759
29:05.9,-0.000233848
29:06.9,-0.000238878
29:07.9,-0.000218946
29:08.9,-0.000248112
29:09.9,-0.000248496
29:10.9,-0.000228442
29:11.9,-0.000242452
29:12.9,-0.000251902
29:13.9,-0.000253333
29:14.9,-0.000260142
29:15.9,-0.000272785
29:16.9,-0.000256921
29:17.9,-0.00023801
29:18.9,-0.000230607
29:19.9,-0.000215094
29:20.9,-0.00021932
29:21.9,-0.000199747
29:22.9,-0.000179075
29:23.9,-0.000179043
29:24.9,-0.000175587
29:25.9,-0.000162326
29:26.9,-0.000139986
29:27.9,-0.000131542
29:28.9,-0.000115023
29:29.9,-9.50E-05
29:30.9,-8.17E-05
29:31.9,-7.09E-05
29:32.9,-4.54E-05
29:33.9,-3.23E-05
29:34.9,-3.63E-05
29:35.9,-2.88E-06
29:36.9,-2.69E-06
29:37.9,-1.82E-05
29:38.9,-3.46E-05
29:39.9,-2.76E-05
29:40.9,-2.37E-05
29:41.9,-1.76E-05
29:42.9,-2.77E-05
29:43.9,-5.31E-05
29:44.9,-8.04E-05
29:45.9,-0.000114837
29:46.9,-0.000111458
29:47.8,-9.78E-05
29:48.8,-0.000105479
29:49.8,-0.000133737
29:50.8,-0.000156405
29:51.8,-0.000148274
29:52.8,-0.000162251
29:53.8,-0.000169193
29:54.8,-0.000191431
29:55.8,-0.000204058
29:56.8,-0.000214697
29:57.8,-0.000197308
29:58.8,-0.000172783
29:59.8,-0.000171853
30:00.8,-0.000161212
30:01.8,-0.000165661
30:02.8,-0.000188076
30:03.8,-0.000157195
30:04.8,-0.000163603
30:05.8,-0.000186712
30:06.8,-0.000218737
30:07.8,-0.000265704
30:08.8,-0.000239383
30:09.8,-0.000243832
30:10.8,-0.000250832
30:11.8,-0.000248199
30:12.8,-0.000250492
30:13.8,-0.000264014
30:14.8,-0.000276592
30:15.8,-0.000250225
30:16.8,-0.000257102
30:17.8,-0.000224586
30:18.8,-0.000227963
30:19.8,-0.000205109
30:20.8,-0.000210049
30:21.8,-0.000202128
30:22.8,-0.000203511
30:23.8,-0.000217262
30:24.8,-0.000200669
30:25.8,-0.000180974
30:26.8,-0.000207832
30:27.8,-0.000215049
30:28.8,-0.00021028
30:29.8,-0.000237819
30:30.8,-0.000227323
30:31.8,-0.000218816
30:32.8,-0.000208521
30:33.8,-0.000219038
30:34.8,-0.000213214
30:35.8,-0.000203259
30:36.8,-0.000210258
30:37.8,-0.000195952
30:38.8,-0.000190152
30:39.8,-0.000189559
30:40.8,-0.000175604
30:41.8,-0.000167805
30:42.8,-0.000160942
30:43.8,-0.000150355
30:44.8,-0.00016231
30:45.8,-0.000175731
30:46.8,-0.000181444
30:47.8,-0.000188447
30:48.7,-0.00019165
30:49.7,-0.000198896
30:50.7,-0.000202175
30:51.7,-0.000190174
30:52.7,-0.000185526
30:53.7,-0.000193056
30:54.7,-0.000156555
30:55.7,-0.000126286
30:56.7,-0.000102309
30:57.7,-9.46E-05
30:58.7,-7.48E-05
30:59.7,-6.54E-05
31:00.7,-7.50E-05
31:01.7,-9.46E-05
31:02.7,-0.000109448
31:03.7,-0.000109988
31:04.7,-0.000130776
31:05.7,-0.000122736
31:06.7,-0.000137846
31:07.7,-0.000145029
31:08.7,-0.000139519
31:09.7,-0.000127435
31:10.7,-0.000124672
31:11.7,-0.00011374
31:12.7,-0.000109898
31:13.7,-0.000107212
31:14.7,-0.000107274
31:15.7,-0.000128882
31:16.7,-0.00011931
31:17.7,-0.000114826
31:18.7,-0.000118822
31:19.7,-0.00011597
31:20.7,-0.000131328
31:21.7,-0.00013502
31:22.7,-0.00012566
31:23.7,-0.000117754
31:24.7,-0.000113509
31:25.7,-0.000134033
31:26.7,-0.000158626
31:27.7,-0.000138703
31:28.7,-0.000149431
31:29.7,-0.000130704
31:30.7,-0.000120417
31:31.7,-0.000112945
31:32.7,-0.000126689
31:33.7,-0.00013259
31:34.7,-0.000108433
31:35.7,-8.57E-05
31:36.7,-0.000104145
31:37.7,-0.000118766
31:38.7,-0.000121112
31:39.7,-0.000117604
31:40.7,-9.47E-05
31:41.7,-0.000103164
31:42.7,-9.07E-05
31:43.7,-9.34E-05
31:44.7,-7.05E-05
31:45.7,-6.88E-05
31:46.7,-9.29E-05
31:47.7,-0.000114445
31:48.7,-0.000115196
31:49.6,-0.00011416
31:50.6,-0.000122612
31:51.6,-0.00011627
31:52.6,-0.000138201
31:53.6,-0.000175888
31:54.6,-0.000197828
31:55.6,-0.00020415
31:56.6,-0.000218422
31:57.6,-0.000251823
31:58.6,-0.000257381
31:59.6,-0.000255129
32:00.6,-0.00028671
32:01.6,-0.000297705
32:02.6,-0.000312113
32:03.6,-0.000332082
32:04.6,-0.000330698
32:05.6,-0.00029973
32:06.6,-0.00031354
32:07.6,-0.000318608
32:08.6,-0.000306802
32:09.6,-0.000306621
32:10.6,-0.000317871
32:11.6,-0.000331925
32:12.6,-0.000336052
32:13.6,-0.000364641
32:14.6,-0.000379171
32:15.6,-0.000365599
32:16.6,-0.000348329
32:17.6,-0.000347831
32:18.6,-0.00035415
32:19.6,-0.00035874
32:20.6,-0.000359478
32:21.6,-0.000353494
32:22.6,-0.00034566
32:23.6,-0.000326242
32:24.6,-0.00038721
32:25.6,-0.000394895
32:26.6,-0.000387495
32:27.6,-0.000403492
32:28.6,-0.000420415
32:29.6,-0.000413098
32:30.6,-0.000421123
32:31.6,-0.00041991
32:32.6,-0.000439272
32:33.6,-0.000445209
32:34.6,-0.000451811
32:35.6,-0.000461761
32:36.6,-0.000476008
32:37.6,-0.000483513
32:38.6,-0.000445601
32:39.6,-0.000443512
32:40.6,-0.000437078
32:41.6,-0.000448606
32:42.6,-0.000468934
32:43.6,-0.000465449
32:44.6,-0.000471785
32:45.6,-0.000477861
32:46.6,-0.00045272
32:47.6,-0.000441
32:48.6,-0.000448346
32:49.6,-0.000452229
32:50.5,-0.000464691
32:51.5,-0.000464211
32:52.5,-0.000459009
32:53.5,-0.000426827
32:54.5,-0.000425091
32:55.5,-0.000416519
32:56.5,-0.00043534
32:57.5,-0.000424766
32:58.5,-0.00042364
32:59.5,-0.000405472
33:00.5,-0.000418539
33:01.5,-0.000423431
33:02.5,-0.000398668
33:03.5,-0.000362026
33:04.5,-0.000338536
33:05.5,-0.000306545
33:06.5,-0.000285381
33:07.5,-0.000280659
33:08.5,-0.000299153
33:09.5,-0.000278691
33:10.5,-0.000276756
33:11.5,-0.000279737
33:12.5,-0.000276265
33:13.5,-0.000236776
33:14.5,-0.000217535
33:15.5,-0.000215184
33:16.5,-0.000197968
33:17.5,-0.000196137
33:18.5,-0.000179791
33:19.5,-0.000154562
33:20.5,-0.000179382
33:21.5,-0.000191294
33:22.5,-0.000188247
33:23.5,-0.000199199
33:24.5,-0.000212612
33:25.5,-0.000220838
33:26.5,-0.000231149
33:27.5,-0.000237229
33:28.5,-0.000236355
33:29.5,-0.000236452
33:30.5,-0.000245087
33:31.5,-0.000262615
33:32.5,-0.00027135
33:33.5,-0.000288385
33:34.5,-0.000281974
33:35.5,-0.000273057
33:36.5,-0.000305757
33:37.5,-0.00029828
33:38.5,-0.000298074
33:39.5,-0.000282191
33:40.5,-0.000269886
33:41.5,-0.000263676
33:42.5,-0.000241277
33:43.5,-0.000221293
33:44.5,-0.000227769
33:45.5,-0.000234646
33:46.5,-0.000220948
33:47.5,-0.00020053
33:48.5,-0.000211249
33:49.5,-0.000214148
33:50.5,-0.000205498
33:51.4,-0.000224402
33:52.4,-0.000233081
33:53.4,-0.000256798
33:54.4,-0.000264783
33:55.4,-0.000252659
33:56.4,-0.000248186
33:57.4,-0.00026692
33:58.4,-0.000276844
33:59.4,-0.000297541
34:00.4,-0.000298718
34:01.4,-0.000317537
34:02.4,-0.00033318
34:03.4,-0.000315916
34:04.4,-0.000322631
34:05.4,-0.000313006
34:06.4,-0.000333105
34:07.4,-0.000349966
34:08.4,-0.000381499
34:09.4,-0.000389351
34:10.4,-0.000369674
34:11.4,-0.000365595
34:12.4,-0.000357359
34:13.4,-0.000349419
34:14.4,-0.00033504
34:15.4,-0.000336774
34:16.4,-0.00033125
34:17.4,-0.000335699
34:18.4,-0.000326023
34:19.4,-0.00033875
34:20.4,-0.000330274
34:21.4,-0.000317
34:22.4,-0.00031538
34:23.4,-0.000305072
34:24.4,-0.000308039
34:25.4,-0.000312254
34:26.4,-0.000316841
34:27.4,-0.000315973
34:28.4,-0.000317194
34:29.4,-0.000309866
34:30.4,-0.000278847
34:31.4,-0.000262205
34:32.4,-0.000253387
34:33.4,-0.000262822
34:34.4,-0.000237177
34:35.4,-0.000236734
34:36.4,-0.000264518
34:37.4,-0.0002591
34:38.4,-0.000265106
34:39.4,-0.000259131
34:40.4,-0.000231939
34:41.4,-0.000225362
34:42.4,-0.000233659
34:43.4,-0.000238668
34:44.4,-0.00022963
34:45.4,-0.000226778
34:46.4,-0.000227954
34:47.4,-0.000226683
34:48.4,-0.000224258
34:49.4,-0.000231315
34:50.4,-0.000231566
34:51.4,-0.000220018
34:52.3,-0.000204029
34:53.3,-0.000202653
34:54.3,-0.000201909
34:55.3,-0.000208758
34:56.3,-0.000216408
34:57.3,-0.000229098
34:58.3,-0.000235731
34:59.3,-0.000252241
35:00.3,-0.000247741
35:01.3,-0.000263748
35:02.3,-0.00026569
35:03.3,-0.000285178
35:04.3,-0.000275745
35:05.3,-0.000270915
35:06.3,-0.000279458
35:07.3,-0.00030097
35:08.3,-0.000313818
35:09.3,-0.000296006
35:10.3,-0.000297605
35:11.3,-0.000289433
35:12.3,-0.000267817
35:13.3,-0.000252812
35:14.3,-0.000241954
35:15.3,-0.00023177
35:16.3,-0.00021235
35:17.3,-0.000212125
35:18.3,-0.000222924
35:19.3,-0.000224614
35:20.3,-0.000236493
35:21.3,-0.00021422
35:22.3,-0.0002095
35:23.3,-0.000224437
35:24.3,-0.000217272
35:25.3,-0.000235984
35:26.3,-0.000240098
35:27.3,-0.000253142
35:28.3,-0.000254319
35:29.3,-0.000247441
35:30.3,-0.000247346
35:31.3,-0.000261269
35:32.3,-0.000265269
35:33.3,-0.000244521
35:34.3,-0.000226756
35:35.3,-0.000225326
35:36.3,-0.00021501
35:37.3,-0.00022127
35:38.3,-0.000223743
35:39.3,-0.000224844
35:40.3,-0.000223022
35:41.3,-0.000232724
35:42.3,-0.000209542
35:43.3,-0.000197295
35:44.3,-0.000191371
35:45.3,-0.000177743
35:46.3,-0.000187759
35:47.3,-0.000159712
35:48.3,-0.000160786
35:49.3,-0.000173318
35:50.3,-0.000173763
35:51.3,-0.000179135
35:52.3,-0.00019984
35:53.2,-0.000206214
35:54.2,-0.000210613
35:55.2,-0.000241627
35:56.2,-0.00024445
35:57.2,-0.000230443
35:58.2,-0.000232607
35:59.2,-0.00023366
36:00.2,-0.000235647
36:01.2,-0.000276608
36:02.2,-0.000292525
36:03.2,-0.000319383
36:04.2,-0.000326449
36:05.2,-0.000326913
36:06.2,-0.000320828
36:07.2,-0.000339151
36:08.2,-0.000324068
36:09.2,-0.000309055
36:10.2,-0.000296021
36:11.2,-0.000274495
36:12.2,-0.000270921
36:13.2,-0.000292486
36:14.2,-0.000300678
36:15.2,-0.000305864
36:16.2,-0.000325164
36:17.2,-0.00032918
36:18.2,-0.00034332
36:19.2,-0.000354378
36:20.2,-0.000357935
36:21.2,-0.000331647
36:22.2,-0.00032168
36:23.2,-0.000314792
36:24.2,-0.000311145
36:25.2,-0.000301918
36:26.2,-0.000303613
36:27.2,-0.000297764
36:28.2,-0.00029756
36:29.2,-0.000321272
36:30.2,-0.000342443
36:31.2,-0.000359075
36:32.2,-0.000397551
36:33.2,-0.000385068
36:34.2,-0.000372063
36:35.2,-0.000383763
36:36.2,-0.000391616
36:37.2,-0.000388189
36:38.2,-0.000372554
36:39.2,-0.000362475
36:40.2,-0.000375396
36:41.2,-0.00038237
36:42.2,-0.000382345
36:43.2,-0.00038271
36:44.2,-0.000385121
36:45.2,-0.000396768
36:46.2,-0.000394986
36:47.2,-0.000396929
36:48.2,-0.000412962
36:49.2,-0.000421877
36:50.2,-0.00041673
36:51.2,-0.000457558
36:52.2,-0.000475147
36:53.2,-0.000516531
36:54.1,0
36:55.1,-3.20E-05
36:56.1,-2.96E-05
36:57.1,-4.40E-05
36:58.1,-8.51E-05
36:59.1,-0.000104616
37:00.1,-0.000105161
37:01.1,-8.80E-05
37:02.1,-9.73E-05
37:03.1,-9.86E-05
37:04.1,-0.00010412
37:05.1,-8.96E-05
37:06.1,-6.43E-05
37:07.1,-5.18E-05
37:08.1,-7.09E-05
37:09.1,-9.25E-05
37:10.1,-0.000105028
37:11.1,-0.000131248
37:12.1,-0.000153941
37:13.1,-0.000146161
37:14.1,-0.000105521
37:15.1,-0.000132465
37:16.1,-0.000127075
37:17.1,-0.000122368
37:18.1,-0.000120483
37:19.1,-0.000107032
37:20.1,-9.61E-05
37:21.1,-9.10E-05
37:22.1,-7.52E-05
37:23.1,-3.83E-05
37:24.1,-5.25E-05
37:25.1,-6.76E-05
37:26.1,-7.77E-05
37:27.1,-7.62E-05
37:28.1,-8.80E-05
37:29.1,-8.04E-05
37:30.1,-8.48E-05
37:31.1,-9.33E-05
37:32.1,-0.000124209
37:33.1,-0.000133963
37:34.1,-0.000120147
37:35.1,-0.000128252
37:36.1,-0.000152754
37:37.1,-0.000173907
37:38.1,-0.000161993
37:39.1,-0.000154299
37:40.1,-0.000165244
37:41.1,-0.000149271
37:42.1,-0.000118961
37:43.1,-9.67E-05
37:44.1,-8.42E-05
37:45.1,-6.05E-05
37:46.1,-6.25E-05
37:47.1,-8.84E-05
37:48.1,-7.73E-05
37:49.1,-5.26E-05
37:50.1,-2.60E-05
37:51.1,-2.22E-05
37:52.1,-1.80E-05
37:53.1,1.0849832e-05
37:54.1,8.567039e-06
37:55.0,-1.84E-05
37:56.0,-4.99E-05
37:57.0,-5.85E-05
37:58.0,-5.09E-05
37:59.0,-6.00E-05
38:00.0,-4.84E-05
38:01.0,-0.000101385
38:02.0,-0.000117607
38:03.0,-9.23E-05
38:04.0,-9.63E-05
38:05.0,-8.27E-05
38:06.0,-7.48E-05
38:07.0,-7.07E-05
38:08.0,-7.21E-05
38:09.0,-6.21E-05
38:10.0,-8.20E-05
38:11.0,-9.03E-05
38:12.0,-8.56E-05
38:13.0,-9.20E-05
38:14.0,-8.35E-05
38:15.0,-8.06E-05
38:16.0,-0.000102625
38:17.0,-0.000101059
38:18.0,-8.09E-05
38:19.0,-8.35E-05
38:20.0,-0.000102433
38:21.0,-7.65E-05
38:22.0,-6.53E-05
38:23.0,-5.48E-05
38:24.0,-5.24E-05
38:25.0,-1.75E-05
38:26.0,-1.45E-05
38:27.0,-5.98E-06
38:28.0,-1.30E-05
38:29.0,-6.42E-06
38:30.0,-7.77E-06
38:31.0,-1.37E-05
38:32.0,-7.46E-06
38:33.0,-1.78E-05
38:34.0,-6.40E-05
38:35.0,-8.93E-05
38:36.0,-0.000109386
38:37.0,-9.81E-05
38:38.0,-0.000104267
38:39.0,-0.000111754
38:40.0,-0.000100163
38:41.0,-0.000138208
38:42.0,-0.000162848
38:43.0,-0.000149186
38:44.0,-0.000132281
38:45.0,-0.000151508
38:46.0,-0.000151984
38:47.0,-0.000152193
38:48.0,-0.000117076
38:49.0,-0.000100391
38:50.0,-0.000128896
38:51.0,-0.000111908
38:52.0,-8.07E-05
38:53.0,-6.79E-05
38:54.0,-5.53E-05
38:55.0,-4.10E-05
38:56.0,-2.37E-05
38:56.9,-3.72E-05
38:57.9,-4.33E-05
38:58.9,-6.77E-05
38:59.9,-6.94E-05
39:00.9,-7.13E-05
39:01.9,-7.03E-05
39:02.9,-7.38E-05
39:03.9,-7.19E-05
39:04.9,-6.85E-05
39:05.9,-9.00E-05
39:06.9,-8.69E-05
39:07.9,-6.61E-05
39:08.9,-7.93E-05
39:09.9,-8.60E-05
39:10.9,-0.000105605
39:11.9,-0.000123715
39:12.9,-0.00012671
39:13.9,-0.000120064
39:14.9,-0.000131698
39:15.9,-0.000126297
39:16.9,-0.000122305
39:17.9,-0.000116867
39:18.9,-0.000119371
39:19.9,-0.000114772
39:20.9,-7.39E-05
39:21.9,-6.97E-05
39:22.9,-7.40E-05
39:23.9,-7.58E-05
39:24.9,-0.000101241
39:25.9,-0.00011656
39:26.9,-8.73E-05
39:27.9,-8.08E-05
39:28.9,-8.89E-05
39:29.9,-9.01E-05
39:30.9,-0.000125215
39:31.9,-0.000117427
39:32.9,-0.000109729
39:33.9,-0.000102106
39:34.9,-0.000111408
39:35.9,-0.00010197
39:36.9,-9.45E-05
39:37.9,-9.72E-05
39:38.9,-9.66E-05
39:39.9,-0.000110197
39:40.9,-0.000121239
39:41.9,-0.00013301
39:42.9,-0.000141487
39:43.9,-0.000136341
39:44.9,-0.000147565
39:45.9,-0.000147181
39:46.9,-0.000157857
39:47.9,-0.000157196
39:48.9,-0.000133634
39:49.9,-9.34E-05
39:50.9,-7.06E-05
39:51.9,-8.02E-05
39:52.9,-8.49E-05
39:53.9,-7.94E-05
39:54.9,-8.40E-05
39:55.9,-9.32E-05
39:56.9,-9.79E-05
39:57.8,-8.79E-05
39:58.8,-9.64E-05
39:59.8,-0.000116064
40:00.8,-0.000109708
40:01.8,-9.88E-05
40:02.8,-0.000106874
40:03.8,-8.45E-05
40:04.8,-7.69E-05
40:05.8,-5.33E-05
40:06.8,-7.63E-05
40:07.8,-9.94E-05
40:08.8,-9.73E-05
40:09.8,-8.67E-05
40:10.8,-0.000111045
40:11.8,-0.000116031
40:12.8,-9.97E-05
40:13.8,-8.70E-05
40:14.8,-9.68E-05
40:15.8,-0.000107884
40:16.8,-0.000131118
40:17.8,-0.000134088
40:18.8,-0.000128871
40:19.8,-0.000146553
40:20.8,-0.000173444
40:21.8,-0.000157257
40:22.8,-0.000148086
40:23.8,-0.000165861
40:24.8,-0.000178277
40:25.8,-0.000192328
40:26.8,-0.000184952
40:27.8,-0.000164974
40:28.8,-0.000160992
40:29.8,-0.000161468
40:30.8,-0.000177016
40:31.8,-0.000181623
40:32.8,-0.000155337
40:33.8,-0.000160093
40:34.8,-0.000162981
40:35.8,-0.000164693
40:36.8,-0.000194343
40:37.8,-0.000200183
40:38.8,-0.000180382
40:39.8,-0.000178736
40:40.8,-0.000185081
40:41.8,-0.000174337
40:42.8,-0.000179115
40:43.8,-0.000166494
40:44.8,-0.000171093
40:45.8,-0.000175598
40:46.8,-0.000169272
40:47.8,-0.000164462
40:48.8,-0.00017313
40:49.8,-0.000178862
40:50.8,-0.000198457
40:51.8,-0.000223586
40:52.8,-0.0002186
40:53.8,-0.000254795
40:54.8,-0.000260784
40:55.8,-0.000266328
40:56.8,-0.000280516
40:57.8,-0.000254358
40:58.7,-0.00027523
40:59.7,-0.000279838
41:00.7,-0.000282294
41:01.7,-0.000291234
41:02.7,-0.000313518
41:03.7,-0.00030924
41:04.7,-0.000296976
41:05.7,-0.000295661
41:06.7,-0.00029434
41:07.7,-0.000284449
41:08.7,-0.000284899
41:09.7,-0.000272311
41:10.7,-0.000271234
41:11.7,-0.000258545
41:12.7,-0.000271859
41:13.7,-0.000282461
41:14.7,-0.00028094
41:15.7,-0.000302407
41:16.7,-0.000301862
41:17.7,-0.000306009
41:18.7,-0.000322077
41:19.7,-0.000332784
41:20.7,-0.000340367
41:21.7,-0.00032312
41:22.7,-0.000324797
41:23.7,-0.000328235
41:24.7,-0.000338065
41:25.7,-0.000330076
41:26.7,-0.000334635
41:27.7,-0.00034238
41:28.7,-0.000342971
41:29.7,-0.000336177
41:30.7,-0.000318573
41:31.7,-0.000310547
41:32.7,-0.000305286
41:33.7,-0.00029778
41:34.7,-0.000320113
41:35.7,-0.000329564
41:36.7,-0.000306601
41:37.7,-0.000279012
41:38.7,-0.000283844
41:39.7,-0.000295962
41:40.7,-0.000297388
41:41.7,-0.000277116
41:42.7,-0.000272724
41:43.7,-0.000281413
41:44.7,-0.000284021
41:45.7,-0.000281958
41:46.7,-0.000253568
41:47.7,-0.000245257
41:48.7,-0.000241201
41:49.7,-0.000236644
41:50.7,-0.000228075
41:51.7,-0.000226161
41:52.7,-0.000219616
41:53.7,-0.00021515
41:54.7,-0.000194019
41:55.7,-0.000191922
41:56.7,-0.000184715
41:57.7,-0.000171894
41:58.7,-0.000161036
41:59.6,-0.000186193
42:00.6,-0.000205202
42:01.6,-0.000211232
42:02.6,-0.000173595
42:03.6,-0.000156487
42:04.6,-0.000143158
42:05.6,-0.000147405
42:06.6,-0.000156319
42:07.6,-0.000160872
42:08.6,-0.000151851
42:09.6,-0.000134565
42:10.6,-0.000121126
42:11.6,-0.000117839
42:12.6,-0.000131514
42:13.6,-0.000123194
42:14.6,-0.000113316
42:15.6,-0.000118641
42:16.6,-0.00013257
42:17.6,-0.000122783
42:18.6,-0.000130496
42:19.6,-0.00012675
42:20.6,-0.000104892
42:21.6,-8.94E-05
42:22.6,-8.32E-05
42:23.6,-8.70E-05
42:24.6,-9.64E-05
42:25.6,-7.97E-05
42:26.6,-6.70E-05
42:27.6,-4.55E-05
42:28.6,-3.19E-05
42:29.6,-3.96E-05
42:30.6,-4.06E-05
42:31.6,-5.09E-05
42:32.6,-7.10E-05
42:33.6,-6.40E-05
42:34.6,-4.97E-05
42:35.6,-4.53E-05
42:36.6,-4.02E-05
42:37.6,-4.14E-05
42:38.6,-6.71E-05
42:39.6,-7.08E-05
42:40.6,-9.81E-05
42:41.6,-9.74E-05
42:42.6,-0.000117956
42:43.6,-0.000111093
42:44.6,-0.000139051
42:45.6,-0.000141019
42:46.6,-0.000142506
42:47.6,-0.000143234
42:48.6,-0.000128233
42:49.6,-0.000113157
42:50.6,-0.000101697
42:51.6,-0.000124458
42:52.6,-0.000121787
42:53.6,-0.000140768
42:54.6,-0.000134913
42:55.6,-0.000125836
42:56.6,-0.000112873
42:57.6,-0.000106751
42:58.6,-9.65E-05
42:59.6,-0.000105318
43:00.5,-0.000139704
43:01.5,-0.000155846
43:02.5,-0.000160916
43:03.5,-0.000163057
43:04.5,-0.000149529
43:05.5,-0.000161205
43:06.5,-0.000166308
43:07.5,-0.000176095
43:08.5,-0.000160459
43:09.5,-0.000143256
43:10.5,-0.000164128
43:11.5,-0.000184941
43:12.5,-0.000196552
43:13.5,-0.000169629
43:14.5,-0.000170431
43:15.5,-0.000177949
43:16.5,-0.000158317
43:17.5,-0.00014545
43:18.5,-0.00012572
43:19.5,-0.000124414
43:20.5,-0.000131233
43:21.5,-0.000119874
43:22.5,-9.46E-05
43:23.5,-0.000112554
43:24.5,-9.95E-05
43:25.5,-0.000101484
43:26.5,-0.000112894
43:27.5,-0.000110983
43:28.5,-9.92E-05
43:29.5,-0.000135311
43:30.5,-0.000145612
43:31.5,-0.000119694
43:32.5,-0.000142203
43:33.5,-0.000155517
43:34.5,-0.000159087
43:35.5,-0.000167949
43:36.5,-0.000173512
43:37.5,-0.000186525
43:38.5,-0.000192481
43:39.5,-0.00016889
43:40.5,-0.000163932
43:41.5,-0.000157675
43:42.5,-0.000137577
43:43.5,-0.000142321
43:44.5,-0.00014217
43:45.5,-0.000151545
43:46.5,-0.000141985
43:47.5,-0.000132666
43:48.5,-0.000136896
43:49.5,-0.000154397
43:50.5,-0.000156096
43:51.5,-0.000163446
43:52.5,-0.000182562
43:53.5,-0.000175443
43:54.5,-0.000170927
43:55.5,-0.000173567
43:56.5,-0.000180531
43:57.5,-0.000171731
43:58.5,-0.000152228
43:59.5,-0.000169165
44:00.5,-0.000149062
44:01.4,-0.000141029
44:02.4,-0.000135244
44:03.4,-0.000128645
44:04.4,-0.000117806
44:05.4,-0.000121603
44:06.4,-0.000144105
44:07.4,-0.000111522
44:08.4,-0.000107818
44:09.4,-9.64E-05
44:10.4,-7.02E-05
44:11.4,-5.05E-05
44:12.4,-4.15E-05
44:13.4,-1.32E-05
44:14.4,-3.23E-05
44:15.4,-5.52E-05
44:16.4,-6.57E-05
44:17.4,-8.18E-05
44:18.4,-8.01E-05
44:19.4,-7.45E-05
44:20.4,-7.65E-05
44:21.4,-4.87E-05
44:22.4,-2.79E-05
44:23.4,-1.73E-05
44:24.4,6.815799e-06
44:25.4,1.5167469e-05
44:26.4,-6.03E-06
44:27.4,3.4285267e-06
44:28.4,-1.16E-06
44:29.4,-4.50E-05
44:30.4,-5.08E-05
44:31.4,-6.06E-05
44:32.4,-6.05E-05
44:33.4,-3.31E-05
44:34.4,-4.70E-05
44:35.4,-7.72E-05
44:36.4,-6.57E-05
44:37.4,-7.56E-05
44:38.4,-7.05E-05
44:39.4,-7.34E-05
44:40.4,-0.000101685
44:41.4,-9.45E-05
44:42.4,-9.43E-05
44:43.4,-0.000114915
44:44.4,-0.00010952
44:45.4,-0.000105949
44:46.4,-0.000129112
44:47.4,-0.000113432
44:48.4,-0.000118554
44:49.4,-0.000106203
44:50.4,-0.000124386
44:51.4,-0.000109818
44:52.4,-0.000100069
44:53.4,-0.00010971
44:54.4,-8.62E-05
44:55.4,-7.34E-05
44:56.4,-6.94E-05
44:57.4,-5.99E-05
44:58.4,-5.89E-05
44:59.4,-5.55E-05
45:00.4,-4.30E-05
45:01.4,-4.08E-05
45:02.3,-1.55E-05
45:03.3,-1.11E-05
45:04.3,-1.88E-05
45:05.3,-1.90E-05
45:06.3,-1.44E-05
45:07.3,-6.74E-06
45:08.3,-1.05E-06
45:09.3,1.3040882e-05
45:10.3,2.0885042e-05
45:11.3,3.881098e-05
45:12.3,4.1360567e-05
45:13.3,6.157534e-05
45:14.3,3.385003e-05
45:15.3,2.6645777e-05
45:16.3,1.3517037e-05
45:17.3,2.0483918e-05
45:18.3,1.0615305e-05
45:19.3,1.1652118e-06
45:20.3,-5.63E-06
45:21.3,-7.67E-06
45:22.3,-5.18E-05
45:23.3,-4.79E-05
45:24.3,-5.61E-05
45:25.3,-4.34E-05
45:26.3,-3.09E-05
45:27.3,-1.38E-05
45:28.3,1.0798985e-05
45:29.3,1.7884315e-05
45:30.3,5.0881686e-06
45:31.3,5.47157e-07
45:32.3,-2.24E-06
45:33.3,2.3450752e-06
45:34.3,-6.73E-06
45:35.3,-1.62E-05
45:36.3,-1.97E-05
45:37.3,-2.37E-05
45:38.3,-3.77E-05
45:39.3,-3.09E-05
45:40.3,-2.34E-05
45:41.3,-2.26E-05
45:42.3,-3.11E-05
45:43.3,-9.52E-06
45:44.3,8.6003265e-06
45:45.3,9.549815e-06
45:46.3,2.8816787e-05
45:47.3,4.1570653e-05
45:48.3,3.4205197e-05
45:49.3,3.7198748e-05
45:50.3,1.0989142e-05
45:51.3,-9.79E-06
45:52.3,-8.31E-06
45:53.3,-1.82E-05
45:54.3,-2.40E-05
45:55.3,-6.83E-06
45:56.3,1.9617373e-05
45:57.3,5.4074222e-05
45:58.3,6.0128044e-05
45:59.3,7.942478e-05
46:00.3,7.983951e-05
46:01.3,7.4716154e-05
46:02.3,5.4025044e-05
46:03.2,5.0198254e-05
46:04.2,8.143491e-05
46:05.2,9.156525e-05
46:06.2,0.000102179
46:07.2,0.000125707
46:08.2,0.000151941
46:09.2,0.000183521
46:10.2,0.000211731
46:11.2,0.000210085
46:12.2,0.000218499
46:13.2,0.000242775
46:14.2,0.000252248
46:15.2,0.000274015
46:16.2,0.000280808
46:17.2,0.000295325
46:18.2,0.000308001
46:19.2,0.000317457
46:20.2,0.000321239
46:21.2,0.000328334
46:22.2,0.000313053
46:23.2,0.000299848
46:24.2,0.00029564
46:25.2,0.000294951
46:26.2,0.000278107
46:27.2,0.000302914
46:28.2,0.000297113
46:29.2,0.000273796
46:30.2,0.000260455
46:31.2,0.000268984
46:32.2,0.000256447
46:33.2,0.000242421
46:34.2,0.000250761
46:35.2,0.000235191
46:36.2,0.000218901
46:37.2,0.000236287
46:38.2,0.000245912
46:39.2,0.000259842
46:40.2,0.000282794
46:41.2,0.000273403
46:42.2,0.000243093
46:43.2,0.000230126
46:44.2,0.00024071
46:45.2,0.000248142
46:46.2,0.000258839
46:47.2,0.000274309
46:48.2,0.000250507
46:49.2,0.000238699
46:50.2,0.000250382
46:51.2,0.000240962
46:52.2,0.000264932
46:53.2,0.00027148
46:54.2,0
46:55.2,6.148044e-05
46:56.2,4.3810018e-05
46:57.2,4.9407827e-05
46:58.2,5.04758e-05
46:59.2,4.914752e-05
47:00.2,6.0423885e-05
47:01.2,4.3330296e-05
47:02.2,3.868038e-05
47:03.2,2.808763e-05
47:04.2,-1.02E-05
47:05.1,-2.54E-05
47:06.1,-1.52E-05
47:07.1,-1.40E-05
47:08.1,-1.42E-05
47:09.1,-1.20E-06
47:10.1,-3.96E-06
47:11.1,-1.24E-05
47:12.1,-1.37E-05
47:13.1,-1.40E-05
47:14.1,2.1761041e-05
47:15.1,4.2414147e-05
47:16.1,3.208313e-05
47:17.1,3.295732e-05
47:18.1,5.7114316e-06
47:19.1,-3.63E-06
47:20.1,1.2254038e-05
47:21.1,5.0648185e-05
47:22.1,5.3373245e-05
47:23.1,3.1518022e-05
47:24.1,2.5422378e-05
47:25.1,2.9818515e-05
47:26.1,2.5775515e-05
47:27.1,1.0162222e-05
47:28.1,2.6006624e-06
47:29.1,1.07797805e-05
47:30.1,-4.36E-06
47:31.1,3.4510376e-05
47:32.1,3.6837482e-05
47:33.1,5.4764663e-05
47:34.1,7.361547e-05
47:35.1,6.612826e-05
47:36.1,4.6919104e-05
47:37.1,4.232417e-05
47:38.1,5.022988e-05
47:39.1,4.5687124e-05
47:40.1,8.438463e-05
47:41.1,7.367541e-05
47:42.1,4.604406e-05
47:43.1,5.7986184e-05
47:44.1,4.875301e-05
47:45.1,2.2885382e-05
47:46.1,2.4949271e-05
47:47.1,1.7386421e-05
47:48.1,7.594747e-06
47:49.1,-2.84E-05
47:50.1,-9.57E-06
47:51.1,-6.15E-06
47:52.1,-2.80E-06
47:53.1,2.4517407e-05
47:54.1,1.3022081e-05
47:55.1,2.200376e-06
47:56.1,9.141919e-06
47:57.1,-1.50E-06
47:58.1,2.1684218e-06
47:59.1,3.336247e-05
48:00.1,1.2569145e-05
48:01.1,-3.84E-06
48:02.1,-8.19E-06
48:03.1,1.6412088e-05
48:04.1,2.9412442e-05
48:05.1,1.2587057e-05
48:06.0,2.3549494e-05
48:07.0,5.9901235e-05
48:08.0,3.9148705e-05
48:09.0,3.0363299e-06
48:10.0,-3.23E-05
48:11.0,-4.38E-05
48:12.0,-4.99E-05
48:13.0,-3.87E-05
48:14.0,-4.85E-05
48:15.0,-5.70E-05
48:16.0,-5.04E-05
48:17.0,-5.62E-05
48:18.0,-2.82E-05
48:19.0,-2.59E-05
48:20.0,-4.27E-05
48:21.0,-6.56E-05
48:22.0,-8.00E-05
48:23.0,-8.62E-05
48:24.0,-5.84E-05
48:25.0,-6.66E-05
48:26.0,-3.35E-05
48:27.0,-3.94E-05
48:28.0,-1.10E-05
48:29.0,1.6458993e-05
48:30.0,1.6929236e-05
48:31.0,3.0164787e-05
48:32.0,1.2063263e-05
48:33.0,2.5495292e-05
48:34.0,3.343356e-05
48:35.0,4.5069504e-05
48:36.0,4.3986012e-05
48:37.0,4.8619462e-05
48:38.0,6.4128566e-05
48:39.0,7.3930365e-05
48:40.0,7.601948e-05
48:41.0,7.231804e-05
48:42.0,8.321178e-05
48:43.0,8.337258e-05
48:44.0,8.214254e-05
48:45.0,5.398416e-05
48:46.0,3.6997983e-05
48:47.0,4.2218788e-05
48:48.0,6.150607e-05
48:49.0,8.1513965e-05
48:50.0,6.477229e-05
48:51.0,6.863989e-05
48:52.0,3.7440463e-05
48:53.0,4.065412e-05
48:54.0,8.444787e-05
48:55.0,8.751361e-05
48:56.0,9.863514e-05
48:57.0,0.000116765
48:58.0,0.000103543
48:59.0,0.000110034
49:00.0,0.000120893
49:01.0,0.000119636
49:02.0,9.005887e-05
49:03.0,6.34849e-05
49:04.0,5.0288683e-05
49:05.0,7.3973184e-05
49:06.0,9.673075e-05
49:06.9,8.798765e-05
49:07.9,7.886615e-05
49:08.9,5.980502e-05
49:09.9,4.3072596e-05
49:10.9,2.0150446e-05
49:11.9,2.4006613e-06
49:12.9,1.19708375e-05
49:13.9,1.5663023e-05
49:14.9,9.2396346e-07
49:15.9,-1.37E-05
49:16.9,-4.42E-05
49:17.9,-5.73E-05
49:18.9,-8.71E-05
49:19.9,-5.51E-05
49:20.9,-3.32E-05
49:21.9,-1.60E-05
49:22.9,-3.35E-05
49:23.9,-2.46E-05
49:24.9,-5.77E-06
49:25.9,-1.01E-05
49:26.9,-3.55E-06
49:27.9,1.8595027e-05
49:28.9,1.4164181e-05
49:29.9,2.4507304e-05
49:30.9,2.8798728e-05
49:31.9,1.5499418e-06
49:32.9,1.4229755e-05
49:33.9,3.2010576e-05
49:34.9,3.3499597e-05
49:35.9,6.0944458e-05
49:36.9,8.193123e-05
49:37.9,6.208964e-05
49:38.9,7.184243e-05
49:39.9,8.0599144e-05
49:40.9,5.7630055e-05
49:41.9,5.8329166e-05
49:42.9,5.6442484e-05
49:43.9,8.0582206e-05
49:44.9,0.000109917
49:45.9,0.00010694
49:46.9,0.00010838
49:47.9,8.486437e-05
49:48.9,7.796159e-05
49:49.9,6.995432e-05
49:50.9,8.169206e-05
49:51.9,7.223529e-05
49:52.9,7.427761e-05
49:53.9,6.621357e-05
49:54.9,0.00010284
49:55.9,9.658443e-05
49:56.9,0.000100915
49:57.9,0.00010018
49:58.9,9.0996335e-05
49:59.9,0.00011166
50:00.9,0.000106299
50:01.9,7.653074e-05
50:02.9,7.3225456e-05
50:03.9,0.000100995
50:04.9,0.000109388
50:05.9,0.000109623
50:06.9,0.000149249
50:07.8,0.000179431
50:08.8,0.000186572
50:09.8,0.000181088
50:10.8,0.000154133
50:11.8,0.000169375
50:12.8,0.00017768
50:13.8,0.000182173
50:14.8,0.000176819
50:15.8,0.000180839
50:16.8,0.000206657
50:17.8,0.00024368
50:18.8,0.000260317
50:19.8,0.000251149
50:20.8,0.000236277
50:21.8,0.000241018
50:22.8,0.000271469
50:23.8,0.000285166
50:24.8,0.000313387
50:25.8,0.000293048
50:26.8,0.000270564
50:27.8,0.000245715
50:28.8,0.000204237
50:29.8,0.000181878
50:30.8,0.000164981
50:31.8,0.000175086
50:32.8,0.000189616
50:33.8,0.000204201
50:34.8,0.000214602
50:35.8,0.000223142
50:36.8,0.000226132
50:37.8,0.000237406
50:38.8,0.000225913
50:39.8,0.000226915
50:40.8,0.000237495
50:41.8,0.000239034
50:42.8,0.000234997
50:43.8,0.000243613
50:44.8,0.00024322
50:45.8,0.000266586
50:46.8,0.000275524
50:47.8,0.00028788
50:48.8,0.000282883
50:49.8,0.000284903
50:50.8,0.00029984
50:51.8,0.000296047
50:52.8,0.000283008
50:53.8,0.000308347
50:54.8,0.000305575
50:55.8,0.000298577
50:56.8,0.000281676
50:57.8,0.000254726
50:58.8,0.000272846
50:59.8,0.00029576
51:00.8,0.000300805
51:01.8,0.000312126
51:02.8,0.000325111
51:03.8,0.00032556
51:04.8,0.000308252
51:05.8,0.000319218
51:06.8,0.00032496
51:07.8,0.000305866
51:08.7,0.000295099
51:09.7,0.000308252
51:10.7,0.000304127
51:11.7,0.000293575
51:12.7,0.000277819
51:13.7,0.000255911
51:14.7,0.00024348
51:15.7,0.000267821
51:16.7,0.000265511
51:17.7,0.000263601
51:18.7,0.000244983
51:19.7,0.000236519
51:20.7,0.000243904
51:21.7,0.000236359
51:22.7,0.000232675
51:23.7,0.000252138
51:24.7,0.00027258
51:25.7,0.00025315
51:26.7,0.000251002
51:27.7,0.000233403
51:28.7,0.000237639
51:29.7,0.000254999
51:30.7,0.000284784
51:31.7,0.000286455
51:32.7,0.000253656
51:33.7,0.000261252
51:34.7,0.000269611
51:35.7,0.000281984
51:36.7,0.000260858
51:37.7,0.000257016
51:38.7,0.000267429
51:39.7,0.000272183
51:40.7,0.000238091
51:41.7,0.00021657
51:42.7,0.000189158
51:43.7,0.000189866
51:44.7,0.000221655
51:45.7,0.000238333
51:46.7,0.000242525
51:47.7,0.000249353
51:48.7,0.000272561
51:49.7,0.000276572
51:50.7,0.000261056
51:51.7,0.000251963
51:52.7,0.000276264
51:53.7,0.000265002
51:54.7,0.000241654
51:55.7,0.000234893
51:56.7,0.000240002
51:57.7,0.000220651
51:58.7,0.000234196
51:59.7,0.0002511
52:00.7,0.0002433
52:01.7,0.000221475
52:02.7,0.000218957
52:03.7,0.000210775
52:04.7,0.000220459
52:05.7,0.00022621
52:06.7,0.000228251
52:07.7,0.000229445
52:08.7,0.000228617
52:09.6,0.000244105
52:10.6,0.000233123
52:11.6,0.000220208
52:12.6,0.000215207
52:13.6,0.000218256
52:14.6,0.000222398
52:15.6,0.000235333
52:16.6,0.000225152
52:17.6,0.000195921
52:18.6,0.00017087
52:19.6,0.000183536
52:20.6,0.000207359
52:21.6,0.000223743
52:22.6,0.00023274
52:23.6,0.000234323
52:24.6,0.000218562
52:25.6,0.000231548
52:26.6,0.000243992
52:27.6,0.000248727
52:28.6,0.000265726
52:29.6,0.000295887
52:30.6,0.000310587
52:31.6,0.000307533
52:32.6,0.000285237
52:33.6,0.000295382
52:34.6,0.000295494
52:35.6,0.000277986
52:36.6,0.000277747
52:37.6,0.000275652
52:38.6,0.000270879
52:39.6,0.000270624
52:40.6,0.000266655
52:41.6,0.000268978
52:42.6,0.000262859
52:43.6,0.00026161
52:44.6,0.00026076
52:45.6,0.000271698
52:46.6,0.000249648
52:47.6,0.000237143
52:48.6,0.000257863
52:49.6,0.000278323
52:50.6,0.000299736
52:51.6,0.000324491
52:52.6,0.000296209
52:53.6,0.000295979
52:54.6,0.000313384
52:55.6,0.000325123
52:56.6,0.00033716
52:57.6,0.000368834
52:58.6,0.000369295
52:59.6,0.000390049
53:00.6,0.000385066
53:01.6,0.000388498
53:02.6,0.000395099
53:03.6,0.000400755
53:04.6,0.000394738
53:05.6,0.000375428
53:06.6,0.000371087
53:07.6,0.000380029
53:08.6,0.000406666
53:09.6,0.000425316
53:10.5,0.000448814
53:11.5,0.000469159
53:12.5,0.00048354
53:13.5,0.000484042
53:14.5,0.00050229
53:15.5,0.000517301
53:16.5,0.000535671
53:17.5,0.000537737
53:18.5,0.000545147
53:19.5,0.000544326
53:20.5,0.000551629
53:21.5,0.000550221
53:22.5,0.000524008
53:23.5,0.000523187
53:24.5,0.000518614
53:25.5,0.000518641
53:26.5,0.000511369
53:27.5,0.000492102
53:28.5,0.000476509
53:29.5,0.000480044
53:30.5,0.000444192
53:31.5,0.000423481
53:32.5,0.000417678
53:33.5,0.000420514
53:34.5,0.000415917
53:35.5,0.00044075
53:36.5,0.000454393
53:37.5,0.000473532
53:38.5,0.00042955
53:39.5,0.000429108
53:40.5,0.000456987
53:41.5,0.000451185
53:42.5,0.00044744
53:43.5,0.000423668
53:44.5,0.000448242
53:45.5,0.00044108
53:46.5,0.00043716
53:47.5,0.000448813
53:48.5,0.00043854
53:49.5,0.000443099
53:50.5,0.000455064
53:51.5,0.000443475
53:52.5,0.000434411
53:53.5,0.00043162
53:54.5,0.000434552
53:55.5,0.000458412
53:56.5,0.000444684
53:57.5,0.000450499
53:58.5,0.000441677
53:59.5,0.000451857
54:00.5,0.000469338
54:01.5,0.00045431
54:02.5,0.000425019
54:03.5,0.000423387
54:04.5,0.000399733
54:05.5,0.000383262
54:06.5,0.000382255
54:07.5,0.000378185
54:08.5,0.00039614
54:09.5,0.000388642
54:10.5,0.000387426
54:11.4,0.000367397
54:12.4,0.000346775
54:13.4,0.000345927
54:14.4,0.000297837
54:15.4,0.000298623
54:16.4,0.000288869
54:17.4,0.00029157
54:18.4,0.000288697
54:19.4,0.000270989
54:20.4,0.000277577
54:21.4,0.000294658
54:22.4,0.000304746
54:23.4,0.000310936
54:24.4,0.000304649
54:25.4,0.000279354
54:26.4,0.000295312
54:27.4,0.000285548
54:28.4,0.000284488
54:29.4,0.000290935
54:30.4,0.000295719
54:31.4,0.000283377
54:32.4,0.000256437
54:33.4,0.000223
54:34.4,0.000199783
54:35.4,0.000223337
54:36.4,0.000237956
54:37.4,0.000249024
54:38.4,0.000245899
54:39.4,0.000226114
54:40.4,0.000214742
54:41.4,0.000220508
54:42.4,0.000224587
54:43.4,0.000231789
54:44.4,0.000236702
54:45.4,0.000227363
54:46.4,0.000208734
54:47.4,0.000240937
54:48.4,0.000239185
54:49.4,0.000255795
54:50.4,0.000233415
54:51.4,0.00022686
54:52.4,0.000225556
54:53.4,0.000196384
54:54.4,0.000192341
54:55.4,0.000212651
54:56.4,0.000243677
54:57.4,0.000267271
54:58.4,0.00028444
54:59.4,0.000309523
55:00.4,0.000289539
55:01.4,0.000289368
55:02.4,0.000290163
55:03.4,0.000301695
55:04.4,0.000317398
55:05.4,0.000321178
55:06.4,0.000333681
55:07.4,0.000319501
55:08.4,0.000314592
55:09.4,0.000306952
55:10.4,0.000309815
55:11.4,0.000322548
55:12.3,0.000349264
55:13.3,0.000373735
55:14.3,0.000362173
55:15.3,0.000359435
55:16.3,0.000366283
55:17.3,0.000356295
55:18.3,0.000364819
55:19.3,0.000360324
55:20.3,0.000364224
55:21.3,0.000368008
55:22.3,0.000360491
55:23.3,0.000350669
55:24.3,0.000357266
55:25.3,0.000364972
55:26.3,0.000370102
55:27.3,0.000367965
55:28.3,0.000356686
55:29.3,0.000365055
55:30.3,0.000377368
55:31.3,0.000375081
55:32.3,0.000374891
55:33.3,0.000356855
55:34.3,0.000363056
55:35.3,0.000361266
55:36.3,0.000340171
55:37.3,0.000339103
55:38.3,0.000321514
55:39.3,0.000332633
55:40.3,0.00033757
55:41.3,0.000339653
55:42.3,0.000322556
55:43.3,0.000337204
55:44.3,0.000321025
55:45.3,0.000318795
55:46.3,0.00033993
55:47.3,0.00033374
55:48.3,0.000323133
55:49.3,0.000325521
55:50.3,0.000305684
55:51.3,0.000303136
55:52.3,0.000306072
55:53.3,0.000285424
55:54.3,0.000280496
55:55.3,0.000260044
55:56.3,0.000249519
55:57.3,0.000244261
55:58.3,0.000220143
55:59.3,0.00020699
56:00.3,0.000201607
56:01.3,0.00018303
56:02.3,0.000184025
56:03.3,0.000186932
56:04.3,0.00018634
56:05.3,0.000203251
56:06.3,0.000205628
56:07.3,0.000205198
56:08.3,0.000212503
56:09.3,0.000215538
56:10.3,0.000218417
56:11.3,0.000218573
56:12.3,0.000201603
56:13.3,0.000200467
56:14.2,0.00021993
56:15.2,0.000228782
56:16.2,0.000218595
56:17.2,0.000211641
56:18.2,0.000215899
56:19.2,0.000222855
56:20.2,0.00022562
56:21.2,0.000216366
56:22.2,0.000210003
56:23.2,0.000222667
56:24.2,0.000228032
56:25.2,0.000233226
56:26.2,0.000218461
56:27.2,0.00023511
56:28.2,0.000235928
56:29.2,0.000230597
56:30.2,0.000237798
56:31.2,0.000219148
56:32.2,0.000221979
56:33.2,0.000203862
56:34.2,0.000206814
56:35.2,0.000202007
56:36.2,0.000192697
56:37.2,0.000226072
56:38.2,0.000230193
56:39.2,0.000235228
56:40.2,0.000266335
56:41.2,0.000263088
56:42.2,0.000237462
56:43.2,0.000260932
56:44.2,0.000288554
56:45.2,0.000303838
56:46.2,0.000276768
56:47.2,0.00028701
56:48.2,0.000260624
56:49.2,0.000263364
56:50.2,0.000261287
56:51.2,0.000266908
56:52.2,0.000252547
56:53.2,0.000230684
56:54.2,0
56:55.2,-6.70E-05
56:56.2,-3.85E-05
56:57.2,-5.78E-05
56:58.2,-7.88E-05
56:59.2,-8.75E-05
57:00.2,-8.51E-05
57:01.2,-6.90E-05
57:02.2,-7.11E-05
57:03.2,-6.09E-05
57:04.2,-5.24E-05
57:05.2,-5.30E-05
57:06.2,-5.37E-05
57:07.2,-7.39E-05
57:08.2,-7.67E-05
57:09.2,-7.25E-05
57:10.2,-7.39E-05
57:11.2,-8.80E-05
57:12.2,-8.38E-05
57:13.2,-8.13E-05
57:14.2,-6.75E-05
57:15.1,-5.50E-05
57:16.1,-6.51E-05
57:17.1,-5.38E-05
57:18.1,-7.20E-05
57:19.1,-7.77E-05
57:20.1,-8.10E-05
57:21.1,-9.37E-05
57:22.1,-7.86E-05
57:23.1,-8.13E-05
57:24.1,-7.13E-05
57:25.1,-7.70E-05
57:26.1,-3.44E-05
57:27.1,-4.47E-05
57:28.1,-6.76E-05
57:29.1,-9.99E-05
57:30.1,-9.51E-05
57:31.1,-9.02E-05
57:32.1,-9.79E-05
57:33.1,-9.08E-05
57:34.1,-9.80E-05
57:35.1,-0.000112918
57:36.1,-0.0001034
57:37.1,-8.56E-05
57:38.1,-9.72E-05
57:39.1,-9.39E-05
57:40.1,-8.79E-05
57:41.1,-6.65E-05
57:42.1,-3.87E-05
57:43.1,-1.78E-05
57:44.1,-2.43E-05
57:45.1,-3.44E-05
57:46.1,-3.33E-05
57:47.1,-4.51E-05
57:48.1,-5.41E-05
57:49.1,-9.03E-05
57:50.1,-0.000103706
57:51.1,-9.13E-05
57:52.1,-9.82E-05
57:53.1,-0.000118388
57:54.1,-0.000109975
57:55.1,-0.000116964
57:56.1,-0.000126335
57:57.1,-0.000130758
57:58.1,-0.000139592
57:59.1,-0.000143898
58:00.1,-0.000157375
58:01.1,-0.000150425
58:02.1,-0.000157312
58:03.1,-0.00014468
58:04.1,-0.000147805
58:05.1,-0.000142244
58:06.1,-0.000136046
58:07.1,-0.000116279
58:08.1,-0.000114694
58:09.1,-9.30E-05
58:10.1,-0.000109357
58:11.1,-0.000100404
58:12.1,-8.42E-05
58:13.1,-9.43E-05
58:14.1,-0.000105393
58:15.1,-0.000104904
58:16.0,-9.47E-05
58:17.0,-0.000113068
58:18.0,-0.00011611
58:19.0,-0.00011178
58:20.0,-0.000133441
58:21.0,-0.000114891
58:22.0,-0.000124359
58:23.0,-0.000112944
58:24.0,-0.000114568
58:25.0,-0.000124375
58:26.0,-0.000129244
58:27.0,-0.0001274
58:28.0,-0.000126786
58:29.0,-0.000108774
58:30.0,-0.000111613
58:31.0,-0.00012173
58:32.0,-0.00010755
58:33.0,-0.00011146
58:34.0,-0.000113327
58:35.0,-0.000104332
58:36.0,-0.000123705
58:37.0,-0.000123218
58:38.0,-0.000139694
58:39.0,-0.000124515
58:40.0,-0.000147817
58:41.0,-0.00013953
58:42.0,-0.000126388
58:43.0,-0.00013827
58:44.0,-0.000152022
58:45.0,-0.000158654
58:46.0,-0.000168285
58:47.0,-0.000181551
58:48.0,-0.000189239
58:49.0,-0.000198052
58:50.0,-0.00019179
58:51.0,-0.000188261
58:52.0,-0.000197303
58:53.0,-0.000195015
58:54.0,-0.000200811
58:55.0,-0.000203435
58:56.0,-0.000188751
58:57.0,-0.000171932
58:58.0,-0.000136753
58:59.0,-0.000147963
59:00.0,-0.000151321
59:01.0,-0.000144328
59:02.0,-0.000131053
59:03.0,-0.000135304
59:04.0,-0.000146709
59:05.0,-0.000139274
59:06.0,-0.000157057
59:07.0,-0.000177905
59:08.0,-0.000150112
59:09.0,-0.000122056
59:10.0,-0.000131066
59:11.0,-0.000136031
59:12.0,-0.000130487
59:13.0,-0.000154885
59:14.0,-0.000150579
59:15.0,-0.000154717
59:16.0,-0.00018275
59:16.9,-0.000176994
59:17.9,-0.000179066
59:18.9,-0.000184143
59:19.9,-0.000166877
59:20.9,-0.000131315
59:21.9,-0.000113588
59:22.9,-0.000140747
59:23.9,-0.000155978
59:24.9,-0.00015788
59:25.9,-0.000164151
59:26.9,-0.000187876
59:27.9,-0.000187405
59:28.9,-0.000196021
59:29.9,-0.000199561
59:30.9,-0.00019789
59:31.9,-0.000206404
59:32.9,-0.000216012
59:33.9,-0.000220101
59:34.9,-0.000224414
59:35.9,-0.000200685
59:36.9,-0.000219098
59:37.9,-0.000230391
59:38.9,-0.000210225
59:39.9,-0.000182732
59:40.9,-0.000185596
59:41.9,-0.00017664
59:42.9,-0.000185603
59:43.9,-0.000196027
59:44.9,-0.000212441
59:45.9,-0.00019522
59:46.9,-0.000181
59:47.9,-0.000154215
59:48.9,-0.000149131
59:49.9,-0.000146652
59:50.9,-0.000138
59:51.9,-0.000123564
59:52.9,-0.000116407
59:53.9,-9.75E-05
59:54.9,-9.19E-05
59:55.9,-0.000102339
59:56.9,-9.81E-05
59:57.9,-0.000112174
59:58.9,-0.000118551
59:59.9,-0.000135283
00:00.9,-0.000159108
00:01.9,-0.000134502
00:02.9,-0.000143634
00:03.9,-0.000158875
00:04.9,-0.000153319
00:05.9,-0.000146509
00:06.9,-0.000127242
00:07.9,-9.89E-05
00:08.9,-0.000108074
00:09.9,-8.77E-05
00:10.9,-6.46E-05
00:11.9,-5.33E-05
00:12.9,-5.98E-05
00:13.9,-6.23E-05
00:14.9,-6.56E-05
00:15.9,-7.52E-05
00:16.9,-5.56E-05
00:17.8,-4.23E-05
00:18.8,-3.69E-05
00:19.8,-3.53E-05
00:20.8,-6.40E-05
00:21.8,-8.15E-05
00:22.8,-6.63E-05
00:23.8,-4.88E-05
00:24.8,-3.95E-05
00:25.8,2.4716805e-06
00:26.8,1.9450661e-05
00:27.8,4.3290227e-05
00:28.8,4.1387502e-05
00:29.8,3.246792e-05
00:30.8,2.2166627e-05
00:31.8,5.245945e-06
00:32.8,1.1491303e-05
00:33.8,4.9143364e-07
00:34.8,4.3388145e-06
00:35.8,7.859658e-06
00:36.8,-2.11E-05
00:37.8,-2.23E-05
00:38.8,-3.77E-05
00:39.8,-4.43E-05
00:40.8,-5.50E-05
00:41.8,-9.38E-05
00:42.8,-7.81E-05
00:43.8,-0.000101612
00:44.8,-0.000108069
00:45.8,-9.44E-05
00:46.8,-9.39E-05
00:47.8,-7.39E-05
00:48.8,-0.000103234
00:49.8,-0.000119293
00:50.8,-0.000112682
00:51.8,-0.000119969
00:52.8,-0.000142259
00:53.8,-0.000168916
00:54.8,-0.000185583
00:55.8,-0.000173133
00:56.8,-0.000179312
00:57.8,-0.000155478
00:58.8,-0.000142495
00:59.8,-0.000153074
01:00.8,-0.000154593
01:01.8,-0.000148258
01:02.8,-0.000172254
01:03.8,-0.000194414
01:04.8,-0.00019482
01:05.8,-0.000198395
01:06.8,-0.000162286
01:07.8,-0.000163807
01:08.8,-0.000149983
01:09.8,-0.000189489
01:10.8,-0.000180364
01:11.8,-0.000194851
01:12.8,-0.000191526
01:13.8,-0.000198306
01:14.8,-0.000195112
01:15.8,-0.000197522
01:16.8,-0.000160778
01:17.8,-0.00015293
01:18.7,-0.000134453
01:19.7,-0.000150961
01:20.7,-0.000166807
01:21.7,-0.00019227
01:22.7,-0.000192652
01:23.7,-0.000189288
01:24.7,-0.000150976
01:25.7,-0.000158588
01:26.7,-0.000151089
01:27.7,-0.000139695
01:28.7,-0.000119022
01:29.7,-0.000111664
01:30.7,-0.000128906
01:31.7,-0.000133546
01:32.7,-0.000132305
01:33.7,-0.000124466
01:34.7,-0.000139255
01:35.7,-0.00013728
01:36.7,-0.000148307
01:37.7,-0.000162282
01:38.7,-0.000168861
01:39.7,-0.000183698
01:40.7,-0.00018842
01:41.7,-0.000179697
01:42.7,-0.000197703
01:43.7,-0.000195822
01:44.7,-0.000200728
01:45.7,-0.0002071
01:46.7,-0.000224904
01:47.7,-0.000218369
01:48.7,-0.000234895
01:49.7,-0.000212945
01:50.7,-0.000239505
01:51.7,-0.000234068
01:52.7,-0.000229901
01:53.7,-0.000200829
01:54.7,-0.00018838
01:55.7,-0.000181309
01:56.7,-0.00018796
01:57.7,-0.000211093
01:58.7,-0.000211719
01:59.7,-0.000204212
02:00.7,-0.000202836
02:01.7,-0.000230189
02:02.7,-0.000219027
02:03.7,-0.000214597
02:04.7,-0.000194872
02:05.7,-0.000194045
02:06.7,-0.000178488
02:07.7,-0.000214639
02:08.7,-0.000237004
02:09.7,-0.000224502
02:10.7,-0.000225681
02:11.7,-0.000243854
02:12.7,-0.000254936
02:13.7,-0.000221426
02:14.7,-0.000213964
02:15.7,-0.000221434
02:16.7,-0.000215652
02:17.7,-0.000195676
02:18.7,-0.00019864
02:19.6,-0.000196955
02:20.6,-0.000208435
02:21.6,-0.000221823
02:22.6,-0.000248834
02:23.6,-0.000243968
02:24.6,-0.000225258
02:25.6,-0.000242759
02:26.6,-0.000255327
02:27.6,-0.000276654
02:28.6,-0.000265862
02:29.6,-0.000283023
02:30.6,-0.000256823
02:31.6,-0.000282747
02:32.6,-0.000327914
02:33.6,-0.000392081
02:34.6,-0.000405113
02:35.6,-0.000396391
02:36.6,-0.000410517
02:37.6,-0.00043067
02:38.6,-0.000437521
02:39.6,-0.000437639
02:40.6,-0.000432096
02:41.6,-0.000413176
02:42.6,-0.000385322
02:43.6,-0.000391579
02:44.6,-0.000402707
02:45.6,-0.000406793
02:46.6,-0.000420756
02:47.6,-0.000413329
02:48.6,-0.000408114
02:49.6,-0.000401905
02:50.6,-0.000434816
02:51.6,-0.00046436
02:52.6,-0.000463464
02:53.6,-0.000452536
02:54.6,-0.000441258
02:55.6,-0.000439591
02:56.6,-0.000446483
02:57.6,-0.000455345
02:58.6,-0.000455596
02:59.6,-0.000443444
03:00.6,-0.000450159
03:01.6,-0.000450605
03:02.6,-0.000433532
03:03.6,-0.000413679
03:04.6,-0.000422259
03:05.6,-0.000414437
03:06.6,-0.000409939
03:07.6,-0.000386882
03:08.6,-0.000371723
03:09.6,-0.000368822
03:10.6,-0.000384406
03:11.6,-0.000381445
03:12.6,-0.000383396
03:13.6,-0.000394558
03:14.6,-0.000412586
03:15.6,-0.000385316
03:16.6,-0.000380757
03:17.6,-0.000379744
03:18.6,-0.000376797
03:19.6,-0.000358535
03:20.5,-0.000331336
03:21.5,-0.000310766
03:22.5,-0.000302808
03:23.5,-0.000334694
03:24.5,-0.000339297
03:25.5,-0.000343776
03:26.5,-0.000351477
03:27.5,-0.000350124
03:28.5,-0.000352307
03:29.5,-0.00035428
03:30.5,-0.000363432
03:31.5,-0.000382891
03:32.5,-0.000386761
03:33.5,-0.000396735
03:34.5,-0.000405534
03:35.5,-0.000409097
03:36.5,-0.000411291
03:37.5,-0.000429305
03:38.5,-0.000431836
03:39.5,-0.00044819
03:40.5,-0.000451294
03:41.5,-0.000450025
03:42.5,-0.000429514
03:43.5,-0.000424933
03:44.5,-0.00042683
03:45.5,-0.000428216
03:46.5,-0.000442191
03:47.5,-0.000432781
03:48.5,-0.000451077
03:49.5,-0.000451376
03:50.5,-0.00044482
03:51.5,-0.000458602
03:52.5,-0.000418701
03:53.5,-0.000415749
03:54.5,-0.000419139
03:55.5,-0.00041079
03:56.5,-0.000416351
03:57.5,-0.000396806
03:58.5,-0.000416771
03:59.5,-0.000414798
04:00.5,-0.000403274
04:01.5,-0.000385139
04:02.5,-0.000417519
04:03.5,-0.000438986
04:04.5,-0.000451124
04:05.5,-0.000476054
04:06.5,-0.000490972
04:07.5,-0.000471247
04:08.5,-0.00045616
04:09.5,-0.000435273
04:10.5,-0.000415207
04:11.5,-0.000401447
04:12.5,-0.000392729
04:13.5,-0.000401986
04:14.5,-0.000386568
04:15.5,-0.000363634
04:16.5,-0.000370125
04:17.5,-0.000375565
04:18.5,-0.000378158
04:19.5,-0.000388091
04:20.5,-0.000400143
04:21.5,-0.000376939
04:22.4,-0.000366493
04:23.4,-0.000377052
04:24.4,-0.000350724
04:25.4,-0.000311107
04:26.4,-0.000298302
04:27.4,-0.000302696
04:28.4,-0.000308296
04:29.4,-0.000303591
04:30.4,-0.000301687
04:31.4,-0.000301215
04:32.4,-0.000290666
04:33.4,-0.000286117
04:34.4,-0.000321908
04:35.4,-0.000312435
04:36.4,-0.000288079
04:37.4,-0.00028941
04:38.4,-0.00027047
04:39.4,-0.000253391
04:40.4,-0.000251086
04:41.4,-0.000239987
04:42.4,-0.000227284
04:43.4,-0.000224355
04:44.4,-0.000229206
04:45.4,-0.000220845
04:46.4,-0.000203613
04:47.4,-0.000166866
04:48.4,-0.000145485
04:49.4,-0.000166124
04:50.4,-0.000168807
04:51.4,-0.000159806
04:52.4,-0.000191208
04:53.4,-0.000192227
04:54.4,-0.000192988
04:55.4,-0.000195998
04:56.4,-0.000194945
04:57.4,-0.000186739
04:58.4,-0.000178149
04:59.4,-0.000171814
05:00.4,-0.000184051
05:01.4,-0.000188915
05:02.4,-0.000191692
05:03.4,-0.000195074
05:04.4,-0.000231739
05:05.4,-0.000269909
05:06.4,-0.000279618
05:07.4,-0.000273122
05:08.4,-0.000260535
05:09.4,-0.000250136
05:10.4,-0.000253007
05:11.4,-0.000243301
05:12.4,-0.000239497
05:13.4,-0.000240501
05:14.4,-0.000242389
05:15.4,-0.000252185
05:16.4,-0.000258786
05:17.4,-0.000270959
05:18.4,-0.000270759
05:19.4,-0.000241401
05:20.4,-0.000241489
05:21.4,-0.000242013
05:22.4,-0.000251967
05:23.3,-0.000281002
05:24.3,-0.000305332
05:25.3,-0.000316897
05:26.3,-0.000308372
05:27.3,-0.000297505
05:28.3,-0.000300656
05:29.3,-0.000293507
05:30.3,-0.000295004
05:31.3,-0.000328228
05:32.3,-0.000292756
05:33.3,-0.000293486
05:34.3,-0.000275741
05:35.3,-0.000274675
05:36.3,-0.000270411
05:37.3,-0.000279598
05:38.3,-0.000277366
05:39.3,-0.000231982
05:40.3,-0.000203993
05:41.3,-0.000191168
05:42.3,-0.000171816
05:43.3,-0.000175888
05:44.3,-0.000168819
05:45.3,-0.000159674
05:46.3,-0.000154887
05:47.3,-0.000161835
05:48.3,-0.000173979
05:49.3,-0.000175553
05:50.3,-0.000162485
05:51.3,-0.000163365
05:52.3,-0.000158647
05:53.3,-0.000129906
05:54.3,-0.000110763
05:55.3,-9.63E-05
05:56.3,-9.31E-05
05:57.3,-0.000106856
05:58.3,-9.72E-05
05:59.3,-8.33E-05
06:00.3,-9.74E-05
06:01.3,-0.000105001
06:02.3,-0.000140631
06:03.3,-0.000164223
06:04.3,-0.000151763
06:05.3,-0.000164236
06:06.3,-0.00014249
06:07.3,-0.000110807
06:08.3,-0.000106734
06:09.3,-0.000110033
06:10.3,-0.000102686
06:11.3,-9.04E-05
06:12.3,-6.25E-05
06:13.3,-8.14E-05
06:14.3,-0.000116738
06:15.3,-0.000102661
06:16.3,-8.39E-05
06:17.3,-7.84E-05
06:18.3,-7.69E-05
06:19.3,-7.99E-05
06:20.3,-3.16E-05
06:21.3,-4.36E-05
06:22.3,-3.88E-05
06:23.3,-1.70E-05
06:24.2,-1.54E-05
06:25.2,-2.65E-05
06:26.2,-5.29E-05
06:27.2,-7.72E-05
06:28.2,-4.76E-05
06:29.2,-5.22E-05
06:30.2,-3.14E-05
06:31.2,-1.44E-05
06:32.2,-2.97E-06
06:33.2,-1.58E-05
06:34.2,-2.69E-05
06:35.2,-3.55E-05
06:36.2,-4.44E-05
06:37.2,-7.35E-05
06:38.2,-9.91E-05
06:39.2,-6.19E-05
06:40.2,-5.14E-05
06:41.2,-5.01E-05
06:42.2,-6.21E-05
06:43.2,-8.75E-05
06:44.2,-7.99E-05
06:45.2,-7.29E-05
06:46.2,-5.45E-05
06:47.2,-4.87E-05
06:48.2,-5.11E-05
06:49.2,-4.75E-05
06:50.2,-6.27E-05
06:51.2,-6.08E-05
06:52.2,-9.18E-05
06:53.2,-0.000104305
06:54.2,0
06:55.2,4.586092e-05
06:56.2,5.2711406e-05
06:57.2,3.0956988e-05
06:58.2,-1.61E-06
06:59.2,1.4573431e-05
07:00.2,2.615929e-05
07:01.2,2.3626064e-05
07:02.2,1.9912599e-05
07:03.2,3.4165262e-06
07:04.2,3.0209087e-06
07:05.2,1.815014e-05
07:06.2,1.4088581e-05
07:07.2,3.3576493e-05
07:08.2,6.4042404e-05
07:09.2,5.9491504e-05
07:10.2,5.8429752e-05
07:11.2,7.297369e-05
07:12.2,7.606515e-05
07:13.2,7.1493225e-05
07:14.2,6.622963e-05
07:15.2,4.2911717e-05
07:16.2,4.1666783e-05
07:17.2,2.81049e-05
07:18.2,2.8045763e-05
07:19.2,3.4365723e-05
07:20.2,4.410821e-05
07:21.2,6.344288e-05
07:22.2,3.052981e-05
07:23.2,2.7919784e-06
07:24.2,-3.00E-06
07:25.1,-3.08E-06
07:26.1,2.6488255e-05
07:27.1,1.076008e-05
07:28.1,-1.04E-05
07:29.1,-3.24E-05
07:30.1,-1.90E-05
07:31.1,-3.01E-05
07:32.1,-2.21E-05
07:33.1,-3.53E-05
07:34.1,-8.64E-05
07:35.1,-9.69E-05
07:36.1,-8.17E-05
07:37.1,-8.31E-05
07:38.1,-8.42E-05
07:39.1,-0.000114153
07:40.1,-0.000140614
07:41.1,-0.000131306
07:42.1,-0.000131599
07:43.1,-0.000131983
07:44.1,-0.000132194
07:45.1,-0.000138791
07:46.1,-0.000143629
07:47.1,-0.000130389
07:48.1,-0.000130465
07:49.1,-0.000138878
07:50.1,-0.000131689
07:51.1,-0.000140043
07:52.1,-0.000146177
07:53.1,-0.000144655
07:54.1,-0.000153624
07:55.1,-0.000160195
07:56.1,-0.000158435
07:57.1,-0.000157106
07:58.1,-0.000149929
07:59.1,-0.000153179
08:00.1,-0.000161115
08:01.1,-0.000154864
08:02.1,-0.00016355
08:03.1,-0.000161451
08:04.1,-0.00014865
08:05.1,-0.000146134
08:06.1,-0.000147128
08:07.1,-0.000148906
08:08.1,-0.000160776
08:09.1,-0.000153502
08:10.1,-0.000147933
08:11.1,-0.000149911
08:12.1,-0.000151758
08:13.1,-0.000147526
08:14.1,-0.00015172
08:15.1,-0.000157534
08:16.1,-0.000147713
08:17.1,-0.00013204
08:18.1,-0.000140641
08:19.1,-0.000134511
08:20.1,-0.000141242
08:21.1,-0.000150506
08:22.1,-0.000161088
08:23.1,-0.000160121
08:24.1,-0.000152916
08:25.1,-0.000139037
08:26.0,-0.000128528
08:27.0,-0.000132577
08:28.0,-0.000130234
08:29.0,-0.000134108
08:30.0,-0.000145237
08:31.0,-0.000148764
08:32.0,-0.000132826
08:33.0,-0.000118563
08:34.0,-0.000118916
08:35.0,-0.000112736
08:36.0,-0.000108293
08:37.0,-0.000110651
08:38.0,-0.000106481
08:39.0,-9.23E-05
08:40.0,-8.97E-05
08:41.0,-0.000108299
08:42.0,-0.000116223
08:43.0,-0.000108707
08:44.0,-0.000104891
08:45.0,-0.000121954
08:46.0,-0.000108038
08:47.0,-0.000123178
08:48.0,-0.000141031
08:49.0,-0.000134628
08:50.0,-0.000128703
08:51.0,-0.000129652
08:52.0,-0.000124083
08:53.0,-0.000126824
08:54.0,-0.000110485
08:55.0,-0.000116259
08:56.0,-0.000113427
08:57.0,-0.000124903
08:58.0,-0.000118
08:59.0,-0.000121442
09:00.0,-0.00011534
09:01.0,-0.000118454
09:02.0,-0.000125122
09:03.0,-0.000118229
09:04.0,-0.000119478
09:05.0,-0.000122911
09:06.0,-0.00013412
09:07.0,-0.000127345
09:08.0,-0.000116585
09:09.0,-0.000122492
09:10.0,-0.000120729
09:11.0,-0.000108222
09:12.0,-0.000109467
09:13.0,-0.000106171
09:14.0,-9.68E-05
09:15.0,-0.000101367
09:16.0,-8.26E-05
09:17.0,-7.26E-05
09:18.0,-8.02E-05
09:19.0,-8.72E-05
09:20.0,-8.60E-05
09:21.0,-8.54E-05
09:22.0,-8.83E-05
09:23.0,-0.000104069
09:24.0,-9.79E-05
09:25.0,-8.67E-05
09:26.0,-7.79E-05
09:26.9,-8.16E-05
09:27.9,-9.54E-05
09:28.9,-0.000100878
09:29.9,-0.000109442
09:30.9,-0.000110176
09:31.9,-0.000115176
09:32.9,-0.000109645
09:33.9,-0.000105294
09:34.9,-0.000105414
09:35.9,-0.000109853
09:36.9,-0.000112333
09:37.9,-0.000103645
09:38.9,-0.000108042
09:39.9,-0.000102059
09:40.9,-0.000106249
09:41.9,-0.000106566
09:42.9,-9.98E-05
09:43.9,-9.93E-05
09:44.9,-8.92E-05
09:45.9,-8.35E-05
09:46.9,-7.92E-05
09:47.9,-7.47E-05
09:48.9,-6.89E-05
09:49.9,-5.99E-05
09:50.9,-6.28E-05
09:51.9,-6.42E-05
09:52.9,-6.50E-05
09:53.9,-7.11E-05
09:54.9,-6.37E-05
09:55.9,-5.62E-05
09:56.9,-4.62E-05
09:57.9,-3.49E-05
09:58.9,-3.52E-05
09:59.9,-3.75E-05
10:00.9,-5.24E-05
10:01.9,-5.60E-05
10:02.9,-5.25E-05
10:03.9,-5.64E-05
10:04.9,-5.00E-05
10:05.9,-4.78E-05
10:06.9,-5.36E-05
10:07.9,-6.83E-05
10:08.9,-7.86E-05
10:09.9,-7.11E-05
10:10.9,-6.76E-05
10:11.9,-7.08E-05
10:12.9,-6.67E-05
10:13.9,-7.24E-05
10:14.9,-6.72E-05
10:15.9,-6.40E-05
10:16.9,-5.16E-05
10:17.9,-5.01E-05
10:18.9,-5.55E-05
10:19.9,-6.33E-05
10:20.9,-6.31E-05
10:21.9,-6.67E-05
10:22.9,-7.36E-05
10:23.9,-9.66E-05
10:24.9,-9.72E-05
10:25.9,-0.000100857
10:26.9,-0.000111614
10:27.8,-0.000119813
10:28.8,-0.000120618
10:29.8,-0.000117518
10:30.8,-0.000122417
10:31.8,-0.000109539
10:32.8,-0.000129907
10:33.8,-0.000146665
10:34.8,-0.000142165
10:35.8,-0.000142199
10:36.8,-0.000137061
10:37.8,-0.000136318
10:38.8,-0.000127251
10:39.8,-0.000109105
10:40.8,-0.000110558
10:41.8,-0.000116668
10:42.8,-0.000113125
10:43.8,-0.000112402
10:44.8,-0.0001186
10:45.8,-0.000126665
10:46.8,-0.000126539
10:47.8,-0.000114909
10:48.8,-0.000119503
10:49.8,-0.000104095
10:50.8,-9.01E-05
10:51.8,-0.000111706
10:52.8,-0.000121743
10:53.8,-0.000132932
10:54.8,-0.000143793
10:55.8,-0.000129339
10:56.8,-0.000108125
10:57.8,-0.000111581
10:58.8,-0.000118861
10:59.8,-0.00012079
11:00.8,-0.00011341
11:01.8,-0.000106976
11:02.8,-0.000108023
11:03.8,-0.000110079
11:04.8,-0.000120421
11:05.8,-0.000128455
11:06.8,-0.000137407
11:07.8,-0.000132011
11:08.8,-0.000131157
11:09.8,-0.000145714
11:10.8,-0.000161766
11:11.8,-0.000150057
11:12.8,-0.000154878
11:13.8,-0.000155508
11:14.8,-0.000147272
11:15.8,-0.000160178
11:16.8,-0.000146221
11:17.8,-0.000140352
11:18.8,-0.000133754
11:19.8,-0.00013388
11:20.8,-0.00013239
11:21.8,-0.000133829
11:22.8,-0.000126663
11:23.8,-0.000143406
11:24.8,-0.000145116
11:25.8,-0.000135008
11:26.8,-0.00013904
11:27.8,-0.000132979
11:28.7,-0.000122625
11:29.7,-0.000112358
11:30.7,-0.000113451
11:31.7,-0.000115227
11:32.7,-0.000111282
11:33.7,-0.000108844
11:34.7,-0.00011407
11:35.7,-0.000102896
11:36.7,-9.76E-05
11:37.7,-9.09E-05
11:38.7,-8.99E-05
11:39.7,-8.87E-05
11:40.7,-8.98E-05
11:41.7,-9.22E-05
11:42.7,-0.000100388
11:43.7,-0.00010349
11:44.7,-0.000111602
11:45.7,-0.000120494
11:46.7,-0.000120003
11:47.7,-0.000106833
11:48.7,-0.000109268
11:49.7,-0.000113281
11:50.7,-0.000119905
11:51.7,-0.000145527
11:52.7,-0.000142091
11:53.7,-0.000144773
11:54.7,-0.000147327
11:55.7,-0.000148057
11:56.7,-0.000154877
11:57.7,-0.000155756
11:58.7,-0.000144981
11:59.7,-0.000137332
12:00.7,-0.000145923
12:01.7,-0.000148296
12:02.7,-0.000154255
12:03.7,-0.000162841
12:04.7,-0.000155498
12:05.7,-0.00014926
12:06.7,-0.000150325
12:07.7,-0.000142105
12:08.7,-0.000147249
12:09.7,-0.000146371
12:10.7,-0.000148668
12:11.7,-0.00017061
12:12.7,-0.000179696
12:13.7,-0.000179988
12:14.7,-0.00018184
12:15.7,-0.000174151
12:16.7,-0.000178119
12:17.7,-0.000181322
12:18.7,-0.000176748
12:19.7,-0.000185669
12:20.7,-0.000189317
12:21.7,-0.000199275
12:22.7,-0.000194918
12:23.7,-0.000212171
12:24.7,-0.000209522
12:25.7,-0.000207731
12:26.7,-0.000195286
12:27.7,-0.00018902
12:28.7,-0.000184076
12:29.6,-0.000184866
12:30.6,-0.000177087
12:31.6,-0.000163559
12:32.6,-0.000170911
12:33.6,-0.000189085
12:34.6,-0.000186899
12:35.6,-0.000184364
12:36.6,-0.000183814
12:37.6,-0.000173447
12:38.6,-0.000173993
12:39.6,-0.00017856
12:40.6,-0.00020036
12:41.6,-0.000197732
12:42.6,-0.000188306
12:43.6,-0.000187186
12:44.6,-0.000191386
12:45.6,-0.000183449
12:46.6,-0.000204823
12:47.6,-0.000216323
12:48.6,-0.000210512
12:49.6,-0.000205903
12:50.6,-0.000199412
12:51.6,-0.000201706
12:52.6,-0.000209993
12:53.6,-0.000200313
12:54.6,-0.000205326
12:55.6,-0.000217562
12:56.6,-0.000219111
12:57.6,-0.000217661
12:58.6,-0.000222323
12:59.6,-0.000221637
13:00.6,-0.000219809
13:01.6,-0.000231814
13:02.6,-0.000220264
13:03.6,-0.000215715
13:04.6,-0.000209757
13:05.6,-0.000206498
13:06.6,-0.000214235
13:07.6,-0.000219102
13:08.6,-0.000222202
13:09.6,-0.000220955
13:10.6,-0.000222314
13:11.6,-0.000232855
13:12.6,-0.000231697
13:13.6,-0.000232887
13:14.6,-0.000241295
13:15.6,-0.000227498
13:16.6,-0.000207464
13:17.6,-0.000192966
13:18.6,-0.000188749
13:19.6,-0.000187675
13:20.6,-0.000190941
13:21.6,-0.000190017
13:22.6,-0.000189371
13:23.6,-0.000206996
13:24.6,-0.000210074
13:25.6,-0.000198878
13:26.6,-0.000195671
13:27.6,-0.000191622
13:28.6,-0.000202725
13:29.6,-0.000197981
13:30.6,-0.000186345
13:31.5,-0.000179238
13:32.5,-0.000164769
13:33.5,-0.000169664
13:34.5,-0.000170183
13:35.5,-0.000171817
13:36.5,-0.00017514
13:37.5,-0.000178576
13:38.5,-0.000173037
13:39.5,-0.00016701
13:40.5,-0.000170577
13:41.5,-0.000175922
13:42.5,-0.000191238
13:43.5,-0.000199602
13:44.5,-0.000200821
13:45.5,-0.000203762
13:46.5,-0.000206835
13:47.5,-0.000194275
13:48.5,-0.000192139
13:49.5,-0.000189002
13:50.5,-0.000189145
13:51.5,-0.000192018
13:52.5,-0.000194842
13:53.5,-0.000219283
13:54.5,-0.000231598
13:55.5,-0.000228355
13:56.5,-0.00021968
13:57.5,-0.00021875
13:58.5,-0.000223697
13:59.5,-0.000226483
14:00.5,-0.000229525
14:01.5,-0.000224323
14:02.5,-0.000221148
14:03.5,-0.000231685
14:04.5,-0.000236715
14:05.5,-0.000249069
14:06.5,-0.000233292
14:07.5,-0.000232647
14:08.5,-0.000223211
14:09.5,-0.000216286
14:10.5,-0.000219893
14:11.5,-0.000227245
14:12.5,-0.000216286
14:13.5,-0.000212605
14:14.5,-0.000206648
14:15.5,-0.000207116
14:16.5,-0.00022343
14:17.5,-0.000211507
14:18.5,-0.00021567
14:19.5,-0.000228835
14:20.5,-0.000225777
14:21.5,-0.00022532
14:22.5,-0.000219657
14:23.5,-0.000220362
14:24.5,-0.000233714
14:25.5,-0.000248632
14:26.5,-0.000231259
14:27.5,-0.000224071
14:28.5,-0.000216639
14:29.5,-0.000201233
14:30.5,-0.000202591
14:31.5,-0.000185719
14:32.4,-0.0001876
14:33.4,-0.000187246
14:34.4,-0.000189221
14:35.4,-0.000203721
14:36.4,-0.000201349
14:37.4,-0.000213204
14:38.4,-0.00020223
14:39.4,-0.000201267
14:40.4,-0.000188647
14:41.4,-0.000181138
14:42.4,-0.000167748
14:43.4,-0.000150781
14:44.4,-0.000154024
14:45.4,-0.000160728
14:46.4,-0.000173534
14:47.4,-0.00016282
14:48.4,-0.000158675
14:49.4,-0.000171869
14:50.4,-0.000176661
14:51.4,-0.000172738
14:52.4,-0.000178784
14:53.4,-0.000196504
14:54.4,-0.000208616
14:55.4,-0.000213078
14:56.4,-0.000204791
14:57.4,-0.000208875
14:58.4,-0.000214185
14:59.4,-0.000218539
15:00.4,-0.000207931
15:01.4,-0.000207798
15:02.4,-0.000199732
15:03.4,-0.000194043
15:04.4,-0.000189909
15:05.4,-0.000194812
15:06.4,-0.000206109
15:07.4,-0.000196247
15:08.4,-0.000177769
15:09.4,-0.000155583
15:10.4,-0.000130954
15:11.4,-0.000112831
15:12.4,-0.00011116
15:13.4,-0.000120387
15:14.4,-0.000112627
15:15.4,-0.00012742
15:16.4,-0.00012888
15:17.4,-0.000123861
15:18.4,-0.000110293
15:19.4,-0.000104141
15:20.4,-0.00010724
15:21.4,-0.000122008
15:22.4,-0.000129024
15:23.4,-0.000132109
15:24.4,-0.000132101
15:25.4,-0.000143953
15:26.4,-0.000129406
15:27.4,-0.000119818
15:28.4,-0.000125672
15:29.4,-0.000114313
15:30.4,-0.000121851
15:31.4,-0.000125074
15:32.4,-0.00013265
15:33.3,-0.000140609
15:34.3,-0.000145428
15:35.3,-0.000159477
15:36.3,-0.00017852
15:37.3,-0.000175783
15:38.3,-0.000172806
15:39.3,-0.000185941
15:40.3,-0.000184445
15:41.3,-0.000174299
15:42.3,-0.000176606
15:43.3,-0.00017222
15:44.3,-0.000175499
15:45.3,-0.000174624
15:46.3,-0.000174432
15:47.3,-0.000183793
15:48.3,-0.000187541
15:49.3,-0.000182922
15:50.3,-0.000178313
15:51.3,-0.000179636
15:52.3,-0.000196392
15:53.3,-0.000184674
15:54.3,-0.000184766
15:55.3,-0.000184277
15:56.3,-0.000176318
15:57.3,-0.000157625
15:58.3,-0.000155283
15:59.3,-0.000143301
16:00.3,-0.000134956
16:01.3,-0.000151929
16:02.3,-0.000147839
16:03.3,-0.000133975
16:04.3,-0.000137445
16:05.3,-0.000141406
16:06.3,-0.000137814
16:07.3,-0.000147944
16:08.3,-0.00013734
16:09.3,-0.000121217
16:10.3,-0.000122799
16:11.3,-0.000147755
16:12.3,-0.00014469
16:13.3,-0.000146427
16:14.3,-0.000142105
16:15.3,-0.000140012
16:16.3,-0.000131834
16:17.3,-0.00014986
16:18.3,-0.000158339
16:19.3,-0.000161297
16:20.3,-0.000196414
16:21.3,-0.000202936
16:22.3,-0.000205326
16:23.3,-0.00019646
16:24.3,-0.000180776
16:25.3,-0.000167834
16:26.3,-0.000170761
16:27.3,-0.000177049
16:28.3,-0.000168128
16:29.3,-0.000164789
16:30.3,-0.000181034
16:31.3,-0.000187208
16:32.3,-0.000174194
16:33.3,-0.000189179
16:34.2,-0.00019102
16:35.2,-0.000179313
16:36.2,-0.00017271
16:37.2,-0.000166573
16:38.2,-0.00015621
16:39.2,-0.000158931
16:40.2,-0.000135412
16:41.2,-0.000134593
16:42.2,-0.00013596
16:43.2,-0.000114572
16:44.2,-0.000107365
16:45.2,-8.33E-05
16:46.2,-6.23E-05
16:47.2,-5.28E-05
16:48.2,-3.22E-05
16:49.2,-2.22E-05
16:50.2,-2.64E-05
16:51.2,-2.05E-05
16:52.2,-1.14E-05
16:53.2,6.42904e-06
16:54.2,0
16:55.2,3.6650166e-05
16:56.2,2.5426738e-05
16:57.2,1.2148562e-05
16:58.2,-1.32E-05
16:59.2,-1.93E-05
17:00.2,-1.23E-05
17:01.2,-6.70E-06
17:02.2,-1.84E-05
17:03.2,-1.87E-05
17:04.2,-1.38E-05
17:05.2,-1.51E-05
17:06.2,-1.10E-05
17:07.2,-1.86E-05
17:08.2,-9.61E-06
17:09.2,-2.50E-05
17:10.2,-6.22E-05
17:11.2,-7.55E-05
17:12.2,-6.89E-05
17:13.2,-7.82E-05
17:14.2,-6.90E-05
17:15.2,-9.29E-05
17:16.2,-9.90E-05
17:17.2,-9.55E-05
17:18.2,-8.42E-05
17:19.2,-8.20E-05
17:20.2,-8.56E-05
17:21.2,-9.25E-05
17:22.2,-0.000103147
17:23.2,-9.10E-05
17:24.2,-7.11E-05
17:25.2,-5.43E-05
17:26.2,-3.93E-05
17:27.2,-4.68E-05
17:28.2,-4.55E-05
17:29.2,-2.56E-05
17:30.2,-3.16E-05
17:31.2,-4.30E-05
17:32.2,-1.73E-05
17:33.2,-2.35E-05
17:34.2,-3.27E-05
17:35.1,-1.25E-05
17:36.1,-1.77E-06
17:37.1,8.312667e-06
17:38.1,8.199651e-06
17:39.1,-6.10E-06
17:40.1,-6.20E-06
17:41.1,1.733756e-05
17:42.1,3.887345e-05
17:43.1,2.1499134e-05
17:44.1,7.605127e-06
17:45.1,1.2774061e-05
17:46.1,1.7510925e-05
17:47.1,9.017493e-06
17:48.1,5.7777656e-06
17:49.1,2.914445e-06
17:50.1,1.3093958e-05
17:51.1,2.0190431e-05
17:52.1,-2.53E-06
17:53.1,-8.49E-06
17:54.1,-2.08E-05
17:55.1,-9.51E-06
17:56.1,-1.11E-05
17:57.1,-1.40E-05
17:58.1,1.1175247e-05
17:59.1,2.4170185e-05
18:00.1,2.7337144e-05
18:01.1,1.8732373e-05
18:02.1,1.6241192e-06
18:03.1,2.876198e-05
18:04.1,3.8641094e-05
18:05.1,2.0943004e-05
18:06.1,2.5545656e-05
18:07.1,3.0021578e-05
18:08.1,3.1198975e-05
18:09.1,5.7996425e-05
18:10.1,9.1506794e-05
18:11.1,0.000101184
18:12.1,0.000112073
18:13.1,0.000107908
18:14.1,0.000119273
18:15.1,0.000130329
18:16.1,0.000128068
18:17.1,0.000120009
18:18.1,0.000136036
18:19.1,0.000113101
18:20.1,9.770262e-05
18:21.1,9.310321e-05
18:22.1,9.8827615e-05
18:23.1,0.000117758
18:24.1,0.000142547
18:25.1,0.000147339
18:26.1,0.00014169
18:27.1,0.000148622
18:28.1,0.000148743
18:29.1,0.000149726
18:30.1,0.00016108
18:31.1,0.000157427
18:32.1,0.000151975
18:33.1,0.000135041
18:34.1,0.000127778
18:35.1,0.000130207
18:36.0,0.000118685
18:37.0,0.000120262
18:38.0,0.000106102
18:39.0,9.768367e-05
18:40.0,0.00010702
18:41.0,0.000102559
18:42.0,0.000141589
18:43.0,0.000153965
18:44.0,0.000150545
18:45.0,0.000128744
18:46.0,0.000139853
18:47.0,0.000144317
18:48.0,0.000153978
18:49.0,0.000149794
18:50.0,0.000133037
18:51.0,0.000125404
18:52.0,0.000127129
18:53.0,0.000108665
18:54.0,9.847685e-05
18:55.0,7.392156e-05
18:56.0,5.3202995e-05
18:57.0,1.5224525e-05
18:58.0,1.6915725e-05
18:59.0,2.1283084e-05
19:00.0,4.046395e-05
19:01.0,4.6168254e-05
19:02.0,3.5857527e-05
19:03.0,5.3156877e-05
19:04.0,6.5382956e-05
19:05.0,7.596589e-05
19:06.0,8.439929e-05
19:07.0,9.725251e-05
19:08.0,0.000108297
19:09.0,0.000106861
19:10.0,0.000131736
19:11.0,0.000151314
19:12.0,0.000155396
19:13.0,0.000178876
19:14.0,0.000187555
19:15.0,0.000193557
19:16.0,0.000190572
19:17.0,0.000217765
19:18.0,0.00022316
19:19.0,0.00023047
19:20.0,0.000232066
19:21.0,0.000234921
19:22.0,0.000231242
19:23.0,0.00024956
19:24.0,0.000244981
19:25.0,0.000246834
19:26.0,0.000265102
19:27.0,0.000271125
19:28.0,0.000274621
19:29.0,0.000283286
19:30.0,0.000275486
19:31.0,0.000274913
19:32.0,0.000273832
19:33.0,0.000287266
19:34.0,0.000265055
19:35.0,0.000234085
19:36.0,0.000218313
19:36.9,0.000209892
19:37.9,0.00020977
19:38.9,0.000191874
19:39.9,0.000187448
19:40.9,0.00018787
19:41.9,0.0001776
19:42.9,0.000162499
19:43.9,0.000142706
19:44.9,0.000155828
19:45.9,0.000157089
19:46.9,0.000156739
19:47.9,0.000160668
19:48.9,0.000163557
19:49.9,0.000173993
19:50.9,0.000170287
19:51.9,0.000175971
19:52.9,0.000175161
19:53.9,0.000186642
19:54.9,0.000208198
19:55.9,0.000232985
19:56.9,0.000222841
19:57.9,0.000219792
19:58.9,0.000219283
19:59.9,0.00021883
20:00.9,0.000240751
20:01.9,0.000253857
20:02.9,0.000262964
20:03.9,0.000263513
20:04.9,0.000272176
20:05.9,0.000295846
20:06.9,0.000297518
20:07.9,0.00030432
20:08.9,0.000311266
20:09.9,0.000306878
20:10.9,0.000292883
20:11.9,0.00029616
20:12.9,0.000317441
20:13.9,0.000331549
20:14.9,0.000331462
20:15.9,0.000320889
20:16.9,0.000311436
20:17.9,0.000314753
20:18.9,0.000326034
20:19.9,0.000329342
20:20.9,0.000317732
20:21.9,0.000272499
20:22.9,0.000251355
20:23.9,0.000248032
20:24.9,0.00024201
20:25.9,0.000234196
20:26.9,0.000214832
20:27.9,0.000225134
20:28.9,0.000222828
20:29.9,0.000222111
20:30.9,0.000223614
20:31.9,0.000231114
20:32.9,0.000233718
20:33.9,0.000224576
20:34.9,0.000232536
20:35.9,0.000255333
20:36.9,0.000258981
20:37.8,0.000232587
20:38.8,0.000214378
20:39.8,0.000196045
20:40.8,0.000207641
20:41.8,0.000210654
20:42.8,0.000201874
20:43.8,0.000210795
20:44.8,0.00021322
20:45.8,0.000219943
20:46.8,0.000238085
20:47.8,0.000226374
20:48.8,0.000234324
20:49.8,0.000257669
20:50.8,0.000278097
20:51.8,0.000310133
20:52.8,0.000326785
20:53.8,0.000320548
20:54.8,0.00033635
20:55.8,0.000335214
20:56.8,0.000324538
20:57.8,0.000324407
20:58.8,0.000337017
20:59.8,0.000327239
21:00.8,0.000333473
21:01.8,0.00033549
21:02.8,0.000331653
21:03.8,0.000349708
21:04.8,0.000365538
21:05.8,0.000369075
21:06.8,0.00036922
21:07.8,0.000381067
21:08.8,0.000401906
21:09.8,0.000411408
21:10.8,0.00042274
21:11.8,0.000426299
21:12.8,0.000430572
21:13.8,0.000422386
21:14.8,0.000422084
21:15.8,0.000421408
21:16.8,0.000416855
21:17.8,0.00042792
21:18.8,0.000427655
21:19.8,0.000404293
21:20.8,0.000418772
21:21.8,0.000394162
21:22.8,0.000397629
21:23.8,0.000398333
21:24.8,0.000372964
21:25.8,0.000376615
21:26.8,0.000375888
21:27.8,0.0003679
21:28.8,0.000362653
21:29.8,0.000369008
21:30.8,0.000379383
21:31.8,0.000391806
21:32.8,0.000377689
21:33.8,0.000384981
21:34.8,0.00038745
21:35.8,0.000376523
21:36.8,0.000378604
21:37.8,0.000374673
21:38.7,0.000350628
21:39.7,0.000356121
21:40.7,0.000371301
21:41.7,0.00039427
21:42.7,0.000375269
21:43.7,0.000383862
21:44.7,0.000411949
21:45.7,0.000412146
21:46.7,0.000416924
21:47.7,0.000432121
21:48.7,0.00044756
21:49.7,0.000450468
21:50.7,0.000456046
21:51.7,0.000458695
21:52.7,0.000458496
21:53.7,0.000471493
21:54.7,0.000487738
21:55.7,0.000497424
21:56.7,0.000500011
21:57.7,0.000489399
21:58.7,0.000477326
21:59.7,0.000461868
22:00.7,0.000476084
22:01.7,0.000473526
22:02.7,0.000462664
22:03.7,0.000464347
22:04.7,0.000466341
22:05.7,0.000456206
22:06.7,0.000444798
22:07.7,0.00044251
22:08.7,0.00043405
22:09.7,0.000430616
22:10.7,0.000427085
22:11.7,0.000429326
22:12.7,0.000448886
22:13.7,0.000445121
22:14.7,0.000425618
22:15.7,0.000416892
22:16.7,0.000416456
22:17.7,0.000429458
22:18.7,0.000422807
22:19.7,0.000403335
22:20.7,0.000407051
22:21.7,0.000382889
22:22.7,0.000377945
22:23.7,0.000387059
22:24.7,0.000383775
22:25.7,0.000374155
22:26.7,0.000381214
22:27.7,0.000384011
22:28.7,0.00037964
22:29.7,0.000387643
22:30.7,0.000382492
22:31.7,0.000394034
22:32.7,0.000400758
22:33.7,0.000409573
22:34.7,0.000448797
22:35.7,0.000456225
22:36.7,0.000461633
22:37.7,0.000455493
22:38.7,0.000453072
22:39.7,0.000459113
22:40.6,0.000453399
22:41.6,0.000461603
22:42.6,0.000463347
22:43.6,0.000456449
22:44.6,0.000445644
22:45.6,0.00045671
22:46.6,0.00045641
22:47.6,0.000468622
22:48.6,0.000462455
22:49.6,0.000470628
22:50.6,0.000467645
22:51.6,0.00048077
22:52.6,0.000472718
22:53.6,0.000458423
22:54.6,0.000433714
22:55.6,0.000434975
22:56.6,0.000447567
22:57.6,0.000459817
22:58.6,0.000470019
22:59.6,0.000472552
23:00.6,0.00047731
23:01.6,0.000452222
23:02.6,0.000436498
23:03.6,0.000451366
23:04.6,0.000452001
23:05.6,0.000458251
23:06.6,0.0004698
23:07.6,0.000474427
23:08.6,0.000452538
23:09.6,0.000441571
23:10.6,0.000419817
23:11.6,0.000407453
23:12.6,0.000403475
23:13.6,0.000396003
23:14.6,0.000371164
23:15.6,0.000356333
23:16.6,0.000364251
23:17.6,0.000355666
23:18.6,0.00033681
23:19.6,0.000317268
23:20.6,0.000298784
23:21.6,0.000293433
23:22.6,0.000245644
23:23.6,0.000217976
23:24.6,0.000211606
23:25.6,0.000218788
23:26.6,0.000208876
23:27.6,0.000202127
23:28.6,0.000202907
23:29.6,0.000186463
23:30.6,0.000167819
23:31.6,0.000158999
23:32.6,0.000157008
23:33.6,0.000170131
23:34.6,0.000176592
23:35.6,0.000181245
23:36.6,0.000177224
23:37.6,0.000180188
23:38.6,0.000194821
23:39.6,0.000197167
23:40.6,0.000167365
23:41.5,0.00013937
23:42.5,0.000124168
23:43.5,0.000122781
23:44.5,0.00014055
23:45.5,0.000135687
23:46.5,0.00015055
23:47.5,0.000117453
23:48.5,9.591586e-05
23:49.5,9.8852426e-05
23:50.5,0.000114707
23:51.5,0.000122786
23:52.5,0.00011967
23:53.5,0.000115458
23:54.5,0.000124036
23:55.5,0.000148052
23:56.5,0.000156752
23:57.5,0.000168436
23:58.5,0.00016657
23:59.5,0.00017471
24:00.5,0.000170744
24:01.5,0.000152539
24:02.5,0.000157389
24:03.5,0.000159795
24:04.5,0.00015482
24:05.5,0.000146465
24:06.5,0.000148407
24:07.5,0.000148663
24:08.5,0.000148537
24:09.5,0.000153021
24:10.5,0.000156185
24:11.5,0.000152944
24:12.5,0.000152937
24:13.5,0.000157289
24:14.5,0.000154764
24:15.5,0.000176544
24:16.5,0.000179812
24:17.5,0.000168001
24:18.5,0.000172012
24:19.5,0.000166255
24:20.5,0.000148916
24:21.5,0.00014985
24:22.5,0.000154127
24:23.5,0.000154062
24:24.5,0.000163477
24:25.5,0.000173153
24:26.5,0.000177894
24:27.5,0.000163176
24:28.5,0.000162821
24:29.5,0.000150402
24:30.5,0.000144696
24:31.5,0.000146992
24:32.5,0.000154901
24:33.5,0.0001574
24:34.5,0.000146503
24:35.5,0.000152602
24:36.5,0.000145773
24:37.5,0.000126139
24:38.5,0.000144611
24:39.5,0.000158586
24:40.5,0.000162187
24:41.5,0.000165166
24:42.4,0.00016047
24:43.4,0.000164409
24:44.4,0.000160498
24:45.4,0.000142891
24:46.4,0.00014135
24:47.4,0.000148542
24:48.4,0.000149048
24:49.4,0.000139743
24:50.4,0.000128107
24:51.4,0.000133692
24:52.4,0.000130195
24:53.4,0.000132885
24:54.4,0.000153048
24:55.4,0.000166621
24:56.4,0.000167536
24:57.4,0.000166924
24:58.4,0.000171689
24:59.4,0.000167585
25:00.4,0.000164918
25:01.4,0.000186134
25:02.4,0.000177232
25:03.4,0.000178623
25:04.4,0.000190674
25:05.4,0.000195324
25:06.4,0.000185845
25:07.4,0.000172759
25:08.4,0.000178171
25:09.4,0.000189727
25:10.4,0.000192199
25:11.4,0.000203747
25:12.4,0.00021724
25:13.4,0.000234402
25:14.4,0.000238141
25:15.4,0.000237829
25:16.4,0.000235421
25:17.4,0.00024026
25:18.4,0.000257875
25:19.4,0.000248529
25:20.4,0.000243638
25:21.4,0.000234916
25:22.4,0.000233375
25:23.4,0.000227058
25:24.4,0.000226673
25:25.4,0.00022913
25:26.4,0.000242671
25:27.4,0.000237102
25:28.4,0.000244112
25:29.4,0.000251022
25:30.4,0.000244194
25:31.4,0.000241779
25:32.4,0.000241611
25:33.4,0.000229273
25:34.4,0.000228466
25:35.4,0.00025197
25:36.4,0.000266349
25:37.4,0.000284633
25:38.4,0.000300213
25:39.4,0.000292739
25:40.4,0.000285315
25:41.4,0.000275626
25:42.4,0.000268129
25:43.3,0.00026894
25:44.3,0.00027436
25:45.3,0.000283316
25:46.3,0.000283712
25:47.3,0.000284836
25:48.3,0.00029721
25:49.3,0.000300861
25:50.3,0.000299312
25:51.3,0.000302737
25:52.3,0.000302495
25:53.3,0.000292391
25:54.3,0.000276661
25:55.3,0.00028574
25:56.3,0.000304162
25:57.3,0.000308325
25:58.3,0.000313483
25:59.3,0.000307549
26:00.3,0.000299014
26:01.3,0.000295363
26:02.3,0.000288419
26:03.3,0.000282234
26:04.3,0.000286222
26:05.3,0.0002931
26:06.3,0.00028223
26:07.3,0.000270231
26:08.3,0.000273095
26:09.3,0.000268979
26:10.3,0.000279918
26:11.3,0.000281854
26:12.3,0.000275992
26:13.3,0.000270918
26:14.3,0.000264687
26:15.3,0.000276607
26:16.3,0.000295224
26:17.3,0.000292229
26:18.3,0.000297902
26:19.3,0.000308034
26:20.3,0.000315869
26:21.3,0.000318031
26:22.3,0.000331844
26:23.3,0.000336611
26:24.3,0.000319825
26:25.3,0.000310435
26:26.3,0.000312587
26:27.3,0.000303653
26:28.3,0.000296682
26:29.3,0.000299919
26:30.3,0.000305853
26:31.3,0.000312429
26:32.3,0.00031308
26:33.3,0.000338272
26:34.3,0.000340087
26:35.3,0.00033856
26:36.3,0.000346781
26:37.3,0.000354942
26:38.3,0.00036118
26:39.3,0.000373697
26:40.3,0.000374503
26:41.3,0.000381617
26:42.3,0.000379518
26:43.3,0.000357706
26:44.2,0.000352082
26:45.2,0.000358991
26:46.2,0.000353975
26:47.2,0.00034811
26:48.2,0.000334606
26:49.2,0.000335195
26:50.2,0.000334434
26:51.2,0.000327079
26:52.2,0.000328038
26:53.2,0.000325712
26:54.2,0
26:55.2,1.9183473e-05
26:56.2,1.7356222e-05
26:57.2,2.6659043e-05
26:58.2,3.0822386e-05
26:59.2,2.3773297e-05
27:00.2,3.14109e-05
27:01.2,3.0357673e-05
27:02.2,2.8410304e-05
27:03.2,9.625745e-06
27:04.2,9.9869185e-06
27:05.2,8.059701e-06
27:06.2,1.9625162e-05
27:07.2,2.1087086e-05
27:08.2,-1.77E-06
27:09.2,-4.88E-06
27:10.2,-9.35E-07
27:11.2,8.151966e-07
27:12.2,9.054354e-06
27:13.2,5.74927e-06
27:14.2,1.42026365e-05
27:15.2,1.6015529e-05
27:16.2,7.5274916e-06
27:17.2,-1.24E-06
27:18.2,6.0067855e-06
27:19.2,1.40087795e-05
27:20.2,5.6174113e-06
27:21.2,-4.53E-06
27:22.2,-8.98E-06
27:23.2,1.6096957e-06
27:24.2,-5.53E-06
27:25.2,-2.41E-05
27:26.2,-2.92E-05
27:27.2,-3.78E-05
27:28.2,-3.57E-05
27:29.2,-2.04E-05
27:30.2,-1.46E-05
27:31.2,-2.63E-05
27:32.2,-1.63E-05
27:33.2,-2.80E-05
27:34.2,-4.56E-05
27:35.2,-3.98E-05
27:36.2,-4.34E-05
27:37.2,-3.35E-05
27:38.2,-1.89E-05
27:39.2,-3.13E-06
27:40.2,3.722127e-06
27:41.2,-1.79E-06
27:42.2,-1.30E-06
27:43.2,-6.02E-07
27:44.2,-6.12E-06
27:45.1,-1.57E-06
27:46.1,4.691719e-06
27:47.1,1.6272392e-05
27:48.1,2.5735131e-05
27:49.1,2.4839037e-05
27:50.1,1.965703e-05
27:51.1,2.8725468e-05
27:52.1,3.9780287e-05
27:53.1,4.5659344e-05
27:54.1,4.1404888e-05
27:55.1,3.784469e-05
27:56.1,3.4935976e-05
27:57.1,2.7816928e-05
27:58.1,3.4797813e-05
27:59.1,3.3638767e-05
28:00.1,4.8567388e-05
28:01.1,5.6914974e-05
28:02.1,6.545886e-05
28:03.1,5.9906888e-05
28:04.1,5.885039e-05
28:05.1,5.4620916e-05
28:06.1,5.3737167e-05
28:07.1,5.46438e-05
28:08.1,6.593632e-05
28:09.1,7.672797e-05
28:10.1,7.130088e-05
28:11.1,6.327697e-05
28:12.1,5.480235e-05
28:13.1,5.3237698e-05
28:14.1,4.95932e-05
28:15.1,6.859351e-05
28:16.1,8.858263e-05
28:17.1,9.595355e-05
28:18.1,9.503042e-05
28:19.1,7.969557e-05
28:20.1,7.8563484e-05
28:21.1,7.560443e-05
28:22.1,8.086724e-05
28:23.1,9.5295145e-05
28:24.1,9.1134665e-05
28:25.1,8.240686e-05
28:26.1,7.862608e-05
28:27.1,7.086575e-05
28:28.1,7.222826e-05
28:29.1,7.554462e-05
28:30.1,7.867773e-05
28:31.1,9.595998e-05
28:32.1,9.2762035e-05
28:33.1,0.000101801
28:34.1,0.00010224
28:35.1,0.000108738
28:36.1,0.000108042
28:37.1,0.000122444
28:38.1,0.000128899
28:39.1,0.000137344
28:40.1,0.000132884
28:41.1,0.000119718
28:42.1,9.749497e-05
28:43.1,8.506677e-05
28:44.1,8.7874614e-05
28:45.1,5.918015e-05
28:46.0,6.355902e-05
28:47.0,5.6135053e-05
28:48.0,4.5907454e-05
28:49.0,3.663646e-05
28:50.0,5.1966887e-05
28:51.0,5.0836778e-05
28:52.0,4.4303502e-05
28:53.0,3.6391062e-05
28:54.0,4.2082072e-05
28:55.0,4.9888717e-05
28:56.0,6.045371e-05
28:57.0,6.648555e-05
28:58.0,7.251106e-05
28:59.0,7.4430696e-05
29:00.0,7.424505e-05
29:01.0,7.534701e-05
29:02.0,5.8031517e-05
29:03.0,5.9776547e-05
29:04.0,7.118362e-05
29:05.0,8.292701e-05
29:06.0,8.798682e-05
29:07.0,8.737992e-05
29:08.0,6.7250694e-05
29:09.0,7.46556e-05
29:10.0,7.775695e-05
29:11.0,7.404069e-05
29:12.0,6.855162e-05
29:13.0,7.4138705e-05
29:14.0,7.889244e-05
29:15.0,6.6039276e-05
29:16.0,7.088605e-05
29:17.0,7.082772e-05
29:18.0,6.552287e-05
29:19.0,7.4616866e-05
29:20.0,8.696684e-05
29:21.0,8.75545e-05
29:22.0,7.1139315e-05
29:23.0,4.936687e-05
29:24.0,5.2080115e-05
29:25.0,4.0752762e-05
29:26.0,4.1208375e-05
29:27.0,4.393062e-05
29:28.0,4.9657494e-05
29:29.0,6.8683315e-05
29:30.0,0.000101371
29:31.0,9.0258494e-05
29:32.0,9.681217e-05
29:33.0,7.967428e-05
29:34.0,7.652146e-05
29:35.0,9.4612435e-05
29:36.0,0.000101555
29:37.0,9.863135e-05
29:38.0,9.457763e-05
29:39.0,8.68542e-05
29:40.0,9.27266e-05
29:41.0,0.000115395
29:42.0,0.000112528
29:43.0,7.345947e-05
29:44.0,5.2052368e-05
29:45.0,3.5433815e-05
29:46.0,1.42752115e-05
29:46.9,2.1492884e-05
29:47.9,3.750145e-05
29:48.9,3.271098e-05
29:49.9,3.6381418e-05
29:50.9,4.562498e-05
29:51.9,3.4383276e-05
29:52.9,3.9646686e-05
29:53.9,3.0278063e-05
29:54.9,2.2862665e-05
29:55.9,1.4622686e-05
29:56.9,7.682207e-06
29:57.9,2.186152e-05
29:58.9,2.1154945e-05
29:59.9,9.1492775e-06
30:00.9,-2.19E-05
30:01.9,-3.14E-05
30:02.9,-9.78E-06
30:03.9,-2.94E-05
30:04.9,-5.54E-05
30:05.9,-5.28E-05
30:06.9,-2.31E-05
30:07.9,-8.05E-06
30:08.9,1.6042832e-06
30:09.9,2.292252e-05
30:10.9,2.4738994e-05
30:11.9,3.902263e-05
30:12.9,4.0558072e-05
30:13.9,3.078619e-05
30:14.9,3.4509398e-05
30:15.9,3.9123046e-05
30:16.9,3.6219764e-05
30:17.9,5.595851e-05
30:18.9,6.280613e-05
30:19.9,7.359979e-05
30:20.9,8.485594e-05
30:21.9,8.3918465e-05
30:22.9,0.000103797
30:23.9,0.000108571
30:24.9,0.00012024
30:25.9,0.000123357
30:26.9,0.000122769
30:27.9,0.000139101
30:28.9,0.000152995
30:29.9,0.000162087
30:30.9,0.000130979
30:31.9,0.000132369
30:32.9,0.00015741
30:33.9,0.000128571
30:34.9,0.000121651
30:35.9,0.000118229
30:36.9,0.000102062
30:37.9,9.842104e-05
30:38.9,9.5696916e-05
30:39.9,6.7807785e-05
30:40.9,5.3670225e-05
30:41.9,4.843213e-05
30:42.9,3.9869894e-05
30:43.9,4.064513e-05
30:44.9,5.8100428e-05
30:45.9,5.5326054e-05
30:46.9,7.061124e-05
30:47.9,7.16474e-05
30:48.8,7.246291e-05
30:49.8,8.619762e-05
30:50.8,9.393762e-05
30:51.8,9.662833e-05
30:52.8,7.942836e-05
30:53.8,6.9934904e-05
30:54.8,6.2643056e-05
30:55.8,6.932966e-05
30:56.8,6.72968e-05
30:57.8,4.4609722e-05
30:58.8,3.8125632e-05
30:59.8,5.5187542e-05
31:00.8,5.890098e-05
31:01.8,5.661503e-05
31:02.8,2.6073043e-05
31:03.8,1.4380073e-05
31:04.8,3.9642587e-06
31:05.8,1.2768144e-05
31:06.8,4.278956e-05
31:07.8,4.3676402e-05
31:08.8,4.6052897e-05
31:09.8,3.767754e-05
31:10.8,1.5943058e-05
31:11.8,8.089074e-06
31:12.8,-6.60E-06
31:13.8,-3.74E-06
31:14.8,1.0364709e-05
31:15.8,7.2646562e-06
31:16.8,-7.01E-06
31:17.8,-2.80E-05
31:18.8,-4.03E-05
31:19.8,-5.67E-05
31:20.8,-7.26E-05
31:21.8,-7.46E-05
31:22.8,-7.60E-05
31:23.8,-7.55E-05
31:24.8,-5.97E-05
31:25.8,-9.43E-05
31:26.8,-8.52E-05
31:27.8,-0.000110254
31:28.8,-0.00013298
31:29.8,-0.000129703
31:30.8,-0.000141196
31:31.8,-0.000139151
31:32.8,-0.000170357
31:33.8,-0.000181215
31:34.8,-0.000231038
31:35.8,-0.00024389
31:36.8,-0.000207179
31:37.8,-0.000204937
31:38.8,-0.000175191
31:39.8,-0.000169085
31:40.8,-0.000165413
31:41.8,-0.000146242
31:42.8,-0.000159845
31:43.8,-0.000143442
31:44.8,-0.000148345
31:45.8,-0.00015523
31:46.8,-0.00014381
31:47.8,-0.000140267
31:48.8,-0.000153256
31:49.7,-0.000150827
31:50.7,-0.000166438
31:51.7,-0.000184324
31:52.7,-0.000190047
31:53.7,-0.000194899
31:54.7,-0.000194798
31:55.7,-0.000197872
31:56.7,-0.000213768
31:57.7,-0.000205169
31:58.7,-0.000194655
31:59.7,-0.000189413
32:00.7,-0.000181483
32:01.7,-0.00018617
32:02.7,-0.000182793
32:03.7,-0.000204188
32:04.7,-0.000199775
32:05.7,-0.000185846
32:06.7,-0.000186276
32:07.7,-0.000194763
32:08.7,-0.000178263
32:09.7,-0.000144119
32:10.7,-0.000142221
32:11.7,-0.000153629
32:12.7,-0.000171951
32:13.7,-0.000183137
32:14.7,-0.000193062
32:15.7,-0.000203535
32:16.7,-0.000199847
32:17.7,-0.000183278
32:18.7,-0.000174442
32:19.7,-0.000167172
32:20.7,-0.000157876
32:21.7,-0.000155134
32:22.7,-0.000157055
32:23.7,-0.000180416
32:24.7,-0.000200482
32:25.7,-0.000202821
32:26.7,-0.000210813
32:27.7,-0.000212603
32:28.7,-0.000235169
32:29.7,-0.000265188
32:30.7,-0.000285444
32:31.7,-0.000277246
32:32.7,-0.000283057
32:33.7,-0.000290452
32:34.7,-0.000273119
32:35.7,-0.000279221
32:36.7,-0.000273111
32:37.7,-0.00028261
32:38.7,-0.000296891
32:39.7,-0.000303763
32:40.7,-0.000278414
32:41.7,-0.000266701
32:42.7,-0.00025162
32:43.7,-0.000267807
32:44.7,-0.000249496
32:45.7,-0.000238605
32:46.7,-0.000243691
32:47.7,-0.000248066
32:48.7,-0.000273425
32:49.7,-0.000315049
32:50.6,-0.000325679
32:51.6,-0.000320085
32:52.6,-0.000332237
32:53.6,-0.000349399
32:54.6,-0.000347128
32:55.6,-0.000306699
32:56.6,-0.000295195
32:57.6,-0.000314988
32:58.6,-0.000315061
32:59.6,-0.000303075
33:00.6,-0.000309861
33:01.6,-0.000320391
33:02.6,-0.00030626
33:03.6,-0.000310457
33:04.6,-0.000306551
33:05.6,-0.00029722
33:06.6,-0.000329487
33:07.6,-0.00032917
33:08.6,-0.000333577
33:09.6,-0.0003682
33:10.6,-0.000349385
33:11.6,-0.000348317
33:12.6,-0.000360943
33:13.6,-0.000335532
33:14.6,-0.000363071
33:15.6,-0.000353057
33:16.6,-0.000355409
33:17.6,-0.000385888
33:18.6,-0.000417394
33:19.6,-0.000427798
33:20.6,-0.000449193
33:21.6,-0.000468864
33:22.6,-0.000470815
33:23.6,-0.000482222
33:24.6,-0.000467561
33:25.6,-0.000470459
33:26.6,-0.000488587
33:27.6,-0.000496458
33:28.6,-0.00051003
33:29.6,-0.000484942
33:30.6,-0.000500385
33:31.6,-0.000507215
33:32.6,-0.000493712
33:33.6,-0.00049428
33:34.6,-0.000480628
33:35.6,-0.000497924
33:36.6,-0.000494721
33:37.6,-0.000486156
33:38.6,-0.000468124
33:39.6,-0.000485447
33:40.6,-0.00051049
33:41.6,-0.000516728
33:42.6,-0.000539065
33:43.6,-0.000533172
33:44.6,-0.000498581
33:45.6,-0.000521381
33:46.6,-0.000480971
33:47.6,-0.000455718
33:48.6,-0.000478402
33:49.6,-0.000452886
33:50.6,-0.000431323
33:51.5,-0.000427448
33:52.5,-0.000439423
33:53.5,-0.000451018
33:54.5,-0.000443117
33:55.5,-0.000468526
33:56.5,-0.000490134
33:57.5,-0.000504165
33:58.5,-0.000549837
33:59.5,-0.000543347
34:00.5,-0.000522294
34:01.5,-0.000514742
34:02.5,-0.000525533
34:03.5,-0.000505913
34:04.5,-0.000504923
34:05.5,-0.000566405
34:06.5,-0.000583112
34:07.5,-0.000592031
34:08.5,-0.000624423
34:09.5,-0.000686923
34:10.5,-0.000689346
34:11.5,-0.000703612
34:12.5,-0.000696014
34:13.5,-0.000666036
34:14.5,-0.000667542
34:15.5,-0.000647806
34:16.5,-0.000634004
34:17.5,-0.000647699
34:18.5,-0.000626218
34:19.5,-0.000633883
34:20.5,-0.000641872
34:21.5,-0.0006325
34:22.5,-0.000631675
34:23.5,-0.000651103
34:24.5,-0.000671481
34:25.5,-0.000683449
34:26.5,-0.000644294
34:27.5,-0.000640551
34:28.5,-0.000651542
34:29.5,-0.000635473
34:30.5,-0.000633397
34:31.5,-0.000641601
34:32.5,-0.00062787
34:33.5,-0.000605544
34:34.5,-0.000642939
34:35.5,-0.000660696
34:36.5,-0.000659366
34:37.5,-0.000661837
34:38.5,-0.000669148
34:39.5,-0.000644717
34:40.5,-0.000645387
34:41.5,-0.000608391
34:42.5,-0.000590433
34:43.5,-0.000581539
34:44.5,-0.000581455
34:45.5,-0.000584892
34:46.5,-0.000593929
34:47.5,-0.0006147
34:48.5,-0.000640652
34:49.5,-0.000639815
34:50.5,-0.00064117
34:51.5,-0.000627266
34:52.4,-0.00061654
34:53.4,-0.000629471
34:54.4,-0.000638388
34:55.4,-0.000656806
34:56.4,-0.000658967
34:57.4,-0.000680334
34:58.4,-0.000675573
34:59.4,-0.000676342
35:00.4,-0.000669846
35:01.4,-0.000635393
35:02.4,-0.000619311
35:03.4,-0.000638131
35:04.4,-0.000641285
35:05.4,-0.000640217
35:06.4,-0.000659592
35:07.4,-0.000693268
35:08.4,-0.000696776
35:09.4,-0.000682326
35:10.4,-0.000696135
35:11.4,-0.000668815
35:12.4,-0.000676149
35:13.4,-0.000703335
35:14.4,-0.000718387
35:15.4,-0.000741332
35:16.4,-0.000716788
35:17.4,-0.000727012
35:18.4,-0.000720204
35:19.4,-0.000706193
35:20.4,-0.000715396
35:21.4,-0.000698383
35:22.4,-0.000693194
35:23.4,-0.000689798
35:24.4,-0.000704501
35:25.4,-0.000712437
35:26.4,-0.000712791
35:27.4,-0.000733474
35:28.4,-0.000723167
35:29.4,-0.000728443
35:30.4,-0.00072626
35:31.4,-0.000741804
35:32.4,-0.000732777
35:33.4,-0.000755596
35:34.4,-0.000790763
35:35.4,-0.000767581
35:36.4,-0.000777721
35:37.4,-0.00075694
35:38.4,-0.000728309
35:39.4,-0.000717042
35:40.4,-0.000756
35:41.4,-0.00074219
35:42.4,-0.000743495
35:43.4,-0.000758822
35:44.4,-0.000753443
35:45.4,-0.000723201
35:46.4,-0.00072817
35:47.4,-0.000731945
35:48.4,-0.000706862
35:49.4,-0.000709034
35:50.4,-0.00070648
35:51.4,-0.000721549
35:52.4,-0.000724511
35:53.3,-0.000737553
35:54.3,-0.000738997
35:55.3,-0.000746847
35:56.3,-0.000733634
35:57.3,-0.000726282
35:58.3,-0.000736522
35:59.3,-0.000710621
36:00.3,-0.000731266
36:01.3,-0.000754193
36:02.3,-0.000765987
36:03.3,-0.000760253
36:04.3,-0.000765487
36:05.3,-0.000758059
36:06.3,-0.000766372
36:07.3,-0.000765809
36:08.3,-0.000750475
36:09.3,-0.000735474
36:10.3,-0.000727883
36:11.3,-0.000722918
36:12.3,-0.000738169
36:13.3,-0.000752455
36:14.3,-0.000752762
36:15.3,-0.000750274
36:16.3,-0.000737273
36:17.3,-0.000711397
36:18.3,-0.00069339
36:19.3,-0.000669446
36:20.3,-0.000665547
36:21.3,-0.000670597
36:22.3,-0.000665685
36:23.3,-0.000675686
36:24.3,-0.000680624
36:25.3,-0.00067787
36:26.3,-0.000677192
36:27.3,-0.000654239
36:28.3,-0.000678703
36:29.3,-0.00069461
36:30.3,-0.000704436
36:31.3,-0.000720106
36:32.3,-0.000717178
36:33.3,-0.00071249
36:34.3,-0.000684445
36:35.3,-0.000659655
36:36.3,-0.000631406
36:37.3,-0.000617748
36:38.3,-0.000605576
36:39.3,-0.000605919
36:40.3,-0.000620813
36:41.3,-0.000622176
36:42.3,-0.000615918
36:43.3,-0.000609733
36:44.3,-0.000583055
36:45.3,-0.000596647
36:46.3,-0.000596299
36:47.3,-0.000600708
36:48.3,-0.000602643
36:49.3,-0.000591285
36:50.3,-0.000597902
36:51.3,-0.000591033
36:52.3,-0.000600634
36:53.3,-0.000590078
36:54.2,0
36:55.2,-0.000152548
36:56.2,-0.000131434
36:57.2,-0.000126261
36:58.2,-0.000139098
36:59.2,-0.000138356
37:00.2,-0.000145397
37:01.2,-0.000165131
37:02.2,-0.000154581
37:03.2,-0.000139863
37:04.2,-0.00013707
37:05.2,-0.000139908
37:06.2,-0.000137203
37:07.2,-0.000129983
37:08.2,-0.000126607
37:09.2,-0.00012886
37:10.2,-0.000127744
37:11.2,-0.000130593
37:12.2,-0.000121999
37:13.2,-0.000133916
37:14.2,-0.000112169
37:15.2,-9.82E-05
37:16.2,-0.000124417
37:17.2,-0.000116912
37:18.2,-0.000128493
37:19.2,-0.000140879
37:20.2,-0.000122504
37:21.2,-0.000109325
37:22.2,-0.000116141
37:23.2,-0.000118095
37:24.2,-0.000128432
37:25.2,-0.000138209
37:26.2,-0.000156329
37:27.2,-0.000165275
37:28.2,-0.000159682
37:29.2,-0.00015194
37:30.2,-0.000175366
37:31.2,-0.0001967
37:32.2,-0.000198624
37:33.2,-0.000205731
37:34.2,-0.000199693
37:35.2,-0.00022161
37:36.2,-0.000267437
37:37.2,-0.000268612
37:38.2,-0.000266572
37:39.2,-0.000241133
37:40.2,-0.000206362
37:41.2,-0.000206922
37:42.2,-0.000225957
37:43.2,-0.000244906
37:44.2,-0.000235823
37:45.2,-0.000232291
37:46.2,-0.000243159
37:47.2,-0.000225107
37:48.2,-0.000211611
37:49.2,-0.000201276
37:50.2,-0.000214102
37:51.2,-0.000204215
37:52.2,-0.00019209
37:53.2,-0.000201048
37:54.2,-0.000203401
37:55.1,-0.000206605
37:56.1,-0.000230733
37:57.1,-0.000220665
37:58.1,-0.000201557
37:59.1,-0.000206806
38:00.1,-0.00020899
38:01.1,-0.000205138
38:02.1,-0.000229477
38:03.1,-0.000234261
38:04.1,-0.000231577
38:05.1,-0.00023437
38:06.1,-0.00025035
38:07.1,-0.000269651
38:08.1,-0.000295188
38:09.1,-0.000295258
38:10.1,-0.000287092
38:11.1,-0.000285511
38:12.1,-0.000271361
38:13.1,-0.000277162
38:14.1,-0.000283678
38:15.1,-0.000284842
38:16.1,-0.000287388
38:17.1,-0.000281315
38:18.1,-0.000281694
38:19.1,-0.000284407
38:20.1,-0.000289969
38:21.1,-0.000279644
38:22.1,-0.000254937
38:23.1,-0.000249605
38:24.1,-0.000222917
38:25.1,-0.000242397
38:26.1,-0.000233899
38:27.1,-0.000230499
38:28.1,-0.000223073
38:29.1,-0.000214684
38:30.1,-0.000220294
38:31.1,-0.000239146
38:32.1,-0.000235235
38:33.1,-0.000232143
38:34.1,-0.00023526
38:35.1,-0.000225405
38:36.1,-0.000210152
38:37.1,-0.000207818
38:38.1,-0.000204438
38:39.1,-0.000201951
38:40.1,-0.000174592
38:41.1,-0.000166096
38:42.1,-0.00015895
38:43.1,-0.000154819
38:44.1,-0.000139708
38:45.1,-0.000135624
38:46.1,-0.000117804
38:47.1,-0.000106774
38:48.1,-9.85E-05
38:49.1,-8.90E-05
38:50.1,-8.97E-05
38:51.1,-7.76E-05
38:52.1,-7.59E-05
38:53.1,-9.21E-05
38:54.1,-8.11E-05
38:55.1,-8.51E-05
38:56.0,-0.000101204
38:57.0,-0.000110591
38:58.0,-0.000103851
38:59.0,-0.000102396
39:00.0,-0.000118435
39:01.0,-0.000144796
39:02.0,-0.000162896
39:03.0,-0.00018198
39:04.0,-0.000199056
39:05.0,-0.000204409
39:06.0,-0.000203189
39:07.0,-0.000215822
39:08.0,-0.000227887
39:09.0,-0.000219193
39:10.0,-0.000204067
39:11.0,-0.00019033
39:12.0,-0.000189338
39:13.0,-0.000185213
39:14.0,-0.000190696
39:15.0,-0.000184907
39:16.0,-0.000192783
39:17.0,-0.000169108
39:18.0,-0.000163357
39:19.0,-0.000166156
39:20.0,-0.000176281
39:21.0,-0.000166017
39:22.0,-0.000184753
39:23.0,-0.000206916
39:24.0,-0.000200186
39:25.0,-0.000186438
39:26.0,-0.000171199
39:27.0,-0.000162869
39:28.0,-0.000165525
39:29.0,-0.000173841
39:30.0,-0.000191832
39:31.0,-0.000207085
39:32.0,-0.000208424
39:33.0,-0.000234309
39:34.0,-0.000229512
39:35.0,-0.000239193
39:36.0,-0.000260061
39:37.0,-0.000234951
39:38.0,-0.000234353
39:39.0,-0.000245655
39:40.0,-0.000256106
39:41.0,-0.000277839
39:42.0,-0.000278801
39:43.0,-0.000303735
39:44.0,-0.000324184
39:45.0,-0.000338064
39:46.0,-0.000331994
39:47.0,-0.000319206
39:48.0,-0.000307692
39:49.0,-0.000304769
39:50.0,-0.000309288
39:51.0,-0.00030526
39:52.0,-0.000304929
39:53.0,-0.000303132
39:54.0,-0.0002898
39:55.0,-0.00028698
39:56.0,-0.000305041
39:57.0,-0.000319919
39:57.9,-0.000308219
39:58.9,-0.000312881
39:59.9,-0.000322662
40:00.9,-0.000304066
40:01.9,-0.000302878
40:02.9,-0.000295936
40:03.9,-0.000280635
40:04.9,-0.000275946
40:05.9,-0.000277069
40:06.9,-0.000278045
40:07.9,-0.000270596
40:08.9,-0.000259905
40:09.9,-0.000266524
40:10.9,-0.000269363
40:11.9,-0.000263859
40:12.9,-0.000261176
40:13.9,-0.00025632
40:14.9,-0.000251356
40:15.9,-0.000246476
40:16.9,-0.000259136
40:17.9,-0.000263751
40:18.9,-0.000242001
40:19.9,-0.000234004
40:20.9,-0.000235088
40:21.9,-0.000232704
40:22.9,-0.000240799
40:23.9,-0.000226518
40:24.9,-0.000233362
40:25.9,-0.000240608
40:26.9,-0.000249312
40:27.9,-0.000250069
40:28.9,-0.000260196
40:29.9,-0.000258898
40:30.9,-0.000258693
40:31.9,-0.000248435
40:32.9,-0.000233368
40:33.9,-0.000224464
40:34.9,-0.000225916
40:35.9,-0.000234175
40:36.9,-0.000227709
40:37.9,-0.000207759
40:38.9,-0.000201374
40:39.9,-0.000199873
40:40.9,-0.000197948
40:41.9,-0.000213936
40:42.9,-0.000214633
40:43.9,-0.000218894
40:44.9,-0.000212462
40:45.9,-0.000215833
40:46.9,-0.000219069
40:47.9,-0.000222448
40:48.9,-0.000210079
40:49.9,-0.000217502
40:50.9,-0.000221834
40:51.9,-0.000216348
40:52.9,-0.000224219
40:53.9,-0.000238532
40:54.9,-0.0002394
40:55.9,-0.0002364
40:56.9,-0.000252875
40:57.9,-0.000251882
40:58.8,-0.000236632
40:59.8,-0.000243069
41:00.8,-0.000258173
41:01.8,-0.000267971
41:02.8,-0.000280666
41:03.8,-0.000287173
41:04.8,-0.000288263
41:05.8,-0.000272095
41:06.8,-0.000252432
41:07.8,-0.000247862
41:08.8,-0.000237938
41:09.8,-0.000232673
41:10.8,-0.000251725
41:11.8,-0.000252183
41:12.8,-0.000227683
41:13.8,-0.000231635
41:14.8,-0.000227958
41:15.8,-0.000244037
41:16.8,-0.000266504
41:17.8,-0.000257404
41:18.8,-0.000258057
41:19.8,-0.000258154
41:20.8,-0.000245699
41:21.8,-0.000244945
41:22.8,-0.000227387
41:23.8,-0.000232597
41:24.8,-0.000234039
41:25.8,-0.000225603
41:26.8,-0.000196762
41:27.8,-0.000190494
41:28.8,-0.000176654
41:29.8,-0.000135746
41:30.8,-0.000136888
41:31.8,-0.000139882
41:32.8,-0.000138081
41:33.8,-0.000134099
41:34.8,-0.000127268
41:35.8,-0.000127276
41:36.8,-0.000105033
41:37.8,-9.95E-05
41:38.8,-9.53E-05
41:39.8,-7.41E-05
41:40.8,-9.97E-05
41:41.8,-0.000105928
41:42.8,-9.53E-05
41:43.8,-8.46E-05
41:44.8,-0.000112512
41:45.8,-7.93E-05
41:46.8,-8.58E-05
41:47.8,-9.01E-05
41:48.8,-9.78E-05
41:49.8,-9.48E-05
41:50.8,-9.57E-05
41:51.8,-8.84E-05
41:52.8,-0.000111779
41:53.8,-0.000129419
41:54.8,-0.000119335
41:55.8,-0.000138153
41:56.8,-0.000157367
41:57.8,-0.000185566
41:58.8,-0.000178495
41:59.7,-0.000162562
42:00.7,-0.0001708
42:01.7,-0.000162548
42:02.7,-0.000155058
42:03.7,-0.000142067
42:04.7,-0.00012942
42:05.7,-0.000123082
42:06.7,-0.00012022
42:07.7,-0.000112448
42:08.7,-0.000103913
42:09.7,-0.000105365
42:10.7,-0.000108848
42:11.7,-0.000119856
42:12.7,-0.000117846
42:13.7,-0.000129158
42:14.7,-0.000109469
42:15.7,-0.000102648
42:16.7,-0.000103939
42:17.7,-0.00011816
42:18.7,-0.000117201
42:19.7,-0.000108172
42:20.7,-0.000116739
42:21.7,-0.000118833
42:22.7,-0.000128477
42:23.7,-0.000131523
42:24.7,-0.000131677
42:25.7,-0.000125067
42:26.7,-0.00013102
42:27.7,-0.000130338
42:28.7,-0.000128742
42:29.7,-0.000136182
42:30.7,-0.000133224
42:31.7,-0.000139914
42:32.7,-0.000145339
42:33.7,-0.00015081
42:34.7,-0.000138284
42:35.7,-0.000120616
42:36.7,-0.000123805
42:37.7,-0.000118693
42:38.7,-0.000103926
42:39.7,-0.000105255
42:40.7,-0.00010849
42:41.7,-0.000115023
42:42.7,-0.000109416
42:43.7,-9.60E-05
42:44.7,-8.45E-05
42:45.7,-8.04E-05
42:46.7,-8.42E-05
42:47.7,-9.18E-05
42:48.7,-0.000121559
42:49.7,-0.000133805
42:50.7,-0.000132598
42:51.7,-0.000156619
42:52.7,-0.000134061
42:53.7,-0.000131088
42:54.7,-0.000126347
42:55.7,-0.00015524
42:56.7,-0.000170432
42:57.7,-0.00016321
42:58.7,-0.00016567
42:59.7,-0.000185201
43:00.6,-0.000198675
43:01.6,-0.000188742
43:02.6,-0.00018545
43:03.6,-0.000197856
43:04.6,-0.000202029
43:05.6,-0.000174941
43:06.6,-0.000165915
43:07.6,-0.000148223
43:08.6,-0.000137732
43:09.6,-0.000154163
43:10.6,-0.000137807
43:11.6,-0.000119633
43:12.6,-0.000106122
43:13.6,-9.12E-05
43:14.6,-8.83E-05
43:15.6,-9.24E-05
43:16.6,-0.000100906
43:17.6,-0.000101135
43:18.6,-0.000104576
43:19.6,-0.000106267
43:20.6,-0.000125296
43:21.6,-0.000131216
43:22.6,-0.000137117
43:23.6,-0.000149159
43:24.6,-0.000150743
43:25.6,-0.000146998
43:26.6,-0.000139233
43:27.6,-0.000154894
43:28.6,-0.000171183
43:29.6,-0.000176555
43:30.6,-0.000187695
43:31.6,-0.000184104
43:32.6,-0.000181297
43:33.6,-0.00018704
43:34.6,-0.000189598
43:35.6,-0.000172235
43:36.6,-0.000168588
43:37.6,-0.00016153
43:38.6,-0.000150185
43:39.6,-0.000148493
43:40.6,-0.000155403
43:41.6,-0.00012303
43:42.6,-0.000123769
43:43.6,-0.000126295
43:44.6,-0.000143035
43:45.6,-0.000142871
43:46.6,-0.00014968
43:47.6,-0.000153869
43:48.6,-0.000159819
43:49.6,-0.000165925
43:50.6,-0.000169714
43:51.6,-0.000193333
43:52.6,-0.000197106
43:53.6,-0.000193626
43:54.6,-0.000169145
43:55.6,-0.000182943
43:56.6,-0.000193686
43:57.6,-0.000186723
43:58.6,-0.000170089
43:59.6,-0.000176951
44:00.6,-0.000172243
44:01.5,-0.000168749
44:02.5,-0.000178552
44:03.5,-0.000195429
44:04.5,-0.000194801
44:05.5,-0.00018822
44:06.5,-0.00018345
44:07.5,-0.000162689
44:08.5,-0.000181718
44:09.5,-0.000192636
44:10.5,-0.000222077
44:11.5,-0.000225638
44:12.5,-0.000226935
44:13.5,-0.000223521
44:14.5,-0.00021111
44:15.5,-0.000207214
44:16.5,-0.000206401
44:17.5,-0.000202627
44:18.5,-0.000202742
44:19.5,-0.000207993
44:20.5,-0.000205557
44:21.5,-0.000209497
44:22.5,-0.000219638
44:23.5,-0.000241195
44:24.5,-0.000221562
44:25.5,-0.0002164
44:26.5,-0.000227352
44:27.5,-0.000205731
44:28.5,-0.000199376
44:29.5,-0.00017588
44:30.5,-0.000154412
44:31.5,-0.000156492
44:32.5,-0.000156029
44:33.5,-0.000158687
44:34.5,-0.000165665
44:35.5,-0.000164133
44:36.5,-0.000148479
44:37.5,-0.000133739
44:38.5,-0.000122177
44:39.5,-0.000128182
44:40.5,-0.000132869
44:41.5,-0.000129116
44:42.5,-0.000108852
44:43.5,-8.61E-05
44:44.5,-7.44E-05
44:45.5,-9.05E-05
44:46.5,-0.000112344
44:47.5,-0.000109893
44:48.5,-0.00010546
44:49.5,-0.000110611
44:50.5,-9.41E-05
44:51.5,-0.000100943
44:52.5,-0.000124586
44:53.5,-0.000134662
44:54.5,-0.000121374
44:55.5,-0.000121391
44:56.5,-0.000127087
44:57.5,-0.00011858
44:58.5,-0.000121871
44:59.5,-0.000110292
45:00.5,-0.000113168
45:01.5,-0.00010321
45:02.4,-0.000110164
45:03.4,-0.000105554
45:04.4,-0.000113008
45:05.4,-0.000118642
45:06.4,-0.000117493
45:07.4,-0.000114624
45:08.4,-0.000113994
45:09.4,-0.000119936
45:10.4,-0.000121375
45:11.4,-0.000123142
45:12.4,-0.000129353
45:13.4,-0.000132082
45:14.4,-0.000125973
45:15.4,-0.000128451
45:16.4,-0.000121859
45:17.4,-0.000104691
45:18.4,-9.57E-05
45:19.4,-0.000114564
45:20.4,-0.000104747
45:21.4,-9.98E-05
45:22.4,-9.17E-05
45:23.4,-9.26E-05
45:24.4,-9.45E-05
45:25.4,-8.19E-05
45:26.4,-8.74E-05
45:27.4,-0.000103375
45:28.4,-9.99E-05
45:29.4,-8.24E-05
45:30.4,-6.72E-05
45:31.4,-5.64E-05
45:32.4,-4.08E-05
45:33.4,-1.85E-05
45:34.4,-2.86E-05
45:35.4,-2.75E-05
45:36.4,-1.30E-05
45:37.4,-3.32E-06
45:38.4,-2.41E-06
45:39.4,-1.66E-05
45:40.4,-1.66E-05
45:41.4,-9.33E-06
45:42.4,-1.55E-05
45:43.4,-1.22E-05
45:44.4,-2.66E-05
45:45.4,-5.78E-05
45:46.4,-4.12E-05
45:47.4,-5.40E-05
45:48.4,-2.45E-05
45:49.4,-1.03E-05
45:50.4,-2.52E-05
45:51.4,-6.39E-05
45:52.4,-6.88E-05
45:53.4,-6.87E-05
45:54.4,-7.75E-05
45:55.4,-7.46E-05
45:56.4,-7.29E-05
45:57.4,-8.99E-05
45:58.4,-7.52E-05
45:59.4,-6.03E-05
46:00.4,-4.20E-05
46:01.4,-1.87E-05
46:02.4,2.2229933e-05
46:03.3,3.2506578e-05
46:04.3,4.468147e-05
46:05.3,5.2413427e-05
46:06.3,5.4264372e-05
46:07.3,3.038045e-05
46:08.3,1.467574e-05
46:09.3,-8.22E-06
46:10.3,-4.02E-06
46:11.3,1.7178382e-06
46:12.3,1.0401245e-05
46:13.3,3.2351363e-05
46:14.3,4.0432114e-05
46:15.3,5.2995238e-05
46:16.3,6.6718116e-05
46:17.3,0.00010555
46:18.3,9.962086e-05
46:19.3,7.7943296e-05
46:20.3,7.1717426e-05
46:21.3,6.6739325e-05
46:22.3,3.5938523e-05
46:23.3,2.9226498e-05
46:24.3,2.8585777e-05
46:25.3,8.555666e-06
46:26.3,9.370038e-06
46:27.3,8.75301e-06
46:28.3,4.7752437e-05
46:29.3,8.117088e-05
46:30.3,0.000100422
46:31.3,0.000118131
46:32.3,0.000107693
46:33.3,8.93729e-05
46:34.3,7.796487e-05
46:35.3,8.19726e-05
46:36.3,6.587037e-05
46:37.3,4.3144017e-05
46:38.3,4.3523225e-05
46:39.3,6.828745e-05
46:40.3,7.9843594e-05
46:41.3,9.767298e-05
46:42.3,0.000119878
46:43.3,0.000115824
46:44.3,0.000121848
46:45.3,0.000142498
46:46.3,0.000151689
46:47.3,0.0001262
46:48.3,0.000129957
46:49.3,0.000135534
46:50.3,0.000135374
46:51.3,0.000133142
46:52.3,0.000126154
46:53.3,0.00015567
46:54.3,0
46:55.3,-2.22E-05
46:56.3,-3.54E-05
46:57.3,-4.72E-05
46:58.3,-5.37E-05
46:59.3,-5.22E-05
47:00.3,-5.11E-05
47:01.3,-3.47E-05
47:02.3,-4.11E-05
47:03.3,-3.92E-05
47:04.2,-4.28E-05
47:05.2,-6.29E-05
47:06.2,-5.67E-05
47:07.2,-5.08E-05
47:08.2,-4.45E-05
47:09.2,-4.66E-05
47:10.2,-6.11E-05
47:11.2,-6.14E-05
47:12.2,-3.58E-05
47:13.2,-3.87E-05
47:14.2,-5.42E-05
47:15.2,-7.63E-05
47:16.2,-0.000114194
47:17.2,-0.000114393
47:18.2,-0.000121293
47:19.2,-0.000126563
47:20.2,-0.000142795
47:21.2,-0.000141868
47:22.2,-0.000181794
47:23.2,-0.000186009
47:24.2,-0.000159205
47:25.2,-0.00016449
47:26.2,-0.000151054
47:27.2,-0.000109262
47:28.2,-0.000110211
47:29.2,-0.000114459
47:30.2,-0.000113617
47:31.2,-0.000118254
47:32.2,-0.000108842
47:33.2,-0.000126162
47:34.2,-0.000110708
47:35.2,-0.000105142
47:36.2,-9.02E-05
47:37.2,-6.73E-05
47:38.2,-7.85E-05
47:39.2,-9.51E-05
47:40.2,-0.000124694
47:41.2,-0.000129068
47:42.2,-0.000125361
47:43.2,-0.000117315
47:44.2,-0.000119572
47:45.2,-9.98E-05
47:46.2,-9.27E-05
47:47.2,-9.80E-05
47:48.2,-7.12E-05
47:49.2,-8.16E-05
47:50.2,-8.74E-05
47:51.2,-8.45E-05
47:52.2,-0.000108874
47:53.2,-0.000110658
47:54.2,-0.000103431
47:55.2,-0.000100176
47:56.2,-9.39E-05
47:57.2,-7.98E-05
47:58.2,-7.09E-05
47:59.2,-6.22E-05
48:00.2,-6.07E-05
48:01.2,-4.88E-05
48:02.2,-3.41E-05
48:03.2,-1.56E-05
48:04.2,-2.79E-05
48:05.2,-2.98E-05
48:06.1,-5.06E-06
48:07.1,-9.40E-06
48:08.1,-1.41E-05
48:09.1,-3.38E-06
48:10.1,5.861471e-06
48:11.1,1.1001968e-05
48:12.1,-2.18E-06
48:13.1,1.42643175e-05
48:14.1,2.0711483e-05
48:15.1,1.5546519e-05
48:16.1,1.2606644e-05
48:17.1,6.941275e-06
48:18.1,2.7554404e-06
48:19.1,-9.13E-06
48:20.1,-2.52E-05
48:21.1,-2.67E-05
48:22.1,-3.30E-05
48:23.1,-3.13E-05
48:24.1,-2.83E-05
48:25.1,-3.52E-05
48:26.1,-4.00E-05
48:27.1,-3.53E-05
48:28.1,-4.86E-05
48:29.1,-5.92E-05
48:30.1,-3.77E-05
48:31.1,-2.40E-05
48:32.1,-1.99E-05
48:33.1,-3.03E-05
48:34.1,-1.57E-05
48:35.1,-1.65E-05
48:36.1,-1.64E-05
48:37.1,-1.46E-06
48:38.1,-5.36E-06
48:39.1,-5.06E-06
48:40.1,-1.00E-05
48:41.1,-8.82E-06
48:42.1,-9.29E-06
48:43.1,-2.63E-05
48:44.1,-3.93E-05
48:45.1,-2.50E-05
48:46.1,-1.94E-05
48:47.1,-2.02E-05
48:48.1,-1.45E-05
48:49.1,-1.56E-05
48:50.1,-1.48E-05
48:51.1,3.249375e-06
48:52.1,1.8992325e-05
48:53.1,2.5832984e-05
48:54.1,2.8376166e-05
48:55.1,3.5379053e-05
48:56.1,2.9016986e-05
48:57.1,2.2573271e-05
48:58.1,7.054212e-06
48:59.1,4.579977e-06
49:00.1,1.4554693e-06
49:01.1,-2.99E-06
49:02.1,2.5167767e-06
49:03.1,-5.89E-06
49:04.1,-2.08E-05
49:05.1,-4.66E-05
49:06.1,-5.43E-05
49:07.0,-7.25E-05
49:08.0,-7.90E-05
49:09.0,-7.82E-05
49:10.0,-7.66E-05
49:11.0,-6.67E-05
49:12.0,-4.00E-05
49:13.0,-2.89E-05
49:14.0,-1.64E-05
49:15.0,-1.13E-05
49:16.0,-6.42E-06
49:17.0,-1.63E-05
49:18.0,-9.86E-06
49:19.0,-1.32E-05
49:20.0,-2.10E-05
49:21.0,-8.72E-06
49:22.0,-8.89E-07
49:23.0,1.9000134e-05
49:24.0,1.5984713e-05
49:25.0,1.7233336e-06
49:26.0,-2.11E-05
49:27.0,-2.14E-05
49:28.0,-1.87E-05
49:29.0,-1.51E-05
49:30.0,-2.32E-05
49:31.0,-3.58E-05
49:32.0,-5.24E-05
49:33.0,-6.49E-05
49:34.0,-7.38E-05
49:35.0,-8.25E-05
49:36.0,-9.40E-05
49:37.0,-0.000102792
49:38.0,-6.75E-05
49:39.0,-5.54E-05
49:40.0,-3.86E-05
49:41.0,-2.88E-05
49:42.0,-1.67E-05
49:43.0,-5.23E-06
49:44.0,1.6816069e-06
49:45.0,1.1151934e-06
49:46.0,9.543904e-06
49:47.0,6.4221973e-07
49:48.0,-9.34E-06
49:49.0,-2.64E-06
49:50.0,5.7862385e-06
49:51.0,-2.93E-06
49:52.0,1.119304e-05
49:53.0,1.6674836e-05
49:54.0,1.43246925e-05
49:55.0,-5.07E-06
49:56.0,9.9392e-06
49:57.0,7.209789e-06
49:58.0,4.8747947e-06
49:59.0,2.860417e-06
50:00.0,9.443795e-06
50:01.0,3.5204462e-06
50:02.0,1.5523726e-06
50:03.0,-1.20E-05
50:04.0,-1.31E-05
50:05.0,-1.31E-05
50:06.0,-2.08E-05
50:07.0,-3.75E-05
50:07.9,-5.49E-05
50:08.9,-6.20E-05
50:09.9,-8.60E-05
50:10.9,-8.65E-05
50:11.9,-7.09E-05
50:12.9,-6.24E-05
50:13.9,-8.33E-05
50:14.9,-7.06E-05
50:15.9,-6.12E-05
50:16.9,-4.72E-05
50:17.9,-3.41E-05
50:18.9,-2.83E-05
50:19.9,-3.07E-05
50:20.9,-2.82E-05
50:21.9,-3.29E-05
50:22.9,-3.43E-05
50:23.9,-2.65E-05
50:24.9,-3.41E-05
50:25.9,-4.56E-05
50:26.9,-7.89E-05
50:27.9,-7.31E-05
50:28.9,-8.20E-05
50:29.9,-8.27E-05
50:30.9,-8.12E-05
50:31.9,-8.15E-05
50:32.9,-7.27E-05
50:33.9,-8.02E-05
50:34.9,-0.000103685
50:35.9,-9.58E-05
50:36.9,-9.55E-05
50:37.9,-0.000114655
50:38.9,-0.000108129
50:39.9,-8.88E-05
50:40.9,-9.51E-05
50:41.9,-0.000109688
50:42.9,-0.000120601
50:43.9,-0.000131884
50:44.9,-0.000141937
50:45.9,-0.000127465
50:46.9,-0.000110127
50:47.9,-0.000109845
50:48.9,-0.000121462
50:49.9,-0.000137076
50:50.9,-0.00014434
50:51.9,-0.000141031
50:52.9,-0.000154742
50:53.9,-0.000145961
50:54.9,-0.000144161
50:55.9,-0.000151252
50:56.9,-0.000173061
50:57.9,-0.0001947
50:58.9,-0.000158321
50:59.9,-0.000128017
51:00.9,-0.000119499
51:01.9,-0.000117763
51:02.9,-0.000135839
51:03.9,-0.000128929
51:04.9,-0.000148865
51:05.9,-0.000159254
51:06.9,-0.000141664
51:07.9,-0.000141917
51:08.8,-0.000138926
51:09.8,-0.000166376
51:10.8,-0.000160415
51:11.8,-0.000184905
51:12.8,-0.000173651
51:13.8,-0.000164525
51:14.8,-0.000160699
51:15.8,-0.000177262
51:16.8,-0.000180095
51:17.8,-0.000172272
51:18.8,-0.000190493
51:19.8,-0.000214287
51:20.8,-0.000215716
51:21.8,-0.000217448
51:22.8,-0.000219141
51:23.8,-0.000190888
51:24.8,-0.000176442
51:25.8,-0.000194066
51:26.8,-0.000197398
51:27.8,-0.000189154
51:28.8,-0.000195115
51:29.8,-0.00021255
51:30.8,-0.000235718
51:31.8,-0.000234873
51:32.8,-0.000227365
51:33.8,-0.000223383
51:34.8,-0.000235196
51:35.8,-0.000257533
51:36.8,-0.000264998
51:37.8,-0.000249497
51:38.8,-0.000223847
51:39.8,-0.000213033
51:40.8,-0.000197919
51:41.8,-0.000205639
51:42.8,-0.000207183
51:43.8,-0.000202171
51:44.8,-0.000208774
51:45.8,-0.000218303
51:46.8,-0.000219912
51:47.8,-0.000220041
51:48.8,-0.00021889
51:49.8,-0.000241642
51:50.8,-0.000226228
51:51.8,-0.000201836
51:52.8,-0.000216385
51:53.8,-0.000217215
51:54.8,-0.000222392
51:55.8,-0.000219874
51:56.8,-0.00023542
51:57.8,-0.000232742
51:58.8,-0.000228173
51:59.8,-0.00024369
52:00.8,-0.000258137
52:01.8,-0.000244223
52:02.8,-0.000236769
52:03.8,-0.000228676
52:04.8,-0.000236758
52:05.8,-0.000237192
52:06.8,-0.000234271
52:07.8,-0.000238736
52:08.8,-0.000249402
52:09.7,-0.000247215
52:10.7,-0.000243857
52:11.7,-0.000241341
52:12.7,-0.000263925
52:13.7,-0.000250725
52:14.7,-0.000223603
52:15.7,-0.000226421
52:16.7,-0.000223445
52:17.7,-0.000229958
52:18.7,-0.000244986
52:19.7,-0.000243435
52:20.7,-0.000259192
52:21.7,-0.000256657
52:22.7,-0.000265513
52:23.7,-0.0002546
52:24.7,-0.000260985
52:25.7,-0.00023949
52:26.7,-0.000231764
52:27.7,-0.000234389
52:28.7,-0.000247784
52:29.7,-0.000269935
52:30.7,-0.000286565
52:31.7,-0.000287948
52:32.7,-0.000276558
52:33.7,-0.000259795
52:34.7,-0.000273223
52:35.7,-0.000255419
52:36.7,-0.000238107
52:37.7,-0.000257987
52:38.7,-0.000262653
52:39.7,-0.000251165
52:40.7,-0.00023817
52:41.7,-0.000242331
52:42.7,-0.000265971
52:43.7,-0.000261237
52:44.7,-0.000242898
52:45.7,-0.000232176
52:46.7,-0.000228597
52:47.7,-0.000221339
52:48.7,-0.000211029
52:49.7,-0.000212253
52:50.7,-0.000222634
52:51.7,-0.00023235
52:52.7,-0.000238412
52:53.7,-0.000232572
52:54.7,-0.000230958
52:55.7,-0.00022628
52:56.7,-0.000231562
52:57.7,-0.000241692
52:58.7,-0.000271515
52:59.7,-0.000268869
53:00.7,-0.000257246
53:01.7,-0.000255327
53:02.7,-0.000238597
53:03.7,-0.000227762
53:04.7,-0.000218697
53:05.7,-0.000230019
53:06.7,-0.000222241
53:07.7,-0.000218753
53:08.7,-0.000210446
53:09.7,-0.00020613
53:10.6,-0.000210882
53:11.6,-0.000207659
53:12.6,-0.000190012
53:13.6,-0.000185529
53:14.6,-0.000182936
53:15.6,-0.000172451
53:16.6,-0.000158475
53:17.6,-0.000159378
53:18.6,-0.000151734
53:19.6,-0.000139398
53:20.6,-0.000138627
53:21.6,-0.000129085
53:22.6,-0.000127271
53:23.6,-0.000112849
53:24.6,-0.000106821
53:25.6,-0.00011952
53:26.6,-0.000119142
53:27.6,-0.000118101
53:28.6,-0.000118981
53:29.6,-0.000133588
53:30.6,-0.000139245
53:31.6,-0.000127281
53:32.6,-0.000131931
53:33.6,-0.000119682
53:34.6,-0.000106831
53:35.6,-0.000104624
53:36.6,-0.000109514
53:37.6,-0.000108671
53:38.6,-0.000123644
53:39.6,-0.000128258
53:40.6,-0.000137072
53:41.6,-0.000139889
53:42.6,-0.000142611
53:43.6,-0.000140014
53:44.6,-0.00012985
53:45.6,-0.000122116
53:46.6,-0.000126272
53:47.6,-0.00012536
53:48.6,-0.000113848
53:49.6,-0.000105385
53:50.6,-0.000101921
53:51.6,-0.00010383
53:52.6,-0.000105253
53:53.6,-8.80E-05
53:54.6,-6.99E-05
53:55.6,-7.83E-05
53:56.6,-9.05E-05
53:57.6,-9.24E-05
53:58.6,-8.69E-05
53:59.6,-9.30E-05
54:00.6,-8.53E-05
54:01.6,-8.26E-05
54:02.6,-9.39E-05
54:03.6,-0.000105274
54:04.6,-0.000106708
54:05.6,-9.18E-05
54:06.6,-9.60E-05
54:07.6,-9.73E-05
54:08.6,-0.000103832
54:09.6,-0.000105134
54:10.6,-0.000102803
54:11.5,-0.000125857
54:12.5,-0.000118868
54:13.5,-0.000118863
54:14.5,-0.000130872
54:15.5,-0.000137997
54:16.5,-0.000140168
54:17.5,-0.000135809
54:18.5,-0.000139676
54:19.5,-0.000154903
54:20.5,-0.00015826
54:21.5,-0.000160052
54:22.5,-0.000135465
54:23.5,-0.000133171
54:24.5,-0.000131517
54:25.5,-0.000137447
54:26.5,-0.000136817
54:27.5,-0.000148331
54:28.5,-0.000138529
54:29.5,-0.00014737
54:30.5,-0.000146838
54:31.5,-0.000160449
54:32.5,-0.000165254
54:33.5,-0.000159189
54:34.5,-0.000160967
54:35.5,-0.000165631
54:36.5,-0.000160378
54:37.5,-0.000142327
54:38.5,-0.000140669
54:39.5,-0.000153012
54:40.5,-0.000153097
54:41.5,-0.000144514
54:42.5,-0.000154564
54:43.5,-0.000157451
54:44.5,-0.000164411
54:45.5,-0.000165696
54:46.5,-0.000167208
54:47.5,-0.000166488
54:48.5,-0.000166324
54:49.5,-0.000158165
54:50.5,-0.000172191
54:51.5,-0.000178655
54:52.5,-0.000183071
54:53.5,-0.000182882
54:54.5,-0.000189424
54:55.5,-0.000181855
54:56.5,-0.000184504
54:57.5,-0.000181803
54:58.5,-0.000178071
54:59.5,-0.000164933
55:00.5,-0.00017317
55:01.5,-0.000179285
55:02.5,-0.000165232
55:03.5,-0.000159076
55:04.5,-0.000160278
55:05.5,-0.000177339
55:06.5,-0.000184239
55:07.5,-0.000176521
55:08.5,-0.00016702
55:09.5,-0.000166963
55:10.5,-0.000172611
55:11.5,-0.000173713
55:12.4,-0.000181411
55:13.4,-0.000203185
55:14.4,-0.000203916
55:15.4,-0.000203231
55:16.4,-0.000192737
55:17.4,-0.000182201
55:18.4,-0.000162809
55:19.4,-0.000169505
55:20.4,-0.000169437
55:21.4,-0.000163903
55:22.4,-0.000168796
55:23.4,-0.000172151
55:24.4,-0.000162669
55:25.4,-0.000152765
55:26.4,-0.000140636
55:27.4,-0.000120979
55:28.4,-0.000130365
55:29.4,-0.000119844
55:30.4,-0.000101326
55:31.4,-9.18E-05
55:32.4,-7.38E-05
55:33.4,-6.82E-05
55:34.4,-8.11E-05
55:35.4,-8.06E-05
55:36.4,-8.22E-05
55:37.4,-8.55E-05
55:38.4,-9.14E-05
55:39.4,-8.80E-05
55:40.4,-9.29E-05
55:41.4,-8.89E-05
55:42.4,-9.18E-05
55:43.4,-9.29E-05
55:44.4,-9.27E-05
55:45.4,-9.85E-05
55:46.4,-9.49E-05
55:47.4,-8.46E-05
55:48.4,-9.30E-05
55:49.4,-9.35E-05
55:50.4,-9.89E-05
55:51.4,-0.000105086
55:52.4,-0.000123317
55:53.4,-0.000118036
55:54.4,-0.000137217
55:55.4,-0.000144058
55:56.4,-0.000153423
55:57.4,-0.000164152
55:58.4,-0.000172035
55:59.4,-0.000168599
56:00.4,-0.000161563
56:01.4,-0.000160373
56:02.4,-0.00015888
56:03.4,-0.000160422
56:04.4,-0.00015585
56:05.4,-0.000163343
56:06.4,-0.000178365
56:07.4,-0.000168533
56:08.4,-0.000170748
56:09.4,-0.000184108
56:10.4,-0.00018893
56:11.4,-0.000183091
56:12.4,-0.000184481
56:13.3,-0.000176809
56:14.3,-0.000155176
56:15.3,-0.000175036
56:16.3,-0.000172851
56:17.3,-0.000170514
56:18.3,-0.000173667
56:19.3,-0.000158051
56:20.3,-0.000157011
56:21.3,-0.000148687
56:22.3,-0.000137988
56:23.3,-0.00011791
56:24.3,-0.000117322
56:25.3,-0.000115828
56:26.3,-0.000113685
56:27.3,-0.000115906
56:28.3,-0.000135364
56:29.3,-0.000130324
56:30.3,-0.000112307
56:31.3,-0.000115838
56:32.3,-0.000108236
56:33.3,-0.00010065
56:34.3,-9.86E-05
56:35.3,-9.09E-05
56:36.3,-9.38E-05
56:37.3,-8.47E-05
56:38.3,-7.92E-05
56:39.3,-7.77E-05
56:40.3,-9.43E-05
56:41.3,-0.000112514
56:42.3,-0.000105908
56:43.3,-9.00E-05
56:44.3,-0.000104199
56:45.3,-9.08E-05
56:46.3,-8.63E-05
56:47.3,-9.94E-05
56:48.3,-8.08E-05
56:49.3,-8.06E-05
56:50.3,-9.17E-05
56:51.3,-9.24E-05
56:52.3,-9.73E-05
56:53.3,-7.94E-05
56:54.3,0
56:55.3,1.3042366e-05
56:56.3,5.134077e-06
56:57.3,-9.29E-06
56:58.3,-3.63E-06
56:59.3,-6.87E-06
57:00.3,-1.93E-05
57:01.3,-1.23E-05
57:02.3,-4.73E-06
57:03.3,7.997513e-06
57:04.3,2.2129625e-05
57:05.3,2.234509e-05
57:06.3,2.0393207e-05
57:07.3,3.789181e-05
57:08.3,2.3006343e-05
57:09.3,1.0324145e-05
57:10.3,2.8981465e-05
57:11.3,1.7449913e-05
57:12.3,-1.03E-05
57:13.3,-1.14E-05
57:14.3,1.6778376e-05
57:15.2,2.1385455e-05
57:16.2,3.2513235e-05
57:17.2,3.739699e-05
57:18.2,3.7232458e-05
57:19.2,4.2970878e-05
57:20.2,1.0983581e-05
57:21.2,1.5079068e-05
57:22.2,1.2012628e-05
57:23.2,1.5407984e-05
57:24.2,6.3372454e-06
57:25.2,1.0115995e-05
57:26.2,1.6913984e-05
57:27.2,9.159065e-06
57:28.2,8.0050095e-06
57:29.2,-1.34E-06
57:30.2,1.5648516e-06
57:31.2,3.4017498e-06
57:32.2,6.8279232e-06
57:33.2,1.4021519e-05
57:34.2,-2.37E-06
57:35.2,1.0883398e-06
57:36.2,1.2398497e-05
57:37.2,8.511037e-06
57:38.2,3.7325858e-06
57:39.2,4.582256e-06
57:40.2,9.500897e-07
57:41.2,1.0885426e-06
57:42.2,-1.16E-06
57:43.2,-1.56E-05
57:44.2,-2.21E-05
57:45.2,-4.98E-05
57:46.2,-4.88E-05
57:47.2,-2.74E-05
57:48.2,-6.75E-06
57:49.2,-1.33E-05
57:50.2,-2.88E-06
57:51.2,-4.35E-06
57:52.2,-1.14E-05
57:53.2,4.778337e-06
57:54.2,7.2958796e-06
57:55.2,6.235e-06
57:56.2,7.820461e-06
57:57.2,3.7081898e-06
57:58.2,-7.89E-06
57:59.2,-5.72E-06
58:00.2,-9.83E-06
58:01.2,-1.32E-05
58:02.2,-6.96E-06
58:03.2,-2.07E-05
58:04.2,-5.19E-05
58:05.2,-6.13E-05
58:06.2,-5.95E-05
58:07.2,-5.98E-05
58:08.2,-5.43E-05
58:09.2,-5.59E-05
58:10.2,-5.71E-05
58:11.2,-6.98E-05
58:12.2,-8.06E-05
58:13.2,-8.41E-05
58:14.2,-7.35E-05
58:15.2,-9.19E-05
58:16.1,-9.52E-05
58:17.1,-0.000101705
58:18.1,-0.000100873
58:19.1,-0.000108925
58:20.1,-0.000100983
58:21.1,-0.000104213
58:22.1,-0.000127381
58:23.1,-0.000128203
58:24.1,-0.000128715
58:25.1,-0.000109278
58:26.1,-0.000114354
58:27.1,-0.000114704
58:28.1,-0.000129042
58:29.1,-0.000146906
58:30.1,-0.000149416
58:31.1,-0.000156161
58:32.1,-0.00015942
58:33.1,-0.000152627
58:34.1,-0.000162944
58:35.1,-0.00017132
58:36.1,-0.000158491
58:37.1,-0.000159311
58:38.1,-0.000155456
58:39.1,-0.000160573
58:40.1,-0.000152675
58:41.1,-0.000154633
58:42.1,-0.000145102
58:43.1,-0.000147636
58:44.1,-0.00014461
58:45.1,-0.000160333
58:46.1,-0.000180962
58:47.1,-0.000181812
58:48.1,-0.000194839
58:49.1,-0.000200905
58:50.1,-0.00020434
58:51.1,-0.0002012
58:52.1,-0.000210155
58:53.1,-0.000206063
58:54.1,-0.000201025
58:55.1,-0.000201682
58:56.1,-0.000204904
58:57.1,-0.000203299
58:58.1,-0.000190607
58:59.1,-0.000189661
59:00.1,-0.000195744
59:01.1,-0.000196654
59:02.1,-0.000200363
59:03.1,-0.000205838
59:04.1,-0.000212653
59:05.1,-0.000219797
59:06.1,-0.000226069
59:07.1,-0.000211527
59:08.1,-0.000204825
59:09.1,-0.000198509
59:10.1,-0.000221406
59:11.1,-0.000224102
59:12.1,-0.000211203
59:13.1,-0.000191691
59:14.1,-0.000196037
59:15.1,-0.00018735
59:16.1,-0.000195274
59:17.0,-0.000204898
59:18.0,-0.000186987
59:19.0,-0.000179685
59:20.0,-0.000167246
59:21.0,-0.000160515
59:22.0,-0.000166418
59:23.0,-0.000172187
59:24.0,-0.000161266
59:25.0,-0.000167376
59:26.0,-0.000169901
59:27.0,-0.000171899
59:28.0,-0.000181411
59:29.0,-0.000175957
59:30.0,-0.000166638
59:31.0,-0.000172525
59:32.0,-0.000170392
59:33.0,-0.000182027
59:34.0,-0.000192095
59:35.0,-0.000191619
59:36.0,-0.000214419
59:37.0,-0.00022741
59:38.0,-0.00022524
59:39.0,-0.000215948
59:40.0,-0.000204329
59:41.0,-0.000212211
59:42.0,-0.000221937
59:43.0,-0.000232612
59:44.0,-0.000219486
59:45.0,-0.00023156
59:46.0,-0.00025141
59:47.0,-0.000264729
59:48.0,-0.000261722
59:49.0,-0.000254858
59:50.0,-0.000274894
59:51.0,-0.000257191
59:52.0,-0.00025035
59:53.0,-0.000252005
59:54.0,-0.000246522
59:55.0,-0.000252738
59:56.0,-0.000247534
59:57.0,-0.000251404
59:58.0,-0.000243363
59:59.0,-0.000248771
00:00.0,-0.000275082
00:01.0,-0.000268507
00:02.0,-0.000266432
00:03.0,-0.00026831
00:04.0,-0.000272211
00:05.0,-0.000276567
00:06.0,-0.00026261
00:07.0,-0.000251764
00:08.0,-0.000254899
00:09.0,-0.000255947
00:10.0,-0.000247774
00:11.0,-0.000243827
00:12.0,-0.000267769
00:13.0,-0.00027462
00:14.0,-0.000276763
00:15.0,-0.000260041
00:16.0,-0.000246731
00:17.0,-0.000242096
00:17.9,-0.000243095
00:18.9,-0.00026961
00:19.9,-0.000272322
00:20.9,-0.000260721
00:21.9,-0.000266083
00:22.9,-0.000280714
00:23.9,-0.000307498
00:24.9,-0.000316144
00:25.9,-0.000296982
00:26.9,-0.000297427
00:27.9,-0.000307114
00:28.9,-0.000307681
00:29.9,-0.000310909
00:30.9,-0.000317543
00:31.9,-0.000323463
00:32.9,-0.00032847
00:33.9,-0.000330318
00:34.9,-0.000331014
00:35.9,-0.000329571
00:36.9,-0.000311367
00:37.9,-0.000297475
00:38.9,-0.000306077
00:39.9,-0.000297597
00:40.9,-0.000277403
00:41.9,-0.000266862
00:42.9,-0.000265741
00:43.9,-0.000267765
00:44.9,-0.000257206
00:45.9,-0.000250473
00:46.9,-0.000246759
00:47.9,-0.000251609
00:48.9,-0.000257149
00:49.9,-0.00026804
00:50.9,-0.000283235
00:51.9,-0.000297686
00:52.9,-0.000306638
00:53.9,-0.000308273
00:54.9,-0.000301538
00:55.9,-0.000287039
00:56.9,-0.000276771
00:57.9,-0.000281277
00:58.9,-0.000291096
00:59.9,-0.000287087
01:00.9,-0.00029388
01:01.9,-0.000290343
01:02.9,-0.000279593
01:03.9,-0.000285236
01:04.9,-0.000279333
01:05.9,-0.000278036
01:06.9,-0.000312901
01:07.9,-0.000334749
01:08.9,-0.000333754
01:09.9,-0.000337776
01:10.9,-0.000306137
01:11.9,-0.000287096
01:12.9,-0.000291701
01:13.9,-0.000288436
01:14.9,-0.000311995
01:15.9,-0.000315706
01:16.9,-0.000307023
01:17.9,-0.000305532
01:18.8,-0.000291557
01:19.8,-0.000254982
01:20.8,-0.000256681
01:21.8,-0.000257777
01:22.8,-0.000261883
01:23.8,-0.000241145
01:24.8,-0.000217445
01:25.8,-0.000203178
01:26.8,-0.00018328
01:27.8,-0.000164529
01:28.8,-0.000173685
01:29.8,-0.000187597
01:30.8,-0.000181451
01:31.8,-0.000182932
01:32.8,-0.00019034
01:33.8,-0.00018822
01:34.8,-0.000185908
01:35.8,-0.000174924
01:36.8,-0.000185094
01:37.8,-0.000194597
01:38.8,-0.000199208
01:39.8,-0.000196094
01:40.8,-0.00019896
01:41.8,-0.000196074
01:42.8,-0.000201134
01:43.8,-0.000193901
01:44.8,-0.000185493
01:45.8,-0.000184694
01:46.8,-0.000194413
01:47.8,-0.000184772
01:48.8,-0.000170505
01:49.8,-0.000181086
01:50.8,-0.000178207
01:51.8,-0.000176932
01:52.8,-0.000198618
01:53.8,-0.000197028
01:54.8,-0.000184416
01:55.8,-0.000184741
01:56.8,-0.000168671
01:57.8,-0.000184816
01:58.8,-0.00018747
01:59.8,-0.000170786
02:00.8,-0.000160426
02:01.8,-0.000163663
02:02.8,-0.000162529
02:03.8,-0.000158126
02:04.8,-0.000165388
02:05.8,-0.000166388
02:06.8,-0.000147605
02:07.8,-0.000146597
02:08.8,-0.000143675
02:09.8,-0.000149123
02:10.8,-0.000143196
02:11.8,-0.000156166
02:12.8,-0.000136868
02:13.8,-0.000123567
02:14.8,-0.000126007
02:15.8,-0.000131723
02:16.8,-0.000138652
02:17.8,-0.000126518
02:18.8,-0.000120745
02:19.7,-0.00012713
02:20.7,-0.000128085
02:21.7,-0.000107775
02:22.7,-8.70E-05
02:23.7,-6.72E-05
02:24.7,-8.49E-05
02:25.7,-7.16E-05
02:26.7,-7.64E-05
02:27.7,-7.33E-05
02:28.7,-7.21E-05
02:29.7,-7.55E-05
02:30.7,-7.81E-05
02:31.7,-7.01E-05
02:32.7,-6.16E-05
02:33.7,-8.33E-05
02:34.7,-8.17E-05
02:35.7,-8.30E-05
02:36.7,-7.04E-05
02:37.7,-6.56E-05
02:38.7,-5.20E-05
02:39.7,-4.74E-05
02:40.7,-5.50E-05
02:41.7,-5.82E-05
02:42.7,-6.06E-05
02:43.7,-4.52E-05
02:44.7,-5.02E-05
02:45.7,-6.08E-05
02:46.7,-4.65E-05
02:47.7,-5.11E-05
02:48.7,-7.11E-05
02:49.7,-8.48E-05
02:50.7,-7.80E-05
02:51.7,-6.10E-05
02:52.7,-4.77E-05
02:53.7,-6.07E-05
02:54.7,-6.33E-05
02:55.7,-5.53E-05
02:56.7,-4.13E-05
02:57.7,-5.12E-05
02:58.7,-7.08E-05
02:59.7,-5.64E-05
03:00.7,-2.59E-05
03:01.7,-2.93E-05
03:02.7,-1.43E-05
03:03.7,-1.20E-06
03:04.7,-4.78E-06
03:05.7,-1.20E-05
03:06.7,5.2630385e-06
03:07.7,1.4852935e-05
03:08.7,1.679557e-05
03:09.7,-2.95E-07
03:10.7,-2.87E-05
03:11.7,-3.53E-05
03:12.7,-4.05E-05
03:13.7,-3.14E-05
03:14.7,-1.66E-05
03:15.7,-1.28E-05
03:16.7,-4.71E-07
03:17.7,-1.51E-05
03:18.7,-3.21E-05
03:19.7,-1.89E-05
03:20.6,-8.02E-06
03:21.6,-2.07E-06
03:22.6,-4.78E-06
03:23.6,-2.39E-05
03:24.6,-4.01E-05
03:25.6,-2.54E-05
03:26.6,-2.68E-05
03:27.6,-3.99E-05
03:28.6,-5.45E-05
03:29.6,-4.29E-05
03:30.6,-5.20E-05
03:31.6,-5.20E-05
03:32.6,-5.04E-05
03:33.6,-3.79E-05
03:34.6,-2.66E-05
03:35.6,-2.68E-05
03:36.6,-3.10E-05
03:37.6,-3.09E-05
03:38.6,-2.15E-05
03:39.6,-8.77E-06
03:40.6,-2.16E-05
03:41.6,-1.62E-05
03:42.6,5.716718e-06
03:43.6,8.752537e-06
03:44.6,3.774742e-06
03:45.6,2.3034914e-05
03:46.6,3.5209854e-05
03:47.6,3.293596e-05
03:48.6,5.765091e-05
03:49.6,7.721641e-05
03:50.6,6.3512205e-05
03:51.6,7.6991026e-05
03:52.6,9.722697e-05
03:53.6,0.000106179
03:54.6,0.000114229
03:55.6,0.000107399
03:56.6,9.29494e-05
03:57.6,0.000111166
03:58.6,0.000108936
03:59.6,0.000113219
04:00.6,9.899324e-05
04:01.6,0.000112086
04:02.6,0.000126314
04:03.6,0.000129493
04:04.6,0.0001428
04:05.6,0.000119008
04:06.6,0.000116203
04:07.6,0.000128502
04:08.6,0.000129414
04:09.6,0.000133001
04:10.6,0.000123597
04:11.6,0.000130067
04:12.6,0.000118879
04:13.6,0.000122864
04:14.6,0.000129957
04:15.6,0.000144992
04:16.6,0.000140996
04:17.6,0.000151579
04:18.6,0.000158395
04:19.6,0.000160252
04:20.6,0.000144845
04:21.5,0.000178273
04:22.5,0.000169823
04:23.5,0.000150173
04:24.5,0.000162068
04:25.5,0.000167486
04:26.5,0.000159377
04:27.5,0.000168897
04:28.5,0.000195538
04:29.5,0.000183709
04:30.5,0.000206607
04:31.5,0.000199455
04:32.5,0.000186281
04:33.5,0.000180181
04:34.5,0.000170051
04:35.5,0.000164082
04:36.5,0.000179063
04:37.5,0.000155405
04:38.5,0.000166389
04:39.5,0.000156265
04:40.5,0.000143873
04:41.5,0.000154523
04:42.5,0.000135191
04:43.5,0.000134918
04:44.5,0.000126479
04:45.5,8.9070265e-05
04:46.5,7.8735226e-05
04:47.5,8.359922e-05
04:48.5,9.1937174e-05
04:49.5,0.000110808
04:50.5,0.000127627
04:51.5,0.000146713
04:52.5,0.000163367
04:53.5,0.000154311
04:54.5,0.000143625
04:55.5,0.000159554
04:56.5,0.000172265
04:57.5,0.000196189
04:58.5,0.000228275
04:59.5,0.000239157
05:00.5,0.00023682
05:01.5,0.00024199
05:02.5,0.000268949
05:03.5,0.000264397
05:04.5,0.000255993
05:05.5,0.000276757
05:06.5,0.000277491
05:07.5,0.000266198
05:08.5,0.000258796
05:09.5,0.000234287
05:10.5,0.000242377
05:11.5,0.000242208
05:12.5,0.000260291
05:13.5,0.000273956
05:14.5,0.00026176
05:15.5,0.000274195
05:16.5,0.000279117
05:17.5,0.00027773
05:18.5,0.000318794
05:19.5,0.00032056
05:20.5,0.000333523
05:21.5,0.000324409
05:22.5,0.000314794
05:23.4,0.000323844
05:24.4,0.000334549
05:25.4,0.000336429
05:26.4,0.000330668
05:27.4,0.000325255
05:28.4,0.000334694
05:29.4,0.000352699
05:30.4,0.00035472
05:31.4,0.000338139
05:32.4,0.000347856
05:33.4,0.000335347
05:34.4,0.000320476
05:35.4,0.000310613
05:36.4,0.000317258
05:37.4,0.00032586
05:38.4,0.000310839
05:39.4,0.000315697
05:40.4,0.000310714
05:41.4,0.000309553
05:42.4,0.000303213
05:43.4,0.000297733
05:44.4,0.000308686
05:45.4,0.000302041
05:46.4,0.000337785
05:47.4,0.000338543
05:48.4,0.000333004
05:49.4,0.000314193
05:50.4,0.000322046
05:51.4,0.000311421
05:52.4,0.000329653
05:53.4,0.000339835
05:54.4,0.000306527
05:55.4,0.000306004
05:56.4,0.000313868
05:57.4,0.000324627
05:58.4,0.000335153
05:59.4,0.000289254
06:00.4,0.000282926
06:01.4,0.000296291
06:02.4,0.000285183
06:03.4,0.000291118
06:04.4,0.000299
06:05.4,0.000278838
06:06.4,0.000292086
06:07.4,0.000312732
06:08.4,0.000330572
06:09.4,0.000324119
06:10.4,0.00031625
06:11.4,0.000314936
06:12.4,0.000311515
06:13.4,0.000315853
06:14.4,0.000293572
06:15.4,0.000305972
06:16.4,0.000331004
06:17.4,0.000310905
06:18.4,0.000330542
06:19.4,0.00032351
06:20.4,0.000324423
06:21.4,0.000311814
06:22.4,0.000319221
06:23.4,0.000326886
06:24.3,0.00034716
06:25.3,0.000343878
06:26.3,0.000342327
06:27.3,0.000334388
06:28.3,0.000330308
06:29.3,0.000311004
06:30.3,0.000301017
06:31.3,0.000299589
06:32.3,0.000276191
06:33.3,0.000257788
06:34.3,0.000264668
06:35.3,0.000264341
06:36.3,0.000277038
06:37.3,0.000270753
06:38.3,0.000268557
06:39.3,0.000268101
06:40.3,0.000248262
06:41.3,0.000236333
06:42.3,0.000229535
06:43.3,0.00022649
06:44.3,0.000220933
06:45.3,0.00021752
06:46.3,0.000213455
06:47.3,0.000209112
06:48.3,0.000181342
06:49.3,0.000216251
06:50.3,0.000217678
06:51.3,0.000227047
06:52.3,0.000248994
06:53.3,0.000236372
06:54.3,0
06:55.3,-4.94E-05
06:56.3,-5.69E-05
06:57.3,-5.52E-05
06:58.3,-5.63E-05
06:59.3,-3.64E-05
07:00.3,-5.87E-05
07:01.3,-5.78E-05
07:02.3,-4.61E-05
07:03.3,-3.24E-05
07:04.3,-3.95E-05
07:05.3,-3.88E-05
07:06.3,-3.91E-05
07:07.3,-5.06E-05
07:08.3,-3.85E-05
07:09.3,-5.13E-05
07:10.3,-5.17E-05
07:11.3,-4.95E-05
07:12.3,-5.48E-05
07:13.3,-5.89E-05
07:14.3,-5.95E-05
07:15.3,-6.22E-05
07:16.3,-6.59E-05
07:17.3,-7.13E-05
07:18.3,-6.68E-05
07:19.3,-7.77E-05
07:20.3,-6.01E-05
07:21.3,-5.86E-05
07:22.3,-7.28E-05
07:23.3,-8.91E-05
07:24.3,-9.80E-05
07:25.2,-0.000124241
07:26.2,-0.000119871
07:27.2,-0.000112621
07:28.2,-0.000110338
07:29.2,-9.27E-05
07:30.2,-9.77E-05
07:31.2,-8.96E-05
07:32.2,-6.75E-05
07:33.2,-5.06E-05
07:34.2,-5.17E-05
07:35.2,-6.34E-05
07:36.2,-6.28E-05
07:37.2,-7.05E-05
07:38.2,-6.90E-05
07:39.2,-6.66E-05
07:40.2,-5.11E-05
07:41.2,-2.81E-05
07:42.2,-2.81E-06
07:43.2,1.1614229e-05
07:44.2,1.20997665e-05
07:45.2,-9.37E-07
07:46.2,-1.24E-05
07:47.2,5.0214896e-07
07:48.2,1.56587e-05
07:49.2,5.1468305e-05
07:50.2,8.8108405e-05
07:51.2,0.000100867
07:52.2,7.9701524e-05
07:53.2,5.7007303e-05
07:54.2,4.618101e-05
07:55.2,3.3791486e-05
07:56.2,3.6945054e-05
07:57.2,3.7281185e-05
07:58.2,4.6333247e-05
07:59.2,5.4702905e-05
08:00.2,7.151761e-05
08:01.2,6.1484105e-05
08:02.2,5.4693308e-05
08:03.2,5.15492e-05
08:04.2,4.8113194e-05
08:05.2,4.5588462e-05
08:06.2,7.477701e-05
08:07.2,5.9242997e-05
08:08.2,4.530119e-05
08:09.2,5.786666e-05
08:10.2,4.5108627e-05
08:11.2,5.0386658e-05
08:12.2,5.052884e-05
08:13.2,4.815218e-05
08:14.2,4.421159e-05
08:15.2,4.4188466e-05
08:16.2,5.1722487e-05
08:17.2,4.2781663e-05
08:18.2,2.7972725e-05
08:19.2,3.483151e-05
08:20.2,5.0635015e-05
08:21.2,5.8184054e-05
08:22.2,6.1300605e-05
08:23.2,3.9137012e-05
08:24.2,3.587968e-05
08:25.2,2.0619109e-05
08:26.1,8.991621e-06
08:27.1,-2.26E-05
08:28.1,3.2122895e-07
08:29.1,-1.03E-05
08:30.1,-2.30E-05
08:31.1,-3.55E-05
08:32.1,-4.28E-05
08:33.1,-2.59E-05
08:34.1,-2.78E-05
08:35.1,-1.81E-05
08:36.1,-2.05E-05
08:37.1,-2.29E-05
08:38.1,-3.44E-05
08:39.1,-2.86E-05
08:40.1,-3.03E-05
08:41.1,-5.38E-05
08:42.1,-7.41E-05
08:43.1,-9.87E-05
08:44.1,-0.000122189
08:45.1,-0.00013167
08:46.1,-0.000118736
08:47.1,-0.000110938
08:48.1,-0.000126017
08:49.1,-0.000122489
08:50.1,-0.000121193
08:51.1,-0.000135904
08:52.1,-0.000134543
08:53.1,-0.000140923
08:54.1,-0.000149834
08:55.1,-0.00013261
08:56.1,-0.000141333
08:57.1,-0.000143142
08:58.1,-0.000141371
08:59.1,-0.00016283
09:00.1,-0.000181988
09:01.1,-0.000193217
09:02.1,-0.000193786
09:03.1,-0.00019208
09:04.1,-0.000180538
09:05.1,-0.000177228
09:06.1,-0.000181184
09:07.1,-0.000156072
09:08.1,-0.000149322
09:09.1,-0.000174932
09:10.1,-0.000175703
09:11.1,-0.000178107
09:12.1,-0.000167199
09:13.1,-0.000170657
09:14.1,-0.000169402
09:15.1,-0.000163789
09:16.1,-0.000139298
09:17.1,-0.000136715
09:18.1,-0.000148875
09:19.1,-0.00013583
09:20.1,-0.000138323
09:21.1,-0.000118944
09:22.1,-0.000129725
09:23.1,-0.000112051
09:24.1,-0.000122528
09:25.1,-0.000103356
09:26.1,-8.09E-05
09:27.0,-8.09E-05
09:28.0,-6.22E-05
09:29.0,-3.72E-05
09:30.0,-2.73E-05
09:31.0,-2.26E-05
09:32.0,-2.94E-05
09:33.0,-3.12E-05
09:34.0,-3.33E-05
09:35.0,-2.91E-05
09:36.0,-2.59E-05
09:37.0,-3.65E-05
09:38.0,-4.73E-05
09:39.0,-6.36E-05
09:40.0,-5.99E-05
09:41.0,-6.96E-05
09:42.0,-7.74E-05
09:43.0,-6.41E-05
09:44.0,-4.90E-05
09:45.0,-4.51E-05
09:46.0,-2.70E-05
09:47.0,-4.38E-05
09:48.0,-5.34E-05
09:49.0,-3.99E-05
09:50.0,-4.19E-05
09:51.0,-5.77E-05
09:52.0,-4.70E-05
09:53.0,-4.95E-05
09:54.0,-5.23E-05
09:55.0,-7.23E-05
09:56.0,-8.72E-05
09:57.0,-5.94E-05
09:58.0,-4.63E-05
09:59.0,-5.46E-05
10:00.0,-8.34E-05
10:01.0,-6.34E-05
10:02.0,-7.10E-05
10:03.0,-6.20E-05
10:04.0,-7.26E-05
10:05.0,-7.00E-05
10:06.0,-7.10E-05
10:07.0,-6.55E-05
10:08.0,-6.27E-05
10:09.0,-5.14E-05
10:10.0,-6.69E-05
10:11.0,-7.57E-05
10:12.0,-6.57E-05
10:13.0,-6.15E-05
10:14.0,-7.24E-05
10:15.0,-8.64E-05
10:16.0,-7.18E-05
10:17.0,-7.93E-05
10:18.0,-7.77E-05
10:19.0,-5.70E-05
10:20.0,-6.96E-05
10:21.0,-7.26E-05
10:22.0,-6.34E-05
10:23.0,-6.83E-05
10:24.0,-6.17E-05
10:25.0,-5.50E-05
10:26.0,-3.93E-05
10:27.0,-1.63E-05
10:27.9,-1.13E-05
10:28.9,-1.30E-05
10:29.9,-1.76E-05
10:30.9,-1.99E-05
10:31.9,-2.72E-05
10:32.9,-2.96E-05
10:33.9,-4.64E-05
10:34.9,-5.52E-05
10:35.9,-4.81E-05
10:36.9,-1.80E-05
10:37.9,-4.40E-05
10:38.9,-5.29E-05
10:39.9,-5.12E-05
10:40.9,-4.51E-05
10:41.9,-5.14E-05
10:42.9,-5.16E-05
10:43.9,-3.98E-05
10:44.9,-2.90E-05
10:45.9,-2.47E-05
10:46.9,-3.56E-05
10:47.9,-3.91E-05
10:48.9,-1.67E-05
10:49.9,-8.20E-06
10:50.9,-4.22E-06
10:51.9,-2.45E-05
10:52.9,-2.65E-05
10:53.9,-1.04E-05
10:54.9,-1.35E-05
10:55.9,-2.07E-05
10:56.9,-2.60E-05
10:57.9,-1.97E-05
10:58.9,5.232964e-06
10:59.9,7.978469e-06
11:00.9,-6.37E-06
11:01.9,-1.14E-05
11:02.9,-1.90E-05
11:03.9,-2.94E-05
11:04.9,-2.61E-05
11:05.9,-1.84E-05
11:06.9,-4.01E-06
11:07.9,-3.52E-06
11:08.9,3.5367998e-06
11:09.9,4.5046514e-07
11:10.9,-1.44E-05
11:11.9,-9.64E-06
11:12.9,-6.58E-06
11:13.9,-6.39E-06
11:14.9,-1.11E-05
11:15.9,-1.20E-05
11:16.9,-1.47E-07
11:17.9,-1.68E-06
11:18.9,-1.56E-05
11:19.9,-1.51E-05
11:20.9,-3.79E-05
11:21.9,-2.00E-05
11:22.9,-1.81E-06
11:23.9,4.3828304e-06
11:24.9,1.1906233e-05
11:25.9,1.8628822e-05
11:26.9,1.0093927e-05
11:27.9,4.632205e-06
11:28.8,-5.87E-06
11:29.8,-6.09E-06
11:30.8,1.475264e-05
11:31.8,1.47620685e-05
11:32.8,3.3259115e-05
11:33.8,2.529743e-05
11:34.8,2.7179798e-05
11:35.8,4.8086655e-05
11:36.8,5.4136603e-05
11:37.8,6.2626445e-05
11:38.8,6.6818706e-05
11:39.8,6.640073e-05
11:40.8,7.29135e-05
11:41.8,8.3893356e-05
11:42.8,9.0436755e-05
11:43.8,7.954708e-05
11:44.8,7.6952805e-05
11:45.8,7.720282e-05
11:46.8,6.425472e-05
11:47.8,9.380797e-05
11:48.8,9.534379e-05
11:49.8,8.446805e-05
11:50.8,7.938654e-05
11:51.8,6.5357e-05
11:52.8,5.3664196e-05
11:53.8,6.647161e-05
11:54.8,8.074286e-05
11:55.8,7.3674135e-05
11:56.8,7.539865e-05
11:57.8,4.2367206e-05
11:58.8,5.9518712e-05
11:59.8,6.496586e-05
12:00.8,7.7547265e-05
12:01.8,9.13293e-05
12:02.8,0.00012274
12:03.8,0.000131353
12:04.8,0.000123241
12:05.8,0.000116215
12:06.8,0.000127978
12:07.8,0.000148846
12:08.8,0.000178933
12:09.8,0.000172605
12:10.8,0.000150012
12:11.8,0.000114926
12:12.8,0.000110341
12:13.8,0.000135945
12:14.8,0.000127718
12:15.8,0.000124103
12:16.8,0.000127509
12:17.8,0.000158445
12:18.8,0.000153118
12:19.8,0.000168885
12:20.8,0.000194466
12:21.8,0.00017484
12:22.8,0.000181412
12:23.8,0.000177036
12:24.8,0.000169012
12:25.8,0.00017338
12:26.8,0.000166023
12:27.8,0.000163887
12:28.8,0.000184824
12:29.7,0.000176699
12:30.7,0.000167144
12:31.7,0.000197215
12:32.7,0.000186898
12:33.7,0.000171894
12:34.7,0.000198963
12:35.7,0.000200775
12:36.7,0.000175163
12:37.7,0.000165453
12:38.7,0.00017853
12:39.7,0.000183297
12:40.7,0.000197283
12:41.7,0.000194449
12:42.7,0.000144059
12:43.7,0.000102322
12:44.7,0.000137573
12:45.7,0.000129613
12:46.7,0.000142282
12:47.7,0.000139307
12:48.7,0.000143048
12:49.7,0.000148284
12:50.7,0.000170238
12:51.7,0.000173374
12:52.7,0.000159249
12:53.7,0.000168593
12:54.7,0.00015723
12:55.7,0.000138324
12:56.7,0.000107202
12:57.7,0.000107896
12:58.7,0.000123216
12:59.7,0.000124994
13:00.7,0.000161372
13:01.7,0.000152808
13:02.7,0.000153765
13:03.7,0.000124063
13:04.7,0.00011034
13:05.7,8.564826e-05
13:06.7,9.8205215e-05
13:07.7,0.000104624
13:08.7,0.000109453
13:09.7,9.346702e-05
13:10.7,7.0512055e-05
13:11.7,8.565233e-05
13:12.7,0.000110139
13:13.7,0.000110189
13:14.7,0.000122104
13:15.7,8.911854e-05
13:16.7,8.7965986e-05
13:17.7,9.13292e-05
13:18.7,7.7689125e-05
13:19.7,9.261924e-05
13:20.7,8.616245e-05
13:21.7,0.000102127
13:22.7,0.000104477
13:23.7,7.8935765e-05
13:24.7,9.220867e-05
13:25.7,8.749036e-05
13:26.7,4.168065e-05
13:27.7,2.358774e-05
13:28.7,3.9180883e-05
13:29.7,5.4651355e-05
13:30.6,7.230641e-05
13:31.6,5.8959213e-05
13:32.6,3.3143984e-05
13:33.6,6.8909976e-05
13:34.6,6.1027837e-05
13:35.6,4.914934e-05
13:36.6,6.222953e-05
13:37.6,6.827295e-05
13:38.6,7.394747e-05
13:39.6,9.247513e-05
13:40.6,9.2236995e-05
13:41.6,7.950554e-05
13:42.6,8.562058e-05
13:43.6,8.7861896e-05
13:44.6,8.008054e-05
13:45.6,0.000102826
13:46.6,0.000102016
13:47.6,9.121204e-05
13:48.6,0.000115088
13:49.6,0.000125021
13:50.6,0.000105708
13:51.6,9.885165e-05
13:52.6,9.979066e-05
13:53.6,0.000113943
13:54.6,9.937659e-05
13:55.6,9.55505e-05
13:56.6,9.346719e-05
13:57.6,0.000119001
13:58.6,0.000139091
13:59.6,0.000199386
14:00.6,0.000198112
14:01.6,0.000211348
14:02.6,0.000200024
14:03.6,0.000201103
14:04.6,0.000221111
14:05.6,0.000255685
14:06.6,0.000230058
14:07.6,0.00023021
14:08.6,0.000242997
14:09.6,0.00024002
14:10.6,0.000225009
14:11.6,0.000251517
14:12.6,0.000251183
14:13.6,0.000253718
14:14.6,0.000276727
14:15.6,0.000287552
14:16.6,0.000265669
14:17.6,0.000228977
14:18.6,0.00023351
14:19.6,0.000189949
14:20.6,0.00022938
14:21.6,0.000222361
14:22.6,0.000234769
14:23.6,0.000242017
14:24.6,0.000228982
14:25.6,0.000230482
14:26.6,0.000255099
14:27.6,0.000279927
14:28.6,0.000259843
14:29.6,0.000238913
14:30.6,0.000227001
14:31.6,0.000235135
14:32.5,0.000241468
14:33.5,0.000270312
14:34.5,0.000290438
14:35.5,0.000257515
14:36.5,0.000258108
14:37.5,0.000227812
14:38.5,0.000203263
14:39.5,0.000238625
14:40.5,0.000289619
14:41.5,0.000331555
14:42.5,0.000355934
14:43.5,0.000347699
14:44.5,0.00033286
14:45.5,0.00031961
14:46.5,0.00032783
14:47.5,0.00030572
14:48.5,0.000283065
14:49.5,0.000301845
14:50.5,0.000307491
14:51.5,0.000303446
14:52.5,0.000336566
14:53.5,0.000310863
14:54.5,0.000326841
14:55.5,0.000330899
14:56.5,0.00033585
14:57.5,0.000351546
14:58.5,0.000315547
14:59.5,0.000296971
15:00.5,0.000269804
15:01.5,0.000261711
15:02.5,0.000278208
15:03.5,0.000317541
15:04.5,0.000347214
15:05.5,0.000321854
15:06.5,0.000321078
15:07.5,0.000295631
15:08.5,0.000359449
15:09.5,0.000396978
15:10.5,0.000408406
15:11.5,0.000391799
15:12.5,0.000381738
15:13.5,0.000410939
15:14.5,0.000400154
15:15.5,0.000388584
15:16.5,0.000350413
15:17.5,0.000364818
15:18.5,0.000333649
15:19.5,0.00028902
15:20.5,0.000317013
15:21.5,0.000358609
15:22.5,0.000347061
15:23.5,0.000354225
15:24.5,0.000355552
15:25.5,0.000364055
15:26.5,0.00037212
15:27.5,0.000337015
15:28.5,0.00033093
15:29.5,0.000353367
15:30.5,0.000397555
15:31.5,0.000377627
15:32.5,0.000383677
15:33.4,0.000388754
15:34.4,0.000370191
15:35.4,0.00038869
15:36.4,0.000398774
15:37.4,0.000379912
15:38.4,0.000405529
15:39.4,0.000389058
15:40.4,0.000360296
15:41.4,0.000384999
15:42.4,0.000350942
15:43.4,0.000345964
15:44.4,0.000294692
15:45.4,0.00031443
15:46.4,0.000376575
15:47.4,0.000419315
15:48.4,0.00037791
15:49.4,0.000371035
15:50.4,0.000372371
15:51.4,0.000373263
15:52.4,0.000364557
15:53.4,0.000365496
15:54.4,0.000365754
15:55.4,0.000390914
15:56.4,0.000386344
15:57.4,0.000386397
15:58.4,0.000396503
15:59.4,0.000366764
16:00.4,0.000331177
16:01.4,0.000304229
16:02.4,0.000290953
16:03.4,0.00032634
16:04.4,0.000313252
16:05.4,0.000285703
16:06.4,0.0002853
16:07.4,0.000293911
16:08.4,0.000323774
16:09.4,0.00031893
16:10.4,0.000320483
16:11.4,0.00031118
16:12.4,0.000314787
16:13.4,0.000299088
16:14.4,0.000288118
16:15.4,0.000277649
16:16.4,0.000297606
16:17.4,0.00030234
16:18.4,0.000300114
16:19.4,0.000307695
16:20.4,0.000307746
16:21.4,0.000301172
16:22.4,0.000310135
16:23.4,0.000349187
16:24.4,0.000364877
16:25.4,0.000396845
16:26.4,0.000426653
16:27.4,0.000479125
16:28.4,0.000485563
16:29.4,0.000449329
16:30.4,0.000434969
16:31.4,0.000446174
16:32.4,0.000471002
16:33.4,0.000485706
16:34.3,0.000497394
16:35.3,0.000509862
16:36.3,0.00048772
16:37.3,0.000438715
16:38.3,0.000434808
16:39.3,0.000469101
16:40.3,0.000507244
16:41.3,0.000472598
16:42.3,0.000454261
16:43.3,0.000488206
16:44.3,0.000502973
16:45.3,0.000533762
16:46.3,0.000531972
16:47.3,0.000505351
16:48.3,0.000524964
16:49.3,0.000545864
16:50.3,0.000557749
16:51.3,0.000528473
16:52.3,0.000583128
16:53.3,0.000552271
16:54.3,0
16:55.3,5.2595355e-05
16:56.3,3.0379264e-05
16:57.3,9.695514e-06
16:58.3,-2.56E-06
16:59.3,-3.74E-05
17:00.3,-3.05E-05
17:01.3,-4.27E-05
17:02.3,-5.78E-05
17:03.3,-2.24E-05
17:04.3,1.2501838e-05
17:05.3,6.8852473e-06
17:06.3,3.9533375e-06
17:07.3,1.0357686e-05
17:08.3,5.643721e-05
17:09.3,9.2239876e-05
17:10.3,0.000117614
17:11.3,7.6266704e-05
17:12.3,9.1920156e-05
17:13.3,8.0781e-05
17:14.3,7.755961e-05
17:15.3,1.3921617e-05
17:16.3,-1.46E-05
17:17.3,-2.01E-05
17:18.3,-1.07E-05
17:19.3,5.731061e-06
17:20.3,-4.36E-07
17:21.3,2.8248429e-05
17:22.3,3.7681162e-05
17:23.3,4.316492e-05
17:24.3,1.6789794e-05
17:25.3,1.4796662e-05
17:26.3,-6.82E-06
17:27.3,2.1842952e-06
17:28.3,1.4235942e-05
17:29.3,1.2257733e-05
17:30.3,-1.62E-05
17:31.3,-2.88E-05
17:32.3,-2.32E-05
17:33.3,-3.44E-05
17:34.3,-9.96E-06
17:35.2,5.755427e-07
17:36.2,-3.21E-06
17:37.2,1.3700329e-06
17:38.2,-1.31E-05
17:39.2,-3.99E-05
17:40.2,-4.30E-05
17:41.2,-2.05E-05
17:42.2,-1.39E-05
17:43.2,-2.53E-05
17:44.2,-3.82E-05
17:45.2,-4.74E-05
17:46.2,-2.87E-05
17:47.2,2.1664075e-06
17:48.2,1.9528245e-05
17:49.2,3.739085e-06
17:50.2,1.621046e-05
17:51.2,3.1454387e-05
17:52.2,6.2978274e-06
17:53.2,1.4152347e-05
17:54.2,6.803547e-06
17:55.2,3.566591e-05
17:56.2,3.0048524e-05
17:57.2,3.2017917e-05
17:58.2,2.88171e-05
17:59.2,4.1523002e-05
18:00.2,6.9296175e-07
18:01.2,-1.52E-05
18:02.2,1.2526202e-05
18:03.2,1.16835145e-05
18:04.2,8.21717e-06
18:05.2,6.1553587e-06
18:06.2,-2.42E-06
18:07.2,-7.50E-06
18:08.2,-1.80E-05
18:09.2,-1.35E-05
18:10.2,2.8910065e-06
18:11.2,2.2065888e-05
18:12.2,1.0881139e-05
18:13.2,9.28851e-06
18:14.2,1.1855015e-05
18:15.2,2.1433822e-05
18:16.2,3.8511178e-05
18:17.2,4.9742135e-05
18:18.2,3.5415604e-05
18:19.2,4.4812317e-05
18:20.2,3.254597e-05
18:21.2,7.598947e-05
18:22.2,9.1757196e-05
18:23.2,7.987853e-05
18:24.2,4.6628666e-05
18:25.2,3.3420903e-05
18:26.2,2.3071467e-05
18:27.2,-2.80E-05
18:28.2,-4.35E-05
18:29.2,-2.11E-05
18:30.2,-2.06E-05
18:31.2,9.1612865e-06
18:32.2,3.703342e-06
18:33.2,2.2346585e-06
18:34.2,8.104935e-06
18:35.2,3.2078107e-05
18:36.1,5.7939533e-06
18:37.1,-1.95E-05
18:38.1,-2.43E-05
18:39.1,-3.17E-05
18:40.1,-2.79E-05
18:41.1,-1.20E-05
18:42.1,-2.92E-05
18:43.1,-1.63E-05
18:44.1,-8.46E-06
18:45.1,3.280253e-05
18:46.1,4.8530266e-05
18:47.1,5.1011826e-05
18:48.1,1.6302247e-05
18:49.1,1.5887488e-05
18:50.1,3.6450136e-05
18:51.1,5.7250913e-05
18:52.1,8.574096e-05
18:53.1,6.0009246e-05
18:54.1,5.5835324e-05
18:55.1,6.448968e-05
18:56.1,5.6710454e-05
18:57.1,4.545006e-05
18:58.1,2.5910636e-05
18:59.1,4.5213004e-05
19:00.1,6.4142696e-05
19:01.1,6.421383e-05
19:02.1,7.225585e-05
19:03.1,5.8888138e-05
19:04.1,6.314119e-05
19:05.1,7.0216745e-05
19:06.1,5.3282067e-05
19:07.1,3.1007294e-05
19:08.1,1.3159461e-05
19:09.1,5.4240933e-05
19:10.1,6.453929e-05
19:11.1,6.000662e-05
19:12.1,3.4427172e-05
19:13.1,2.8452412e-05
19:14.1,3.936371e-05
19:15.1,5.9915474e-05
19:16.1,6.202207e-05
19:17.1,4.3479817e-05
19:18.1,4.5744182e-05
19:19.1,7.957295e-06
19:20.1,4.7846434e-06
19:21.1,2.7043485e-05
19:22.1,1.777427e-05
19:23.1,4.0534913e-05
19:24.1,2.7309537e-05
19:25.1,3.5639987e-05
19:26.1,2.91456e-05
19:27.1,3.483885e-06
19:28.1,-8.67E-06
19:29.1,1.8469076e-05
19:30.1,3.1573763e-05
19:31.1,1.9925337e-05
19:32.1,1.312082e-05
19:33.1,1.366951e-05
19:34.1,2.0426374e-05
19:35.1,1.4675192e-05
19:36.1,4.6302408e-05
19:37.0,1.90428e-05
19:38.0,6.579241e-06
19:39.0,4.2158827e-06
19:40.0,-4.44E-06
19:41.0,-5.03E-06
19:42.0,6.4546185e-07
19:43.0,-8.32E-06
19:44.0,1.15611465e-05
19:45.0,5.9640442e-06
19:46.0,-4.91E-06
19:47.0,-1.14E-05
19:48.0,-1.23E-05
19:49.0,1.7921381e-07
19:50.0,-1.88E-05
19:51.0,-2.83E-05
19:52.0,-2.26E-05
19:53.0,-1.52E-05
19:54.0,-2.40E-05
19:55.0,-1.65E-05
19:56.0,-2.23E-05
19:57.0,-5.21E-06
19:58.0,-8.92E-07
19:59.0,1.5428403e-05
20:00.0,4.9734635e-06
20:01.0,9.72365e-07
20:02.0,1.0652403e-05
20:03.0,-5.81E-06
20:04.0,1.4450523e-05
20:05.0,1.32199075e-05
20:06.0,1.971533e-05
20:07.0,1.8314862e-05
20:08.0,4.2442574e-05
20:09.0,4.7293794e-05
20:10.0,7.968204e-05
20:11.0,0.000103084
20:12.0,0.000104351
20:13.0,0.000110881
20:14.0,8.755264e-05
20:15.0,6.931346e-05
20:16.0,7.4553085e-05
20:17.0,4.560655e-05
20:18.0,5.0767943e-05
20:19.0,5.0183506e-05
20:20.0,4.1035506e-05
20:21.0,1.13903525e-05
20:22.0,2.7902744e-05
20:23.0,5.1296098e-05
20:24.0,5.216322e-05
20:25.0,4.954169e-05
20:26.0,5.0493425e-05
20:27.0,5.952349e-05
20:28.0,6.904376e-05
20:29.0,5.992289e-05
20:30.0,6.543385e-05
20:31.0,4.913715e-05
20:32.0,2.7238148e-05
20:33.0,2.032848e-05
20:34.0,3.8758793e-05
20:35.0,3.8492813e-05
20:36.0,2.4543813e-05
20:37.0,4.838267e-05
20:37.9,5.2345506e-05
20:38.9,4.9260605e-05
20:39.9,4.707352e-05
20:40.9,5.1706156e-05
20:41.9,2.45852e-05
20:42.9,3.403528e-06
20:43.9,2.3609695e-05
20:44.9,2.8144284e-05
20:45.9,3.630198e-05
20:46.9,2.3274017e-05
20:47.9,2.1481135e-05
20:48.9,2.6474032e-05
20:49.9,3.4089582e-05
20:50.9,2.8266417e-05
20:51.9,2.8757859e-05
20:52.9,3.194289e-05
20:53.9,4.406201e-05
20:54.9,3.9088154e-05
20:55.9,4.775771e-05
20:56.9,5.493458e-05
20:57.9,5.206783e-05
20:58.9,5.858673e-05
20:59.9,5.48033e-05
21:00.9,1.10863975e-05
21:01.9,1.2117574e-06
21:02.9,-1.05E-05
21:03.9,-3.27E-06
21:04.9,-2.01E-05
21:05.9,-1.85E-05
21:06.9,-2.65E-05
21:07.9,-5.19E-05
21:08.9,-3.79E-05
21:09.9,-3.07E-06
21:10.9,2.2293762e-05
21:11.9,1.624786e-05
21:12.9,-3.41E-06
21:13.9,-1.61E-05
21:14.9,-3.44E-05
21:15.9,-7.81E-06
21:16.9,-1.86E-05
21:17.9,-2.38E-05
21:18.9,-3.44E-05
21:19.9,-3.61E-05
21:20.9,-1.47E-05
21:21.9,-1.51E-05
21:22.9,-1.01E-05
21:23.9,-3.72E-05
21:24.9,-4.24E-05
21:25.9,-3.15E-05
21:26.9,-3.85E-05
21:27.9,-4.79E-05
21:28.9,-5.63E-05
21:29.9,-3.92E-05
21:30.9,-3.16E-05
21:31.9,-3.45E-05
21:32.9,-5.44E-05
21:33.9,-7.37E-05
21:34.9,-5.73E-05
21:35.9,-3.72E-05
21:36.9,-2.07E-05
21:37.9,-4.38E-05
21:38.8,-6.18E-05
21:39.8,-7.74E-05
21:40.8,-7.88E-05
21:41.8,-8.58E-05
21:42.8,-8.22E-05
21:43.8,-6.15E-05
21:44.8,-5.38E-05
21:45.8,-5.04E-05
21:46.8,-4.52E-05
21:47.8,-5.07E-05
21:48.8,-7.75E-05
21:49.8,-6.11E-05
21:50.8,-6.72E-05
21:51.8,-5.71E-05
21:52.8,-6.12E-05
21:53.8,-6.06E-05
21:54.8,-6.02E-05
21:55.8,-5.73E-05
21:56.8,-6.23E-05
21:57.8,-6.24E-05
21:58.8,-8.06E-05
21:59.8,-6.03E-05
22:00.8,-6.58E-05
22:01.8,-7.75E-05
22:02.8,-7.59E-05
22:03.8,-6.87E-05
22:04.8,-6.16E-05
22:05.8,-6.89E-05
22:06.8,-7.69E-05
22:07.8,-8.69E-05
22:08.8,-8.96E-05
22:09.8,-9.82E-05
22:10.8,-8.89E-05
22:11.8,-6.89E-05
22:12.8,-7.54E-05
22:13.8,-8.64E-05
22:14.8,-7.38E-05
22:15.8,-6.82E-05
22:16.8,-8.20E-05
22:17.8,-8.19E-05
22:18.8,-8.29E-05
22:19.8,-8.22E-05
22:20.8,-8.08E-05
22:21.8,-0.00010593
22:22.8,-0.000107641
22:23.8,-0.000117397
22:24.8,-0.000126113
22:25.8,-0.000111104
22:26.8,-0.000113325
22:27.8,-0.000107717
22:28.8,-0.000110469
22:29.8,-0.000100271
22:30.8,-9.71E-05
22:31.8,-0.00010275
22:32.8,-9.52E-05
22:33.8,-8.86E-05
22:34.8,-8.01E-05
22:35.8,-7.02E-05
22:36.8,-6.05E-05
22:37.8,-7.11E-05
22:38.8,-8.42E-05
22:39.8,-8.62E-05
22:40.7,-0.000101284
22:41.7,-9.47E-05
22:42.7,-9.05E-05
22:43.7,-9.35E-05
22:44.7,-7.74E-05
22:45.7,-6.28E-05
22:46.7,-6.95E-05
22:47.7,-7.13E-05
22:48.7,-8.82E-05
22:49.7,-9.10E-05
22:50.7,-8.39E-05
22:51.7,-7.43E-05
22:52.7,-8.31E-05
22:53.7,-6.94E-05
22:54.7,-8.43E-05
22:55.7,-8.74E-05
22:56.7,-7.98E-05
22:57.7,-7.09E-05
22:58.7,-7.31E-05
22:59.7,-6.32E-05
23:00.7,-6.09E-05
23:01.7,-5.47E-05
23:02.7,-5.51E-05
23:03.7,-6.33E-05
23:04.7,-6.65E-05
23:05.7,-7.25E-05
23:06.7,-8.14E-05
23:07.7,-7.54E-05
23:08.7,-8.50E-05
23:09.7,-0.000102451
23:10.7,-7.99E-05
23:11.7,-6.47E-05
23:12.7,-5.79E-05
23:13.7,-7.26E-05
23:14.7,-6.86E-05
23:15.7,-5.94E-05
23:16.7,-6.94E-05
23:17.7,-7.97E-05
23:18.7,-8.65E-05
23:19.7,-8.45E-05
23:20.7,-8.20E-05
23:21.7,-8.81E-05
23:22.7,-8.25E-05
23:23.7,-8.75E-05
23:24.7,-9.17E-05
23:25.7,-8.81E-05
23:26.7,-6.88E-05
23:27.7,-6.08E-05
23:28.7,-6.12E-05
23:29.7,-6.63E-05
23:30.7,-6.98E-05
23:31.7,-7.03E-05
23:32.7,-6.61E-05
23:33.7,-6.79E-05
23:34.7,-5.48E-05
23:35.7,-4.44E-05
23:36.7,-5.21E-05
23:37.7,-5.24E-05
23:38.7,-5.37E-05
23:39.7,-4.45E-05
23:40.7,-3.45E-05
23:41.6,-2.62E-05
23:42.6,-2.71E-05
23:43.6,-3.93E-05
23:44.6,-3.51E-05
23:45.6,-1.75E-05
23:46.6,-1.34E-05
23:47.6,-1.79E-05
23:48.6,-1.41E-05
23:49.6,-1.42E-05
23:50.6,-1.07E-05
23:51.6,-1.63E-05
23:52.6,-2.32E-05
23:53.6,-1.42E-05
23:54.6,-7.61E-06
23:55.6,-6.20E-06
23:56.6,-1.08E-05
23:57.6,-2.57E-05
23:58.6,-3.29E-05
23:59.6,-3.25E-05
24:00.6,-3.66E-05
24:01.6,-3.68E-05
24:02.6,-3.79E-05
24:03.6,-3.96E-05
24:04.6,-3.71E-05
24:05.6,-3.34E-05
24:06.6,-3.62E-05
24:07.6,-6.16E-05
24:08.6,-7.98E-05
24:09.6,-8.52E-05
24:10.6,-0.000107639
24:11.6,-0.000114863
24:12.6,-0.000132821
24:13.6,-0.000156354
24:14.6,-0.000179147
24:15.6,-0.000177684
24:16.6,-0.000179202
24:17.6,-0.000195949
24:18.6,-0.000194842
24:19.6,-0.000189063
24:20.6,-0.000196564
24:21.6,-0.000196232
24:22.6,-0.000187238
24:23.6,-0.000188775
24:24.6,-0.000193098
24:25.6,-0.000192727
24:26.6,-0.000184371
24:27.6,-0.000191703
24:28.6,-0.000179731
24:29.6,-0.000180165
24:30.6,-0.00018473
24:31.6,-0.000182533
24:32.6,-0.000187497
24:33.6,-0.000190267
24:34.6,-0.000193733
24:35.6,-0.000188599
24:36.6,-0.000202976
24:37.6,-0.000198323
24:38.6,-0.000183182
24:39.6,-0.000182593
24:40.6,-0.000195901
24:41.6,-0.000200021
24:42.5,-0.000195405
24:43.5,-0.00019892
24:44.5,-0.000209757
24:45.5,-0.000198449
24:46.5,-0.000189667
24:47.5,-0.000202197
24:48.5,-0.000197607
24:49.5,-0.000178849
24:50.5,-0.000173581
24:51.5,-0.000164754
24:52.5,-0.000171196
24:53.5,-0.000179883
24:54.5,-0.000172165
24:55.5,-0.000181046
24:56.5,-0.00016908
24:57.5,-0.000164237
24:58.5,-0.000170509
24:59.5,-0.000161162
25:00.5,-0.000166227
25:01.5,-0.000167689
25:02.5,-0.000165479
25:03.5,-0.000150878
25:04.5,-0.000160383
25:05.5,-0.000152388
25:06.5,-0.000151805
25:07.5,-0.000146518
25:08.5,-0.000151511
25:09.5,-0.000146884
25:10.5,-0.00015646
25:11.5,-0.000159355
25:12.5,-0.000166501
25:13.5,-0.00015167
25:14.5,-0.000145143
25:15.5,-0.000152371
25:16.5,-0.000157234
25:17.5,-0.000162675
25:18.5,-0.000160723
25:19.5,-0.000161451
25:20.5,-0.00014706
25:21.5,-0.000146526
25:22.5,-0.000155085
25:23.5,-0.000152264
25:24.5,-0.000146834
25:25.5,-0.000152813
25:26.5,-0.000164661
25:27.5,-0.000167418
25:28.5,-0.000173728
25:29.5,-0.000161018
25:30.5,-0.000164156
25:31.5,-0.000167077
25:32.5,-0.000163023
25:33.5,-0.000165497
25:34.5,-0.000175357
25:35.5,-0.000164455
25:36.5,-0.000155834
25:37.5,-0.00014642
25:38.5,-0.000156554
25:39.5,-0.000172927
25:40.5,-0.000168716
25:41.5,-0.000161117
25:42.5,-0.000152206
25:43.4,-0.000157431
25:44.4,-0.00016504
25:45.4,-0.000147908
25:46.4,-0.000135596
25:47.4,-0.000122064
25:48.4,-0.000127812
25:49.4,-0.000149118
25:50.4,-0.000132889
25:51.4,-0.000130572
25:52.4,-0.000135388
25:53.4,-0.000129004
25:54.4,-0.000113697
25:55.4,-0.000110593
25:56.4,-0.000112706
25:57.4,-0.000112121
25:58.4,-0.000122557
25:59.4,-0.000125665
26:00.4,-0.000117508
26:01.4,-0.000110392
26:02.4,-0.000119968
26:03.4,-0.000121565
26:04.4,-0.000133242
26:05.4,-0.000143513
26:06.4,-0.000143018
26:07.4,-0.000140869
26:08.4,-0.000119546
26:09.4,-0.000108982
26:10.4,-0.000112177
26:11.4,-0.000119284
26:12.4,-0.000111921
26:13.4,-0.000113529
26:14.4,-0.000105021
26:15.4,-9.94E-05
26:16.4,-0.00010078
26:17.4,-0.000110826
26:18.4,-0.000124685
26:19.4,-0.000126198
26:20.4,-0.00013341
26:21.4,-0.000131482
26:22.4,-0.000137441
26:23.4,-0.000129367
26:24.4,-0.00014356
26:25.4,-0.000147247
26:26.4,-0.000144743
26:27.4,-0.000145967
26:28.4,-0.000151752
26:29.4,-0.00014898
26:30.4,-0.000148948
26:31.4,-0.000138431
26:32.4,-0.000122487
26:33.4,-0.000121403
26:34.4,-0.000134434
26:35.4,-0.000126824
26:36.4,-0.00012292
26:37.4,-0.000134102
26:38.4,-0.000127745
26:39.4,-0.000114409
26:40.4,-9.35E-05
26:41.4,-7.96E-05
26:42.4,-9.40E-05
26:43.4,-9.81E-05
26:44.3,-9.56E-05
26:45.3,-0.0001047
26:46.3,-0.00010193
26:47.3,-0.000104037
26:48.3,-0.000113851
26:49.3,-0.0001241
26:50.3,-0.000118541
26:51.3,-0.000110709
26:52.3,-0.000106551
26:53.3,-0.000105664
26:54.3,0
26:55.3,-0.000672164
26:56.3,-0.000586909
26:57.3,-0.000595931
26:58.3,-0.000609003
26:59.3,-0.000617763
27:00.3,-0.000621792
27:01.3,-0.000634514
27:02.3,-0.000656482
27:03.3,-0.000629144
27:04.3,-0.000624556
27:05.3,-0.000628595
27:06.3,-0.000631257
27:07.3,-0.000631068
27:08.3,-0.000622973
27:09.3,-0.000610352
27:10.3,-0.000600666
27:11.3,-0.000621475
27:12.3,-0.00063597
27:13.3,-0.000608971
27:14.3,-0.000612549
27:15.3,-0.000626188
27:16.3,-0.000618745
27:17.3,-0.000613814
27:18.3,-0.000612152
27:19.3,-0.00060673
27:20.3,-0.000606792
27:21.3,-0.000592322
27:22.3,-0.000586844
27:23.3,-0.000600242
27:24.3,-0.000602054
27:25.3,-0.000597267
27:26.3,-0.000602271
27:27.3,-0.00060613
27:28.3,-0.000614726
27:29.3,-0.000625202
27:30.3,-0.000630371
27:31.3,-0.000632729
27:32.3,-0.000616039
27:33.3,-0.00061672
27:34.3,-0.000608025
27:35.3,-0.000584965
27:36.3,-0.000593127
27:37.3,-0.000600857
27:38.3,-0.000617874
27:39.3,-0.000617691
27:40.3,-0.000590685
27:41.3,-0.000581506
27:42.3,-0.000589497
27:43.3,-0.000602405
27:44.3,-0.000600054
27:45.2,-0.000604148
27:46.2,-0.000601391
27:47.2,-0.000601124
27:48.2,-0.000577598
27:49.2,-0.000556252
27:50.2,-0.000557499
27:51.2,-0.000560933
27:52.2,-0.000575833
27:53.2,-0.000588414
27:54.2,-0.000571976
27:55.2,-0.000559492
27:56.2,-0.00053306
27:57.2,-0.000541698
27:58.2,-0.000560651
27:59.2,-0.000563376
28:00.2,-0.000566487
28:01.2,-0.000573335
28:02.2,-0.0005975
28:03.2,-0.000572605
28:04.2,-0.000563302
28:05.2,-0.000549187
28:06.2,-0.000561042
28:07.2,-0.000566502
28:08.2,-0.000576713
28:09.2,-0.000564237
28:10.2,-0.00055881
28:11.2,-0.000564875
28:12.2,-0.000567738
28:13.2,-0.000562805
28:14.2,-0.000554685
28:15.2,-0.000536868
28:16.2,-0.000541741
28:17.2,-0.000532952
28:18.2,-0.000523806
28:19.2,-0.000536159
28:20.2,-0.000523939
28:21.2,-0.00053809
28:22.2,-0.000527525
28:23.2,-0.000525367
28:24.2,-0.000525445
28:25.2,-0.000533328
28:26.2,-0.000521636
28:27.2,-0.000537057
28:28.2,-0.000547131
28:29.2,-0.000545029
28:30.2,-0.000553862
28:31.2,-0.000547834
28:32.2,-0.000556217
28:33.2,-0.00057358
28:34.2,-0.000579114
28:35.2,-0.000575468
28:36.2,-0.00058282
28:37.2,-0.000583654
28:38.2,-0.00057801
28:39.2,-0.000583222
28:40.2,-0.000598641
28:41.2,-0.000610689
28:42.2,-0.000613708
28:43.2,-0.000583623
28:44.2,-0.000582776
28:45.2,-0.000579714
28:46.1,-0.00056791
28:47.1,-0.000576561
28:48.1,-0.000581021
28:49.1,-0.000574251
28:50.1,-0.000576734
28:51.1,-0.000562553
28:52.1,-0.000571753
28:53.1,-0.000561611
28:54.1,-0.000566286
28:55.1,-0.000567335
28:56.1,-0.000563371
28:57.1,-0.000568862
28:58.1,-0.000579904
28:59.1,-0.000565519
29:00.1,-0.000559139
29:01.1,-0.00054443
29:02.1,-0.000540057
29:03.1,-0.000552202
29:04.1,-0.000556358
29:05.1,-0.000540873
29:06.1,-0.000538586
29:07.1,-0.000544391
29:08.1,-0.000560319
29:09.1,-0.000580828
29:10.1,-0.000578917
29:11.1,-0.000575571
29:12.1,-0.000570356
29:13.1,-0.00056628
29:14.1,-0.000570951
29:15.1,-0.000578006
29:16.1,-0.000567741
29:17.1,-0.000561241
29:18.1,-0.000555703
29:19.1,-0.000574827
29:20.1,-0.000585746
29:21.1,-0.000580691
29:22.1,-0.00057766
29:23.1,-0.000577101
29:24.1,-0.000577347
29:25.1,-0.000563884
29:26.1,-0.000573363
29:27.1,-0.000584728
29:28.1,-0.000578446
29:29.1,-0.000583865
29:30.1,-0.000593455
29:31.1,-0.000588808
29:32.1,-0.000595379
29:33.1,-0.000600688
29:34.1,-0.000592892
29:35.1,-0.000598349
29:36.1,-0.000588716
29:37.1,-0.000589377
29:38.1,-0.000599127
29:39.1,-0.000592632
29:40.1,-0.000583455
29:41.1,-0.000582726
29:42.1,-0.000585579
29:43.1,-0.000577983
29:44.1,-0.000580372
29:45.1,-0.000581391
29:46.1,-0.00057627
29:47.0,-0.000575911
29:48.0,-0.000573646
29:49.0,-0.000577501
29:50.0,-0.000562071
29:51.0,-0.000567655
29:52.0,-0.000565351
29:53.0,-0.000577094
29:54.0,-0.000569349
29:55.0,-0.000565428
29:56.0,-0.000571249
29:57.0,-0.000586937
29:58.0,-0.00059447
29:59.0,-0.000571377
30:00.0,-0.00057187
30:01.0,-0.000570352
30:02.0,-0.000574372
30:03.0,-0.00056986
30:04.0,-0.000569112
30:05.0,-0.000563636
30:06.0,-0.000564805
30:07.0,-0.000564171
30:08.0,-0.000553489
30:09.0,-0.000564722
30:10.0,-0.00056632
30:11.0,-0.000564866
30:12.0,-0.000560936
30:13.0,-0.000549562
30:14.0,-0.000545832
30:15.0,-0.000535038
30:16.0,-0.00054551
30:17.0,-0.000542766
30:18.0,-0.000542169
30:19.0,-0.000553982
30:20.0,-0.000551821
30:21.0,-0.000554556
30:22.0,-0.00054911
30:23.0,-0.000539341
30:24.0,-0.000542749
30:25.0,-0.000551695
30:26.0,-0.000560005
30:27.0,-0.000556103
30:28.0,-0.000550622
30:29.0,-0.000555405
30:30.0,-0.000557585
30:31.0,-0.000553636
30:32.0,-0.000552325
30:33.0,-0.000560315
30:34.0,-0.000558415
30:35.0,-0.000548394
30:36.0,-0.000544861
30:37.0,-0.000557102
30:38.0,-0.000558167
30:39.0,-0.000556787
30:40.0,-0.000574123
30:41.0,-0.000567853
30:42.0,-0.000563302
30:43.0,-0.000572197
30:44.0,-0.00056298
30:45.0,-0.000554829
30:46.0,-0.000556633
30:47.0,-0.000562772
30:47.9,-0.00056144
30:48.9,-0.000548533
30:49.9,-0.000554036
30:50.9,-0.000544373
30:51.9,-0.000550001
30:52.9,-0.000545642
30:53.9,-0.000552472
30:54.9,-0.000560297
30:55.9,-0.000556651
30:56.9,-0.00055227
30:57.9,-0.000538143
30:58.9,-0.000540202
30:59.9,-0.000547713
31:00.9,-0.000551334
31:01.9,-0.000537656
31:02.9,-0.000539234
31:03.9,-0.000552966
31:04.9,-0.000550815
31:05.9,-0.000548855
31:06.9,-0.000551495
31:07.9,-0.000550153
31:08.9,-0.000553256
31:09.9,-0.00055347
31:10.9,-0.000548664
31:11.9,-0.000543351
31:12.9,-0.000540424
31:13.9,-0.000529628
31:14.9,-0.000531287
31:15.9,-0.000546189
31:16.9,-0.000553848
31:17.9,-0.00055322
31:18.9,-0.000550649
31:19.9,-0.000531969
31:20.9,-0.000526558
31:21.9,-0.000533664
31:22.9,-0.000539705
31:23.9,-0.000539357
31:24.9,-0.000529569
31:25.9,-0.000534692
31:26.9,-0.000530553
31:27.9,-0.000520473
31:28.9,-0.000504869
31:29.9,-0.000506724
31:30.9,-0.000519949
31:31.9,-0.000532679
31:32.9,-0.000518691
31:33.9,-0.000518533
31:34.9,-0.000514661
31:35.9,-0.000513641
31:36.9,-0.000505237
31:37.9,-0.000513784
31:38.9,-0.000510084
31:39.9,-0.000518087
31:40.9,-0.000522593
31:41.9,-0.000528654
31:42.9,-0.000538113
31:43.9,-0.000529074
31:44.9,-0.000530062
31:45.9,-0.000523019
31:46.9,-0.000527638
31:47.9,-0.00053122
31:48.9,-0.00052981
31:49.8,-0.000515684
31:50.8,-0.000508594
31:51.8,-0.000501594
31:52.8,-0.00050215
31:53.8,-0.000502796
31:54.8,-0.000507775
31:55.8,-0.000518517
31:56.8,-0.000510964
31:57.8,-0.000499847
31:58.8,-0.000495452
31:59.8,-0.000501994
32:00.8,-0.000494796
32:01.8,-0.000490412
32:02.8,-0.000491044
32:03.8,-0.000484765
32:04.8,-0.000483334
32:05.8,-0.000486504
32:06.8,-0.000484202
32:07.8,-0.000488167
32:08.8,-0.000498887
32:09.8,-0.000491574
32:10.8,-0.000489453
32:11.8,-0.000484869
32:12.8,-0.000478725
32:13.8,-0.000466544
32:14.8,-0.000462845
32:15.8,-0.000471992
32:16.8,-0.000461719
32:17.8,-0.000461141
32:18.8,-0.000459422
32:19.8,-0.000446984
32:20.8,-0.000433742
32:21.8,-0.000425465
32:22.8,-0.000422555
32:23.8,-0.000436267
32:24.8,-0.000445776
32:25.8,-0.000432586
32:26.8,-0.000422537
32:27.8,-0.000421403
32:28.8,-0.000423419
32:29.8,-0.000430511
32:30.8,-0.00043268
32:31.8,-0.000431685
32:32.8,-0.000426841
32:33.8,-0.000430661
32:34.8,-0.000432545
32:35.8,-0.000444164
32:36.8,-0.000458586
32:37.8,-0.00047826
32:38.8,-0.000479145
32:39.8,-0.000487177
32:40.8,-0.000486441
32:41.8,-0.000478066
32:42.8,-0.000477689
32:43.8,-0.000480299
32:44.8,-0.000492467
32:45.8,-0.000488133
32:46.8,-0.000487537
32:47.8,-0.000484099
32:48.8,-0.000476339
32:49.8,-0.000472115
32:50.7,-0.000468337
32:51.7,-0.000463253
32:52.7,-0.000460554
32:53.7,-0.000465767
32:54.7,-0.00046226
32:55.7,-0.00046306
32:56.7,-0.000456098
32:57.7,-0.000463648
32:58.7,-0.000477444
32:59.7,-0.000485631
33:00.7,-0.000489306
33:01.7,-0.000488128
33:02.7,-0.000482258
33:03.7,-0.000478469
33:04.7,-0.00046959
33:05.7,-0.000465439
33:06.7,-0.000463865
33:07.7,-0.000458958
33:08.7,-0.000463403
33:09.7,-0.000473569
33:10.7,-0.000472918
33:11.7,-0.000473136
33:12.7,-0.000470465
33:13.7,-0.000463157
33:14.7,-0.000449039
33:15.7,-0.000449868
33:16.7,-0.000455849
33:17.7,-0.000449385
33:18.7,-0.000454349
33:19.7,-0.000457115
33:20.7,-0.000463572
33:21.7,-0.000473549
33:22.7,-0.000474546
33:23.7,-0.000472185
33:24.7,-0.000462265
33:25.7,-0.000480652
33:26.7,-0.000476522
33:27.7,-0.000475275
33:28.7,-0.000472046
33:29.7,-0.000468469
33:30.7,-0.000475239
33:31.7,-0.00047948
33:32.7,-0.000482168
33:33.7,-0.000478108
33:34.7,-0.000472208
33:35.7,-0.00047166
33:36.7,-0.00046898
33:37.7,-0.000472374
33:38.7,-0.000471943
33:39.7,-0.000475418
33:40.7,-0.000475462
33:41.7,-0.000474943
33:42.7,-0.000476283
33:43.7,-0.000472822
33:44.7,-0.000470941
33:45.7,-0.000468508
33:46.7,-0.000465712
33:47.7,-0.000462868
33:48.7,-0.000459245
33:49.7,-0.000465759
33:50.7,-0.000471549
33:51.6,-0.000473404
33:52.6,-0.000480244
33:53.6,-0.000472311
33:54.6,-0.000472603
33:55.6,-0.000466464
33:56.6,-0.000466378
33:57.6,-0.000469889
33:58.6,-0.000475033
33:59.6,-0.000478912
34:00.6,-0.00046814
34:01.6,-0.000466096
34:02.6,-0.000462602
34:03.6,-0.000469395
34:04.6,-0.000470389
34:05.6,-0.000468118
34:06.6,-0.000465381
34:07.6,-0.000477531
34:08.6,-0.000472615
34:09.6,-0.000467217
34:10.6,-0.000467091
34:11.6,-0.000469416
34:12.6,-0.000468447
34:13.6,-0.000470529
34:14.6,-0.000470639
34:15.6,-0.000473199
34:16.6,-0.00047336
34:17.6,-0.000472187
34:18.6,-0.000461753
34:19.6,-0.000463489
34:20.6,-0.000468286
34:21.6,-0.000472304
34:22.6,-0.000469394
34:23.6,-0.000452732
34:24.6,-0.000437343
34:25.6,-0.000434433
34:26.6,-0.000417811
34:27.6,-0.000397654
34:28.6,-0.000390186
34:29.6,-0.000391508
34:30.6,-0.000400306
34:31.6,-0.000392043
34:32.6,-0.000379761
34:33.6,-0.000365831
34:34.6,-0.000349956
34:35.6,-0.0003383
34:36.6,-0.000350583
34:37.6,-0.000358067
34:38.6,-0.000346312
34:39.6,-0.00033895
34:40.6,-0.000369206
34:41.6,-0.000380076
34:42.6,-0.000381703
34:43.6,-0.000382561
34:44.6,-0.000386269
34:45.6,-0.000378744
34:46.6,-0.000373465
34:47.6,-0.000359237
34:48.6,-0.000343608
34:49.6,-0.000336548
34:50.6,-0.000332823
34:51.6,-0.000335116
34:52.5,-0.000344677
34:53.5,-0.000342154
34:54.5,-0.000338294
34:55.5,-0.000339831
34:56.5,-0.000342267
34:57.5,-0.00034059
34:58.5,-0.000335182
34:59.5,-0.000332823
35:00.5,-0.000346459
35:01.5,-0.000347149
35:02.5,-0.000345462
35:03.5,-0.000341491
35:04.5,-0.000336456
35:05.5,-0.000347438
35:06.5,-0.00033952
35:07.5,-0.000339947
35:08.5,-0.000319373
35:09.5,-0.000319915
35:10.5,-0.000323525
35:11.5,-0.000311985
35:12.5,-0.000298571
35:13.5,-0.000293745
35:14.5,-0.00028994
35:15.5,-0.000273672
35:16.5,-0.000282975
35:17.5,-0.000304372
35:18.5,-0.000318915
35:19.5,-0.000324727
35:20.5,-0.000331673
35:21.5,-0.000326331
35:22.5,-0.000322952
35:23.5,-0.00033084
35:24.5,-0.000326924
35:25.5,-0.000322925
35:26.5,-0.00032625
35:27.5,-0.000331819
35:28.5,-0.000341703
35:29.5,-0.000362849
35:30.5,-0.000373722
35:31.5,-0.000379416
35:32.5,-0.000386656
35:33.5,-0.000397198
35:34.5,-0.000399627
35:35.5,-0.000397658
35:36.5,-0.000384599
35:37.5,-0.000379519
35:38.5,-0.000375056
35:39.5,-0.000370741
35:40.5,-0.000372755
35:41.5,-0.00036569
35:42.5,-0.000358761
35:43.5,-0.000355659
35:44.5,-0.000347649
35:45.5,-0.000332119
35:46.5,-0.000316523
35:47.5,-0.000318541
35:48.5,-0.000320399
35:49.5,-0.000319131
35:50.5,-0.000317397
35:51.5,-0.000305487
35:52.5,-0.000266134
35:53.4,-0.000262118
35:54.4,-0.000269315
35:55.4,-0.00027706
35:56.4,-0.000276363
35:57.4,-0.000275533
35:58.4,-0.000305142
35:59.4,-0.000312321
36:00.4,-0.000309593
36:01.4,-0.000312821
36:02.4,-0.000319535
36:03.4,-0.000317735
36:04.4,-0.000316666
36:05.4,-0.000314767
36:06.4,-0.000329207
36:07.4,-0.000328138
36:08.4,-0.00032936
36:09.4,-0.000312472
36:10.4,-0.000311451
36:11.4,-0.000322133
36:12.4,-0.000337017
36:13.4,-0.000351252
36:14.4,-0.000361582
36:15.4,-0.00036529
36:16.4,-0.000372359
36:17.4,-0.000375802
36:18.4,-0.000367707
36:19.4,-0.000374879
36:20.4,-0.000377041
36:21.4,-0.000395189
36:22.4,-0.000392991
36:23.4,-0.000389752
36:24.4,-0.000394722
36:25.4,-0.000416334
36:26.4,-0.000413623
36:27.4,-0.000412038
36:28.4,-0.000410519
36:29.4,-0.000411914
36:30.4,-0.000412051
36:31.4,-0.000400913
36:32.4,-0.000394411
36:33.4,-0.000391533
36:34.4,-0.00038961
36:35.4,-0.000386609
36:36.4,-0.000384712
36:37.4,-0.000381271
36:38.4,-0.000386333
36:39.4,-0.000419566
36:40.4,-0.000420699
36:41.4,-0.00041904
36:42.4,-0.000418458
36:43.4,-0.000408175
36:44.4,-0.000425149
36:45.4,-0.000431156
36:46.4,-0.000434249
36:47.4,-0.000425803
36:48.4,-0.000429334
36:49.4,-0.000430981
36:50.4,-0.000417083
36:51.4,-0.000417221
36:52.4,-0.00041342
36:53.4,-0.000441394
36:54.3,0
36:55.3,-0.000268991
36:56.3,-0.000243169
36:57.3,-0.000244412
36:58.3,-0.000272814
36:59.3,-0.000274358
37:00.3,-0.000267699
37:01.3,-0.000266948
37:02.3,-0.000262071
37:03.3,-0.000261786
37:04.3,-0.000252603
37:05.3,-0.000255896
37:06.3,-0.000273599
37:07.3,-0.000269682
37:08.3,-0.000265513
37:09.3,-0.000271781
37:10.3,-0.000260877
37:11.3,-0.000259161
37:12.3,-0.000261895
37:13.3,-0.00026258
37:14.3,-0.000262854
37:15.3,-0.00026251
37:16.3,-0.000256797
37:17.3,-0.000254953
37:18.3,-0.000252909
37:19.3,-0.000261138
37:20.3,-0.000267025
37:21.3,-0.000262384
37:22.3,-0.000261343
37:23.3,-0.000277438
37:24.3,-0.000257461
37:25.3,-0.000259083
37:26.3,-0.000246124
37:27.3,-0.000248901
37:28.3,-0.000243111
37:29.3,-0.0002477
37:30.3,-0.000259481
37:31.3,-0.000278446
37:32.3,-0.000291153
37:33.3,-0.000291313
37:34.3,-0.000284155
37:35.3,-0.000283308
37:36.3,-0.000276271
37:37.3,-0.000279498
37:38.3,-0.00028181
37:39.3,-0.000276466
37:40.3,-0.000287599
37:41.3,-0.000290387
37:42.3,-0.000289999
37:43.3,-0.000293789
37:44.3,-0.000290192
37:45.3,-0.000291634
37:46.3,-0.000297292
37:47.3,-0.000296575
37:48.3,-0.000301323
37:49.3,-0.000304371
37:50.3,-0.000268971
37:51.3,-0.000260613
37:52.3,-0.000255607
37:53.3,-0.000253056
37:54.3,-0.000276042
37:55.2,-0.000283765
37:56.2,-0.000287366
37:57.2,-0.000288461
37:58.2,-0.000282976
37:59.2,-0.000292088
38:00.2,-0.000272828
38:01.2,-0.000274925
38:02.2,-0.000272907
38:03.2,-0.000287052
38:04.2,-0.00028122
38:05.2,-0.000279668
38:06.2,-0.000254566
38:07.2,-0.000250576
38:08.2,-0.000234673
38:09.2,-0.000227245
38:10.2,-0.000228275
38:11.2,-0.000221086
38:12.2,-0.000228633
38:13.2,-0.000240283
38:14.2,-0.000234555
38:15.2,-0.000240424
38:16.2,-0.000265399
38:17.2,-0.000268594
38:18.2,-0.000280977
38:19.2,-0.000290722
38:20.2,-0.000285371
38:21.2,-0.000271235
38:22.2,-0.000270393
38:23.2,-0.000272128
38:24.2,-0.000270879
38:25.2,-0.000266636
38:26.2,-0.000262957
38:27.2,-0.000245817
38:28.2,-0.00023305
38:29.2,-0.000231288
38:30.2,-0.000235603
38:31.2,-0.000201462
38:32.2,-0.000185774
38:33.2,-0.000185892
38:34.2,-0.000191362
38:35.2,-0.000211922
38:36.2,-0.000224383
38:37.2,-0.000224542
38:38.2,-0.000207544
38:39.2,-0.000203589
38:40.2,-0.000196729
38:41.2,-0.000184656
38:42.2,-0.000186345
38:43.2,-0.000161364
38:44.2,-0.000174886
38:45.2,-0.000178534
38:46.2,-0.000184079
38:47.2,-0.0002055
38:48.2,-0.000221485
38:49.2,-0.000243208
38:50.2,-0.0002397
38:51.2,-0.000252594
38:52.2,-0.000259747
38:53.2,-0.000252953
38:54.2,-0.000253666
38:55.2,-0.000248156
38:56.1,-0.000240855
38:57.1,-0.000270214
38:58.1,-0.00025618
38:59.1,-0.000244388
39:00.1,-0.000255847
39:01.1,-0.000262795
39:02.1,-0.000278507
39:03.1,-0.00028344
39:04.1,-0.000265427
39:05.1,-0.000260435
39:06.1,-0.000252728
39:07.1,-0.000247781
39:08.1,-0.000253558
39:09.1,-0.000240463
39:10.1,-0.000243907
39:11.1,-0.000239067
39:12.1,-0.000246111
39:13.1,-0.000265283
39:14.1,-0.000261872
39:15.1,-0.000261319
39:16.1,-0.000269927
39:17.1,-0.000306738
39:18.1,-0.000350593
39:19.1,-0.000363268
39:20.1,-0.000381047
39:21.1,-0.000404877
39:22.1,-0.00042252
39:23.1,-0.000450408
39:24.1,-0.000427529
39:25.1,-0.000418341
39:26.1,-0.000406493
39:27.1,-0.000416647
39:28.1,-0.00042318
39:29.1,-0.000398754
39:30.1,-0.000377854
39:31.1,-0.000377386
39:32.1,-0.000386363
39:33.1,-0.00037817
39:34.1,-0.000365587
39:35.1,-0.000365709
39:36.1,-0.000383396
39:37.1,-0.000384369
39:38.1,-0.000396602
39:39.1,-0.000374294
39:40.1,-0.000357114
39:41.1,-0.000353095
39:42.1,-0.000351066
39:43.1,-0.000359575
39:44.1,-0.000361805
39:45.1,-0.000365452
39:46.1,-0.000369691
39:47.1,-0.000366678
39:48.1,-0.000370539
39:49.1,-0.000379311
39:50.1,-0.00038421
39:51.1,-0.000389835
39:52.1,-0.000395775
39:53.1,-0.00037583
39:54.1,-0.00037382
39:55.1,-0.000373926
39:56.1,-0.000363261
39:57.1,-0.000363215
39:58.0,-0.000371586
39:59.0,-0.000388787
40:00.0,-0.000390324
40:01.0,-0.000405236
40:02.0,-0.000400432
40:03.0,-0.000406759
40:04.0,-0.000421475
40:05.0,-0.00044756
40:06.0,-0.000431366
40:07.0,-0.000435957
40:08.0,-0.000453165
40:09.0,-0.000454919
40:10.0,-0.000432821
40:11.0,-0.000449977
40:12.0,-0.000462676
40:13.0,-0.000462067
40:14.0,-0.000461323
40:15.0,-0.000444981
40:16.0,-0.000454322
40:17.0,-0.000459507
40:18.0,-0.000455351
40:19.0,-0.000446002
40:20.0,-0.00044511
40:21.0,-0.000441703
40:22.0,-0.000458392
40:23.0,-0.000452059
40:24.0,-0.000446202
40:25.0,-0.000442414
40:26.0,-0.000434053
40:27.0,-0.000426883
40:28.0,-0.000414642
40:29.0,-0.000384012
40:30.0,-0.000386226
40:31.0,-0.000389509
40:32.0,-0.00039008
40:33.0,-0.000380687
40:34.0,-0.000375958
40:35.0,-0.000378713
40:36.0,-0.000380094
40:37.0,-0.000377953
40:38.0,-0.000381309
40:39.0,-0.000341558
40:40.0,-0.000347164
40:41.0,-0.000340629
40:42.0,-0.000328859
40:43.0,-0.000316264
40:44.0,-0.000291808
40:45.0,-0.000286589
40:46.0,-0.000279284
40:47.0,-0.000276401
40:48.0,-0.000288667
40:49.0,-0.000281572
40:50.0,-0.000287648
40:51.0,-0.000302869
40:52.0,-0.000311231
40:53.0,-0.000309151
40:54.0,-0.00028547
40:55.0,-0.000267706
40:56.0,-0.000269559
40:57.0,-0.000256816
40:58.0,-0.000255956
40:58.9,-0.000257072
40:59.9,-0.000268224
41:00.9,-0.000269605
41:01.9,-0.000256252
41:02.9,-0.000250688
41:03.9,-0.000256169
41:04.9,-0.000240733
41:05.9,-0.000224022
41:06.9,-0.000238709
41:07.9,-0.000242679
41:08.9,-0.000238736
41:09.9,-0.000232047
41:10.9,-0.0002429
41:11.9,-0.000220783
41:12.9,-0.000205087
41:13.9,-0.000195557
41:14.9,-0.000201528
41:15.9,-0.000192456
41:16.9,-0.000165644
41:17.9,-0.000158235
41:18.9,-0.000161545
41:19.9,-0.000154488
41:20.9,-0.000146275
41:21.9,-0.000129049
41:22.9,-0.000142208
41:23.9,-0.000140406
41:24.9,-0.000139825
41:25.9,-0.000150915
41:26.9,-0.000144039
41:27.9,-0.000141613
41:28.9,-0.000137833
41:29.9,-0.000145599
41:30.9,-0.000166901
41:31.9,-0.000174886
41:32.9,-0.000163545
41:33.9,-0.000156246
41:34.9,-0.000169927
41:35.9,-0.000163339
41:36.9,-0.000155034
41:37.9,-0.000144259
41:38.9,-0.000155286
41:39.9,-0.00016093
41:40.9,-0.00016803
41:41.9,-0.000173608
41:42.9,-0.000161919
41:43.9,-0.000166537
41:44.9,-0.000178988
41:45.9,-0.000186103
41:46.9,-0.000201373
41:47.9,-0.000224324
41:48.9,-0.000230874
41:49.9,-0.000210392
41:50.9,-0.00020711
41:51.9,-0.000187527
41:52.9,-0.000201705
41:53.9,-0.000216777
41:54.9,-0.00021499
41:55.9,-0.000213972
41:56.9,-0.000221137
41:57.9,-0.000223965
41:58.9,-0.000227702
41:59.8,-0.000225805
42:00.8,-0.000223734
42:01.8,-0.00023225
42:02.8,-0.000234205
42:03.8,-0.00020692
42:04.8,-0.000206993
42:05.8,-0.00021952
42:06.8,-0.000207562
42:07.8,-0.000204029
42:08.8,-0.00021841
42:09.8,-0.000236519
42:10.8,-0.000237525
42:11.8,-0.000249257
42:12.8,-0.000244929
42:13.8,-0.000246368
42:14.8,-0.000259942
42:15.8,-0.000260341
42:16.8,-0.00025793
42:17.8,-0.000246638
42:18.8,-0.000242738
42:19.8,-0.000244644
42:20.8,-0.00023353
42:21.8,-0.000228924
42:22.8,-0.000241119
42:23.8,-0.000236436
42:24.8,-0.00023585
42:25.8,-0.000234573
42:26.8,-0.000233383
42:27.8,-0.000244442
42:28.8,-0.00026102
42:29.8,-0.000244993
42:30.8,-0.000238465
42:31.8,-0.000239864
42:32.8,-0.00024652
42:33.8,-0.000234366
42:34.8,-0.000237172
42:35.8,-0.000242333
42:36.8,-0.000213634
42:37.8,-0.0002063
42:38.8,-0.000213249
42:39.8,-0.000195683
42:40.8,-0.000198186
42:41.8,-0.000195685
42:42.8,-0.000193397
42:43.8,-0.000193442
42:44.8,-0.000224032
42:45.8,-0.000231874
42:46.8,-0.000213444
42:47.8,-0.000162164
42:48.8,-0.000164429
42:49.8,-0.000122536
42:50.8,-0.000107689
42:51.8,-9.21E-05
42:52.8,-0.00010234
42:53.8,-0.000117622
42:54.8,-0.000121446
42:55.8,-0.000116669
42:56.8,-0.000111901
42:57.8,-0.000145341
42:58.8,-0.000119588
42:59.8,-0.000100639
43:00.7,-0.00011338
43:01.7,-0.000112842
43:02.7,-0.000121811
43:03.7,-0.000106229
43:04.7,-8.70E-05
43:05.7,-9.81E-05
43:06.7,-0.000110354
43:07.7,-6.65E-05
43:08.7,-5.21E-05
43:09.7,-8.32E-05
43:10.7,-0.000107279
43:11.7,-0.000154852
43:12.7,-0.000162772
43:13.7,-0.000168525
43:14.7,-0.000164424
43:15.7,-0.000153679
43:16.7,-0.000161803
43:17.7,-0.000150007
43:18.7,-0.00014151
43:19.7,-0.000145102
43:20.7,-0.000143421
43:21.7,-0.00015302
43:22.7,-0.000176087
43:23.7,-0.000186821
43:24.7,-0.000191494
43:25.7,-0.000197431
43:26.7,-0.000195965
43:27.7,-0.000213115
43:28.7,-0.000243259
43:29.7,-0.000333355
43:30.7,-0.000330045
43:31.7,-0.000327895
43:32.7,-0.000324181
43:33.7,-0.000323379
43:34.7,-0.000333084
43:35.7,-0.00033122
43:36.7,-0.000330298
43:37.7,-0.000307219
43:38.7,-0.00032731
43:39.7,-0.000317951
43:40.7,-0.000289379
43:41.7,-0.000283397
43:42.7,-0.000315352
43:43.7,-0.000328994
43:44.7,-0.000350015
43:45.7,-0.000354221
43:46.7,-0.000336279
43:47.7,-0.000338221
43:48.7,-0.000331692
43:49.7,-0.000330841
43:50.7,-0.000337059
43:51.7,-0.000331241
43:52.7,-0.000302132
43:53.7,-0.000296444
43:54.7,-0.000269184
43:55.7,-0.000271835
43:56.7,-0.000268085
43:57.7,-0.000273729
43:58.7,-0.000289619
43:59.7,-0.000286944
44:00.7,-0.000304934
44:01.6,-0.000321634
44:02.6,-0.000314287
44:03.6,-0.000323326
44:04.6,-0.000318085
44:05.6,-0.000291813
44:06.6,-0.000280597
44:07.6,-0.000303941
44:08.6,-0.000282851
44:09.6,-0.000295061
44:10.6,-0.00032955
44:11.6,-0.00030849
44:12.6,-0.000290639
44:13.6,-0.000291176
44:14.6,-0.000305725
44:15.6,-0.000311591
44:16.6,-0.000320262
44:17.6,-0.000317236
44:18.6,-0.000333344
44:19.6,-0.000318144
44:20.6,-0.000350218
44:21.6,-0.000355131
44:22.6,-0.0003348
44:23.6,-0.000352472
44:24.6,-0.00037564
44:25.6,-0.000350992
44:26.6,-0.000340313
44:27.6,-0.000362449
44:28.6,-0.000340167
44:29.6,-0.000312477
44:30.6,-0.00028272
44:31.6,-0.000295609
44:32.6,-0.000309807
44:33.6,-0.00031135
44:34.6,-0.000290022
44:35.6,-0.000290929
44:36.6,-0.000288634
44:37.6,-0.000302067
44:38.6,-0.000331465
44:39.6,-0.000329081
44:40.6,-0.000336761
44:41.6,-0.000325202
44:42.6,-0.000335201
44:43.6,-0.000352822
44:44.6,-0.000386331
44:45.6,-0.000373121
44:46.6,-0.000369977
44:47.6,-0.000385052
44:48.6,-0.00038134
44:49.6,-0.000368735
44:50.6,-0.000392919
44:51.6,-0.000409729
44:52.6,-0.000381437
44:53.6,-0.000367171
44:54.6,-0.000375833
44:55.6,-0.00037679
44:56.6,-0.000402627
44:57.6,-0.000423971
44:58.6,-0.000416507
44:59.6,-0.000411015
45:00.6,-0.000373771
45:01.6,-0.000392462
45:02.5,-0.000391038
45:03.5,-0.000370984
45:04.5,-0.000338251
45:05.5,-0.000350652
45:06.5,-0.000372759
45:07.5,-0.00038428
45:08.5,-0.000383882
45:09.5,-0.000355469
45:10.5,-0.000383784
45:11.5,-0.0004039
45:12.5,-0.000398279
45:13.5,-0.000406149
45:14.5,-0.000435597
45:15.5,-0.000397314
45:16.5,-0.00038975
45:17.5,-0.00037258
45:18.5,-0.000379178
45:19.5,-0.000380032
45:20.5,-0.000397225
45:21.5,-0.000437055
45:22.5,-0.000442257
45:23.5,-0.000434915
45:24.5,-0.000438998
45:25.5,-0.000459473
45:26.5,-0.000460681
45:27.5,-0.000443607
45:28.5,-0.000421214
45:29.5,-0.000419371
45:30.5,-0.000439151
45:31.5,-0.000433188
45:32.5,-0.000445734
45:33.5,-0.000462288
45:34.5,-0.000475793
45:35.5,-0.000458382
45:36.5,-0.000438067
45:37.5,-0.000428896
45:38.5,-0.000425954
45:39.5,-0.000433259
45:40.5,-0.000436283
45:41.5,-0.000415514
45:42.5,-0.000436078
45:43.5,-0.000424299
45:44.5,-0.000425375
45:45.5,-0.000423658
45:46.5,-0.000428916
45:47.5,-0.00042279
45:48.5,-0.00041007
45:49.5,-0.000432529
45:50.5,-0.000418158
45:51.5,-0.000437079
45:52.5,-0.000422818
45:53.5,-0.000393681
45:54.5,-0.000414032
45:55.5,-0.000420081
45:56.5,-0.000418081
45:57.5,-0.000426533
45:58.5,-0.000437016
45:59.5,-0.000447588
46:00.5,-0.000420597
46:01.5,-0.000414501
46:02.5,-0.00043596
46:03.4,-0.000477986
46:04.4,-0.000484217
46:05.4,-0.000469779
46:06.4,-0.000519045
46:07.4,-0.00055704
46:08.4,-0.000551729
46:09.4,-0.000574925
46:10.4,-0.000577732
46:11.4,-0.00057481
46:12.4,-0.000560735
46:13.4,-0.000530996
46:14.4,-0.000515759
46:15.4,-0.000550216
46:16.4,-0.000547811
46:17.4,-0.00053286
46:18.4,-0.000544035
46:19.4,-0.000552864
46:20.4,-0.000532589
46:21.4,-0.000549703
46:22.4,-0.000583929
46:23.4,-0.000541369
46:24.4,-0.000514235
46:25.4,-0.000532694
46:26.4,-0.000538212
46:27.4,-0.000543167
46:28.4,-0.000556284
46:29.4,-0.000558814
46:30.4,-0.000552055
46:31.4,-0.000548215
46:32.4,-0.000548315
46:33.4,-0.000548585
46:34.4,-0.000573253
46:35.4,-0.000575354
46:36.4,-0.000553249
46:37.4,-0.000532749
46:38.4,-0.000507783
46:39.4,-0.000508784
46:40.4,-0.000513377
46:41.4,-0.000518054
46:42.4,-0.000505646
46:43.4,-0.000524038
46:44.4,-0.000523
46:45.4,-0.000510265
46:46.4,-0.000494629
46:47.4,-0.000488609
46:48.4,-0.000500312
46:49.4,-0.000501024
46:50.4,-0.000495854
46:51.4,-0.000490719
46:52.4,-0.000492313
46:53.4,-0.000486802
46:54.4,0
46:55.4,5.9058995e-05
46:56.4,5.1437906e-05
46:57.4,4.709207e-05
46:58.4,4.3533193e-05
46:59.4,4.194206e-05
47:00.4,3.2213477e-05
47:01.4,3.6060334e-05
47:02.4,3.352375e-05
47:03.4,4.988689e-06
47:04.3,1.1513771e-05
47:05.3,1.8319888e-05
47:06.3,1.2090819e-05
47:07.3,1.2061772e-05
47:08.3,2.36364e-05
47:09.3,4.048702e-06
47:10.3,-3.82E-05
47:11.3,-9.05E-05
47:12.3,-0.000103819
47:13.3,-0.000106317
47:14.3,-0.000105635
47:15.3,-0.000109732
47:16.3,-0.000126539
47:17.3,-0.000124402
47:18.3,-0.000123033
47:19.3,-0.000114545
47:20.3,-9.36E-05
47:21.3,-9.31E-05
47:22.3,-8.66E-05
47:23.3,-7.48E-05
47:24.3,-6.99E-05
47:25.3,-7.32E-05
47:26.3,-6.96E-05
47:27.3,-7.82E-05
47:28.3,-8.14E-05
47:29.3,-7.64E-05
47:30.3,-7.22E-05
47:31.3,-7.76E-05
47:32.3,-9.69E-05
47:33.3,-8.96E-05
47:34.3,-7.76E-05
47:35.3,-7.98E-05
47:36.3,-7.89E-05
47:37.3,-8.88E-05
47:38.3,-0.000102494
47:39.3,-9.25E-05
47:40.3,-9.06E-05
47:41.3,-9.08E-05
47:42.3,-8.36E-05
47:43.3,-8.42E-05
47:44.3,-8.85E-05
47:45.3,-0.000105826
47:46.3,-0.000112215
47:47.3,-0.000104932
47:48.3,-9.02E-05
47:49.3,-6.74E-05
47:50.3,-5.69E-05
47:51.3,-5.25E-05
47:52.3,-5.73E-05
47:53.3,-6.61E-05
47:54.3,-6.87E-05
47:55.3,-7.36E-05
47:56.3,-7.43E-05
47:57.3,-8.77E-05
47:58.3,-7.65E-05
47:59.3,-6.75E-05
48:00.3,-5.63E-05
48:01.3,-6.73E-05
48:02.3,-7.84E-05
48:03.3,-6.58E-05
48:04.3,-6.91E-05
48:05.2,-7.14E-05
48:06.2,-5.74E-05
48:07.2,-6.87E-05
48:08.2,-7.44E-05
48:09.2,-7.88E-05
48:10.2,-6.55E-05
48:11.2,-6.17E-05
48:12.2,-6.51E-05
48:13.2,-6.13E-05
48:14.2,-6.91E-05
48:15.2,-7.46E-05
48:16.2,-7.46E-05
48:17.2,-7.80E-05
48:18.2,-6.39E-05
48:19.2,-6.03E-05
48:20.2,-6.43E-05
48:21.2,-7.22E-05
48:22.2,-7.16E-05
48:23.2,-6.82E-05
48:24.2,-7.35E-05
48:25.2,-6.77E-05
48:26.2,-7.13E-05
48:27.2,-7.56E-05
48:28.2,-7.52E-05
48:29.2,-7.69E-05
48:30.2,-7.78E-05
48:31.2,-6.60E-05
48:32.2,-5.67E-05
48:33.2,-6.07E-05
48:34.2,-1.84E-05
48:35.2,2.1131846e-06
48:36.2,5.467671e-06
48:37.2,2.3127109e-07
48:38.2,4.9276437e-06
48:39.2,-8.15E-06
48:40.2,-4.52E-05
48:41.2,-4.39E-05
48:42.2,-3.70E-05
48:43.2,-3.31E-05
48:44.2,-3.46E-05
48:45.2,-3.83E-05
48:46.2,-3.69E-05
48:47.2,-3.59E-05
48:48.2,-3.04E-05
48:49.2,-2.44E-05
48:50.2,-1.97E-05
48:51.2,-3.28E-05
48:52.2,-4.33E-05
48:53.2,-3.76E-05
48:54.2,-2.92E-05
48:55.2,-4.19E-05
48:56.2,-6.03E-05
48:57.2,-9.24E-05
48:58.2,-0.000110618
48:59.2,-9.44E-05
49:00.2,-0.000109501
49:01.2,-0.000115389
49:02.2,-0.00012932
49:03.2,-0.000136391
49:04.2,-0.000124524
49:05.2,-0.000110344
49:06.2,-0.000120682
49:07.1,-0.00011834
49:08.1,-0.00012049
49:09.1,-0.000122695
49:10.1,-0.000122476
49:11.1,-0.000121161
49:12.1,-0.000117203
49:13.1,-0.000126558
49:14.1,-0.000155587
49:15.1,-0.000146943
49:16.1,-0.000151961
49:17.1,-0.000146567
49:18.1,-0.000151858
49:19.1,-0.000163159
49:20.1,-0.000157707
49:21.1,-0.000150004
49:22.1,-0.000150326
49:23.1,-0.000156167
49:24.1,-0.000147933
49:25.1,-0.000146652
49:26.1,-0.000141821
49:27.1,-0.000149137
49:28.1,-0.000142939
49:29.1,-0.000142239
49:30.1,-0.000139154
49:31.1,-0.000150903
49:32.1,-0.000158611
49:33.1,-0.000155139
49:34.1,-0.000139248
49:35.1,-0.000131069
49:36.1,-0.000141116
49:37.1,-0.000156097
49:38.1,-0.000153779
49:39.1,-0.000143148
49:40.1,-0.000145718
49:41.1,-0.000151932
49:42.1,-0.000153312
49:43.1,-0.000150157
49:44.1,-0.000146147
49:45.1,-0.00014702
49:46.1,-0.000150704
49:47.1,-0.000137865
49:48.1,-0.000147987
49:49.1,-0.000145665
49:50.1,-0.000135264
49:51.1,-0.000128777
49:52.1,-0.000130388
49:53.1,-0.000129058
49:54.1,-0.000130565
49:55.1,-0.000135683
49:56.1,-0.000130499
49:57.1,-0.000122008
49:58.1,-0.000117158
49:59.1,-0.000124886
50:00.1,-0.000139829
50:01.1,-0.000124431
50:02.1,-0.000120581
50:03.1,-0.000122843
50:04.1,-0.000127564
50:05.1,-0.000134183
50:06.1,-0.000131226
50:07.1,-0.000122297
50:08.0,-0.00012648
50:09.0,-0.000125325
50:10.0,-0.000123982
50:11.0,-0.000114653
50:12.0,-0.000126612
50:13.0,-0.00013211
50:14.0,-0.000126407
50:15.0,-0.000116082
50:16.0,-0.000120119
50:17.0,-0.000123944
50:18.0,-0.000129943
50:19.0,-0.000121885
50:20.0,-0.000137745
50:21.0,-0.000129814
50:22.0,-0.000132516
50:23.0,-0.000128293
50:24.0,-0.000136938
50:25.0,-0.000189565
50:26.0,-0.000188737
50:27.0,-0.000182507
50:28.0,-0.00017411
50:29.0,-0.000191027
50:30.0,-0.000172974
50:31.0,-0.000180476
50:32.0,-0.000198475
50:33.0,-0.000193757
50:34.0,-0.000201912
50:35.0,-0.000224226
50:36.0,-0.000204153
50:37.0,-0.000170948
50:38.0,-0.000182983
50:39.0,-0.000200146
50:40.0,-0.000194585
50:41.0,-0.000207481
50:42.0,-0.000200518
50:43.0,-0.000214452
50:44.0,-0.000218991
50:45.0,-0.000212776
50:46.0,-0.000214281
50:47.0,-0.000208447
50:48.0,-0.000199145
50:49.0,-0.000197505
50:50.0,-0.000191775
50:51.0,-0.00019329
50:52.0,-0.000184512
50:53.0,-0.000186177
50:54.0,-0.000184524
50:55.0,-0.000191123
50:56.0,-0.000176711
50:57.0,-0.000160902
50:58.0,-0.000161942
50:59.0,-0.000190109
51:00.0,-0.000195099
51:01.0,-0.000200585
51:02.0,-0.000204056
51:03.0,-0.000200286
51:04.0,-0.000188614
51:05.0,-0.000184936
51:06.0,-0.000176286
51:07.0,-0.000192313
51:08.0,-0.000200622
51:08.9,-0.000176371
51:09.9,-0.000167298
51:10.9,-0.000160908
51:11.9,-0.000183959
51:12.9,-0.000188792
51:13.9,-0.000176731
51:14.9,-0.000170228
51:15.9,-0.000174407
51:16.9,-0.00017902
51:17.9,-0.000176302
51:18.9,-0.000170121
51:19.9,-0.000168628
51:20.9,-0.000158874
51:21.9,-0.000174255
51:22.9,-0.000163314
51:23.9,-0.000147992
51:24.9,-0.000134127
51:25.9,-0.000137771
51:26.9,-0.000140724
51:27.9,-0.000149121
51:28.9,-0.000162188
51:29.9,-0.000173672
51:30.9,-0.000165216
51:31.9,-0.000160889
51:32.9,-0.000155177
51:33.9,-0.00015384
51:34.9,-0.000160639
51:35.9,-0.000150782
51:36.9,-0.000148045
51:37.9,-0.000153754
51:38.9,-0.000168227
51:39.9,-0.000174723
51:40.9,-0.00018214
51:41.9,-0.000173425
51:42.9,-0.000170357
51:43.9,-0.000180459
51:44.9,-0.000192035
51:45.9,-0.000187098
51:46.9,-0.000189024
51:47.9,-0.000200006
51:48.9,-0.000203195
51:49.9,-0.00020667
51:50.9,-0.000209413
51:51.9,-0.000208668
51:52.9,-0.000197793
51:53.9,-0.000201113
51:54.9,-0.000195618
51:55.9,-0.000192307
51:56.9,-0.000199365
51:57.9,-0.000198548
51:58.9,-0.000208945
51:59.9,-0.000217104
52:00.9,-0.000202275
52:01.9,-0.000191801
52:02.9,-0.000195333
52:03.9,-0.000199841
52:04.9,-0.000208565
52:05.9,-0.000212894
52:06.9,-0.000213246
52:07.9,-0.000197963
52:08.9,-0.000190625
52:09.8,-0.000199449
52:10.8,-0.000191872
52:11.8,-0.000194522
52:12.8,-0.000197139
52:13.8,-0.00020088
52:14.8,-0.000204873
52:15.8,-0.000208871
52:16.8,-0.000213402
52:17.8,-0.000207664
52:18.8,-0.000200978
52:19.8,-0.000194099
52:20.8,-0.000172188
52:21.8,-0.000175333
52:22.8,-0.000180337
52:23.8,-0.000178233
52:24.8,-0.000171548
52:25.8,-0.000178926
52:26.8,-0.000184127
52:27.8,-0.00018023
52:28.8,-0.000180782
52:29.8,-0.000192917
52:30.8,-0.000186145
52:31.8,-0.000186037
52:32.8,-0.000183204
52:33.8,-0.000186669
52:34.8,-0.000147733
52:35.8,-0.000140972
52:36.8,-0.000148335
52:37.8,-0.000155249
52:38.8,-0.000203582
52:39.8,-0.000203653
52:40.8,-0.000196969
52:41.8,-0.000207543
52:42.8,-0.00020617
52:43.8,-0.000203125
52:44.8,-0.000199971
52:45.8,-0.000214049
52:46.8,-0.000203909
52:47.8,-0.000208511
52:48.8,-0.000214849
52:49.8,-0.000214434
52:50.8,-0.000201569
52:51.8,-0.000201859
52:52.8,-0.000201657
52:53.8,-0.000206379
52:54.8,-0.000202877
52:55.8,-0.000205199
52:56.8,-0.000212123
52:57.8,-0.000209949
52:58.8,-0.000206105
52:59.8,-0.000206046
53:00.8,-0.000220071
53:01.8,-0.000212611
53:02.8,-0.000217521
53:03.8,-0.000212869
53:04.8,-0.000207032
53:05.8,-0.000191162
53:06.8,-0.000197339
53:07.8,-0.000187832
53:08.8,-0.000189939
53:09.8,-0.000188474
53:10.7,-0.000177704
53:11.7,-0.000174103
53:12.7,-0.000181211
53:13.7,-0.000184717
53:14.7,-0.000179418
53:15.7,-0.000190598
53:16.7,-0.000187548
53:17.7,-0.000195556
53:18.7,-0.000199066
53:19.7,-0.000190252
53:20.7,-0.000186049
53:21.7,-0.000176637
53:22.7,-0.000176592
53:23.7,-0.000185444
53:24.7,-0.000185655
53:25.7,-0.000183854
53:26.7,-0.000189315
53:27.7,-0.000189835
53:28.7,-0.000185418
53:29.7,-0.000189261
53:30.7,-0.000190541
53:31.7,-0.00018428
53:32.7,-0.000188511
53:33.7,-0.000183043
53:34.7,-0.00017293
53:35.7,-0.000175357
53:36.7,-0.000168112
53:37.7,-0.000178763
53:38.7,-0.000180335
53:39.7,-0.000179136
53:40.7,-0.00018883
53:41.7,-0.000198887
53:42.7,-0.00018565
53:43.7,-0.000183575
53:44.7,-0.000185511
53:45.7,-0.000190812
53:46.7,-0.000191451
53:47.7,-0.000197067
53:48.7,-0.000188244
53:49.7,-0.000190174
53:50.7,-0.000199577
53:51.7,-0.0001922
53:52.7,-0.000184352
53:53.7,-0.000185497
53:54.7,-0.000189482
53:55.7,-0.00018882
53:56.7,-0.000165263
53:57.7,-0.000160044
53:58.7,-0.000174918
53:59.7,-0.000166637
54:00.7,-0.000166513
54:01.7,-0.000176103
54:02.7,-0.000179891
54:03.7,-0.000182395
54:04.7,-0.000179848
54:05.7,-0.000180018
54:06.7,-0.000177308
54:07.7,-0.00018674
54:08.7,-0.000181898
54:09.7,-0.000165891
54:10.7,-0.000162301
54:11.6,-0.000158167
54:12.6,-0.000165257
54:13.6,-0.000164918
54:14.6,-0.000174143
54:15.6,-0.000170498
54:16.6,-0.000167439
54:17.6,-0.000180046
54:18.6,-0.000176704
54:19.6,-0.00016598
54:20.6,-0.00015585
54:21.6,-0.000169292
54:22.6,-0.000167139
54:23.6,-0.000174099
54:24.6,-0.000183335
54:25.6,-0.000173035
54:26.6,-0.000166949
54:27.6,-0.000175755
54:28.6,-0.000178541
54:29.6,-0.000176922
54:30.6,-0.000170751
54:31.6,-0.000169688
54:32.6,-0.000174904
54:33.6,-0.00017559
54:34.6,-0.000177891
54:35.6,-0.000181157
54:36.6,-0.000179609
54:37.6,-0.00017346
54:38.6,-0.000172081
54:39.6,-0.000163341
54:40.6,-0.000172739
54:41.6,-0.0001746
54:42.6,-0.000173394
54:43.6,-0.000172009
54:44.6,-0.000169908
54:45.6,-0.000176675
54:46.6,-0.000179113
54:47.6,-0.000194212
54:48.6,-0.000195719
54:49.6,-0.000196537
54:50.6,-0.000200132
54:51.6,-0.000202605
54:52.6,-0.000193139
54:53.6,-0.000197454
54:54.6,-0.000195305
54:55.6,-0.000194634
54:56.6,-0.000189376
54:57.6,-0.000191302
54:58.6,-0.000197282
54:59.6,-0.000202035
55:00.6,-0.000195297
55:01.6,-0.000196493
55:02.6,-0.000198934
55:03.6,-0.000191664
55:04.6,-0.000179192
55:05.6,-0.000178061
55:06.6,-0.000168646
55:07.6,-0.000167427
55:08.6,-0.000176124
55:09.6,-0.000184388
55:10.6,-0.000182281
55:11.6,-0.000187916
55:12.5,-0.000186461
55:13.5,-0.000188146
55:14.5,-0.000186735
55:15.5,-0.000189923
55:16.5,-0.000188038
55:17.5,-0.000189794
55:18.5,-0.000197071
55:19.5,-0.000205871
55:20.5,-0.00019951
55:21.5,-0.000189915
55:22.5,-0.000192361
55:23.5,-0.000193103
55:24.5,-0.000184857
55:25.5,-0.000182412
55:26.5,-0.000193266
55:27.5,-0.000195313
55:28.5,-0.000200492
55:29.5,-0.000202016
55:30.5,-0.000199489
55:31.5,-0.000195809
55:32.5,-0.0001966
55:33.5,-0.000201184
55:34.5,-0.0002108
55:35.5,-0.000210488
55:36.5,-0.000206886
55:37.5,-0.000214365
55:38.5,-0.000173495
55:39.5,-0.000174245
55:40.5,-0.000178237
55:41.5,-0.000174466
55:42.5,-0.000178333
55:43.5,-0.000174964
55:44.5,-0.000172569
55:45.5,-0.000170953
55:46.5,-0.000174705
55:47.5,-0.000187427
55:48.5,-0.000182337
55:49.5,-0.000180213
55:50.5,-0.000183998
55:51.5,-0.000183316
55:52.5,-0.000197484
55:53.5,-0.000188231
55:54.5,-0.000184408
55:55.5,-0.000163212
55:56.5,-0.00014928
55:57.5,-0.000148678
55:58.5,-0.000153731
55:59.5,-0.000168253
56:00.5,-0.000169416
56:01.5,-0.000171696
56:02.5,-0.000165595
56:03.5,-0.000157819
56:04.5,-0.000148811
56:05.5,-0.000153213
56:06.5,-0.000162064
56:07.5,-0.000153717
56:08.5,-0.000155678
56:09.5,-0.000159273
56:10.5,-0.000164611
56:11.5,-0.000157507
56:12.5,-0.00016482
56:13.4,-0.000160939
56:14.4,-0.000159747
56:15.4,-0.000166618
56:16.4,-0.000165957
56:17.4,-0.000161217
56:18.4,-0.000156946
56:19.4,-0.000153875
56:20.4,-0.000145824
56:21.4,-0.00015651
56:22.4,-0.000158656
56:23.4,-0.000158844
56:24.4,-0.000152787
56:25.4,-0.000155305
56:26.4,-0.000159208
56:27.4,-0.000164476
56:28.4,-0.000164918
56:29.4,-0.000165694
56:30.4,-0.000166001
56:31.4,-0.000169339
56:32.4,-0.000172228
56:33.4,-0.000167424
56:34.4,-0.00016557
56:35.4,-0.000171855
56:36.4,-0.000169613
56:37.4,-0.000166803
56:38.4,-0.000160193
56:39.4,-0.000157379
56:40.4,-0.000164986
56:41.4,-0.000175439
56:42.4,-0.00017294
56:43.4,-0.000162188
56:44.4,-0.000157084
56:45.4,-0.00015409
56:46.4,-0.000146919
56:47.4,-0.000152622
56:48.4,-0.000151003
56:49.4,-0.000147938
56:50.4,-0.000148506
56:51.4,-0.000152153
56:52.4,-0.00015421
56:53.4,-0.000146314
56:54.4,0
56:55.4,-0.000500462
56:56.4,-0.000443471
56:57.4,-0.000434304
56:58.4,-0.000431913
56:59.4,-0.000424445
57:00.4,-0.000420253
57:01.4,-0.000425031
57:02.4,-0.000423027
57:03.4,-0.000420725
57:04.4,-0.000422427
57:05.4,-0.000428073
57:06.4,-0.000426041
57:07.4,-0.000415227
57:08.4,-0.000423565
57:09.4,-0.000430982
57:10.4,-0.000430279
57:11.4,-0.000428
57:12.4,-0.000427753
57:13.4,-0.000428395
57:14.3,-0.000430927
57:15.3,-0.000415694
57:16.3,-0.000424089
57:17.3,-0.000432268
57:18.3,-0.000444027
57:19.3,-0.000433847
57:20.3,-0.000425465
57:21.3,-0.000436597
57:22.3,-0.00044794
57:23.3,-0.000447889
57:24.3,-0.000458331
57:25.3,-0.00045339
57:26.3,-0.000450028
57:27.3,-0.000459961
57:28.3,-0.000455143
57:29.3,-0.000446796
57:30.3,-0.00045334
57:31.3,-0.000457935
57:32.3,-0.000454116
57:33.3,-0.000455133
57:34.3,-0.000455863
57:35.3,-0.000462164
57:36.3,-0.0004589
57:37.3,-0.000452781
57:38.3,-0.000430264
57:39.3,-0.000433357
57:40.3,-0.000444615
57:41.3,-0.000452544
57:42.3,-0.000450679
57:43.3,-0.000441261
57:44.3,-0.000442805
57:45.3,-0.000442928
57:46.3,-0.000448722
57:47.3,-0.00045199
57:48.3,-0.000447245
57:49.3,-0.000435741
57:50.3,-0.000441753
57:51.3,-0.000444695
57:52.3,-0.000444497
57:53.3,-0.000441705
57:54.3,-0.000443202
57:55.3,-0.000447106
57:56.3,-0.000449315
57:57.3,-0.000454087
57:58.3,-0.000452609
57:59.3,-0.000442643
58:00.3,-0.000448659
58:01.3,-0.000465881
58:02.3,-0.000468489
58:03.3,-0.000476318
58:04.3,-0.000478509
58:05.3,-0.00048468
58:06.3,-0.000487249
58:07.3,-0.000490948
58:08.3,-0.000491651
58:09.3,-0.000493076
58:10.3,-0.000487575
58:11.3,-0.000484305
58:12.3,-0.000473319
58:13.3,-0.000473466
58:14.3,-0.000478506
58:15.3,-0.000475931
58:16.2,-0.000480332
58:17.2,-0.000478446
58:18.2,-0.00047289
58:19.2,-0.000463513
58:20.2,-0.00047557
58:21.2,-0.000481713
58:22.2,-0.000477043
58:23.2,-0.000478592
58:24.2,-0.00047898
58:25.2,-0.000481684
58:26.2,-0.000485356
58:27.2,-0.000485509
58:28.2,-0.000483716
58:29.2,-0.000472184
58:30.2,-0.00047034
58:31.2,-0.000474651
58:32.2,-0.000467743
58:33.2,-0.000458551
58:34.2,-0.000458179
58:35.2,-0.000462173
58:36.2,-0.000465731
58:37.2,-0.000464074
58:38.2,-0.000467379
58:39.2,-0.000461206
58:40.2,-0.000453381
58:41.2,-0.000441536
58:42.2,-0.000427678
58:43.2,-0.000427599
58:44.2,-0.000432537
58:45.2,-0.000424119
58:46.2,-0.000414062
58:47.2,-0.000417269
58:48.2,-0.00042942
58:49.2,-0.000443086
58:50.2,-0.000440766
58:51.2,-0.00044777
58:52.2,-0.000441719
58:53.2,-0.000434595
58:54.2,-0.000438027
58:55.2,-0.000440923
58:56.2,-0.000446533
58:57.2,-0.000443788
58:58.2,-0.000440817
58:59.2,-0.000434628
59:00.2,-0.000431058
59:01.2,-0.00042093
59:02.2,-0.000416707
59:03.2,-0.000430981
59:04.2,-0.000431842
59:05.2,-0.000420305
59:06.2,-0.000409388
59:07.2,-0.000418088
59:08.2,-0.000421726
59:09.2,-0.000416403
59:10.2,-0.000422796
59:11.2,-0.000421528
59:12.2,-0.00042119
59:13.2,-0.000426179
59:14.2,-0.000420904
59:15.2,-0.000416498
59:16.2,-0.0004144
59:17.1,-0.000414002
59:18.1,-0.000406466
59:19.1,-0.000407455
59:20.1,-0.000419796
59:21.1,-0.000418015
59:22.1,-0.000418014
59:23.1,-0.000422438
59:24.1,-0.000415994
59:25.1,-0.000418017
59:26.1,-0.000422467
59:27.1,-0.000417116
59:28.1,-0.000421015
59:29.1,-0.000423943
59:30.1,-0.000427883
59:31.1,-0.000425201
59:32.1,-0.000416142
59:33.1,-0.000409821
59:34.1,-0.000410882
59:35.1,-0.000407849
59:36.1,-0.000407672
59:37.1,-0.000411826
59:38.1,-0.000414209
59:39.1,-0.000421208
59:40.1,-0.000429232
59:41.1,-0.000424239
59:42.1,-0.000416323
59:43.1,-0.000422055
59:44.1,-0.000440162
59:45.1,-0.000449343
59:46.1,-0.000450395
59:47.1,-0.000459161
59:48.1,-0.000455434
59:49.1,-0.000440483
59:50.1,-0.000444295
59:51.1,-0.000454724
59:52.1,-0.000456717
59:53.1,-0.000456131
59:54.1,-0.000456943
59:55.1,-0.000460775
59:56.1,-0.000461402
59:57.1,-0.000478363
59:58.1,-0.00047629
59:59.1,-0.000466803
00:00.1,-0.000452753
00:01.1,-0.00044765
00:02.1,-0.000450686
00:03.1,-0.000462529
00:04.1,-0.000464163
00:05.1,-0.000460004
00:06.1,-0.000471302
00:07.1,-0.000469877
00:08.1,-0.000470744
00:09.1,-0.000468694
00:10.1,-0.000462144
00:11.1,-0.000455148
00:12.1,-0.000456893
00:13.1,-0.000462861
00:14.1,-0.000468387
00:15.1,-0.000471809
00:16.1,-0.000482447
00:17.1,-0.000486045
00:18.0,-0.000477674
00:19.0,-0.000460792
00:20.0,-0.000462583
00:21.0,-0.000456394
00:22.0,-0.0004486
00:23.0,-0.000437277
00:24.0,-0.000443889
00:25.0,-0.000445536
00:26.0,-0.000439
00:27.0,-0.000433656
00:28.0,-0.000434719
00:29.0,-0.000437072
00:30.0,-0.000452198
00:31.0,-0.000466123
00:32.0,-0.000468291
00:33.0,-0.00046533
00:34.0,-0.000451898
00:35.0,-0.000443588
00:36.0,-0.000457758
00:37.0,-0.000449945
00:38.0,-0.00044371
00:39.0,-0.000444164
00:40.0,-0.00043864
00:41.0,-0.000438473
00:42.0,-0.000449145
00:43.0,-0.000450944
00:44.0,-0.000450873
00:45.0,-0.00045719
00:46.0,-0.000450975
00:47.0,-0.000445275
00:48.0,-0.000441589
00:49.0,-0.000436777
00:50.0,-0.000429269
00:51.0,-0.000431791
00:52.0,-0.000438678
00:53.0,-0.000447044
00:54.0,-0.000439734
00:55.0,-0.000444052
00:56.0,-0.000431545
00:57.0,-0.000424663
00:58.0,-0.000426291
00:59.0,-0.000427045
01:00.0,-0.000421776
01:01.0,-0.000426998
01:02.0,-0.000438804
01:03.0,-0.000436266
01:04.0,-0.000428347
01:05.0,-0.000438216
01:06.0,-0.000441797
01:07.0,-0.000430805
01:08.0,-0.000417994
01:09.0,-0.000423062
01:10.0,-0.000433648
01:11.0,-0.000427519
01:12.0,-0.000422414
01:13.0,-0.000433126
01:14.0,-0.000438709
01:15.0,-0.000435062
01:16.0,-0.000437529
01:17.0,-0.000443421
01:18.0,-0.000435788
01:18.9,-0.000436671
01:19.9,-0.000440175
01:20.9,-0.000443409
01:21.9,-0.000447795
01:22.9,-0.000444264
01:23.9,-0.000439015
01:24.9,-0.000442792
01:25.9,-0.000443921
01:26.9,-0.000441218
01:27.9,-0.000434226
01:28.9,-0.000433719
01:29.9,-0.000436628
01:30.9,-0.000436163
01:31.9,-0.000433038
01:32.9,-0.000430211
01:33.9,-0.00043232
01:34.9,-0.000439312
01:35.9,-0.000437875
01:36.9,-0.000436002
01:37.9,-0.000443572
01:38.9,-0.000444141
01:39.9,-0.000441705
01:40.9,-0.000438086
01:41.9,-0.000433499
01:42.9,-0.000438702
01:43.9,-0.000438943
01:44.9,-0.000433401
01:45.9,-0.000435077
01:46.9,-0.000439404
01:47.9,-0.000443247
01:48.9,-0.000441209
01:49.9,-0.000435404
01:50.9,-0.000433788
01:51.9,-0.00044024
01:52.9,-0.000440773
01:53.9,-0.000435442
01:54.9,-0.000438132
01:55.9,-0.000434696
01:56.9,-0.000433899
01:57.9,-0.000444044
01:58.9,-0.000443292
01:59.9,-0.000439302
02:00.9,-0.000441776
02:01.9,-0.000442601
02:02.9,-0.000448605
02:03.9,-0.000448294
02:04.9,-0.000457321
02:05.9,-0.000455891
02:06.9,-0.000449223
02:07.9,-0.000439731
02:08.9,-0.000441536
02:09.9,-0.000450534
02:10.9,-0.000449487
02:11.9,-0.000447957
02:12.9,-0.000449352
02:13.9,-0.000447556
02:14.9,-0.000442391
02:15.9,-0.000448618
02:16.9,-0.000441859
02:17.9,-0.000437344
02:18.9,-0.000448837
02:19.8,-0.000456408
02:20.8,-0.000441545
02:21.8,-0.000430689
02:22.8,-0.000432501
02:23.8,-0.0004405
02:24.8,-0.00044575
02:25.8,-0.000430155
02:26.8,-0.00042789
02:27.8,-0.000435611
02:28.8,-0.000439931
02:29.8,-0.000436986
02:30.8,-0.000430816
02:31.8,-0.000423235
02:32.8,-0.000416454
02:33.8,-0.000419225
02:34.8,-0.000415859
02:35.8,-0.000410065
02:36.8,-0.000411788
02:37.8,-0.000425437
02:38.8,-0.000449834
02:39.8,-0.000458903
02:40.8,-0.000461416
02:41.8,-0.000461286
02:42.8,-0.000452719
02:43.8,-0.000451061
02:44.8,-0.000446973
02:45.8,-0.000430481
02:46.8,-0.000437824
02:47.8,-0.0004497
02:48.8,-0.000458181
02:49.8,-0.000456945
02:50.8,-0.000464825
02:51.8,-0.000459072
02:52.8,-0.0004531
02:53.8,-0.000456817
02:54.8,-0.000458099
02:55.8,-0.000456165
02:56.8,-0.000457314
02:57.8,-0.000453173
02:58.8,-0.000450999
02:59.8,-0.000449176
03:00.8,-0.000446017
03:01.8,-0.000447507
03:02.8,-0.000452415
03:03.8,-0.000453101
03:04.8,-0.000453032
03:05.8,-0.000451361
03:06.8,-0.000452512
03:07.8,-0.000453014
03:08.8,-0.000450532
03:09.8,-0.000445451
03:10.8,-0.000449966
03:11.8,-0.00045796
03:12.8,-0.000455462
03:13.8,-0.000453047
03:14.8,-0.000453064
03:15.8,-0.000449865
03:16.8,-0.000450572
03:17.8,-0.000450552
03:18.8,-0.000442828
03:19.8,-0.000443052
03:20.7,-0.000452805
03:21.7,-0.000460201
03:22.7,-0.000462788
03:23.7,-0.000456234
03:24.7,-0.00046076
03:25.7,-0.000457644
03:26.7,-0.000457816
03:27.7,-0.000461399
03:28.7,-0.000469543
03:29.7,-0.000471185
03:30.7,-0.000465678
03:31.7,-0.000469008
03:32.7,-0.000468491
03:33.7,-0.000467096
03:34.7,-0.000473513
03:35.7,-0.000476193
03:36.7,-0.000458925
03:37.7,-0.000456346
03:38.7,-0.000448699
03:39.7,-0.000442812
03:40.7,-0.000447987
03:41.7,-0.000441415
03:42.7,-0.000448896
03:43.7,-0.000453391
03:44.7,-0.000459186
03:45.7,-0.000457944
03:46.7,-0.000454965
03:47.7,-0.000453004
03:48.7,-0.000456194
03:49.7,-0.000445782
03:50.7,-0.000445141
03:51.7,-0.000452995
03:52.7,-0.000458965
03:53.7,-0.000456956
03:54.7,-0.000452383
03:55.7,-0.000459086
03:56.7,-0.00046753
03:57.7,-0.000468793
03:58.7,-0.000471557
03:59.7,-0.000472179
04:00.7,-0.000462385
04:01.7,-0.000450347
04:02.7,-0.000458713
04:03.7,-0.000465986
04:04.7,-0.000472968
04:05.7,-0.000476933
04:06.7,-0.000478953
04:07.7,-0.000471762
04:08.7,-0.000471884
04:09.7,-0.000472898
04:10.7,-0.000473059
04:11.7,-0.000464745
04:12.7,-0.000463267
04:13.7,-0.000471488
04:14.7,-0.000478633
04:15.7,-0.000481547
04:16.7,-0.000474679
04:17.7,-0.000472672
04:18.7,-0.000471203
04:19.7,-0.000476714
04:20.7,-0.000475742
04:21.6,-0.000471625
04:22.6,-0.000475518
04:23.6,-0.000475278
04:24.6,-0.000477112
04:25.6,-0.000479638
04:26.6,-0.000480873
04:27.6,-0.000487844
04:28.6,-0.000488881
04:29.6,-0.000486986
04:30.6,-0.000494542
04:31.6,-0.000502988
04:32.6,-0.000499895
04:33.6,-0.000491121
04:34.6,-0.000490611
04:35.6,-0.000496394
04:36.6,-0.000497787
04:37.6,-0.000495821
04:38.6,-0.000497634
04:39.6,-0.000488498
04:40.6,-0.000485407
04:41.6,-0.000482783
04:42.6,-0.000474901
04:43.6,-0.000480494
04:44.6,-0.000480587
04:45.6,-0.000477348
04:46.6,-0.000476028
04:47.6,-0.000476714
04:48.6,-0.000482666
04:49.6,-0.000486749
04:50.6,-0.000486517
04:51.6,-0.000485516
04:52.6,-0.000478939
04:53.6,-0.000483369
04:54.6,-0.000486301
04:55.6,-0.000482538
04:56.6,-0.000474507
04:57.6,-0.000468896
04:58.6,-0.000468424
04:59.6,-0.000468643
05:00.6,-0.00046946
05:01.6,-0.000479373
05:02.6,-0.000477947
05:03.6,-0.000471301
05:04.6,-0.000463152
05:05.6,-0.000464539
05:06.6,-0.000467428
05:07.6,-0.000481931
05:08.6,-0.000481794
05:09.6,-0.000481805
05:10.6,-0.000474533
05:11.6,-0.000442002
05:12.6,-0.000427479
05:13.6,-0.000433415
05:14.6,-0.000431029
05:15.6,-0.000435556
05:16.6,-0.00043815
05:17.6,-0.000438926
05:18.6,-0.000440644
05:19.6,-0.000447555
05:20.6,-0.000448643
05:21.6,-0.00044944
05:22.5,-0.000439429
05:23.5,-0.000441943
05:24.5,-0.000445718
05:25.5,-0.000445864
05:26.5,-0.000447704
05:27.5,-0.000445338
05:28.5,-0.00044529
05:29.5,-0.000450557
05:30.5,-0.000470501
05:31.5,-0.000471034
05:32.5,-0.000472304
05:33.5,-0.000475718
05:34.5,-0.000470143
05:35.5,-0.000469856
05:36.5,-0.000462555
05:37.5,-0.000467959
05:38.5,-0.0004718
05:39.5,-0.000477419
05:40.5,-0.000490163
05:41.5,-0.000475068
05:42.5,-0.000465174
05:43.5,-0.000454831
05:44.5,-0.000452454
05:45.5,-0.000451361
05:46.5,-0.000455772
05:47.5,-0.00044549
05:48.5,-0.000437304
05:49.5,-0.000436538
05:50.5,-0.000437536
05:51.5,-0.000439442
05:52.5,-0.000442307
05:53.5,-0.00043551
05:54.5,-0.000441198
05:55.5,-0.000441293
05:56.5,-0.000428906
05:57.5,-0.000429749
05:58.5,-0.000431299
05:59.5,-0.000442649
06:00.5,-0.000439044
06:01.5,-0.000440166
06:02.5,-0.000439665
06:03.5,-0.000439087
06:04.5,-0.000435655
06:05.5,-0.000441601
06:06.5,-0.000443959
06:07.5,-0.000441859
06:08.5,-0.000432769
06:09.5,-0.00042756
06:10.5,-0.000430219
06:11.5,-0.000437047
06:12.5,-0.000439332
06:13.5,-0.000436702
06:14.5,-0.000442994
06:15.5,-0.000445215
06:16.5,-0.000440158
06:17.5,-0.000433705
06:18.5,-0.000430553
06:19.5,-0.000417674
06:20.5,-0.000415987
06:21.5,-0.000411508
06:22.5,-0.000421043
06:23.5,-0.000441983
06:24.4,-0.000450781
06:25.4,-0.000438862
06:26.4,-0.000438743
06:27.4,-0.0004438
06:28.4,-0.000444948
06:29.4,-0.000447825
06:30.4,-0.000406914
06:31.4,-0.000370501
06:32.4,-0.0003657
06:33.4,-0.000376064
06:34.4,-0.000384542
06:35.4,-0.000378035
06:36.4,-0.000379214
06:37.4,-0.000374197
06:38.4,-0.000377749
06:39.4,-0.000380972
06:40.4,-0.00038396
06:41.4,-0.000393773
06:42.4,-0.000403277
06:43.4,-0.000419221
06:44.4,-0.000420814
06:45.4,-0.000426222
06:46.4,-0.000420316
06:47.4,-0.000413597
06:48.4,-0.000408797
06:49.4,-0.000411957
06:50.4,-0.000411328
06:51.4,-0.000412914
06:52.4,-0.000423468
06:53.4,-0.00042072
06:54.4,0
06:55.4,0.00117201
06:56.4,0.001063073
06:57.4,0.00106348
06:58.4,0.001069845
06:59.4,0.001072471
07:00.4,0.001069346
07:01.4,0.001074352
07:02.4,0.001059932
07:03.4,0.001033163
07:04.4,0.001036311
07:05.4,0.001037444
07:06.4,0.001044609
07:07.4,0.00104239
07:08.4,0.0010388
07:09.4,0.001039492
07:10.4,0.00103486
07:11.4,0.001033541
07:12.4,0.001042947
07:13.4,0.001051215
07:14.4,0.001060125
07:15.4,0.001062897
07:16.4,0.001058037
07:17.4,0.001052106
07:18.4,0.001056584
07:19.4,0.001065139
07:20.4,0.00107088
07:21.4,0.001072574
07:22.4,0.001072625
07:23.4,0.001073647
07:24.4,0.001062115
07:25.3,0.001059364
07:26.3,0.001059396
07:27.3,0.001047287
07:28.3,0.001049935
07:29.3,0.00104943
07:30.3,0.001049239
07:31.3,0.001060591
07:32.3,0.001099872
07:33.3,0.001114293
07:34.3,0.001110296
07:35.3,0.001106522
07:36.3,0.001103551
07:37.3,0.001101196
07:38.3,0.001106523
07:39.3,0.001098941
07:40.3,0.001113436
07:41.3,0.001113124
07:42.3,0.001111397
07:43.3,0.001106071
07:44.3,0.001106569
07:45.3,0.001100845
07:46.3,0.001098965
07:47.3,0.001099993
07:48.3,0.001097903
07:49.3,0.001104379
07:50.3,0.001111929
07:51.3,0.001118175
07:52.3,0.001115224
07:53.3,0.001108474
07:54.3,0.001108305
07:55.3,0.001112254
07:56.3,0.001117253
07:57.3,0.001119043
07:58.3,0.001110117
07:59.3,0.001096385
08:00.3,0.001097517
08:01.3,0.001107676
08:02.3,0.001113144
08:03.3,0.001111128
08:04.3,0.001109207
08:05.3,0.00111297
08:06.3,0.001103806
08:07.3,0.001105432
08:08.3,0.001117353
08:09.3,0.001111195
08:10.3,0.001129418
08:11.3,0.001133013
08:12.3,0.001134425
08:13.3,0.001124302
08:14.3,0.001128082
08:15.3,0.001128013
08:16.3,0.001144487
08:17.3,0.001141893
08:18.3,0.001132971
08:19.3,0.001126472
08:20.3,0.001124288
08:21.3,0.001140936
08:22.3,0.001145698
08:23.3,0.001143154
08:24.3,0.00114067
08:25.3,0.001143975
08:26.2,0.001137877
08:27.2,0.001134093
08:28.2,0.00113591
08:29.2,0.001149527
08:30.2,0.001149958
08:31.2,0.001148523
08:32.2,0.001156807
08:33.2,0.001153352
08:34.2,0.001152814
08:35.2,0.001154815
08:36.2,0.001153361
08:37.2,0.001149462
08:38.2,0.001142238
08:39.2,0.001140779
08:40.2,0.00113895
08:41.2,0.001141819
08:42.2,0.001143748
08:43.2,0.001145653
08:44.2,0.00115138
08:45.2,0.001161687
08:46.2,0.001157109
08:47.2,0.001146318
08:48.2,0.001145383
08:49.2,0.001146142
08:50.2,0.001143673
08:51.2,0.001135166
08:52.2,0.001141744
08:53.2,0.001146063
08:54.2,0.001148352
08:55.2,0.001160235
08:56.2,0.001165088
08:57.2,0.001162834
08:58.2,0.001172475
08:59.2,0.001165163
09:00.2,0.001151768
09:01.2,0.001139963
09:02.2,0.001108997
09:03.2,0.001078758
09:04.2,0.001139944
09:05.2,0.001159495
09:06.2,0.001150171
09:07.2,0.001140462
09:08.2,0.001140497
09:09.2,0.001140666
09:10.2,0.00113734
09:11.2,0.00113831
09:12.2,0.001142793
09:13.2,0.001149259
09:14.2,0.001141145
09:15.2,0.001137679
09:16.2,0.001133621
09:17.2,0.001134805
09:18.2,0.001134459
09:19.2,0.001158604
09:20.2,0.001120743
09:21.2,0.001127727
09:22.2,0.001185141
09:23.2,0.001168423
09:24.2,0.001173375
09:25.2,0.001164632
09:26.2,0.001170673
09:27.1,0.001158248
09:28.1,0.001156544
09:29.1,0.001170132
09:30.1,0.001194123
09:31.1,0.001190874
09:32.1,0.001184435
09:33.1,0.001181801
09:34.1,0.001172014
09:35.1,0.001163593
09:36.1,0.001181187
09:37.1,0.001169565
09:38.1,0.001163926
09:39.1,0.001171015
09:40.1,0.001169586
09:41.1,0.001165125
09:42.1,0.001168699
09:43.1,0.001177421
09:44.1,0.001172747
09:45.1,0.001179159
09:46.1,0.001171955
09:47.1,0.001163196
09:48.1,0.001165569
09:49.1,0.00116739
09:50.1,0.001173947
09:51.1,0.001187485
09:52.1,0.001173532
09:53.1,0.001149062
09:54.1,0.001173466
09:55.1,0.001171978
09:56.1,0.001168972
09:57.1,0.00117394
09:58.1,0.001171404
09:59.1,0.001175706
10:00.1,0.0011795
10:01.1,0.0011842
10:02.1,0.001184669
10:03.1,0.001192504
10:04.1,0.001183469
10:05.1,0.001186566
10:06.1,0.00118369
10:07.1,0.00117283
10:08.1,0.001186698
10:09.1,0.001186761
10:10.1,0.001188994
10:11.1,0.001190853
10:12.1,0.001203147
10:13.1,0.001203633
10:14.1,0.001186976
10:15.1,0.001178718
10:16.1,0.001177414
10:17.1,0.001187476
10:18.1,0.001194943
10:19.1,0.001187804
10:20.1,0.001187256
10:21.1,0.001185401
10:22.1,0.001184196
10:23.1,0.001173855
10:24.1,0.00116758
10:25.1,0.001157595
10:26.1,0.0011574
10:27.1,0.001146821
10:28.0,0.001151236
10:29.0,0.001164828
10:30.0,0.001161894
10:31.0,0.001179867
10:32.0,0.001168119
10:33.0,0.001149336
10:34.0,0.001146992
10:35.0,0.00115135
10:36.0,0.001154721
10:37.0,0.001148882
10:38.0,0.001147297
10:39.0,0.00113878
10:40.0,0.001135799
10:41.0,0.001146607
10:42.0,0.001160574
10:43.0,0.001165721
10:44.0,0.0011653
10:45.0,0.001157433
10:46.0,0.001162577
10:47.0,0.001162784
10:48.0,0.001152302
10:49.0,0.001154179
10:50.0,0.001179343
10:51.0,0.00117187
10:52.0,0.001180078
10:53.0,0.001165134
10:54.0,0.001168907
10:55.0,0.0011749
10:56.0,0.001197304
10:57.0,0.001202902
10:58.0,0.001175765
10:59.0,0.001182385
11:00.0,0.001180256
11:01.0,0.001168044
11:02.0,0.001174133
11:03.0,0.001161091
11:04.0,0.001193496
11:05.0,0.001203933
11:06.0,0.001197901
11:07.0,0.00118865
11:08.0,0.001167301
11:09.0,0.001150656
11:10.0,0.001189082
11:11.0,0.001210627
11:12.0,0.001203273
11:13.0,0.001202164
11:14.0,0.001185209
11:15.0,0.001177381
11:16.0,0.001189311
11:17.0,0.00118131
11:18.0,0.001169339
11:19.0,0.001201274
11:20.0,0.001218697
11:21.0,0.001196912
11:22.0,0.001164163
11:23.0,0.001148362
11:24.0,0.001139561
11:25.0,0.001109514
11:26.0,0.001116943
11:27.0,0.001118128
11:28.0,0.001133247
11:28.9,0.001123056
11:29.9,0.001128222
11:30.9,0.001143057
11:31.9,0.001151245
11:32.9,0.001132508
11:33.9,0.001100515
11:34.9,0.001099673
11:35.9,0.001108416
11:36.9,0.00111307
11:37.9,0.001117543
11:38.9,0.001129009
11:39.9,0.001123947
11:40.9,0.001139616
11:41.9,0.001128918
11:42.9,0.00112008
11:43.9,0.001129287
11:44.9,0.001122876
11:45.9,0.001114246
11:46.9,0.001116839
11:47.9,0.001133995
11:48.9,0.001111434
11:49.9,0.001124742
11:50.9,0.001132251
11:51.9,0.001145288
11:52.9,0.00115446
11:53.9,0.001139773
11:54.9,0.001096382
11:55.9,0.001113124
11:56.9,0.001137659
11:57.9,0.00116355
11:58.9,0.0011819
11:59.9,0.001184597
12:00.9,0.001188973
12:01.9,0.001160251
12:02.9,0.001135256
12:03.9,0.001145741
12:04.9,0.001173138
12:05.9,0.001156446
12:06.9,0.001135125
12:07.9,0.001114666
12:08.9,0.00110656
12:09.9,0.001103163
12:10.9,0.001108748
12:11.9,0.001123328
12:12.9,0.001126424
12:13.9,0.001123191
12:14.9,0.001131164
12:15.9,0.001141286
12:16.9,0.001135622
12:17.9,0.001138149
12:18.9,0.001119629
12:19.9,0.001134075
12:20.9,0.001127901
12:21.9,0.001108711
12:22.9,0.001105342
12:23.9,0.001126382
12:24.9,0.001120875
12:25.9,0.001112867
12:26.9,0.001102786
12:27.9,0.001131865
12:28.9,0.00114212
12:29.8,0.00114164
12:30.8,0.001151734
12:31.8,0.00116403
12:32.8,0.001167796
12:33.8,0.001155554
12:34.8,0.001160395
12:35.8,0.001146656
12:36.8,0.001167949
12:37.8,0.001154544
12:38.8,0.001146583
12:39.8,0.001156418
12:40.8,0.001162215
12:41.8,0.001143322
12:42.8,0.001155381
12:43.8,0.001153171
12:44.8,0.001151842
12:45.8,0.00114921
12:46.8,0.001162385
12:47.8,0.001144257
12:48.8,0.001135102
12:49.8,0.001142488
12:50.8,0.001134403
12:51.8,0.001136774
12:52.8,0.001129268
12:53.8,0.001153578
12:54.8,0.001179511
12:55.8,0.001179403
12:56.8,0.001161684
12:57.8,0.001148162
12:58.8,0.001151188
12:59.8,0.001154354
13:00.8,0.001141235
13:01.8,0.001141066
13:02.8,0.001140296
13:03.8,0.001146612
13:04.8,0.001155519
13:05.8,0.001156585
13:06.8,0.001169384
13:07.8,0.001165096
13:08.8,0.001151387
13:09.8,0.001152793
13:10.8,0.001165882
13:11.8,0.001167527
13:12.8,0.001158331
13:13.8,0.001161686
13:14.8,0.001153368
13:15.8,0.001154448
13:16.8,0.001146504
13:17.8,0.001159315
13:18.8,0.001168371
13:19.8,0.001164317
13:20.8,0.001178394
13:21.8,0.001176016
13:22.8,0.001165187
13:23.8,0.001163634
13:24.8,0.001177829
13:25.8,0.001170376
13:26.8,0.001171342
13:27.8,0.00116194
13:28.8,0.001153776
13:29.8,0.001156893
13:30.7,0.001162732
13:31.7,0.001165453
13:32.7,0.001190023
13:33.7,0.001192867
13:34.7,0.001184284
13:35.7,0.001180006
13:36.7,0.001166152
13:37.7,0.001160955
13:38.7,0.001148328
13:39.7,0.00116099
13:40.7,0.001150302
13:41.7,0.001151936
13:42.7,0.001152505
13:43.7,0.001157556
13:44.7,0.001162854
13:45.7,0.001177408
13:46.7,0.001191813
13:47.7,0.001171162
13:48.7,0.001160925
13:49.7,0.001166146
13:50.7,0.001176204
13:51.7,0.001183061
13:52.7,0.001196709
13:53.7,0.001192071
13:54.7,0.001190554
13:55.7,0.001197356
13:56.7,0.001199147
13:57.7,0.001191849
13:58.7,0.001187607
13:59.7,0.001182153
14:00.7,0.001183874
14:01.7,0.001189809
14:02.7,0.001197762
14:03.7,0.00119846
14:04.7,0.001202458
14:05.7,0.001209924
14:06.7,0.001199318
14:07.7,0.00119322
14:08.7,0.00118812
14:09.7,0.001188114
14:10.7,0.001200859
14:11.7,0.001199683
14:12.7,0.001196028
14:13.7,0.001189546
14:14.7,0.001169314
14:15.7,0.001176081
14:16.7,0.001171025
14:17.7,0.001170934
14:18.7,0.001176286
14:19.7,0.001167907
14:20.7,0.001172409
14:21.7,0.001175709
14:22.7,0.0011811
14:23.7,0.001166304
14:24.7,0.001154831
14:25.7,0.001169886
14:26.7,0.001171161
14:27.7,0.001167345
14:28.7,0.001164739
14:29.7,0.001174434
14:30.7,0.001175782
14:31.6,0.001190914
14:32.6,0.001190306
14:33.6,0.001183545
14:34.6,0.001184003
14:35.6,0.001172719
14:36.6,0.001185248
14:37.6,0.001189871
14:38.6,0.001182768
14:39.6,0.00118904
14:40.6,0.001185859
14:41.6,0.001196051
14:42.6,0.001193469
14:43.6,0.001199339
14:44.6,0.001210767
14:45.6,0.001219588
14:46.6,0.001214336
14:47.6,0.001218287
14:48.6,0.001209028
14:49.6,0.001200754
14:50.6,0.001198114
14:51.6,0.001191077
14:52.6,0.00120369
14:53.6,0.001227494
14:54.6,0.001205854
14:55.6,0.001181512
14:56.6,0.001182239
14:57.6,0.001201552
14:58.6,0.001208328
14:59.6,0.001200837
15:00.6,0.001204861
15:01.6,0.001193274
15:02.6,0.001179508
15:03.6,0.001178224
15:04.6,0.001191522
15:05.6,0.001206303
15:06.6,0.001220713
15:07.6,0.001208212
15:08.6,0.001195821
15:09.6,0.001213411
15:10.6,0.001209556
15:11.6,0.001212462
15:12.6,0.001205249
15:13.6,0.001211067
15:14.6,0.001209609
15:15.6,0.001205909
15:16.6,0.001210508
15:17.6,0.001208341
15:18.6,0.001209501
15:19.6,0.001212445
15:20.6,0.001217859
15:21.6,0.001218877
15:22.6,0.001215067
15:23.6,0.001210562
15:24.6,0.001218471
15:25.6,0.001216255
15:26.6,0.00122006
15:27.6,0.001214732
15:28.6,0.001209439
15:29.6,0.001203306
15:30.6,0.001201764
15:31.6,0.001203417
15:32.6,0.001219294
15:33.5,0.001211312
15:34.5,0.001221818
15:35.5,0.001225086
15:36.5,0.001203556
15:37.5,0.001201712
15:38.5,0.001202733
15:39.5,0.001208308
15:40.5,0.001208
15:41.5,0.001217245
15:42.5,0.001221469
15:43.5,0.001206587
15:44.5,0.001205997
15:45.5,0.001201629
15:46.5,0.001189754
15:47.5,0.00117692
15:48.5,0.00117241
15:49.5,0.001194015
15:50.5,0.001195621
15:51.5,0.001204283
15:52.5,0.001237088
15:53.5,0.001264831
15:54.5,0.00125384
15:55.5,0.001256249
15:56.5,0.001268055
15:57.5,0.001274627
15:58.5,0.001269676
15:59.5,0.001258868
16:00.5,0.001258051
16:01.5,0.001255979
16:02.5,0.001257176
16:03.5,0.001263894
16:04.5,0.00127486
16:05.5,0.001272079
16:06.5,0.001266397
16:07.5,0.00126504
16:08.5,0.001249917
16:09.5,0.001253947
16:10.5,0.001263563
16:11.5,0.001256076
16:12.5,0.001250433
16:13.5,0.001263513
16:14.5,0.001265353
16:15.5,0.001280635
16:16.5,0.001283665
16:17.5,0.001279807
16:18.5,0.001266527
16:19.5,0.001253887
16:20.5,0.001259036
16:21.5,0.001260785
16:22.5,0.001258324
16:23.5,0.001267902
16:24.5,0.001265323
16:25.5,0.001280639
16:26.5,0.001287039
16:27.5,0.001268929
16:28.5,0.001258613
16:29.5,0.001246254
16:30.5,0.001253298
16:31.5,0.001257847
16:32.5,0.001263185
16:33.5,0.001263476
16:34.4,0.001268045
16:35.4,0.001264765
16:36.4,0.00125805
16:37.4,0.001245544
16:38.4,0.001276574
16:39.4,0.001272723
16:40.4,0.001262676
16:41.4,0.001260681
16:42.4,0.001270265
16:43.4,0.001268917
16:44.4,0.001279348
16:45.4,0.001278417
16:46.4,0.001269237
16:47.4,0.001273408
16:48.4,0.001283203
16:49.4,0.00128061
16:50.4,0.001270652
16:51.4,0.001262204
16:52.4,0.001251576
16:53.4,0.001255192
16:54.4,0
16:55.4,-0.001625036
16:56.4,-0.00147677
16:57.4,-0.001497754
16:58.4,-0.001488012
16:59.4,-0.001495537
17:00.4,-0.001501588
17:01.4,-0.001506698
17:02.4,-0.001525673
17:03.4,-0.001528383
17:04.4,-0.001500656
17:05.4,-0.001510502
17:06.4,-0.001495482
17:07.4,-0.001492935
17:08.4,-0.001494657
17:09.4,-0.001496114
17:10.4,-0.001480218
17:11.4,-0.001466691
17:12.4,-0.001475309
17:13.4,-0.001478775
17:14.4,-0.001455221
17:15.4,-0.00143091
17:16.4,-0.001454554
17:17.4,-0.00144465
17:18.4,-0.0014185
17:19.4,-0.001423743
17:20.4,-0.001428513
17:21.4,-0.00141442
17:22.4,-0.00140255
17:23.4,-0.001407226
17:24.4,-0.001411876
17:25.4,-0.001395997
17:26.4,-0.001385598
17:27.4,-0.001377362
17:28.4,-0.001395167
17:29.4,-0.001427284
17:30.4,-0.001432263
17:31.4,-0.001411759
17:32.4,-0.00137852
17:33.4,-0.001382166
17:34.4,-0.001371582
17:35.3,-0.001387481
17:36.3,-0.001387193
17:37.3,-0.001393494
17:38.3,-0.001403665
17:39.3,-0.001395908
17:40.3,-0.001385994
17:41.3,-0.001394647
17:42.3,-0.001399989
17:43.3,-0.001418409
17:44.3,-0.001427192
17:45.3,-0.001432323
17:46.3,-0.001422653
17:47.3,-0.00141683
17:48.3,-0.00142553
17:49.3,-0.001412624
17:50.3,-0.001429345
17:51.3,-0.001407435
17:52.3,-0.001419454
17:53.3,-0.001438281
17:54.3,-0.001428122
17:55.3,-0.001397999
17:56.3,-0.001369706
17:57.3,-0.001413448
17:58.3,-0.001443219
17:59.3,-0.001447143
18:00.3,-0.001451983
18:01.3,-0.001422811
18:02.3,-0.001402268
18:03.3,-0.001407466
18:04.3,-0.001408303
18:05.3,-0.001409914
18:06.3,-0.001393973
18:07.3,-0.001403809
18:08.3,-0.001405315
18:09.3,-0.001420935
18:10.3,-0.001393718
18:11.3,-0.001384454
18:12.3,-0.00138271
18:13.3,-0.001352762
18:14.3,-0.001354839
18:15.3,-0.001340521
18:16.3,-0.001319991
18:17.3,-0.001344643
18:18.3,-0.001361652
18:19.3,-0.001390812
18:20.3,-0.001373183
18:21.3,-0.001351947
18:22.3,-0.00136767
18:23.3,-0.001353774
18:24.3,-0.001346336
18:25.3,-0.001355407
18:26.3,-0.001357853
18:27.3,-0.001369282
18:28.3,-0.001372397
18:29.3,-0.001368924
18:30.3,-0.001373512
18:31.3,-0.001378897
18:32.3,-0.001390469
18:33.3,-0.001370019
18:34.3,-0.001360057
18:35.3,-0.001377927
18:36.2,-0.001387038
18:37.2,-0.001376869
18:38.2,-0.001399829
18:39.2,-0.001417208
18:40.2,-0.001421325
18:41.2,-0.001411939
18:42.2,-0.001387243
18:43.2,-0.001391179
18:44.2,-0.001406391
18:45.2,-0.001418268
18:46.2,-0.001399351
18:47.2,-0.001385599
18:48.2,-0.001395433
18:49.2,-0.00136607
18:50.2,-0.001375798
18:51.2,-0.001389731
18:52.2,-0.001395611
18:53.2,-0.001403151
18:54.2,-0.001383453
18:55.2,-0.001386858
18:56.2,-0.001385252
18:57.2,-0.001366623
18:58.2,-0.00135244
18:59.2,-0.00135358
19:00.2,-0.001368285
19:01.2,-0.001348497
19:02.2,-0.00134245
19:03.2,-0.001369279
19:04.2,-0.00138262
19:05.2,-0.001391779
19:06.2,-0.00137947
19:07.2,-0.001388809
19:08.2,-0.001393776
19:09.2,-0.001378279
19:10.2,-0.001371413
19:11.2,-0.001390681
19:12.2,-0.001390938
19:13.2,-0.001381703
19:14.2,-0.001385634
19:15.2,-0.001392781
19:16.2,-0.001394103
19:17.2,-0.001400541
19:18.2,-0.00142037
19:19.2,-0.001380655
19:20.2,-0.001361472
19:21.2,-0.001357445
19:22.2,-0.001361918
19:23.2,-0.001380018
19:24.2,-0.001391928
19:25.2,-0.001407381
19:26.2,-0.00140386
19:27.2,-0.001387996
19:28.2,-0.001397336
19:29.2,-0.001385404
19:30.2,-0.001381692
19:31.2,-0.00141519
19:32.2,-0.001386004
19:33.2,-0.001392321
19:34.2,-0.001400257
19:35.2,-0.001433706
19:36.2,-0.001433165
19:37.1,-0.001408264
19:38.1,-0.001392951
19:39.1,-0.001372934
19:40.1,-0.00137024
19:41.1,-0.001379865
19:42.1,-0.001376614
19:43.1,-0.001405431
19:44.1,-0.001403335
19:45.1,-0.00140004
19:46.1,-0.001430392
19:47.1,-0.001443499
19:48.1,-0.001443902
19:49.1,-0.001429947
19:50.1,-0.001411242
19:51.1,-0.001390452
19:52.1,-0.001356705
19:53.1,-0.001380639
19:54.1,-0.001409211
19:55.1,-0.001422187
19:56.1,-0.001422279
19:57.1,-0.001424975
19:58.1,-0.001414565
19:59.1,-0.001395769
20:00.1,-0.001377569
20:01.1,-0.001397585
20:02.1,-0.001420933
20:03.1,-0.001415299
20:04.1,-0.001415227
20:05.1,-0.001423986
20:06.1,-0.001409494
20:07.1,-0.001378819
20:08.1,-0.001393488
20:09.1,-0.001399511
20:10.1,-0.001414822
20:11.1,-0.001449992
20:12.1,-0.001461063
20:13.1,-0.001454482
20:14.1,-0.001472251
20:15.1,-0.001476825
20:16.1,-0.00146474
20:17.1,-0.001483039
20:18.1,-0.001487378
20:19.1,-0.001464518
20:20.1,-0.001484312
20:21.1,-0.001441139
20:22.1,-0.001439168
20:23.1,-0.00144461
20:24.1,-0.001468184
20:25.1,-0.001481299
20:26.1,-0.001464616
20:27.1,-0.001446361
20:28.1,-0.001463336
20:29.1,-0.001468701
20:30.1,-0.001450638
20:31.1,-0.001458647
20:32.1,-0.001501229
20:33.1,-0.001500191
20:34.1,-0.00148204
20:35.1,-0.00146482
20:36.1,-0.00147021
20:37.1,-0.001465693
20:38.0,-0.001486217
20:39.0,-0.001516109
20:40.0,-0.001490981
20:41.0,-0.001476359
20:42.0,-0.001461379
20:43.0,-0.00148325
20:44.0,-0.001484024
20:45.0,-0.001482486
20:46.0,-0.001479776
20:47.0,-0.001477505
20:48.0,-0.001449882
20:49.0,-0.001456231
20:50.0,-0.001501981
20:51.0,-0.001510377
20:52.0,-0.00150115
20:53.0,-0.001470993
20:54.0,-0.001485841
20:55.0,-0.001486915
20:56.0,-0.001474681
20:57.0,-0.00149174
20:58.0,-0.001491483
20:59.0,-0.001470017
21:00.0,-0.001449528
21:01.0,-0.001439445
21:02.0,-0.001422444
21:03.0,-0.00141855
21:04.0,-0.001425846
21:05.0,-0.001445224
21:06.0,-0.001429852
21:07.0,-0.001441821
21:08.0,-0.001436364
21:09.0,-0.001441878
21:10.0,-0.001444708
21:11.0,-0.001439398
21:12.0,-0.001432167
21:13.0,-0.001419462
21:14.0,-0.001435745
21:15.0,-0.001450169
21:16.0,-0.001415985
21:17.0,-0.001397897
21:18.0,-0.001416493
21:19.0,-0.001455998
21:20.0,-0.001464713
21:21.0,-0.001445581
21:22.0,-0.001451424
21:23.0,-0.001463195
21:24.0,-0.001444473
21:25.0,-0.001442116
21:26.0,-0.001428282
21:27.0,-0.001427741
21:28.0,-0.001430561
21:29.0,-0.001462068
21:30.0,-0.001446753
21:31.0,-0.001454585
21:32.0,-0.001446161
21:33.0,-0.001444042
21:34.0,-0.001447861
21:35.0,-0.001461003
21:36.0,-0.001443071
21:37.0,-0.001442035
21:38.0,-0.001448858
21:38.9,-0.00145189
21:39.9,-0.001459061
21:40.9,-0.001454741
21:41.9,-0.001445577
21:42.9,-0.001476284
21:43.9,-0.00148552
21:44.9,-0.001486612
21:45.9,-0.001485634
21:46.9,-0.00147862
21:47.9,-0.001491369
21:48.9,-0.001496075
21:49.9,-0.001483731
21:50.9,-0.001486964
21:51.9,-0.001506571
21:52.9,-0.001517815
21:53.9,-0.001500859
21:54.9,-0.001499408
21:55.9,-0.001519296
21:56.9,-0.00149386
21:57.9,-0.001481455
21:58.9,-0.001489383
21:59.9,-0.001498123
22:00.9,-0.001508572
22:01.9,-0.00150125
22:02.9,-0.001519494
22:03.9,-0.001501778
22:04.9,-0.001493723
22:05.9,-0.001506048
22:06.9,-0.001510077
22:07.9,-0.001505138
22:08.9,-0.001508446
22:09.9,-0.001500858
22:10.9,-0.001492437
22:11.9,-0.001502455
22:12.9,-0.001494043
22:13.9,-0.001494663
22:14.9,-0.001491592
22:15.9,-0.001477931
22:16.9,-0.001477737
22:17.9,-0.001498195
22:18.9,-0.001517298
22:19.9,-0.001517273
22:20.9,-0.00151163
22:21.9,-0.001492427
22:22.9,-0.001494738
22:23.9,-0.00150944
22:24.9,-0.00150343
22:25.9,-0.00149695
22:26.9,-0.001509969
22:27.9,-0.001518553
22:28.9,-0.001526527
22:29.9,-0.001533444
22:30.9,-0.001517371
22:31.9,-0.00149963
22:32.9,-0.001499702
22:33.9,-0.001509845
22:34.9,-0.001520557
22:35.9,-0.001526895
22:36.9,-0.001511485
22:37.9,-0.001497819
22:38.9,-0.001508356
22:39.8,-0.001509456
22:40.8,-0.001498731
22:41.8,-0.001513182
22:42.8,-0.001523957
22:43.8,-0.001511943
22:44.8,-0.001504634
22:45.8,-0.001506218
22:46.8,-0.001513028
22:47.8,-0.00151855
22:48.8,-0.001536756
22:49.8,-0.001544229
22:50.8,-0.001542653
22:51.8,-0.001548251
22:52.8,-0.001558439
22:53.8,-0.001550102
22:54.8,-0.001543896
22:55.8,-0.001547232
22:56.8,-0.001556643
22:57.8,-0.00156466
22:58.8,-0.001556643
22:59.8,-0.001551142
23:00.8,-0.001546281
23:01.8,-0.001549827
23:02.8,-0.001552175
23:03.8,-0.001554005
23:04.8,-0.001531443
23:05.8,-0.001526597
23:06.8,-0.001518626
23:07.8,-0.001523678
23:08.8,-0.001530023
23:09.8,-0.001514689
23:10.8,-0.001511216
23:11.8,-0.001520026
23:12.8,-0.001525905
23:13.8,-0.00152906
23:14.8,-0.001528828
23:15.8,-0.001534357
23:16.8,-0.001545259
23:17.8,-0.001545768
23:18.8,-0.001534845
23:19.8,-0.001533901
23:20.8,-0.001524014
23:21.8,-0.001536804
23:22.8,-0.001537369
23:23.8,-0.001537801
23:24.8,-0.001528804
23:25.8,-0.001527477
23:26.8,-0.001550081
23:27.8,-0.001539332
23:28.8,-0.001538336
23:29.8,-0.001544254
23:30.8,-0.001552779
23:31.8,-0.001542028
23:32.8,-0.001530142
23:33.8,-0.001538375
23:34.8,-0.001551107
23:35.8,-0.001562899
23:36.8,-0.00157323
23:37.8,-0.001565593
23:38.8,-0.001567139
23:39.8,-0.001553351
23:40.8,-0.00153917
23:41.7,-0.001531038
23:42.7,-0.001515362
23:43.7,-0.001533455
23:44.7,-0.001526934
23:45.7,-0.001537762
23:46.7,-0.001545039
23:47.7,-0.001538862
23:48.7,-0.001536621
23:49.7,-0.00154596
23:50.7,-0.001545353
23:51.7,-0.001542538
23:52.7,-0.001547706
23:53.7,-0.001545738
23:54.7,-0.001532357
23:55.7,-0.001526502
23:56.7,-0.001527117
23:57.7,-0.001537386
23:58.7,-0.001543046
23:59.7,-0.001536063
24:00.7,-0.001549894
24:01.7,-0.001541055
24:02.7,-0.00152625
24:03.7,-0.001533853
24:04.7,-0.001531174
24:05.7,-0.001537774
24:06.7,-0.001538491
24:07.7,-0.0015367
24:08.7,-0.001545185
24:09.7,-0.001533618
24:10.7,-0.00152954
24:11.7,-0.001534256
24:12.7,-0.001534964
24:13.7,-0.001535438
24:14.7,-0.001532228
24:15.7,-0.001538062
24:16.7,-0.001539636
24:17.7,-0.001532207
24:18.7,-0.001534933
24:19.7,-0.001538817
24:20.7,-0.001532036
24:21.7,-0.001537521
24:22.7,-0.001530197
24:23.7,-0.001537239
24:24.7,-0.001542292
24:25.7,-0.00152956
24:26.7,-0.001529192
24:27.7,-0.001513866
24:28.7,-0.001505895
24:29.7,-0.00150839
24:30.7,-0.001503032
24:31.7,-0.00150239
24:32.7,-0.001518717
24:33.7,-0.001514988
24:34.7,-0.001503688
24:35.7,-0.00151345
24:36.7,-0.001518342
24:37.7,-0.001521902
24:38.7,-0.001518417
24:39.7,-0.001510936
24:40.7,-0.001524874
24:41.7,-0.00152906
24:42.6,-0.001525917
24:43.6,-0.001522142
24:44.6,-0.001521548
24:45.6,-0.00152456
24:46.6,-0.001536733
24:47.6,-0.001534983
24:48.6,-0.001524377
24:49.6,-0.00151533
24:50.6,-0.001505533
24:51.6,-0.001524183
24:52.6,-0.001539128
24:53.6,-0.001541114
24:54.6,-0.001538108
24:55.6,-0.001536057
24:56.6,-0.001526797
24:57.6,-0.001542711
24:58.6,-0.001548266
24:59.6,-0.001541426
25:00.6,-0.001534427
25:01.6,-0.001540356
25:02.6,-0.001541549
25:03.6,-0.001536244
25:04.6,-0.001531561
25:05.6,-0.001536949
25:06.6,-0.001538324
25:07.6,-0.001527587
25:08.6,-0.001538809
25:09.6,-0.001543277
25:10.6,-0.001542377
25:11.6,-0.001552141
25:12.6,-0.001555027
25:13.6,-0.001542563
25:14.6,-0.001545491
25:15.6,-0.001545061
25:16.6,-0.001540101
25:17.6,-0.00153609
25:18.6,-0.001533199
25:19.6,-0.001539531
25:20.6,-0.001551248
25:21.6,-0.001548314
25:22.6,-0.001536261
25:23.6,-0.001538247
25:24.6,-0.001525785
25:25.6,-0.001524751
25:26.6,-0.001530207
25:27.6,-0.001554148
25:28.6,-0.001574952
25:29.6,-0.001570571
25:30.6,-0.001577477
25:31.6,-0.001581182
25:32.6,-0.001575273
25:33.6,-0.001567256
25:34.6,-0.001566536
25:35.6,-0.001585256
25:36.6,-0.00158675
25:37.6,-0.001575488
25:38.6,-0.001569599
25:39.6,-0.001560943
25:40.6,-0.001571184
25:41.6,-0.001571237
25:42.6,-0.00156505
25:43.5,-0.001571545
25:44.5,-0.001575104
25:45.5,-0.001578144
25:46.5,-0.001582136
25:47.5,-0.001581432
25:48.5,-0.001577575
25:49.5,-0.001567158
25:50.5,-0.001570091
25:51.5,-0.0015677
25:52.5,-0.001582397
25:53.5,-0.001603503
25:54.5,-0.001598201
25:55.5,-0.001590474
25:56.5,-0.001588345
25:57.5,-0.001592077
25:58.5,-0.001604547
25:59.5,-0.00160279
26:00.5,-0.001599355
26:01.5,-0.001594486
26:02.5,-0.001588636
26:03.5,-0.001596493
26:04.5,-0.001607219
26:05.5,-0.001599018
26:06.5,-0.001598085
26:07.5,-0.001590391
26:08.5,-0.001591818
26:09.5,-0.001597851
26:10.5,-0.001599457
26:11.5,-0.001592911
26:12.5,-0.001582941
26:13.5,-0.001592994
26:14.5,-0.001591961
26:15.5,-0.00158929
26:16.5,-0.001595483
26:17.5,-0.00159391
26:18.5,-0.00159076
26:19.5,-0.001593423
26:20.5,-0.001591816
26:21.5,-0.001585498
26:22.5,-0.00158935
26:23.5,-0.001592343
26:24.5,-0.001592795
26:25.5,-0.001594552
26:26.5,-0.001597642
26:27.5,-0.001598039
26:28.5,-0.001591937
26:29.5,-0.00158649
26:30.5,-0.001589011
26:31.5,-0.001588882
26:32.5,-0.001586196
26:33.5,-0.001590823
26:34.5,-0.001602775
26:35.5,-0.001605859
26:36.5,-0.00159463
26:37.5,-0.001598293
26:38.5,-0.001603201
26:39.5,-0.00158675
26:40.5,-0.001564028
26:41.5,-0.001570711
26:42.5,-0.001567478
26:43.5,-0.001577359
26:44.4,-0.001584454
26:45.4,-0.001574969
26:46.4,-0.001564646
26:47.4,-0.001564501
26:48.4,-0.001578433
26:49.4,-0.001585672
26:50.4,-0.001587623
26:51.4,-0.001596258
26:52.4,-0.001593869
26:53.4,-0.001584621
26:54.4,0
26:55.4,-0.000735011
26:56.4,-0.000669337
26:57.4,-0.000661683
26:58.4,-0.000658665
26:59.4,-0.000667536
27:00.4,-0.000674792
27:01.4,-0.00068209
27:02.4,-0.000672502
27:03.4,-0.000671718
27:04.4,-0.000671784
27:05.4,-0.000672406
27:06.4,-0.000685121
27:07.4,-0.000666962
27:08.4,-0.000657411
27:09.4,-0.000658124
27:10.4,-0.000665046
27:11.4,-0.000674558
27:12.4,-0.000676323
27:13.4,-0.000664654
27:14.4,-0.00065948
27:15.4,-0.000665882
27:16.4,-0.000662585
27:17.4,-0.00065395
27:18.4,-0.000667796
27:19.4,-0.000671094
27:20.4,-0.000678372
27:21.4,-0.000667628
27:22.4,-0.000660587
27:23.4,-0.000650918
27:24.4,-0.000656352
27:25.4,-0.000647083
27:26.4,-0.000642514
27:27.4,-0.000645793
27:28.4,-0.000660171
27:29.4,-0.000672084
27:30.4,-0.000669661
27:31.4,-0.000660381
27:32.4,-0.000647389
27:33.4,-0.000640063
27:34.4,-0.000632137
27:35.4,-0.000631929
27:36.4,-0.000634938
27:37.4,-0.000630751
27:38.4,-0.00062528
27:39.4,-0.000626549
27:40.4,-0.000643151
27:41.4,-0.000647597
27:42.4,-0.00065601
27:43.4,-0.000656685
27:44.4,-0.000647844
27:45.3,-0.000635911
27:46.3,-0.000628254
27:47.3,-0.000635064
27:48.3,-0.000651464
27:49.3,-0.000642121
27:50.3,-0.000638828
27:51.3,-0.000644798
27:52.3,-0.000647483
27:53.3,-0.000651789
27:54.3,-0.000644322
27:55.3,-0.000658132
27:56.3,-0.000664268
27:57.3,-0.000654615
27:58.3,-0.000635983
27:59.3,-0.00062506
28:00.3,-0.000628663
28:01.3,-0.000639799
28:02.3,-0.000656599
28:03.3,-0.000664364
28:04.3,-0.000647235
28:05.3,-0.000645371
28:06.3,-0.000644881
28:07.3,-0.000640799
28:08.3,-0.000648223
28:09.3,-0.000649496
28:10.3,-0.000648322
28:11.3,-0.000650481
28:12.3,-0.0006445
28:13.3,-0.000658007
28:14.3,-0.000661593
28:15.3,-0.000653694
28:16.3,-0.000667498
28:17.3,-0.000675238
28:18.3,-0.00067853
28:19.3,-0.000681229
28:20.3,-0.000689805
28:21.3,-0.000693012
28:22.3,-0.000697063
28:23.3,-0.000708705
28:24.3,-0.000700427
28:25.3,-0.000700196
28:26.3,-0.000706943
28:27.3,-0.000709042
28:28.3,-0.000699003
28:29.3,-0.000693225
28:30.3,-0.000697271
28:31.3,-0.00067825
28:32.3,-0.00064987
28:33.3,-0.000644787
28:34.3,-0.000642373
28:35.3,-0.000643005
28:36.3,-0.00066257
28:37.3,-0.000641328
28:38.3,-0.00064282
28:39.3,-0.000636137
28:40.3,-0.000638437
28:41.3,-0.000650584
28:42.3,-0.000647133
28:43.3,-0.000654485
28:44.3,-0.000648405
28:45.3,-0.000633401
28:46.2,-0.000621899
28:47.2,-0.000615011
28:48.2,-0.000619757
28:49.2,-0.000626333
28:50.2,-0.000616712
28:51.2,-0.000611823
28:52.2,-0.00061547
28:53.2,-0.000620151
28:54.2,-0.000607129
28:55.2,-0.000612254
28:56.2,-0.000601062
28:57.2,-0.000593454
28:58.2,-0.000592132
28:59.2,-0.000602895
29:00.2,-0.000602369
29:01.2,-0.000613785
29:02.2,-0.000623905
29:03.2,-0.000631654
29:04.2,-0.000629176
29:05.2,-0.000629324
29:06.2,-0.000654694
29:07.2,-0.000641566
29:08.2,-0.000616522
29:09.2,-0.000617181
29:10.2,-0.000616565
29:11.2,-0.000629942
29:12.2,-0.000622482
29:13.2,-0.000632142
29:14.2,-0.000639667
29:15.2,-0.000644592
29:16.2,-0.000644051
29:17.2,-0.000638945
29:18.2,-0.000624823
29:19.2,-0.000641822
29:20.2,-0.000640147
29:21.2,-0.000647481
29:22.2,-0.000653079
29:23.2,-0.000655636
29:24.2,-0.000647875
29:25.2,-0.000653049
29:26.2,-0.000649005
29:27.2,-0.000636941
29:28.2,-0.00064945
29:29.2,-0.000659666
29:30.2,-0.000649377
29:31.2,-0.000656272
29:32.2,-0.000661218
29:33.2,-0.000674634
29:34.2,-0.000664133
29:35.2,-0.000665877
29:36.2,-0.000654423
29:37.2,-0.000662739
29:38.2,-0.000665843
29:39.2,-0.00066547
29:40.2,-0.00065418
29:41.2,-0.000654823
29:42.2,-0.000649245
29:43.2,-0.000653207
29:44.2,-0.000661314
29:45.2,-0.000651012
29:46.2,-0.000649157
29:47.1,-0.000659343
29:48.1,-0.000681055
29:49.1,-0.000672814
29:50.1,-0.000671147
29:51.1,-0.00066038
29:52.1,-0.000640305
29:53.1,-0.000656141
29:54.1,-0.000667871
29:55.1,-0.000660003
29:56.1,-0.000654434
29:57.1,-0.00065669
29:58.1,-0.000663032
29:59.1,-0.00067356
30:00.1,-0.000661697
30:01.1,-0.000667068
30:02.1,-0.000679471
30:03.1,-0.000662272
30:04.1,-0.000653566
30:05.1,-0.000647537
30:06.1,-0.000647652
30:07.1,-0.000653556
30:08.1,-0.000672779
30:09.1,-0.00065308
30:10.1,-0.000648959
30:11.1,-0.000662497
30:12.1,-0.000654154
30:13.1,-0.000661753
30:14.1,-0.000655566
30:15.1,-0.000647717
30:16.1,-0.000644281
30:17.1,-0.000642549
30:18.1,-0.000648571
30:19.1,-0.000650373
30:20.1,-0.000669855
30:21.1,-0.000668507
30:22.1,-0.000677157
30:23.1,-0.000674491
30:24.1,-0.000664766
30:25.1,-0.000663227
30:26.1,-0.000650303
30:27.1,-0.000645409
30:28.1,-0.00065657
30:29.1,-0.000651222
30:30.1,-0.000640756
30:31.1,-0.000626549
30:32.1,-0.000629346
30:33.1,-0.000627433
30:34.1,-0.000618296
30:35.1,-0.00061148
30:36.1,-0.000621405
30:37.1,-0.000607449
30:38.1,-0.000599126
30:39.1,-0.000597707
30:40.1,-0.000603773
30:41.1,-0.000601158
30:42.1,-0.000598008
30:43.1,-0.000584719
30:44.1,-0.000593606
30:45.1,-0.000588881
30:46.1,-0.000589633
30:47.1,-0.000602548
30:48.0,-0.000605897
30:49.0,-0.000603068
30:50.0,-0.000596523
30:51.0,-0.000599948
30:52.0,-0.000597024
30:53.0,-0.000608366
30:54.0,-0.000606344
30:55.0,-0.000622415
30:56.0,-0.000614921
30:57.0,-0.000609451
30:58.0,-0.000611824
30:59.0,-0.000597328
31:00.0,-0.000593072
31:01.0,-0.000598855
31:02.0,-0.000600934
31:03.0,-0.000612534
31:04.0,-0.000610831
31:05.0,-0.000603379
31:06.0,-0.000605725
31:07.0,-0.000608744
31:08.0,-0.000603846
31:09.0,-0.000613118
31:10.0,-0.000620006
31:11.0,-0.000612566
31:12.0,-0.000597343
31:13.0,-0.000594734
31:14.0,-0.000606974
31:15.0,-0.000614633
31:16.0,-0.000609688
31:17.0,-0.000597899
31:18.0,-0.000609141
31:19.0,-0.000613664
31:20.0,-0.000611639
31:21.0,-0.000591559
31:22.0,-0.000577247
31:23.0,-0.000579264
31:24.0,-0.000576471
31:25.0,-0.000571815
31:26.0,-0.000570882
31:27.0,-0.000567017
31:28.0,-0.000550067
31:29.0,-0.000540739
31:30.0,-0.000539287
31:31.0,-0.00055078
31:32.0,-0.000541957
31:33.0,-0.000548365
31:34.0,-0.000552431
31:35.0,-0.000555464
31:36.0,-0.000552919
31:37.0,-0.00055559
31:38.0,-0.000545901
31:39.0,-0.000548409
31:40.0,-0.000555169
31:41.0,-0.000552467
31:42.0,-0.000560583
31:43.0,-0.000556214
31:44.0,-0.000554117
31:45.0,-0.000543432
31:46.0,-0.000544762
31:47.0,-0.000549819
31:48.0,-0.000550711
31:48.9,-0.000551336
31:49.9,-0.000554693
31:50.9,-0.000565034
31:51.9,-0.000576026
31:52.9,-0.000565207
31:53.9,-0.000568878
31:54.9,-0.000570777
31:55.9,-0.000557614
31:56.9,-0.000555038
31:57.9,-0.0005549
31:58.9,-0.000564201
31:59.9,-0.000580065
32:00.9,-0.000581423
32:01.9,-0.000581393
32:02.9,-0.000558295
32:03.9,-0.000555343
32:04.9,-0.00055702
32:05.9,-0.000555764
32:06.9,-0.000552183
32:07.9,-0.000555026
32:08.9,-0.000546133
32:09.9,-0.000544859
32:10.9,-0.00055209
32:11.9,-0.00054301
32:12.9,-0.000553578
32:13.9,-0.000552353
32:14.9,-0.000552486
32:15.9,-0.000549109
32:16.9,-0.000538556
32:17.9,-0.000536796
32:18.9,-0.000545492
32:19.9,-0.000542471
32:20.9,-0.000537292
32:21.9,-0.000535327
32:22.9,-0.000522576
32:23.9,-0.000528096
32:24.9,-0.000533113
32:25.9,-0.000528329
32:26.9,-0.00052873
32:27.9,-0.000531327
32:28.9,-0.00053609
32:29.9,-0.000521532
32:30.9,-0.00051099
32:31.9,-0.000506505
32:32.9,-0.000515236
32:33.9,-0.000514785
32:34.9,-0.000503287
32:35.9,-0.000507258
32:36.9,-0.000512972
32:37.9,-0.000517211
32:38.9,-0.000517875
32:39.9,-0.000515268
32:40.9,-0.000517577
32:41.9,-0.000522628
32:42.9,-0.000523224
32:43.9,-0.000517658
32:44.9,-0.000522738
32:45.9,-0.000530365
32:46.9,-0.000520628
32:47.9,-0.000514143
32:48.9,-0.000518306
32:49.9,-0.00051945
32:50.8,-0.000502669
32:51.8,-0.000503341
32:52.8,-0.000517786
32:53.8,-0.000518809
32:54.8,-0.000520705
32:55.8,-0.000514756
32:56.8,-0.000505098
32:57.8,-0.000502338
32:58.8,-0.000505821
32:59.8,-0.000507473
33:00.8,-0.0005293
33:01.8,-0.000536439
33:02.8,-0.000536941
33:03.8,-0.000528544
33:04.8,-0.000520733
33:05.8,-0.00052909
33:06.8,-0.000540394
33:07.8,-0.000551985
33:08.8,-0.00055712
33:09.8,-0.000547027
33:10.8,-0.00053194
33:11.8,-0.000534699
33:12.8,-0.000536185
33:13.8,-0.000533589
33:14.8,-0.000533621
33:15.8,-0.000538553
33:16.8,-0.000540056
33:17.8,-0.000538294
33:18.8,-0.000535158
33:19.8,-0.000529091
33:20.8,-0.000533948
33:21.8,-0.000542161
33:22.8,-0.000543879
33:23.8,-0.000538933
33:24.8,-0.000536434
33:25.8,-0.000499843
33:26.8,-0.000511352
33:27.8,-0.000517773
33:28.8,-0.000516075
33:29.8,-0.000512962
33:30.8,-0.000511323
33:31.8,-0.000515968
33:32.8,-0.000516465
33:33.8,-0.00051249
33:34.8,-0.000510686
33:35.8,-0.000512445
33:36.8,-0.000500904
33:37.8,-0.000504549
33:38.8,-0.000513161
33:39.8,-0.000507903
33:40.8,-0.000503937
33:41.8,-0.000512555
33:42.8,-0.000514947
33:43.8,-0.000514816
33:44.8,-0.000519385
33:45.8,-0.000510188
33:46.8,-0.000510993
33:47.8,-0.000522703
33:48.8,-0.000520349
33:49.8,-0.000528244
33:50.8,-0.000527875
33:51.7,-0.00052392
33:52.7,-0.000528817
33:53.7,-0.000525913
33:54.7,-0.000530566
33:55.7,-0.000530562
33:56.7,-0.000531398
33:57.7,-0.000529962
33:58.7,-0.000536357
33:59.7,-0.000540776
34:00.7,-0.000540316
34:01.7,-0.000524455
34:02.7,-0.000532471
34:03.7,-0.000535743
34:04.7,-0.000531117
34:05.7,-0.000530829
34:06.7,-0.000521739
34:07.7,-0.000528416
34:08.7,-0.00053551
34:09.7,-0.000544727
34:10.7,-0.000549152
34:11.7,-0.000549036
34:12.7,-0.000538026
34:13.7,-0.000533916
34:14.7,-0.000526762
34:15.7,-0.000523922
34:16.7,-0.000519276
34:17.7,-0.000510232
34:18.7,-0.000505471
34:19.7,-0.000517555
34:20.7,-0.000531296
34:21.7,-0.000533084
34:22.7,-0.000536982
34:23.7,-0.000535932
34:24.7,-0.000535553
34:25.7,-0.000533456
34:26.7,-0.00052753
34:27.7,-0.000527618
34:28.7,-0.000530763
34:29.7,-0.000533464
34:30.7,-0.000529063
34:31.7,-0.000527233
34:32.7,-0.000528809
34:33.7,-0.000523702
34:34.7,-0.00052069
34:35.7,-0.000518433
34:36.7,-0.000514349
34:37.7,-0.00053208
34:38.7,-0.000538163
34:39.7,-0.000532766
34:40.7,-0.000545124
34:41.7,-0.000552507
34:42.7,-0.000555684
34:43.7,-0.000555555
34:44.7,-0.000557345
34:45.7,-0.000558408
34:46.7,-0.000556866
34:47.7,-0.000559707
34:48.7,-0.000577678
34:49.7,-0.000574493
34:50.7,-0.000577169
34:51.7,-0.000581381
34:52.6,-0.0005804
34:53.6,-0.000582484
34:54.6,-0.000585439
34:55.6,-0.000567535
34:56.6,-0.000561988
34:57.6,-0.000566317
34:58.6,-0.000574975
34:59.6,-0.000586809
35:00.6,-0.000584582
35:01.6,-0.000581196
35:02.6,-0.000578263
35:03.6,-0.000579958
35:04.6,-0.000578773
35:05.6,-0.000572634
35:06.6,-0.000575833
35:07.6,-0.00058765
35:08.6,-0.000597913
35:09.6,-0.00060828
35:10.6,-0.000614102
35:11.6,-0.000599866
35:12.6,-0.00059306
35:13.6,-0.000588476
35:14.6,-0.000579301
35:15.6,-0.000584978
35:16.6,-0.000590794
35:17.6,-0.000601842
35:18.6,-0.000597497
35:19.6,-0.000599038
35:20.6,-0.000596459
35:21.6,-0.000600775
35:22.6,-0.000593145
35:23.6,-0.000589887
35:24.6,-0.000597063
35:25.6,-0.000603848
35:26.6,-0.00059771
35:27.6,-0.000598171
35:28.6,-0.000596379
35:29.6,-0.000579426
35:30.6,-0.000569818
35:31.6,-0.00057721
35:32.6,-0.000577714
35:33.6,-0.000580661
35:34.6,-0.000579434
35:35.6,-0.000591203
35:36.6,-0.000578221
35:37.6,-0.000556212
35:38.6,-0.000566111
35:39.6,-0.00058347
35:40.6,-0.000586849
35:41.6,-0.000591402
35:42.6,-0.00059212
35:43.6,-0.000582956
35:44.6,-0.000590064
35:45.6,-0.000579411
35:46.6,-0.000580529
35:47.6,-0.00057472
35:48.6,-0.000586043
35:49.6,-0.000586573
35:50.6,-0.000581944
35:51.6,-0.000575535
35:52.6,-0.000579318
35:53.5,-0.000589091
35:54.5,-0.000584965
35:55.5,-0.000584803
35:56.5,-0.000589498
35:57.5,-0.000588366
35:58.5,-0.000597563
35:59.5,-0.000604968
36:00.5,-0.000592942
36:01.5,-0.000605273
36:02.5,-0.000616081
36:03.5,-0.000616957
36:04.5,-0.000623728
36:05.5,-0.00063358
36:06.5,-0.000629366
36:07.5,-0.000617887
36:08.5,-0.000627994
36:09.5,-0.00062226
36:10.5,-0.000616979
36:11.5,-0.00061281
36:12.5,-0.000614365
36:13.5,-0.000619526
36:14.5,-0.000617057
36:15.5,-0.000617602
36:16.5,-0.000622398
36:17.5,-0.000612318
36:18.5,-0.000626033
36:19.5,-0.000622063
36:20.5,-0.000613099
36:21.5,-0.000607644
36:22.5,-0.000622419
36:23.5,-0.000609077
36:24.5,-0.000596305
36:25.5,-0.000589995
36:26.5,-0.000599294
36:27.5,-0.000605829
36:28.5,-0.000623823
36:29.5,-0.000635779
36:30.5,-0.000624765
36:31.5,-0.000639642
36:32.5,-0.000670179
36:33.5,-0.000668581
36:34.5,-0.000671833
36:35.5,-0.000657062
36:36.5,-0.000646307
36:37.5,-0.000645242
36:38.5,-0.000665397
36:39.5,-0.000676019
36:40.5,-0.000659806
36:41.5,-0.000679365
36:42.5,-0.000677347
36:43.5,-0.000675668
36:44.5,-0.000658023
36:45.5,-0.000652769
36:46.5,-0.000655777
36:47.5,-0.000659722
36:48.5,-0.000681113
36:49.5,-0.000687191
36:50.5,-0.000691365
36:51.5,-0.000696039
36:52.5,-0.00068609
36:53.5,-0.000681813
36:54.4,0
36:55.4,0.000879338
36:56.4,0.000817802
36:57.4,0.000808227
36:58.4,0.000788625
36:59.4,0.00077904
37:00.4,0.000771143
37:01.4,0.000776756
37:02.4,0.000764535
37:03.4,0.000767526
37:04.4,0.00078602
37:05.4,0.000774042
37:06.4,0.000783953
37:07.4,0.000805811
37:08.4,0.000825498
37:09.4,0.000843134
37:10.4,0.000849278
37:11.4,0.000868968
37:12.4,0.000876303
37:13.4,0.000866562
37:14.4,0.000875615
37:15.4,0.00087911
37:16.4,0.000887919
37:17.4,0.00088296
37:18.4,0.000888558
37:19.4,0.000872225
37:20.4,0.000859363
37:21.4,0.000858055
37:22.4,0.000853956
37:23.4,0.000872908
37:24.4,0.000871221
37:25.4,0.000863284
37:26.4,0.000865613
37:27.4,0.000871447
37:28.4,0.000870742
37:29.4,0.000892431
37:30.4,0.000917625
37:31.4,0.000890961
37:32.4,0.00087277
37:33.4,0.00088577
37:34.4,0.000878306
37:35.4,0.000886431
37:36.4,0.000891929
37:37.4,0.000879124
37:38.4,0.000888
37:39.4,0.000887242
37:40.4,0.00089004
37:41.4,0.000908875
37:42.4,0.000925133
37:43.4,0.000928159
37:44.4,0.000922629
37:45.4,0.000951535
37:46.4,0.000964652
37:47.4,0.000953491
37:48.4,0.000937111
37:49.4,0.000959801
37:50.4,0.000939303
37:51.4,0.000922247
37:52.4,0.000935129
37:53.4,0.000928371
37:54.4,0.000950786
37:55.3,0.000953109
37:56.3,0.000935165
37:57.3,0.000954443
37:58.3,0.000968534
37:59.3,0.000977667
38:00.3,0.000976962
38:01.3,0.000992035
38:02.3,0.000997396
38:03.3,0.000985626
38:04.3,0.000971316
38:05.3,0.000978052
38:06.3,0.000985352
38:07.3,0.00099986
38:08.3,0.001006555
38:09.3,0.001005574
38:10.3,0.001000375
38:11.3,0.001020955
38:12.3,0.001019204
38:13.3,0.00100483
38:14.3,0.000996171
38:15.3,0.000995447
38:16.3,0.001003754
38:17.3,0.000983909
38:18.3,0.00097181
38:19.3,0.000977614
38:20.3,0.000980382
38:21.3,0.000997312
38:22.3,0.000980139
38:23.3,0.000979424
38:24.3,0.001001706
38:25.3,0.000997205
38:26.3,0.001019969
38:27.3,0.001025867
38:28.3,0.001010651
38:29.3,0.001014039
38:30.3,0.001024449
38:31.3,0.001002375
38:32.3,0.001027434
38:33.3,0.001026951
38:34.3,0.001016903
38:35.3,0.001018605
38:36.3,0.001019779
38:37.3,0.001021752
38:38.3,0.001021927
38:39.3,0.001043401
38:40.3,0.001017215
38:41.3,0.001005114
38:42.3,0.001006478
38:43.3,0.001038278
38:44.3,0.00102275
38:45.3,0.00099902
38:46.3,0.001010144
38:47.3,0.001020362
38:48.3,0.001032702
38:49.3,0.001039091
38:50.3,0.001028137
38:51.3,0.001032502
38:52.3,0.001034526
38:53.3,0.00102748
38:54.3,0.00102505
38:55.3,0.001039674
38:56.2,0.001031289
38:57.2,0.000985002
38:58.2,0.000993399
38:59.2,0.001020423
39:00.2,0.001009027
39:01.2,0.001020656
39:02.2,0.00102505
39:03.2,0.001027457
39:04.2,0.001024367
39:05.2,0.001011727
39:06.2,0.001010919
39:07.2,0.000978394
39:08.2,0.000984564
39:09.2,0.000992389
39:10.2,0.000988848
39:11.2,0.000983089
39:12.2,0.000988181
39:13.2,0.000994878
39:14.2,0.000990353
39:15.2,0.000983087
39:16.2,0.000986304
39:17.2,0.000973803
39:18.2,0.001022216
39:19.2,0.001029504
39:20.2,0.001017773
39:21.2,0.001002179
39:22.2,0.001005606
39:23.2,0.001004039
39:24.2,0.001004671
39:25.2,0.001002106
39:26.2,0.000992771
39:27.2,0.001002794
39:28.2,0.001014535
39:29.2,0.001034096
39:30.2,0.001030193
39:31.2,0.001016727
39:32.2,0.001025797
39:33.2,0.001011746
39:34.2,0.001026105
39:35.2,0.00104393
39:36.2,0.00100645
39:37.2,0.000998366
39:38.2,0.000990398
39:39.2,0.001004424
39:40.2,0.000994812
39:41.2,0.001000585
39:42.2,0.001037614
39:43.2,0.001032921
39:44.2,0.001012173
39:45.2,0.001019471
39:46.2,0.00102598
39:47.2,0.001004177
39:48.2,0.001024484
39:49.2,0.001040485
39:50.2,0.001048765
39:51.2,0.001039106
39:52.2,0.001045549
39:53.2,0.001045887
39:54.2,0.001023956
39:55.2,0.001000687
39:56.2,0.00101769
39:57.1,0.001012431
39:58.1,0.001015756
39:59.1,0.001009409
40:00.1,0.001017266
40:01.1,0.001018464
40:02.1,0.001021604
40:03.1,0.00101413
40:04.1,0.001020308
40:05.1,0.001032837
40:06.1,0.001043338
40:07.1,0.001044593
40:08.1,0.001041675
40:09.1,0.001044791
40:10.1,0.001035124
40:11.1,0.001003945
40:12.1,0.000990578
40:13.1,0.000997297
40:14.1,0.001022441
40:15.1,0.001030944
40:16.1,0.00103742
40:17.1,0.001038077
40:18.1,0.001051609
40:19.1,0.001034283
40:20.1,0.001024231
40:21.1,0.000997945
40:22.1,0.000995657
40:23.1,0.000985924
40:24.1,0.000977353
40:25.1,0.000972824
40:26.1,0.000991394
40:27.1,0.001005661
40:28.1,0.001007485
40:29.1,0.00098757
40:30.1,0.000946224
40:31.1,0.000988054
40:32.1,0.001020912
40:33.1,0.00100419
40:34.1,0.000988852
40:35.1,0.001025757
40:36.1,0.001031813
40:37.1,0.000998161
40:38.1,0.000987688
40:39.1,0.000975036
40:40.1,0.000966067
40:41.1,0.000965667
40:42.1,0.000960615
40:43.1,0.000964325
40:44.1,0.000978434
40:45.1,0.000990711
40:46.1,0.00097944
40:47.1,0.000968343
40:48.1,0.000994588
40:49.1,0.001026675
40:50.1,0.00102314
40:51.1,0.00094107
40:52.1,0.000915482
40:53.1,0.000906111
40:54.1,0.00094226
40:55.1,0.000946097
40:56.1,0.000954099
40:57.1,0.000966362
40:58.1,0.000962848
40:59.0,0.00092748
41:00.0,0.000946231
41:01.0,0.000958789
41:02.0,0.000929153
41:03.0,0.0009389
41:04.0,0.000954324
41:05.0,0.000957112
41:06.0,0.000973139
41:07.0,0.001001625
41:08.0,0.000996029
41:09.0,0.000989936
41:10.0,0.00099883
41:11.0,0.000965148
41:12.0,0.001000774
41:13.0,0.000978713
41:14.0,0.000973048
41:15.0,0.001019835
41:16.0,0.001042268
41:17.0,0.001012877
41:18.0,0.001003518
41:19.0,0.000979334
41:20.0,0.000943454
41:21.0,0.000955408
41:22.0,0.000938453
41:23.0,0.00093498
41:24.0,0.000937537
41:25.0,0.000921772
41:26.0,0.000924507
41:27.0,0.000927326
41:28.0,0.000918656
41:29.0,0.000933725
41:30.0,0.000952886
41:31.0,0.000956803
41:32.0,0.000976183
41:33.0,0.000977755
41:34.0,0.000944451
41:35.0,0.000911319
41:36.0,0.00090626
41:37.0,0.000932353
41:38.0,0.000955328
41:39.0,0.000933993
41:40.0,0.000908658
41:41.0,0.000886854
41:42.0,0.00089302
41:43.0,0.000933964
41:44.0,0.000925133
41:45.0,0.000926148
41:46.0,0.000934291
41:47.0,0.000944067
41:48.0,0.000933772
41:49.0,0.000889826
41:50.0,0.000897869
41:51.0,0.000890432
41:52.0,0.000882167
41:53.0,0.000905547
41:54.0,0.000931043
41:55.0,0.000978851
41:56.0,0.001001181
41:57.0,0.000997584
41:58.0,0.000980224
41:59.0,0.000982061
41:59.9,0.000999761
42:00.9,0.000980198
42:01.9,0.000984959
42:02.9,0.000974008
42:03.9,0.00097701
42:04.9,0.001014703
42:05.9,0.00101357
42:06.9,0.001006196
42:07.9,0.000997412
42:08.9,0.000980918
42:09.9,0.000951617
42:10.9,0.000948316
42:11.9,0.000965048
42:12.9,0.000977019
42:13.9,0.000968344
42:14.9,0.001007066
42:15.9,0.001048225
42:16.9,0.000998898
42:17.9,0.000969645
42:18.9,0.000975635
42:19.9,0.000948072
42:20.9,0.000924534
42:21.9,0.000914937
42:22.9,0.000894937
42:23.9,0.000946903
42:24.9,0.00094901
42:25.9,0.00095884
42:26.9,0.000950802
42:27.9,0.000960602
42:28.9,0.000971821
42:29.9,0.000960956
42:30.9,0.000982639
42:31.9,0.000947696
42:32.9,0.000943042
42:33.9,0.000973536
42:34.9,0.000936502
42:35.9,0.000934468
42:36.9,0.000958003
42:37.9,0.000980379
42:38.9,0.000976565
42:39.9,0.00099022
42:40.9,0.000983567
42:41.9,0.000974943
42:42.9,0.001003936
42:43.9,0.001003192
42:44.9,0.001043071
42:45.9,0.00100661
42:46.9,0.000984092
42:47.9,0.000995464
42:48.9,0.000984263
42:49.9,0.001014985
42:50.9,0.000995893
42:51.9,0.000959942
42:52.9,0.000959552
42:53.9,0.000981912
42:54.9,0.001006526
42:55.9,0.000985662
42:56.9,0.000990393
42:57.9,0.000988177
42:58.9,0.000957858
42:59.9,0.000980319
43:00.8,0.001006447
43:01.8,0.0010013
43:02.8,0.00100701
43:03.8,0.000980733
43:04.8,0.000980972
43:05.8,0.000985603
43:06.8,0.000992354
43:07.8,0.000951146
43:08.8,0.000952816
43:09.8,0.000980023
43:10.8,0.000989938
43:11.8,0.000982695
43:12.8,0.000939854
43:13.8,0.000966846
43:14.8,0.000972101
43:15.8,0.000976158
43:16.8,0.000976863
43:17.8,0.000955634
43:18.8,0.000961417
43:19.8,0.000956601
43:20.8,0.00096473
43:21.8,0.000920916
43:22.8,0.000940185
43:23.8,0.000958613
43:24.8,0.000957085
43:25.8,0.000929499
43:26.8,0.000925017
43:27.8,0.000950155
43:28.8,0.000951016
43:29.8,0.00099267
43:30.8,0.000984769
43:31.8,0.000980598
43:32.8,0.000961089
43:33.8,0.00094258
43:34.8,0.000963047
43:35.8,0.000953405
43:36.8,0.000950491
43:37.8,0.000939129
43:38.8,0.000942553
43:39.8,0.00094154
43:40.8,0.000922702
43:41.8,0.000975859
43:42.8,0.000972114
43:43.8,0.000950608
43:44.8,0.000937103
43:45.8,0.000928942
43:46.8,0.000922761
43:47.8,0.000917919
43:48.8,0.000918673
43:49.8,0.000922567
43:50.8,0.00095924
43:51.8,0.000952193
43:52.8,0.000930405
43:53.8,0.000906027
43:54.8,0.000887604
43:55.8,0.000886721
43:56.8,0.000896036
43:57.8,0.000899298
43:58.8,0.000927424
43:59.8,0.000951312
44:00.8,0.000941884
44:01.7,0.000957306
44:02.7,0.000987501
44:03.7,0.000985465
44:04.7,0.00098845
44:05.7,0.001029514
44:06.7,0.001012007
44:07.7,0.001003197
44:08.7,0.000984238
44:09.7,0.000975158
44:10.7,0.000970368
44:11.7,0.000954153
44:12.7,0.000963913
44:13.7,0.000978574
44:14.7,0.000961987
44:15.7,0.000963952
44:16.7,0.000970664
44:17.7,0.00096864
44:18.7,0.000993523
44:19.7,0.001005716
44:20.7,0.000967498
44:21.7,0.000929254
44:22.7,0.000926465
44:23.7,0.000951402
44:24.7,0.000963363
44:25.7,0.000973029
44:26.7,0.000943573
44:27.7,0.0009667
44:28.7,0.001027913
44:29.7,0.001017976
44:30.7,0.000989365
44:31.7,0.000948563
44:32.7,0.000918852
44:33.7,0.000970531
44:34.7,0.000985429
44:35.7,0.000978344
44:36.7,0.000962412
44:37.7,0.000975347
44:38.7,0.000969439
44:39.7,0.000992511
44:40.7,0.000996474
44:41.7,0.001010479
44:42.7,0.001004734
44:43.7,0.0010097
44:44.7,0.00100088
44:45.7,0.000966591
44:46.7,0.001015952
44:47.7,0.001044581
44:48.7,0.00108211
44:49.7,0.001072347
44:50.7,0.001059599
44:51.7,0.001063527
44:52.7,0.001027622
44:53.7,0.001034212
44:54.7,0.001020559
44:55.7,0.001014131
44:56.7,0.001030634
44:57.7,0.001035143
44:58.7,0.001038335
44:59.7,0.001060816
45:00.7,0.001047738
45:01.7,0.001050409
45:02.6,0.001059019
45:03.6,0.001041671
45:04.6,0.001048425
45:05.6,0.001036752
45:06.6,0.001052379
45:07.6,0.001035148
45:08.6,0.001018577
45:09.6,0.001042928
45:10.6,0.001041463
45:11.6,0.001059834
45:12.6,0.001065866
45:13.6,0.001043475
45:14.6,0.001062451
45:15.6,0.001035666
45:16.6,0.001031271
45:17.6,0.001017748
45:18.6,0.001037404
45:19.6,0.001046106
45:20.6,0.001038797
45:21.6,0.001053639
45:22.6,0.001072274
45:23.6,0.001040708
45:24.6,0.001023058
45:25.6,0.001022392
45:26.6,0.00105511
45:27.6,0.001054944
45:28.6,0.001049555
45:29.6,0.001052278
45:30.6,0.001019519
45:31.6,0.001030149
45:32.6,0.001052703
45:33.6,0.001045917
45:34.6,0.001029088
45:35.6,0.001008046
45:36.6,0.001032129
45:37.6,0.001050278
45:38.6,0.001028596
45:39.6,0.001023221
45:40.6,0.001047832
45:41.6,0.001047964
45:42.6,0.001031514
45:43.6,0.001005255
45:44.6,0.000976746
45:45.6,0.000976736
45:46.6,0.000987177
45:47.6,0.000991679
45:48.6,0.000996192
45:49.6,0.001033931
45:50.6,0.001006439
45:51.6,0.000997277
45:52.6,0.001018842
45:53.6,0.000994721
45:54.6,0.000987012
45:55.6,0.001013957
45:56.6,0.001023591
45:57.6,0.0010031
45:58.6,0.001009929
45:59.6,0.001002392
46:00.6,0.001000329
46:01.6,0.00099219
46:02.6,0.001008251
46:03.5,0.001007881
46:04.5,0.00101857
46:05.5,0.001037107
46:06.5,0.001060859
46:07.5,0.00103407
46:08.5,0.001008713
46:09.5,0.001026959
46:10.5,0.001042111
46:11.5,0.001030369
46:12.5,0.001015558
46:13.5,0.001032672
46:14.5,0.001014322
46:15.5,0.001010228
46:16.5,0.000977651
46:17.5,0.00097279
46:18.5,0.000980027
46:19.5,0.00098821
46:20.5,0.001001249
46:21.5,0.000997443
46:22.5,0.001000227
46:23.5,0.000990629
46:24.5,0.001003365
46:25.5,0.0010257
46:26.5,0.001040948
46:27.5,0.000999924
46:28.5,0.001009743
46:29.5,0.001027729
46:30.5,0.001009054
46:31.5,0.001016284
46:32.5,0.001024887
46:33.5,0.000997346
46:34.5,0.000993488
46:35.5,0.000978334
46:36.5,0.000967659
46:37.5,0.000959045
46:38.5,0.000972304
46:39.5,0.000971627
46:40.5,0.000987629
46:41.5,0.000980945
46:42.5,0.000994725
46:43.5,0.000967777
46:44.5,0.000973547
46:45.5,0.000980341
46:46.5,0.000971266
46:47.5,0.000953264
46:48.5,0.000943216
46:49.5,0.000951417
46:50.5,0.000947209
46:51.5,0.000945232
46:52.5,0.000937136
46:53.5,0.000937548
46:54.5,0
46:55.5,0.001233126
46:56.5,0.001121938
46:57.5,0.001110734
46:58.5,0.001105793
46:59.5,0.001113746
47:00.5,0.001125823
47:01.5,0.001122788
47:02.5,0.001129125
47:03.5,0.001135659
47:04.4,0.001110247
47:05.4,0.001095973
47:06.4,0.001121743
47:07.4,0.001121863
47:08.4,0.00109068
47:09.4,0.001107188
47:10.4,0.001114773
47:11.4,0.001102964
47:12.4,0.00108434
47:13.4,0.001074087
47:14.4,0.001100528
47:15.4,0.001104926
47:16.4,0.001101936
47:17.4,0.001107363
47:18.4,0.001117764
47:19.4,0.001120164
47:20.4,0.0011115
47:21.4,0.001114346
47:22.4,0.00111639
47:23.4,0.00110906
47:24.4,0.001131433
47:25.4,0.001148899
47:26.4,0.001145292
47:27.4,0.001155442
47:28.4,0.001119477
47:29.4,0.001116254
47:30.4,0.001118212
47:31.4,0.001117479
47:32.4,0.001120108
47:33.4,0.001136114
47:34.4,0.001142827
47:35.4,0.001144779
47:36.4,0.001156202
47:37.4,0.001144903
47:38.4,0.001157483
47:39.4,0.001137072
47:40.4,0.001141837
47:41.4,0.001148384
47:42.4,0.001151884
47:43.4,0.001145478
47:44.4,0.001140878
47:45.4,0.001144598
47:46.4,0.001166508
47:47.4,0.00117405
47:48.4,0.0011774
47:49.4,0.001149251
47:50.4,0.001159246
47:51.4,0.001160732
47:52.4,0.001142588
47:53.4,0.00112578
47:54.4,0.001139864
47:55.4,0.001132997
47:56.4,0.001154176
47:57.4,0.001164749
47:58.4,0.001145733
47:59.4,0.001152364
48:00.4,0.001149184
48:01.4,0.001149353
48:02.4,0.00115818
48:03.4,0.001154224
48:04.4,0.001149194
48:05.3,0.001154148
48:06.3,0.001157067
48:07.3,0.001174053
48:08.3,0.001170256
48:09.3,0.001187268
48:10.3,0.001192447
48:11.3,0.001195026
48:12.3,0.001200675
48:13.3,0.001190059
48:14.3,0.001199134
48:15.3,0.001189541
48:16.3,0.001174519
48:17.3,0.001185203
48:18.3,0.001209374
48:19.3,0.001200132
48:20.3,0.001201046
48:21.3,0.001186931
48:22.3,0.001188668
48:23.3,0.001195496
48:24.3,0.001179021
48:25.3,0.001162804
48:26.3,0.001177576
48:27.3,0.001201131
48:28.3,0.001220515
48:29.3,0.001182801
48:30.3,0.001162575
48:31.3,0.00118518
48:32.3,0.001180722
48:33.3,0.001184504
48:34.3,0.00118781
48:35.3,0.001195501
48:36.3,0.001201926
48:37.3,0.001162828
48:38.3,0.001140855
48:39.3,0.001134126
48:40.3,0.001139517
48:41.3,0.001151428
48:42.3,0.001159489
48:43.3,0.001151561
48:44.3,0.001150577
48:45.3,0.001157181
48:46.3,0.001172468
48:47.3,0.001170887
48:48.3,0.00115915
48:49.3,0.001151187
48:50.3,0.001129939
48:51.3,0.001125273
48:52.3,0.001135333
48:53.3,0.001140108
48:54.3,0.001142892
48:55.3,0.001159645
48:56.3,0.001185141
48:57.3,0.001150761
48:58.3,0.001148893
48:59.3,0.001150735
49:00.3,0.001136265
49:01.3,0.00116151
49:02.3,0.001163511
49:03.3,0.001145514
49:04.3,0.001156551
49:05.3,0.00115219
49:06.2,0.001154283
49:07.2,0.001163997
49:08.2,0.001156243
49:09.2,0.001176145
49:10.2,0.001172527
49:11.2,0.001173479
49:12.2,0.001192245
49:13.2,0.001187376
49:14.2,0.001171036
49:15.2,0.001160671
49:16.2,0.001164007
49:17.2,0.001171641
49:18.2,0.001179419
49:19.2,0.001178032
49:20.2,0.001180532
49:21.2,0.001190111
49:22.2,0.001194883
49:23.2,0.001185737
49:24.2,0.001174227
49:25.2,0.001170103
49:26.2,0.001189775
49:27.2,0.001200352
49:28.2,0.001205846
49:29.2,0.001192366
49:30.2,0.001172065
49:31.2,0.001162469
49:32.2,0.00116067
49:33.2,0.001182831
49:34.2,0.001168084
49:35.2,0.001150004
49:36.2,0.001176638
49:37.2,0.001193723
49:38.2,0.001195221
49:39.2,0.001205871
49:40.2,0.001226467
49:41.2,0.001238709
49:42.2,0.00121269
49:43.2,0.001201517
49:44.2,0.001205116
49:45.2,0.001212014
49:46.2,0.001204396
49:47.2,0.001192599
49:48.2,0.001199887
49:49.2,0.001206761
49:50.2,0.001209694
49:51.2,0.001218624
49:52.2,0.001226435
49:53.2,0.001227484
49:54.2,0.001217571
49:55.2,0.00120246
49:56.2,0.001211887
49:57.2,0.001197231
49:58.2,0.001199123
49:59.2,0.00120983
50:00.2,0.001228073
50:01.2,0.001230495
50:02.2,0.001219231
50:03.2,0.001238245
50:04.2,0.001242718
50:05.2,0.001237707
50:06.2,0.001258954
50:07.2,0.001248758
50:08.1,0.001247165
50:09.1,0.001250352
50:10.1,0.001253374
50:11.1,0.001263876
50:12.1,0.001250206
50:13.1,0.001239128
50:14.1,0.001247492
50:15.1,0.001232451
50:16.1,0.001234402
50:17.1,0.001238755
50:18.1,0.001252967
50:19.1,0.001262343
50:20.1,0.001256265
50:21.1,0.001262412
50:22.1,0.001261801
50:23.1,0.001249049
50:24.1,0.001252568
50:25.1,0.001257531
50:26.1,0.001258458
50:27.1,0.001256293
50:28.1,0.001250635
50:29.1,0.001260385
50:30.1,0.001254468
50:31.1,0.001246465
50:32.1,0.001261082
50:33.1,0.001260244
50:34.1,0.001266058
50:35.1,0.001263059
50:36.1,0.001257625
50:37.1,0.001272997
50:38.1,0.001284948
50:39.1,0.001285245
50:40.1,0.001264355
50:41.1,0.001241064
50:42.1,0.001219328
50:43.1,0.001221374
50:44.1,0.001245251
50:45.1,0.001258478
50:46.1,0.001245988
50:47.1,0.001235207
50:48.1,0.001235756
50:49.1,0.001244927
50:50.1,0.001250774
50:51.1,0.001243106
50:52.1,0.001242478
50:53.1,0.001238367
50:54.1,0.001255206
50:55.1,0.001254022
50:56.1,0.001241201
50:57.1,0.001244498
50:58.1,0.001249699
50:59.1,0.001260619
51:00.1,0.001260175
51:01.1,0.001265267
51:02.1,0.001288447
51:03.1,0.001281609
51:04.1,0.001277967
51:05.1,0.001294292
51:06.1,0.001278934
51:07.1,0.001271851
51:08.1,0.001274077
51:09.0,0.001292743
51:10.0,0.001299547
51:11.0,0.001294679
51:12.0,0.001288489
51:13.0,0.001300014
51:14.0,0.001295765
51:15.0,0.001293303
51:16.0,0.001301891
51:17.0,0.001304071
51:18.0,0.001286675
51:19.0,0.001282258
51:20.0,0.001282646
51:21.0,0.00128604
51:22.0,0.001285574
51:23.0,0.001291453
51:24.0,0.001317054
51:25.0,0.001325871
51:26.0,0.001331409
51:27.0,0.001318707
51:28.0,0.001296363
51:29.0,0.001292539
51:30.0,0.001296744
51:31.0,0.001298505
51:32.0,0.001284492
51:33.0,0.001264136
51:34.0,0.001262597
51:35.0,0.001260469
51:36.0,0.001256068
51:37.0,0.0012632
51:38.0,0.001276944
51:39.0,0.001284361
51:40.0,0.001268653
51:41.0,0.001287401
51:42.0,0.001290633
51:43.0,0.001274111
51:44.0,0.001267465
51:45.0,0.001256189
51:46.0,0.001257742
51:47.0,0.001256438
51:48.0,0.001267355
51:49.0,0.001266653
51:50.0,0.001289739
51:51.0,0.001300154
51:52.0,0.001299436
51:53.0,0.001281319
51:54.0,0.001288429
51:55.0,0.001295984
51:56.0,0.001284556
51:57.0,0.001282405
51:58.0,0.001288884
51:59.0,0.001289606
52:00.0,0.001296138
52:01.0,0.001286344
52:02.0,0.001286162
52:03.0,0.00128964
52:04.0,0.001290663
52:05.0,0.001297407
52:06.0,0.001303586
52:07.0,0.001295771
52:08.0,0.001293822
52:09.0,0.001294327
52:09.9,0.001287821
52:10.9,0.001281272
52:11.9,0.001278844
52:12.9,0.001297934
52:13.9,0.001289456
52:14.9,0.001278283
52:15.9,0.001293828
52:16.9,0.001294897
52:17.9,0.001289626
52:18.9,0.001288502
52:19.9,0.00127782
52:20.9,0.001285133
52:21.9,0.001305523
52:22.9,0.00129769
52:23.9,0.001282574
52:24.9,0.001281911
52:25.9,0.001275685
52:26.9,0.001280153
52:27.9,0.001278137
52:28.9,0.001281228
52:29.9,0.001287218
52:30.9,0.001284838
52:31.9,0.001272746
52:32.9,0.001267745
52:33.9,0.001265453
52:34.9,0.001258801
52:35.9,0.001261537
52:36.9,0.001268476
52:37.9,0.001282042
52:38.9,0.001276845
52:39.9,0.001280213
52:40.9,0.001297155
52:41.9,0.001295772
52:42.9,0.001264048
52:43.9,0.001253928
52:44.9,0.001250444
52:45.9,0.001270187
52:46.9,0.001286653
52:47.9,0.001276978
52:48.9,0.001273684
52:49.9,0.001282973
52:50.9,0.00128414
52:51.9,0.001286131
52:52.9,0.001282735
52:53.9,0.001279656
52:54.9,0.001283938
52:55.9,0.001290667
52:56.9,0.001276537
52:57.9,0.001265909
52:58.9,0.001254542
52:59.9,0.001247337
53:00.9,0.001249596
53:01.9,0.001261785
53:02.9,0.001271677
53:03.9,0.001276329
53:04.9,0.001269092
53:05.9,0.001287346
53:06.9,0.001283545
53:07.9,0.001272586
53:08.9,0.001258956
53:09.9,0.001257579
53:10.8,0.001264999
53:11.8,0.001259493
53:12.8,0.001249152
53:13.8,0.001263999
53:14.8,0.001259557
53:15.8,0.001256185
53:16.8,0.001259096
53:17.8,0.001256105
53:18.8,0.001246512
53:19.8,0.001251812
53:20.8,0.001263921
53:21.8,0.001274251
53:22.8,0.001288057
53:23.8,0.001279151
53:24.8,0.001288468
53:25.8,0.001279156
53:26.8,0.001257547
53:27.8,0.001251556
53:28.8,0.001246924
53:29.8,0.001255428
53:30.8,0.001265773
53:31.8,0.001260867
53:32.8,0.001247726
53:33.8,0.001258992
53:34.8,0.001282338
53:35.8,0.001286526
53:36.8,0.001274676
53:37.8,0.001268631
53:38.8,0.001252676
53:39.8,0.001266617
53:40.8,0.001272133
53:41.8,0.001262292
53:42.8,0.001274668
53:43.8,0.001276483
53:44.8,0.001277609
53:45.8,0.001294168
53:46.8,0.00129744
53:47.8,0.001292961
53:48.8,0.001290168
53:49.8,0.001299
53:50.8,0.001303536
53:51.8,0.001307376
53:52.8,0.001301659
53:53.8,0.001297019
53:54.8,0.001293951
53:55.8,0.001284574
53:56.8,0.001294112
53:57.8,0.001288426
53:58.8,0.001296585
53:59.8,0.001298809
54:00.8,0.001292743
54:01.8,0.001311972
54:02.8,0.001310832
54:03.8,0.001294601
54:04.8,0.001282631
54:05.8,0.001286992
54:06.8,0.001293491
54:07.8,0.001299875
54:08.8,0.001308295
54:09.8,0.001333451
54:10.8,0.001332872
54:11.7,0.001325433
54:12.7,0.001335113
54:13.7,0.001325375
54:14.7,0.001315449
54:15.7,0.001318255
54:16.7,0.001325426
54:17.7,0.001328996
54:18.7,0.001330469
54:19.7,0.001322178
54:20.7,0.001327777
54:21.7,0.001334432
54:22.7,0.001322225
54:23.7,0.001318089
54:24.7,0.001312594
54:25.7,0.00131142
54:26.7,0.00131963
54:27.7,0.001321465
54:28.7,0.001309762
54:29.7,0.001330087
54:30.7,0.001340121
54:31.7,0.001343052
54:32.7,0.00135137
54:33.7,0.001354445
54:34.7,0.001359089
54:35.7,0.00136392
54:36.7,0.001359559
54:37.7,0.001361952
54:38.7,0.001369071
54:39.7,0.001371107
54:40.7,0.00135425
54:41.7,0.001364514
54:42.7,0.001367795
54:43.7,0.00136338
54:44.7,0.001362156
54:45.7,0.001362973
54:46.7,0.001349049
54:47.7,0.001354537
54:48.7,0.001369522
54:49.7,0.001371216
54:50.7,0.001374518
54:51.7,0.001383786
54:52.7,0.001368211
54:53.7,0.001370413
54:54.7,0.001372411
54:55.7,0.001371421
54:56.7,0.001372287
54:57.7,0.001370924
54:58.7,0.001354935
54:59.7,0.001349111
55:00.7,0.001349657
55:01.7,0.001364353
55:02.7,0.001368336
55:03.7,0.001361334
55:04.7,0.001366275
55:05.7,0.00136018
55:06.7,0.001362969
55:07.7,0.001367023
55:08.7,0.001358556
55:09.7,0.00134898
55:10.7,0.001351502
55:11.7,0.001345276
55:12.6,0.001340406
55:13.6,0.001355176
55:14.6,0.001358805
55:15.6,0.001348617
55:16.6,0.001354235
55:17.6,0.001359923
55:18.6,0.001362274
55:19.6,0.001358538
55:20.6,0.001353662
55:21.6,0.001362732
55:22.6,0.001364476
55:23.6,0.001356258
55:24.6,0.001356583
55:25.6,0.001359756
55:26.6,0.001361383
55:27.6,0.001354525
55:28.6,0.001350584
55:29.6,0.00135731
55:30.6,0.001365617
55:31.6,0.001367595
55:32.6,0.001368647
55:33.6,0.001356915
55:34.6,0.001354549
55:35.6,0.001353016
55:36.6,0.001359765
55:37.6,0.001359144
55:38.6,0.00136362
55:39.6,0.001365703
55:40.6,0.001367969
55:41.6,0.001363411
55:42.6,0.001362319
55:43.6,0.001362322
55:44.6,0.001355721
55:45.6,0.00136281
55:46.6,0.001357902
55:47.6,0.001349009
55:48.6,0.001337361
55:49.6,0.001339922
55:50.6,0.001345026
55:51.6,0.00134769
55:52.6,0.001344969
55:53.6,0.001349127
55:54.6,0.001341533
55:55.6,0.001337942
55:56.6,0.001348292
55:57.6,0.00135633
55:58.6,0.001357096
55:59.6,0.001360268
56:00.6,0.001372935
56:01.6,0.001386392
56:02.6,0.0013833
56:03.6,0.001382301
56:04.6,0.0013834
56:05.6,0.001386239
56:06.6,0.001388479
56:07.6,0.001394623
56:08.6,0.001397696
56:09.6,0.001398434
56:10.6,0.001404605
56:11.6,0.001405305
56:12.6,0.001398728
56:13.5,0.001395482
56:14.5,0.001401363
56:15.5,0.001410155
56:16.5,0.001400736
56:17.5,0.001393049
56:18.5,0.001388381
56:19.5,0.001389329
56:20.5,0.001394055
56:21.5,0.001406729
56:22.5,0.001418501
56:23.5,0.001417484
56:24.5,0.0014129
56:25.5,0.001414383
56:26.5,0.001420845
56:27.5,0.001418977
56:28.5,0.001418354
56:29.5,0.001426811
56:30.5,0.001430822
56:31.5,0.001424043
56:32.5,0.001427426
56:33.5,0.0014256
56:34.5,0.00142666
56:35.5,0.001424702
56:36.5,0.001422452
56:37.5,0.001426081
56:38.5,0.001421313
56:39.5,0.001420254
56:40.5,0.001424581
56:41.5,0.001427317
56:42.5,0.001430652
56:43.5,0.001426505
56:44.5,0.001430818
56:45.5,0.001433257
56:46.5,0.00142478
56:47.5,0.001427817
56:48.5,0.001429559
56:49.5,0.001432927
56:50.5,0.001431818
56:51.5,0.001422439
56:52.5,0.001421483
56:53.5,0.001429275
56:54.5,0
56:55.5,0.000237907
56:56.5,0.000211091
56:57.5,0.000216404
56:58.5,0.000225939
56:59.5,0.000229677
57:00.5,0.000233632
57:01.5,0.000229144
57:02.5,0.000217765
57:03.5,0.000218341
57:04.5,0.000217862
57:05.5,0.000222367
57:06.5,0.000223465
57:07.5,0.000211907
57:08.5,0.000210413
57:09.5,0.000215531
57:10.5,0.000211569
57:11.5,0.000211823
57:12.5,0.000213601
57:13.5,0.000216617
57:14.4,0.000217378
57:15.4,0.000225369
57:16.4,0.000220285
57:17.4,0.000206893
57:18.4,0.000195598
57:19.4,0.000197731
57:20.4,0.000209481
57:21.4,0.000198228
57:22.4,0.000187445
57:23.4,0.000187882
57:24.4,0.000193869
57:25.4,0.000198021
57:26.4,0.000201967
57:27.4,0.000204
57:28.4,0.00019996
57:29.4,0.000189091
57:30.4,0.000189387
57:31.4,0.000195077
57:32.4,0.000202637
57:33.4,0.000209648
57:34.4,0.000209517
57:35.4,0.000221132
57:36.4,0.000232934
57:37.4,0.000223587
57:38.4,0.000208686
57:39.4,0.000202084
57:40.4,0.000202734
57:41.4,0.000185618
57:42.4,0.000182687
57:43.4,0.000196137
57:44.4,0.00019925
57:45.4,0.000203707
57:46.4,0.000205598
57:47.4,0.000205473
57:48.4,0.000198252
57:49.4,0.000198036
57:50.4,0.000201858
57:51.4,0.000203035
57:52.4,0.000196077
57:53.4,0.000189254
57:54.4,0.000192833
57:55.4,0.000198333
57:56.4,0.000190153
57:57.4,0.000191794
57:58.4,0.000193077
57:59.4,0.000200409
58:00.4,0.000204745
58:01.4,0.000195341
58:02.4,0.000181852
58:03.4,0.000186685
58:04.4,0.000195273
58:05.4,0.000193679
58:06.4,0.000183375
58:07.4,0.000185465
58:08.4,0.000197451
58:09.4,0.000197443
58:10.4,0.0001903
58:11.4,0.00019624
58:12.4,0.000204165
58:13.4,0.000212167
58:14.4,0.000199031
58:15.4,0.000203626
58:16.3,0.000191425
58:17.3,0.000181237
58:18.3,0.000196055
58:19.3,0.000205714
58:20.3,0.000204192
58:21.3,0.000205656
58:22.3,0.000203348
58:23.3,0.000207765
58:24.3,0.000208006
58:25.3,0.000208989
58:26.3,0.000211248
58:27.3,0.000210703
58:28.3,0.000219254
58:29.3,0.000217885
58:30.3,0.000216784
58:31.3,0.000226711
58:32.3,0.00023415
58:33.3,0.000242256
58:34.3,0.000230749
58:35.3,0.000222248
58:36.3,0.000224573
58:37.3,0.000227259
58:38.3,0.000226652
58:39.3,0.000220399
58:40.3,0.000232896
58:41.3,0.000244838
58:42.3,0.000252732
58:43.3,0.00024837
58:44.3,0.000251226
58:45.3,0.000258384
58:46.3,0.000261983
58:47.3,0.000261908
58:48.3,0.000253347
58:49.3,0.000257806
58:50.3,0.000251711
58:51.3,0.000249348
58:52.3,0.00025156
58:53.3,0.000270892
58:54.3,0.00027658
58:55.3,0.0002757
58:56.3,0.000271398
58:57.3,0.000271095
58:58.3,0.000276465
58:59.3,0.000288488
59:00.3,0.000291199
59:01.3,0.000279212
59:02.3,0.000274489
59:03.3,0.000260721
59:04.3,0.000253028
59:05.3,0.000260197
59:06.3,0.000272797
59:07.3,0.000262033
59:08.3,0.000249916
59:09.3,0.000244592
59:10.3,0.000234757
59:11.3,0.000226295
59:12.3,0.000231464
59:13.3,0.000240299
59:14.3,0.00025155
59:15.3,0.000257933
59:16.3,0.000267043
59:17.2,0.000255559
59:18.2,0.000257393
59:19.2,0.000256294
59:20.2,0.000248416
59:21.2,0.000242516
59:22.2,0.000232027
59:23.2,0.000220968
59:24.2,0.00024446
59:25.2,0.000247393
59:26.2,0.00024613
59:27.2,0.000246707
59:28.2,0.000250661
59:29.2,0.000245801
59:30.2,0.000242068
59:31.2,0.000234507
59:32.2,0.000252294
59:33.2,0.000262933
59:34.2,0.000270837
59:35.2,0.000284833
59:36.2,0.00027576
59:37.2,0.000285512
59:38.2,0.000272204
59:39.2,0.000269701
59:40.2,0.000273229
59:41.2,0.000273679
59:42.2,0.000265898
59:43.2,0.000270056
59:44.2,0.000269667
59:45.2,0.000262844
59:46.2,0.000271606
59:47.2,0.0002822
59:48.2,0.000273126
59:49.2,0.000273766
59:50.2,0.0002698
59:51.2,0.000275211
59:52.2,0.000266887
59:53.2,0.000273019
59:54.2,0.000271111
59:55.2,0.000274348
59:56.2,0.000271524
59:57.2,0.000249277
59:58.2,0.000249385
59:59.2,0.000255515
00:00.2,0.000261211
00:01.2,0.000266782
00:02.2,0.000275496
00:03.2,0.000273614
00:04.2,0.000262105
00:05.2,0.000264867
00:06.2,0.000280347
00:07.2,0.000297922
00:08.2,0.000298643
00:09.2,0.000300586
00:10.2,0.000320494
00:11.2,0.00030519
00:12.2,0.000294004
00:13.2,0.000302417
00:14.2,0.000309515
00:15.2,0.000310084
00:16.2,0.000310128
00:17.2,0.000320591
00:18.1,0.000330715
00:19.1,0.000311592
00:20.1,0.000296812
00:21.1,0.000294472
00:22.1,0.000287187
00:23.1,0.000285289
00:24.1,0.000293259
00:25.1,0.000278598
00:26.1,0.000285532
00:27.1,0.000311155
00:28.1,0.000313836
00:29.1,0.000297682
00:30.1,0.0002946
00:31.1,0.000296835
00:32.1,0.000299077
00:33.1,0.000299935
00:34.1,0.000300092
00:35.1,0.000288819
00:36.1,0.000287587
00:37.1,0.000297619
00:38.1,0.000294304
00:39.1,0.000297795
00:40.1,0.000311818
00:41.1,0.000322234
00:42.1,0.000299915
00:43.1,0.000281144
00:44.1,0.000296264
00:45.1,0.000312734
00:46.1,0.000296562
00:47.1,0.000304451
00:48.1,0.000315885
00:49.1,0.00031932
00:50.1,0.000297014
00:51.1,0.000271431
00:52.1,0.000269081
00:53.1,0.000283701
00:54.1,0.000282252
00:55.1,0.000268973
00:56.1,0.000267523
00:57.1,0.00028434
00:58.1,0.00029333
00:59.1,0.000287375
01:00.1,0.000270667
01:01.1,0.000264728
01:02.1,0.000272393
01:03.1,0.000272575
01:04.1,0.000287109
01:05.1,0.000276702
01:06.1,0.000275085
01:07.1,0.000277813
01:08.1,0.000283343
01:09.1,0.000295578
01:10.1,0.000298471
01:11.1,0.000301352
01:12.1,0.000284648
01:13.1,0.00029723
01:14.1,0.000290058
01:15.1,0.00028131
01:16.1,0.000274904
01:17.1,0.000290522
01:18.1,0.00029278
01:19.0,0.000292027
01:20.0,0.000292653
01:21.0,0.000293867
01:22.0,0.00029687
01:23.0,0.000289791
01:24.0,0.000297704
01:25.0,0.000299903
01:26.0,0.00030333
01:27.0,0.000307098
01:28.0,0.000307704
01:29.0,0.000311806
01:30.0,0.000311955
01:31.0,0.00031426
01:32.0,0.000305499
01:33.0,0.000306654
01:34.0,0.000315245
01:35.0,0.000325201
01:36.0,0.000329768
01:37.0,0.00031608
01:38.0,0.000314975
01:39.0,0.000322479
01:40.0,0.000320348
01:41.0,0.000321087
01:42.0,0.000321429
01:43.0,0.000306206
01:44.0,0.00031801
01:45.0,0.000322775
01:46.0,0.000315572
01:47.0,0.000318893
01:48.0,0.000313366
01:49.0,0.000313002
01:50.0,0.000317114
01:51.0,0.000333049
01:52.0,0.000345297
01:53.0,0.000355213
01:54.0,0.000363749
01:55.0,0.00036632
01:56.0,0.000359941
01:57.0,0.000352837
01:58.0,0.000351911
01:59.0,0.000361111
02:00.0,0.000374313
02:01.0,0.000353701
02:02.0,0.00035424
02:03.0,0.000357035
02:04.0,0.000354765
02:05.0,0.000354815
02:06.0,0.000367569
02:07.0,0.000366774
02:08.0,0.00035577
02:09.0,0.000342987
02:10.0,0.000340103
02:11.0,0.000343536
02:12.0,0.000353758
02:13.0,0.000357442
02:14.0,0.000351328
02:15.0,0.000349999
02:16.0,0.000341745
02:17.0,0.000341943
02:18.0,0.000350078
02:19.0,0.000357084
02:19.9,0.000354321
02:20.9,0.000353937
02:21.9,0.000350933
02:22.9,0.000348638
02:23.9,0.000355504
02:24.9,0.000349955
02:25.9,0.000356937
02:26.9,0.000371014
02:27.9,0.000372486
02:28.9,0.000356572
02:29.9,0.00033812
02:30.9,0.000339542
02:31.9,0.000332469
02:32.9,0.00034619
02:33.9,0.000354893
02:34.9,0.000349065
02:35.9,0.000349193
02:36.9,0.000349629
02:37.9,0.000342244
02:38.9,0.000339857
02:39.9,0.000338822
02:40.9,0.000349962
02:41.9,0.000356483
02:42.9,0.00035603
02:43.9,0.000350405
02:44.9,0.000339274
02:45.9,0.000336627
02:46.9,0.000362126
02:47.9,0.000365551
02:48.9,0.000351591
02:49.9,0.000346093
02:50.9,0.000345108
02:51.9,0.000341035
02:52.9,0.000336293
02:53.9,0.000345374
02:54.9,0.000349021
02:55.9,0.000346019
02:56.9,0.000333619
02:57.9,0.000324258
02:58.9,0.000330359
02:59.9,0.000339973
03:00.9,0.000349369
03:01.9,0.00035159
03:02.9,0.000347366
03:03.9,0.000343688
03:04.9,0.000339801
03:05.9,0.000329011
03:06.9,0.000325736
03:07.9,0.000317706
03:08.9,0.000325898
03:09.9,0.000318374
03:10.9,0.000310776
03:11.9,0.000300723
03:12.9,0.000315466
03:13.9,0.000322648
03:14.9,0.000326516
03:15.9,0.000323347
03:16.9,0.000316046
03:17.9,0.000312943
03:18.9,0.000328006
03:19.9,0.000327625
03:20.8,0.000329306
03:21.8,0.000320086
03:22.8,0.000329225
03:23.8,0.000325116
03:24.8,0.000333508
03:25.8,0.000335998
03:26.8,0.000338066
03:27.8,0.000341058
03:28.8,0.000327682
03:29.8,0.000321074
03:30.8,0.000310344
03:31.8,0.000301002
03:32.8,0.000309826
03:33.8,0.00031395
03:34.8,0.000307929
03:35.8,0.000306823
03:36.8,0.000311442
03:37.8,0.000314926
03:38.8,0.000320117
03:39.8,0.000318195
03:40.8,0.000323472
03:41.8,0.000331722
03:42.8,0.000328168
03:43.8,0.000317774
03:44.8,0.000314784
03:45.8,0.000311018
03:46.8,0.000314995
03:47.8,0.000317184
03:48.8,0.000322999
03:49.8,0.000334264
03:50.8,0.00033466
03:51.8,0.000328999
03:52.8,0.000334213
03:53.8,0.000328184
03:54.8,0.000326001
03:55.8,0.000322593
03:56.8,0.000324263
03:57.8,0.00032771
03:58.8,0.000330138
03:59.8,0.000331552
04:00.8,0.000342451
04:01.8,0.000342485
04:02.8,0.000341601
04:03.8,0.000339435
04:04.8,0.00033373
04:05.8,0.000345716
04:06.8,0.000357924
04:07.8,0.000361729
04:08.8,0.000355209
04:09.8,0.000341644
04:10.8,0.000337806
04:11.8,0.000334778
04:12.8,0.000336001
04:13.8,0.000338475
04:14.8,0.000325475
04:15.8,0.000321343
04:16.8,0.000322506
04:17.8,0.000331377
04:18.8,0.000342052
04:19.8,0.000364134
04:20.8,0.00038916
04:21.7,0.000401001
04:22.7,0.000378169
04:23.7,0.000377036
04:24.7,0.000377297
04:25.7,0.000363072
04:26.7,0.000366131
04:27.7,0.000372542
04:28.7,0.000372056
04:29.7,0.0003717
04:30.7,0.00039044
04:31.7,0.000391511
04:32.7,0.000379366
04:33.7,0.000384558
04:34.7,0.000373287
04:35.7,0.00036301
04:36.7,0.00036285
04:37.7,0.000369311
04:38.7,0.0003845
04:39.7,0.000398448
04:40.7,0.00039993
04:41.7,0.000396361
04:42.7,0.000402784
04:43.7,0.000397226
04:44.7,0.000407501
04:45.7,0.000418817
04:46.7,0.000408648
04:47.7,0.000404558
04:48.7,0.000408326
04:49.7,0.000403102
04:50.7,0.000409481
04:51.7,0.000417694
04:52.7,0.000407872
04:53.7,0.000416876
04:54.7,0.000414834
04:55.7,0.000412182
04:56.7,0.000412312
04:57.7,0.000407865
04:58.7,0.000408588
04:59.7,0.000411544
05:00.7,0.000420658
05:01.7,0.000424092
05:02.7,0.000423428
05:03.7,0.000425523
05:04.7,0.000418517
05:05.7,0.000413561
05:06.7,0.00042129
05:07.7,0.000429116
05:08.7,0.000441453
05:09.7,0.000438395
05:10.7,0.000430002
05:11.7,0.000411523
05:12.7,0.000424435
05:13.7,0.000425111
05:14.7,0.000416575
05:15.7,0.000421773
05:16.7,0.00044236
05:17.7,0.000447846
05:18.7,0.000433189
05:19.7,0.000443102
05:20.7,0.000429854
05:21.7,0.000422503
05:22.6,0.000430528
05:23.6,0.000433004
05:24.6,0.00043178
05:25.6,0.000421475
05:26.6,0.000414591
05:27.6,0.000434713
05:28.6,0.00044707
05:29.6,0.000438552
05:30.6,0.000438596
05:31.6,0.000436531
05:32.6,0.000431268
05:33.6,0.000424966
05:34.6,0.000434786
05:35.6,0.000442019
05:36.6,0.000439509
05:37.6,0.000432477
05:38.6,0.000427648
05:39.6,0.000431812
05:40.6,0.000417983
05:41.6,0.000409027
05:42.6,0.000420333
05:43.6,0.000428312
05:44.6,0.000442663
05:45.6,0.000427719
05:46.6,0.000418509
05:47.6,0.000443726
05:48.6,0.000454994
05:49.6,0.00044285
05:50.6,0.000452412
05:51.6,0.000472231
05:52.6,0.000474084
05:53.6,0.000464665
05:54.6,0.000453765
05:55.6,0.000448717
05:56.6,0.000455164
05:57.6,0.000462919
05:58.6,0.000444535
05:59.6,0.000429338
06:00.6,0.00043955
06:01.6,0.000445044
06:02.6,0.000436595
06:03.6,0.000430866
06:04.6,0.00043312
06:05.6,0.000437543
06:06.6,0.00043653
06:07.6,0.000434828
06:08.6,0.000423175
06:09.6,0.000419628
06:10.6,0.000420002
06:11.6,0.000407064
06:12.6,0.000411597
06:13.6,0.000413481
06:14.6,0.000421391
06:15.6,0.000412021
06:16.6,0.000407238
06:17.6,0.000401205
06:18.6,0.000398181
06:19.6,0.000411554
06:20.6,0.000410265
06:21.6,0.000413524
06:22.6,0.000412276
06:23.5,0.000411703
06:24.5,0.000408042
06:25.5,0.000411566
06:26.5,0.000403732
06:27.5,0.000403865
06:28.5,0.00038326
06:29.5,0.000379443
06:30.5,0.000367258
06:31.5,0.000360013
06:32.5,0.00035358
06:33.5,0.000375018
06:34.5,0.000383452
06:35.5,0.000364072
06:36.5,0.000363754
06:37.5,0.000375204
06:38.5,0.000379606
06:39.5,0.000372701
06:40.5,0.000366065
06:41.5,0.00036791
06:42.5,0.000351173
06:43.5,0.000344719
06:44.5,0.000345102
06:45.5,0.00034504
06:46.5,0.000349896
06:47.5,0.000358323
06:48.5,0.000359582
06:49.5,0.000355677
06:50.5,0.000343067
06:51.5,0.000327599
06:52.5,0.000337014
06:53.5,0.000335337
06:54.5,0
06:55.5,0.000454622
06:56.5,0.000405333
06:57.5,0.000411681
06:58.5,0.000418876
06:59.5,0.0004165
07:00.5,0.000395052
07:01.5,0.000396877
07:02.5,0.000412819
07:03.5,0.00042661
07:04.5,0.000419039
07:05.5,0.000422471
07:06.5,0.000415402
07:07.5,0.000420261
07:08.5,0.000434867
07:09.5,0.000425122
07:10.5,0.000424401
07:11.5,0.000423475
07:12.5,0.000407498
07:13.5,0.000405339
07:14.5,0.000416792
07:15.5,0.000420215
07:16.5,0.000423319
07:17.5,0.000419832
07:18.5,0.000420211
07:19.5,0.000422051
07:20.5,0.000416053
07:21.5,0.000414794
07:22.5,0.000419855
07:23.5,0.000417143
07:24.5,0.00042036
07:25.4,0.000401774
07:26.4,0.000399697
07:27.4,0.000403961
07:28.4,0.000402602
07:29.4,0.000411351
07:30.4,0.000423723
07:31.4,0.000422677
07:32.4,0.000423782
07:33.4,0.000437749
07:34.4,0.000419738
07:35.4,0.0004169
07:36.4,0.000410728
07:37.4,0.000398423
07:38.4,0.000429689
07:39.4,0.000441178
07:40.4,0.00044398
07:41.4,0.000444507
07:42.4,0.000428573
07:43.4,0.000413565
07:44.4,0.000413604
07:45.4,0.000416482
07:46.4,0.000410012
07:47.4,0.000411258
07:48.4,0.000424327
07:49.4,0.00042427
07:50.4,0.000406834
07:51.4,0.000402714
07:52.4,0.000418885
07:53.4,0.000432739
07:54.4,0.000420854
07:55.4,0.000407197
07:56.4,0.000407638
07:57.4,0.000406924
07:58.4,0.000392758
07:59.4,0.00038837
08:00.4,0.000404601
08:01.4,0.000404059
08:02.4,0.000406413
08:03.4,0.000402438
08:04.4,0.000387955
08:05.4,0.000371676
08:06.4,0.000353247
08:07.4,0.0003739
08:08.4,0.000382068
08:09.4,0.000371665
08:10.4,0.000378696
08:11.4,0.000392372
08:12.4,0.000397652
08:13.4,0.000397181
08:14.4,0.000392088
08:15.4,0.000383679
08:16.4,0.000388386
08:17.4,0.00038681
08:18.4,0.000391741
08:19.4,0.000397233
08:20.4,0.000402643
08:21.4,0.000406466
08:22.4,0.000399035
08:23.4,0.00039679
08:24.4,0.000395212
08:25.4,0.000436965
08:26.3,0.00043987
08:27.3,0.000443212
08:28.3,0.000434391
08:29.3,0.000429757
08:30.3,0.000427439
08:31.3,0.000435962
08:32.3,0.000440422
08:33.3,0.000452652
08:34.3,0.000446166
08:35.3,0.000448077
08:36.3,0.000433773
08:37.3,0.000434072
08:38.3,0.000436445
08:39.3,0.000433006
08:40.3,0.000438325
08:41.3,0.000454726
08:42.3,0.000443839
08:43.3,0.000441872
08:44.3,0.000444588
08:45.3,0.000448914
08:46.3,0.000441356
08:47.3,0.000439101
08:48.3,0.000443571
08:49.3,0.000459834
08:50.3,0.000452406
08:51.3,0.000440963
08:52.3,0.000440632
08:53.3,0.000442455
08:54.3,0.000449435
08:55.3,0.000441014
08:56.3,0.000454043
08:57.3,0.000448993
08:58.3,0.000452997
08:59.3,0.000473409
09:00.3,0.000469377
09:01.3,0.000480668
09:02.3,0.00048726
09:03.3,0.000461557
09:04.3,0.00047489
09:05.3,0.00049458
09:06.3,0.000485866
09:07.3,0.000477705
09:08.3,0.000470534
09:09.3,0.000480291
09:10.3,0.000470699
09:11.3,0.000456429
09:12.3,0.000462635
09:13.3,0.000457203
09:14.3,0.000472896
09:15.3,0.000456446
09:16.3,0.000445678
09:17.3,0.000467102
09:18.3,0.000472973
09:19.3,0.000477764
09:20.3,0.000496084
09:21.3,0.000485648
09:22.3,0.000480412
09:23.3,0.000477725
09:24.3,0.00047867
09:25.3,0.000484207
09:26.3,0.000467168
09:27.2,0.000461124
09:28.2,0.000470564
09:29.2,0.000459353
09:30.2,0.000456698
09:31.2,0.000461557
09:32.2,0.000449774
09:33.2,0.000463482
09:34.2,0.000455205
09:35.2,0.000447289
09:36.2,0.000444444
09:37.2,0.000456121
09:38.2,0.000467533
09:39.2,0.000470761
09:40.2,0.000488754
09:41.2,0.000494513
09:42.2,0.000468517
09:43.2,0.000459531
09:44.2,0.00047576
09:45.2,0.00048613
09:46.2,0.000492493
09:47.2,0.000468772
09:48.2,0.000458354
09:49.2,0.000479569
09:50.2,0.000480966
09:51.2,0.000486772
09:52.2,0.000475077
09:53.2,0.000459797
09:54.2,0.000461255
09:55.2,0.000470454
09:56.2,0.000469116
09:57.2,0.000467321
09:58.2,0.00048442
09:59.2,0.000488705
10:00.2,0.000502293
10:01.2,0.000504234
10:02.2,0.000523027
10:03.2,0.000529207
10:04.2,0.000517748
10:05.2,0.000509881
10:06.2,0.000509934
10:07.2,0.000522388
10:08.2,0.000536945
10:09.2,0.000522654
10:10.2,0.000518746
10:11.2,0.00051786
10:12.2,0.000499481
10:13.2,0.00049709
10:14.2,0.000515025
10:15.2,0.000524214
10:16.2,0.000524969
10:17.2,0.000532994
10:18.2,0.000529244
10:19.2,0.000517976
10:20.2,0.000507507
10:21.2,0.00051108
10:22.2,0.000505547
10:23.2,0.00051117
10:24.2,0.000525956
10:25.2,0.000509783
10:26.2,0.000517692
10:27.2,0.00051026
10:28.1,0.000488459
10:29.1,0.000500633
10:30.1,0.000487874
10:31.1,0.0004798
10:32.1,0.000484914
10:33.1,0.000469929
10:34.1,0.000470883
10:35.1,0.00046138
10:36.1,0.000462322
10:37.1,0.000468514
10:38.1,0.000468594
10:39.1,0.000475519
10:40.1,0.000489792
10:41.1,0.000500983
10:42.1,0.000493038
10:43.1,0.000484676
10:44.1,0.000475044
10:45.1,0.00046648
10:46.1,0.000454765
10:47.1,0.000473521
10:48.1,0.000469223
10:49.1,0.00046653
10:50.1,0.000485584
10:51.1,0.000498622
10:52.1,0.000492493
10:53.1,0.000491167
10:54.1,0.000476956
10:55.1,0.000480651
10:56.1,0.000483207
10:57.1,0.000470231
10:58.1,0.000477699
10:59.1,0.00048282
11:00.1,0.000491332
11:01.1,0.000487657
11:02.1,0.000458439
11:03.1,0.000476637
11:04.1,0.000477527
11:05.1,0.00048334
11:06.1,0.000481715
11:07.1,0.000494697
11:08.1,0.000498663
11:09.1,0.000500229
11:10.1,0.000493308
11:11.1,0.000479888
11:12.1,0.000470803
11:13.1,0.000488561
11:14.1,0.000497081
11:15.1,0.000474571
11:16.1,0.000474335
11:17.1,0.00049317
11:18.1,0.000490888
11:19.1,0.000492357
11:20.1,0.000495012
11:21.1,0.000515917
11:22.1,0.000512414
11:23.1,0.000494043
11:24.1,0.000491717
11:25.1,0.000492273
11:26.1,0.000499954
11:27.1,0.000492657
11:28.1,0.000489994
11:29.0,0.000508112
11:30.0,0.000489273
11:31.0,0.000492418
11:32.0,0.000484397
11:33.0,0.000482503
11:34.0,0.00048937
11:35.0,0.00048755
11:36.0,0.000479716
11:37.0,0.000496522
11:38.0,0.00049635
11:39.0,0.000485684
11:40.0,0.000499145
11:41.0,0.000504405
11:42.0,0.000501907
11:43.0,0.000491071
11:44.0,0.00050732
11:45.0,0.000517542
11:46.0,0.000516849
11:47.0,0.000515307
11:48.0,0.000504517
11:49.0,0.000494486
11:50.0,0.000478816
11:51.0,0.000483602
11:52.0,0.000500793
11:53.0,0.000503579
11:54.0,0.000500191
11:55.0,0.000498361
11:56.0,0.000497718
11:57.0,0.000493939
11:58.0,0.00046899
11:59.0,0.000483245
12:00.0,0.000483329
12:01.0,0.000476764
12:02.0,0.000501692
12:03.0,0.000506729
12:04.0,0.000491287
12:05.0,0.000495516
12:06.0,0.000484273
12:07.0,0.00050172
12:08.0,0.00049762
12:09.0,0.000508293
12:10.0,0.000480194
12:11.0,0.000472752
12:12.0,0.000455404
12:13.0,0.000480006
12:14.0,0.000488738
12:15.0,0.00051206
12:16.0,0.000504798
12:17.0,0.000497872
12:18.0,0.00051882
12:19.0,0.000534263
12:20.0,0.000539675
12:21.0,0.000520624
12:22.0,0.000517242
12:23.0,0.000514021
12:24.0,0.000512869
12:25.0,0.000512503
12:26.0,0.000523836
12:27.0,0.000526171
12:28.0,0.000524124
12:29.0,0.000519595
12:29.9,0.000526901
12:30.9,0.0005048
12:31.9,0.00048556
12:32.9,0.000492123
12:33.9,0.000504226
12:34.9,0.00049645
12:35.9,0.000510528
12:36.9,0.000505038
12:37.9,0.000522286
12:38.9,0.000533167
12:39.9,0.000522577
12:40.9,0.000529398
12:41.9,0.000527529
12:42.9,0.000526389
12:43.9,0.000521604
12:44.9,0.000536898
12:45.9,0.000541756
12:46.9,0.000529462
12:47.9,0.000511905
12:48.9,0.000517137
12:49.9,0.000509478
12:50.9,0.000497174
12:51.9,0.000508889
12:52.9,0.000507141
12:53.9,0.000516117
12:54.9,0.000532849
12:55.9,0.000508288
12:56.9,0.000471056
12:57.9,0.000489569
12:58.9,0.000501062
12:59.9,0.000517995
13:00.9,0.000535805
13:01.9,0.000539854
13:02.9,0.000523637
13:03.9,0.000507244
13:04.9,0.00051822
13:05.9,0.00051608
13:06.9,0.000519063
13:07.9,0.000503596
13:08.9,0.000512502
13:09.9,0.000524347
13:10.9,0.000520176
13:11.9,0.000488504
13:12.9,0.000478016
13:13.9,0.000497421
13:14.9,0.000495197
13:15.9,0.000466274
13:16.9,0.000492481
13:17.9,0.000525378
13:18.9,0.000529327
13:19.9,0.000521634
13:20.9,0.000524546
13:21.9,0.000523771
13:22.9,0.000506639
13:23.9,0.00052165
13:24.9,0.000513163
13:25.9,0.000509425
13:26.9,0.000525659
13:27.9,0.000521641
13:28.9,0.000514142
13:29.9,0.000519995
13:30.8,0.00053293
13:31.8,0.000542071
13:32.8,0.000540623
13:33.8,0.000526473
13:34.8,0.000509747
13:35.8,0.000522729
13:36.8,0.000527746
13:37.8,0.000530494
13:38.8,0.00052028
13:39.8,0.000516096
13:40.8,0.000532753
13:41.8,0.000544826
13:42.8,0.000525011
13:43.8,0.000518208
13:44.8,0.000511502
13:45.8,0.000526999
13:46.8,0.000548228
13:47.8,0.000524425
13:48.8,0.000494441
13:49.8,0.000503879
13:50.8,0.000526227
13:51.8,0.000525705
13:52.8,0.000528343
13:53.8,0.000520771
13:54.8,0.000516237
13:55.8,0.000503787
13:56.8,0.000515796
13:57.8,0.000526997
13:58.8,0.000504999
13:59.8,0.000519774
14:00.8,0.000518395
14:01.8,0.000541634
14:02.8,0.000526826
14:03.8,0.000514169
14:04.8,0.00051976
14:05.8,0.000517408
14:06.8,0.000519659
14:07.8,0.000517016
14:08.8,0.000505708
14:09.8,0.000530512
14:10.8,0.000529116
14:11.8,0.000506584
14:12.8,0.000521163
14:13.8,0.000523925
14:14.8,0.000499206
14:15.8,0.000516508
14:16.8,0.00050909
14:17.8,0.000511803
14:18.8,0.000511176
14:19.8,0.000516054
14:20.8,0.000538336
14:21.8,0.000541926
14:22.8,0.000525079
14:23.8,0.000512689
14:24.8,0.000525317
14:25.8,0.000522694
14:26.8,0.000512105
14:27.8,0.00051566
14:28.8,0.000523961
14:29.8,0.000523501
14:30.8,0.000510711
14:31.7,0.000506543
14:32.7,0.000514508
14:33.7,0.000521086
14:34.7,0.000513971
14:35.7,0.000520248
14:36.7,0.000527663
14:37.7,0.000530594
14:38.7,0.000516716
14:39.7,0.000514993
14:40.7,0.000512112
14:41.7,0.000516593
14:42.7,0.000534416
14:43.7,0.000518677
14:44.7,0.00051065
14:45.7,0.000507704
14:46.7,0.000502005
14:47.7,0.000519576
14:48.7,0.000541636
14:49.7,0.000559087
14:50.7,0.000540027
14:51.7,0.000521373
14:52.7,0.000517963
14:53.7,0.000526712
14:54.7,0.000529285
14:55.7,0.000515056
14:56.7,0.000512273
14:57.7,0.000524202
14:58.7,0.000519538
14:59.7,0.000520202
15:00.7,0.000534181
15:01.7,0.000539473
15:02.7,0.000533706
15:03.7,0.000534133
15:04.7,0.000533713
15:05.7,0.000506083
15:06.7,0.000510025
15:07.7,0.0005138
15:08.7,0.00052625
15:09.7,0.00053371
15:10.7,0.000544556
15:11.7,0.000539621
15:12.7,0.000523326
15:13.7,0.000525537
15:14.7,0.000547028
15:15.7,0.000542224
15:16.7,0.000526086
15:17.7,0.000526626
15:18.7,0.000532582
15:19.7,0.000513433
15:20.7,0.000511642
15:21.7,0.000528108
15:22.7,0.000535915
15:23.7,0.000535087
15:24.7,0.000535783
15:25.7,0.000533643
15:26.7,0.000546524
15:27.7,0.000549475
15:28.7,0.000548023
15:29.7,0.00053736
15:30.7,0.000527905
15:31.7,0.000541217
15:32.6,0.000548897
15:33.6,0.000542405
15:34.6,0.000551998
15:35.6,0.000555879
15:36.6,0.000554736
15:37.6,0.00054145
15:38.6,0.000542749
15:39.6,0.000542815
15:40.6,0.000542035
15:41.6,0.000540176
15:42.6,0.000537925
15:43.6,0.000543369
15:44.6,0.000543603
15:45.6,0.000543629
15:46.6,0.000559063
15:47.6,0.000562301
15:48.6,0.000544731
15:49.6,0.000542238
15:50.6,0.000542205
15:51.6,0.000546896
15:52.6,0.000561037
15:53.6,0.000566723
15:54.6,0.000568816
15:55.6,0.000565121
15:56.6,0.000568583
15:57.6,0.000565258
15:58.6,0.000565178
15:59.6,0.000561518
16:00.6,0.000558444
16:01.6,0.000562038
16:02.6,0.000565129
16:03.6,0.000565027
16:04.6,0.000548355
16:05.6,0.000556231
16:06.6,0.000570736
16:07.6,0.000559647
16:08.6,0.000563948
16:09.6,0.000573807
16:10.6,0.000576812
16:11.6,0.000563392
16:12.6,0.000564333
16:13.6,0.0005631
16:14.6,0.000560071
16:15.6,0.000547163
16:16.6,0.000544506
16:17.6,0.000558492
16:18.6,0.000559246
16:19.6,0.000558442
16:20.6,0.00056397
16:21.6,0.000559164
16:22.6,0.000559212
16:23.6,0.000560316
16:24.6,0.000564168
16:25.6,0.000558309
16:26.6,0.000556355
16:27.6,0.000555892
16:28.6,0.000542035
16:29.6,0.000546709
16:30.6,0.000557047
16:31.6,0.000565746
16:32.6,0.000561265
16:33.6,0.00055613
16:34.5,0.000550858
16:35.5,0.000547349
16:36.5,0.000548896
16:37.5,0.000554624
16:38.5,0.000552952
16:39.5,0.000558846
16:40.5,0.000565107
16:41.5,0.000562373
16:42.5,0.000566226
16:43.5,0.000558998
16:44.5,0.000559878
16:45.5,0.00055486
16:46.5,0.000556786
16:47.5,0.000557127
16:48.5,0.000555278
16:49.5,0.000547941
16:50.5,0.000545553
16:51.5,0.000544549
16:52.5,0.000549763
16:53.5,0.000546317
16:54.5,0
16:55.5,-0.001140117
16:56.5,-0.001033824
16:57.5,-0.001052644
16:58.5,-0.001046091
16:59.5,-0.001044817
17:00.5,-0.001032817
17:01.5,-0.001041567
17:02.5,-0.001047296
17:03.5,-0.001058433
17:04.5,-0.001049878
17:05.5,-0.001047295
17:06.5,-0.001053521
17:07.5,-0.001052452
17:08.5,-0.001040932
17:09.5,-0.001043324
17:10.5,-0.001041092
17:11.5,-0.001022446
17:12.5,-0.001022192
17:13.5,-0.001017732
17:14.5,-0.00103192
17:15.5,-0.001038827
17:16.5,-0.001034475
17:17.5,-0.001029113
17:18.5,-0.001033895
17:19.5,-0.001035373
17:20.5,-0.001034802
17:21.5,-0.001036601
17:22.5,-0.001038407
17:23.5,-0.001036061
17:24.5,-0.001033574
17:25.5,-0.001040165
17:26.5,-0.001029383
17:27.5,-0.001021023
17:28.5,-0.001041029
17:29.5,-0.001050143
17:30.5,-0.001043122
17:31.5,-0.001035408
17:32.5,-0.001035367
17:33.5,-0.001021804
17:34.5,-0.001028645
17:35.4,-0.001038577
17:36.4,-0.001038939
17:37.4,-0.001032735
17:38.4,-0.00102609
17:39.4,-0.001031137
17:40.4,-0.001044577
17:41.4,-0.001029347
17:42.4,-0.001031329
17:43.4,-0.001043001
17:44.4,-0.001036266
17:45.4,-0.001041614
17:46.4,-0.001078484
17:47.4,-0.001078654
17:48.4,-0.001070432
17:49.4,-0.001068513
17:50.4,-0.001068837
17:51.4,-0.001066668
17:52.4,-0.001068476
17:53.4,-0.00106942
17:54.4,-0.001071867
17:55.4,-0.001078383
17:56.4,-0.001078419
17:57.4,-0.001068647
17:58.4,-0.001065651
17:59.4,-0.001081975
18:00.4,-0.001087736
18:01.4,-0.001083607
18:02.4,-0.00108221
18:03.4,-0.001078844
18:04.4,-0.001085875
18:05.4,-0.001088448
18:06.4,-0.001083306
18:07.4,-0.001087947
18:08.4,-0.001095344
18:09.4,-0.001094003
18:10.4,-0.001086878
18:11.4,-0.001076099
18:12.4,-0.001074152
18:13.4,-0.001070426
18:14.4,-0.001076354
18:15.4,-0.001075481
18:16.4,-0.001069518
18:17.4,-0.001055135
18:18.4,-0.001082478
18:19.4,-0.001095834
18:20.4,-0.001097402
18:21.4,-0.001083148
18:22.4,-0.001078963
18:23.4,-0.001093917
18:24.4,-0.001120265
18:25.4,-0.001123955
18:26.4,-0.001126081
18:27.4,-0.001115414
18:28.4,-0.001113744
18:29.4,-0.00111576
18:30.4,-0.001105229
18:31.4,-0.001113079
18:32.4,-0.001100617
18:33.4,-0.001092076
18:34.4,-0.001110546
18:35.4,-0.001101675
18:36.3,-0.001090588
18:37.3,-0.001109504
18:38.3,-0.001122215
18:39.3,-0.001130478
18:40.3,-0.001116144
18:41.3,-0.001120721
18:42.3,-0.00112282
18:43.3,-0.001113302
18:44.3,-0.001111322
18:45.3,-0.001112601
18:46.3,-0.001124554
18:47.3,-0.001115875
18:48.3,-0.0011065
18:49.3,-0.001119754
18:50.3,-0.001130613
18:51.3,-0.001130355
18:52.3,-0.001126479
18:53.3,-0.001108582
18:54.3,-0.00111066
18:55.3,-0.001112382
18:56.3,-0.001121202
18:57.3,-0.001111693
18:58.3,-0.001117963
18:59.3,-0.001118665
19:00.3,-0.001124355
19:01.3,-0.001125368
19:02.3,-0.001130157
19:03.3,-0.001123303
19:04.3,-0.001117079
19:05.3,-0.001119258
19:06.3,-0.001129923
19:07.3,-0.001139451
19:08.3,-0.00113581
19:09.3,-0.001132529
19:10.3,-0.001119589
19:11.3,-0.001112176
19:12.3,-0.00109878
19:13.3,-0.001094693
19:14.3,-0.001116371
19:15.3,-0.001103989
19:16.3,-0.001112593
19:17.3,-0.001121757
19:18.3,-0.001133359
19:19.3,-0.001134321
19:20.3,-0.001126754
19:21.3,-0.001133039
19:22.3,-0.001135983
19:23.3,-0.001143776
19:24.3,-0.001135409
19:25.3,-0.001138212
19:26.3,-0.00112687
19:27.3,-0.001128796
19:28.3,-0.001137273
19:29.3,-0.001124972
19:30.3,-0.001119732
19:31.3,-0.001115836
19:32.3,-0.001124209
19:33.3,-0.001124219
19:34.3,-0.001128237
19:35.3,-0.001139287
19:36.3,-0.001138057
19:37.2,-0.001113814
19:38.2,-0.001104864
19:39.2,-0.0011072
19:40.2,-0.001114838
19:41.2,-0.00112293
19:42.2,-0.001135297
19:43.2,-0.001139198
19:44.2,-0.001128953
19:45.2,-0.001123927
19:46.2,-0.00111554
19:47.2,-0.0011159
19:48.2,-0.001114195
19:49.2,-0.001118431
19:50.2,-0.001128192
19:51.2,-0.001117924
19:52.2,-0.00112095
19:53.2,-0.00111463
19:54.2,-0.001116125
19:55.2,-0.001120588
19:56.2,-0.001127261
19:57.2,-0.001118229
19:58.2,-0.001105002
19:59.2,-0.001103537
20:00.2,-0.001109535
20:01.2,-0.00112075
20:02.2,-0.001138457
20:03.2,-0.001111752
20:04.2,-0.001116422
20:05.2,-0.001129583
20:06.2,-0.001125708
20:07.2,-0.00112664
20:08.2,-0.001132119
20:09.2,-0.001096945
20:10.2,-0.001110593
20:11.2,-0.00112675
20:12.2,-0.001122995
20:13.2,-0.0011238
20:14.2,-0.001109664
20:15.2,-0.001107756
20:16.2,-0.001095738
20:17.2,-0.001083513
20:18.2,-0.001099116
20:19.2,-0.001126083
20:20.2,-0.001112131
20:21.2,-0.001108184
20:22.2,-0.001103935
20:23.2,-0.001103378
20:24.2,-0.00110131
20:25.2,-0.001101359
20:26.2,-0.001106667
20:27.2,-0.001120362
20:28.2,-0.00110542
20:29.2,-0.001086399
20:30.2,-0.001093897
20:31.2,-0.001088646
20:32.2,-0.001079543
20:33.2,-0.001073757
20:34.2,-0.001067024
20:35.2,-0.001064462
20:36.2,-0.001052603
20:37.2,-0.00106365
20:38.1,-0.001076182
20:39.1,-0.001082968
20:40.1,-0.001099028
20:41.1,-0.001082611
20:42.1,-0.001060815
20:43.1,-0.001068591
20:44.1,-0.001081302
20:45.1,-0.001063562
20:46.1,-0.001068196
20:47.1,-0.00107201
20:48.1,-0.001069855
20:49.1,-0.001088984
20:50.1,-0.001084995
20:51.1,-0.001082485
20:52.1,-0.001087391
20:53.1,-0.00110493
20:54.1,-0.001094825
20:55.1,-0.001070131
20:56.1,-0.0010761
20:57.1,-0.001097288
20:58.1,-0.001094851
20:59.1,-0.001113411
21:00.1,-0.001116392
21:01.1,-0.001099275
21:02.1,-0.001093448
21:03.1,-0.001072634
21:04.1,-0.001089156
21:05.1,-0.001090974
21:06.1,-0.001081055
21:07.1,-0.001081549
21:08.1,-0.001085221
21:09.1,-0.001096679
21:10.1,-0.001107118
21:11.1,-0.001083681
21:12.1,-0.001060306
21:13.1,-0.001062542
21:14.1,-0.001055725
21:15.1,-0.001068901
21:16.1,-0.001057152
21:17.1,-0.001052445
21:18.1,-0.001030648
21:19.1,-0.001034608
21:20.1,-0.001038045
21:21.1,-0.001045777
21:22.1,-0.001072475
21:23.1,-0.001063774
21:24.1,-0.001056066
21:25.1,-0.001067325
21:26.1,-0.001085156
21:27.1,-0.00107384
21:28.1,-0.001072907
21:29.1,-0.001064788
21:30.1,-0.001078401
21:31.1,-0.001079307
21:32.1,-0.001083647
21:33.1,-0.001082886
21:34.1,-0.001096151
21:35.1,-0.001114738
21:36.1,-0.001123128
21:37.1,-0.001105265
21:38.1,-0.001081032
21:39.0,-0.001077222
21:40.0,-0.001076772
21:41.0,-0.0010852
21:42.0,-0.001081188
21:43.0,-0.001077815
21:44.0,-0.00109475
21:45.0,-0.00108993
21:46.0,-0.001078563
21:47.0,-0.00107977
21:48.0,-0.001072252
21:49.0,-0.001104828
21:50.0,-0.001126974
21:51.0,-0.001133366
21:52.0,-0.001130021
21:53.0,-0.001122856
21:54.0,-0.001107426
21:55.0,-0.001097304
21:56.0,-0.001102654
21:57.0,-0.001120802
21:58.0,-0.00112571
21:59.0,-0.001109355
22:00.0,-0.001116885
22:01.0,-0.001100666
22:02.0,-0.001087164
22:03.0,-0.001078774
22:04.0,-0.001103823
22:05.0,-0.001106494
22:06.0,-0.00110694
22:07.0,-0.00110166
22:08.0,-0.001101837
22:09.0,-0.0011041
22:10.0,-0.001109993
22:11.0,-0.00110452
22:12.0,-0.001101524
22:13.0,-0.001100243
22:14.0,-0.001103317
22:15.0,-0.001103
22:16.0,-0.001096231
22:17.0,-0.00110353
22:18.0,-0.001119358
22:19.0,-0.001105481
22:20.0,-0.001089767
22:21.0,-0.001105457
22:22.0,-0.001090622
22:23.0,-0.001102556
22:24.0,-0.001106709
22:25.0,-0.001112295
22:26.0,-0.001096792
22:27.0,-0.001103938
22:28.0,-0.001070357
22:29.0,-0.001075261
22:30.0,-0.001092107
22:31.0,-0.001112103
22:32.0,-0.001135047
22:33.0,-0.00113064
22:34.0,-0.001112244
22:35.0,-0.001110338
22:36.0,-0.001094305
22:37.0,-0.001084401
22:38.0,-0.001094852
22:39.0,-0.001110997
22:39.9,-0.00112181
22:40.9,-0.001118862
22:41.9,-0.001121821
22:42.9,-0.001108363
22:43.9,-0.001103844
22:44.9,-0.001098819
22:45.9,-0.001121754
22:46.9,-0.001111888
22:47.9,-0.001102488
22:48.9,-0.001102175
22:49.9,-0.001106421
22:50.9,-0.00111019
22:51.9,-0.001109841
22:52.9,-0.001106478
22:53.9,-0.001103496
22:54.9,-0.001102574
22:55.9,-0.001095274
22:56.9,-0.001095119
22:57.9,-0.001109863
22:58.9,-0.001127391
22:59.9,-0.001115541
23:00.9,-0.001106003
23:01.9,-0.001109689
23:02.9,-0.001097715
23:03.9,-0.001095199
23:04.9,-0.001092796
23:05.9,-0.001102537
23:06.9,-0.001102564
23:07.9,-0.001114256
23:08.9,-0.00111106
23:09.9,-0.001109393
23:10.9,-0.00111962
23:11.9,-0.001124718
23:12.9,-0.001119267
23:13.9,-0.001117036
23:14.9,-0.001129024
23:15.9,-0.001117877
23:16.9,-0.001103277
23:17.9,-0.001100992
23:18.9,-0.001106805
23:19.9,-0.001096562
23:20.9,-0.001090709
23:21.9,-0.001101196
23:22.9,-0.001095195
23:23.9,-0.001090959
23:24.9,-0.00110186
23:25.9,-0.001111319
23:26.9,-0.001110179
23:27.9,-0.001125644
23:28.9,-0.001114125
23:29.9,-0.001091
23:30.9,-0.001082193
23:31.9,-0.00109126
23:32.9,-0.001109402
23:33.9,-0.001105812
23:34.9,-0.001118766
23:35.9,-0.001119046
23:36.9,-0.001116841
23:37.9,-0.001115173
23:38.9,-0.001102962
23:39.9,-0.001106107
23:40.8,-0.001122868
23:41.8,-0.001123309
23:42.8,-0.001135549
23:43.8,-0.00117557
23:44.8,-0.001171948
23:45.8,-0.001182854
23:46.8,-0.001163745
23:47.8,-0.001161494
23:48.8,-0.001159438
23:49.8,-0.001161616
23:50.8,-0.001169127
23:51.8,-0.001164596
23:52.8,-0.001161332
23:53.8,-0.00116645
23:54.8,-0.00117048
23:55.8,-0.001170122
23:56.8,-0.001191563
23:57.8,-0.001212206
23:58.8,-0.001199384
23:59.8,-0.001186305
24:00.8,-0.00119071
24:01.8,-0.001196207
24:02.8,-0.001187889
24:03.8,-0.001212949
24:04.8,-0.001210006
24:05.8,-0.001219397
24:06.8,-0.001215776
24:07.8,-0.001204307
24:08.8,-0.001193474
24:09.8,-0.001200955
24:10.8,-0.001203282
24:11.8,-0.001201074
24:12.8,-0.001205224
24:13.8,-0.001211748
24:14.8,-0.00121457
24:15.8,-0.001206381
24:16.8,-0.001190084
24:17.8,-0.00118122
24:18.8,-0.001194911
24:19.8,-0.001214904
24:20.8,-0.001212561
24:21.8,-0.001215473
24:22.8,-0.001223007
24:23.8,-0.001205769
24:24.8,-0.001193876
24:25.8,-0.001198534
24:26.8,-0.001203082
24:27.8,-0.001208736
24:28.8,-0.001222315
24:29.8,-0.001224342
24:30.8,-0.001215588
24:31.8,-0.001201181
24:32.8,-0.0011992
24:33.8,-0.001204056
24:34.8,-0.001210605
24:35.8,-0.001227245
24:36.8,-0.001228327
24:37.8,-0.001202508
24:38.8,-0.001152727
24:39.8,-0.001142859
24:40.8,-0.001146903
24:41.8,-0.001153397
24:42.7,-0.00116761
24:43.7,-0.001166131
24:44.7,-0.001175276
24:45.7,-0.00116948
24:46.7,-0.001167055
24:47.7,-0.001178229
24:48.7,-0.001172223
24:49.7,-0.001179446
24:50.7,-0.001179306
24:51.7,-0.001168792
24:52.7,-0.00117726
24:53.7,-0.001184453
24:54.7,-0.001178011
24:55.7,-0.001178221
24:56.7,-0.001176732
24:57.7,-0.001171904
24:58.7,-0.001171984
24:59.7,-0.001185559
25:00.7,-0.001181185
25:01.7,-0.001183144
25:02.7,-0.001188203
25:03.7,-0.001187093
25:04.7,-0.00119361
25:05.7,-0.001198275
25:06.7,-0.001179121
25:07.7,-0.001175819
25:08.7,-0.001180623
25:09.7,-0.001171519
25:10.7,-0.001168405
25:11.7,-0.001182557
25:12.7,-0.001172944
25:13.7,-0.001179604
25:14.7,-0.0011828
25:15.7,-0.001188738
25:16.7,-0.001184221
25:17.7,-0.00118282
25:18.7,-0.00121288
25:19.7,-0.001199799
25:20.7,-0.001186392
25:21.7,-0.001164283
25:22.7,-0.001141921
25:23.7,-0.001156104
25:24.7,-0.001148593
25:25.7,-0.001141026
25:26.7,-0.001150604
25:27.7,-0.001144675
25:28.7,-0.001131397
25:29.7,-0.001149792
25:30.7,-0.001157171
25:31.7,-0.001144805
25:32.7,-0.001142482
25:33.7,-0.001147119
25:34.7,-0.001150315
25:35.7,-0.001148755
25:36.7,-0.001138437
25:37.7,-0.001135259
25:38.7,-0.001126234
25:39.7,-0.001115908
25:40.7,-0.001116
25:41.7,-0.001113281
25:42.7,-0.001104838
25:43.6,-0.001119711
25:44.6,-0.001133092
25:45.6,-0.001128133
25:46.6,-0.001107234
25:47.6,-0.001095371
25:48.6,-0.001114377
25:49.6,-0.001125079
25:50.6,-0.001123125
25:51.6,-0.001126
25:52.6,-0.001125964
25:53.6,-0.001114384
25:54.6,-0.001100902
25:55.6,-0.001106165
25:56.6,-0.001112493
25:57.6,-0.00111096
25:58.6,-0.001126778
25:59.6,-0.001135575
26:00.6,-0.001090618
26:01.6,-0.001078627
26:02.6,-0.001058604
26:03.6,-0.001060086
26:04.6,-0.001057094
26:05.6,-0.001075944
26:06.6,-0.001075904
26:07.6,-0.001072003
26:08.6,-0.001068652
26:09.6,-0.001083317
26:10.6,-0.0010715
26:11.6,-0.001070875
26:12.6,-0.001068521
26:13.6,-0.001067077
26:14.6,-0.001058207
26:15.6,-0.001063023
26:16.6,-0.00106843
26:17.6,-0.001059179
26:18.6,-0.001063232
26:19.6,-0.001063438
26:20.6,-0.001067557
26:21.6,-0.00106011
26:22.6,-0.001061022
26:23.6,-0.001058466
26:24.6,-0.001062532
26:25.6,-0.001071888
26:26.6,-0.001072387
26:27.6,-0.00107721
26:28.6,-0.001063431
26:29.6,-0.001052375
26:30.6,-0.001051511
26:31.6,-0.001039122
26:32.6,-0.001028384
26:33.6,-0.001051095
26:34.6,-0.001058674
26:35.6,-0.001054722
26:36.6,-0.00106769
26:37.6,-0.001068293
26:38.6,-0.001064049
26:39.6,-0.001035989
26:40.6,-0.001047008
26:41.6,-0.001051624
26:42.6,-0.001063098
26:43.6,-0.001060631
26:44.5,-0.001059099
26:45.5,-0.001068257
26:46.5,-0.001085435
26:47.5,-0.001077696
26:48.5,-0.00107019
26:49.5,-0.001054206
26:50.5,-0.001041527
26:51.5,-0.001032756
26:52.5,-0.001045967
26:53.5,-0.001062778
26:54.5,0
26:55.5,0.001117203
26:56.5,0.001014863
26:57.5,0.001026627
26:58.5,0.001042666
26:59.5,0.001079628
27:00.5,0.001083011
27:01.5,0.001069915
27:02.5,0.001081932
27:03.5,0.001074679
27:04.5,0.001060718
27:05.5,0.001058281
27:06.5,0.001068271
27:07.5,0.001059241
27:08.5,0.001062475
27:09.5,0.001056951
27:10.5,0.001035603
27:11.5,0.001023849
27:12.5,0.001035897
27:13.5,0.001037345
27:14.5,0.001024248
27:15.5,0.00103205
27:16.5,0.001033236
27:17.5,0.001036815
27:18.5,0.001031224
27:19.5,0.001040738
27:20.5,0.001072996
27:21.5,0.001083672
27:22.5,0.001061667
27:23.5,0.001053725
27:24.5,0.001065018
27:25.5,0.001074258
27:26.5,0.00106769
27:27.5,0.001044493
27:28.5,0.001040396
27:29.5,0.001041556
27:30.5,0.001060927
27:31.5,0.001070679
27:32.5,0.001060436
27:33.5,0.001046615
27:34.5,0.001049209
27:35.5,0.001041616
27:36.5,0.001053271
27:37.5,0.001069217
27:38.5,0.001060429
27:39.5,0.001061063
27:40.5,0.001083823
27:41.5,0.001083187
27:42.5,0.001059885
27:43.5,0.001039425
27:44.5,0.001042711
27:45.4,0.001016673
27:46.4,0.00104254
27:47.4,0.001046061
27:48.4,0.00105262
27:49.4,0.001084708
27:50.4,0.001078557
27:51.4,0.001080283
27:52.4,0.001069168
27:53.4,0.001067745
27:54.4,0.001062894
27:55.4,0.001071413
27:56.4,0.001067685
27:57.4,0.001062066
27:58.4,0.001046703
27:59.4,0.001045832
28:00.4,0.001049809
28:01.4,0.001054956
28:02.4,0.001048851
28:03.4,0.001049385
28:04.4,0.001062026
28:05.4,0.001053408
28:06.4,0.001043687
28:07.4,0.001064479
28:08.4,0.001077568
28:09.4,0.001068222
28:10.4,0.001098964
28:11.4,0.001123613
28:12.4,0.001121375
28:13.4,0.001120634
28:14.4,0.001148058
28:15.4,0.001126048
28:16.4,0.001125355
28:17.4,0.001140642
28:18.4,0.001153691
28:19.4,0.001154726
28:20.4,0.001180954
28:21.4,0.001180281
28:22.4,0.001170088
28:23.4,0.001162306
28:24.4,0.00116213
28:25.4,0.001149301
28:26.4,0.001154607
28:27.4,0.001155721
28:28.4,0.0011318
28:29.4,0.001140653
28:30.4,0.001170149
28:31.4,0.001170045
28:32.4,0.00116991
28:33.4,0.001168544
28:34.4,0.001155897
28:35.4,0.001143352
28:36.4,0.001144974
28:37.4,0.001152316
28:38.4,0.001173343
28:39.4,0.001164322
28:40.4,0.001131448
28:41.4,0.001141417
28:42.4,0.001150595
28:43.4,0.001161124
28:44.4,0.001144394
28:45.4,0.00113495
28:46.3,0.001156097
28:47.3,0.001168357
28:48.3,0.001161201
28:49.3,0.001155082
28:50.3,0.001162796
28:51.3,0.001161865
28:52.3,0.00113371
28:53.3,0.001146348
28:54.3,0.00117751
28:55.3,0.001159738
28:56.3,0.001147293
28:57.3,0.001137082
28:58.3,0.001143038
28:59.3,0.001174119
29:00.3,0.001157909
29:01.3,0.0011629
29:02.3,0.001162149
29:03.3,0.001193628
29:04.3,0.001167929
29:05.3,0.001160291
29:06.3,0.001198735
29:07.3,0.001204346
29:08.3,0.001213817
29:09.3,0.001216747
29:10.3,0.001217562
29:11.3,0.001208777
29:12.3,0.001191897
29:13.3,0.001186919
29:14.3,0.001200011
29:15.3,0.001201807
29:16.3,0.001208198
29:17.3,0.001221336
29:18.3,0.001199902
29:19.3,0.00117664
29:20.3,0.001179048
29:21.3,0.001201083
29:22.3,0.001217509
29:23.3,0.001209255
29:24.3,0.001199964
29:25.3,0.001184145
29:26.3,0.001187029
29:27.3,0.001192277
29:28.3,0.001212228
29:29.3,0.001220478
29:30.3,0.001223835
29:31.3,0.00121421
29:32.3,0.001210962
29:33.3,0.001223132
29:34.3,0.001206672
29:35.3,0.001203062
29:36.3,0.001208672
29:37.3,0.00119111
29:38.3,0.001152534
29:39.3,0.001128954
29:40.3,0.001119028
29:41.3,0.0011191
29:42.3,0.001114072
29:43.3,0.001108102
29:44.3,0.001116889
29:45.3,0.001111216
29:46.3,0.001114355
29:47.2,0.001119408
29:48.2,0.001127755
29:49.2,0.001136733
29:50.2,0.001132857
29:51.2,0.001117126
29:52.2,0.001120777
29:53.2,0.001132532
29:54.2,0.001129648
29:55.2,0.001136536
29:56.2,0.001141251
29:57.2,0.001129172
29:58.2,0.001106161
29:59.2,0.001105448
30:00.2,0.001119522
30:01.2,0.001124817
30:02.2,0.001119816
30:03.2,0.001116813
30:04.2,0.001100722
30:05.2,0.001091921
30:06.2,0.001092213
30:07.2,0.001096514
30:08.2,0.001110548
30:09.2,0.001106245
30:10.2,0.001123638
30:11.2,0.00110928
30:12.2,0.001105315
30:13.2,0.001106881
30:14.2,0.001099777
30:15.2,0.001097238
30:16.2,0.001080001
30:17.2,0.001059409
30:18.2,0.001082952
30:19.2,0.001107746
30:20.2,0.001107015
30:21.2,0.001103878
30:22.2,0.00108904
30:23.2,0.001086881
30:24.2,0.001097016
30:25.2,0.001093415
30:26.2,0.001115868
30:27.2,0.001096203
30:28.2,0.001087345
30:29.2,0.001076832
30:30.2,0.001082349
30:31.2,0.001097245
30:32.2,0.001114617
30:33.2,0.001108638
30:34.2,0.00110672
30:35.2,0.00111043
30:36.2,0.001094696
30:37.2,0.001093105
30:38.2,0.00109903
30:39.2,0.001109858
30:40.2,0.001092554
30:41.2,0.001081072
30:42.2,0.00109098
30:43.2,0.001091779
30:44.2,0.001102175
30:45.2,0.001102618
30:46.2,0.001106279
30:47.2,0.001097791
30:48.1,0.001090299
30:49.1,0.001075446
30:50.1,0.001078802
30:51.1,0.001097053
30:52.1,0.001103191
30:53.1,0.001098092
30:54.1,0.001086351
30:55.1,0.001084135
30:56.1,0.001065221
30:57.1,0.001058152
30:58.1,0.001084691
30:59.1,0.001094821
31:00.1,0.001082991
31:01.1,0.001092338
31:02.1,0.001104265
31:03.1,0.001109583
31:04.1,0.00109518
31:05.1,0.001074916
31:06.1,0.001077359
31:07.1,0.001075405
31:08.1,0.001063648
31:09.1,0.001071934
31:10.1,0.001065538
31:11.1,0.001062415
31:12.1,0.001066992
31:13.1,0.001053859
31:14.1,0.001058742
31:15.1,0.001052944
31:16.1,0.001048711
31:17.1,0.001060764
31:18.1,0.001061014
31:19.1,0.001062402
31:20.1,0.001070682
31:21.1,0.001055715
31:22.1,0.001067742
31:23.1,0.001072966
31:24.1,0.001071255
31:25.1,0.001053077
31:26.1,0.001063578
31:27.1,0.001069533
31:28.1,0.001073987
31:29.1,0.001071308
31:30.1,0.001076839
31:31.1,0.001066449
31:32.1,0.001051147
31:33.1,0.001069928
31:34.1,0.001038229
31:35.1,0.001028785
31:36.1,0.00105134
31:37.1,0.001044009
31:38.1,0.001048816
31:39.1,0.001050188
31:40.1,0.001042723
31:41.1,0.001028205
31:42.1,0.001004955
31:43.1,0.001011473
31:44.1,0.001023273
31:45.1,0.001045436
31:46.1,0.001045351
31:47.1,0.001038749
31:48.1,0.001043884
31:49.0,0.001059267
31:50.0,0.001070925
31:51.0,0.001069768
31:52.0,0.001059324
31:53.0,0.001043473
31:54.0,0.001031441
31:55.0,0.001020839
31:56.0,0.001011589
31:57.0,0.001017493
31:58.0,0.001039343
31:59.0,0.001047429
32:00.0,0.001056242
32:01.0,0.001036372
32:02.0,0.00102673
32:03.0,0.00103092
32:04.0,0.001042458
32:05.0,0.001048391
32:06.0,0.001048165
32:07.0,0.001041657
32:08.0,0.001036596
32:09.0,0.001025091
32:10.0,0.001022074
32:11.0,0.001039882
32:12.0,0.001043472
32:13.0,0.001031179
32:14.0,0.001034551
32:15.0,0.001027185
32:16.0,0.001019182
32:17.0,0.001048343
32:18.0,0.001057373
32:19.0,0.001073286
32:20.0,0.00106549
32:21.0,0.001050515
32:22.0,0.00107817
32:23.0,0.001089478
32:24.0,0.001104988
32:25.0,0.001112071
32:26.0,0.00113607
32:27.0,0.001158351
32:28.0,0.001149118
32:29.0,0.001104844
32:30.0,0.001102021
32:31.0,0.001112674
32:32.0,0.001118702
32:33.0,0.001110666
32:34.0,0.001123276
32:35.0,0.001121143
32:36.0,0.00111096
32:37.0,0.001123988
32:38.0,0.001112143
32:39.0,0.001105144
32:40.0,0.001120413
32:41.0,0.001145525
32:42.0,0.001134193
32:43.0,0.001135434
32:44.0,0.001126521
32:45.0,0.001129762
32:46.0,0.001114952
32:47.0,0.001119053
32:48.0,0.001132011
32:49.0,0.001141254
32:49.9,0.001135979
32:50.9,0.001140012
32:51.9,0.001135572
32:52.9,0.001121212
32:53.9,0.00112264
32:54.9,0.001126408
32:55.9,0.001121166
32:56.9,0.00113323
32:57.9,0.001128223
32:58.9,0.001140571
32:59.9,0.001144673
33:00.9,0.001149624
33:01.9,0.001163414
33:02.9,0.001154703
33:03.9,0.001147397
33:04.9,0.001148547
33:05.9,0.001147517
33:06.9,0.001156141
33:07.9,0.001144312
33:08.9,0.001148175
33:09.9,0.001135276
33:10.9,0.001144708
33:11.9,0.001155958
33:12.9,0.001154312
33:13.9,0.001165222
33:14.9,0.00118709
33:15.9,0.001180992
33:16.9,0.001201809
33:17.9,0.001206946
33:18.9,0.001210315
33:19.9,0.001217817
33:20.9,0.001232834
33:21.9,0.001204362
33:22.9,0.001199002
33:23.9,0.001206592
33:24.9,0.001213391
33:25.9,0.001212367
33:26.9,0.001209182
33:27.9,0.001213229
33:28.9,0.001212744
33:29.9,0.001206728
33:30.9,0.001197529
33:31.9,0.001207638
33:32.9,0.001201127
33:33.9,0.00120861
33:34.9,0.001222203
33:35.9,0.001224449
33:36.9,0.001229088
33:37.9,0.001208343
33:38.9,0.001183662
33:39.9,0.001200537
33:40.9,0.00120507
33:41.9,0.001207861
33:42.9,0.001190945
33:43.9,0.001168763
33:44.9,0.001182469
33:45.9,0.001193594
33:46.9,0.001189303
33:47.9,0.001187809
33:48.9,0.001193108
33:49.9,0.00119945
33:50.9,0.001187672
33:51.8,0.001208992
33:52.8,0.001195696
33:53.8,0.001175609
33:54.8,0.001157282
33:55.8,0.001156291
33:56.8,0.001133266
33:57.8,0.001140317
33:58.8,0.00113531
33:59.8,0.001134528
34:00.8,0.001106691
34:01.8,0.001079299
34:02.8,0.001064481
34:03.8,0.001095333
34:04.8,0.001097072
34:05.8,0.001115567
34:06.8,0.001109992
34:07.8,0.001086927
34:08.8,0.001063146
34:09.8,0.001064754
34:10.8,0.001044277
34:11.8,0.001027972
34:12.8,0.00101261
34:13.8,0.001036499
34:14.8,0.0010369
34:15.8,0.001023411
34:16.8,0.00104016
34:17.8,0.001043357
34:18.8,0.001097782
34:19.8,0.001106799
34:20.8,0.0010881
34:21.8,0.001086092
34:22.8,0.00105801
34:23.8,0.001051076
34:24.8,0.001043244
34:25.8,0.001060493
34:26.8,0.001055934
34:27.8,0.001031216
34:28.8,0.001040562
34:29.8,0.001051617
34:30.8,0.001058674
34:31.8,0.001063146
34:32.8,0.001061062
34:33.8,0.001052077
34:34.8,0.001066389
34:35.8,0.00105862
34:36.8,0.001037553
34:37.8,0.001049813
34:38.8,0.001069621
34:39.8,0.001094842
34:40.8,0.001087921
34:41.8,0.001089125
34:42.8,0.001070874
34:43.8,0.00107899
34:44.8,0.001090529
34:45.8,0.001085552
34:46.8,0.001080555
34:47.8,0.001089636
34:48.8,0.001080944
34:49.8,0.001079499
34:50.8,0.001071168
34:51.8,0.001070636
34:52.7,0.001070346
34:53.7,0.001067336
34:54.7,0.001067029
34:55.7,0.00107154
34:56.7,0.001066656
34:57.7,0.00106969
34:58.7,0.001069879
34:59.7,0.001074755
35:00.7,0.001081453
35:01.7,0.001077035
35:02.7,0.001063213
35:03.7,0.001072158
35:04.7,0.00106577
35:05.7,0.001067426
35:06.7,0.001094313
35:07.7,0.001079385
35:08.7,0.001080272
35:09.7,0.001073144
35:10.7,0.001058028
35:11.7,0.001050322
35:12.7,0.001050424
35:13.7,0.001064554
35:14.7,0.001070787
35:15.7,0.00106542
35:16.7,0.001082805
35:17.7,0.001089699
35:18.7,0.001073777
35:19.7,0.001053964
35:20.7,0.001040857
35:21.7,0.001040927
35:22.7,0.001045512
35:23.7,0.001062217
35:24.7,0.001078225
35:25.7,0.001073464
35:26.7,0.001065643
35:27.7,0.001048192
35:28.7,0.001043755
35:29.7,0.001048609
35:30.7,0.001062742
35:31.7,0.001062447
35:32.7,0.001070292
35:33.7,0.001063012
35:34.7,0.00106161
35:35.7,0.001069269
35:36.7,0.001062819
35:37.7,0.001050095
35:38.7,0.001040016
35:39.7,0.001050384
35:40.7,0.001056745
35:41.7,0.001055256
35:42.7,0.001045654
35:43.7,0.001047388
35:44.7,0.001042165
35:45.7,0.001045128
35:46.7,0.001040408
35:47.7,0.001048095
35:48.7,0.001031206
35:49.7,0.001024984
35:50.7,0.001029428
35:51.7,0.001040321
35:52.7,0.001036111
35:53.6,0.001023428
35:54.6,0.001007056
35:55.6,0.00099203
35:56.6,0.001011878
35:57.6,0.001025182
35:58.6,0.001028162
35:59.6,0.001038581
36:00.6,0.001026733
36:01.6,0.00103147
36:02.6,0.001021674
36:03.6,0.001026067
36:04.6,0.001032933
36:05.6,0.001020291
36:06.6,0.00100723
36:07.6,0.001007286
36:08.6,0.001028382
36:09.6,0.001026854
36:10.6,0.001023336
36:11.6,0.001034372
36:12.6,0.001023093
36:13.6,0.00100374
36:14.6,0.000995375
36:15.6,0.000983063
36:16.6,0.00100483
36:17.6,0.001017479
36:18.6,0.001012843
36:19.6,0.001010527
36:20.6,0.001001913
36:21.6,0.001004313
36:22.6,0.000995693
36:23.6,0.001000818
36:24.6,0.001001887
36:25.6,0.000998753
36:26.6,0.000991327
36:27.6,0.000989223
36:28.6,0.001019733
36:29.6,0.001020694
36:30.6,0.001019451
36:31.6,0.001015278
36:32.6,0.00100218
36:33.6,0.000996524
36:34.6,0.000999789
36:35.6,0.001002022
36:36.6,0.000992459
36:37.6,0.000997057
36:38.6,0.001004256
36:39.6,0.000999523
36:40.6,0.001000035
36:41.6,0.000990015
36:42.6,0.000987665
36:43.6,0.000994973
36:44.6,0.000991628
36:45.6,0.000987414
36:46.6,0.000992848
36:47.6,0.000985823
36:48.6,0.000981882
36:49.6,0.000967895
36:50.6,0.000962619
36:51.6,0.000974378
36:52.6,0.000971616
36:53.6,0.000972185
36:54.5,0
36:55.5,-0.000785021
36:56.5,-0.000698109
36:57.5,-0.000705348
36:58.5,-0.000707943
36:59.5,-0.000727204
37:00.5,-0.000714873
37:01.5,-0.00071839
37:02.5,-0.000701594
37:03.5,-0.000701951
37:04.5,-0.000717399
37:05.5,-0.000713977
37:06.5,-0.000706366
37:07.5,-0.000700588
37:08.5,-0.000720075
37:09.5,-0.000729703
37:10.5,-0.000727091
37:11.5,-0.000719019
37:12.5,-0.00070827
37:13.5,-0.000718945
37:14.5,-0.000715465
37:15.5,-0.000712823
37:16.5,-0.000707182
37:17.5,-0.000704065
37:18.5,-0.000709422
37:19.5,-0.000690229
37:20.5,-0.000694569
37:21.5,-0.000697024
37:22.5,-0.000687514
37:23.5,-0.000683264
37:24.5,-0.000684651
37:25.5,-0.000684737
37:26.5,-0.0006869
37:27.5,-0.000690797
37:28.5,-0.000695277
37:29.5,-0.000689943
37:30.5,-0.000683545
37:31.5,-0.000674589
37:32.5,-0.000679653
37:33.5,-0.000691236
37:34.5,-0.000683228
37:35.5,-0.000677913
37:36.5,-0.00067996
37:37.5,-0.000685376
37:38.5,-0.000701761
37:39.5,-0.000720374
37:40.5,-0.000717994
37:41.5,-0.000707644
37:42.5,-0.000703053
37:43.5,-0.000704291
37:44.5,-0.000710343
37:45.5,-0.000706206
37:46.5,-0.000716021
37:47.5,-0.000719931
37:48.5,-0.000711147
37:49.5,-0.000717746
37:50.5,-0.000709
37:51.5,-0.000694846
37:52.5,-0.000680763
37:53.5,-0.000682604
37:54.5,-0.000693523
37:55.4,-0.000677283
37:56.4,-0.000681806
37:57.4,-0.000702896
37:58.4,-0.000710034
37:59.4,-0.000707122
38:00.4,-0.00070015
38:01.4,-0.000700117
38:02.4,-0.000702623
38:03.4,-0.000684078
38:04.4,-0.00069903
38:05.4,-0.000717837
38:06.4,-0.000716065
38:07.4,-0.000708465
38:08.4,-0.000692612
38:09.4,-0.000692694
38:10.4,-0.000697494
38:11.4,-0.000693057
38:12.4,-0.000689393
38:13.4,-0.000690056
38:14.4,-0.000699971
38:15.4,-0.000694143
38:16.4,-0.000692263
38:17.4,-0.000704286
38:18.4,-0.000704578
38:19.4,-0.000687616
38:20.4,-0.000699694
38:21.4,-0.000709268
38:22.4,-0.000717681
38:23.4,-0.000700856
38:24.4,-0.000708042
38:25.4,-0.000700707
38:26.4,-0.000700776
38:27.4,-0.000706694
38:28.4,-0.000716396
38:29.4,-0.000708321
38:30.4,-0.000694196
38:31.4,-0.000691049
38:32.4,-0.000699406
38:33.4,-0.000701845
38:34.4,-0.000698968
38:35.4,-0.000692838
38:36.4,-0.000707946
38:37.4,-0.00070872
38:38.4,-0.000703967
38:39.4,-0.000680205
38:40.4,-0.000687933
38:41.4,-0.000693318
38:42.4,-0.000690619
38:43.4,-0.000699759
38:44.4,-0.000698899
38:45.4,-0.000683365
38:46.4,-0.000688603
38:47.4,-0.000714578
38:48.4,-0.000702717
38:49.4,-0.000705487
38:50.4,-0.000700983
38:51.4,-0.000699815
38:52.4,-0.000727082
38:53.4,-0.000705631
38:54.4,-0.000714607
38:55.4,-0.000731645
38:56.3,-0.000723337
38:57.3,-0.000723365
38:58.3,-0.000716507
38:59.3,-0.000721752
39:00.3,-0.000722933
39:01.3,-0.000716856
39:02.3,-0.000710525
39:03.3,-0.000711381
39:04.3,-0.000722084
39:05.3,-0.000720051
39:06.3,-0.000700361
39:07.3,-0.000707638
39:08.3,-0.000702334
39:09.3,-0.00069753
39:10.3,-0.00068777
39:11.3,-0.000691372
39:12.3,-0.000702999
39:13.3,-0.000710855
39:14.3,-0.000705777
39:15.3,-0.000719357
39:16.3,-0.000718228
39:17.3,-0.00071933
39:18.3,-0.000720138
39:19.3,-0.00071951
39:20.3,-0.000733683
39:21.3,-0.000744473
39:22.3,-0.000754823
39:23.3,-0.000746682
39:24.3,-0.000749513
39:25.3,-0.000750853
39:26.3,-0.000771205
39:27.3,-0.000775867
39:28.3,-0.000773067
39:29.3,-0.000788974
39:30.3,-0.000765718
39:31.3,-0.000746474
39:32.3,-0.000733971
39:33.3,-0.000761466
39:34.3,-0.000770446
39:35.3,-0.000774381
39:36.3,-0.000786346
39:37.3,-0.000775355
39:38.3,-0.000785238
39:39.3,-0.000794132
39:40.3,-0.000798473
39:41.3,-0.000815742
39:42.3,-0.000828797
39:43.3,-0.000835527
39:44.3,-0.000810018
39:45.3,-0.000814112
39:46.3,-0.000826025
39:47.3,-0.000815039
39:48.3,-0.000801423
39:49.3,-0.000793383
39:50.3,-0.000796439
39:51.3,-0.000812788
39:52.3,-0.000813967
39:53.3,-0.000805542
39:54.3,-0.000804243
39:55.3,-0.000791066
39:56.3,-0.000789791
39:57.2,-0.000780393
39:58.2,-0.000791735
39:59.2,-0.000797507
40:00.2,-0.000780192
40:01.2,-0.000776252
40:02.2,-0.000768651
40:03.2,-0.000769591
40:04.2,-0.000781777
40:05.2,-0.000789133
40:06.2,-0.000805454
40:07.2,-0.000824367
40:08.2,-0.000800004
40:09.2,-0.000765334
40:10.2,-0.000761673
40:11.2,-0.000762144
40:12.2,-0.000755426
40:13.2,-0.000786125
40:14.2,-0.000791438
40:15.2,-0.00078664
40:16.2,-0.000779346
40:17.2,-0.000783372
40:18.2,-0.000787761
40:19.2,-0.000764872
40:20.2,-0.0007771
40:21.2,-0.00078715
40:22.2,-0.000777052
40:23.2,-0.00076141
40:24.2,-0.000759648
40:25.2,-0.000775641
40:26.2,-0.000756264
40:27.2,-0.000748843
40:28.2,-0.0007459
40:29.2,-0.000750019
40:30.2,-0.000776188
40:31.2,-0.000761335
40:32.2,-0.00075865
40:33.2,-0.000761505
40:34.2,-0.000768927
40:35.2,-0.000768449
40:36.2,-0.000775739
40:37.2,-0.000779213
40:38.2,-0.0007685
40:39.2,-0.000756953
40:40.2,-0.000751561
40:41.2,-0.000762662
40:42.2,-0.000769477
40:43.2,-0.0007652
40:44.2,-0.00076887
40:45.2,-0.000771196
40:46.2,-0.000746092
40:47.2,-0.000748722
40:48.2,-0.000751097
40:49.2,-0.0007667
40:50.2,-0.000764007
40:51.2,-0.000749153
40:52.2,-0.000769742
40:53.2,-0.000771758
40:54.2,-0.000752376
40:55.2,-0.000731027
40:56.2,-0.000750451
40:57.2,-0.000769273
40:58.1,-0.00075113
40:59.1,-0.000725322
41:00.1,-0.000734084
41:01.1,-0.000739862
41:02.1,-0.000739665
41:03.1,-0.000739789
41:04.1,-0.000742261
41:05.1,-0.000745427
41:06.1,-0.000746603
41:07.1,-0.000740139
41:08.1,-0.00074007
41:09.1,-0.000721357
41:10.1,-0.000679051
41:11.1,-0.000690278
41:12.1,-0.000690877
41:13.1,-0.000702644
41:14.1,-0.000727556
41:15.1,-0.000736039
41:16.1,-0.000738206
41:17.1,-0.000726421
41:18.1,-0.000759412
41:19.1,-0.000747612
41:20.1,-0.000728074
41:21.1,-0.000726091
41:22.1,-0.000693083
41:23.1,-0.000687805
41:24.1,-0.000721193
41:25.1,-0.000737086
41:26.1,-0.000777188
41:27.1,-0.000758715
41:28.1,-0.000716809
41:29.1,-0.000699555
41:30.1,-0.000719091
41:31.1,-0.000707066
41:32.1,-0.000710038
41:33.1,-0.000719939
41:34.1,-0.000725099
41:35.1,-0.000745077
41:36.1,-0.000747803
41:37.1,-0.000732042
41:38.1,-0.000705201
41:39.1,-0.000693137
41:40.1,-0.000704456
41:41.1,-0.000709607
41:42.1,-0.000748129
41:43.1,-0.000780051
41:44.1,-0.000753569
41:45.1,-0.000738467
41:46.1,-0.000739683
41:47.1,-0.000752585
41:48.1,-0.000758689
41:49.1,-0.00075259
41:50.1,-0.000772695
41:51.1,-0.000774513
41:52.1,-0.000785093
41:53.1,-0.000761296
41:54.1,-0.000773853
41:55.1,-0.000764386
41:56.1,-0.000778503
41:57.1,-0.00078019
41:58.1,-0.000782044
41:59.1,-0.000759422
42:00.0,-0.000758639
42:01.0,-0.000775532
42:02.0,-0.000750544
42:03.0,-0.00075312
42:04.0,-0.000769653
42:05.0,-0.000764124
42:06.0,-0.000757785
42:07.0,-0.000757761
42:08.0,-0.000761705
42:09.0,-0.000781956
42:10.0,-0.000789408
42:11.0,-0.000803049
42:12.0,-0.00078899
42:13.0,-0.000784232
42:14.0,-0.000789786
42:15.0,-0.000782002
42:16.0,-0.00079247
42:17.0,-0.000783599
42:18.0,-0.000740077
42:19.0,-0.000735244
42:20.0,-0.000738292
42:21.0,-0.000755698
42:22.0,-0.000776634
42:23.0,-0.000778834
42:24.0,-0.000760413
42:25.0,-0.000723164
42:26.0,-0.00071602
42:27.0,-0.000750555
42:28.0,-0.000745491
42:29.0,-0.000737411
42:30.0,-0.00074138
42:31.0,-0.000728757
42:32.0,-0.000729347
42:33.0,-0.000734308
42:34.0,-0.000735824
42:35.0,-0.000760021
42:36.0,-0.000778253
42:37.0,-0.000745798
42:38.0,-0.00073111
42:39.0,-0.00071574
42:40.0,-0.000717158
42:41.0,-0.000705582
42:42.0,-0.000718264
42:43.0,-0.000753225
42:44.0,-0.000735882
42:45.0,-0.00074625
42:46.0,-0.000733251
42:47.0,-0.000716174
42:48.0,-0.000711666
42:49.0,-0.000735502
42:50.0,-0.00075173
42:51.0,-0.000762365
42:52.0,-0.000738995
42:53.0,-0.000724997
42:54.0,-0.000730841
42:55.0,-0.000730738
42:56.0,-0.000741728
42:57.0,-0.000755297
42:58.0,-0.000738938
42:59.0,-0.000727093
43:00.0,-0.000743242
43:00.9,-0.000743856
43:01.9,-0.000754139
43:02.9,-0.000738328
43:03.9,-0.000726495
43:04.9,-0.000699255
43:05.9,-0.000686298
43:06.9,-0.000709041
43:07.9,-0.000710947
43:08.9,-0.000754011
43:09.9,-0.000763502
43:10.9,-0.000753621
43:11.9,-0.000753062
43:12.9,-0.000749492
43:13.9,-0.000734347
43:14.9,-0.000724028
43:15.9,-0.000725554
43:16.9,-0.000724539
43:17.9,-0.000756756
43:18.9,-0.000774373
43:19.9,-0.000749814
43:20.9,-0.000754976
43:21.9,-0.000756856
43:22.9,-0.000769864
43:23.9,-0.000759486
43:24.9,-0.000769309
43:25.9,-0.000779573
43:26.9,-0.000782884
43:27.9,-0.000767652
43:28.9,-0.0007702
43:29.9,-0.000737128
43:30.9,-0.000738075
43:31.9,-0.000760893
43:32.9,-0.000763081
43:33.9,-0.000753087
43:34.9,-0.000770176
43:35.9,-0.00075023
43:36.9,-0.000724272
43:37.9,-0.000725354
43:38.9,-0.000722219
43:39.9,-0.000706262
43:40.9,-0.000719291
43:41.9,-0.000711329
43:42.9,-0.000724104
43:43.9,-0.000719499
43:44.9,-0.000704893
43:45.9,-0.000709041
43:46.9,-0.000694971
43:47.9,-0.000714835
43:48.9,-0.000728144
43:49.9,-0.000729907
43:50.9,-0.000735207
43:51.9,-0.000740373
43:52.9,-0.000732691
43:53.9,-0.000724526
43:54.9,-0.00073042
43:55.9,-0.000721727
43:56.9,-0.000752361
43:57.9,-0.000726417
43:58.9,-0.000734068
43:59.9,-0.000730779
44:00.9,-0.000734189
44:01.8,-0.000728207
44:02.8,-0.000725366
44:03.8,-0.000733896
44:04.8,-0.000718403
44:05.8,-0.000711879
44:06.8,-0.000721736
44:07.8,-0.000729608
44:08.8,-0.000740768
44:09.8,-0.000746528
44:10.8,-0.000754904
44:11.8,-0.000730803
44:12.8,-0.000719154
44:13.8,-0.000724599
44:14.8,-0.000743915
44:15.8,-0.000727579
44:16.8,-0.000696148
44:17.8,-0.000696082
44:18.8,-0.00071842
44:19.8,-0.000706229
44:20.8,-0.000724637
44:21.8,-0.000752598
44:22.8,-0.000759658
44:23.8,-0.000769906
44:24.8,-0.000757952
44:25.8,-0.00076339
44:26.8,-0.000798274
44:27.8,-0.00078505
44:28.8,-0.00079348
44:29.8,-0.000785159
44:30.8,-0.000763487
44:31.8,-0.000751236
44:32.8,-0.000734825
44:33.8,-0.000745691
44:34.8,-0.000761707
44:35.8,-0.000776957
44:36.8,-0.000778044
44:37.8,-0.000762121
44:38.8,-0.000767634
44:39.8,-0.000755425
44:40.8,-0.000757185
44:41.8,-0.000734188
44:42.8,-0.000720009
44:43.8,-0.000753649
44:44.8,-0.000761457
44:45.8,-0.000756569
44:46.8,-0.000737143
44:47.8,-0.000746873
44:48.8,-0.000763043
44:49.8,-0.00076288
44:50.8,-0.000755794
44:51.8,-0.000739161
44:52.8,-0.000733893
44:53.8,-0.000736829
44:54.8,-0.000754429
44:55.8,-0.00075069
44:56.8,-0.000720789
44:57.8,-0.000712006
44:58.8,-0.000726268
44:59.8,-0.000745503
45:00.8,-0.000723082
45:01.8,-0.000717108
45:02.7,-0.000725186
45:03.7,-0.000719574
45:04.7,-0.000718306
45:05.7,-0.000708697
45:06.7,-0.000706932
45:07.7,-0.000736146
45:08.7,-0.000741943
45:09.7,-0.000741544
45:10.7,-0.000727311
45:11.7,-0.000717533
45:12.7,-0.000705317
45:13.7,-0.000717968
45:14.7,-0.000711499
45:15.7,-0.000734113
45:16.7,-0.000739994
45:17.7,-0.000747609
45:18.7,-0.000729249
45:19.7,-0.000719333
45:20.7,-0.00070406
45:21.7,-0.000702268
45:22.7,-0.000717262
45:23.7,-0.000700411
45:24.7,-0.00070747
45:25.7,-0.00071956
45:26.7,-0.000717171
45:27.7,-0.000697507
45:28.7,-0.000677241
45:29.7,-0.000658515
45:30.7,-0.000660788
45:31.7,-0.000672988
45:32.7,-0.000689396
45:33.7,-0.000718265
45:34.7,-0.000710063
45:35.7,-0.000714523
45:36.7,-0.000710735
45:37.7,-0.000686895
45:38.7,-0.000695818
45:39.7,-0.000687807
45:40.7,-0.000697695
45:41.7,-0.000714103
45:42.7,-0.000716046
45:43.7,-0.000711359
45:44.7,-0.000696151
45:45.7,-0.000684695
45:46.7,-0.000698385
45:47.7,-0.000708794
45:48.7,-0.000732785
45:49.7,-0.000747262
45:50.7,-0.000722219
45:51.7,-0.000733226
45:52.7,-0.000734597
45:53.7,-0.000724928
45:54.7,-0.000732529
45:55.7,-0.000698095
45:56.7,-0.000709313
45:57.7,-0.000695938
45:58.7,-0.000718559
45:59.7,-0.000701028
46:00.7,-0.000696495
46:01.7,-0.000696893
46:02.7,-0.000711716
46:03.6,-0.00070904
46:04.6,-0.000695938
46:05.6,-0.000695549
46:06.6,-0.000709148
46:07.6,-0.000701593
46:08.6,-0.00066831
46:09.6,-0.000668774
46:10.6,-0.000669519
46:11.6,-0.000664591
46:12.6,-0.000674272
46:13.6,-0.000678411
46:14.6,-0.000665532
46:15.6,-0.000667574
46:16.6,-0.000675198
46:17.6,-0.000692121
46:18.6,-0.000670104
46:19.6,-0.000661872
46:20.6,-0.000674135
46:21.6,-0.000674047
46:22.6,-0.000664995
46:23.6,-0.00066441
46:24.6,-0.000638686
46:25.6,-0.000643839
46:26.6,-0.000665922
46:27.6,-0.000675928
46:28.6,-0.000696394
46:29.6,-0.000725114
46:30.6,-0.000742499
46:31.6,-0.000726884
46:32.6,-0.000720229
46:33.6,-0.000700841
46:34.6,-0.000687507
46:35.6,-0.000679824
46:36.6,-0.000683334
46:37.6,-0.000696159
46:38.6,-0.000681166
46:39.6,-0.000689803
46:40.6,-0.000700654
46:41.6,-0.000716234
46:42.6,-0.000726263
46:43.6,-0.00070433
46:44.6,-0.000696638
46:45.6,-0.000702106
46:46.6,-0.000697482
46:47.6,-0.000664716
46:48.6,-0.00064883
46:49.6,-0.000638759
46:50.6,-0.000628811
46:51.6,-0.000630652
46:52.6,-0.000631067
46:53.6,-0.000636808
46:54.6,0
46:55.6,0.000612653
46:56.6,0.000554212
46:57.6,0.000543707
46:58.6,0.000540525
46:59.6,0.000572399
47:00.6,0.000573179
47:01.6,0.000555006
47:02.6,0.000552062
47:03.6,0.000555376
47:04.5,0.000543898
47:05.5,0.000534606
47:06.5,0.000525979
47:07.5,0.000538177
47:08.5,0.000541898
47:09.5,0.000536172
47:10.5,0.000526302
47:11.5,0.000513413
47:12.5,0.000522563
47:13.5,0.00051474
47:14.5,0.000515585
47:15.5,0.000524161
47:16.5,0.000519797
47:17.5,0.000505273
47:18.5,0.000502883
47:19.5,0.000503872
47:20.5,0.000533788
47:21.5,0.000526089
47:22.5,0.000527845
47:23.5,0.000530496
47:24.5,0.000526196
47:25.5,0.000531209
47:26.5,0.000527075
47:27.5,0.000532934
47:28.5,0.000526653
47:29.5,0.000534257
47:30.5,0.000553711
47:31.5,0.000568741
47:32.5,0.000546064
47:33.5,0.000520553
47:34.5,0.000537315
47:35.5,0.000557039
47:36.5,0.000562014
47:37.5,0.000547851
47:38.5,0.000533091
47:39.5,0.000531645
47:40.5,0.000532713
47:41.5,0.000541004
47:42.5,0.000534794
47:43.5,0.000549376
47:44.5,0.000544735
47:45.5,0.000534891
47:46.5,0.000500369
47:47.5,0.000487029
47:48.5,0.000479983
47:49.5,0.000488086
47:50.5,0.000463351
47:51.5,0.000460126
47:52.5,0.000494919
47:53.5,0.000506439
47:54.5,0.00048395
47:55.5,0.000472291
47:56.5,0.000469838
47:57.5,0.000464701
47:58.5,0.000451827
47:59.5,0.000446903
48:00.5,0.00046733
48:01.5,0.000468591
48:02.5,0.00046832
48:03.5,0.000471852
48:04.5,0.000464799
48:05.4,0.000471047
48:06.4,0.00045707
48:07.4,0.00045182
48:08.4,0.00043087
48:09.4,0.000449868
48:10.4,0.000472742
48:11.4,0.000482121
48:12.4,0.000487019
48:13.4,0.000477575
48:14.4,0.000463629
48:15.4,0.00046637
48:16.4,0.00045045
48:17.4,0.000457114
48:18.4,0.00046582
48:19.4,0.00045169
48:20.4,0.000460294
48:21.4,0.000474206
48:22.4,0.000471104
48:23.4,0.000475506
48:24.4,0.000461059
48:25.4,0.000481356
48:26.4,0.000476622
48:27.4,0.000458852
48:28.4,0.000436814
48:29.4,0.000433238
48:30.4,0.000434557
48:31.4,0.000442694
48:32.4,0.000446144
48:33.4,0.000445928
48:34.4,0.000449171
48:35.4,0.000447179
48:36.4,0.000433552
48:37.4,0.000435758
48:38.4,0.000432333
48:39.4,0.000447278
48:40.4,0.000463703
48:41.4,0.000457175
48:42.4,0.000461075
48:43.4,0.000459124
48:44.4,0.00044888
48:45.4,0.000444935
48:46.4,0.000426003
48:47.4,0.000454054
48:48.4,0.000469708
48:49.4,0.000465971
48:50.4,0.000440383
48:51.4,0.000439725
48:52.4,0.000447341
48:53.4,0.000466268
48:54.4,0.000473876
48:55.4,0.000457865
48:56.4,0.000458841
48:57.4,0.000456877
48:58.4,0.000481166
48:59.4,0.000471309
49:00.4,0.000455856
49:01.4,0.000469484
49:02.4,0.000465696
49:03.4,0.000478295
49:04.4,0.000466408
49:05.4,0.000469224
49:06.3,0.000482898
49:07.3,0.000482368
49:08.3,0.000477018
49:09.3,0.000479268
49:10.3,0.000496159
49:11.3,0.000496849
49:12.3,0.000471044
49:13.3,0.000462464
49:14.3,0.000485591
49:15.3,0.000487236
49:16.3,0.000487988
49:17.3,0.000472111
49:18.3,0.000467957
49:19.3,0.000490172
49:20.3,0.000493878
49:21.3,0.000491181
49:22.3,0.000501811
49:23.3,0.000484783
49:24.3,0.000484603
49:25.3,0.000472857
49:26.3,0.000488592
49:27.3,0.000492342
49:28.3,0.000487774
49:29.3,0.000498328
49:30.3,0.00049601
49:31.3,0.000478617
49:32.3,0.000464911
49:33.3,0.000449723
49:34.3,0.000455153
49:35.3,0.0004721
49:36.3,0.000492569
49:37.3,0.000499252
49:38.3,0.000504182
49:39.3,0.000492107
49:40.3,0.000489617
49:41.3,0.000488687
49:42.3,0.000476734
49:43.3,0.000471372
49:44.3,0.000466718
49:45.3,0.000475896
49:46.3,0.000465596
49:47.3,0.000443866
49:48.3,0.000463133
49:49.3,0.000468021
49:50.3,0.000462304
49:51.3,0.000465772
49:52.3,0.00046876
49:53.3,0.000462534
49:54.3,0.000470802
49:55.3,0.000490561
49:56.3,0.000492675
49:57.3,0.000460666
49:58.3,0.000463846
49:59.3,0.000479002
50:00.3,0.000477839
50:01.3,0.000464137
50:02.3,0.000484568
50:03.3,0.000498079
50:04.3,0.000491722
50:05.3,0.00047784
50:06.3,0.00047355
50:07.2,0.000477695
50:08.2,0.000487182
50:09.2,0.000489555
50:10.2,0.000473602
50:11.2,0.000495563
50:12.2,0.000510767
50:13.2,0.000508856
50:14.2,0.000491669
50:15.2,0.000494686
50:16.2,0.000488831
50:17.2,0.000482812
50:18.2,0.000477906
50:19.2,0.000476612
50:20.2,0.000467601
50:21.2,0.000466703
50:22.2,0.000480958
50:23.2,0.000483073
50:24.2,0.000478639
50:25.2,0.000462901
50:26.2,0.000489128
50:27.2,0.000502312
50:28.2,0.000511157
50:29.2,0.000505768
50:30.2,0.000497147
50:31.2,0.000491471
50:32.2,0.000506872
50:33.2,0.000515161
50:34.2,0.000503733
50:35.2,0.000506795
50:36.2,0.000506322
50:37.2,0.000507522
50:38.2,0.000511719
50:39.2,0.000517781
50:40.2,0.000514447
50:41.2,0.000487762
50:42.2,0.000487636
50:43.2,0.000507189
50:44.2,0.000509652
50:45.2,0.000518852
50:46.2,0.000505002
50:47.2,0.000502408
50:48.2,0.00049261
50:49.2,0.000508047
50:50.2,0.000509294
50:51.2,0.000517956
50:52.2,0.000540457
50:53.2,0.000535691
50:54.2,0.000523995
50:55.2,0.000529948
50:56.2,0.000538121
50:57.2,0.000540212
50:58.2,0.000528056
50:59.2,0.000521429
51:00.2,0.000518378
51:01.2,0.000513048
51:02.2,0.000507319
51:03.2,0.000508532
51:04.2,0.000523337
51:05.2,0.000521773
51:06.2,0.00052434
51:07.2,0.000534345
51:08.2,0.000520628
51:09.1,0.000514222
51:10.1,0.000514639
51:11.1,0.000527095
51:12.1,0.000524942
51:13.1,0.000525069
51:14.1,0.000537918
51:15.1,0.000551456
51:16.1,0.000518789
51:17.1,0.000492176
51:18.1,0.000489581
51:19.1,0.000484918
51:20.1,0.000476388
51:21.1,0.000489249
51:22.1,0.000482992
51:23.1,0.00049173
51:24.1,0.000494188
51:25.1,0.000503848
51:26.1,0.000506081
51:27.1,0.000509104
51:28.1,0.000492648
51:29.1,0.00049063
51:30.1,0.000491987
51:31.1,0.000483588
51:32.1,0.000485321
51:33.1,0.000491271
51:34.1,0.000497408
51:35.1,0.000494786
51:36.1,0.000488164
51:37.1,0.000477153
51:38.1,0.000485882
51:39.1,0.000507495
51:40.1,0.000498842
51:41.1,0.000501729
51:42.1,0.000490623
51:43.1,0.000491197
51:44.1,0.000489091
51:45.1,0.000494964
51:46.1,0.000486101
51:47.1,0.00049355
51:48.1,0.000495449
51:49.1,0.000489461
51:50.1,0.000479627
51:51.1,0.000487101
51:52.1,0.000483883
51:53.1,0.00048382
51:54.1,0.000482008
51:55.1,0.000472491
51:56.1,0.000476178
51:57.1,0.000484657
51:58.1,0.000496154
51:59.1,0.000497316
52:00.1,0.000499501
52:01.1,0.000496725
52:02.1,0.00050383
52:03.1,0.000502984
52:04.1,0.000489856
52:05.1,0.000484414
52:06.1,0.000489556
52:07.1,0.00050089
52:08.1,0.000500964
52:09.1,0.000504368
52:10.0,0.000505649
52:11.0,0.000506859
52:12.0,0.000500568
52:13.0,0.000496819
52:14.0,0.000497785
52:15.0,0.00049418
52:16.0,0.000480049
52:17.0,0.000477901
52:18.0,0.000490409
52:19.0,0.000503097
52:20.0,0.000507869
52:21.0,0.000508947
52:22.0,0.000513246
52:23.0,0.000510332
52:24.0,0.000508023
52:25.0,0.000490531
52:26.0,0.000494758
52:27.0,0.000493387
52:28.0,0.000491542
52:29.0,0.000500567
52:30.0,0.000505362
52:31.0,0.000507891
52:32.0,0.000504288
52:33.0,0.000485095
52:34.0,0.000481434
52:35.0,0.000474916
52:36.0,0.000471587
52:37.0,0.000459291
52:38.0,0.000469161
52:39.0,0.000475176
52:40.0,0.000468926
52:41.0,0.000467737
52:42.0,0.000467657
52:43.0,0.000461139
52:44.0,0.000462411
52:45.0,0.000476812
52:46.0,0.000478716
52:47.0,0.000473801
52:48.0,0.000463354
52:49.0,0.000459576
52:50.0,0.00045834
52:51.0,0.000449861
52:52.0,0.000459359
52:53.0,0.000463747
52:54.0,0.000463944
52:55.0,0.000458531
52:56.0,0.000446757
52:57.0,0.000455579
52:58.0,0.00045914
52:59.0,0.00044602
53:00.0,0.000445539
53:01.0,0.000444935
53:02.0,0.000445442
53:03.0,0.000442887
53:04.0,0.000447141
53:05.0,0.000440742
53:06.0,0.000449167
53:07.0,0.000464983
53:08.0,0.000450607
53:09.0,0.000448212
53:10.0,0.000449641
53:10.9,0.000446248
53:11.9,0.000446148
53:12.9,0.000443473
53:13.9,0.000449556
53:14.9,0.000464395
53:15.9,0.000464941
53:16.9,0.000471039
53:17.9,0.000467834
53:18.9,0.000464674
53:19.9,0.000458317
53:20.9,0.000463113
53:21.9,0.000459489
53:22.9,0.000435457
53:23.9,0.000444393
53:24.9,0.000446915
53:25.9,0.000444096
53:26.9,0.000452026
53:27.9,0.00045943
53:28.9,0.000456611
53:29.9,0.000448055
53:30.9,0.000438605
53:31.9,0.000441753
53:32.9,0.000451715
53:33.9,0.000454426
53:34.9,0.000448812
53:35.9,0.000450626
53:36.9,0.000449602
53:37.9,0.00044142
53:38.9,0.000441288
53:39.9,0.000454604
53:40.9,0.000458526
53:41.9,0.000460911
53:42.9,0.000456209
53:43.9,0.000449917
53:44.9,0.000444937
53:45.9,0.000444261
53:46.9,0.000451486
53:47.9,0.000453128
53:48.9,0.000451024
53:49.9,0.000451316
53:50.9,0.00045481
53:51.9,0.000460366
53:52.9,0.000454485
53:53.9,0.000456559
53:54.9,0.000474731
53:55.9,0.000477147
53:56.9,0.000480604
53:57.9,0.000469132
53:58.9,0.000460905
53:59.9,0.000465362
54:00.9,0.000467767
54:01.9,0.000461041
54:02.9,0.000464927
54:03.9,0.000469317
54:04.9,0.000467008
54:05.9,0.000465937
54:06.9,0.000471559
54:07.9,0.000476854
54:08.9,0.000476343
54:09.9,0.000472065
54:10.9,0.000465707
54:11.8,0.000461973
54:12.8,0.000469376
54:13.8,0.000470693
54:14.8,0.0004893
54:15.8,0.000490027
54:16.8,0.00049496
54:17.8,0.00048609
54:18.8,0.000481418
54:19.8,0.000482648
54:20.8,0.000476088
54:21.8,0.00047692
54:22.8,0.000485535
54:23.8,0.000487509
54:24.8,0.000487696
54:25.8,0.000475639
54:26.8,0.00047827
54:27.8,0.000486729
54:28.8,0.00049019
54:29.8,0.000480287
54:30.8,0.000482196
54:31.8,0.00048438
54:32.8,0.000486741
54:33.8,0.000484102
54:34.8,0.00047936
54:35.8,0.000488487
54:36.8,0.000489279
54:37.8,0.000480658
54:38.8,0.000472269
54:39.8,0.000481451
54:40.8,0.000480022
54:41.8,0.000481364
54:42.8,0.000475703
54:43.8,0.0004808
54:44.8,0.000480364
54:45.8,0.000488974
54:46.8,0.000489873
54:47.8,0.000495079
54:48.8,0.00049293
54:49.8,0.00048825
54:50.8,0.000492303
54:51.8,0.000489902
54:52.8,0.00048924
54:53.8,0.000494265
54:54.8,0.000501809
54:55.8,0.000484398
54:56.8,0.000476473
54:57.8,0.000473614
54:58.8,0.000478508
54:59.8,0.000474417
55:00.8,0.000472514
55:01.8,0.000463884
55:02.8,0.000466684
55:03.8,0.00047628
55:04.8,0.000468821
55:05.8,0.000472324
55:06.8,0.00050465
55:07.8,0.000498269
55:08.8,0.000499263
55:09.8,0.000514857
55:10.8,0.000517359
55:11.8,0.00051012
55:12.7,0.000503964
55:13.7,0.000511836
55:14.7,0.000533954
55:15.7,0.000524787
55:16.7,0.000526872
55:17.7,0.000535322
55:18.7,0.00052785
55:19.7,0.000524195
55:20.7,0.00054151
55:21.7,0.000550736
55:22.7,0.000547729
55:23.7,0.000547388
55:24.7,0.000554622
55:25.7,0.000550843
55:26.7,0.000544365
55:27.7,0.000538495
55:28.7,0.00054356
55:29.7,0.000544509
55:30.7,0.0005353
55:31.7,0.000532395
55:32.7,0.000542038
55:33.7,0.000541946
55:34.7,0.000534039
55:35.7,0.000537213
55:36.7,0.000548461
55:37.7,0.000549393
55:38.7,0.000546251
55:39.7,0.000543447
55:40.7,0.000542469
55:41.7,0.000537042
55:42.7,0.000529997
55:43.7,0.000539021
55:44.7,0.000548162
55:45.7,0.000548836
55:46.7,0.000544599
55:47.7,0.000540548
55:48.7,0.000546195
55:49.7,0.000534071
55:50.7,0.000536572
55:51.7,0.00054812
55:52.7,0.000560877
55:53.7,0.000560645
55:54.7,0.000553649
55:55.7,0.000553689
55:56.7,0.000554677
55:57.7,0.000554875
55:58.7,0.000548134
55:59.7,0.000542577
56:00.7,0.000537837
56:01.7,0.000528203
56:02.7,0.000536299
56:03.7,0.000536491
56:04.7,0.000542548
56:05.7,0.000549502
56:06.7,0.000541295
56:07.7,0.000519255
56:08.7,0.000520003
56:09.7,0.000501313
56:10.7,0.000500843
56:11.7,0.000508145
56:12.7,0.000519229
56:13.6,0.000514015
56:14.6,0.000510323
56:15.6,0.000513654
56:16.6,0.000517333
56:17.6,0.000522202
56:18.6,0.000526843
56:19.6,0.00051894
56:20.6,0.000509682
56:21.6,0.000496246
56:22.6,0.00049339
56:23.6,0.000501059
56:24.6,0.000491998
56:25.6,0.000499935
56:26.6,0.000504046
56:27.6,0.000508687
56:28.6,0.000504968
56:29.6,0.000501264
56:30.6,0.000495894
56:31.6,0.000501208
56:32.6,0.000504662
56:33.6,0.000504597
56:34.6,0.000505419
56:35.6,0.000505667
56:36.6,0.000495912
56:37.6,0.000497734
56:38.6,0.00049967
56:39.6,0.000502963
56:40.6,0.000507934
56:41.6,0.000512281
56:42.6,0.000510423
56:43.6,0.000499968
56:44.6,0.000502243
56:45.6,0.000513316
56:46.6,0.000520899
56:47.6,0.000511428
56:48.6,0.000500258
56:49.6,0.000497249
56:50.6,0.000502355
56:51.6,0.000498339
56:52.6,0.000498638
56:53.6,0.000505801
56:54.6,0
56:55.6,0.00024302
56:56.6,0.000226331
56:57.6,0.000241926
56:58.6,0.000236434
56:59.6,0.000232629
57:00.6,0.000235617
57:01.6,0.00025176
57:02.6,0.000256089
57:03.6,0.00023683
57:04.6,0.000236738
57:05.6,0.000239236
57:06.6,0.000243775
57:07.6,0.000243725
57:08.6,0.000236758
57:09.6,0.0002289
57:10.6,0.00022598
57:11.6,0.000236318
57:12.6,0.000234974
57:13.6,0.000238937
57:14.5,0.000237656
57:15.5,0.000239792
57:16.5,0.000240651
57:17.5,0.000242566
57:18.5,0.000244086
57:19.5,0.000239974
57:20.5,0.000231885
57:21.5,0.000232695
57:22.5,0.000227704
57:23.5,0.000228664
57:24.5,0.0002342
57:25.5,0.000233981
57:26.5,0.000234865
57:27.5,0.000229431
57:28.5,0.000231897
57:29.5,0.000237458
57:30.5,0.000242517
57:31.5,0.000239647
57:32.5,0.000229631
57:33.5,0.000226917
57:34.5,0.000232378
57:35.5,0.000228064
57:36.5,0.000225617
57:37.5,0.000226671
57:38.5,0.000235173
57:39.5,0.000229784
57:40.5,0.000255439
57:41.5,0.00025391
57:42.5,0.000256999
57:43.5,0.000263934
57:44.5,0.000254236
57:45.5,0.000250651
57:46.5,0.000253085
57:47.5,0.000259959
57:48.5,0.000266627
57:49.5,0.000258073
57:50.5,0.000236123
57:51.5,0.000228808
57:52.5,0.000231385
57:53.5,0.000237676
57:54.5,0.000253617
57:55.5,0.000248521
57:56.5,0.000241769
57:57.5,0.000243295
57:58.5,0.000264273
57:59.5,0.000273374
58:00.5,0.000264277
58:01.5,0.000259582
58:02.5,0.000269396
58:03.5,0.000258523
58:04.5,0.000259395
58:05.5,0.000262418
58:06.5,0.000266495
58:07.5,0.000264273
58:08.5,0.000264508
58:09.5,0.000276552
58:10.5,0.000265833
58:11.5,0.000250048
58:12.5,0.000249821
58:13.5,0.000250995
58:14.5,0.000258951
58:15.4,0.000256765
58:16.4,0.000262291
58:17.4,0.000256109
58:18.4,0.000253243
58:19.4,0.000254584
58:20.4,0.000256093
58:21.4,0.000249796
58:22.4,0.000243538
58:23.4,0.000244368
58:24.4,0.000247476
58:25.4,0.000243858
58:26.4,0.000237817
58:27.4,0.000248343
58:28.4,0.000257613
58:29.4,0.00026324
58:30.4,0.0002706
58:31.4,0.000269027
58:32.4,0.000262295
58:33.4,0.000260218
58:34.4,0.000257302
58:35.4,0.000260465
58:36.4,0.000265064
58:37.4,0.00026678
58:38.4,0.000269719
58:39.4,0.000275593
58:40.4,0.000278671
58:41.4,0.000281925
58:42.4,0.000287694
58:43.4,0.000287066
58:44.4,0.000289358
58:45.4,0.000288657
58:46.4,0.000282308
58:47.4,0.000274818
58:48.4,0.000285705
58:49.4,0.000283266
58:50.4,0.000280273
58:51.4,0.000284477
58:52.4,0.000286831
58:53.4,0.000285394
58:54.4,0.000252224
58:55.4,0.000246967
58:56.4,0.000259279
58:57.4,0.000264306
58:58.4,0.000265592
58:59.4,0.00024833
59:00.4,0.000239046
59:01.4,0.000241213
59:02.4,0.000243107
59:03.4,0.000251814
59:04.4,0.000251019
59:05.4,0.000245441
59:06.4,0.000245417
59:07.4,0.000250751
59:08.4,0.000254633
59:09.4,0.000254137
59:10.4,0.000252701
59:11.4,0.000250107
59:12.4,0.000252289
59:13.4,0.000254676
59:14.4,0.000248484
59:15.4,0.000228231
59:16.4,0.000228947
59:17.3,0.000231533
59:18.3,0.000229194
59:19.3,0.000233054
59:20.3,0.000234947
59:21.3,0.000237282
59:22.3,0.000230656
59:23.3,0.000231078
59:24.3,0.00023248
59:25.3,0.000236935
59:26.3,0.000233842
59:27.3,0.000218247
59:28.3,0.000209298
59:29.3,0.000217533
59:30.3,0.000232031
59:31.3,0.000240238
59:32.3,0.000234486
59:33.3,0.000232383
59:34.3,0.000227698
59:35.3,0.000230356
59:36.3,0.000237426
59:37.3,0.000231412
59:38.3,0.000224449
59:39.3,0.000248747
59:40.3,0.00026821
59:41.3,0.000288075
59:42.3,0.000268266
59:43.3,0.000263114
59:44.3,0.000267763
59:45.3,0.000268694
59:46.3,0.000273681
59:47.3,0.00027591
59:48.3,0.000277787
59:49.3,0.000275732
59:50.3,0.000269326
59:51.3,0.000262819
59:52.3,0.000260538
59:53.3,0.000263589
59:54.3,0.000269389
59:55.3,0.000266754
59:56.3,0.000266804
59:57.3,0.000261949
59:58.3,0.000269766
59:59.3,0.000278451
00:00.3,0.000272139
00:01.3,0.000271267
00:02.3,0.000263247
00:03.3,0.000261148
00:04.3,0.000263529
00:05.3,0.000263449
00:06.3,0.000269383
00:07.3,0.000272321
00:08.3,0.000266848
00:09.3,0.000264673
00:10.3,0.000264573
00:11.3,0.000259251
00:12.3,0.000260619
00:13.3,0.000258884
00:14.3,0.000263552
00:15.3,0.000261273
00:16.3,0.000265258
00:17.3,0.000257392
00:18.2,0.000259731
00:19.2,0.000260561
00:20.2,0.000267877
00:21.2,0.000285779
00:22.2,0.000289279
00:23.2,0.000280883
00:24.2,0.000278503
00:25.2,0.00026911
00:26.2,0.000270513
00:27.2,0.000276132
00:28.2,0.000263223
00:29.2,0.000271238
00:30.2,0.000276787
00:31.2,0.000273853
00:32.2,0.000277143
00:33.2,0.000274686
00:34.2,0.000265495
00:35.2,0.000262612
00:36.2,0.000250043
00:37.2,0.0002537
00:38.2,0.000266921
00:39.2,0.000279742
00:40.2,0.000265543
00:41.2,0.000265687
00:42.2,0.000264686
00:43.2,0.000270723
00:44.2,0.000268323
00:45.2,0.000260452
00:46.2,0.000261285
00:47.2,0.000274156
00:48.2,0.000268456
00:49.2,0.000271505
00:50.2,0.000272325
00:51.2,0.000274035
00:52.2,0.00027188
00:53.2,0.000262078
00:54.2,0.000265399
00:55.2,0.000265816
00:56.2,0.000270858
00:57.2,0.000273036
00:58.2,0.000270362
00:59.2,0.000259517
01:00.2,0.000261142
01:01.2,0.000254459
01:02.2,0.000266289
01:03.2,0.000272533
01:04.2,0.000265048
01:05.2,0.000273163
01:06.2,0.000257588
01:07.2,0.0002558
01:08.2,0.000253977
01:09.2,0.000258671
01:10.2,0.000270801
01:11.2,0.000263518
01:12.2,0.000279372
01:13.2,0.000281357
01:14.2,0.000267753
01:15.2,0.000261353
01:16.2,0.000268143
01:17.2,0.000273672
01:18.2,0.000270802
01:19.1,0.000265935
01:20.1,0.00026276
01:21.1,0.000255495
01:22.1,0.000264552
01:23.1,0.000270087
01:24.1,0.000263952
01:25.1,0.000273438
01:26.1,0.000267825
01:27.1,0.000260813
01:28.1,0.000261007
01:29.1,0.000256865
01:30.1,0.000267218
01:31.1,0.000269693
01:32.1,0.000268323
01:33.1,0.000258848
01:34.1,0.000258904
01:35.1,0.000263439
01:36.1,0.000265379
01:37.1,0.000270835
01:38.1,0.000262941
01:39.1,0.000265761
01:40.1,0.000268625
01:41.1,0.000285153
01:42.1,0.000292289
01:43.1,0.000281506
01:44.1,0.00027352
01:45.1,0.000274492
01:46.1,0.000269503
01:47.1,0.000269528
01:48.1,0.000271229
01:49.1,0.000271491
01:50.1,0.000269838
01:51.1,0.000273815
01:52.1,0.000276302
01:53.1,0.000277177
01:54.1,0.000273317
01:55.1,0.000264844
01:56.1,0.000260632
01:57.1,0.00026105
01:58.1,0.000264468
01:59.1,0.000266589
02:00.1,0.000274653
02:01.1,0.000284446
02:02.1,0.00027855
02:03.1,0.000291313
02:04.1,0.000293005
02:05.1,0.000295366
02:06.1,0.000291116
02:07.1,0.000287315
02:08.1,0.000289714
02:09.1,0.000296955
02:10.1,0.000291542
02:11.1,0.000273416
02:12.1,0.000261083
02:13.1,0.000266806
02:14.1,0.000279855
02:15.1,0.0002763
02:16.1,0.000271636
02:17.1,0.000281373
02:18.1,0.000284637
02:19.1,0.000281068
02:20.0,0.000285038
02:21.0,0.00028014
02:22.0,0.000284602
02:23.0,0.000281967
02:24.0,0.00027628
02:25.0,0.000276776
02:26.0,0.000274172
02:27.0,0.000271164
02:28.0,0.000274957
02:29.0,0.000282152
02:30.0,0.000281778
02:31.0,0.0002882
02:32.0,0.000293541
02:33.0,0.000285367
02:34.0,0.000278147
02:35.0,0.000275113
02:36.0,0.000276745
02:37.0,0.00029281
02:38.0,0.000291466
02:39.0,0.000286893
02:40.0,0.000275293
02:41.0,0.000270183
02:42.0,0.000273822
02:43.0,0.000283115
02:44.0,0.000281835
02:45.0,0.000275775
02:46.0,0.000272891
02:47.0,0.000268677
02:48.0,0.000288017
02:49.0,0.000288835
02:50.0,0.000289037
02:51.0,0.00028406
02:52.0,0.000284659
02:53.0,0.000290938
02:54.0,0.000286648
02:55.0,0.00029111
02:56.0,0.000287892
02:57.0,0.00028234
02:58.0,0.000278639
02:59.0,0.00028358
03:00.0,0.000286668
03:01.0,0.000279232
03:02.0,0.000283383
03:03.0,0.000288859
03:04.0,0.000286163
03:05.0,0.000285392
03:06.0,0.00028244
03:07.0,0.000281746
03:08.0,0.000296714
03:09.0,0.000297253
03:10.0,0.000288619
03:11.0,0.000279536
03:12.0,0.000278232
03:13.0,0.000276875
03:14.0,0.000283721
03:15.0,0.00028864
03:16.0,0.000295136
03:17.0,0.000294941
03:18.0,0.000283693
03:19.0,0.00027829
03:20.0,0.000275936
03:20.9,0.000273349
03:21.9,0.000285329
03:22.9,0.000289616
03:23.9,0.00028283
03:24.9,0.000283415
03:25.9,0.000287217
03:26.9,0.000284515
03:27.9,0.000276017
03:28.9,0.000275423
03:29.9,0.00028148
03:30.9,0.000292773
03:31.9,0.000297672
03:32.9,0.000288981
03:33.9,0.000282105
03:34.9,0.000283713
03:35.9,0.000287843
03:36.9,0.000293212
03:37.9,0.000283429
03:38.9,0.000286355
03:39.9,0.000279458
03:40.9,0.0002808
03:41.9,0.000288164
03:42.9,0.000286673
03:43.9,0.000285009
03:44.9,0.000292569
03:45.9,0.000284116
03:46.9,0.00028228
03:47.9,0.000277796
03:48.9,0.000289099
03:49.9,0.000295013
03:50.9,0.000291041
03:51.9,0.000277423
03:52.9,0.000277349
03:53.9,0.000284081
03:54.9,0.000295294
03:55.9,0.000298194
03:56.9,0.000284419
03:57.9,0.000281959
03:58.9,0.000280284
03:59.9,0.000286543
04:00.9,0.000277613
04:01.9,0.000278468
04:02.9,0.00029305
04:03.9,0.000284839
04:04.9,0.00027075
04:05.9,0.00028137
04:06.9,0.000279779
04:07.9,0.000285534
04:08.9,0.000296173
04:09.9,0.00030383
04:10.9,0.000293679
04:11.9,0.000286383
04:12.9,0.000289746
04:13.9,0.000287774
04:14.9,0.000287381
04:15.9,0.0002819
04:16.9,0.000286238
04:17.9,0.000294689
04:18.9,0.000303897
04:19.9,0.000295384
04:20.9,0.000284499
04:21.8,0.000269668
04:22.8,0.00027974
04:23.8,0.000282854
04:24.8,0.000273399
04:25.8,0.000273382
04:26.8,0.000272935
04:27.8,0.000274378
04:28.8,0.000282754
04:29.8,0.000282819
04:30.8,0.000283136
04:31.8,0.000285494
04:32.8,0.00028216
04:33.8,0.000277063
04:34.8,0.000269518
04:35.8,0.000279377
04:36.8,0.000290262
04:37.8,0.0002957
04:38.8,0.000301355
04:39.8,0.000296886
04:40.8,0.000294392
04:41.8,0.000291694
04:42.8,0.000284257
04:43.8,0.000289499
04:44.8,0.000294663
04:45.8,0.000287404
04:46.8,0.000290032
04:47.8,0.000295998
04:48.8,0.00028942
04:49.8,0.000280921
04:50.8,0.000282013
04:51.8,0.000267311
04:52.8,0.000256892
04:53.8,0.000255124
04:54.8,0.000253989
04:55.8,0.00024796
04:56.8,0.000257023
04:57.8,0.000257934
04:58.8,0.000251914
04:59.8,0.000248256
05:00.8,0.000241766
05:01.8,0.000239521
05:02.8,0.000228547
05:03.8,0.000235215
05:04.8,0.000242678
05:05.8,0.000253503
05:06.8,0.000247985
05:07.8,0.000254103
05:08.8,0.000263922
05:09.8,0.000256831
05:10.8,0.000251451
05:11.8,0.00025345
05:12.8,0.000252857
05:13.8,0.000253859
05:14.8,0.000253522
05:15.8,0.000253437
05:16.8,0.000254619
05:17.8,0.000247607
05:18.8,0.000257987
05:19.8,0.000256462
05:20.8,0.000268379
05:21.8,0.000257366
05:22.7,0.000248624
05:23.7,0.000254179
05:24.7,0.000252245
05:25.7,0.000256872
05:26.7,0.000256071
05:27.7,0.000259996
05:28.7,0.000257788
05:29.7,0.000260628
05:30.7,0.000255023
05:31.7,0.000248019
05:32.7,0.000252273
05:33.7,0.000254282
05:34.7,0.000246313
05:35.7,0.000247102
05:36.7,0.000259992
05:37.7,0.000263644
05:38.7,0.000260306
05:39.7,0.000269687
05:40.7,0.000274673
05:41.7,0.000286147
05:42.7,0.000293464
05:43.7,0.000282015
05:44.7,0.000272079
05:45.7,0.000267227
05:46.7,0.000278502
05:47.7,0.00027559
05:48.7,0.000277027
05:49.7,0.000280446
05:50.7,0.000281441
05:51.7,0.000294712
05:52.7,0.000293187
05:53.7,0.000284106
05:54.7,0.000285089
05:55.7,0.000282072
05:56.7,0.000282495
05:57.7,0.000281431
05:58.7,0.000287268
05:59.7,0.000280039
06:00.7,0.000275351
06:01.7,0.000279219
06:02.7,0.000276715
06:03.7,0.000283721
06:04.7,0.000286278
06:05.7,0.000267238
06:06.7,0.000265864
06:07.7,0.000273391
06:08.7,0.000293404
06:09.7,0.000294795
06:10.7,0.000285562
06:11.7,0.000280723
06:12.7,0.000283538
06:13.7,0.000278348
06:14.7,0.000287968
06:15.7,0.000292516
06:16.7,0.000289555
06:17.7,0.000281032
06:18.7,0.000280809
06:19.7,0.000281928
06:20.7,0.000277756
06:21.7,0.000272314
06:22.7,0.000272565
06:23.6,0.000279539
06:24.6,0.000285608
06:25.6,0.000289308
06:26.6,0.000285554
06:27.6,0.000279666
06:28.6,0.000279082
06:29.6,0.000276578
06:30.6,0.000275044
06:31.6,0.000279119
06:32.6,0.000282183
06:33.6,0.0002823
06:34.6,0.000281019
06:35.6,0.00028123
06:36.6,0.000280838
06:37.6,0.000285532
06:38.6,0.000275515
06:39.6,0.000273568
06:40.6,0.000289421
06:41.6,0.00028303
06:42.6,0.000279318
06:43.6,0.000276049
06:44.6,0.000267754
06:45.6,0.000268713
06:46.6,0.000281892
06:47.6,0.000282472
06:48.6,0.000281504
06:49.6,0.000279712
06:50.6,0.000279795
06:51.6,0.000277345
06:52.6,0.000279778
06:53.6,0.000274086
06:54.6,0
06:55.6,0.000663276
06:56.6,0.000600181
06:57.6,0.000602942
06:58.6,0.000601913
06:59.6,0.000608791
07:00.6,0.000613346
07:01.6,0.000615729
07:02.6,0.000616573
07:03.6,0.000610056
07:04.6,0.000609204
07:05.6,0.000610454
07:06.6,0.000609265
07:07.6,0.000606919
07:08.6,0.000606847
07:09.6,0.000607753
07:10.6,0.000607322
07:11.6,0.000610274
07:12.6,0.000612275
07:13.6,0.000609302
07:14.6,0.00061
07:15.6,0.000610907
07:16.6,0.000610721
07:17.6,0.000595915
07:18.6,0.000602797
07:19.6,0.000607212
07:20.6,0.000606484
07:21.6,0.000612579
07:22.6,0.000616535
07:23.6,0.000617157
07:24.5,0.00060685
07:25.5,0.000598578
07:26.5,0.000598341
07:27.5,0.000603593
07:28.5,0.00060709
07:29.5,0.000604387
07:30.5,0.000605015
07:31.5,0.000619021
07:32.5,0.00062377
07:33.5,0.000624269
07:34.5,0.000609621
07:35.5,0.000608593
07:36.5,0.000604093
07:37.5,0.00059848
07:38.5,0.000601314
07:39.5,0.0006083
07:40.5,0.000616272
07:41.5,0.000620123
07:42.5,0.000617996
07:43.5,0.000609952
07:44.5,0.000604947
07:45.5,0.000617749
07:46.5,0.000614695
07:47.5,0.000608825
07:48.5,0.000608307
07:49.5,0.000604414
07:50.5,0.000605514
07:51.5,0.000607234
07:52.5,0.000605604
07:53.5,0.000611077
07:54.5,0.000610248
07:55.5,0.000617721
07:56.5,0.000613635
07:57.5,0.000602878
07:58.5,0.000604466
07:59.5,0.000597644
08:00.5,0.000595203
08:01.5,0.000593552
08:02.5,0.000606725
08:03.5,0.000606507
08:04.5,0.000599458
08:05.5,0.000596211
08:06.5,0.000599179
08:07.5,0.00059727
08:08.5,0.000600763
08:09.5,0.000598031
08:10.5,0.000598172
08:11.5,0.000598533
08:12.5,0.000600112
08:13.5,0.000608318
08:14.5,0.000598825
08:15.5,0.000594701
08:16.5,0.000602579
08:17.5,0.000608322
08:18.5,0.0006008
08:19.5,0.000597747
08:20.5,0.00061376
08:21.5,0.000611927
08:22.5,0.000613063
08:23.5,0.000615501
08:24.5,0.000615734
08:25.5,0.000612201
08:26.4,0.000604501
08:27.4,0.000611655
08:28.4,0.000616666
08:29.4,0.000623477
08:30.4,0.000624397
08:31.4,0.000625645
08:32.4,0.000620811
08:33.4,0.000617914
08:34.4,0.000618588
08:35.4,0.000622394
08:36.4,0.000621502
08:37.4,0.000614911
08:38.4,0.000606554
08:39.4,0.000605219
08:40.4,0.000610089
08:41.4,0.000622737
08:42.4,0.000625407
08:43.4,0.000626256
08:44.4,0.000619232
08:45.4,0.000616851
08:46.4,0.000623216
08:47.4,0.000615406
08:48.4,0.000611726
08:49.4,0.000616275
08:50.4,0.000612242
08:51.4,0.00061733
08:52.4,0.000633518
08:53.4,0.00063312
08:54.4,0.000629398
08:55.4,0.00061588
08:56.4,0.000587482
08:57.4,0.000593896
08:58.4,0.000599095
08:59.4,0.000598071
09:00.4,0.000585688
09:01.4,0.00059607
09:02.4,0.00059715
09:03.4,0.000594603
09:04.4,0.000594115
09:05.4,0.000603418
09:06.4,0.000594883
09:07.4,0.000587975
09:08.4,0.000590126
09:09.4,0.000591928
09:10.4,0.000603167
09:11.4,0.000603261
09:12.4,0.000605866
09:13.4,0.000608593
09:14.4,0.000606013
09:15.4,0.000605082
09:16.4,0.000594856
09:17.4,0.000587157
09:18.4,0.000594119
09:19.4,0.000595052
09:20.4,0.000592206
09:21.4,0.000588044
09:22.4,0.000594188
09:23.4,0.000594847
09:24.4,0.000587346
09:25.4,0.000591833
09:26.4,0.000585148
09:27.3,0.000580336
09:28.3,0.00057815
09:29.3,0.00058084
09:30.3,0.000577942
09:31.3,0.000581466
09:32.3,0.000584092
09:33.3,0.0005832
09:34.3,0.000582322
09:35.3,0.000580882
09:36.3,0.000584013
09:37.3,0.000586476
09:38.3,0.000589632
09:39.3,0.000580807
09:40.3,0.000575088
09:41.3,0.000578407
09:42.3,0.000573331
09:43.3,0.000578362
09:44.3,0.00058398
09:45.3,0.000567114
09:46.3,0.000575393
09:47.3,0.000599683
09:48.3,0.000608881
09:49.3,0.000606181
09:50.3,0.000603177
09:51.3,0.000604738
09:52.3,0.000593436
09:53.3,0.000586731
09:54.3,0.000599003
09:55.3,0.00060492
09:56.3,0.000599705
09:57.3,0.000596609
09:58.3,0.000595488
09:59.3,0.000601243
10:00.3,0.000597502
10:01.3,0.000599532
10:02.3,0.000597259
10:03.3,0.000595351
10:04.3,0.000600163
10:05.3,0.000600607
10:06.3,0.000603075
10:07.3,0.000605812
10:08.3,0.000597426
10:09.3,0.000592632
10:10.3,0.000586641
10:11.3,0.000589352
10:12.3,0.000602966
10:13.3,0.000608291
10:14.3,0.000597447
10:15.3,0.000598384
10:16.3,0.000599858
10:17.3,0.000595316
10:18.3,0.000599914
10:19.3,0.000599371
10:20.3,0.00060012
10:21.3,0.000599055
10:22.3,0.00059832
10:23.3,0.00060084
10:24.3,0.000596541
10:25.3,0.000594217
10:26.3,0.000587063
10:27.3,0.00058782
10:28.2,0.000584681
10:29.2,0.000588937
10:30.2,0.000587067
10:31.2,0.000580252
10:32.2,0.000577834
10:33.2,0.000583398
10:34.2,0.000588125
10:35.2,0.000588061
10:36.2,0.000581208
10:37.2,0.000580578
10:38.2,0.000578226
10:39.2,0.000587865
10:40.2,0.000589951
10:41.2,0.000584929
10:42.2,0.000581671
10:43.2,0.000579162
10:44.2,0.000586384
10:45.2,0.000588733
10:46.2,0.000585055
10:47.2,0.000579071
10:48.2,0.00057846
10:49.2,0.000583232
10:50.2,0.000587477
10:51.2,0.000582522
10:52.2,0.000585119
10:53.2,0.000583992
10:54.2,0.0005863
10:55.2,0.000589081
10:56.2,0.000586621
10:57.2,0.000581651
10:58.2,0.000587238
10:59.2,0.000589745
11:00.2,0.000593402
11:01.2,0.000588688
11:02.2,0.000592513
11:03.2,0.000591114
11:04.2,0.000589514
11:05.2,0.00059018
11:06.2,0.000588633
11:07.2,0.000589575
11:08.2,0.000577916
11:09.2,0.000577009
11:10.2,0.000575251
11:11.2,0.000569139
11:12.2,0.000566786
11:13.2,0.00057056
11:14.2,0.000581307
11:15.2,0.000587949
11:16.2,0.000584266
11:17.2,0.000586088
11:18.2,0.000581789
11:19.2,0.000583316
11:20.2,0.000580656
11:21.2,0.000577212
11:22.2,0.000579111
11:23.2,0.000584397
11:24.2,0.00058411
11:25.2,0.000583956
11:26.2,0.000594576
11:27.2,0.000595435
11:28.2,0.000589324
11:29.1,0.000581291
11:30.1,0.000576158
11:31.1,0.000575887
11:32.1,0.00057585
11:33.1,0.000578838
11:34.1,0.000581833
11:35.1,0.000577164
11:36.1,0.000574032
11:37.1,0.000576954
11:38.1,0.000575423
11:39.1,0.000586755
11:40.1,0.000600654
11:41.1,0.000613917
11:42.1,0.000609248
11:43.1,0.000607007
11:44.1,0.000596186
11:45.1,0.000593329
11:46.1,0.000587793
11:47.1,0.000591119
11:48.1,0.000592267
11:49.1,0.000603684
11:50.1,0.000603361
11:51.1,0.000604008
11:52.1,0.000606746
11:53.1,0.000606975
11:54.1,0.000605
11:55.1,0.000604438
11:56.1,0.000601117
11:57.1,0.000610137
11:58.1,0.000610934
11:59.1,0.000608724
12:00.1,0.00060432
12:01.1,0.000596803
12:02.1,0.000592737
12:03.1,0.000591339
12:04.1,0.000601362
12:05.1,0.000602714
12:06.1,0.000599921
12:07.1,0.00059859
12:08.1,0.000608684
12:09.1,0.00061133
12:10.1,0.000612064
12:11.1,0.000610042
12:12.1,0.000605424
12:13.1,0.000604681
12:14.1,0.000605542
12:15.1,0.000616084
12:16.1,0.000621207
12:17.1,0.00062193
12:18.1,0.000626201
12:19.1,0.000624866
12:20.1,0.000615905
12:21.1,0.000614992
12:22.1,0.000607361
12:23.1,0.000598009
12:24.1,0.000607474
12:25.1,0.000611472
12:26.1,0.000607767
12:27.1,0.000612126
12:28.1,0.000609336
12:29.1,0.00060406
12:30.0,0.000609097
12:31.0,0.000606044
12:32.0,0.000605355
12:33.0,0.00061272
12:34.0,0.000607501
12:35.0,0.000605088
12:36.0,0.000599191
12:37.0,0.000604226
12:38.0,0.000606984
12:39.0,0.000600334
12:40.0,0.000595969
12:41.0,0.000595405
12:42.0,0.000589116
12:43.0,0.000591596
12:44.0,0.000592267
12:45.0,0.000594228
12:46.0,0.000583807
12:47.0,0.000580783
12:48.0,0.000582345
12:49.0,0.000564374
12:50.0,0.000549717
12:51.0,0.000555152
12:52.0,0.000549389
12:53.0,0.000556877
12:54.0,0.000570014
12:55.0,0.000569176
12:56.0,0.000566577
12:57.0,0.000563222
12:58.0,0.000566934
12:59.0,0.000568149
13:00.0,0.000556903
13:01.0,0.00056029
13:02.0,0.000570669
13:03.0,0.000571532
13:04.0,0.000570935
13:05.0,0.000574842
13:06.0,0.000575601
13:07.0,0.00057463
13:08.0,0.000571021
13:09.0,0.000581061
13:10.0,0.000578838
13:11.0,0.000573956
13:12.0,0.000573603
13:13.0,0.000574944
13:14.0,0.000569134
13:15.0,0.000566643
13:16.0,0.000571568
13:17.0,0.0005689
13:18.0,0.000567996
13:19.0,0.000570233
13:20.0,0.000566618
13:21.0,0.000555312
13:22.0,0.000562018
13:23.0,0.000561836
13:24.0,0.000561537
13:25.0,0.000563276
13:26.0,0.000564102
13:27.0,0.000563673
13:28.0,0.00055659
13:29.0,0.000558767
13:30.0,0.000561807
13:30.9,0.000566442
13:31.9,0.00057066
13:32.9,0.000581346
13:33.9,0.000583846
13:34.9,0.000589207
13:35.9,0.000592472
13:36.9,0.000593027
13:37.9,0.000580421
13:38.9,0.00057369
13:39.9,0.000570158
13:40.9,0.000578222
13:41.9,0.000579128
13:42.9,0.000579029
13:43.9,0.000583305
13:44.9,0.000579737
13:45.9,0.00058626
13:46.9,0.000581616
13:47.9,0.000577332
13:48.9,0.000572
13:49.9,0.000573266
13:50.9,0.000576973
13:51.9,0.000596661
13:52.9,0.000595321
13:53.9,0.00058005
13:54.9,0.0005751
13:55.9,0.000576574
13:56.9,0.000575944
13:57.9,0.000578822
13:58.9,0.000582578
13:59.9,0.000574567
14:00.9,0.000575407
14:01.9,0.000579849
14:02.9,0.000585735
14:03.9,0.000580284
14:04.9,0.000576085
14:05.9,0.000581509
14:06.9,0.000579077
14:07.9,0.000579936
14:08.9,0.000582276
14:09.9,0.000588873
14:10.9,0.000588366
14:11.9,0.000587101
14:12.9,0.000582256
14:13.9,0.000585409
14:14.9,0.000580173
14:15.9,0.000579145
14:16.9,0.000577731
14:17.9,0.000581341
14:18.9,0.000582959
14:19.9,0.000581666
14:20.9,0.00058443
14:21.9,0.00057573
14:22.9,0.00057584
14:23.9,0.000573575
14:24.9,0.000575101
14:25.9,0.000579006
14:26.9,0.000575706
14:27.9,0.000571792
14:28.9,0.000565137
14:29.9,0.00056788
14:30.9,0.000572702
14:31.8,0.000566454
14:32.8,0.000569497
14:33.8,0.000575012
14:34.8,0.000573657
14:35.8,0.000573142
14:36.8,0.000575835
14:37.8,0.00058622
14:38.8,0.000579666
14:39.8,0.000579725
14:40.8,0.000589423
14:41.8,0.000585799
14:42.8,0.0005858
14:43.8,0.000585742
14:44.8,0.000583743
14:45.8,0.000591651
14:46.8,0.000595508
14:47.8,0.000596802
14:48.8,0.000585535
14:49.8,0.000578039
14:50.8,0.000580797
14:51.8,0.000588805
14:52.8,0.000579281
14:53.8,0.00058312
14:54.8,0.000592344
14:55.8,0.00058824
14:56.8,0.000589122
14:57.8,0.000588513
14:58.8,0.000590544
14:59.8,0.000594634
15:00.8,0.000586607
15:01.8,0.000580342
15:02.8,0.000588336
15:03.8,0.000589347
15:04.8,0.000594436
15:05.8,0.000599334
15:06.8,0.000602947
15:07.8,0.000590256
15:08.8,0.000597144
15:09.8,0.00059742
15:10.8,0.000588227
15:11.8,0.000589039
15:12.8,0.000586869
15:13.8,0.000595847
15:14.8,0.000590302
15:15.8,0.000585491
15:16.8,0.000591115
15:17.8,0.000590451
15:18.8,0.000599452
15:19.8,0.000602975
15:20.8,0.000604562
15:21.8,0.000608451
15:22.8,0.000611359
15:23.8,0.000601465
15:24.8,0.000590724
15:25.8,0.000569493
15:26.8,0.00056381
15:27.8,0.000566714
15:28.8,0.000569532
15:29.8,0.000561058
15:30.8,0.000558499
15:31.8,0.000551403
15:32.7,0.000553288
15:33.7,0.00055611
15:34.7,0.000563937
15:35.7,0.000580117
15:36.7,0.00057693
15:37.7,0.000574163
15:38.7,0.000586641
15:39.7,0.000589007
15:40.7,0.000584747
15:41.7,0.000578758
15:42.7,0.000579149
15:43.7,0.000580881
15:44.7,0.000580918
15:45.7,0.000580421
15:46.7,0.000578371
15:47.7,0.000573421
15:48.7,0.000575226
15:49.7,0.000583635
15:50.7,0.000588058
15:51.7,0.000581897
15:52.7,0.000573745
15:53.7,0.000586189
15:54.7,0.000594209
15:55.7,0.000589349
15:56.7,0.000582953
15:57.7,0.000591219
15:58.7,0.000585453
15:59.7,0.000588692
16:00.7,0.000584378
16:01.7,0.000581366
16:02.7,0.000568664
16:03.7,0.000572793
16:04.7,0.000585653
16:05.7,0.000582247
16:06.7,0.000583098
16:07.7,0.00057132
16:08.7,0.000577114
16:09.7,0.000584363
16:10.7,0.0005822
16:11.7,0.000581587
16:12.7,0.000576085
16:13.7,0.000574612
16:14.7,0.00057933
16:15.7,0.000575983
16:16.7,0.000592236
16:17.7,0.00059664
16:18.7,0.000595501
16:19.7,0.000593851
16:20.7,0.000576044
16:21.7,0.000583842
16:22.7,0.000591763
16:23.7,0.000590008
16:24.7,0.000590936
16:25.7,0.000602618
16:26.7,0.000605907
16:27.7,0.000612928
16:28.7,0.000613212
16:29.7,0.000598471
16:30.7,0.000593938
16:31.7,0.000596568
16:32.7,0.000585609
16:33.7,0.000592744
16:34.6,0.000592161
16:35.6,0.000580883
16:36.6,0.00056674
16:37.6,0.000557549
16:38.6,0.000561742
16:39.6,0.000561102
16:40.6,0.000571347
16:41.6,0.000564912
16:42.6,0.000561109
16:43.6,0.000555112
16:44.6,0.000548215
16:45.6,0.000537694
16:46.6,0.000546883
16:47.6,0.00054852
16:48.6,0.00054687
16:49.6,0.000523699
16:50.6,0.000514244
16:51.6,0.000521775
16:52.6,0.000519303
16:53.6,0.000514682
16:54.6,0
16:55.6,0.000823498
16:56.6,0.000747948
16:57.6,0.000762272
16:58.6,0.00076316
16:59.6,0.00077136
17:00.6,0.000770219
17:01.6,0.00077488
17:02.6,0.000772765
17:03.6,0.000769053
17:04.6,0.000763915
17:05.6,0.00077592
17:06.6,0.000769193
17:07.6,0.000765729
17:08.6,0.000766779
17:09.6,0.000770162
17:10.6,0.000756998
17:11.6,0.000759798
17:12.6,0.000762551
17:13.6,0.000757889
17:14.6,0.000764589
17:15.6,0.00076515
17:16.6,0.000756236
17:17.6,0.000754292
17:18.6,0.000760661
17:19.6,0.000759625
17:20.6,0.000766662
17:21.6,0.000771301
17:22.6,0.000777665
17:23.6,0.000773882
17:24.6,0.000766795
17:25.6,0.000773594
17:26.6,0.000778419
17:27.6,0.000765953
17:28.6,0.00075506
17:29.6,0.000752747
17:30.6,0.000758699
17:31.6,0.000761755
17:32.6,0.000765251
17:33.6,0.000770359
17:34.6,0.000765778
17:35.5,0.000772285
17:36.5,0.000765556
17:37.5,0.000753509
17:38.5,0.000755842
17:39.5,0.000760744
17:40.5,0.000754553
17:41.5,0.000768641
17:42.5,0.000776405
17:43.5,0.000776363
17:44.5,0.000765388
17:45.5,0.000756836
17:46.5,0.000761673
17:47.5,0.000762098
17:48.5,0.000765628
17:49.5,0.000767605
17:50.5,0.00077623
17:51.5,0.000765583
17:52.5,0.000765424
17:53.5,0.000766119
17:54.5,0.0007649
17:55.5,0.000766305
17:56.5,0.000767576
17:57.5,0.000748675
17:58.5,0.000753861
17:59.5,0.000766697
18:00.5,0.000773105
18:01.5,0.000763907
18:02.5,0.000769454
18:03.5,0.00077798
18:04.5,0.000765739
18:05.5,0.000754956
18:06.5,0.000757412
18:07.5,0.000754007
18:08.5,0.000762449
18:09.5,0.000777993
18:10.5,0.000782322
18:11.5,0.000778209
18:12.5,0.000772183
18:13.5,0.000756567
18:14.5,0.00076458
18:15.5,0.000769398
18:16.5,0.000768321
18:17.5,0.000765629
18:18.5,0.000760817
18:19.5,0.000761924
18:20.5,0.000773605
18:21.5,0.000768523
18:22.5,0.000758192
18:23.5,0.000761906
18:24.5,0.000770112
18:25.5,0.000774157
18:26.5,0.000760749
18:27.5,0.00076334
18:28.5,0.0007564
18:29.5,0.000759313
18:30.5,0.000763024
18:31.5,0.000764039
18:32.5,0.000770816
18:33.5,0.000772585
18:34.5,0.000765043
18:35.5,0.000759295
18:36.4,0.000760459
18:37.4,0.000764824
18:38.4,0.000758421
18:39.4,0.000763291
18:40.4,0.000767488
18:41.4,0.000778816
18:42.4,0.000780456
18:43.4,0.000759968
18:44.4,0.000767208
18:45.4,0.000773445
18:46.4,0.000770678
18:47.4,0.000765661
18:48.4,0.000769397
18:49.4,0.000769313
18:50.4,0.00077181
18:51.4,0.000765045
18:52.4,0.000753232
18:53.4,0.00075017
18:54.4,0.000761856
18:55.4,0.000754908
18:56.4,0.000756315
18:57.4,0.000755108
18:58.4,0.000762868
18:59.4,0.000773803
19:00.4,0.000777435
19:01.4,0.000773229
19:02.4,0.000766958
19:03.4,0.000754147
19:04.4,0.000764304
19:05.4,0.000776345
19:06.4,0.00077771
19:07.4,0.000760789
19:08.4,0.00076168
19:09.4,0.000765931
19:10.4,0.000762272
19:11.4,0.000753668
19:12.4,0.00075869
19:13.4,0.000756448
19:14.4,0.00076179
19:15.4,0.000771082
19:16.4,0.000765737
19:17.4,0.000769438
19:18.4,0.000751472
19:19.4,0.00074439
19:20.4,0.000761212
19:21.4,0.000767617
19:22.4,0.000769323
19:23.4,0.000769479
19:24.4,0.000762844
19:25.4,0.000760649
19:26.4,0.000771329
19:27.4,0.000779231
19:28.4,0.000777554
19:29.4,0.000769498
19:30.4,0.000752662
19:31.4,0.000744002
19:32.4,0.000755462
19:33.4,0.000762853
19:34.4,0.000764318
19:35.4,0.000761732
19:36.4,0.000772968
19:37.3,0.000774971
19:38.3,0.00077353
19:39.3,0.000766736
19:40.3,0.000752936
19:41.3,0.000759922
19:42.3,0.000752631
19:43.3,0.000757887
19:44.3,0.000762101
19:45.3,0.00076355
19:46.3,0.000764934
19:47.3,0.000770539
19:48.3,0.000763133
19:49.3,0.000760952
19:50.3,0.000752958
19:51.3,0.000763825
19:52.3,0.000765509
19:53.3,0.000765751
19:54.3,0.000760855
19:55.3,0.0007581
19:56.3,0.00075698
19:57.3,0.000760074
19:58.3,0.000771919
19:59.3,0.000763124
20:00.3,0.000766482
20:01.3,0.000759351
20:02.3,0.00074828
20:03.3,0.000755631
20:04.3,0.000761872
20:05.3,0.000759005
20:06.3,0.000767979
20:07.3,0.000766908
20:08.3,0.000761371
20:09.3,0.000777831
20:10.3,0.000751748
20:11.3,0.000744205
20:12.3,0.00075303
20:13.3,0.00075647
20:14.3,0.000762274
20:15.3,0.000772681
20:16.3,0.000782364
20:17.3,0.000777418
20:18.3,0.000756007
20:19.3,0.00075362
20:20.3,0.000745603
20:21.3,0.000741867
20:22.3,0.000749066
20:23.3,0.000757623
20:24.3,0.000763593
20:25.3,0.00077218
20:26.3,0.000756593
20:27.3,0.000755846
20:28.3,0.000753082
20:29.3,0.000749318
20:30.3,0.000759227
20:31.3,0.000769538
20:32.3,0.000771013
20:33.3,0.000751347
20:34.3,0.00075769
20:35.3,0.000763143
20:36.3,0.000780085
20:37.3,0.000772693
20:38.2,0.000766403
20:39.2,0.000762192
20:40.2,0.000750933
20:41.2,0.000743965
20:42.2,0.000748591
20:43.2,0.000754355
20:44.2,0.000760999
20:45.2,0.000774019
20:46.2,0.000782191
20:47.2,0.000769187
20:48.2,0.000752114
20:49.2,0.000752749
20:50.2,0.000755102
20:51.2,0.000751666
20:52.2,0.000749329
20:53.2,0.000750629
20:54.2,0.000757331
20:55.2,0.000751059
20:56.2,0.000759487
20:57.2,0.00076286
20:58.2,0.000768358
20:59.2,0.000753768
21:00.2,0.000757406
21:01.2,0.000769504
21:02.2,0.000754507
21:03.2,0.000755961
21:04.2,0.000756022
21:05.2,0.000758275
21:06.2,0.000777334
21:07.2,0.000762596
21:08.2,0.000759654
21:09.2,0.000761501
21:10.2,0.000754952
21:11.2,0.000761042
21:12.2,0.000752272
21:13.2,0.000741221
21:14.2,0.000757114
21:15.2,0.000756793
21:16.2,0.00074959
21:17.2,0.000753287
21:18.2,0.000754973
21:19.2,0.000758533
21:20.2,0.00076275
21:21.2,0.000762899
21:22.2,0.000761585
21:23.2,0.000765741
21:24.2,0.000760332
21:25.2,0.000763295
21:26.2,0.000768995
21:27.2,0.000772456
21:28.2,0.000763888
21:29.2,0.000765084
21:30.2,0.000758943
21:31.2,0.000741769
21:32.2,0.000744368
21:33.2,0.000752535
21:34.2,0.000761888
21:35.2,0.000783572
21:36.2,0.000763506
21:37.2,0.00076415
21:38.2,0.000760468
21:39.1,0.000748788
21:40.1,0.000753711
21:41.1,0.000743968
21:42.1,0.000752004
21:43.1,0.000754695
21:44.1,0.000755456
21:45.1,0.000761209
21:46.1,0.000765129
21:47.1,0.000759688
21:48.1,0.000764374
21:49.1,0.000754621
21:50.1,0.000749858
21:51.1,0.00075522
21:52.1,0.000758554
21:53.1,0.000758189
21:54.1,0.000759021
21:55.1,0.000750993
21:56.1,0.000752435
21:57.1,0.00073947
21:58.1,0.000731992
21:59.1,0.000748412
22:00.1,0.000769236
22:01.1,0.000777296
22:02.1,0.000767652
22:03.1,0.000772257
22:04.1,0.000764663
22:05.1,0.000755326
22:06.1,0.000766161
22:07.1,0.000771986
22:08.1,0.000762379
22:09.1,0.000757145
22:10.1,0.000752642
22:11.1,0.000747592
22:12.1,0.000757224
22:13.1,0.000746191
22:14.1,0.000757848
22:15.1,0.00075755
22:16.1,0.000752315
22:17.1,0.000741743
22:18.1,0.000746016
22:19.1,0.000761894
22:20.1,0.000772734
22:21.1,0.000769657
22:22.1,0.000759275
22:23.1,0.000752457
22:24.1,0.000756002
22:25.1,0.000748312
22:26.1,0.000752084
22:27.1,0.000762847
22:28.1,0.000758656
22:29.1,0.000759335
22:30.1,0.000763724
22:31.1,0.000760975
22:32.1,0.000751258
22:33.1,0.000757604
22:34.1,0.000760208
22:35.1,0.000748941
22:36.1,0.00074223
22:37.1,0.000754573
22:38.1,0.000766298
22:39.1,0.000770638
22:40.0,0.000778355
22:41.0,0.000752173
22:42.0,0.000745159
22:43.0,0.000754665
22:44.0,0.000756982
22:45.0,0.000759834
22:46.0,0.000762365
22:47.0,0.000759705
22:48.0,0.000755349
22:49.0,0.00075316
22:50.0,0.000745951
22:51.0,0.000741481
22:52.0,0.000767839
22:53.0,0.000767196
22:54.0,0.000763103
22:55.0,0.000758731
22:56.0,0.000765432
22:57.0,0.000766127
22:58.0,0.000763244
22:59.0,0.000764035
23:00.0,0.000749155
23:01.0,0.000740911
23:02.0,0.000757676
23:03.0,0.000744079
23:04.0,0.000754186
23:05.0,0.000759459
23:06.0,0.000763705
23:07.0,0.000767092
23:08.0,0.000777535
23:09.0,0.000763018
23:10.0,0.000739738
23:11.0,0.000740023
23:12.0,0.000745391
23:13.0,0.000747985
23:14.0,0.000759818
23:15.0,0.000758111
23:16.0,0.000761093
23:17.0,0.000756796
23:18.0,0.000742716
23:19.0,0.000749014
23:20.0,0.000755542
23:21.0,0.000753911
23:22.0,0.000757016
23:23.0,0.000767126
23:24.0,0.000763534
23:25.0,0.000768475
23:26.0,0.000755999
23:27.0,0.000759608
23:28.0,0.000752298
23:29.0,0.00075852
23:30.0,0.000763401
23:31.0,0.000764779
23:32.0,0.000742466
23:33.0,0.000742447
23:34.0,0.000756544
23:35.0,0.000771981
23:36.0,0.000768254
23:37.0,0.00075522
23:38.0,0.000753232
23:39.0,0.000752257
23:40.0,0.000747252
23:40.9,0.000754463
23:41.9,0.00075431
23:42.9,0.000748582
23:43.9,0.00075902
23:44.9,0.000731228
23:45.9,0.000735227
23:46.9,0.000741587
23:47.9,0.000754544
23:48.9,0.000770527
23:49.9,0.000772472
23:50.9,0.000777886
23:51.9,0.000775801
23:52.9,0.000747047
23:53.9,0.00075515
23:54.9,0.000769684
23:55.9,0.000774101
23:56.9,0.000763547
23:57.9,0.000756282
23:58.9,0.000754731
23:59.9,0.000739848
24:00.9,0.000739067
24:01.9,0.000753382
24:02.9,0.000755977
24:03.9,0.000760522
24:04.9,0.000765256
24:05.9,0.000753719
24:06.9,0.000761763
24:07.9,0.000760501
24:08.9,0.000753742
24:09.9,0.000752134
24:10.9,0.000752757
24:11.9,0.0007478
24:12.9,0.000754842
24:13.9,0.00075577
24:14.9,0.000739735
24:15.9,0.000747776
24:16.9,0.000768532
24:17.9,0.000753393
24:18.9,0.000759098
24:19.9,0.000769182
24:20.9,0.000773422
24:21.9,0.000754879
24:22.9,0.00074328
24:23.9,0.000753518
24:24.9,0.000759252
24:25.9,0.000762833
24:26.9,0.000770872
24:27.9,0.000769872
24:28.9,0.000767844
24:29.9,0.000743506
24:30.9,0.000749917
24:31.9,0.000746172
24:32.9,0.000736776
24:33.9,0.000749819
24:34.9,0.000752389
24:35.9,0.000749765
24:36.9,0.000744603
24:37.9,0.000760507
24:38.9,0.00077852
24:39.9,0.000759485
24:40.9,0.000757067
24:41.8,0.00074924
24:42.8,0.000759182
24:43.8,0.000758236
24:44.8,0.00076733
24:45.8,0.000755111
24:46.8,0.000749298
24:47.8,0.000741518
24:48.8,0.000739305
24:49.8,0.000760387
24:50.8,0.000765955
24:51.8,0.000767038
24:52.8,0.000758184
24:53.8,0.000757403
24:54.8,0.000756725
24:55.8,0.000767928
24:56.8,0.000763539
24:57.8,0.00076354
24:58.8,0.000762058
24:59.8,0.000752586
25:00.8,0.000748822
25:01.8,0.000741964
25:02.8,0.000745699
25:03.8,0.000757419
25:04.8,0.000760812
25:05.8,0.000759729
25:06.8,0.000745035
25:07.8,0.000740535
25:08.8,0.000752411
25:09.8,0.000759233
25:10.8,0.000755966
25:11.8,0.000759889
25:12.8,0.000763723
25:13.8,0.000761208
25:14.8,0.000770646
25:15.8,0.000766643
25:16.8,0.00076738
25:17.8,0.000768937
25:18.8,0.000757723
25:19.8,0.000753411
25:20.8,0.000739305
25:21.8,0.000734537
25:22.8,0.000744647
25:23.8,0.000752847
25:24.8,0.000756789
25:25.8,0.000747562
25:26.8,0.000763627
25:27.8,0.000767313
25:28.8,0.000749187
25:29.8,0.000740709
25:30.8,0.000753983
25:31.8,0.000758172
25:32.8,0.000766843
25:33.8,0.000753384
25:34.8,0.000764302
25:35.8,0.000786353
25:36.8,0.000786822
25:37.8,0.000752191
25:38.8,0.000732171
25:39.8,0.000745025
25:40.8,0.000769534
25:41.8,0.000739145
25:42.8,0.000732363
25:43.7,0.000753113
25:44.7,0.000765074
25:45.7,0.000775519
25:46.7,0.000780481
25:47.7,0.000762138
25:48.7,0.00073777
25:49.7,0.000724171
25:50.7,0.000745878
25:51.7,0.000758918
25:52.7,0.000755172
25:53.7,0.000753071
25:54.7,0.00074953
25:55.7,0.000749678
25:56.7,0.000760261
25:57.7,0.000774931
25:58.7,0.000773735
25:59.7,0.000757933
26:00.7,0.000749033
26:01.7,0.000753569
26:02.7,0.000743314
26:03.7,0.000750484
26:04.7,0.000750392
26:05.7,0.000757258
26:06.7,0.000760842
26:07.7,0.000774427
26:08.7,0.000758566
26:09.7,0.000760675
26:10.7,0.000757514
26:11.7,0.000743495
26:12.7,0.000747156
26:13.7,0.00075465
26:14.7,0.000738312
26:15.7,0.000755172
26:16.7,0.000751941
26:17.7,0.000743469
26:18.7,0.00075111
26:19.7,0.000766463
26:20.7,0.000775174
26:21.7,0.000768115
26:22.7,0.000762552
26:23.7,0.000752359
26:24.7,0.0007441
26:25.7,0.000756876
26:26.7,0.000755537
26:27.7,0.000768461
26:28.7,0.00077148
26:29.7,0.000773988
26:30.7,0.000759718
26:31.7,0.000738532
26:32.7,0.000739381
26:33.7,0.000752078
26:34.7,0.000745269
26:35.7,0.000754564
26:36.7,0.000751152
26:37.7,0.000766492
26:38.7,0.000770744
26:39.7,0.000761261
26:40.7,0.000746275
26:41.7,0.000758647
26:42.7,0.000759683
26:43.7,0.000752202
26:44.6,0.000757331
26:45.6,0.000748734
26:46.6,0.000755509
26:47.6,0.000738866
26:48.6,0.000746299
26:49.6,0.00075884
26:50.6,0.000767867
26:51.6,0.000767247
26:52.6,0.000768349
26:53.6,0.000757824
26:54.6,0
26:55.6,5.402025e-05
26:56.6,4.9708015e-05
26:57.6,3.7504662e-05
26:58.6,3.953503e-05
26:59.6,5.432775e-05
27:00.6,5.7186597e-05
27:01.6,6.1665705e-05
27:02.6,4.170032e-05
27:03.6,4.101543e-05
27:04.6,5.0702612e-05
27:05.6,4.3892553e-05
27:06.6,3.4250617e-05
27:07.6,4.1216033e-05
27:08.6,5.3914086e-05
27:09.6,4.222026e-05
27:10.6,4.9931434e-05
27:11.6,5.5552588e-05
27:12.6,6.099033e-05
27:13.6,5.11171e-05
27:14.6,4.6978483e-05
27:15.6,5.1690757e-05
27:16.6,3.9067956e-05
27:17.6,2.5574835e-05
27:18.6,2.0145211e-05
27:19.6,5.6130615e-05
27:20.6,7.231101e-05
27:21.6,6.232563e-05
27:22.6,6.5543725e-05
27:23.6,4.028874e-05
27:24.6,5.501004e-05
27:25.6,6.231306e-05
27:26.6,3.957749e-05
27:27.6,4.6409765e-05
27:28.6,3.8245667e-05
27:29.6,4.0832972e-05
27:30.6,4.41804e-05
27:31.6,2.9648714e-05
27:32.6,4.6871348e-05
27:33.6,7.023438e-05
27:34.6,5.663147e-05
27:35.6,6.464677e-05
27:36.6,6.371448e-05
27:37.6,5.373217e-05
27:38.6,5.3651427e-05
27:39.6,3.3991615e-05
27:40.6,3.211891e-05
27:41.6,3.0074172e-05
27:42.6,3.643076e-05
27:43.6,5.7378573e-05
27:44.6,4.5473433e-05
27:45.5,4.5429722e-05
27:46.5,2.6606413e-05
27:47.5,3.511274e-05
27:48.5,5.0773386e-05
27:49.5,4.9566082e-05
27:50.5,5.274362e-05
27:51.5,6.179943e-05
27:52.5,5.3761178e-05
27:53.5,5.4643435e-05
27:54.5,5.0114046e-05
27:55.5,5.3904667e-05
27:56.5,4.8019563e-05
27:57.5,4.5330205e-05
27:58.5,2.9983945e-05
27:59.5,3.7316924e-05
28:00.5,5.2586533e-05
28:01.5,6.091015e-05
28:02.5,5.215243e-05
28:03.5,5.0049865e-05
28:04.5,4.154351e-05
28:05.5,3.164191e-05
28:06.5,2.9563651e-05
28:07.5,3.1847907e-05
28:08.5,4.2400578e-05
28:09.5,4.3490847e-05
28:10.5,5.4088843e-05
28:11.5,6.6327164e-05
28:12.5,7.1974144e-05
28:13.5,5.6849978e-05
28:14.5,4.525035e-05
28:15.5,4.4511864e-05
28:16.5,5.1438943e-05
28:17.5,2.5280007e-05
28:18.5,3.652853e-05
28:19.5,5.257269e-05
28:20.5,4.3413787e-05
28:21.5,4.5063207e-05
28:22.5,6.640177e-05
28:23.5,6.268986e-05
28:24.5,4.1721865e-05
28:25.5,2.583217e-05
28:26.5,5.267194e-05
28:27.5,6.18584e-05
28:28.5,6.186607e-05
28:29.5,4.6853045e-05
28:30.5,3.98618e-05
28:31.5,3.767533e-05
28:32.5,5.2918997e-05
28:33.5,4.7547353e-05
28:34.5,4.49168e-05
28:35.5,3.3245906e-05
28:36.5,3.611716e-05
28:37.5,4.7758116e-05
28:38.5,3.9404356e-05
28:39.5,5.212124e-05
28:40.5,5.388363e-05
28:41.5,5.461834e-05
28:42.5,5.5670513e-05
28:43.5,5.2840544e-05
28:44.5,4.9743845e-05
28:45.5,5.6085537e-05
28:46.4,5.4541048e-05
28:47.4,5.8596197e-05
28:48.4,4.9484115e-05
28:49.4,2.8198541e-05
28:50.4,2.8303737e-05
28:51.4,3.796789e-05
28:52.4,5.0360533e-05
28:53.4,6.0677077e-05
28:54.4,4.3047785e-05
28:55.4,4.193378e-05
28:56.4,3.2411408e-05
28:57.4,4.351711e-05
28:58.4,4.0341056e-05
28:59.4,5.0002276e-05
29:00.4,5.0915012e-05
29:01.4,4.7356323e-05
29:02.4,4.216918e-05
29:03.4,4.421414e-05
29:04.4,4.3108193e-05
29:05.4,4.1009833e-05
29:06.4,4.157719e-05
29:07.4,3.8240683e-05
29:08.4,4.217291e-05
29:09.4,4.2672596e-05
29:10.4,5.517143e-05
29:11.4,4.5256533e-05
29:12.4,4.2921325e-05
29:13.4,4.317785e-05
29:14.4,4.0540435e-05
29:15.4,2.9407433e-05
29:16.4,5.3231797e-05
29:17.4,5.6047942e-05
29:18.4,4.271867e-05
29:19.4,4.285852e-05
29:20.4,4.3606404e-05
29:21.4,4.876645e-05
29:22.4,3.8726383e-05
29:23.4,4.0096027e-05
29:24.4,4.0993393e-05
29:25.4,4.731723e-05
29:26.4,4.23216e-05
29:27.4,4.2135245e-05
29:28.4,6.479625e-05
29:29.4,5.7922418e-05
29:30.4,4.723891e-05
29:31.4,3.8084647e-05
29:32.4,2.6853455e-05
29:33.4,2.4518451e-05
29:34.4,4.1726656e-05
29:35.4,3.3072247e-05
29:36.4,3.4850254e-05
29:37.4,5.0620496e-05
29:38.4,5.2743457e-05
29:39.4,3.9675626e-05
29:40.4,4.152278e-05
29:41.4,4.4163826e-05
29:42.4,5.5256816e-05
29:43.4,4.2122672e-05
29:44.4,4.08997e-05
29:45.4,4.16148e-05
29:46.4,2.4153102e-05
29:47.3,1.356079e-05
29:48.3,3.1937616e-05
29:49.3,4.389285e-05
29:50.3,5.7804176e-05
29:51.3,6.997752e-05
29:52.3,6.0092043e-05
29:53.3,4.5300178e-05
29:54.3,4.0544397e-05
29:55.3,3.326217e-05
29:56.3,4.1240146e-05
29:57.3,4.7660138e-05
29:58.3,4.5296038e-05
29:59.3,3.7664955e-05
30:00.3,4.6027013e-05
30:01.3,4.2792348e-05
30:02.3,4.2565884e-05
30:03.3,3.9532377e-05
30:04.3,4.255749e-05
30:05.3,5.3862015e-05
30:06.3,4.0904823e-05
30:07.3,3.4027817e-05
30:08.3,4.2457486e-05
30:09.3,2.2744782e-05
30:10.3,2.0019103e-05
30:11.3,2.8223812e-05
30:12.3,6.085951e-05
30:13.3,6.9284266e-05
30:14.3,4.4179294e-05
30:15.3,2.9804853e-05
30:16.3,3.9633753e-05
30:17.3,3.995997e-05
30:18.3,2.805869e-05
30:19.3,3.0029667e-05
30:20.3,5.3734668e-05
30:21.3,4.8282225e-05
30:22.3,4.596575e-05
30:23.3,5.533422e-05
30:24.3,4.306346e-05
30:25.3,3.442941e-05
30:26.3,5.020815e-05
30:27.3,4.1506533e-05
30:28.3,3.862876e-05
30:29.3,5.0947405e-05
30:30.3,5.584341e-05
30:31.3,3.889784e-05
30:32.3,3.1175783e-05
30:33.3,3.6043162e-05
30:34.3,4.053858e-05
30:35.3,2.9699364e-05
30:36.3,4.2779448e-05
30:37.3,5.556861e-05
30:38.3,5.5719436e-05
30:39.3,5.0510364e-05
30:40.3,3.846844e-05
30:41.3,1.98785e-05
30:42.3,3.2701584e-05
30:43.3,4.6679914e-05
30:44.3,4.5658042e-05
30:45.3,4.9627663e-05
30:46.3,5.691654e-05
30:47.3,4.2243217e-05
30:48.2,2.131898e-05
30:49.2,4.4870387e-05
30:50.2,4.7074078e-05
30:51.2,4.1951014e-05
30:52.2,3.892107e-05
30:53.2,3.3465793e-05
30:54.2,3.5693807e-05
30:55.2,2.8805913e-05
30:56.2,3.7726953e-05
30:57.2,3.7966256e-05
30:58.2,5.212173e-05
30:59.2,5.3243384e-05
31:00.2,5.038478e-05
31:01.2,4.127952e-05
31:02.2,3.84342e-05
31:03.2,3.6056794e-05
31:04.2,4.084963e-05
31:05.2,3.665454e-05
31:06.2,2.9614128e-05
31:07.2,3.8232014e-05
31:08.2,2.6650494e-05
31:09.2,2.6552836e-05
31:10.2,4.2895237e-05
31:11.2,5.7674184e-05
31:12.2,5.9333644e-05
31:13.2,5.284253e-05
31:14.2,4.624962e-05
31:15.2,4.5277746e-05
31:16.2,5.1303054e-05
31:17.2,5.4020154e-05
31:18.2,5.244963e-05
31:19.2,5.4421766e-05
31:20.2,3.9217994e-05
31:21.2,3.420424e-05
31:22.2,1.7113349e-05
31:23.2,2.3788669e-05
31:24.2,3.8452534e-05
31:25.2,4.739337e-05
31:26.2,4.5749126e-05
31:27.2,4.443424e-05
31:28.2,3.8538277e-05
31:29.2,3.553996e-05
31:30.2,4.435358e-05
31:31.2,5.3905518e-05
31:32.2,3.7164387e-05
31:33.2,3.1782405e-05
31:34.2,3.6907386e-05
31:35.2,4.0363182e-05
31:36.2,4.4740016e-05
31:37.2,3.703631e-05
31:38.2,3.401538e-05
31:39.2,2.524382e-05
31:40.2,3.354726e-05
31:41.2,5.5624303e-05
31:42.2,5.7091394e-05
31:43.2,4.5590707e-05
31:44.2,4.386978e-05
31:45.2,5.5793505e-05
31:46.2,5.0286024e-05
31:47.2,4.917883e-05
31:48.2,3.6172056e-05
31:49.1,3.7552287e-05
31:50.1,3.403939e-05
31:51.1,2.9912055e-05
31:52.1,3.3013406e-05
31:53.1,4.3485317e-05
31:54.1,4.789915e-05
31:55.1,5.2000327e-05
31:56.1,4.9216706e-05
31:57.1,4.3933895e-05
31:58.1,4.5577424e-05
31:59.1,4.3963246e-05
32:00.1,3.502698e-05
32:01.1,2.7982636e-05
32:02.1,2.9448078e-05
32:03.1,4.3358606e-05
32:04.1,3.9075578e-05
32:05.1,4.4367716e-05
32:06.1,5.052438e-05
32:07.1,4.139734e-05
32:08.1,3.1380274e-05
32:09.1,3.107938e-05
32:10.1,4.0617255e-05
32:11.1,4.3263815e-05
32:12.1,4.1782216e-05
32:13.1,5.2965064e-05
32:14.1,4.2047835e-05
32:15.1,3.975412e-05
32:16.1,5.1047795e-05
32:17.1,4.061237e-05
32:18.1,4.927705e-05
32:19.1,5.0479684e-05
32:20.1,3.7134738e-05
32:21.1,3.247154e-05
32:22.1,3.6776037e-05
32:23.1,4.0729687e-05
32:24.1,3.973883e-05
32:25.1,4.4419055e-05
32:26.1,5.1947747e-05
32:27.1,4.9285005e-05
32:28.1,2.9398829e-05
32:29.1,2.827529e-05
32:30.1,4.431626e-05
32:31.1,4.9684983e-05
32:32.1,4.2656633e-05
32:33.1,3.6825684e-05
32:34.1,3.916299e-05
32:35.1,3.485191e-05
32:36.1,3.9327046e-05
32:37.1,3.5022542e-05
32:38.1,4.4457644e-05
32:39.1,5.021089e-05
32:40.1,4.4879955e-05
32:41.1,3.8133345e-05
32:42.1,4.398668e-05
32:43.1,4.6067827e-05
32:44.1,4.3215266e-05
32:45.1,4.9679547e-05
32:46.1,3.521674e-05
32:47.1,2.9360113e-05
32:48.1,3.923863e-05
32:49.1,3.8356284e-05
32:50.0,3.6532885e-05
32:51.0,4.521726e-05
32:52.0,5.2643067e-05
32:53.0,4.8335874e-05
32:54.0,4.29962e-05
32:55.0,3.394225e-05
32:56.0,3.558418e-05
32:57.0,4.4801276e-05
32:58.0,4.9036225e-05
32:59.0,4.8629783e-05
33:00.0,3.538728e-05
33:01.0,4.1365125e-05
33:02.0,4.6061417e-05
33:03.0,4.410191e-05
33:04.0,4.1821622e-05
33:05.0,3.642139e-05
33:06.0,4.6335175e-05
33:07.0,4.262064e-05
33:08.0,3.286337e-05
33:09.0,3.56877e-05
33:10.0,3.852883e-05
33:11.0,4.8040452e-05
33:12.0,5.4089072e-05
33:13.0,4.7059537e-05
33:14.0,3.6285615e-05
33:15.0,3.58645e-05
33:16.0,3.8084192e-05
33:17.0,4.2580872e-05
33:18.0,4.1521052e-05
33:19.0,4.5462104e-05
33:20.0,4.829158e-05
33:21.0,5.0618382e-05
33:22.0,4.541853e-05
33:23.0,4.1300016e-05
33:24.0,3.9851144e-05
33:25.0,5.3118205e-05
33:26.0,5.3396765e-05
33:27.0,4.3085864e-05
33:28.0,4.201048e-05
33:29.0,3.802862e-05
33:30.0,3.5526224e-05
33:31.0,3.988474e-05
33:32.0,3.649897e-05
33:33.0,3.7689806e-05
33:34.0,3.9863193e-05
33:35.0,3.6505702e-05
33:36.0,3.0831885e-05
33:37.0,4.0454313e-05
33:38.0,5.8601425e-05
33:39.0,5.595575e-05
33:40.0,4.0916642e-05
33:41.0,3.1027583e-05
33:42.0,3.8601058e-05
33:43.0,4.694575e-05
33:44.0,4.4075143e-05
33:45.0,4.637005e-05
33:46.0,4.370605e-05
33:47.0,3.776157e-05
33:48.0,3.634415e-05
33:49.0,3.6158137e-05
33:50.0,4.2081592e-05
33:50.9,4.960476e-05
33:51.9,4.8100876e-05
33:52.9,3.908928e-05
33:53.9,3.8880786e-05
33:54.9,3.3040687e-05
33:55.9,3.0223322e-05
33:56.9,4.855228e-05
33:57.9,4.6718855e-05
33:58.9,4.1127914e-05
33:59.9,3.696587e-05
34:00.9,4.1817715e-05
34:01.9,4.2447347e-05
34:02.9,4.772878e-05
34:03.9,4.056324e-05
34:04.9,4.0054576e-05
34:05.9,4.2343374e-05
34:06.9,3.9983548e-05
34:07.9,4.1169384e-05
34:08.9,4.473245e-05
34:09.9,4.1027397e-05
34:10.9,4.0300554e-05
34:11.9,3.9556828e-05
34:12.9,3.9904695e-05
34:13.9,3.956771e-05
34:14.9,4.697739e-05
34:15.9,4.8239115e-05
34:16.9,4.0049574e-05
34:17.9,3.4784505e-05
34:18.9,3.6388436e-05
34:19.9,3.9240036e-05
34:20.9,4.138293e-05
34:21.9,3.6293877e-05
34:22.9,4.2448464e-05
34:23.9,4.1871983e-05
34:24.9,3.4978246e-05
34:25.9,3.2934626e-05
34:26.9,3.7694288e-05
34:27.9,4.349098e-05
34:28.9,4.5542532e-05
34:29.9,4.2029806e-05
34:30.9,3.7491514e-05
34:31.9,4.418388e-05
34:32.9,4.8467216e-05
34:33.9,3.772055e-05
34:34.9,3.2112443e-05
34:35.9,3.316154e-05
34:36.9,3.0763065e-05
34:37.9,3.0576233e-05
34:38.9,3.3231503e-05
34:39.9,4.6960795e-05
34:40.9,6.029885e-05
34:41.9,5.647824e-05
34:42.9,4.6616555e-05
34:43.9,4.118441e-05
34:44.9,4.8329268e-05
34:45.9,4.2796553e-05
34:46.9,3.359581e-05
34:47.9,3.2437692e-05
34:48.9,3.1856904e-05
34:49.9,3.4377972e-05
34:50.9,4.436869e-05
34:51.9,4.7645724e-05
34:52.8,5.0257608e-05
34:53.8,4.2123622e-05
34:54.8,4.085889e-05
34:55.8,3.8134473e-05
34:56.8,3.8096012e-05
34:57.8,3.9453356e-05
34:58.8,4.2299776e-05
34:59.8,4.7600242e-05
35:00.8,4.1314095e-05
35:01.8,4.05838e-05
35:02.8,4.912906e-05
35:03.8,4.4040877e-05
35:04.8,4.0184532e-05
35:05.8,4.170693e-05
35:06.8,4.1850148e-05
35:07.8,5.2711584e-05
35:08.8,4.8834965e-05
35:09.8,3.9210798e-05
35:10.8,3.8691287e-05
35:11.8,4.1269734e-05
35:12.8,3.7368372e-05
35:13.8,3.950224e-05
35:14.8,3.6861755e-05
35:15.8,2.8865352e-05
35:16.8,3.6306144e-05
35:17.8,4.074964e-05
35:18.8,4.455228e-05
35:19.8,5.3237316e-05
35:20.8,5.2080035e-05
35:21.8,4.336363e-05
35:22.8,4.456207e-05
35:23.8,4.1831656e-05
35:24.8,3.9147904e-05
35:25.8,4.4763285e-05
35:26.8,5.1132225e-05
35:27.8,4.6095538e-05
35:28.8,4.1633688e-05
35:29.8,3.7731355e-05
35:30.8,3.9452843e-05
35:31.8,4.092487e-05
35:32.8,3.9956627e-05
35:33.8,4.1448897e-05
35:34.8,4.023329e-05
35:35.8,4.353297e-05
35:36.8,4.4972472e-05
35:37.8,4.2718413e-05
35:38.8,4.7559133e-05
35:39.8,4.8784863e-05
35:40.8,4.2706764e-05
35:41.8,3.618544e-05
35:42.8,3.4485194e-05
35:43.8,3.972776e-05
35:44.8,3.4083598e-05
35:45.8,2.8098288e-05
35:46.8,3.921834e-05
35:47.8,4.187881e-05
35:48.8,4.6162342e-05
35:49.8,4.7890888e-05
35:50.8,4.4450742e-05
35:51.8,4.556095e-05
35:52.8,5.06668e-05
35:53.7,4.5148317e-05
35:54.7,4.7622612e-05
35:55.7,5.4719734e-05
35:56.7,5.5264263e-05
35:57.7,4.0679828e-05
35:58.7,3.7249356e-05
35:59.7,4.1116215e-05
36:00.7,3.0835326e-05
36:01.7,3.684123e-05
36:02.7,3.9062605e-05
36:03.7,3.9461607e-05
36:04.7,2.5319901e-05
36:05.7,3.568021e-05
36:06.7,4.731824e-05
36:07.7,4.0905506e-05
36:08.7,4.584801e-05
36:09.7,4.770903e-05
36:10.7,5.1979267e-05
36:11.7,4.8144295e-05
36:12.7,4.1111256e-05
36:13.7,4.076145e-05
36:14.7,4.5747445e-05
36:15.7,5.292504e-05
36:16.7,5.333665e-05
36:17.7,4.4624856e-05
36:18.7,3.814769e-05
36:19.7,3.3589506e-05
36:20.7,3.3087337e-05
36:21.7,4.347767e-05
36:22.7,4.021495e-05
36:23.7,4.3219497e-05
36:24.7,4.6961155e-05
36:25.7,4.522007e-05
36:26.7,5.7206296e-05
36:27.7,4.692034e-05
36:28.7,4.232648e-05
36:29.7,3.5370194e-05
36:30.7,3.689122e-05
36:31.7,3.3165554e-05
36:32.7,3.7575403e-05
36:33.7,4.1448082e-05
36:34.7,4.2766467e-05
36:35.7,3.70921e-05
36:36.7,3.7021062e-05
36:37.7,3.843693e-05
36:38.7,4.5584897e-05
36:39.7,4.978126e-05
36:40.7,4.9961087e-05
36:41.7,4.0064846e-05
36:42.7,4.0211842e-05
36:43.7,4.398834e-05
36:44.7,4.7478967e-05
36:45.7,4.3771088e-05
36:46.7,4.5227298e-05
36:47.7,4.035639e-05
36:48.7,4.537549e-05
36:49.7,4.184212e-05
36:50.7,3.8390994e-05
36:51.7,3.971054e-05
36:52.7,3.8259277e-05
36:53.7,4.5029297e-05
36:54.6,0
36:55.6,-0.000300218
36:56.6,-0.000274722
36:57.6,-0.000274176
36:58.6,-0.000268085
36:59.6,-0.000263651
37:00.6,-0.000264373
37:01.6,-0.000264055
37:02.6,-0.000270572
37:03.6,-0.000271039
37:04.6,-0.000267486
37:05.6,-0.000262563
37:06.6,-0.000272377
37:07.6,-0.000269411
37:08.6,-0.000273867
37:09.6,-0.000278045
37:10.6,-0.000265942
37:11.6,-0.000265188
37:12.6,-0.000271888
37:13.6,-0.000270998
37:14.6,-0.000269331
37:15.6,-0.000266102
37:16.6,-0.000265906
37:17.6,-0.000264467
37:18.6,-0.000265819
37:19.6,-0.000281311
37:20.6,-0.000284356
37:21.6,-0.000273464
37:22.6,-0.000261942
37:23.6,-0.000265415
37:24.6,-0.000266199
37:25.6,-0.000263311
37:26.6,-0.000270795
37:27.6,-0.000279762
37:28.6,-0.000269439
37:29.6,-0.00026641
37:30.6,-0.000268804
37:31.6,-0.000266804
37:32.6,-0.000273533
37:33.6,-0.000272006
37:34.6,-0.000270629
37:35.6,-0.000270696
37:36.6,-0.000281714
37:37.6,-0.000280174
37:38.6,-0.000273964
37:39.6,-0.000270341
37:40.6,-0.000256222
37:41.6,-0.000260403
37:42.6,-0.00026505
37:43.6,-0.000269223
37:44.6,-0.000268733
37:45.6,-0.000267935
37:46.6,-0.000263561
37:47.6,-0.000263571
37:48.6,-0.000263448
37:49.6,-0.000270914
37:50.6,-0.000276812
37:51.6,-0.00027463
37:52.6,-0.000277816
37:53.6,-0.000270838
37:54.6,-0.000270098
37:55.5,-0.000270258
37:56.5,-0.000263968
37:57.5,-0.000269884
37:58.5,-0.000275216
37:59.5,-0.000268061
38:00.5,-0.000264251
38:01.5,-0.00027188
38:02.5,-0.000273578
38:03.5,-0.00027051
38:04.5,-0.000266919
38:05.5,-0.000270538
38:06.5,-0.000271639
38:07.5,-0.000270054
38:08.5,-0.000265686
38:09.5,-0.000262646
38:10.5,-0.000264977
38:11.5,-0.00027423
38:12.5,-0.000275731
38:13.5,-0.000274592
38:14.5,-0.000269717
38:15.5,-0.000280385
38:16.5,-0.000277289
38:17.5,-0.000271422
38:18.5,-0.000274468
38:19.5,-0.000271714
38:20.5,-0.000262335
38:21.5,-0.000256454
38:22.5,-0.000255119
38:23.5,-0.000274644
38:24.5,-0.00027184
38:25.5,-0.000263056
38:26.5,-0.000266256
38:27.5,-0.000273986
38:28.5,-0.000278763
38:29.5,-0.000280092
38:30.5,-0.000276982
38:31.5,-0.000265224
38:32.5,-0.000260308
38:33.5,-0.000263886
38:34.5,-0.000269545
38:35.5,-0.000273603
38:36.5,-0.000280963
38:37.5,-0.000269452
38:38.5,-0.000274314
38:39.5,-0.000270142
38:40.5,-0.000264688
38:41.5,-0.000263909
38:42.5,-0.000262041
38:43.5,-0.000268152
38:44.5,-0.000269556
38:45.5,-0.00027132
38:46.5,-0.000268223
38:47.5,-0.000268051
38:48.5,-0.000268491
38:49.5,-0.000263703
38:50.5,-0.000263276
38:51.5,-0.000271166
38:52.5,-0.000278956
38:53.5,-0.000274443
38:54.5,-0.000269143
38:55.5,-0.000271142
38:56.4,-0.000271403
38:57.4,-0.000274473
38:58.4,-0.000274623
38:59.4,-0.000267876
39:00.4,-0.000267234
39:01.4,-0.000264353
39:02.4,-0.000266337
39:03.4,-0.000269003
39:04.4,-0.000269394
39:05.4,-0.000266667
39:06.4,-0.000261611
39:07.4,-0.000265092
39:08.4,-0.000269095
39:09.4,-0.000268542
39:10.4,-0.000270034
39:11.4,-0.000270492
39:12.4,-0.0002751
39:13.4,-0.000277884
39:14.4,-0.000271726
39:15.4,-0.000268219
39:16.4,-0.000274749
39:17.4,-0.000273379
39:18.4,-0.000273722
39:19.4,-0.000272939
39:20.4,-0.000272016
39:21.4,-0.000268142
39:22.4,-0.000262915
39:23.4,-0.000260259
39:24.4,-0.000270234
39:25.4,-0.000281898
39:26.4,-0.000278515
39:27.4,-0.000264569
39:28.4,-0.000265585
39:29.4,-0.000264198
39:30.4,-0.000266421
39:31.4,-0.000258824
39:32.4,-0.000269076
39:33.4,-0.000275786
39:34.4,-0.000271657
39:35.4,-0.00026946
39:36.4,-0.000272075
39:37.4,-0.000276387
39:38.4,-0.000273876
39:39.4,-0.000273024
39:40.4,-0.000269732
39:41.4,-0.000263604
39:42.4,-0.000260621
39:43.4,-0.000266673
39:44.4,-0.000267976
39:45.4,-0.000269176
39:46.4,-0.000270584
39:47.4,-0.000264153
39:48.4,-0.000266952
39:49.4,-0.000269199
39:50.4,-0.000271279
39:51.4,-0.000275081
39:52.4,-0.000274597
39:53.4,-0.000267151
39:54.4,-0.000269698
39:55.4,-0.000270163
39:56.4,-0.000266687
39:57.3,-0.00027175
39:58.3,-0.000276593
39:59.3,-0.000272577
40:00.3,-0.000270167
40:01.3,-0.000270997
40:02.3,-0.000267081
40:03.3,-0.000268627
40:04.3,-0.000270831
40:05.3,-0.000267884
40:06.3,-0.000267021
40:07.3,-0.000268318
40:08.3,-0.000272841
40:09.3,-0.000273229
40:10.3,-0.000271192
40:11.3,-0.000269612
40:12.3,-0.000273255
40:13.3,-0.000272149
40:14.3,-0.000269648
40:15.3,-0.000264179
40:16.3,-0.000259627
40:17.3,-0.000269351
40:18.3,-0.000278155
40:19.3,-0.000275544
40:20.3,-0.000277024
40:21.3,-0.000274442
40:22.3,-0.000269753
40:23.3,-0.000268901
40:24.3,-0.000270202
40:25.3,-0.000274796
40:26.3,-0.000272023
40:27.3,-0.000269135
40:28.3,-0.000272739
40:29.3,-0.000268616
40:30.3,-0.000268187
40:31.3,-0.000268341
40:32.3,-0.000271148
40:33.3,-0.000270918
40:34.3,-0.000270175
40:35.3,-0.000271641
40:36.3,-0.000271913
40:37.3,-0.00027252
40:38.3,-0.000272702
40:39.3,-0.000270207
40:40.3,-0.00027213
40:41.3,-0.000269056
40:42.3,-0.000265569
40:43.3,-0.000269622
40:44.3,-0.000271839
40:45.3,-0.000269373
40:46.3,-0.000265987
40:47.3,-0.000273883
40:48.3,-0.000276184
40:49.3,-0.000275252
40:50.3,-0.000272682
40:51.3,-0.0002721
40:52.3,-0.000267735
40:53.3,-0.000262016
40:54.3,-0.000269332
40:55.3,-0.000268353
40:56.3,-0.000274227
40:57.3,-0.000267912
40:58.2,-0.000265351
40:59.2,-0.000268227
41:00.2,-0.000272484
41:01.2,-0.000275768
41:02.2,-0.000272331
41:03.2,-0.000267657
41:04.2,-0.000269276
41:05.2,-0.000271579
41:06.2,-0.000272562
41:07.2,-0.000270738
41:08.2,-0.000269811
41:09.2,-0.000267766
41:10.2,-0.000269037
41:11.2,-0.00027072
41:12.2,-0.000272476
41:13.2,-0.000267284
41:14.2,-0.000268856
41:15.2,-0.000270202
41:16.2,-0.000265855
41:17.2,-0.000264351
41:18.2,-0.000267011
41:19.2,-0.000271396
41:20.2,-0.000278257
41:21.2,-0.000276693
41:22.2,-0.000270161
41:23.2,-0.000267979
41:24.2,-0.000268103
41:25.2,-0.000270098
41:26.2,-0.000275061
41:27.2,-0.000273221
41:28.2,-0.000266349
41:29.2,-0.00026932
41:30.2,-0.000268735
41:31.2,-0.000268178
41:32.2,-0.000270193
41:33.2,-0.000271335
41:34.2,-0.000268939
41:35.2,-0.000268335
41:36.2,-0.00027014
41:37.2,-0.000274083
41:38.2,-0.00027523
41:39.2,-0.000270119
41:40.2,-0.000269137
41:41.2,-0.000267364
41:42.2,-0.000267521
41:43.2,-0.000269815
41:44.2,-0.000271882
41:45.2,-0.000272568
41:46.2,-0.000275199
41:47.2,-0.000277346
41:48.2,-0.000269684
41:49.2,-0.000268194
41:50.2,-0.000271721
41:51.2,-0.000271562
41:52.2,-0.000263611
41:53.2,-0.000262046
41:54.2,-0.000267555
41:55.2,-0.000270328
41:56.2,-0.00027641
41:57.2,-0.000276897
41:58.2,-0.00027489
41:59.1,-0.000274429
42:00.1,-0.000278112
42:01.1,-0.000272751
42:02.1,-0.000266942
42:03.1,-0.000264487
42:04.1,-0.000268627
42:05.1,-0.000266152
42:06.1,-0.00027424
42:07.1,-0.000277673
42:08.1,-0.000272829
42:09.1,-0.000269851
42:10.1,-0.000270761
42:11.1,-0.000274046
42:12.1,-0.000275394
42:13.1,-0.00027225
42:14.1,-0.000271671
42:15.1,-0.000274936
42:16.1,-0.000275056
42:17.1,-0.00027118
42:18.1,-0.00026644
42:19.1,-0.000268379
42:20.1,-0.000272185
42:21.1,-0.000274599
42:22.1,-0.000273434
42:23.1,-0.000273687
42:24.1,-0.000273078
42:25.1,-0.000272983
42:26.1,-0.000269231
42:27.1,-0.000267364
42:28.1,-0.000269447
42:29.1,-0.000276029
42:30.1,-0.0002751
42:31.1,-0.00027466
42:32.1,-0.000274196
42:33.1,-0.000273189
42:34.1,-0.000269598
42:35.1,-0.000271353
42:36.1,-0.000273136
42:37.1,-0.000269816
42:38.1,-0.000271571
42:39.1,-0.000268004
42:40.1,-0.000272587
42:41.1,-0.000278028
42:42.1,-0.000273174
42:43.1,-0.000274037
42:44.1,-0.000272847
42:45.1,-0.000271219
42:46.1,-0.000274611
42:47.1,-0.000271313
42:48.1,-0.000265677
42:49.1,-0.000268951
42:50.1,-0.000270815
42:51.1,-0.000269951
42:52.1,-0.000280835
42:53.1,-0.000279324
42:54.1,-0.000272469
42:55.1,-0.000276047
42:56.1,-0.000272834
42:57.1,-0.000266914
42:58.1,-0.000269675
42:59.1,-0.000268815
43:00.1,-0.000269282
43:01.0,-0.000276933
43:02.0,-0.00027268
43:03.0,-0.000270495
43:04.0,-0.000272387
43:05.0,-0.000276646
43:06.0,-0.000271983
43:07.0,-0.000270546
43:08.0,-0.000275572
43:09.0,-0.000270911
43:10.0,-0.000267096
43:11.0,-0.000271089
43:12.0,-0.000270001
43:13.0,-0.000269613
43:14.0,-0.000272953
43:15.0,-0.000271149
43:16.0,-0.000271037
43:17.0,-0.000275227
43:18.0,-0.000272148
43:19.0,-0.000272793
43:20.0,-0.000274543
43:21.0,-0.000275234
43:22.0,-0.000265519
43:23.0,-0.000266701
43:24.0,-0.00027093
43:25.0,-0.000272239
43:26.0,-0.000274608
43:27.0,-0.000275415
43:28.0,-0.000279116
43:29.0,-0.000275487
43:30.0,-0.000269765
43:31.0,-0.000271589
43:32.0,-0.000264387
43:33.0,-0.000262681
43:34.0,-0.000270793
43:35.0,-0.000268537
43:36.0,-0.000273884
43:37.0,-0.000279298
43:38.0,-0.00027647
43:39.0,-0.000275265
43:40.0,-0.000271613
43:41.0,-0.000268132
43:42.0,-0.000264291
43:43.0,-0.000267732
43:44.0,-0.000269768
43:45.0,-0.00027444
43:46.0,-0.000276772
43:47.0,-0.000274983
43:48.0,-0.000272649
43:49.0,-0.000273404
43:50.0,-0.000273022
43:51.0,-0.000272852
43:52.0,-0.0002663
43:53.0,-0.000263484
43:54.0,-0.000270392
43:55.0,-0.000270201
43:56.0,-0.000261439
43:57.0,-0.000262517
43:58.0,-0.000266358
43:59.0,-0.000271341
44:00.0,-0.000274616
44:01.0,-0.000274304
44:01.9,-0.00028075
44:02.9,-0.000287401
44:03.9,-0.000274876
44:04.9,-0.000271135
44:05.9,-0.000271961
44:06.9,-0.00027849
44:07.9,-0.000280684
44:08.9,-0.000267181
44:09.9,-0.00026752
44:10.9,-0.000272957
44:11.9,-0.000269675
44:12.9,-0.000269624
44:13.9,-0.000275148
44:14.9,-0.000276835
44:15.9,-0.000272805
44:16.9,-0.000273449
44:17.9,-0.000273615
44:18.9,-0.000266853
44:19.9,-0.000271089
44:20.9,-0.000272059
44:21.9,-0.000270937
44:22.9,-0.000271758
44:23.9,-0.000274952
44:24.9,-0.000272679
44:25.9,-0.000271227
44:26.9,-0.00026597
44:27.9,-0.000264306
44:28.9,-0.000269007
44:29.9,-0.000277137
44:30.9,-0.000273042
44:31.9,-0.000274545
44:32.9,-0.000278375
44:33.9,-0.000277088
44:34.9,-0.000273153
44:35.9,-0.000268267
44:36.9,-0.000268931
44:37.9,-0.000274627
44:38.9,-0.000277539
44:39.9,-0.00027233
44:40.9,-0.000272517
44:41.9,-0.000273472
44:42.9,-0.000270264
44:43.9,-0.000269869
44:44.9,-0.00027668
44:45.9,-0.000281424
44:46.9,-0.000278145
44:47.9,-0.000274794
44:48.9,-0.000269153
44:49.9,-0.000269904
44:50.9,-0.000265791
44:51.9,-0.000269742
44:52.9,-0.000269045
44:53.9,-0.000270149
44:54.9,-0.000276832
44:55.9,-0.000275431
44:56.9,-0.000274778
44:57.9,-0.000273583
44:58.9,-0.000268857
44:59.9,-0.0002687
45:00.9,-0.000268818
45:01.9,-0.000267971
45:02.8,-0.000272113
45:03.8,-0.000272101
45:04.8,-0.000273976
45:05.8,-0.000272918
45:06.8,-0.00027701
45:07.8,-0.000280927
45:08.8,-0.000276445
45:09.8,-0.000266959
45:10.8,-0.000258799
45:11.8,-0.000265736
45:12.8,-0.000271418
45:13.8,-0.000272813
45:14.8,-0.00027076
45:15.8,-0.000278971
45:16.8,-0.000276833
45:17.8,-0.000274361
45:18.8,-0.000270263
45:19.8,-0.000270681
45:20.8,-0.000271377
45:21.8,-0.000268621
45:22.8,-0.000266075
45:23.8,-0.000269783
45:24.8,-0.000274875
45:25.8,-0.000277885
45:26.8,-0.000273201
45:27.8,-0.000270404
45:28.8,-0.000265262
45:29.8,-0.000263359
45:30.8,-0.000272308
45:31.8,-0.000279244
45:32.8,-0.000272329
45:33.8,-0.000270379
45:34.8,-0.000275004
45:35.8,-0.000274783
45:36.8,-0.000268017
45:37.8,-0.000269265
45:38.8,-0.000270176
45:39.8,-0.000269167
45:40.8,-0.000267296
45:41.8,-0.000274629
45:42.8,-0.000277475
45:43.8,-0.000271924
45:44.8,-0.000262393
45:45.8,-0.000263848
45:46.8,-0.000261619
45:47.8,-0.000262148
45:48.8,-0.000273617
45:49.8,-0.000283789
45:50.8,-0.000279186
45:51.8,-0.00028016
45:52.8,-0.000279309
45:53.8,-0.000274081
45:54.8,-0.000268122
45:55.8,-0.000265066
45:56.8,-0.000262604
45:57.8,-0.000275508
45:58.8,-0.000283546
45:59.8,-0.00027832
46:00.8,-0.000269575
46:01.8,-0.000264971
46:02.8,-0.000271929
46:03.7,-0.000271302
46:04.7,-0.000265688
46:05.7,-0.000265978
46:06.7,-0.000273999
46:07.7,-0.000283202
46:08.7,-0.00028697
46:09.7,-0.000265991
46:10.7,-0.000263848
46:11.7,-0.000269459
46:12.7,-0.00026636
46:13.7,-0.000273416
46:14.7,-0.000262542
46:15.7,-0.000268163
46:16.7,-0.000271841
46:17.7,-0.000270762
46:18.7,-0.000275574
46:19.7,-0.000274357
46:20.7,-0.000273788
46:21.7,-0.000272016
46:22.7,-0.000272327
46:23.7,-0.000273036
46:24.7,-0.000267135
46:25.7,-0.000263999
46:26.7,-0.000262136
46:27.7,-0.000263289
46:28.7,-0.000268633
46:29.7,-0.000270956
46:30.7,-0.000279931
46:31.7,-0.000283277
46:32.7,-0.000279636
46:33.7,-0.000275066
46:34.7,-0.000285386
46:35.7,-0.000275924
46:36.7,-0.000262277
46:37.7,-0.000262565
46:38.7,-0.000265312
46:39.7,-0.000275539
46:40.7,-0.000275404
46:41.7,-0.000272199
46:42.7,-0.000267037
46:43.7,-0.000270659
46:44.7,-0.00028149
46:45.7,-0.000286663
46:46.7,-0.000279548
46:47.7,-0.000271105
46:48.7,-0.000266658
46:49.7,-0.00026454
46:50.7,-0.000261827
46:51.7,-0.000265671
46:52.7,-0.000266641
46:53.7,-0.000268634
46:54.7,0
46:55.7,-0.001196537
46:56.7,-0.001081837
46:57.7,-0.001102327
46:58.7,-0.001100636
46:59.7,-0.001095553
47:00.7,-0.001095926
47:01.7,-0.001089891
47:02.7,-0.001101461
47:03.7,-0.001109689
47:04.6,-0.001103202
47:05.6,-0.001099224
47:06.6,-0.001095384
47:07.6,-0.00109946
47:08.6,-0.001096082
47:09.6,-0.001102227
47:10.6,-0.001098648
47:11.6,-0.001097493
47:12.6,-0.001101347
47:13.6,-0.001091189
47:14.6,-0.001092994
47:15.6,-0.001091778
47:16.6,-0.001096203
47:17.6,-0.001097158
47:18.6,-0.001095873
47:19.6,-0.001095029
47:20.6,-0.001098375
47:21.6,-0.001093338
47:22.6,-0.001104553
47:23.6,-0.001109226
47:24.6,-0.001101367
47:25.6,-0.001099656
47:26.6,-0.001089579
47:27.6,-0.001093399
47:28.6,-0.001093852
47:29.6,-0.001101685
47:30.6,-0.001097967
47:31.6,-0.001101065
47:32.6,-0.001102445
47:33.6,-0.001100701
47:34.6,-0.001097662
47:35.6,-0.001098533
47:36.6,-0.001099882
47:37.6,-0.00110626
47:38.6,-0.001109524
47:39.6,-0.001104156
47:40.6,-0.001094528
47:41.6,-0.001082772
47:42.6,-0.001088955
47:43.6,-0.001097118
47:44.6,-0.001095481
47:45.6,-0.001093515
47:46.6,-0.001090231
47:47.6,-0.001092091
47:48.6,-0.001103095
47:49.6,-0.001110351
47:50.6,-0.00110607
47:51.6,-0.001104227
47:52.6,-0.001098395
47:53.6,-0.001088555
47:54.6,-0.001091979
47:55.6,-0.001100833
47:56.6,-0.001109339
47:57.6,-0.00109842
47:58.6,-0.001090115
47:59.6,-0.001086661
48:00.6,-0.001080386
48:01.6,-0.00109071
48:02.6,-0.001105018
48:03.6,-0.00110042
48:04.6,-0.001094686
48:05.5,-0.001090661
48:06.5,-0.001103414
48:07.5,-0.001109132
48:08.5,-0.001104329
48:09.5,-0.001091378
48:10.5,-0.00109244
48:11.5,-0.001089061
48:12.5,-0.001090348
48:13.5,-0.001093352
48:14.5,-0.001095026
48:15.5,-0.001099036
48:16.5,-0.001100792
48:17.5,-0.001103608
48:18.5,-0.001098575
48:19.5,-0.001098516
48:20.5,-0.00108878
48:21.5,-0.001080382
48:22.5,-0.001092116
48:23.5,-0.001098394
48:24.5,-0.001094108
48:25.5,-0.001087523
48:26.5,-0.001083672
48:27.5,-0.001093573
48:28.5,-0.001099351
48:29.5,-0.001104857
48:30.5,-0.001101678
48:31.5,-0.001100967
48:32.5,-0.001088137
48:33.5,-0.001101457
48:34.5,-0.001098054
48:35.5,-0.001101195
48:36.5,-0.001099852
48:37.5,-0.001098272
48:38.5,-0.001101962
48:39.5,-0.001092692
48:40.5,-0.001091401
48:41.5,-0.001094415
48:42.5,-0.001086763
48:43.5,-0.001091074
48:44.5,-0.001097158
48:45.5,-0.00109278
48:46.5,-0.001094247
48:47.5,-0.001100782
48:48.5,-0.001090714
48:49.5,-0.001094008
48:50.5,-0.001101724
48:51.5,-0.001100594
48:52.5,-0.001092624
48:53.5,-0.001092609
48:54.5,-0.001098658
48:55.5,-0.001092954
48:56.5,-0.001092015
48:57.5,-0.001092649
48:58.5,-0.001103608
48:59.5,-0.00111052
49:00.5,-0.001112831
49:01.5,-0.001112537
49:02.5,-0.001088423
49:03.5,-0.001088071
49:04.5,-0.001087587
49:05.5,-0.001079082
49:06.4,-0.001096922
49:07.4,-0.001095158
49:08.4,-0.00110185
49:09.4,-0.001099727
49:10.4,-0.00109817
49:11.4,-0.001105144
49:12.4,-0.001110411
49:13.4,-0.001108782
49:14.4,-0.001098657
49:15.4,-0.001098633
49:16.4,-0.001103157
49:17.4,-0.001103343
49:18.4,-0.001100316
49:19.4,-0.001105231
49:20.4,-0.00109932
49:21.4,-0.001097434
49:22.4,-0.001091866
49:23.4,-0.00109223
49:24.4,-0.001095298
49:25.4,-0.001099194
49:26.4,-0.001101685
49:27.4,-0.001104935
49:28.4,-0.001100619
49:29.4,-0.00109959
49:30.4,-0.001094676
49:31.4,-0.001100095
49:32.4,-0.001088967
49:33.4,-0.001098624
49:34.4,-0.001103843
49:35.4,-0.001104149
49:36.4,-0.001091931
49:37.4,-0.001094212
49:38.4,-0.001087579
49:39.4,-0.001082259
49:40.4,-0.001095929
49:41.4,-0.001116113
49:42.4,-0.001112892
49:43.4,-0.001104095
49:44.4,-0.001099764
49:45.4,-0.001108719
49:46.4,-0.001105801
49:47.4,-0.001103666
49:48.4,-0.001103279
49:49.4,-0.001112135
49:50.4,-0.001097078
49:51.4,-0.001089341
49:52.4,-0.001075021
49:53.4,-0.001092958
49:54.4,-0.001096809
49:55.4,-0.001097402
49:56.4,-0.001098725
49:57.4,-0.001093128
49:58.4,-0.001086719
49:59.4,-0.001088711
50:00.4,-0.00110732
50:01.4,-0.001119815
50:02.4,-0.001103221
50:03.4,-0.001098683
50:04.4,-0.001095284
50:05.4,-0.001114498
50:06.4,-0.001107219
50:07.3,-0.001096081
50:08.3,-0.001093592
50:09.3,-0.001076455
50:10.3,-0.001086596
50:11.3,-0.001107209
50:12.3,-0.001098182
50:13.3,-0.001111873
50:14.3,-0.001098673
50:15.3,-0.001103901
50:16.3,-0.001093252
50:17.3,-0.001105274
50:18.3,-0.001108359
50:19.3,-0.001107658
50:20.3,-0.001095195
50:21.3,-0.001100052
50:22.3,-0.001090649
50:23.3,-0.001084359
50:24.3,-0.001101554
50:25.3,-0.001104171
50:26.3,-0.001092489
50:27.3,-0.001090769
50:28.3,-0.001088742
50:29.3,-0.001089362
50:30.3,-0.00109776
50:31.3,-0.001103164
50:32.3,-0.001109175
50:33.3,-0.001108829
50:34.3,-0.001102732
50:35.3,-0.001105253
50:36.3,-0.00111824
50:37.3,-0.001130267
50:38.3,-0.001115774
50:39.3,-0.001097177
50:40.3,-0.001086342
50:41.3,-0.001084249
50:42.3,-0.001080205
50:43.3,-0.001074145
50:44.3,-0.001091729
50:45.3,-0.001076159
50:46.3,-0.001065486
50:47.3,-0.001080602
50:48.3,-0.001106783
50:49.3,-0.001114544
50:50.3,-0.001098823
50:51.3,-0.001106689
50:52.3,-0.001132005
50:53.3,-0.001113969
50:54.3,-0.001091724
50:55.3,-0.001093868
50:56.3,-0.001091003
50:57.3,-0.001087434
50:58.3,-0.001077838
50:59.3,-0.001082632
51:00.3,-0.001093088
51:01.3,-0.001110665
51:02.3,-0.001129688
51:03.3,-0.00112133
51:04.3,-0.001099189
51:05.3,-0.00108564
51:06.3,-0.001087448
51:07.3,-0.00110695
51:08.2,-0.001093591
51:09.2,-0.001102162
51:10.2,-0.001110642
51:11.2,-0.001102651
51:12.2,-0.001098249
51:13.2,-0.00110255
51:14.2,-0.001102994
51:15.2,-0.001081036
51:16.2,-0.001088046
51:17.2,-0.001084046
51:18.2,-0.001099097
51:19.2,-0.001115379
51:20.2,-0.001101023
51:21.2,-0.001096997
51:22.2,-0.001111021
51:23.2,-0.001110557
51:24.2,-0.001103576
51:25.2,-0.001096913
51:26.2,-0.001098569
51:27.2,-0.001088567
51:28.2,-0.001100306
51:29.2,-0.001104848
51:30.2,-0.001105045
51:31.2,-0.001090749
51:32.2,-0.001092496
51:33.2,-0.00110682
51:34.2,-0.001105056
51:35.2,-0.001106695
51:36.2,-0.001110876
51:37.2,-0.00112846
51:38.2,-0.001115614
51:39.2,-0.00109471
51:40.2,-0.001080227
51:41.2,-0.001088311
51:42.2,-0.001091469
51:43.2,-0.001075005
51:44.2,-0.001085966
51:45.2,-0.001097977
51:46.2,-0.001094209
51:47.2,-0.001082071
51:48.2,-0.001086911
51:49.2,-0.001089146
51:50.2,-0.001098074
51:51.2,-0.001110063
51:52.2,-0.001114789
51:53.2,-0.00112334
51:54.2,-0.001097491
51:55.2,-0.001076038
51:56.2,-0.001085768
51:57.2,-0.001091463
51:58.2,-0.00110502
51:59.2,-0.001108909
52:00.2,-0.001121401
52:01.2,-0.001115435
52:02.2,-0.001106473
52:03.2,-0.001094702
52:04.2,-0.001100297
52:05.2,-0.001107827
52:06.2,-0.001109791
52:07.2,-0.001093009
52:08.2,-0.00109696
52:09.2,-0.001098073
52:10.1,-0.001105219
52:11.1,-0.001106924
52:12.1,-0.001085963
52:13.1,-0.001092222
52:14.1,-0.001099
52:15.1,-0.00111689
52:16.1,-0.001119173
52:17.1,-0.001116662
52:18.1,-0.001078788
52:19.1,-0.001060835
52:20.1,-0.001074968
52:21.1,-0.001090171
52:22.1,-0.001119816
52:23.1,-0.001120737
52:24.1,-0.001099855
52:25.1,-0.001112228
52:26.1,-0.001091649
52:27.1,-0.001074401
52:28.1,-0.001094193
52:29.1,-0.00110151
52:30.1,-0.001114957
52:31.1,-0.001111308
52:32.1,-0.001091471
52:33.1,-0.00110325
52:34.1,-0.001102431
52:35.1,-0.001102807
52:36.1,-0.00109965
52:37.1,-0.001098476
52:38.1,-0.001092515
52:39.1,-0.001079562
52:40.1,-0.001093517
52:41.1,-0.00111677
52:42.1,-0.001124506
52:43.1,-0.001094544
52:44.1,-0.00109606
52:45.1,-0.001107665
52:46.1,-0.001099636
52:47.1,-0.001092924
52:48.1,-0.001094664
52:49.1,-0.001088128
52:50.1,-0.001094407
52:51.1,-0.001104015
52:52.1,-0.00112086
52:53.1,-0.001101306
52:54.1,-0.00109164
52:55.1,-0.001076337
52:56.1,-0.001079355
52:57.1,-0.001120204
52:58.1,-0.001128118
52:59.1,-0.001122552
53:00.1,-0.001093086
53:01.1,-0.001071249
53:02.1,-0.001079233
53:03.1,-0.001089442
53:04.1,-0.00109009
53:05.1,-0.001091473
53:06.1,-0.001102575
53:07.1,-0.001103282
53:08.1,-0.001104872
53:09.1,-0.001113226
53:10.1,-0.001090617
53:11.0,-0.001083415
53:12.0,-0.001088769
53:13.0,-0.001086584
53:14.0,-0.001086824
53:15.0,-0.001079442
53:16.0,-0.001075892
53:17.0,-0.001105047
53:18.0,-0.001114921
53:19.0,-0.001107209
53:20.0,-0.001098716
53:21.0,-0.001103287
53:22.0,-0.001093936
53:23.0,-0.001085087
53:24.0,-0.001091382
53:25.0,-0.001085775
53:26.0,-0.001074503
53:27.0,-0.001083916
53:28.0,-0.001093126
53:29.0,-0.001091143
53:30.0,-0.001103692
53:31.0,-0.001107619
53:32.0,-0.001104714
53:33.0,-0.001110859
53:34.0,-0.001092576
53:35.0,-0.00109408
53:36.0,-0.001094755
53:37.0,-0.001101387
53:38.0,-0.001091171
53:39.0,-0.001094454
53:40.0,-0.001090455
53:41.0,-0.001086397
53:42.0,-0.00110617
53:43.0,-0.001095786
53:44.0,-0.001099984
53:45.0,-0.001112602
53:46.0,-0.001113536
53:47.0,-0.001108959
53:48.0,-0.001107143
53:49.0,-0.001089867
53:50.0,-0.001085177
53:51.0,-0.001069079
53:52.0,-0.001069638
53:53.0,-0.001094682
53:54.0,-0.001090805
53:55.0,-0.001086993
53:56.0,-0.001102245
53:57.0,-0.001092441
53:58.0,-0.001074838
53:59.0,-0.001097432
54:00.0,-0.001106232
54:01.0,-0.001104986
54:02.0,-0.001103037
54:03.0,-0.001098203
54:04.0,-0.001095858
54:05.0,-0.001105348
54:06.0,-0.001101891
54:07.0,-0.001094821
54:08.0,-0.001103188
54:09.0,-0.001087479
54:10.0,-0.001078932
54:11.0,-0.001092876
54:11.9,-0.001094044
54:12.9,-0.001100852
54:13.9,-0.001094027
54:14.9,-0.001086401
54:15.9,-0.001093746
54:16.9,-0.001098852
54:17.9,-0.001099901
54:18.9,-0.001093543
54:19.9,-0.001077147
54:20.9,-0.001101868
54:21.9,-0.001108535
54:22.9,-0.001099562
54:23.9,-0.001096383
54:24.9,-0.001089469
54:25.9,-0.00107506
54:26.9,-0.001070477
54:27.9,-0.00110014
54:28.9,-0.001107094
54:29.9,-0.001116738
54:30.9,-0.001113684
54:31.9,-0.00110341
54:32.9,-0.001089139
54:33.9,-0.00109134
54:34.9,-0.001100387
54:35.9,-0.001084792
54:36.9,-0.001098127
54:37.9,-0.001109394
54:38.9,-0.001124223
54:39.9,-0.001100129
54:40.9,-0.001083969
54:41.9,-0.001068641
54:42.9,-0.001089143
54:43.9,-0.001100142
54:44.9,-0.00110873
54:45.9,-0.001100901
54:46.9,-0.001092692
54:47.9,-0.001108283
54:48.9,-0.001110132
54:49.9,-0.001089952
54:50.9,-0.001086537
54:51.9,-0.001076951
54:52.9,-0.001085804
54:53.9,-0.001095308
54:54.9,-0.001110251
54:55.9,-0.001107725
54:56.9,-0.001115229
54:57.9,-0.001108411
54:58.9,-0.001102682
54:59.9,-0.001086489
55:00.9,-0.001082009
55:01.9,-0.001081141
55:02.9,-0.001088183
55:03.9,-0.001096203
55:04.9,-0.001104075
55:05.9,-0.001101616
55:06.9,-0.001085979
55:07.9,-0.001094562
55:08.9,-0.00110959
55:09.9,-0.001095034
55:10.9,-0.001093536
55:11.9,-0.001088753
55:12.8,-0.001104256
55:13.8,-0.001102357
55:14.8,-0.001083064
55:15.8,-0.001082363
55:16.8,-0.001092473
55:17.8,-0.001088756
55:18.8,-0.001101562
55:19.8,-0.001122356
55:20.8,-0.001112107
55:21.8,-0.001101391
55:22.8,-0.001094341
55:23.8,-0.001102294
55:24.8,-0.001112989
55:25.8,-0.001110008
55:26.8,-0.001095177
55:27.8,-0.001082635
55:28.8,-0.001085998
55:29.8,-0.001088344
55:30.8,-0.001092766
55:31.8,-0.001097446
55:32.8,-0.001106414
55:33.8,-0.001101408
55:34.8,-0.001100411
55:35.8,-0.00111181
55:36.8,-0.001109154
55:37.8,-0.001081543
55:38.8,-0.001084194
55:39.8,-0.001093373
55:40.8,-0.001098172
55:41.8,-0.001100806
55:42.8,-0.001101025
55:43.8,-0.001092789
55:44.8,-0.001085649
55:45.8,-0.001097747
55:46.8,-0.001099943
55:47.8,-0.001094408
55:48.8,-0.001086229
55:49.8,-0.001103398
55:50.8,-0.00110846
55:51.8,-0.001102481
55:52.8,-0.001105585
55:53.8,-0.001098788
55:54.8,-0.001109074
55:55.8,-0.001115531
55:56.8,-0.001113533
55:57.8,-0.00109961
55:58.8,-0.0010883
55:59.8,-0.001082223
56:00.8,-0.001085866
56:01.8,-0.001075366
56:02.8,-0.001077608
56:03.8,-0.001092159
56:04.8,-0.001084284
56:05.8,-0.001090742
56:06.8,-0.001096877
56:07.8,-0.001094951
56:08.8,-0.001092951
56:09.8,-0.001103025
56:10.8,-0.001108127
56:11.8,-0.00109145
56:12.8,-0.001087259
56:13.7,-0.001096104
56:14.7,-0.001099357
56:15.7,-0.001088346
56:16.7,-0.001082716
56:17.7,-0.001087299
56:18.7,-0.001090901
56:19.7,-0.001108174
56:20.7,-0.001100716
56:21.7,-0.00109435
56:22.7,-0.001093436
56:23.7,-0.001091664
56:24.7,-0.001083119
56:25.7,-0.001094565
56:26.7,-0.001096445
56:27.7,-0.001086776
56:28.7,-0.001109607
56:29.7,-0.001085208
56:30.7,-0.001088937
56:31.7,-0.001100052
56:32.7,-0.001105311
56:33.7,-0.001095002
56:34.7,-0.00110162
56:35.7,-0.001104336
56:36.7,-0.001099052
56:37.7,-0.001084147
56:38.7,-0.001076196
56:39.7,-0.00108464
56:40.7,-0.001100589
56:41.7,-0.001115233
56:42.7,-0.001089252
56:43.7,-0.001086149
56:44.7,-0.001086917
56:45.7,-0.001103153
56:46.7,-0.00110297
56:47.7,-0.001094097
56:48.7,-0.001084438
56:49.7,-0.001089548
56:50.7,-0.001093247
56:51.7,-0.001095271
56:52.7,-0.001101373
56:53.7,-0.001093502
56:54.7,0
56:55.7,-0.001294293
56:56.7,-0.001179754
56:57.7,-0.001200725
56:58.7,-0.001216034
56:59.7,-0.00120328
57:00.7,-0.001210594
57:01.7,-0.001208922
57:02.7,-0.001194918
57:03.7,-0.001190561
57:04.7,-0.001200063
57:05.7,-0.001205345
57:06.7,-0.001193109
57:07.7,-0.001194752
57:08.7,-0.001208043
57:09.7,-0.001218721
57:10.7,-0.001201496
57:11.7,-0.001180222
57:12.7,-0.001178225
57:13.7,-0.00120905
57:14.6,-0.001197281
57:15.6,-0.001198621
57:16.6,-0.00118897
57:17.6,-0.001170591
57:18.6,-0.001179603
57:19.6,-0.001206847
57:20.6,-0.001214084
57:21.6,-0.001217651
57:22.6,-0.001209833
57:23.6,-0.001203286
57:24.6,-0.001211745
57:25.6,-0.001209254
57:26.6,-0.001197489
57:27.6,-0.001204218
57:28.6,-0.001201515
57:29.6,-0.001191507
57:30.6,-0.001191116
57:31.6,-0.001208049
57:32.6,-0.001196789
57:33.6,-0.001183607
57:34.6,-0.00119912
57:35.6,-0.00120791
57:36.6,-0.00120425
57:37.6,-0.001198483
57:38.6,-0.001215761
57:39.6,-0.001194156
57:40.6,-0.001195028
57:41.6,-0.001183166
57:42.6,-0.001189186
57:43.6,-0.001203154
57:44.6,-0.001199971
57:45.6,-0.001190229
57:46.6,-0.001197454
57:47.6,-0.00121209
57:48.6,-0.0012106
57:49.6,-0.001195254
57:50.6,-0.001206825
57:51.6,-0.001205244
57:52.6,-0.001192307
57:53.6,-0.001180948
57:54.6,-0.00119692
57:55.6,-0.001197633
57:56.6,-0.001197262
57:57.6,-0.001198452
57:58.6,-0.001205103
57:59.6,-0.001206542
58:00.6,-0.001198487
58:01.6,-0.001180406
58:02.6,-0.001194779
58:03.6,-0.001202756
58:04.6,-0.001201453
58:05.6,-0.001212717
58:06.6,-0.001220476
58:07.6,-0.00123053
58:08.6,-0.001229354
58:09.6,-0.00121404
58:10.6,-0.00118272
58:11.6,-0.00116831
58:12.6,-0.001164901
58:13.6,-0.001158064
58:14.6,-0.001195176
58:15.5,-0.001189132
58:16.5,-0.00118065
58:17.5,-0.001191741
58:18.5,-0.001205166
58:19.5,-0.001188574
58:20.5,-0.001178486
58:21.5,-0.001208063
58:22.5,-0.001216581
58:23.5,-0.001219856
58:24.5,-0.001196669
58:25.5,-0.001185605
58:26.5,-0.001192173
58:27.5,-0.001187002
58:28.5,-0.001175857
58:29.5,-0.001185415
58:30.5,-0.001201266
58:31.5,-0.001205762
58:32.5,-0.001213812
58:33.5,-0.001230149
58:34.5,-0.001200029
58:35.5,-0.001192039
58:36.5,-0.001188196
58:37.5,-0.00119314
58:38.5,-0.001179149
58:39.5,-0.001197869
58:40.5,-0.00120855
58:41.5,-0.001217546
58:42.5,-0.001211733
58:43.5,-0.0011918
58:44.5,-0.001202232
58:45.5,-0.00121202
58:46.5,-0.001205547
58:47.5,-0.001204431
58:48.5,-0.00118993
58:49.5,-0.001188938
58:50.5,-0.001193301
58:51.5,-0.001206299
58:52.5,-0.001190672
58:53.5,-0.001184261
58:54.5,-0.001195947
58:55.5,-0.0011843
58:56.5,-0.001181255
58:57.5,-0.001184586
58:58.5,-0.001205176
58:59.5,-0.001213182
59:00.5,-0.00119541
59:01.5,-0.001204036
59:02.5,-0.001207223
59:03.5,-0.001207653
59:04.5,-0.001202689
59:05.5,-0.001193783
59:06.5,-0.001200751
59:07.5,-0.001204869
59:08.5,-0.001214806
59:09.5,-0.001191779
59:10.5,-0.001194392
59:11.5,-0.001197562
59:12.5,-0.001201399
59:13.5,-0.001189762
59:14.5,-0.001195617
59:15.5,-0.001220422
59:16.4,-0.001215824
59:17.4,-0.001209118
59:18.4,-0.001224296
59:19.4,-0.001223305
59:20.4,-0.001190481
59:21.4,-0.00117556
59:22.4,-0.001164989
59:23.4,-0.001166989
59:24.4,-0.001193926
59:25.4,-0.001199656
59:26.4,-0.001201888
59:27.4,-0.001187775
59:28.4,-0.001184129
59:29.4,-0.001185433
59:30.4,-0.001205747
59:31.4,-0.001209419
59:32.4,-0.001204503
59:33.4,-0.001207491
59:34.4,-0.001193934
59:35.4,-0.001190217
59:36.4,-0.001210818
59:37.4,-0.00120763
59:38.4,-0.001222762
59:39.4,-0.001220801
59:40.4,-0.001213712
59:41.4,-0.001181523
59:42.4,-0.001175013
59:43.4,-0.001173746
59:44.4,-0.00119353
59:45.4,-0.00120716
59:46.4,-0.001203158
59:47.4,-0.001190478
59:48.4,-0.001173532
59:49.4,-0.001196798
59:50.4,-0.001194166
59:51.4,-0.001209469
59:52.4,-0.001217447
59:53.4,-0.001195803
59:54.4,-0.001196234
59:55.4,-0.001205859
59:56.4,-0.001214169
59:57.4,-0.001215237
59:58.4,-0.001210215
59:59.4,-0.001190265
2025-7-7 21:00,-0.001189493
00:01.4,-0.001183464
00:02.4,-0.001181108
00:03.4,-0.00119099
00:04.4,-0.001199733
00:05.4,-0.001190721
00:06.4,-0.001179625
00:07.4,-0.001196354
00:08.4,-0.001194417
00:09.4,-0.00119342
00:10.4,-0.00119865
00:11.4,-0.001213346
00:12.4,-0.00120799
00:13.4,-0.001208658
00:14.4,-0.001200138
00:15.4,-0.001195127
00:16.4,-0.001203773
00:17.4,-0.001210643
00:18.3,-0.001202258
00:19.3,-0.001207787
00:20.3,-0.001199533
00:21.3,-0.001200059
00:22.3,-0.001192336
00:23.3,-0.001178184
00:24.3,-0.001195515
00:25.3,-0.001216526
00:26.3,-0.001222217
00:27.3,-0.00120734
00:28.3,-0.001199232
00:29.3,-0.001194377
00:30.3,-0.001192422
00:31.3,-0.001185078
00:32.3,-0.001190455
00:33.3,-0.001181134
00:34.3,-0.001196432
00:35.3,-0.001202626
00:36.3,-0.001201428
00:37.3,-0.00123181
00:38.3,-0.001230326
00:39.3,-0.001202376
00:40.3,-0.001198217
00:41.3,-0.001176186
00:42.3,-0.001165771
00:43.3,-0.00117653
00:44.3,-0.001196599
00:45.3,-0.001203901
00:46.3,-0.001183396
00:47.3,-0.001190442
00:48.3,-0.00120943
00:49.3,-0.001195592
00:50.3,-0.001191984
00:51.3,-0.001211179
00:52.3,-0.001197822
00:53.3,-0.001197387
00:54.3,-0.001200857
00:55.3,-0.001192958
00:56.3,-0.001198319
00:57.3,-0.001208301
00:58.3,-0.001217388
00:59.3,-0.001201449
01:00.3,-0.001190573
01:01.3,-0.001196619
01:02.3,-0.001172003
01:03.3,-0.001204172
01:04.3,-0.001194512
01:05.3,-0.001177998
01:06.3,-0.00119445
01:07.3,-0.001208366
01:08.3,-0.001215849
01:09.3,-0.001195736
01:10.3,-0.001200879
01:11.3,-0.001193935
01:12.3,-0.001197318
01:13.3,-0.001203046
01:14.3,-0.001201183
01:15.3,-0.001203167
01:16.3,-0.001181989
01:17.3,-0.001192672
01:18.3,-0.00121175
01:19.2,-0.001210425
01:20.2,-0.001206221
01:21.2,-0.001198272
01:22.2,-0.001183972
01:23.2,-0.001192889
01:24.2,-0.001189875
01:25.2,-0.001175907
01:26.2,-0.001175746
01:27.2,-0.001185844
01:28.2,-0.001218697
01:29.2,-0.001218967
01:30.2,-0.001213777
01:31.2,-0.001212182
01:32.2,-0.001188215
01:33.2,-0.001199148
01:34.2,-0.00120178
01:35.2,-0.00119854
01:36.2,-0.001194095
01:37.2,-0.001203263
01:38.2,-0.001173639
01:39.2,-0.001171992
01:40.2,-0.00119458
01:41.2,-0.001200702
01:42.2,-0.001223026
01:43.2,-0.00121771
01:44.2,-0.001196713
01:45.2,-0.00119126
01:46.2,-0.001220772
01:47.2,-0.001237472
01:48.2,-0.00121992
01:49.2,-0.001205643
01:50.2,-0.001187535
01:51.2,-0.001163956
01:52.2,-0.001180295
01:53.2,-0.001186819
01:54.2,-0.00118819
01:55.2,-0.0011975
01:56.2,-0.001194693
01:57.2,-0.001226315
01:58.2,-0.001221076
01:59.2,-0.001195349
02:00.2,-0.001190505
02:01.2,-0.001185321
02:02.2,-0.001197693
02:03.2,-0.001197485
02:04.2,-0.001206722
02:05.2,-0.001229713
02:06.2,-0.001214756
02:07.2,-0.00120419
02:08.2,-0.001191776
02:09.2,-0.001196675
02:10.2,-0.001195071
02:11.2,-0.001192749
02:12.2,-0.001186117
02:13.2,-0.001188771
02:14.2,-0.001200386
02:15.2,-0.001196353
02:16.2,-0.001208798
02:17.2,-0.001214733
02:18.2,-0.001220339
02:19.2,-0.001203824
02:20.1,-0.001193163
02:21.1,-0.001190175
02:22.1,-0.001192237
02:23.1,-0.001190575
02:24.1,-0.001194448
02:25.1,-0.00118471
02:26.1,-0.001188536
02:27.1,-0.001192368
02:28.1,-0.001198466
02:29.1,-0.00120484
02:30.1,-0.001221433
02:31.1,-0.001217728
02:32.1,-0.001202935
02:33.1,-0.001195673
02:34.1,-0.001195341
02:35.1,-0.001210337
02:36.1,-0.001223765
02:37.1,-0.001209043
02:38.1,-0.001195053
02:39.1,-0.001193067
02:40.1,-0.001184717
02:41.1,-0.001201059
02:42.1,-0.001199526
02:43.1,-0.001192717
02:44.1,-0.001197099
02:45.1,-0.001186164
02:46.1,-0.00118033
02:47.1,-0.001173261
02:48.1,-0.001150162
02:49.1,-0.001164554
02:50.1,-0.001212203
02:51.1,-0.001257315
02:52.1,-0.001254663
02:53.1,-0.001222311
02:54.1,-0.001202475
02:55.1,-0.001201706
02:56.1,-0.001198392
02:57.1,-0.001179895
02:58.1,-0.001175765
02:59.1,-0.001197767
03:00.1,-0.001214973
03:01.1,-0.001223388
03:02.1,-0.00120738
03:03.1,-0.001193283
03:04.1,-0.001203987
03:05.1,-0.001197365
03:06.1,-0.001196716
03:07.1,-0.001214186
03:08.1,-0.001206623
03:09.1,-0.001195712
03:10.1,-0.001193148
03:11.1,-0.001196927
03:12.1,-0.001198666
03:13.1,-0.001200334
03:14.1,-0.001202348
03:15.1,-0.001207838
03:16.1,-0.001210208
03:17.1,-0.001216651
03:18.1,-0.001200048
03:19.1,-0.001192475
03:20.1,-0.0011727
03:21.0,-0.001180984
03:22.0,-0.001215966
03:23.0,-0.001204995
03:24.0,-0.001200069
03:25.0,-0.001195084
03:26.0,-0.001174611
03:27.0,-0.001180126
03:28.0,-0.001207187
03:29.0,-0.001213015
03:30.0,-0.001212813
03:31.0,-0.001199947
03:32.0,-0.001208176
03:33.0,-0.001202267
03:34.0,-0.001208381
03:35.0,-0.00121224
03:36.0,-0.001192192
03:37.0,-0.001182433
03:38.0,-0.00117775
03:39.0,-0.001198345
03:40.0,-0.001215509
03:41.0,-0.001203591
03:42.0,-0.001208232
03:43.0,-0.001205116
03:44.0,-0.001199284
03:45.0,-0.001203083
03:46.0,-0.001204732
03:47.0,-0.001199744
03:48.0,-0.001216551
03:49.0,-0.001220006
03:50.0,-0.001196145
03:51.0,-0.001185004
03:52.0,-0.001184148
03:53.0,-0.001188377
03:54.0,-0.001196316
03:55.0,-0.001196388
03:56.0,-0.001187773
03:57.0,-0.001190505
03:58.0,-0.001205712
03:59.0,-0.001192469
04:00.0,-0.001193803
04:01.0,-0.001214858
04:02.0,-0.001222939
04:03.0,-0.001194992
04:04.0,-0.0011942
04:05.0,-0.001205523
04:06.0,-0.001216841
04:07.0,-0.001204744
04:08.0,-0.001186954
04:09.0,-0.001184529
04:10.0,-0.001195387
04:11.0,-0.001200334
04:12.0,-0.001204086
04:13.0,-0.001200707
04:14.0,-0.001199343
04:15.0,-0.001197403
04:16.0,-0.001206762
04:17.0,-0.00121505
04:18.0,-0.001200563
04:19.0,-0.001195321
04:20.0,-0.001190972
04:21.0,-0.001206933
04:21.9,-0.001192847
04:22.9,-0.001189905
04:23.9,-0.001196609
04:24.9,-0.001205302
04:25.9,-0.00120938
04:26.9,-0.001213169
04:27.9,-0.001203854
04:28.9,-0.001204539
04:29.9,-0.001183379
04:30.9,-0.001194773
04:31.9,-0.001182192
04:32.9,-0.001199516
04:33.9,-0.00120399
04:34.9,-0.001216546
04:35.9,-0.001207225
04:36.9,-0.001200658
04:37.9,-0.001193767
04:38.9,-0.001199318
04:39.9,-0.001191785
04:40.9,-0.001196343
04:41.9,-0.001191332
04:42.9,-0.001190436
04:43.9,-0.001203131
04:44.9,-0.001198577
04:45.9,-0.001194003
04:46.9,-0.001191065
04:47.9,-0.001183155
04:48.9,-0.001202221
04:49.9,-0.001203476
04:50.9,-0.001203514
04:51.9,-0.001205575
04:52.9,-0.001211634
04:53.9,-0.001198498
04:54.9,-0.001187354
04:55.9,-0.001185753
04:56.9,-0.001166465
04:57.9,-0.001166117
04:58.9,-0.001187904
04:59.9,-0.001209101
05:00.9,-0.001218097
05:01.9,-0.001236759
05:02.9,-0.001215313
05:03.9,-0.001209778
05:04.9,-0.001217449
05:05.9,-0.001210699
05:06.9,-0.001205339
05:07.9,-0.001202025
05:08.9,-0.001186941
05:09.9,-0.001187252
05:10.9,-0.001186086
05:11.9,-0.00119081
05:12.9,-0.00118661
05:13.9,-0.001199223
05:14.9,-0.001209899
05:15.9,-0.001205061
05:16.9,-0.001188397
05:17.9,-0.001174638
05:18.9,-0.001183496
05:19.9,-0.001183422
05:20.9,-0.001196532
05:21.9,-0.001219197
05:22.8,-0.001211974
05:23.8,-0.001198698
05:24.8,-0.001200225
05:25.8,-0.001176505
05:26.8,-0.00118064
05:27.8,-0.001199949
05:28.8,-0.00120698
05:29.8,-0.001205208
05:30.8,-0.001205333
05:31.8,-0.001205838
05:32.8,-0.001201124
05:33.8,-0.00119208
05:34.8,-0.001166956
05:35.8,-0.00115165
05:36.8,-0.001156141
05:37.8,-0.001176133
05:38.8,-0.001212464
05:39.8,-0.001231532
05:40.8,-0.001246967
05:41.8,-0.001236611
05:42.8,-0.001205938
05:43.8,-0.001194587
05:44.8,-0.001203891
05:45.8,-0.001211344
05:46.8,-0.001205404
05:47.8,-0.001182075
05:48.8,-0.00118777
05:49.8,-0.001193679
05:50.8,-0.001194385
05:51.8,-0.001212156
05:52.8,-0.001188597
05:53.8,-0.001203404
05:54.8,-0.001221412
05:55.8,-0.001214339
05:56.8,-0.001205535
05:57.8,-0.001194987
05:58.8,-0.00117546
05:59.8,-0.00120337
06:00.8,-0.001186671
06:01.8,-0.001201581
06:02.8,-0.001217633
06:03.8,-0.00119847
06:04.8,-0.001165596
06:05.8,-0.001192736
06:06.8,-0.001179869
06:07.8,-0.001175533
06:08.8,-0.001198556
06:09.8,-0.001220264
06:10.8,-0.001237098
06:11.8,-0.001243549
06:12.8,-0.001218203
06:13.8,-0.001209231
06:14.8,-0.001222872
06:15.8,-0.001200388
06:16.8,-0.001181359
06:17.8,-0.001186868
06:18.8,-0.001185375
06:19.8,-0.001207774
06:20.8,-0.00121467
06:21.8,-0.001213181
06:22.8,-0.001207051
06:23.7,-0.001202173
06:24.7,-0.001207355
06:25.7,-0.001200878
06:26.7,-0.001211955
06:27.7,-0.001196364
06:28.7,-0.001193348
06:29.7,-0.001187213
06:30.7,-0.001209199
06:31.7,-0.001225178
06:32.7,-0.001199631
06:33.7,-0.001195098
06:34.7,-0.001194383
06:35.7,-0.001197618
06:36.7,-0.001189459
06:37.7,-0.00122332
06:38.7,-0.001224517
06:39.7,-0.001225377
06:40.7,-0.001207247
06:41.7,-0.001186904
06:42.7,-0.001181026
06:43.7,-0.001200925
06:44.7,-0.001202418
06:45.7,-0.001213197
06:46.7,-0.0012133
06:47.7,-0.001203547
06:48.7,-0.001206824
06:49.7,-0.001201988
06:50.7,-0.001190156
06:51.7,-0.001211443
06:52.7,-0.001191367
06:53.7,-0.00119645
06:54.7,0
06:55.7,-0.001350883
06:56.7,-0.001226756
06:57.7,-0.001237084
06:58.7,-0.001233372
06:59.7,-0.001238058
07:00.7,-0.001231525
07:01.7,-0.00122368
07:02.7,-0.001210736
07:03.7,-0.001220773
07:04.7,-0.001228335
07:05.7,-0.001213671
07:06.7,-0.00122569
07:07.7,-0.001235555
07:08.7,-0.001249497
07:09.7,-0.0012497
07:10.7,-0.001218857
07:11.7,-0.001211022
07:12.7,-0.001233427
07:13.7,-0.001230018
07:14.7,-0.001234864
07:15.7,-0.001234953
07:16.7,-0.00124274
07:17.7,-0.001249587
07:18.7,-0.001245778
07:19.7,-0.00122929
07:20.7,-0.001210048
07:21.7,-0.001204095
07:22.7,-0.001227148
07:23.7,-0.001223226
07:24.6,-0.001224571
07:25.6,-0.001225021
07:26.6,-0.001236432
07:27.6,-0.001237576
07:28.6,-0.001228858
07:29.6,-0.001221778
07:30.6,-0.001218759
07:31.6,-0.001231754
07:32.6,-0.001236496
07:33.6,-0.001236097
07:34.6,-0.001229697
07:35.6,-0.001236314
07:36.6,-0.001245175
07:37.6,-0.001242546
07:38.6,-0.001230155
07:39.6,-0.001223955
07:40.6,-0.001235188
07:41.6,-0.001232927
07:42.6,-0.001202037
07:43.6,-0.001215476
07:44.6,-0.001234845
07:45.6,-0.001230076
07:46.6,-0.001220895
07:47.6,-0.001228172
07:48.6,-0.001236362
07:49.6,-0.001228188
07:50.6,-0.001230027
07:51.6,-0.001228446
07:52.6,-0.001232536
07:53.6,-0.001229291
07:54.6,-0.001230549
07:55.6,-0.001236172
07:56.6,-0.001246694
07:57.6,-0.001247665
07:58.6,-0.001233906
07:59.6,-0.001220501
08:00.6,-0.001209368
08:01.6,-0.001206439
08:02.6,-0.001224287
08:03.6,-0.00123723
08:04.6,-0.001227723
08:05.6,-0.001228574
08:06.6,-0.001235543
08:07.6,-0.001245285
08:08.6,-0.001228018
08:09.6,-0.001222414
08:10.6,-0.001216754
08:11.6,-0.001226448
08:12.6,-0.001230186
08:13.6,-0.0012286
08:14.6,-0.00122633
08:15.6,-0.001225507
08:16.6,-0.00122581
08:17.6,-0.001232605
08:18.6,-0.001239312
08:19.6,-0.001245656
08:20.6,-0.001245859
08:21.6,-0.00123134
08:22.6,-0.001208316
08:23.6,-0.001208904
08:24.6,-0.001222516
08:25.5,-0.001220833
08:26.5,-0.001219031
08:27.5,-0.001225509
08:28.5,-0.001228226
08:29.5,-0.001231766
08:30.5,-0.001242359
08:31.5,-0.001238024
08:32.5,-0.001224443
08:33.5,-0.001232192
08:34.5,-0.001228078
08:35.5,-0.001227048
08:36.5,-0.001239645
08:37.5,-0.001238056
08:38.5,-0.001238118
08:39.5,-0.001216856
08:40.5,-0.001208409
08:41.5,-0.001222029
08:42.5,-0.001234511
08:43.5,-0.001236144
08:44.5,-0.001228182
08:45.5,-0.001229503
08:46.5,-0.001235187
08:47.5,-0.0012359
08:48.5,-0.001246807
08:49.5,-0.001226897
08:50.5,-0.001219499
08:51.5,-0.001221687
08:52.5,-0.001227034
08:53.5,-0.001219439
08:54.5,-0.001228133
08:55.5,-0.001226478
08:56.5,-0.001215875
08:57.5,-0.001230199
08:58.5,-0.00122661
08:59.5,-0.001228961
09:00.5,-0.001230466
09:01.5,-0.001231667
09:02.5,-0.001226169
09:03.5,-0.001246632
09:04.5,-0.001232693
09:05.5,-0.001228525
09:06.5,-0.001245944
09:07.5,-0.001249129
09:08.5,-0.001226996
09:09.5,-0.001220267
09:10.5,-0.001219196
09:11.5,-0.001219806
09:12.5,-0.001228769
09:13.5,-0.001229977
09:14.5,-0.001228425
09:15.5,-0.001226861
09:16.5,-0.001241838
09:17.5,-0.001247681
09:18.5,-0.001233995
09:19.5,-0.0012322
09:20.5,-0.001223065
09:21.5,-0.001223867
09:22.5,-0.001226104
09:23.5,-0.00121215
09:24.5,-0.001228712
09:25.5,-0.001231201
09:26.5,-0.001231758
09:27.4,-0.001251003
09:28.4,-0.001238972
09:29.4,-0.001242055
09:30.4,-0.00123138
09:31.4,-0.001226704
09:32.4,-0.001209022
09:33.4,-0.001206851
09:34.4,-0.001228737
09:35.4,-0.00123108
09:36.4,-0.001225515
09:37.4,-0.001198792
09:38.4,-0.001206318
09:39.4,-0.001227117
09:40.4,-0.001250051
09:41.4,-0.001251984
09:42.4,-0.001247587
09:43.4,-0.001224735
09:44.4,-0.001231317
09:45.4,-0.001246359
09:46.4,-0.001252545
09:47.4,-0.001247572
09:48.4,-0.001228983
09:49.4,-0.001210653
09:50.4,-0.001206437
09:51.4,-0.001217661
09:52.4,-0.001236933
09:53.4,-0.001221412
09:54.4,-0.001221391
09:55.4,-0.001204703
09:56.4,-0.001201638
09:57.4,-0.001211773
09:58.4,-0.001222427
09:59.4,-0.001225206
10:00.4,-0.001252634
10:01.4,-0.001264457
10:02.4,-0.001260805
10:03.4,-0.001232953
10:04.4,-0.001227372
10:05.4,-0.001214774
10:06.4,-0.001206162
10:07.4,-0.001211742
10:08.4,-0.001224542
10:09.4,-0.001246976
10:10.4,-0.001243859
10:11.4,-0.001247165
10:12.4,-0.0012274
10:13.4,-0.001243297
10:14.4,-0.001235494
10:15.4,-0.001242228
10:16.4,-0.001235629
10:17.4,-0.001238145
10:18.4,-0.001228606
10:19.4,-0.001238106
10:20.4,-0.00122634
10:21.4,-0.00121623
10:22.4,-0.001217147
10:23.4,-0.001227464
10:24.4,-0.001231808
10:25.4,-0.001242264
10:26.4,-0.001231757
10:27.4,-0.001223886
10:28.3,-0.001241416
10:29.3,-0.001222614
10:30.3,-0.00122045
10:31.3,-0.001223018
10:32.3,-0.001227235
10:33.3,-0.001232854
10:34.3,-0.001231373
10:35.3,-0.001225498
10:36.3,-0.001233384
10:37.3,-0.001238803
10:38.3,-0.001233941
10:39.3,-0.001225689
10:40.3,-0.001220626
10:41.3,-0.001233023
10:42.3,-0.001237045
10:43.3,-0.00122485
10:44.3,-0.001228215
10:45.3,-0.00123437
10:46.3,-0.001221239
10:47.3,-0.001219348
10:48.3,-0.001226446
10:49.3,-0.001231026
10:50.3,-0.001235695
10:51.3,-0.001244971
10:52.3,-0.001227672
10:53.3,-0.001229839
10:54.3,-0.001226479
10:55.3,-0.00122586
10:56.3,-0.001223633
10:57.3,-0.001223706
10:58.3,-0.001221657
10:59.3,-0.001226613
11:00.3,-0.001247126
11:01.3,-0.001242462
11:02.3,-0.001241061
11:03.3,-0.001243827
11:04.3,-0.001227979
11:05.3,-0.001223479
11:06.3,-0.001220641
11:07.3,-0.001227926
11:08.3,-0.001234992
11:09.3,-0.00125126
11:10.3,-0.00123711
11:11.3,-0.001247884
11:12.3,-0.001236039
11:13.3,-0.001219212
11:14.3,-0.001229379
11:15.3,-0.001243156
11:16.3,-0.00123792
11:17.3,-0.001240724
11:18.3,-0.0012398
11:19.3,-0.001226757
11:20.3,-0.001221511
11:21.3,-0.001222865
11:22.3,-0.001231737
11:23.3,-0.001223781
11:24.3,-0.001228667
11:25.3,-0.001229938
11:26.3,-0.001242989
11:27.3,-0.001251584
11:28.3,-0.001251337
11:29.2,-0.001247556
11:30.2,-0.001224493
11:31.2,-0.00120997
11:32.2,-0.001211999
11:33.2,-0.001219746
11:34.2,-0.001233847
11:35.2,-0.001245878
11:36.2,-0.001245773
11:37.2,-0.001240286
11:38.2,-0.001222094
11:39.2,-0.001198705
11:40.2,-0.001199734
11:41.2,-0.001224224
11:42.2,-0.001261864
11:43.2,-0.001248779
11:44.2,-0.001230083
11:45.2,-0.001230506
11:46.2,-0.00122828
11:47.2,-0.001215273
11:48.2,-0.001231221
11:49.2,-0.001242051
11:50.2,-0.001237351
11:51.2,-0.001235184
11:52.2,-0.001243563
11:53.2,-0.001229905
11:54.2,-0.001231481
11:55.2,-0.001233674
11:56.2,-0.001215747
11:57.2,-0.001237384
11:58.2,-0.001246456
11:59.2,-0.001235624
12:00.2,-0.001249069
12:01.2,-0.001238097
12:02.2,-0.001227141
12:03.2,-0.001229103
12:04.2,-0.001230263
12:05.2,-0.001224518
12:06.2,-0.00122973
12:07.2,-0.001224929
12:08.2,-0.001217587
12:09.2,-0.001238849
12:10.2,-0.001247529
12:11.2,-0.001246937
12:12.2,-0.001239178
12:13.2,-0.001246204
12:14.2,-0.001235031
12:15.2,-0.001231985
12:16.2,-0.00123055
12:17.2,-0.001231995
12:18.2,-0.001224613
12:19.2,-0.001243586
12:20.2,-0.001248507
12:21.2,-0.001220042
12:22.2,-0.001236546
12:23.2,-0.001245793
12:24.2,-0.001236218
12:25.2,-0.001215344
12:26.2,-0.001231669
12:27.2,-0.001245783
12:28.2,-0.001230608
12:29.2,-0.001238371
12:30.1,-0.001244283
12:31.1,-0.001242622
12:32.1,-0.00124181
12:33.1,-0.001224856
12:34.1,-0.001227274
12:35.1,-0.001220059
12:36.1,-0.001221336
12:37.1,-0.001232533
12:38.1,-0.001263446
12:39.1,-0.001254045
12:40.1,-0.001231429
12:41.1,-0.001221616
12:42.1,-0.001231955
12:43.1,-0.001239743
12:44.1,-0.001239008
12:45.1,-0.001239641
12:46.1,-0.001234711
12:47.1,-0.001235336
12:48.1,-0.001210399
12:49.1,-0.001188499
12:50.1,-0.001221308
12:51.1,-0.00125615
12:52.1,-0.001262213
12:53.1,-0.00125426
12:54.1,-0.001238119
12:55.1,-0.001234788
12:56.1,-0.001242941
12:57.1,-0.001227935
12:58.1,-0.001229609
12:59.1,-0.001246088
13:00.1,-0.001240199
13:01.1,-0.001219093
13:02.1,-0.001238485
13:03.1,-0.00123844
13:04.1,-0.001243487
13:05.1,-0.001242646
13:06.1,-0.001256213
13:07.1,-0.001253707
13:08.1,-0.001240298
13:09.1,-0.001226121
13:10.1,-0.001217263
13:11.1,-0.001227383
13:12.1,-0.001232027
13:13.1,-0.001225156
13:14.1,-0.00123984
13:15.1,-0.001244085
13:16.1,-0.001219329
13:17.1,-0.001244049
13:18.1,-0.001255346
13:19.1,-0.001233504
13:20.1,-0.001227033
13:21.1,-0.001214977
13:22.1,-0.001237958
13:23.1,-0.001236856
13:24.1,-0.001243841
13:25.1,-0.001251389
13:26.1,-0.001254978
13:27.1,-0.001250034
13:28.1,-0.00124309
13:29.1,-0.001237449
13:30.1,-0.00122573
13:31.0,-0.001208473
13:32.0,-0.001217838
13:33.0,-0.001229726
13:34.0,-0.001235703
13:35.0,-0.001230491
13:36.0,-0.001248165
13:37.0,-0.001232637
13:38.0,-0.001239072
13:39.0,-0.001201366
13:40.0,-0.001231976
13:41.0,-0.001242649
13:42.0,-0.001247405
13:43.0,-0.001247783
13:44.0,-0.001235129
13:45.0,-0.001232125
13:46.0,-0.001231485
13:47.0,-0.001228165
13:48.0,-0.001222165
13:49.0,-0.001232532
13:50.0,-0.001241377
13:51.0,-0.001244233
13:52.0,-0.001251656
13:53.0,-0.001243379
13:54.0,-0.001229912
13:55.0,-0.001223367
13:56.0,-0.001189297
13:57.0,-0.001204861
13:58.0,-0.001235836
13:59.0,-0.001240552
14:00.0,-0.001248076
14:01.0,-0.001253087
14:02.0,-0.001262615
14:03.0,-0.001254484
14:04.0,-0.001242385
14:05.0,-0.001227638
14:06.0,-0.001215894
14:07.0,-0.001232929
14:08.0,-0.001259239
14:09.0,-0.0012463
14:10.0,-0.001230535
14:11.0,-0.001241666
14:12.0,-0.001244454
14:13.0,-0.001217352
14:14.0,-0.001234504
14:15.0,-0.001251636
14:16.0,-0.001239385
14:17.0,-0.001230406
14:18.0,-0.001219229
14:19.0,-0.001215411
14:20.0,-0.001231738
14:21.0,-0.001256406
14:22.0,-0.001225316
14:23.0,-0.001236817
14:24.0,-0.001240146
14:25.0,-0.001246178
14:26.0,-0.001207546
14:27.0,-0.001212614
14:28.0,-0.001219787
14:29.0,-0.001226068
14:30.0,-0.001258235
14:31.0,-0.001249649
14:31.9,-0.001246222
14:32.9,-0.001244583
14:33.9,-0.001236789
14:34.9,-0.001226063
14:35.9,-0.001226336
14:36.9,-0.00120044
14:37.9,-0.001217987
14:38.9,-0.001228567
14:39.9,-0.001249653
14:40.9,-0.001245013
14:41.9,-0.001273099
14:42.9,-0.001242371
14:43.9,-0.001226835
14:44.9,-0.001212394
14:45.9,-0.001206351
14:46.9,-0.001229855
14:47.9,-0.001228426
14:48.9,-0.001252962
14:49.9,-0.001248916
14:50.9,-0.00125263
14:51.9,-0.001270543
14:52.9,-0.001226577
14:53.9,-0.001224625
14:54.9,-0.001215744
14:55.9,-0.001244369
14:56.9,-0.001239277
14:57.9,-0.001231319
14:58.9,-0.001231739
14:59.9,-0.00122494
15:00.9,-0.001225038
15:01.9,-0.001234594
15:02.9,-0.001252649
15:03.9,-0.001236613
15:04.9,-0.001218249
15:05.9,-0.001261276
15:06.9,-0.001282115
15:07.9,-0.001232193
15:08.9,-0.001220268
15:09.9,-0.001228996
15:10.9,-0.001230667
15:11.9,-0.001223027
15:12.9,-0.001209906
15:13.9,-0.00122228
15:14.9,-0.001225241
15:15.9,-0.001214139
15:16.9,-0.001241358
15:17.9,-0.00126889
15:18.9,-0.001273326
15:19.9,-0.001241165
15:20.9,-0.00120218
15:21.9,-0.001209601
15:22.9,-0.001223933
15:23.9,-0.001235973
15:24.9,-0.001244256
15:25.9,-0.001236827
15:26.9,-0.001228463
15:27.9,-0.001215104
15:28.9,-0.001225158
15:29.9,-0.00121664
15:30.9,-0.001231428
15:31.9,-0.001237986
15:32.8,-0.001257166
15:33.8,-0.001242554
15:34.8,-0.001228304
15:35.8,-0.001210443
15:36.8,-0.00121786
15:37.8,-0.001253405
15:38.8,-0.00123345
15:39.8,-0.001219018
15:40.8,-0.001228902
15:41.8,-0.001258748
15:42.8,-0.001248962
15:43.8,-0.001234306
15:44.8,-0.001266355
15:45.8,-0.00125333
15:46.8,-0.001226024
15:47.8,-0.001212625
15:48.8,-0.001228211
15:49.8,-0.00122857
15:50.8,-0.001227931
15:51.8,-0.001224351
15:52.8,-0.001223398
15:53.8,-0.001239469
15:54.8,-0.001230041
15:55.8,-0.001238294
15:56.8,-0.001245068
15:57.8,-0.001223507
15:58.8,-0.001217515
15:59.8,-0.001233397
16:00.8,-0.001224062
16:01.8,-0.001223173
16:02.8,-0.001237996
16:03.8,-0.00123314
16:04.8,-0.001223695
16:05.8,-0.001215469
16:06.8,-0.001213202
16:07.8,-0.001231873
16:08.8,-0.001243209
16:09.8,-0.001252506
16:10.8,-0.001232273
16:11.8,-0.001218368
16:12.8,-0.001256114
16:13.8,-0.001242678
16:14.8,-0.001231347
16:15.8,-0.001217069
16:16.8,-0.001240203
16:17.8,-0.001235608
16:18.8,-0.001227858
16:19.8,-0.001203373
16:20.8,-0.001232302
16:21.8,-0.00124767
16:22.8,-0.001245834
16:23.8,-0.001227294
16:24.8,-0.001226908
16:25.8,-0.001239599
16:26.8,-0.001231494
16:27.8,-0.001235196
16:28.8,-0.001221679
16:29.8,-0.001222341
16:30.8,-0.001227864
16:31.8,-0.001245892
16:32.8,-0.001248161
16:33.7,-0.001224575
16:34.7,-0.001226176
16:35.7,-0.001232852
16:36.7,-0.001223594
16:37.7,-0.001213171
16:38.7,-0.001227645
16:39.7,-0.00124964
16:40.7,-0.001240411
16:41.7,-0.001246049
16:42.7,-0.001228749
16:43.7,-0.001233652
16:44.7,-0.001221537
16:45.7,-0.001234974
16:46.7,-0.001246626
16:47.7,-0.001251098
16:48.7,-0.001238937
16:49.7,-0.001240186
16:50.7,-0.001230076
16:51.7,-0.001211383
16:52.7,-0.001220065
16:53.7,-0.001224911
16:54.7,0
16:55.7,-0.000186387
16:56.7,-0.000166268
16:57.7,-0.00015747
16:58.7,-0.000161877
16:59.7,-0.000151724
17:00.7,-0.000188628
17:01.7,-0.000175169
17:02.7,-0.000165842
17:03.7,-0.000165938
17:04.7,-0.000175933
17:05.7,-0.000166015
17:06.7,-0.000150048
17:07.7,-0.000174433
17:08.7,-0.000181792
17:09.7,-0.000180274
17:10.7,-0.000178174
17:11.7,-0.000142652
17:12.7,-0.000155802
17:13.7,-0.000169245
17:14.7,-0.000168661
17:15.7,-0.000170863
17:16.7,-0.000174638
17:17.7,-0.000168465
17:18.7,-0.000157203
17:19.7,-0.000156066
17:20.7,-0.000161992
17:21.7,-0.000183767
17:22.7,-0.000183975
17:23.7,-0.00015309
17:24.7,-0.000169216
17:25.7,-0.000204874
17:26.7,-0.000197706
17:27.7,-0.000165059
17:28.7,-0.000150593
17:29.7,-0.000132975
17:30.7,-0.000147166
17:31.7,-0.000171532
17:32.7,-0.000186245
17:33.7,-0.0001518
17:34.7,-0.000166409
17:35.6,-0.000178653
17:36.6,-0.000170584
17:37.6,-0.000177228
17:38.6,-0.000170134
17:39.6,-0.000155357
17:40.6,-0.000154626
17:41.6,-0.000152352
17:42.6,-0.000170506
17:43.6,-0.000173359
17:44.6,-0.000166227
17:45.6,-0.000177963
17:46.6,-0.000179423
17:47.6,-0.00016211
17:48.6,-0.000142677
17:49.6,-0.000156558
17:50.6,-0.000167514
17:51.6,-0.000163764
17:52.6,-0.000164665
17:53.6,-0.000190331
17:54.6,-0.000169022
17:55.6,-0.000166494
17:56.6,-0.000156805
17:57.6,-0.00016333
17:58.6,-0.000173288
17:59.6,-0.000158524
18:00.6,-0.000164132
18:01.6,-0.000178026
18:02.6,-0.000184852
18:03.6,-0.000167617
18:04.6,-0.000162803
18:05.6,-0.000163044
18:06.6,-0.000164537
18:07.6,-0.000160118
18:08.6,-0.000177838
18:09.6,-0.000183614
18:10.6,-0.000179144
18:11.6,-0.000178659
18:12.6,-0.000159545
18:13.6,-0.00014923
18:14.6,-0.000157531
18:15.6,-0.000175337
18:16.6,-0.000172477
18:17.6,-0.000158185
18:18.6,-0.000165153
18:19.6,-0.000165856
18:20.6,-0.000172319
18:21.6,-0.000166638
18:22.6,-0.000172504
18:23.6,-0.000164768
18:24.6,-0.000163801
18:25.6,-0.000158106
18:26.6,-0.000160547
18:27.6,-0.000166346
18:28.6,-0.000144561
18:29.6,-0.000157064
18:30.6,-0.00017763
18:31.6,-0.000171913
18:32.6,-0.000178387
18:33.6,-0.000188791
18:34.6,-0.000171162
18:35.6,-0.000167395
18:36.5,-0.000170564
18:37.5,-0.000142737
18:38.5,-0.000149922
18:39.5,-0.000154163
18:40.5,-0.000170462
18:41.5,-0.000183436
18:42.5,-0.000197279
18:43.5,-0.000176697
18:44.5,-0.000162709
18:45.5,-0.000155847
18:46.5,-0.000168336
18:47.5,-0.000156581
18:48.5,-0.000176914
18:49.5,-0.000174124
18:50.5,-0.000166106
18:51.5,-0.000173792
18:52.5,-0.000172473
18:53.5,-0.000168496
18:54.5,-0.000168531
18:55.5,-0.000176411
18:56.5,-0.000200098
18:57.5,-0.000184554
18:58.5,-0.000172592
18:59.5,-0.000163461
19:00.5,-0.00013368
19:01.5,-0.000140477
19:02.5,-0.000162662
19:03.5,-0.000164262
19:04.5,-0.000166816
19:05.5,-0.000172294
19:06.5,-0.000151547
19:07.5,-0.000160142
19:08.5,-0.000165092
19:09.5,-0.000172705
19:10.5,-0.000166612
19:11.5,-0.000165208
19:12.5,-0.000178879
19:13.5,-0.000164
19:14.5,-0.000168274
19:15.5,-0.000147661
19:16.5,-0.000146692
19:17.5,-0.000132802
19:18.5,-0.000148213
19:19.5,-0.000154917
19:20.5,-0.000171061
19:21.5,-0.000196411
19:22.5,-0.000207527
19:23.5,-0.000194582
19:24.5,-0.000169217
19:25.5,-0.000160719
19:26.5,-0.000166187
19:27.5,-0.000152009
19:28.5,-0.000140684
19:29.5,-0.000149676
19:30.5,-0.000172832
19:31.5,-0.000183093
19:32.5,-0.000191925
19:33.5,-0.00018252
19:34.5,-0.000170582
19:35.5,-0.000156643
19:36.5,-0.000158025
19:37.4,-0.000165125
19:38.4,-0.000153848
19:39.4,-0.00016533
19:40.4,-0.000156211
19:41.4,-0.00017033
19:42.4,-0.000188424
19:43.4,-0.000178364
19:44.4,-0.000174152
19:45.4,-0.000168271
19:46.4,-0.000162427
19:47.4,-0.000160018
19:48.4,-0.000141921
19:49.4,-0.000161022
19:50.4,-0.000184936
19:51.4,-0.000183234
19:52.4,-0.000168854
19:53.4,-0.000164819
19:54.4,-0.000166567
19:55.4,-0.00016124
19:56.4,-0.000152465
19:57.4,-0.000150501
19:58.4,-0.00015063
19:59.4,-0.000155635
20:00.4,-0.000178576
20:01.4,-0.000178192
20:02.4,-0.000173437
20:03.4,-0.000177097
20:04.4,-0.000167859
20:05.4,-0.000173691
20:06.4,-0.000191844
20:07.4,-0.000183472
20:08.4,-0.000160688
20:09.4,-0.000171133
20:10.4,-0.000163477
20:11.4,-0.00015523
20:12.4,-0.000143792
20:13.4,-0.000142705
20:14.4,-0.000162353
20:15.4,-0.000149592
20:16.4,-0.000154456
20:17.4,-0.000172232
20:18.4,-0.000163775
20:19.4,-0.000159896
20:20.4,-0.000173302
20:21.4,-0.000171642
20:22.4,-0.000177936
20:23.4,-0.000159589
20:24.4,-0.000161075
20:25.4,-0.000163841
20:26.4,-0.000173213
20:27.4,-0.000169147
20:28.4,-0.000161828
20:29.4,-0.000181542
20:30.4,-0.000186173
20:31.4,-0.000165024
20:32.4,-0.00014368
20:33.4,-0.000140641
20:34.4,-0.000158644
20:35.4,-0.000162769
20:36.4,-0.000168823
20:37.4,-0.000168211
20:38.3,-0.000151361
20:39.3,-0.000149232
20:40.3,-0.000164507
20:41.3,-0.000175481
20:42.3,-0.000175047
20:43.3,-0.000167058
20:44.3,-0.000169609
20:45.3,-0.000175633
20:46.3,-0.000161044
20:47.3,-0.000162892
20:48.3,-0.000182948
20:49.3,-0.000172107
20:50.3,-0.000171387
20:51.3,-0.000170246
20:52.3,-0.000152038
20:53.3,-0.000134107
20:54.3,-0.000159716
20:55.3,-0.000171128
20:56.3,-0.000168537
20:57.3,-0.000171617
20:58.3,-0.00017159
20:59.3,-0.000157019
21:00.3,-0.000166818
21:01.3,-0.000168621
21:02.3,-0.000163354
21:03.3,-0.000157408
21:04.3,-0.000166685
21:05.3,-0.000194731
21:06.3,-0.00016412
21:07.3,-0.000161582
21:08.3,-0.00017474
21:09.3,-0.000154603
21:10.3,-0.00015146
21:11.3,-0.000148282
21:12.3,-0.000162761
21:13.3,-0.000176389
21:14.3,-0.000164956
21:15.3,-0.000168443
21:16.3,-0.000165724
21:17.3,-0.000174188
21:18.3,-0.000150281
21:19.3,-0.00014975
21:20.3,-0.000162214
21:21.3,-0.0001674
21:22.3,-0.000168857
21:23.3,-0.000181199
21:24.3,-0.000167954
21:25.3,-0.000163047
21:26.3,-0.000180588
21:27.3,-0.000198851
21:28.3,-0.000164534
21:29.3,-0.000146174
21:30.3,-0.000150542
21:31.3,-0.000161341
21:32.3,-0.000159314
21:33.3,-0.000167782
21:34.3,-0.000162424
21:35.3,-0.000149052
21:36.3,-0.000153256
21:37.3,-0.000165114
21:38.3,-0.000165397
21:39.2,-0.000166425
21:40.2,-0.000173424
21:41.2,-0.000176174
21:42.2,-0.000181134
21:43.2,-0.000165522
21:44.2,-0.000160333
21:45.2,-0.000162536
21:46.2,-0.000164099
21:47.2,-0.000161014
21:48.2,-0.00015884
21:49.2,-0.000164316
21:50.2,-0.000175707
21:51.2,-0.00018268
21:52.2,-0.000171778
21:53.2,-0.000155428
21:54.2,-0.000160889
21:55.2,-0.000165736
21:56.2,-0.000157487
21:57.2,-0.00015154
21:58.2,-0.000165922
21:59.2,-0.000163807
22:00.2,-0.00016907
22:01.2,-0.000175758
22:02.2,-0.00017102
22:03.2,-0.000163599
22:04.2,-0.000166653
22:05.2,-0.000138292
22:06.2,-0.000151633
22:07.2,-0.000156412
22:08.2,-0.000178485
22:09.2,-0.000179376
22:10.2,-0.000170482
22:11.2,-0.000170514
22:12.2,-0.000170908
22:13.2,-0.000168838
22:14.2,-0.000164714
22:15.2,-0.000176039
22:16.2,-0.000174377
22:17.2,-0.000157276
22:18.2,-0.000162736
22:19.2,-0.0001629
22:20.2,-0.00016874
22:21.2,-0.000155499
22:22.2,-0.00016431
22:23.2,-0.000166325
22:24.2,-0.000160917
22:25.2,-0.000148332
22:26.2,-0.000168937
22:27.2,-0.000167285
22:28.2,-0.000160919
22:29.2,-0.000165621
22:30.2,-0.000178736
22:31.2,-0.000157203
22:32.2,-0.000164172
22:33.2,-0.000171679
22:34.2,-0.000170059
22:35.2,-0.000154719
22:36.2,-0.000157647
22:37.2,-0.000164509
22:38.2,-0.00016915
22:39.2,-0.00016957
22:40.1,-0.000162728
22:41.1,-0.000170994
22:42.1,-0.000168424
22:43.1,-0.000164982
22:44.1,-0.000173827
22:45.1,-0.000174358
22:46.1,-0.000161536
22:47.1,-0.000154099
22:48.1,-0.000145009
22:49.1,-0.000151262
22:50.1,-0.000162464
22:51.1,-0.00016346
22:52.1,-0.00018369
22:53.1,-0.000180633
22:54.1,-0.000163049
22:55.1,-0.000147512
22:56.1,-0.000136818
22:57.1,-0.000165414
22:58.1,-0.000177598
22:59.1,-0.00017179
23:00.1,-0.000171677
23:01.1,-0.000180562
23:02.1,-0.000176167
23:03.1,-0.00017031
23:04.1,-0.000160848
23:05.1,-0.000167878
23:06.1,-0.000175154
23:07.1,-0.000169757
23:08.1,-0.000163447
23:09.1,-0.000168564
23:10.1,-0.000157315
23:11.1,-0.000153863
23:12.1,-0.000169349
23:13.1,-0.000175422
23:14.1,-0.000161612
23:15.1,-0.000149524
23:16.1,-0.000167642
23:17.1,-0.000163661
23:18.1,-0.00016925
23:19.1,-0.000170041
23:20.1,-0.000165738
23:21.1,-0.000181644
23:22.1,-0.000166769
23:23.1,-0.000165798
23:24.1,-0.000164433
23:25.1,-0.000170934
23:26.1,-0.000164202
23:27.1,-0.000160696
23:28.1,-0.000172234
23:29.1,-0.000170762
23:30.1,-0.000158371
23:31.1,-0.000157394
23:32.1,-0.000163984
23:33.1,-0.000172131
23:34.1,-0.00017153
23:35.1,-0.000174642
23:36.1,-0.000175058
23:37.1,-0.000166698
23:38.1,-0.000178668
23:39.1,-0.000163422
23:40.1,-0.000162991
23:41.0,-0.000164408
23:42.0,-0.000167865
23:43.0,-0.00014228
23:44.0,-0.000159869
23:45.0,-0.000158718
23:46.0,-0.000161419
23:47.0,-0.00014149
23:48.0,-0.000155273
23:49.0,-0.000172655
23:50.0,-0.000177356
23:51.0,-0.000176547
23:52.0,-0.000181724
23:53.0,-0.000169415
23:54.0,-0.000167319
23:55.0,-0.000172096
23:56.0,-0.000163806
23:57.0,-0.000153236
23:58.0,-0.000157988
23:59.0,-0.000158634
24:00.0,-0.000162538
24:01.0,-0.000161654
24:02.0,-0.000169355
24:03.0,-0.000176229
24:04.0,-0.000169264
24:05.0,-0.000175773
24:06.0,-0.000157297
24:07.0,-0.000164994
24:08.0,-0.000162748
24:09.0,-0.000147732
24:10.0,-0.000158667
24:11.0,-0.000169518
24:12.0,-0.000171423
24:13.0,-0.000168031
24:14.0,-0.000164007
24:15.0,-0.000159389
24:16.0,-0.000176275
24:17.0,-0.000177849
24:18.0,-0.000178706
24:19.0,-0.000178936
24:20.0,-0.000170802
24:21.0,-0.000162369
24:22.0,-0.000136838
24:23.0,-0.000141382
24:24.0,-0.000158427
24:25.0,-0.000172974
24:26.0,-0.000174155
24:27.0,-0.000166573
24:28.0,-0.000169758
24:29.0,-0.000166391
24:30.0,-0.000160667
24:31.0,-0.000159813
24:32.0,-0.000158727
24:33.0,-0.000156966
24:34.0,-0.000162964
24:35.0,-0.000145985
24:36.0,-0.000160185
24:37.0,-0.000175678
24:38.0,-0.000190049
24:39.0,-0.000191186
24:40.0,-0.000160545
24:41.0,-0.000148408
24:41.9,-0.00015576
24:42.9,-0.000154218
24:43.9,-0.000164175
24:44.9,-0.000171085
24:45.9,-0.000173227
24:46.9,-0.000168871
24:47.9,-0.000179646
24:48.9,-0.000166879
24:49.9,-0.000146556
24:50.9,-0.000153901
24:51.9,-0.000159544
24:52.9,-0.000159335
24:53.9,-0.000165422
24:54.9,-0.000169271
24:55.9,-0.000164746
24:56.9,-0.00017199
24:57.9,-0.000173565
24:58.9,-0.000170549
24:59.9,-0.000158761
25:00.9,-0.000147929
25:01.9,-0.000146257
25:02.9,-0.000155046
25:03.9,-0.000162798
25:04.9,-0.00015636
25:05.9,-0.000155677
25:06.9,-0.000156597
25:07.9,-0.000162182
25:08.9,-0.000157426
25:09.9,-0.000161195
25:10.9,-0.000171268
25:11.9,-0.000175188
25:12.9,-0.000168084
25:13.9,-0.000162274
25:14.9,-0.000166019
25:15.9,-0.000177021
25:16.9,-0.000173101
25:17.9,-0.000170955
25:18.9,-0.000164646
25:19.9,-0.000154079
25:20.9,-0.000151179
25:21.9,-0.00015237
25:22.9,-0.000153786
25:23.9,-0.000160008
25:24.9,-0.000148788
25:25.9,-0.000147824
25:26.9,-0.000158491
25:27.9,-0.000180267
25:28.9,-0.000168591
25:29.9,-0.00016656
25:30.9,-0.000166361
25:31.9,-0.000167953
25:32.9,-0.000160124
25:33.9,-0.000168818
25:34.9,-0.000175437
25:35.9,-0.000171246
25:36.9,-0.000170491
25:37.9,-0.000164086
25:38.9,-0.000155371
25:39.9,-0.000154579
25:40.9,-0.000155323
25:41.9,-0.000150002
25:42.8,-0.000158955
25:43.8,-0.000166043
25:44.8,-0.000171096
25:45.8,-0.000177523
25:46.8,-0.000171379
25:47.8,-0.000172333
25:48.8,-0.000180616
25:49.8,-0.000167239
25:50.8,-0.000138606
25:51.8,-0.000139811
25:52.8,-0.000147586
25:53.8,-0.000155301
25:54.8,-0.000160423
25:55.8,-0.000154342
25:56.8,-0.000154073
25:57.8,-0.000153154
25:58.8,-0.000177782
25:59.8,-0.000183123
26:00.8,-0.000169067
26:01.8,-0.000146066
26:02.8,-0.000162637
26:03.8,-0.00016298
26:04.8,-0.00016471
26:05.8,-0.000168619
26:06.8,-0.000171904
26:07.8,-0.000160331
26:08.8,-0.000135865
26:09.8,-0.000156065
26:10.8,-0.000174955
26:11.8,-0.000175869
26:12.8,-0.000153897
26:13.8,-0.000157847
26:14.8,-0.000171373
26:15.8,-0.000173891
26:16.8,-0.000172379
26:17.8,-0.000175877
26:18.8,-0.000176698
26:19.8,-0.000161261
26:20.8,-0.000138439
26:21.8,-0.000141332
26:22.8,-0.000149299
26:23.8,-0.000158085
26:24.8,-0.000159176
26:25.8,-0.000173244
26:26.8,-0.000173023
26:27.8,-0.000157564
26:28.8,-0.000144577
26:29.8,-0.000142969
26:30.8,-0.000163873
26:31.8,-0.000175477
26:32.8,-0.000170075
26:33.8,-0.000158694
26:34.8,-0.000150527
26:35.8,-0.000160923
26:36.8,-0.00015813
26:37.8,-0.000175518
26:38.8,-0.000167203
26:39.8,-0.000162451
26:40.8,-0.000154295
26:41.8,-0.000162174
26:42.8,-0.000168336
26:43.8,-0.000159782
26:44.7,-0.000147607
26:45.7,-0.000143356
26:46.7,-0.000141144
26:47.7,-0.000164749
26:48.7,-0.000175531
26:49.7,-0.000169631
26:50.7,-0.000158902
26:51.7,-0.00018482
26:52.7,-0.000176646
26:53.7,-0.000157135
26:54.7,0
26:55.7,-0.001106879
26:56.7,-0.001012957
26:57.7,-0.001022018
26:58.7,-0.001019847
26:59.7,-0.001020688
27:00.7,-0.001012913
27:01.7,-0.00100767
27:02.7,-0.001008862
27:03.7,-0.00102441
27:04.7,-0.001023159
27:05.7,-0.001025973
27:06.7,-0.001019053
27:07.7,-0.001016564
27:08.7,-0.001020777
27:09.7,-0.001014401
27:10.7,-0.001017772
27:11.7,-0.001005394
27:12.7,-0.001007468
27:13.7,-0.001012744
27:14.7,-0.001017084
27:15.7,-0.001014508
27:16.7,-0.001021703
27:17.7,-0.001015987
27:18.7,-0.001015272
27:19.7,-0.001016342
27:20.7,-0.001012499
27:21.7,-0.001014899
27:22.7,-0.001027371
27:23.7,-0.001013306
27:24.7,-0.001014669
27:25.7,-0.001016244
27:26.7,-0.001009335
27:27.7,-0.001015482
27:28.7,-0.001020208
27:29.7,-0.001019418
27:30.7,-0.001008404
27:31.7,-0.00101362
27:32.7,-0.001018273
27:33.7,-0.001023319
27:34.7,-0.001018165
27:35.7,-0.001010639
27:36.7,-0.001018096
27:37.7,-0.001016171
27:38.7,-0.001028098
27:39.7,-0.001031138
27:40.7,-0.001024345
27:41.7,-0.001010676
27:42.7,-0.001002959
27:43.7,-0.001007353
27:44.7,-0.001016942
27:45.6,-0.001000892
27:46.6,-0.001002148
27:47.6,-0.001001509
27:48.6,-0.001013798
27:49.6,-0.001026584
27:50.6,-0.001029128
27:51.6,-0.001027044
27:52.6,-0.001026554
27:53.6,-0.001021653
27:54.6,-0.001016984
27:55.6,-0.001009468
27:56.6,-0.001005625
27:57.6,-0.001012969
27:58.6,-0.001014824
27:59.6,-0.001019263
28:00.6,-0.001014611
28:01.6,-0.001010095
28:02.6,-0.001024026
28:03.6,-0.00102234
28:04.6,-0.001018067
28:05.6,-0.001020096
28:06.6,-0.001029079
28:07.6,-0.001016147
28:08.6,-0.001000074
28:09.6,-0.001008861
28:10.6,-0.001007746
28:11.6,-0.001008959
28:12.6,-0.001020948
28:13.6,-0.001025932
28:14.6,-0.00101316
28:15.6,-0.001013603
28:16.6,-0.001002669
28:17.6,-0.000990062
28:18.6,-0.001002352
28:19.6,-0.001025703
28:20.6,-0.001037107
28:21.6,-0.001030818
28:22.6,-0.001020634
28:23.6,-0.001016999
28:24.6,-0.001013277
28:25.6,-0.001017388
28:26.6,-0.001013908
28:27.6,-0.001013741
28:28.6,-0.001021899
28:29.6,-0.001030777
28:30.6,-0.001033016
28:31.6,-0.001017201
28:32.6,-0.001001686
28:33.6,-0.000994119
28:34.6,-0.001013263
28:35.6,-0.001023297
28:36.6,-0.001018309
28:37.6,-0.001013502
28:38.6,-0.001008782
28:39.6,-0.001014837
28:40.6,-0.001013884
28:41.6,-0.001021077
28:42.6,-0.001013404
28:43.6,-0.001007924
28:44.6,-0.001016322
28:45.6,-0.001022482
28:46.5,-0.001017597
28:47.5,-0.001018764
28:48.5,-0.001004937
28:49.5,-0.001011927
28:50.5,-0.001023952
28:51.5,-0.001017761
28:52.5,-0.001014861
28:53.5,-0.001006228
28:54.5,-0.001015083
28:55.5,-0.001022019
28:56.5,-0.000999959
28:57.5,-0.001000282
28:58.5,-0.001003784
28:59.5,-0.00102408
29:00.5,-0.001027772
29:01.5,-0.001021446
29:02.5,-0.001030221
29:03.5,-0.001024419
29:04.5,-0.001019335
29:05.5,-0.001013253
29:06.5,-0.001004946
29:07.5,-0.001009633
29:08.5,-0.001007875
29:09.5,-0.00102623
29:10.5,-0.001023765
29:11.5,-0.001027164
29:12.5,-0.001028007
29:13.5,-0.001015686
29:14.5,-0.001015233
29:15.5,-0.001024431
29:16.5,-0.001018843
29:17.5,-0.001021441
29:18.5,-0.001014315
29:19.5,-0.001016233
29:20.5,-0.001022693
29:21.5,-0.001021589
29:22.5,-0.00101692
29:23.5,-0.001005063
29:24.5,-0.001014616
29:25.5,-0.001015229
29:26.5,-0.001019937
29:27.5,-0.001023697
29:28.5,-0.001011492
29:29.5,-0.001010189
29:30.5,-0.001020334
29:31.5,-0.001013081
29:32.5,-0.001028178
29:33.5,-0.001017113
29:34.5,-0.001014083
29:35.5,-0.001003702
29:36.5,-0.001017961
29:37.5,-0.001018269
29:38.5,-0.001003543
29:39.5,-0.00101253
29:40.5,-0.001027086
29:41.5,-0.001018385
29:42.5,-0.00102642
29:43.5,-0.001030603
29:44.5,-0.001018543
29:45.5,-0.001025005
29:46.5,-0.001030176
29:47.4,-0.001024171
29:48.4,-0.001012106
29:49.4,-0.000995865
29:50.4,-0.001001117
29:51.4,-0.00102032
29:52.4,-0.001025472
29:53.4,-0.001020948
29:54.4,-0.001014151
29:55.4,-0.000999803
29:56.4,-0.001018158
29:57.4,-0.001010413
29:58.4,-0.001005545
29:59.4,-0.001019635
30:00.4,-0.00102798
30:01.4,-0.001024825
30:02.4,-0.00102333
30:03.4,-0.001016761
30:04.4,-0.001015183
30:05.4,-0.001018239
30:06.4,-0.001028933
30:07.4,-0.001026216
30:08.4,-0.001017685
30:09.4,-0.001016511
30:10.4,-0.001009367
30:11.4,-0.00100229
30:12.4,-0.001016149
30:13.4,-0.001011899
30:14.4,-0.001014499
30:15.4,-0.001021787
30:16.4,-0.001007608
30:17.4,-0.001002757
30:18.4,-0.001024265
30:19.4,-0.001030521
30:20.4,-0.001017898
30:21.4,-0.001009767
30:22.4,-0.001012878
30:23.4,-0.001016103
30:24.4,-0.001021142
30:25.4,-0.001037812
30:26.4,-0.00104351
30:27.4,-0.001041797
30:28.4,-0.00104008
30:29.4,-0.001021808
30:30.4,-0.000998953
30:31.4,-0.000987559
30:32.4,-0.00097744
30:33.4,-0.000993315
30:34.4,-0.001013877
30:35.4,-0.001022789
30:36.4,-0.001030684
30:37.4,-0.001017186
30:38.4,-0.001006607
30:39.4,-0.001005632
30:40.4,-0.001011152
30:41.4,-0.001023959
30:42.4,-0.001017032
30:43.4,-0.001011912
30:44.4,-0.001016011
30:45.4,-0.001017469
30:46.4,-0.001015995
30:47.4,-0.001021662
30:48.3,-0.001022824
30:49.3,-0.001027157
30:50.3,-0.001026043
30:51.3,-0.001004548
30:52.3,-0.001004791
30:53.3,-0.001006244
30:54.3,-0.001014588
30:55.3,-0.001013749
30:56.3,-0.001006558
30:57.3,-0.001011199
30:58.3,-0.001012722
30:59.3,-0.001008623
31:00.3,-0.001006053
31:01.3,-0.001027785
31:02.3,-0.001016392
31:03.3,-0.001009005
31:04.3,-0.001014174
31:05.3,-0.00099957
31:06.3,-0.001009391
31:07.3,-0.001001785
31:08.3,-0.000996603
31:09.3,-0.00102613
31:10.3,-0.001035344
31:11.3,-0.001027485
31:12.3,-0.001013819
31:13.3,-0.001005249
31:14.3,-0.001012347
31:15.3,-0.001017479
31:16.3,-0.001011948
31:17.3,-0.001001362
31:18.3,-0.001014754
31:19.3,-0.001029315
31:20.3,-0.001030742
31:21.3,-0.001006853
31:22.3,-0.001002868
31:23.3,-0.001001556
31:24.3,-0.001008941
31:25.3,-0.001021372
31:26.3,-0.001022867
31:27.3,-0.001017588
31:28.3,-0.001010989
31:29.3,-0.001012323
31:30.3,-0.001008969
31:31.3,-0.001007234
31:32.3,-0.001008462
31:33.3,-0.001007765
31:34.3,-0.001014095
31:35.3,-0.001014015
31:36.3,-0.001003552
31:37.3,-0.00101155
31:38.3,-0.0010177
31:39.3,-0.001015279
31:40.3,-0.001019438
31:41.3,-0.001011207
31:42.3,-0.00100935
31:43.3,-0.001010781
31:44.3,-0.00101125
31:45.3,-0.001007411
31:46.3,-0.001000946
31:47.3,-0.001011526
31:48.3,-0.001027511
31:49.2,-0.001018864
31:50.2,-0.001009002
31:51.2,-0.001012895
31:52.2,-0.001022665
31:53.2,-0.001008058
31:54.2,-0.001013944
31:55.2,-0.001015714
31:56.2,-0.001016213
31:57.2,-0.001014455
31:58.2,-0.001013484
31:59.2,-0.001015417
32:00.2,-0.001022675
32:01.2,-0.001025372
32:02.2,-0.001016709
32:03.2,-0.001008769
32:04.2,-0.001016175
32:05.2,-0.001030546
32:06.2,-0.001024993
32:07.2,-0.001017091
32:08.2,-0.001018819
32:09.2,-0.001017228
32:10.2,-0.001008218
32:11.2,-0.00100761
32:12.2,-0.001007664
32:13.2,-0.001017975
32:14.2,-0.001014017
32:15.2,-0.001020258
32:16.2,-0.001016796
32:17.2,-0.001013954
32:18.2,-0.001022299
32:19.2,-0.001020826
32:20.2,-0.001015618
32:21.2,-0.001016321
32:22.2,-0.001017344
32:23.2,-0.001011942
32:24.2,-0.001012658
32:25.2,-0.00102412
32:26.2,-0.001027934
32:27.2,-0.00102598
32:28.2,-0.001017875
32:29.2,-0.001021851
32:30.2,-0.001013893
32:31.2,-0.001009677
32:32.2,-0.001009383
32:33.2,-0.001003691
32:34.2,-0.001016145
32:35.2,-0.001017561
32:36.2,-0.001010051
32:37.2,-0.001024112
32:38.2,-0.001013512
32:39.2,-0.001016358
32:40.2,-0.001021555
32:41.2,-0.001020565
32:42.2,-0.001015263
32:43.2,-0.001011983
32:44.2,-0.00101538
32:45.2,-0.001020669
32:46.2,-0.001013012
32:47.2,-0.001021661
32:48.2,-0.001016304
32:49.2,-0.001013194
32:50.1,-0.001023306
32:51.1,-0.001018894
32:52.1,-0.001012383
32:53.1,-0.001013991
32:54.1,-0.001011393
32:55.1,-0.001015465
32:56.1,-0.00102123
32:57.1,-0.001018894
32:58.1,-0.001019783
32:59.1,-0.001015777
33:00.1,-0.001017044
33:01.1,-0.001014598
33:02.1,-0.001014596
33:03.1,-0.001011505
33:04.1,-0.001018916
33:05.1,-0.001020778
33:06.1,-0.001022193
33:07.1,-0.001018795
33:08.1,-0.001018139
33:09.1,-0.001013666
33:10.1,-0.001009195
33:11.1,-0.001007578
33:12.1,-0.001009271
33:13.1,-0.00102179
33:14.1,-0.00102016
33:15.1,-0.001016873
33:16.1,-0.001027311
33:17.1,-0.001019656
33:18.1,-0.001014534
33:19.1,-0.001018752
33:20.1,-0.001014934
33:21.1,-0.001007827
33:22.1,-0.001012419
33:23.1,-0.001011102
33:24.1,-0.001014677
33:25.1,-0.001011397
33:26.1,-0.001014386
33:27.1,-0.001021759
33:28.1,-0.001021209
33:29.1,-0.001013228
33:30.1,-0.001007187
33:31.1,-0.001022124
33:32.1,-0.001019536
33:33.1,-0.001016469
33:34.1,-0.001016289
33:35.1,-0.001015552
33:36.1,-0.001021854
33:37.1,-0.001021679
33:38.1,-0.001017825
33:39.1,-0.001024836
33:40.1,-0.00102556
33:41.1,-0.001019517
33:42.1,-0.001003492
33:43.1,-0.001000994
33:44.1,-0.00101273
33:45.1,-0.001015449
33:46.1,-0.001008302
33:47.1,-0.001010267
33:48.1,-0.001022265
33:49.1,-0.001022506
33:50.1,-0.001025887
33:51.0,-0.001022652
33:52.0,-0.001014396
33:53.0,-0.0010084
33:54.0,-0.001013691
33:55.0,-0.001014768
33:56.0,-0.001014652
33:57.0,-0.001012039
33:58.0,-0.001007349
33:59.0,-0.001014317
34:00.0,-0.001028726
34:01.0,-0.001023243
34:02.0,-0.00100867
34:03.0,-0.001012012
34:04.0,-0.001015071
34:05.0,-0.001023612
34:06.0,-0.001021056
34:07.0,-0.001012508
34:08.0,-0.001008612
34:09.0,-0.001016065
34:10.0,-0.001019992
34:11.0,-0.001012755
34:12.0,-0.001009957
34:13.0,-0.001007048
34:14.0,-0.00101568
34:15.0,-0.001016106
34:16.0,-0.001017332
34:17.0,-0.001018424
34:18.0,-0.001007434
34:19.0,-0.001005018
34:20.0,-0.001015754
34:21.0,-0.001021333
34:22.0,-0.001019618
34:23.0,-0.001014043
34:24.0,-0.001015316
34:25.0,-0.001014864
34:26.0,-0.001013299
34:27.0,-0.001016412
34:28.0,-0.001015461
34:29.0,-0.001017328
34:30.0,-0.001013674
34:31.0,-0.001013235
34:32.0,-0.001014526
34:33.0,-0.001016948
34:34.0,-0.001009806
34:35.0,-0.001003998
34:36.0,-0.001011436
34:37.0,-0.00102202
34:38.0,-0.001022674
34:39.0,-0.001020924
34:40.0,-0.001026053
34:41.0,-0.0010158
34:42.0,-0.001009627
34:43.0,-0.001008411
34:44.0,-0.001010665
34:45.0,-0.001008311
34:46.0,-0.001017091
34:47.0,-0.001020785
34:48.0,-0.001018733
34:49.0,-0.001016118
34:50.0,-0.001017792
34:51.0,-0.001014458
34:52.0,-0.001010373
34:52.9,-0.001011625
34:53.9,-0.001015992
34:54.9,-0.00101427
34:55.9,-0.001013801
34:56.9,-0.00101828
34:57.9,-0.00101343
34:58.9,-0.001005826
34:59.9,-0.001017809
35:00.9,-0.001024887
35:01.9,-0.001020942
35:02.9,-0.001014565
35:03.9,-0.001010836
35:04.9,-0.001008016
35:05.9,-0.00101195
35:06.9,-0.001015545
35:07.9,-0.00101398
35:08.9,-0.001021004
35:09.9,-0.001023686
35:10.9,-0.001023634
35:11.9,-0.001010979
35:12.9,-0.001012784
35:13.9,-0.001016866
35:14.9,-0.001023431
35:15.9,-0.00102185
35:16.9,-0.001021464
35:17.9,-0.00100796
35:18.9,-0.000994523
35:19.9,-0.001002278
35:20.9,-0.001017897
35:21.9,-0.001025506
35:22.9,-0.001022394
35:23.9,-0.001022162
35:24.9,-0.001016645
35:25.9,-0.001015723
35:26.9,-0.001010193
35:27.9,-0.001004046
35:28.9,-0.001014357
35:29.9,-0.001020398
35:30.9,-0.001018584
35:31.9,-0.001015243
35:32.9,-0.001019839
35:33.9,-0.001017467
35:34.9,-0.00101363
35:35.9,-0.001010038
35:36.9,-0.001012277
35:37.9,-0.001014458
35:38.9,-0.001019619
35:39.9,-0.001010098
35:40.9,-0.001019156
35:41.9,-0.001021955
35:42.9,-0.001019499
35:43.9,-0.001013845
35:44.9,-0.001012058
35:45.9,-0.001017781
35:46.9,-0.001015377
35:47.9,-0.001019472
35:48.9,-0.001015594
35:49.9,-0.001014062
35:50.9,-0.001011385
35:51.9,-0.001017235
35:52.9,-0.001019204
35:53.8,-0.001015108
35:54.8,-0.00101803
35:55.8,-0.001011867
35:56.8,-0.001009344
35:57.8,-0.000999811
35:58.8,-0.001010911
35:59.8,-0.001016765
36:00.8,-0.001026044
36:01.8,-0.001026229
36:02.8,-0.001021176
36:03.8,-0.001018533
36:04.8,-0.001012239
36:05.8,-0.001002765
36:06.8,-0.000999381
36:07.8,-0.001012893
36:08.8,-0.001017306
36:09.8,-0.001020528
36:10.8,-0.00102328
36:11.8,-0.001027174
36:12.8,-0.001025507
36:13.8,-0.001015796
36:14.8,-0.001016539
36:15.8,-0.001015786
36:16.8,-0.001014177
36:17.8,-0.001021486
36:18.8,-0.001015298
36:19.8,-0.001004197
36:20.8,-0.001014249
36:21.8,-0.001021903
36:22.8,-0.00101723
36:23.8,-0.00101248
36:24.8,-0.001011391
36:25.8,-0.001008446
36:26.8,-0.001015467
36:27.8,-0.001027428
36:28.8,-0.00102329
36:29.8,-0.001013929
36:30.8,-0.001011305
36:31.8,-0.00101476
36:32.8,-0.001016508
36:33.8,-0.001015819
36:34.8,-0.001018752
36:35.8,-0.001010401
36:36.8,-0.001010325
36:37.8,-0.001012891
36:38.8,-0.001024494
36:39.8,-0.001020754
36:40.8,-0.001020389
36:41.8,-0.001011869
36:42.8,-0.001012856
36:43.8,-0.00101384
36:44.8,-0.001009627
36:45.8,-0.001011437
36:46.8,-0.001018192
36:47.8,-0.001020081
36:48.8,-0.001027155
36:49.8,-0.001014248
36:50.8,-0.001010711
36:51.8,-0.001016292
36:52.8,-0.001014534
36:53.8,-0.001015788
36:54.7,0
36:55.7,0.000802654
36:56.7,0.00072486
36:57.7,0.000736264
36:58.7,0.000735167
36:59.7,0.000733668
37:00.7,0.000726575
37:01.7,0.000721749
37:02.7,0.000723907
37:03.7,0.000725276
37:04.7,0.000728413
37:05.7,0.000729786
37:06.7,0.000721441
37:07.7,0.000723513
37:08.7,0.000731848
37:09.7,0.000734265
37:10.7,0.000728962
37:11.7,0.000729829
37:12.7,0.000733861
37:13.7,0.000731663
37:14.7,0.00073357
37:15.7,0.000738716
37:16.7,0.000732202
37:17.7,0.000729625
37:18.7,0.000727361
37:19.7,0.000734185
37:20.7,0.000736647
37:21.7,0.000726068
37:22.7,0.000721091
37:23.7,0.000720336
37:24.7,0.000727093
37:25.7,0.000732845
37:26.7,0.00073779
37:27.7,0.000745331
37:28.7,0.000733367
37:29.7,0.000724272
37:30.7,0.000724806
37:31.7,0.000719311
37:32.7,0.000721899
37:33.7,0.000726667
37:34.7,0.000729556
37:35.7,0.000723964
37:36.7,0.000723541
37:37.7,0.000726882
37:38.7,0.000730431
37:39.7,0.000731605
37:40.7,0.000730692
37:41.7,0.000734633
37:42.7,0.000735099
37:43.7,0.000728771
37:44.7,0.000730519
37:45.7,0.000725302
37:46.7,0.000724247
37:47.7,0.000729011
37:48.7,0.000730042
37:49.7,0.000723086
37:50.7,0.000721289
37:51.7,0.000732182
37:52.7,0.000741206
37:53.7,0.000737192
37:54.7,0.00073221
37:55.6,0.000733608
37:56.6,0.000737182
37:57.6,0.00072912
37:58.6,0.00073267
37:59.6,0.000731977
38:00.6,0.000722903
38:01.6,0.000722921
38:02.6,0.000733256
38:03.6,0.000730197
38:04.6,0.000732247
38:05.6,0.000730158
38:06.6,0.000722534
38:07.6,0.000722131
38:08.6,0.000734238
38:09.6,0.000738069
38:10.6,0.000732948
38:11.6,0.000734998
38:12.6,0.000727771
38:13.6,0.000730686
38:14.6,0.000727719
38:15.6,0.000717533
38:16.6,0.000725798
38:17.6,0.000734286
38:18.6,0.00073061
38:19.6,0.000729922
38:20.6,0.000733276
38:21.6,0.000735748
38:22.6,0.000733761
38:23.6,0.000735903
38:24.6,0.00073002
38:25.6,0.000730568
38:26.6,0.00072263
38:27.6,0.000718652
38:28.6,0.00072401
38:29.6,0.000729424
38:30.6,0.000732103
38:31.6,0.000737776
38:32.6,0.000741727
38:33.6,0.000738089
38:34.6,0.000730774
38:35.6,0.00072316
38:36.6,0.000729455
38:37.6,0.000735841
38:38.6,0.000727743
38:39.6,0.000727628
38:40.6,0.000734644
38:41.6,0.000733913
38:42.6,0.000736761
38:43.6,0.000728089
38:44.6,0.000728777
38:45.6,0.000738616
38:46.6,0.000733315
38:47.6,0.000728495
38:48.6,0.000729987
38:49.6,0.000729829
38:50.6,0.0007339
38:51.6,0.000731578
38:52.6,0.00072262
38:53.6,0.00072465
38:54.6,0.000731701
38:55.6,0.000730271
38:56.5,0.000729006
38:57.5,0.000729926
38:58.5,0.000728834
38:59.5,0.000731028
39:00.5,0.000728282
39:01.5,0.000731235
39:02.5,0.000734622
39:03.5,0.000727379
39:04.5,0.000729044
39:05.5,0.000729184
39:06.5,0.000737569
39:07.5,0.000743195
39:08.5,0.000731869
39:09.5,0.000729436
39:10.5,0.000723494
39:11.5,0.000720088
39:12.5,0.000726342
39:13.5,0.000729027
39:14.5,0.000730494
39:15.5,0.000737536
39:16.5,0.000741179
39:17.5,0.00073239
39:18.5,0.000721891
39:19.5,0.000726508
39:20.5,0.000726628
39:21.5,0.000726091
39:22.5,0.000729787
39:23.5,0.000728758
39:24.5,0.000729546
39:25.5,0.000733383
39:26.5,0.000737644
39:27.5,0.000732272
39:28.5,0.000723601
39:29.5,0.000722047
39:30.5,0.000723091
39:31.5,0.000730212
39:32.5,0.000732315
39:33.5,0.000734925
39:34.5,0.000731136
39:35.5,0.00073013
39:36.5,0.00071861
39:37.5,0.000727585
39:38.5,0.000722226
39:39.5,0.000725457
39:40.5,0.000739444
39:41.5,0.000744631
39:42.5,0.000732283
39:43.5,0.000729902
39:44.5,0.00073111
39:45.5,0.000726706
39:46.5,0.000732501
39:47.5,0.000723859
39:48.5,0.000718887
39:49.5,0.000732191
39:50.5,0.00073117
39:51.5,0.000733666
39:52.5,0.000730881
39:53.5,0.000738684
39:54.5,0.000730242
39:55.5,0.00072453
39:56.5,0.000728144
39:57.4,0.000725322
39:58.4,0.000726251
39:59.4,0.000730916
40:00.4,0.000736805
40:01.4,0.000735802
40:02.4,0.000729661
40:03.4,0.000729969
40:04.4,0.000730515
40:05.4,0.000734792
40:06.4,0.000734379
40:07.4,0.000734185
40:08.4,0.000735425
40:09.4,0.000731927
40:10.4,0.000724109
40:11.4,0.000719649
40:12.4,0.000721737
40:13.4,0.000730323
40:14.4,0.000727511
40:15.4,0.000715585
40:16.4,0.00072312
40:17.4,0.000729667
40:18.4,0.000725771
40:19.4,0.000732048
40:20.4,0.000731833
40:21.4,0.000736647
40:22.4,0.000736973
40:23.4,0.000736112
40:24.4,0.000729533
40:25.4,0.000727099
40:26.4,0.000733361
40:27.4,0.000732798
40:28.4,0.000730925
40:29.4,0.000733771
40:30.4,0.00073459
40:31.4,0.000734466
40:32.4,0.000724183
40:33.4,0.000715518
40:34.4,0.000728813
40:35.4,0.000722802
40:36.4,0.000730197
40:37.4,0.000725634
40:38.4,0.000720037
40:39.4,0.000724235
40:40.4,0.000738378
40:41.4,0.000737403
40:42.4,0.000736296
40:43.4,0.000729723
40:44.4,0.00073499
40:45.4,0.000735234
40:46.4,0.000730422
40:47.4,0.000736469
40:48.4,0.000729605
40:49.4,0.000727619
40:50.4,0.000724323
40:51.4,0.000721813
40:52.4,0.000728179
40:53.4,0.000729436
40:54.4,0.000729529
40:55.4,0.000732403
40:56.4,0.000730674
40:57.4,0.000729571
40:58.3,0.000729616
40:59.3,0.000733191
41:00.3,0.00073282
41:01.3,0.000726701
41:02.3,0.000718931
41:03.3,0.00072162
41:04.3,0.00072186
41:05.3,0.000725245
41:06.3,0.000721013
41:07.3,0.000721431
41:08.3,0.000730021
41:09.3,0.000733235
41:10.3,0.000724876
41:11.3,0.00072776
41:12.3,0.000731097
41:13.3,0.000739076
41:14.3,0.000729076
41:15.3,0.000730968
41:16.3,0.000736152
41:17.3,0.000733401
41:18.3,0.000727478
41:19.3,0.000725079
41:20.3,0.000725298
41:21.3,0.000723789
41:22.3,0.000725957
41:23.3,0.000726334
41:24.3,0.000727109
41:25.3,0.000732744
41:26.3,0.000740898
41:27.3,0.000734433
41:28.3,0.000726552
41:29.3,0.000723589
41:30.3,0.000716446
41:31.3,0.000723264
41:32.3,0.000728231
41:33.3,0.000728232
41:34.3,0.000728582
41:35.3,0.000723441
41:36.3,0.000719639
41:37.3,0.000727986
41:38.3,0.000739518
41:39.3,0.000727583
41:40.3,0.000725646
41:41.3,0.000729582
41:42.3,0.000730849
41:43.3,0.000728188
41:44.3,0.000726528
41:45.3,0.000721211
41:46.3,0.000725097
41:47.3,0.000725232
41:48.3,0.000729824
41:49.3,0.000737188
41:50.3,0.000736514
41:51.3,0.000737815
41:52.3,0.000721614
41:53.3,0.000719774
41:54.3,0.000725851
41:55.3,0.000721555
41:56.3,0.000710639
41:57.3,0.000717104
41:58.3,0.000716566
41:59.2,0.000729446
42:00.2,0.000729764
42:01.2,0.000733418
42:02.2,0.000738647
42:03.2,0.000740503
42:04.2,0.000730916
42:05.2,0.000731085
42:06.2,0.000724094
42:07.2,0.000720182
42:08.2,0.000719129
42:09.2,0.000720103
42:10.2,0.000723101
42:11.2,0.000735012
42:12.2,0.000734847
42:13.2,0.000727697
42:14.2,0.000727999
42:15.2,0.000724288
42:16.2,0.00072235
42:17.2,0.000728315
42:18.2,0.000727938
42:19.2,0.000726328
42:20.2,0.000725149
42:21.2,0.000726578
42:22.2,0.000728562
42:23.2,0.000727399
42:24.2,0.000727259
42:25.2,0.000722463
42:26.2,0.000720355
42:27.2,0.000718498
42:28.2,0.000719063
42:29.2,0.000733225
42:30.2,0.000730956
42:31.2,0.000733056
42:32.2,0.000725089
42:33.2,0.000733096
42:34.2,0.000729899
42:35.2,0.000726611
42:36.2,0.000722612
42:37.2,0.000725616
42:38.2,0.000720181
42:39.2,0.000719884
42:40.2,0.000722387
42:41.2,0.000733822
42:42.2,0.000735445
42:43.2,0.000728265
42:44.2,0.000728346
42:45.2,0.000731387
42:46.2,0.000730572
42:47.2,0.000720162
42:48.2,0.000729236
42:49.2,0.000733672
42:50.2,0.000727326
42:51.2,0.000719358
42:52.2,0.000721563
42:53.2,0.000725736
42:54.2,0.000723849
42:55.2,0.000728285
42:56.2,0.000736737
42:57.2,0.000733887
42:58.2,0.000726199
42:59.2,0.000720224
43:00.1,0.000712174
43:01.1,0.000716202
43:02.1,0.000719872
43:03.1,0.000728161
43:04.1,0.000728802
43:05.1,0.000733244
43:06.1,0.000735638
43:07.1,0.000730029
43:08.1,0.000720406
43:09.1,0.000716597
43:10.1,0.000716607
43:11.1,0.000719722
43:12.1,0.000724792
43:13.1,0.000724464
43:14.1,0.000725423
43:15.1,0.000726012
43:16.1,0.000722916
43:17.1,0.000716573
43:18.1,0.00071629
43:19.1,0.000721715
43:20.1,0.00073051
43:21.1,0.000734364
43:22.1,0.000728645
43:23.1,0.000724917
43:24.1,0.000725029
43:25.1,0.000720381
43:26.1,0.000710803
43:27.1,0.000713758
43:28.1,0.000717317
43:29.1,0.000724401
43:30.1,0.000721254
43:31.1,0.000729646
43:32.1,0.0007431
43:33.1,0.000739316
43:34.1,0.000728038
43:35.1,0.000732245
43:36.1,0.000731823
43:37.1,0.00072325
43:38.1,0.000722614
43:39.1,0.000720551
43:40.1,0.000722715
43:41.1,0.000725122
43:42.1,0.000719567
43:43.1,0.000723616
43:44.1,0.000726001
43:45.1,0.000727839
43:46.1,0.000731516
43:47.1,0.000732396
43:48.1,0.000718012
43:49.1,0.000714054
43:50.1,0.000723128
43:51.1,0.000715558
43:52.1,0.000723743
43:53.1,0.000733827
43:54.1,0.000728563
43:55.1,0.000721205
43:56.1,0.000724953
43:57.1,0.000728415
43:58.1,0.000724996
43:59.1,0.000729856
44:00.1,0.00073672
44:01.1,0.000733804
44:02.0,0.00072511
44:03.0,0.00072128
44:04.0,0.000726557
44:05.0,0.000731299
44:06.0,0.000726749
44:07.0,0.000715876
44:08.0,0.000725196
44:09.0,0.000733899
44:10.0,0.000733064
44:11.0,0.000727742
44:12.0,0.000724026
44:13.0,0.000727403
44:14.0,0.000723382
44:15.0,0.000725514
44:16.0,0.000725814
44:17.0,0.000729074
44:18.0,0.000726702
44:19.0,0.000727988
44:20.0,0.000727434
44:21.0,0.000727251
44:22.0,0.000732472
44:23.0,0.000726279
44:24.0,0.000730026
44:25.0,0.000738501
44:26.0,0.000732827
44:27.0,0.000722804
44:28.0,0.000719837
44:29.0,0.000717946
44:30.0,0.000721683
44:31.0,0.00073312
44:32.0,0.00072887
44:33.0,0.000727242
44:34.0,0.000730688
44:35.0,0.00073736
44:36.0,0.000727322
44:37.0,0.000722275
44:38.0,0.000717082
44:39.0,0.00070956
44:40.0,0.000721354
44:41.0,0.000735658
44:42.0,0.000739135
44:43.0,0.000731083
44:44.0,0.000729308
44:45.0,0.000730166
44:46.0,0.000732821
44:47.0,0.000739762
44:48.0,0.000738509
44:49.0,0.000725269
44:50.0,0.000720779
44:51.0,0.000719026
44:52.0,0.000717315
44:53.0,0.000723855
44:54.0,0.000726365
44:55.0,0.000730287
44:56.0,0.000724963
44:57.0,0.000725447
44:58.0,0.000725082
44:59.0,0.000731999
45:00.0,0.000727104
45:01.0,0.00072418
45:02.0,0.000725529
45:02.9,0.000725146
45:03.9,0.000724935
45:04.9,0.00072888
45:05.9,0.000728238
45:06.9,0.000726966
45:07.9,0.000734444
45:08.9,0.000730079
45:09.9,0.00071998
45:10.9,0.000721858
45:11.9,0.000723435
45:12.9,0.00073095
45:13.9,0.000718758
45:14.9,0.000712986
45:15.9,0.000707069
45:16.9,0.00071599
45:17.9,0.000725169
45:18.9,0.000732891
45:19.9,0.000748932
45:20.9,0.000743992
45:21.9,0.000735114
45:22.9,0.000727626
45:23.9,0.000725817
45:24.9,0.000728809
45:25.9,0.00072693
45:26.9,0.000723159
45:27.9,0.000718007
45:28.9,0.000706715
45:29.9,0.000723995
45:30.9,0.000735163
45:31.9,0.000739504
45:32.9,0.00073567
45:33.9,0.000728191
45:34.9,0.000726184
45:35.9,0.000727081
45:36.9,0.000741534
45:37.9,0.000742129
45:38.9,0.000723806
45:39.9,0.00071169
45:40.9,0.000716532
45:41.9,0.000718628
45:42.9,0.000731501
45:43.9,0.000728521
45:44.9,0.000722495
45:45.9,0.000719452
45:46.9,0.000723003
45:47.9,0.000731766
45:48.9,0.000725635
45:49.9,0.000725625
45:50.9,0.000728579
45:51.9,0.000725495
45:52.9,0.000734389
45:53.9,0.000736053
45:54.9,0.0007294
45:55.9,0.000723939
45:56.9,0.000709374
45:57.9,0.00070962
45:58.9,0.000722414
45:59.9,0.000738438
46:00.9,0.00074302
46:01.9,0.000738118
46:02.9,0.000734649
46:03.8,0.000733672
46:04.8,0.000734577
46:05.8,0.000730562
46:06.8,0.000739851
46:07.8,0.000732017
46:08.8,0.000723476
46:09.8,0.00071693
46:10.8,0.00071698
46:11.8,0.00072701
46:12.8,0.000737797
46:13.8,0.000729054
46:14.8,0.000729725
46:15.8,0.000733196
46:16.8,0.000727839
46:17.8,0.000721167
46:18.8,0.000735493
46:19.8,0.000737314
46:20.8,0.000727759
46:21.8,0.000717656
46:22.8,0.000726131
46:23.8,0.000732172
46:24.8,0.000728508
46:25.8,0.0007264
46:26.8,0.000728471
46:27.8,0.000732758
46:28.8,0.000726171
46:29.8,0.000721004
46:30.8,0.000725491
46:31.8,0.000739236
46:32.8,0.000728964
46:33.8,0.000725563
46:34.8,0.000720463
46:35.8,0.000716729
46:36.8,0.000715645
46:37.8,0.000719259
46:38.8,0.000717281
46:39.8,0.000732509
46:40.8,0.000732524
46:41.8,0.00075335
46:42.8,0.000749086
46:43.8,0.000733285
46:44.8,0.000728552
46:45.8,0.000718911
46:46.8,0.000739545
46:47.8,0.000736841
46:48.8,0.000732221
46:49.8,0.000735072
46:50.8,0.000725357
46:51.8,0.000716016
46:52.8,0.000725477
46:53.8,0.000725321
46:54.8,0
46:55.8,0.001667731
46:56.8,0.001527138
46:57.8,0.001511495
46:58.8,0.001493249
46:59.8,0.00149736
47:00.8,0.00150294
47:01.8,0.001518155
47:02.8,0.00151667
47:03.8,0.001499205
47:04.7,0.0015126
47:05.7,0.001526782
47:06.7,0.00152159
47:07.7,0.001517866
47:08.7,0.001512687
47:09.7,0.001509797
47:10.7,0.001509258
47:11.7,0.001502717
47:12.7,0.001506232
47:13.7,0.00150186
47:14.7,0.001514526
47:15.7,0.001507015
47:16.7,0.001502823
47:17.7,0.001511966
47:18.7,0.001523834
47:19.7,0.001522591
47:20.7,0.00151319
47:21.7,0.00149507
47:22.7,0.001513593
47:23.7,0.001517587
47:24.7,0.001514424
47:25.7,0.001528492
47:26.7,0.001522525
47:27.7,0.001526988
47:28.7,0.001512981
47:29.7,0.001508949
47:30.7,0.001498449
47:31.7,0.001514004
47:32.7,0.001490547
47:33.7,0.001504255
47:34.7,0.001513832
47:35.7,0.001514189
47:36.7,0.001494625
47:37.7,0.001511668
47:38.7,0.001517226
47:39.7,0.001515432
47:40.7,0.001523307
47:41.7,0.001512982
47:42.7,0.001512299
47:43.7,0.001506199
47:44.7,0.001517169
47:45.7,0.001511253
47:46.7,0.001489825
47:47.7,0.001503148
47:48.7,0.001511264
47:49.7,0.001509227
47:50.7,0.001518367
47:51.7,0.001529307
47:52.7,0.001521937
47:53.7,0.001514806
47:54.7,0.001507355
47:55.7,0.001518285
47:56.7,0.00151211
47:57.7,0.001518013
47:58.7,0.001513118
47:59.7,0.001501554
48:00.7,0.001511408
48:01.7,0.00150828
48:02.7,0.001511797
48:03.7,0.0015076
48:04.7,0.001512407
48:05.6,0.00151693
48:06.6,0.001490542
48:07.6,0.001498975
48:08.6,0.001511472
48:09.6,0.001497984
48:10.6,0.001514465
48:11.6,0.001528955
48:12.6,0.00152628
48:13.6,0.001515986
48:14.6,0.001511238
48:15.6,0.001487996
48:16.6,0.001487719
48:17.6,0.001503216
48:18.6,0.001512825
48:19.6,0.0015342
48:20.6,0.00153163
48:21.6,0.001516978
48:22.6,0.001513667
48:23.6,0.001514913
48:24.6,0.001506551
48:25.6,0.001492044
48:26.6,0.001497097
48:27.6,0.001516771
48:28.6,0.001515291
48:29.6,0.001505302
48:30.6,0.001509056
48:31.6,0.001518802
48:32.6,0.001526107
48:33.6,0.001522695
48:34.6,0.001519197
48:35.6,0.00151898
48:36.6,0.001520404
48:37.6,0.001529121
48:38.6,0.001524691
48:39.6,0.001497477
48:40.6,0.001501198
48:41.6,0.001513584
48:42.6,0.001498243
48:43.6,0.001493175
48:44.6,0.0015074
48:45.6,0.001511944
48:46.6,0.001488624
48:47.6,0.00149533
48:48.6,0.001519095
48:49.6,0.001531466
48:50.6,0.001520941
48:51.6,0.001529756
48:52.6,0.00150755
48:53.6,0.001498865
48:54.6,0.00150647
48:55.6,0.001496037
48:56.6,0.001494785
48:57.6,0.001499096
48:58.6,0.001502235
48:59.6,0.001506968
49:00.6,0.001513002
49:01.6,0.001529216
49:02.6,0.00153422
49:03.6,0.001510976
49:04.6,0.001510113
49:05.6,0.001505893
49:06.5,0.001507175
49:07.5,0.001502903
49:08.5,0.001499244
49:09.5,0.001496381
49:10.5,0.001511503
49:11.5,0.001510765
49:12.5,0.001519997
49:13.5,0.001531381
49:14.5,0.001515321
49:15.5,0.001509745
49:16.5,0.001524549
49:17.5,0.001518783
49:18.5,0.001515716
49:19.5,0.001516869
49:20.5,0.001500279
49:21.5,0.001498139
49:22.5,0.001491478
49:23.5,0.001505674
49:24.5,0.001511472
49:25.5,0.00151156
49:26.5,0.001513824
49:27.5,0.001525393
49:28.5,0.001527172
49:29.5,0.001509701
49:30.5,0.001515731
49:31.5,0.001496299
49:32.5,0.001490273
49:33.5,0.001498647
49:34.5,0.001509577
49:35.5,0.00152328
49:36.5,0.001517125
49:37.5,0.001497766
49:38.5,0.001498591
49:39.5,0.001519756
49:40.5,0.00152944
49:41.5,0.001493004
49:42.5,0.001495029
49:43.5,0.001510225
49:44.5,0.001509008
49:45.5,0.001508039
49:46.5,0.001500068
49:47.5,0.001502845
49:48.5,0.001513949
49:49.5,0.001514262
49:50.5,0.001513078
49:51.5,0.001512555
49:52.5,0.001510775
49:53.5,0.001512368
49:54.5,0.001513339
49:55.5,0.001497573
49:56.5,0.001490603
49:57.5,0.001497094
49:58.5,0.001520045
49:59.5,0.001526169
50:00.5,0.001524773
50:01.5,0.001536281
50:02.5,0.001512453
50:03.5,0.001523778
50:04.5,0.001513676
50:05.5,0.001493319
50:06.5,0.001495671
50:07.4,0.001507218
50:08.4,0.001507852
50:09.4,0.001533025
50:10.4,0.001534658
50:11.4,0.001526383
50:12.4,0.001522481
50:13.4,0.001524687
50:14.4,0.001513136
50:15.4,0.001515861
50:16.4,0.001519346
50:17.4,0.001505503
50:18.4,0.001514733
50:19.4,0.001545124
50:20.4,0.001538153
50:21.4,0.00151666
50:22.4,0.001493849
50:23.4,0.001484409
50:24.4,0.00150999
50:25.4,0.00151078
50:26.4,0.001531489
50:27.4,0.001536187
50:28.4,0.001513953
50:29.4,0.001511795
50:30.4,0.001512718
50:31.4,0.001501705
50:32.4,0.001514256
50:33.4,0.001510963
50:34.4,0.00150452
50:35.4,0.001507771
50:36.4,0.001530069
50:37.4,0.001524409
50:38.4,0.001514716
50:39.4,0.001514157
50:40.4,0.001508828
50:41.4,0.00149805
50:42.4,0.001519757
50:43.4,0.001521221
50:44.4,0.001519866
50:45.4,0.001555221
50:46.4,0.001526168
50:47.4,0.001524893
50:48.4,0.001520704
50:49.4,0.00150219
50:50.4,0.001502816
50:51.4,0.001504784
50:52.4,0.001487801
50:53.4,0.001506873
50:54.4,0.001511502
50:55.4,0.001514426
50:56.4,0.001503998
50:57.4,0.001501522
50:58.4,0.00150242
50:59.4,0.001515636
51:00.4,0.001515318
51:01.4,0.001528429
51:02.4,0.001521579
51:03.4,0.001517891
51:04.4,0.001503862
51:05.4,0.001506539
51:06.4,0.001511219
51:07.4,0.001528721
51:08.3,0.001504866
51:09.3,0.001523566
51:10.3,0.001523773
51:11.3,0.001501436
51:12.3,0.001504659
51:13.3,0.001509975
51:14.3,0.001516944
51:15.3,0.001506238
51:16.3,0.001490881
51:17.3,0.001513022
51:18.3,0.00149729
51:19.3,0.001513784
51:20.3,0.001513545
51:21.3,0.001540657
51:22.3,0.001531047
51:23.3,0.001516425
51:24.3,0.001512797
51:25.3,0.001514535
51:26.3,0.001501606
51:27.3,0.001515903
51:28.3,0.001525255
51:29.3,0.001503864
51:30.3,0.001515406
51:31.3,0.001537564
51:32.3,0.001508284
51:33.3,0.001496342
51:34.3,0.001506446
51:35.3,0.001493074
51:36.3,0.001496123
51:37.3,0.001503773
51:38.3,0.001535095
51:39.3,0.001512259
51:40.3,0.001515616
51:41.3,0.001510275
51:42.3,0.001524779
51:43.3,0.001526768
51:44.3,0.001509298
51:45.3,0.001508865
51:46.3,0.001515762
51:47.3,0.001526816
51:48.3,0.001519166
51:49.3,0.001503376
51:50.3,0.001509082
51:51.3,0.001520211
51:52.3,0.001503103
51:53.3,0.001510494
51:54.3,0.001513338
51:55.3,0.001505676
51:56.3,0.001493044
51:57.3,0.001517893
51:58.3,0.001500883
51:59.3,0.00150329
52:00.3,0.001523758
52:01.3,0.001523945
52:02.3,0.001501871
52:03.3,0.001499074
52:04.3,0.001507724
52:05.3,0.001508708
52:06.3,0.001480585
52:07.3,0.001498762
52:08.3,0.001496177
52:09.3,0.00149771
52:10.2,0.001520211
52:11.2,0.00153584
52:12.2,0.001527199
52:13.2,0.001505771
52:14.2,0.001511548
52:15.2,0.001527488
52:16.2,0.001538628
52:17.2,0.001503341
52:18.2,0.001483093
52:19.2,0.001485914
52:20.2,0.001501734
52:21.2,0.001529538
52:22.2,0.001520804
52:23.2,0.001490264
52:24.2,0.001499806
52:25.2,0.001491484
52:26.2,0.001513856
52:27.2,0.001537156
52:28.2,0.001503144
52:29.2,0.001499571
52:30.2,0.001512596
52:31.2,0.001517565
52:32.2,0.001510747
52:33.2,0.00150083
52:34.2,0.001482428
52:35.2,0.001473701
52:36.2,0.001488993
52:37.2,0.001497835
52:38.2,0.001513241
52:39.2,0.001529537
52:40.2,0.001523781
52:41.2,0.001528978
52:42.2,0.00151304
52:43.2,0.001513588
52:44.2,0.00151351
52:45.2,0.00151234
52:46.2,0.001486986
52:47.2,0.001484602
52:48.2,0.001469555
52:49.2,0.001509357
52:50.2,0.001529917
52:51.2,0.001526697
52:52.2,0.001536498
52:53.2,0.001516482
52:54.2,0.001512083
52:55.2,0.001522359
52:56.2,0.001520138
52:57.2,0.001507029
52:58.2,0.00150668
52:59.2,0.001500247
53:00.2,0.001527562
53:01.2,0.001509812
53:02.2,0.001504194
53:03.2,0.001488116
53:04.2,0.001503005
53:05.2,0.001495044
53:06.2,0.001495723
53:07.2,0.001495754
53:08.2,0.001493511
53:09.2,0.00152873
53:10.2,0.001524924
53:11.1,0.001508681
53:12.1,0.001505332
53:13.1,0.00153165
53:14.1,0.001512267
53:15.1,0.001484907
53:16.1,0.001500172
53:17.1,0.001528563
53:18.1,0.001537919
53:19.1,0.001551378
53:20.1,0.001535084
53:21.1,0.001499852
53:22.1,0.00148142
53:23.1,0.001479989
53:24.1,0.001499708
53:25.1,0.001474068
53:26.1,0.00144377
53:27.1,0.001488534
53:28.1,0.001526802
53:29.1,0.001549916
53:30.1,0.001545968
53:31.1,0.001549461
53:32.1,0.001511951
53:33.1,0.001494528
53:34.1,0.001513059
53:35.1,0.001528414
53:36.1,0.001538731
53:37.1,0.001512842
53:38.1,0.001523596
53:39.1,0.001524994
53:40.1,0.001511858
53:41.1,0.001489947
53:42.1,0.001468501
53:43.1,0.001486245
53:44.1,0.001508109
53:45.1,0.001482511
53:46.1,0.001475529
53:47.1,0.00148331
53:48.1,0.001518435
53:49.1,0.001524954
53:50.1,0.001549974
53:51.1,0.001520557
53:52.1,0.00151847
53:53.1,0.001513645
53:54.1,0.001497181
53:55.1,0.001466273
53:56.1,0.001487652
53:57.1,0.001507992
53:58.1,0.001538246
53:59.1,0.001525167
54:00.1,0.001506564
54:01.1,0.001506017
54:02.1,0.001503632
54:03.1,0.001541424
54:04.1,0.001507552
54:05.1,0.001501076
54:06.1,0.001511528
54:07.1,0.001524013
54:08.1,0.001531309
54:09.1,0.001495894
54:10.1,0.001493062
54:11.1,0.001504428
54:12.0,0.001506697
54:13.0,0.00151482
54:14.0,0.001511248
54:15.0,0.001504049
54:16.0,0.001504951
54:17.0,0.001490397
54:18.0,0.001485658
54:19.0,0.001482702
54:20.0,0.001515311
54:21.0,0.001538448
54:22.0,0.001524248
54:23.0,0.001528856
54:24.0,0.001506698
54:25.0,0.001503748
54:26.0,0.001529195
54:27.0,0.001529674
54:28.0,0.001512489
54:29.0,0.001500599
54:30.0,0.001514181
54:31.0,0.001508972
54:32.0,0.00149261
54:33.0,0.001483766
54:34.0,0.001504726
54:35.0,0.001462102
54:36.0,0.00148478
54:37.0,0.001509757
54:38.0,0.001523895
54:39.0,0.001533788
54:40.0,0.00153458
54:41.0,0.001533194
54:42.0,0.001489027
54:43.0,0.001513131
54:44.0,0.001515818
54:45.0,0.001503932
54:46.0,0.001483116
54:47.0,0.001507117
54:48.0,0.0014864
54:49.0,0.001483486
54:50.0,0.001513472
54:51.0,0.001525975
54:52.0,0.001521675
54:53.0,0.001543267
54:54.0,0.001519532
54:55.0,0.001516859
54:56.0,0.001497598
54:57.0,0.001501678
54:58.0,0.001505558
54:59.0,0.001509309
55:00.0,0.001522634
55:01.0,0.001535286
55:02.0,0.001521654
55:03.0,0.001505855
55:04.0,0.001516264
55:05.0,0.001524422
55:06.0,0.001485164
55:07.0,0.001477888
55:08.0,0.001522828
55:09.0,0.001540153
55:10.0,0.001538208
55:11.0,0.001501581
55:12.0,0.001519063
55:12.9,0.001510456
55:13.9,0.001506646
55:14.9,0.001537243
55:15.9,0.001508891
55:16.9,0.001499779
55:17.9,0.001542151
55:18.9,0.001538912
55:19.9,0.001483031
55:20.9,0.001484565
55:21.9,0.001509121
55:22.9,0.001513902
55:23.9,0.001528298
55:24.9,0.001539307
55:25.9,0.001525287
55:26.9,0.001504251
55:27.9,0.00148054
55:28.9,0.001500437
55:29.9,0.001530309
55:30.9,0.001538997
55:31.9,0.001491
55:32.9,0.001490775
55:33.9,0.001523073
55:34.9,0.001530904
55:35.9,0.001513267
55:36.9,0.001522842
55:37.9,0.001513921
55:38.9,0.001493413
55:39.9,0.001481732
55:40.9,0.001531412
55:41.9,0.00150438
55:42.9,0.001520635
55:43.9,0.001513948
55:44.9,0.001496051
55:45.9,0.001530985
55:46.9,0.001517673
55:47.9,0.001497168
55:48.9,0.001511542
55:49.9,0.001518094
55:50.9,0.001523595
55:51.9,0.001522881
55:52.9,0.001512853
55:53.9,0.001505648
55:54.9,0.001513195
55:55.9,0.001493616
55:56.9,0.001498026
55:57.9,0.001531093
55:58.9,0.001517884
55:59.9,0.001502976
56:00.9,0.001512257
56:01.9,0.001505577
56:02.9,0.001518904
56:03.9,0.001517144
56:04.9,0.0015015
56:05.9,0.001504146
56:06.9,0.00151726
56:07.9,0.001526442
56:08.9,0.001536396
56:09.9,0.001551323
56:10.9,0.001494788
56:11.9,0.001476905
56:12.9,0.001492858
56:13.8,0.001519137
56:14.8,0.00151466
56:15.8,0.001503774
56:16.8,0.001510486
56:17.8,0.00152474
56:18.8,0.001528571
56:19.8,0.001500317
56:20.8,0.00151175
56:21.8,0.001510202
56:22.8,0.001484846
56:23.8,0.001506498
56:24.8,0.001494631
56:25.8,0.001508288
56:26.8,0.0015397
56:27.8,0.001526784
56:28.8,0.001501564
56:29.8,0.001476278
56:30.8,0.001527753
56:31.8,0.001515489
56:32.8,0.001501844
56:33.8,0.001532576
56:34.8,0.001537034
56:35.8,0.001503916
56:36.8,0.001523099
56:37.8,0.001517315
56:38.8,0.001505587
56:39.8,0.001495313
56:40.8,0.001515738
56:41.8,0.001505575
56:42.8,0.001496173
56:43.8,0.0015086
56:44.8,0.00149109
56:45.8,0.001478971
56:46.8,0.001521899
56:47.8,0.001533055
56:48.8,0.001504591
56:49.8,0.001492992
56:50.8,0.001504373
56:51.8,0.001533831
56:52.8,0.001523646
56:53.8,0.001518023
56:54.8,0
56:55.8,-0.001948774
56:56.8,-0.001747848
56:57.8,-0.001766198
56:58.8,-0.001782554
56:59.8,-0.001793871
57:00.8,-0.001757047
57:01.8,-0.001770701
57:02.8,-0.001770088
57:03.8,-0.001772822
57:04.8,-0.00175632
57:05.8,-0.001775434
57:06.8,-0.001776787
57:07.8,-0.001784812
57:08.8,-0.00179057
57:09.8,-0.001799758
57:10.8,-0.001805697
57:11.8,-0.00177918
57:12.8,-0.001724871
57:13.8,-0.001725409
57:14.7,-0.001767736
57:15.7,-0.001747137
57:16.7,-0.001719131
57:17.7,-0.001756406
57:18.7,-0.001791837
57:19.7,-0.001811231
57:20.7,-0.001799989
57:21.7,-0.001784488
57:22.7,-0.00176524
57:23.7,-0.001761622
57:24.7,-0.001783807
57:25.7,-0.001779592
57:26.7,-0.00181591
57:27.7,-0.001802641
57:28.7,-0.001773244
57:29.7,-0.001767326
57:30.7,-0.001759392
57:31.7,-0.001766733
57:32.7,-0.001727395
57:33.7,-0.001745349
57:34.7,-0.001778393
57:35.7,-0.001795781
57:36.7,-0.001801108
57:37.7,-0.001802235
57:38.7,-0.001759111
57:39.7,-0.00174996
57:40.7,-0.001743191
57:41.7,-0.001760345
57:42.7,-0.001747238
57:43.7,-0.001776092
57:44.7,-0.001777749
57:45.7,-0.00175743
57:46.7,-0.00177362
57:47.7,-0.001805611
57:48.7,-0.001798029
57:49.7,-0.001743478
57:50.7,-0.001724366
57:51.7,-0.001754695
57:52.7,-0.001769156
57:53.7,-0.001803472
57:54.7,-0.001792636
57:55.7,-0.001780476
57:56.7,-0.001789655
57:57.7,-0.001793275
57:58.7,-0.001779093
57:59.7,-0.001775238
58:00.7,-0.001726434
58:01.7,-0.00173193
58:02.7,-0.001765251
58:03.7,-0.001775601
58:04.7,-0.001776024
58:05.7,-0.001755574
58:06.7,-0.001735571
58:07.7,-0.001747288
58:08.7,-0.001804447
58:09.7,-0.001793311
58:10.7,-0.001805644
58:11.7,-0.001796883
58:12.7,-0.001757684
58:13.7,-0.001745009
58:14.7,-0.001758676
58:15.6,-0.001733084
58:16.6,-0.001717967
58:17.6,-0.001723452
58:18.6,-0.001748265
58:19.6,-0.001829747
58:20.6,-0.001823256
58:21.6,-0.001816754
58:22.6,-0.001805319
58:23.6,-0.001753249
58:24.6,-0.001754824
58:25.6,-0.001780587
58:26.6,-0.001779469
58:27.6,-0.00175471
58:28.6,-0.001783743
58:29.6,-0.00177131
58:30.6,-0.001789819
58:31.6,-0.001741245
58:32.6,-0.001756005
58:33.6,-0.001774088
58:34.6,-0.00178749
58:35.6,-0.001778476
58:36.6,-0.001803781
58:37.6,-0.001796573
58:38.6,-0.001756841
58:39.6,-0.001715163
58:40.6,-0.001726875
58:41.6,-0.001743287
58:42.6,-0.001809789
58:43.6,-0.001783554
58:44.6,-0.001786444
58:45.6,-0.001787378
58:46.6,-0.001767752
58:47.6,-0.001777297
58:48.6,-0.001778785
58:49.6,-0.001759896
58:50.6,-0.001745098
58:51.6,-0.001743359
58:52.6,-0.001776175
58:53.6,-0.001783354
58:54.6,-0.001766011
58:55.6,-0.00175683
58:56.6,-0.001743524
58:57.6,-0.001793361
58:58.6,-0.001779945
58:59.6,-0.001791826
59:00.6,-0.001813243
59:01.6,-0.001774167
59:02.6,-0.001740357
59:03.6,-0.001740478
59:04.6,-0.001756114
59:05.6,-0.00176674
59:06.6,-0.001739088
59:07.6,-0.001745936
59:08.6,-0.001781816
59:09.6,-0.001757547
59:10.6,-0.001750347
59:11.6,-0.001776852
59:12.6,-0.001791624
59:13.6,-0.001796795
59:14.6,-0.001775617
59:15.6,-0.00176666
59:16.5,-0.001799127
59:17.5,-0.001835647
59:18.5,-0.00180507
59:19.5,-0.001720563
59:20.5,-0.001702624
59:21.5,-0.001722418
59:22.5,-0.001761563
59:23.5,-0.001795583
59:24.5,-0.001791414
59:25.5,-0.001821516
59:26.5,-0.001811058
59:27.5,-0.001793961
59:28.5,-0.001747308
59:29.5,-0.001751086
59:30.5,-0.001727253
59:31.5,-0.001753951
59:32.5,-0.001758484
59:33.5,-0.001752526
59:34.5,-0.00177093
59:35.5,-0.001804514
59:36.5,-0.001790862
59:37.5,-0.001777873
59:38.5,-0.00178632
59:39.5,-0.001774449
59:40.5,-0.001756791
59:41.5,-0.001736958
59:42.5,-0.001752826
59:43.5,-0.001738501
59:44.5,-0.001750741
59:45.5,-0.001761391
59:46.5,-0.001777393
59:47.5,-0.001782673
59:48.5,-0.001797241
59:49.5,-0.001770431
59:50.5,-0.001753825
59:51.5,-0.001752837
59:52.5,-0.001778232
59:53.5,-0.001754045
59:54.5,-0.001760155
59:55.5,-0.001739835
59:56.5,-0.001730494
59:57.5,-0.001749141
59:58.5,-0.001753199
59:59.5,-0.001771851
00:00.5,-0.001799522
00:01.5,-0.001814054
00:02.5,-0.001785099
00:03.5,-0.001761975
00:04.5,-0.001754983
00:05.5,-0.001761647
00:06.5,-0.001781649
00:07.5,-0.001753624
00:08.5,-0.001772359
00:09.5,-0.001743881
00:10.5,-0.001724054
00:11.5,-0.001764621
00:12.5,-0.001809951
00:13.5,-0.001794156
00:14.5,-0.001769369
00:15.5,-0.001741935
00:16.5,-0.001711249
00:17.4,-0.001737457
00:18.4,-0.001772878
00:19.4,-0.001805441
00:20.4,-0.001783191
00:21.4,-0.001787366
00:22.4,-0.00178386
00:23.4,-0.001780315
00:24.4,-0.001755746
00:25.4,-0.001751945
00:26.4,-0.001802818
00:27.4,-0.001814381
00:28.4,-0.001805002
00:29.4,-0.001768075
00:30.4,-0.001742456
00:31.4,-0.001740439
00:32.4,-0.001747315
00:33.4,-0.001737008
00:34.4,-0.001763222
00:35.4,-0.001764297
00:36.4,-0.001785054
00:37.4,-0.00180242
00:38.4,-0.001803118
00:39.4,-0.001762095
00:40.4,-0.001756133
00:41.4,-0.00175449
00:42.4,-0.001722502
00:43.4,-0.001758147
00:44.4,-0.00175899
00:45.4,-0.001741372
00:46.4,-0.001757328
00:47.4,-0.001779439
00:48.4,-0.001798735
00:49.4,-0.001787012
00:50.4,-0.001750259
00:51.4,-0.001747922
00:52.4,-0.001770819
00:53.4,-0.001771906
00:54.4,-0.001776896
00:55.4,-0.001814645
00:56.4,-0.001777318
00:57.4,-0.001776591
00:58.4,-0.001759413
00:59.4,-0.001779084
01:00.4,-0.001754803
01:01.4,-0.001754858
01:02.4,-0.00176815
01:03.4,-0.00176104
01:04.4,-0.001765125
01:05.4,-0.001764044
01:06.4,-0.001767549
01:07.4,-0.001793242
01:08.4,-0.001807144
01:09.4,-0.001786697
01:10.4,-0.001774478
01:11.4,-0.001754568
01:12.4,-0.00175191
01:13.4,-0.001755244
01:14.4,-0.001769194
01:15.4,-0.001737629
01:16.4,-0.001760875
01:17.4,-0.001777698
01:18.4,-0.001777671
01:19.3,-0.001803039
01:20.3,-0.001803895
01:21.3,-0.001778409
01:22.3,-0.001747587
01:23.3,-0.001767379
01:24.3,-0.00177438
01:25.3,-0.001794659
01:26.3,-0.001772374
01:27.3,-0.001767443
01:28.3,-0.00178515
01:29.3,-0.00179481
01:30.3,-0.00176819
01:31.3,-0.001769336
01:32.3,-0.001756037
01:33.3,-0.001741297
01:34.3,-0.001769587
01:35.3,-0.001769109
01:36.3,-0.001782094
01:37.3,-0.001753774
01:38.3,-0.001752997
01:39.3,-0.001752734
01:40.3,-0.001775723
01:41.3,-0.001788651
01:42.3,-0.001787881
01:43.3,-0.001790336
01:44.3,-0.001764732
01:45.3,-0.001746624
01:46.3,-0.001753351
01:47.3,-0.001785253
01:48.3,-0.001772324
01:49.3,-0.001777015
01:50.3,-0.001772853
01:51.3,-0.001789101
01:52.3,-0.001781663
01:53.3,-0.001778203
01:54.3,-0.001779833
01:55.3,-0.001795086
01:56.3,-0.001767796
01:57.3,-0.001758437
01:58.3,-0.001764777
01:59.3,-0.001767543
02:00.3,-0.001770715
02:01.3,-0.001768527
02:02.3,-0.001769212
02:03.3,-0.0017805
02:04.3,-0.001773511
02:05.3,-0.001768438
02:06.3,-0.001763914
02:07.3,-0.00176776
02:08.3,-0.00177058
02:09.3,-0.001775056
02:10.3,-0.00175493
02:11.3,-0.001785607
02:12.3,-0.001791276
02:13.3,-0.001774413
02:14.3,-0.001773538
02:15.3,-0.001769305
02:16.3,-0.001766215
02:17.3,-0.001773273
02:18.3,-0.001791149
02:19.3,-0.001788785
02:20.2,-0.00178993
02:21.2,-0.001774676
02:22.2,-0.00175077
02:23.2,-0.001750864
02:24.2,-0.001771212
02:25.2,-0.001774255
02:26.2,-0.001779975
02:27.2,-0.001785335
02:28.2,-0.001778808
02:29.2,-0.001789927
02:30.2,-0.001765464
02:31.2,-0.001755357
02:32.2,-0.001764393
02:33.2,-0.001766781
02:34.2,-0.001766766
02:35.2,-0.001764815
02:36.2,-0.001765119
02:37.2,-0.001779723
02:38.2,-0.001787448
02:39.2,-0.001796912
02:40.2,-0.00178853
02:41.2,-0.001759408
02:42.2,-0.001757282
02:43.2,-0.001756077
02:44.2,-0.001766154
02:45.2,-0.001776268
02:46.2,-0.001779516
02:47.2,-0.001774171
02:48.2,-0.001773851
02:49.2,-0.001767149
02:50.2,-0.001765097
02:51.2,-0.001764807
02:52.2,-0.001778062
02:53.2,-0.001783302
02:54.2,-0.001767556
02:55.2,-0.001782866
02:56.2,-0.001782253
02:57.2,-0.00177503
02:58.2,-0.001774675
02:59.2,-0.001765372
03:00.2,-0.001769493
03:01.2,-0.001768304
03:02.2,-0.00176299
03:03.2,-0.001773151
03:04.2,-0.001775645
03:05.2,-0.001753758
03:06.2,-0.001758434
03:07.2,-0.001762988
03:08.2,-0.001762052
03:09.2,-0.001776534
03:10.2,-0.001793639
03:11.2,-0.001790707
03:12.2,-0.001787705
03:13.2,-0.001771809
03:14.2,-0.00176225
03:15.2,-0.001769508
03:16.2,-0.001780063
03:17.2,-0.001780635
03:18.2,-0.001778218
03:19.2,-0.00177442
03:20.2,-0.001767177
03:21.1,-0.001768675
03:22.1,-0.001768892
03:23.1,-0.001770056
03:24.1,-0.00176851
03:25.1,-0.001755944
03:26.1,-0.001762592
03:27.1,-0.00178946
03:28.1,-0.00178516
03:29.1,-0.001788437
03:30.1,-0.001778765
03:31.1,-0.001769773
03:32.1,-0.001765313
03:33.1,-0.001761942
03:34.1,-0.001778018
03:35.1,-0.001781512
03:36.1,-0.001780178
03:37.1,-0.001759464
03:38.1,-0.001760904
03:39.1,-0.00175113
03:40.1,-0.001763501
03:41.1,-0.001777714
03:42.1,-0.001787481
03:43.1,-0.001787193
03:44.1,-0.001770169
03:45.1,-0.00176976
03:46.1,-0.001783815
03:47.1,-0.001779286
03:48.1,-0.001768393
03:49.1,-0.001781496
03:50.1,-0.00176516
03:51.1,-0.001768831
03:52.1,-0.001766343
03:53.1,-0.001769169
03:54.1,-0.001774021
03:55.1,-0.00176142
03:56.1,-0.00177533
03:57.1,-0.001764698
03:58.1,-0.001762001
03:59.1,-0.001763005
04:00.1,-0.001773878
04:01.1,-0.001782732
04:02.1,-0.001783367
04:03.1,-0.001778821
04:04.1,-0.001773632
04:05.1,-0.001762906
04:06.1,-0.001743807
04:07.1,-0.001755303
04:08.1,-0.001769019
04:09.1,-0.001786637
04:10.1,-0.001800587
04:11.1,-0.001788679
04:12.1,-0.001774471
04:13.1,-0.001767498
04:14.1,-0.001772681
04:15.1,-0.001779788
04:16.1,-0.001780264
04:17.1,-0.001786483
04:18.1,-0.001776588
04:19.1,-0.001776648
04:20.1,-0.001750077
04:21.1,-0.001750743
04:22.0,-0.001765706
04:23.0,-0.001780703
04:24.0,-0.001770868
04:25.0,-0.001763611
04:26.0,-0.001760433
04:27.0,-0.001758685
04:28.0,-0.001763503
04:29.0,-0.001777586
04:30.0,-0.001779433
04:31.0,-0.001781242
04:32.0,-0.001784969
04:33.0,-0.001781799
04:34.0,-0.001770192
04:35.0,-0.001771139
04:36.0,-0.001783793
04:37.0,-0.001782182
04:38.0,-0.001769333
04:39.0,-0.001764892
04:40.0,-0.001759883
04:41.0,-0.001768339
04:42.0,-0.001772899
04:43.0,-0.001777617
04:44.0,-0.00177275
04:45.0,-0.001780594
04:46.0,-0.001789109
04:47.0,-0.001783322
04:48.0,-0.001781632
04:49.0,-0.001776344
04:50.0,-0.001759848
04:51.0,-0.001756046
04:52.0,-0.001765603
04:53.0,-0.001761574
04:54.0,-0.001765166
04:55.0,-0.001768315
04:56.0,-0.001770761
04:57.0,-0.001779144
04:58.0,-0.001769287
04:59.0,-0.001752591
05:00.0,-0.001745271
05:01.0,-0.001777931
05:02.0,-0.001794755
05:03.0,-0.00178239
05:04.0,-0.001773865
05:05.0,-0.001778212
05:06.0,-0.00177552
05:07.0,-0.001759788
05:08.0,-0.001771378
05:09.0,-0.001778427
05:10.0,-0.001762303
05:11.0,-0.001754987
05:12.0,-0.001770734
05:13.0,-0.001782038
05:14.0,-0.001769314
05:15.0,-0.001757375
05:16.0,-0.00175271
05:17.0,-0.001755931
05:18.0,-0.001763168
05:19.0,-0.001783877
05:20.0,-0.001789428
05:21.0,-0.001793862
05:22.0,-0.00177671
05:22.9,-0.001766259
05:23.9,-0.001772519
05:24.9,-0.001790567
05:25.9,-0.001811814
05:26.9,-0.001802148
05:27.9,-0.001779109
05:28.9,-0.001757517
05:29.9,-0.001749575
05:30.9,-0.001753946
05:31.9,-0.001749665
05:32.9,-0.001745258
05:33.9,-0.001768019
05:34.9,-0.00177732
05:35.9,-0.001766094
05:36.9,-0.001768058
05:37.9,-0.001776253
05:38.9,-0.001783229
05:39.9,-0.001777235
05:40.9,-0.001768584
05:41.9,-0.001758561
05:42.9,-0.001763322
05:43.9,-0.001763586
05:44.9,-0.001770805
05:45.9,-0.001774881
05:46.9,-0.001761624
05:47.9,-0.001778003
05:48.9,-0.001773671
05:49.9,-0.001768851
05:50.9,-0.001768322
05:51.9,-0.001771601
05:52.9,-0.001772601
05:53.9,-0.001774597
05:54.9,-0.001759626
05:55.9,-0.001751429
05:56.9,-0.001767019
05:57.9,-0.001775059
05:58.9,-0.00179114
05:59.9,-0.001788555
06:00.9,-0.00178712
06:01.9,-0.001771834
06:02.9,-0.001767004
06:03.9,-0.001773836
06:04.9,-0.001780994
06:05.9,-0.001761765
06:06.9,-0.001761255
06:07.9,-0.001777459
06:08.9,-0.001797789
06:09.9,-0.001789603
06:10.9,-0.001775893
06:11.9,-0.001755719
06:12.9,-0.001759087
06:13.9,-0.001766689
06:14.9,-0.00176617
06:15.9,-0.001770726
06:16.9,-0.001771232
06:17.9,-0.001755528
06:18.9,-0.001765768
06:19.9,-0.001787817
06:20.9,-0.00177392
06:21.9,-0.001781155
06:22.9,-0.001787894
06:23.8,-0.001777184
06:24.8,-0.001784958
06:25.8,-0.001783705
06:26.8,-0.001778747
06:27.8,-0.001773946
06:28.8,-0.001759189
06:29.8,-0.00175557
06:30.8,-0.00176851
06:31.8,-0.00177759
06:32.8,-0.001772223
06:33.8,-0.001776252
06:34.8,-0.001769024
06:35.8,-0.001767488
06:36.8,-0.001783973
06:37.8,-0.001788881
06:38.8,-0.001774655
06:39.8,-0.00177773
06:40.8,-0.001776095
06:41.8,-0.001760659
06:42.8,-0.001756614
06:43.8,-0.001772814
06:44.8,-0.001766441
06:45.8,-0.001764785
06:46.8,-0.001773412
06:47.8,-0.001760433
06:48.8,-0.001768579
06:49.8,-0.0017973
06:50.8,-0.001792024
06:51.8,-0.001777196
06:52.8,-0.001762745
06:53.8,-0.001770806
06:54.8,0
06:55.8,-0.000247911
06:56.8,-0.000225746
06:57.8,-0.000231552
06:58.8,-0.000235006
06:59.8,-0.000236134
07:00.8,-0.000234676
07:01.8,-0.000228343
07:02.8,-0.00022056
07:03.8,-0.000230684
07:04.8,-0.000227607
07:05.8,-0.000215142
07:06.8,-0.000214048
07:07.8,-0.000212324
07:08.8,-0.000232214
07:09.8,-0.000256344
07:10.8,-0.000245687
07:11.8,-0.000236549
07:12.8,-0.000235228
07:13.8,-0.000225911
07:14.8,-0.000230565
07:15.8,-0.000246042
07:16.8,-0.000249727
07:17.8,-0.000240962
07:18.8,-0.000223665
07:19.8,-0.000223017
07:20.8,-0.000223698
07:21.8,-0.000219937
07:22.8,-0.00022557
07:23.8,-0.000220269
07:24.7,-0.000229369
07:25.7,-0.000243095
07:26.7,-0.000259793
07:27.7,-0.000261628
07:28.7,-0.000264064
07:29.7,-0.000254089
07:30.7,-0.000207634
07:31.7,-0.000196651
07:32.7,-0.000196158
07:33.7,-0.000190379
07:34.7,-0.000224747
07:35.7,-0.000239137
07:36.7,-0.000242285
07:37.7,-0.000239415
07:38.7,-0.000215662
07:39.7,-0.00020897
07:40.7,-0.000216081
07:41.7,-0.000228212
07:42.7,-0.00023359
07:43.7,-0.000247072
07:44.7,-0.00023115
07:45.7,-0.000246016
07:46.7,-0.000251743
07:47.7,-0.000242961
07:48.7,-0.000232127
07:49.7,-0.000222555
07:50.7,-0.000215527
07:51.7,-0.000218448
07:52.7,-0.000208263
07:53.7,-0.000228828
07:54.7,-0.000232553
07:55.7,-0.0002188
07:56.7,-0.000231756
07:57.7,-0.000239403
07:58.7,-0.000234206
07:59.7,-0.000227582
08:00.7,-0.000224709
08:01.7,-0.000228555
08:02.7,-0.000226385
08:03.7,-0.000225134
08:04.7,-0.000229078
08:05.7,-0.000234406
08:06.7,-0.000245407
08:07.7,-0.000247584
08:08.7,-0.00025069
08:09.7,-0.00024953
08:10.7,-0.000255585
08:11.7,-0.000210152
08:12.7,-0.000181425
08:13.7,-0.000184198
08:14.7,-0.000223496
08:15.7,-0.000252064
08:16.7,-0.000236871
08:17.7,-0.000227334
08:18.7,-0.000229379
08:19.7,-0.000245542
08:20.7,-0.000223276
08:21.7,-0.000228803
08:22.7,-0.00020409
08:23.7,-0.000211466
08:24.7,-0.00022903
08:25.6,-0.000228197
08:26.6,-0.000200073
08:27.6,-0.000197708
08:28.6,-0.000224142
08:29.6,-0.000245276
08:30.6,-0.000245381
08:31.6,-0.000257314
08:32.6,-0.000225261
08:33.6,-0.000231841
08:34.6,-0.000222768
08:35.6,-0.000219694
08:36.6,-0.000219055
08:37.6,-0.00021464
08:38.6,-0.000233822
08:39.6,-0.000243388
08:40.6,-0.000231887
08:41.6,-0.000237385
08:42.6,-0.000232288
08:43.6,-0.000225327
08:44.6,-0.00023016
08:45.6,-0.000234489
08:46.6,-0.000243211
08:47.6,-0.000237356
08:48.6,-0.000220427
08:49.6,-0.00023925
08:50.6,-0.00023727
08:51.6,-0.000223073
08:52.6,-0.000214274
08:53.6,-0.000206334
08:54.6,-0.000227313
08:55.6,-0.000223371
08:56.6,-0.000213572
08:57.6,-0.000228168
08:58.6,-0.000243785
08:59.6,-0.000224014
09:00.6,-0.000216587
09:01.6,-0.000217552
09:02.6,-0.000239779
09:03.6,-0.000232359
09:04.6,-0.000224578
09:05.6,-0.000225872
09:06.6,-0.000243417
09:07.6,-0.000233623
09:08.6,-0.000236544
09:09.6,-0.000244215
09:10.6,-0.000232454
09:11.6,-0.000216624
09:12.6,-0.000215198
09:13.6,-0.000202667
09:14.6,-0.0002268
09:15.6,-0.00023372
09:16.6,-0.000224857
09:17.6,-0.000227817
09:18.6,-0.000228943
09:19.6,-0.000238795
09:20.6,-0.000229063
09:21.6,-0.000208147
09:22.6,-0.000215387
09:23.6,-0.000228532
09:24.6,-0.000229845
09:25.6,-0.000221462
09:26.5,-0.000217177
09:27.5,-0.00024084
09:28.5,-0.000238618
09:29.5,-0.000242299
09:30.5,-0.000230925
09:31.5,-0.000212778
09:32.5,-0.000221028
09:33.5,-0.000217381
09:34.5,-0.000228846
09:35.5,-0.000231648
09:36.5,-0.000231885
09:37.5,-0.000217969
09:38.5,-0.000209576
09:39.5,-0.000210967
09:40.5,-0.000237306
09:41.5,-0.000243846
09:42.5,-0.000226062
09:43.5,-0.000225397
09:44.5,-0.000227311
09:45.5,-0.000230766
09:46.5,-0.000237275
09:47.5,-0.000245761
09:48.5,-0.000241299
09:49.5,-0.000224917
09:50.5,-0.000210351
09:51.5,-0.000223198
09:52.5,-0.000216187
09:53.5,-0.000217521
09:54.5,-0.000226084
09:55.5,-0.000239873
09:56.5,-0.000242659
09:57.5,-0.000239076
09:58.5,-0.000225922
09:59.5,-0.00023556
10:00.5,-0.00021655
10:01.5,-0.000203539
10:02.5,-0.000213144
10:03.5,-0.000224595
10:04.5,-0.00022812
10:05.5,-0.000228558
10:06.5,-0.000212936
10:07.5,-0.000215193
10:08.5,-0.000222944
10:09.5,-0.000232392
10:10.5,-0.000225546
10:11.5,-0.00023619
10:12.5,-0.000240704
10:13.5,-0.000233029
10:14.5,-0.000223105
10:15.5,-0.000228171
10:16.5,-0.00022472
10:17.5,-0.00021988
10:18.5,-0.000217007
10:19.5,-0.000227028
10:20.5,-0.000232838
10:21.5,-0.000232458
10:22.5,-0.000227941
10:23.5,-0.000235476
10:24.5,-0.000223288
10:25.5,-0.00022207
10:26.5,-0.000220268
10:27.5,-0.000222819
10:28.4,-0.000237241
10:29.4,-0.00024119
10:30.4,-0.000246839
10:31.4,-0.000230299
10:32.4,-0.000207772
10:33.4,-0.000216799
10:34.4,-0.000232745
10:35.4,-0.000240851
10:36.4,-0.000246813
10:37.4,-0.00023113
10:38.4,-0.000228019
10:39.4,-0.000228748
10:40.4,-0.000197716
10:41.4,-0.00020946
10:42.4,-0.000224861
10:43.4,-0.00023168
10:44.4,-0.000226999
10:45.4,-0.000238711
10:46.4,-0.000248572
10:47.4,-0.000261238
10:48.4,-0.000251526
10:49.4,-0.000233684
10:50.4,-0.000202686
10:51.4,-0.000192119
10:52.4,-0.000203158
10:53.4,-0.000212976
10:54.4,-0.00022522
10:55.4,-0.000231835
10:56.4,-0.000229601
10:57.4,-0.000219519
10:58.4,-0.000217923
10:59.4,-0.000229995
11:00.4,-0.000228372
11:01.4,-0.000225116
11:02.4,-0.000227289
11:03.4,-0.000235443
11:04.4,-0.000223773
11:05.4,-0.000228796
11:06.4,-0.000243986
11:07.4,-0.000226655
11:08.4,-0.000214887
11:09.4,-0.000214725
11:10.4,-0.000207016
11:11.4,-0.000235409
11:12.4,-0.000233808
11:13.4,-0.000239969
11:14.4,-0.000233419
11:15.4,-0.000238008
11:16.4,-0.00022175
11:17.4,-0.00021452
11:18.4,-0.000220961
11:19.4,-0.000221159
11:20.4,-0.000216699
11:21.4,-0.000226171
11:22.4,-0.000235912
11:23.4,-0.000242948
11:24.4,-0.000225263
11:25.4,-0.000237495
11:26.4,-0.000239967
11:27.4,-0.000230215
11:28.4,-0.000224215
11:29.3,-0.000228889
11:30.3,-0.000223548
11:31.3,-0.000229511
11:32.3,-0.000216486
11:33.3,-0.000215923
11:34.3,-0.000226555
11:35.3,-0.000229083
11:36.3,-0.00022968
11:37.3,-0.000213757
11:38.3,-0.000214488
11:39.3,-0.000219413
11:40.3,-0.00023514
11:41.3,-0.000235805
11:42.3,-0.000230235
11:43.3,-0.000232575
11:44.3,-0.000228413
11:45.3,-0.000212892
11:46.3,-0.000213801
11:47.3,-0.000227899
11:48.3,-0.000239697
11:49.3,-0.000233209
11:50.3,-0.000229385
11:51.3,-0.000225216
11:52.3,-0.000230254
11:53.3,-0.0002291
11:54.3,-0.000226629
11:55.3,-0.000205406
11:56.3,-0.00019783
11:57.3,-0.000205837
11:58.3,-0.000218616
11:59.3,-0.000231094
12:00.3,-0.000247689
12:01.3,-0.000244968
12:02.3,-0.000239773
12:03.3,-0.000231505
12:04.3,-0.000223682
12:05.3,-0.000224655
12:06.3,-0.000228552
12:07.3,-0.000232076
12:08.3,-0.000223586
12:09.3,-0.000215096
12:10.3,-0.000207182
12:11.3,-0.000213666
12:12.3,-0.000239196
12:13.3,-0.000238958
12:14.3,-0.000226755
12:15.3,-0.000220922
12:16.3,-0.000215403
12:17.3,-0.000226647
12:18.3,-0.00022258
12:19.3,-0.000227726
12:20.3,-0.000230231
12:21.3,-0.000233686
12:22.3,-0.000222236
12:23.3,-0.000220768
12:24.3,-0.000223525
12:25.3,-0.000220805
12:26.3,-0.000231017
12:27.3,-0.000231714
12:28.3,-0.000231215
12:29.3,-0.000229038
12:30.2,-0.000218005
12:31.2,-0.000221391
12:32.2,-0.000217207
12:33.2,-0.000221613
12:34.2,-0.000226857
12:35.2,-0.00021094
12:36.2,-0.000202558
12:37.2,-0.000223802
12:38.2,-0.000250275
12:39.2,-0.000244316
12:40.2,-0.000230195
12:41.2,-0.00021598
12:42.2,-0.000218832
12:43.2,-0.000226831
12:44.2,-0.000227305
12:45.2,-0.000238418
12:46.2,-0.000243503
12:47.2,-0.000232311
12:48.2,-0.000219792
12:49.2,-0.000216391
12:50.2,-0.000218828
12:51.2,-0.000213468
12:52.2,-0.000224908
12:53.2,-0.000214817
12:54.2,-0.000223706
12:55.2,-0.000227394
12:56.2,-0.000234031
12:57.2,-0.000243244
12:58.2,-0.000236211
12:59.2,-0.000226637
13:00.2,-0.000220654
13:01.2,-0.000213481
13:02.2,-0.000214138
13:03.2,-0.000214587
13:04.2,-0.000227146
13:05.2,-0.000217358
13:06.2,-0.000218425
13:07.2,-0.000230276
13:08.2,-0.000220516
13:09.2,-0.000221039
13:10.2,-0.000225182
13:11.2,-0.000232823
13:12.2,-0.000229762
13:13.2,-0.000232178
13:14.2,-0.000222897
13:15.2,-0.000221162
13:16.2,-0.000222874
13:17.2,-0.0002258
13:18.2,-0.000230254
13:19.2,-0.000228319
13:20.2,-0.000225978
13:21.2,-0.000225021
13:22.2,-0.000226671
13:23.2,-0.000226256
13:24.2,-0.000223243
13:25.2,-0.000216334
13:26.2,-0.000209645
13:27.2,-0.000219298
13:28.2,-0.000223008
13:29.2,-0.000229606
13:30.2,-0.000232706
13:31.1,-0.000231745
13:32.1,-0.000232015
13:33.1,-0.000235822
13:34.1,-0.000229799
13:35.1,-0.000243842
13:36.1,-0.000237535
13:37.1,-0.00023546
13:38.1,-0.000227258
13:39.1,-0.0002193
13:40.1,-0.00021243
13:41.1,-0.000217713
13:42.1,-0.000220279
13:43.1,-0.000216562
13:44.1,-0.000225042
13:45.1,-0.000226048
13:46.1,-0.000233961
13:47.1,-0.000234599
13:48.1,-0.000221842
13:49.1,-0.000217126
13:50.1,-0.000225419
13:51.1,-0.00022053
13:52.1,-0.000226847
13:53.1,-0.000222585
13:54.1,-0.000226705
13:55.1,-0.000225299
13:56.1,-0.000223758
13:57.1,-0.000212263
13:58.1,-0.000217444
13:59.1,-0.000228829
14:00.1,-0.000227264
14:01.1,-0.000233775
14:02.1,-0.000231166
14:03.1,-0.000230419
14:04.1,-0.000225056
14:05.1,-0.00021654
14:06.1,-0.000226918
14:07.1,-0.000230148
14:08.1,-0.000233528
14:09.1,-0.000222777
14:10.1,-0.000224476
14:11.1,-0.000231266
14:12.1,-0.000227335
14:13.1,-0.000220538
14:14.1,-0.000223836
14:15.1,-0.000220611
14:16.1,-0.0002308
14:17.1,-0.000227506
14:18.1,-0.000228027
14:19.1,-0.000235284
14:20.1,-0.000231571
14:21.1,-0.000220073
14:22.1,-0.000216225
14:23.1,-0.000221526
14:24.1,-0.000227357
14:25.1,-0.000236745
14:26.1,-0.000234271
14:27.1,-0.000237589
14:28.1,-0.00023097
14:29.1,-0.000225186
14:30.1,-0.000217574
14:31.1,-0.00021564
14:32.0,-0.000209701
14:33.0,-0.000222214
14:34.0,-0.000225111
14:35.0,-0.000230084
14:36.0,-0.000228516
14:37.0,-0.000216907
14:38.0,-0.000222274
14:39.0,-0.000223067
14:40.0,-0.000219548
14:41.0,-0.000220375
14:42.0,-0.000231994
14:43.0,-0.000235483
14:44.0,-0.000229453
14:45.0,-0.000220254
14:46.0,-0.000229601
14:47.0,-0.000244833
14:48.0,-0.000238871
14:49.0,-0.000216938
14:50.0,-0.000208425
14:51.0,-0.000220449
14:52.0,-0.000225725
14:53.0,-0.000224782
14:54.0,-0.000224068
14:55.0,-0.000222418
14:56.0,-0.000223381
14:57.0,-0.000224076
14:58.0,-0.000231749
14:59.0,-0.000229555
15:00.0,-0.000229868
15:01.0,-0.00022483
15:02.0,-0.000217747
15:03.0,-0.000218365
15:04.0,-0.000225974
15:05.0,-0.000231144
15:06.0,-0.000236227
15:07.0,-0.00024158
15:08.0,-0.000243121
15:09.0,-0.000229975
15:10.0,-0.000220377
15:11.0,-0.000210213
15:12.0,-0.000199449
15:13.0,-0.000210235
15:14.0,-0.000220443
15:15.0,-0.000219073
15:16.0,-0.000223481
15:17.0,-0.000231118
15:18.0,-0.000231897
15:19.0,-0.000225473
15:20.0,-0.000221892
15:21.0,-0.000215861
15:22.0,-0.000226893
15:23.0,-0.000230173
15:24.0,-0.000220815
15:25.0,-0.000235716
15:26.0,-0.000237714
15:27.0,-0.000230721
15:28.0,-0.000224027
15:29.0,-0.000226606
15:30.0,-0.000227221
15:31.0,-0.000217825
15:32.0,-0.000205421
15:32.9,-0.000217096
15:33.9,-0.000228294
15:34.9,-0.000234747
15:35.9,-0.000236714
15:36.9,-0.000236279
15:37.9,-0.000233814
15:38.9,-0.000228176
15:39.9,-0.000209953
15:40.9,-0.000206115
15:41.9,-0.000218511
15:42.9,-0.000216411
15:43.9,-0.000219518
15:44.9,-0.000216512
15:45.9,-0.00021394
15:46.9,-0.000212006
15:47.9,-0.000225492
15:48.9,-0.000237827
15:49.9,-0.000233278
15:50.9,-0.00022554
15:51.9,-0.000230451
15:52.9,-0.000228152
15:53.9,-0.000228138
15:54.9,-0.000229562
15:55.9,-0.000226337
15:56.9,-0.000219771
15:57.9,-0.000225553
15:58.9,-0.00022101
15:59.9,-0.000223624
16:00.9,-0.000226532
16:01.9,-0.000221046
16:02.9,-0.000222342
16:03.9,-0.000223719
16:04.9,-0.000229029
16:05.9,-0.000225403
16:06.9,-0.000221819
16:07.9,-0.000228647
16:08.9,-0.000232312
16:09.9,-0.000223502
16:10.9,-0.00021593
16:11.9,-0.000221536
16:12.9,-0.000223042
16:13.9,-0.000225613
16:14.9,-0.000229543
16:15.9,-0.000234819
16:16.9,-0.000222038
16:17.9,-0.000224877
16:18.9,-0.000232226
16:19.9,-0.0002258
16:20.9,-0.000211838
16:21.9,-0.000216575
16:22.9,-0.000220745
16:23.9,-0.000221647
16:24.9,-0.000226506
16:25.9,-0.000229295
16:26.9,-0.000203027
16:27.9,-0.000200729
16:28.9,-0.000214544
16:29.9,-0.000230054
16:30.9,-0.000233411
16:31.9,-0.000244637
16:32.9,-0.000238972
16:33.8,-0.000223054
16:34.8,-0.000219392
16:35.8,-0.000218113
16:36.8,-0.000215802
16:37.8,-0.000220227
16:38.8,-0.000232117
16:39.8,-0.000233009
16:40.8,-0.00022644
16:41.8,-0.000221889
16:42.8,-0.000229595
16:43.8,-0.000230558
16:44.8,-0.000225758
16:45.8,-0.00021887
16:46.8,-0.000230953
16:47.8,-0.000235256
16:48.8,-0.000249083
16:49.8,-0.00022299
16:50.8,-0.000202359
16:51.8,-0.000217977
16:52.8,-0.000215021
16:53.8,-0.000220813
16:54.8,0
16:55.8,0.000529139
16:56.8,0.000483612
16:57.8,0.000487056
16:58.8,0.000484773
16:59.8,0.000473704
17:00.8,0.000469
17:01.8,0.000469765
17:02.8,0.000466384
17:03.8,0.000472938
17:04.8,0.000472997
17:05.8,0.00047249
17:06.8,0.000471496
17:07.8,0.000480815
17:08.8,0.000480554
17:09.8,0.000473723
17:10.8,0.000472912
17:11.8,0.000483342
17:12.8,0.000483638
17:13.8,0.000479185
17:14.8,0.000478386
17:15.8,0.000473155
17:16.8,0.000482365
17:17.8,0.000489821
17:18.8,0.000475244
17:19.8,0.000475253
17:20.8,0.000475479
17:21.8,0.000474032
17:22.8,0.000473601
17:23.8,0.000477978
17:24.8,0.000476899
17:25.8,0.000480788
17:26.8,0.000478898
17:27.8,0.000477757
17:28.8,0.000473155
17:29.8,0.000478385
17:30.8,0.000474499
17:31.8,0.000477454
17:32.8,0.000480388
17:33.8,0.000473734
17:34.7,0.000476767
17:35.7,0.000479587
17:36.7,0.00048091
17:37.7,0.000479241
17:38.7,0.000482312
17:39.7,0.000477963
17:40.7,0.000477067
17:41.7,0.000487813
17:42.7,0.000466085
17:43.7,0.000464557
17:44.7,0.000476301
17:45.7,0.000479244
17:46.7,0.000489334
17:47.7,0.000486506
17:48.7,0.00047251
17:49.7,0.000468946
17:50.7,0.000474826
17:51.7,0.00047886
17:52.7,0.000473413
17:53.7,0.000474315
17:54.7,0.00047478
17:55.7,0.000475981
17:56.7,0.000474252
17:57.7,0.000471415
17:58.7,0.000469733
17:59.7,0.000472128
18:00.7,0.000481153
18:01.7,0.000482521
18:02.7,0.000482185
18:03.7,0.000483092
18:04.7,0.000474564
18:05.7,0.000472472
18:06.7,0.000474628
18:07.7,0.000481448
18:08.7,0.000482439
18:09.7,0.000478793
18:10.7,0.000478758
18:11.7,0.000481278
18:12.7,0.000472518
18:13.7,0.000469278
18:14.7,0.000475761
18:15.7,0.000476092
18:16.7,0.000472611
18:17.7,0.000465308
18:18.7,0.000469064
18:19.7,0.000478312
18:20.7,0.000485645
18:21.7,0.000488951
18:22.7,0.000481106
18:23.7,0.000474565
18:24.7,0.000475693
18:25.7,0.000471647
18:26.7,0.000475164
18:27.7,0.000478005
18:28.7,0.000481591
18:29.7,0.000475809
18:30.7,0.000477871
18:31.7,0.000484352
18:32.7,0.0004779
18:33.7,0.000471168
18:34.7,0.000471255
18:35.7,0.000481409
18:36.6,0.000472638
18:37.6,0.000472231
18:38.6,0.000476694
18:39.6,0.000470594
18:40.6,0.000471813
18:41.6,0.00047787
18:42.6,0.000484287
18:43.6,0.000484591
18:44.6,0.000478279
18:45.6,0.000475584
18:46.6,0.000479462
18:47.6,0.000482088
18:48.6,0.000470574
18:49.6,0.000468718
18:50.6,0.000479868
18:51.6,0.000483105
18:52.6,0.000479029
18:53.6,0.000471064
18:54.6,0.000476027
18:55.6,0.000471347
18:56.6,0.000484252
18:57.6,0.000485352
18:58.6,0.00048248
18:59.6,0.000484275
19:00.6,0.000480794
19:01.6,0.000468818
19:02.6,0.000459079
19:03.6,0.000471244
19:04.6,0.000472922
19:05.6,0.000476951
19:06.6,0.000486647
19:07.6,0.000492409
19:08.6,0.000481719
19:09.6,0.000472614
19:10.6,0.000470702
19:11.6,0.000474735
19:12.6,0.000472166
19:13.6,0.000466097
19:14.6,0.000472055
19:15.6,0.000486018
19:16.6,0.000491248
19:17.6,0.00049185
19:18.6,0.000481893
19:19.6,0.000472292
19:20.6,0.000467408
19:21.6,0.000469172
19:22.6,0.000463115
19:23.6,0.000465697
19:24.6,0.000470788
19:25.6,0.000469764
19:26.6,0.000464261
19:27.6,0.000475179
19:28.6,0.000491019
19:29.6,0.000486205
19:30.6,0.000480016
19:31.6,0.000477034
19:32.6,0.000478518
19:33.6,0.000469246
19:34.6,0.000474123
19:35.6,0.000476987
19:36.6,0.000468318
19:37.5,0.000461016
19:38.5,0.000469235
19:39.5,0.000479076
19:40.5,0.000487817
19:41.5,0.00048438
19:42.5,0.000478433
19:43.5,0.000478407
19:44.5,0.000478261
19:45.5,0.000477535
19:46.5,0.000478742
19:47.5,0.000481667
19:48.5,0.000482603
19:49.5,0.000477879
19:50.5,0.000470737
19:51.5,0.000469696
19:52.5,0.00046995
19:53.5,0.000478789
19:54.5,0.000475153
19:55.5,0.000468864
19:56.5,0.000460919
19:57.5,0.0004681
19:58.5,0.000475052
19:59.5,0.000477002
20:00.5,0.000478429
20:01.5,0.000483871
20:02.5,0.000485323
20:03.5,0.000487897
20:04.5,0.000477961
20:05.5,0.000478087
20:06.5,0.0004812
20:07.5,0.000475436
20:08.5,0.000465995
20:09.5,0.000478966
20:10.5,0.000485776
20:11.5,0.00048225
20:12.5,0.000472744
20:13.5,0.000469142
20:14.5,0.00047509
20:15.5,0.000474831
20:16.5,0.000477735
20:17.5,0.000474015
20:18.5,0.000469467
20:19.5,0.000476272
20:20.5,0.000479662
20:21.5,0.000483375
20:22.5,0.000478122
20:23.5,0.000474796
20:24.5,0.00047539
20:25.5,0.000477984
20:26.5,0.000477944
20:27.5,0.000476441
20:28.5,0.000481295
20:29.5,0.000481314
20:30.5,0.000468225
20:31.5,0.000467478
20:32.5,0.000473795
20:33.5,0.000480845
20:34.5,0.000477584
20:35.5,0.000462831
20:36.5,0.000481204
20:37.5,0.00049567
20:38.4,0.000483234
20:39.4,0.000479388
20:40.4,0.000477279
20:41.4,0.000468259
20:42.4,0.000467011
20:43.4,0.000472384
20:44.4,0.000480294
20:45.4,0.00048082
20:46.4,0.000478019
20:47.4,0.000471605
20:48.4,0.000471688
20:49.4,0.00047548
20:50.4,0.000470501
20:51.4,0.000476951
20:52.4,0.000481459
20:53.4,0.000479394
20:54.4,0.000476215
20:55.4,0.000479654
20:56.4,0.000482225
20:57.4,0.00047822
20:58.4,0.000474487
20:59.4,0.000473803
21:00.4,0.000479633
21:01.4,0.000473436
21:02.4,0.000472268
21:03.4,0.000470617
21:04.4,0.000472879
21:05.4,0.000473682
21:06.4,0.00047529
21:07.4,0.000475908
21:08.4,0.000472672
21:09.4,0.00048097
21:10.4,0.000481032
21:11.4,0.000466536
21:12.4,0.00047467
21:13.4,0.000480056
21:14.4,0.000479698
21:15.4,0.000466013
21:16.4,0.000462989
21:17.4,0.000471333
21:18.4,0.000474447
21:19.4,0.000475667
21:20.4,0.000487031
21:21.4,0.000487571
21:22.4,0.000479346
21:23.4,0.000476671
21:24.4,0.000481336
21:25.4,0.000474943
21:26.4,0.000476643
21:27.4,0.000464561
21:28.4,0.000465883
21:29.4,0.000474058
21:30.4,0.00048302
21:31.4,0.000480961
21:32.4,0.000482992
21:33.4,0.0004784
21:34.4,0.000472488
21:35.4,0.00046573
21:36.4,0.000468501
21:37.4,0.000478809
21:38.4,0.000481391
21:39.3,0.000476348
21:40.3,0.000479095
21:41.3,0.00048143
21:42.3,0.000480295
21:43.3,0.00047511
21:44.3,0.00046999
21:45.3,0.000463183
21:46.3,0.000462
21:47.3,0.000476813
21:48.3,0.00048724
21:49.3,0.000479036
21:50.3,0.000479327
21:51.3,0.000483216
21:52.3,0.000480397
21:53.3,0.000474845
21:54.3,0.000478979
21:55.3,0.000485253
21:56.3,0.000478381
21:57.3,0.000467515
21:58.3,0.000463144
21:59.3,0.000457418
22:00.3,0.000471355
22:01.3,0.000474778
22:02.3,0.00048872
22:03.3,0.000497421
22:04.3,0.00047987
22:05.3,0.000469069
22:06.3,0.000479969
22:07.3,0.000477397
22:08.3,0.000471583
22:09.3,0.000472167
22:10.3,0.000482621
22:11.3,0.000479154
22:12.3,0.000481706
22:13.3,0.000476241
22:14.3,0.000482463
22:15.3,0.000480421
22:16.3,0.000477656
22:17.3,0.000480706
22:18.3,0.00047576
22:19.3,0.000473727
22:20.3,0.000475052
22:21.3,0.00047412
22:22.3,0.000476201
22:23.3,0.000474375
22:24.3,0.000475657
22:25.3,0.00048071
22:26.3,0.000484653
22:27.3,0.00048037
22:28.3,0.000476023
22:29.3,0.000480953
22:30.3,0.000493844
22:31.3,0.000472613
22:32.3,0.000457779
22:33.3,0.000465454
22:34.3,0.000475919
22:35.3,0.00048376
22:36.3,0.000490428
22:37.3,0.000476217
22:38.3,0.000472545
22:39.3,0.000471818
22:40.2,0.000468616
22:41.2,0.00047206
22:42.2,0.000477911
22:43.2,0.000477491
22:44.2,0.000476918
22:45.2,0.000479877
22:46.2,0.00048632
22:47.2,0.000489127
22:48.2,0.000488796
22:49.2,0.000484944
22:50.2,0.000473342
22:51.2,0.000470758
22:52.2,0.000459916
22:53.2,0.000459945
22:54.2,0.000474289
22:55.2,0.000479907
22:56.2,0.000484811
22:57.2,0.000491821
22:58.2,0.000481029
22:59.2,0.000470935
23:00.2,0.000470503
23:01.2,0.000468871
23:02.2,0.000466056
23:03.2,0.000467968
23:04.2,0.000479931
23:05.2,0.000484473
23:06.2,0.000478141
23:07.2,0.000474205
23:08.2,0.000473701
23:09.2,0.000473366
23:10.2,0.00048182
23:11.2,0.000468874
23:12.2,0.000467487
23:13.2,0.000476204
23:14.2,0.000478446
23:15.2,0.000478918
23:16.2,0.000480968
23:17.2,0.000473113
23:18.2,0.000464341
23:19.2,0.000472794
23:20.2,0.000480312
23:21.2,0.000469522
23:22.2,0.00047949
23:23.2,0.000480812
23:24.2,0.000474613
23:25.2,0.000466712
23:26.2,0.000469224
23:27.2,0.000469376
23:28.2,0.000479016
23:29.2,0.000477471
23:30.2,0.000475037
23:31.2,0.000479545
23:32.2,0.00048503
23:33.2,0.000481037
23:34.2,0.000476517
23:35.2,0.000467129
23:36.2,0.000478213
23:37.2,0.000476815
23:38.2,0.000479763
23:39.2,0.000474459
23:40.2,0.000474979
23:41.1,0.000473327
23:42.1,0.000478801
23:43.1,0.000477691
23:44.1,0.000480233
23:45.1,0.000490115
23:46.1,0.000471898
23:47.1,0.000469314
23:48.1,0.000470499
23:49.1,0.000472012
23:50.1,0.000472852
23:51.1,0.000473431
23:52.1,0.00047428
23:53.1,0.00048243
23:54.1,0.000478959
23:55.1,0.000482296
23:56.1,0.000477125
23:57.1,0.000468239
23:58.1,0.000465226
23:59.1,0.000478754
24:00.1,0.000484932
24:01.1,0.00048097
24:02.1,0.000471189
24:03.1,0.000464293
24:04.1,0.000478079
24:05.1,0.000470086
24:06.1,0.000460514
24:07.1,0.00046879
24:08.1,0.000468222
24:09.1,0.000470817
24:10.1,0.00047518
24:11.1,0.000483624
24:12.1,0.000493011
24:13.1,0.000482269
24:14.1,0.00047853
24:15.1,0.000485324
24:16.1,0.000481905
24:17.1,0.000471022
24:18.1,0.000469927
24:19.1,0.000468558
24:20.1,0.000460437
24:21.1,0.000474559
24:22.1,0.000485473
24:23.1,0.000481033
24:24.1,0.00047245
24:25.1,0.000482514
24:26.1,0.000477024
24:27.1,0.000471226
24:28.1,0.000461316
24:29.1,0.000469526
24:30.1,0.000476818
24:31.1,0.000478225
24:32.1,0.000481937
24:33.1,0.000477645
24:34.1,0.000470948
24:35.1,0.000478812
24:36.1,0.000488894
24:37.1,0.000482735
24:38.1,0.000482923
24:39.1,0.000471745
24:40.1,0.000467089
24:41.1,0.000466773
24:42.0,0.000464649
24:43.0,0.000476432
24:44.0,0.000473119
24:45.0,0.000463251
24:46.0,0.000467148
24:47.0,0.000464311
24:48.0,0.000464582
24:49.0,0.000472881
24:50.0,0.000484437
24:51.0,0.000490512
24:52.0,0.000488057
24:53.0,0.000482649
24:54.0,0.000471994
24:55.0,0.000471443
24:56.0,0.000460021
24:57.0,0.000464547
24:58.0,0.000467236
24:59.0,0.000474007
25:00.0,0.000478005
25:01.0,0.000478623
25:02.0,0.000482986
25:03.0,0.00048503
25:04.0,0.000472797
25:05.0,0.000468328
25:06.0,0.000462904
25:07.0,0.00047071
25:08.0,0.000458534
25:09.0,0.000462414
25:10.0,0.000490234
25:11.0,0.000488324
25:12.0,0.000484202
25:13.0,0.000477101
25:14.0,0.000475036
25:15.0,0.00047119
25:16.0,0.000476119
25:17.0,0.000475496
25:18.0,0.000483791
25:19.0,0.000484621
25:20.0,0.000470962
25:21.0,0.000468134
25:22.0,0.000467498
25:23.0,0.000464358
25:24.0,0.000470761
25:25.0,0.000478125
25:26.0,0.000481593
25:27.0,0.000479689
25:28.0,0.000468569
25:29.0,0.000467624
25:30.0,0.000467346
25:31.0,0.000469452
25:32.0,0.000472024
25:33.0,0.000476049
25:34.0,0.000478736
25:35.0,0.000475472
25:36.0,0.000458046
25:37.0,0.000465705
25:38.0,0.000481607
25:39.0,0.000471707
25:40.0,0.000476126
25:41.0,0.000484056
25:42.0,0.000473148
25:42.9,0.000471871
25:43.9,0.000476608
25:44.9,0.000471087
25:45.9,0.000462254
25:46.9,0.000447499
25:47.9,0.000457761
25:48.9,0.000474563
25:49.9,0.000485137
25:50.9,0.000486902
25:51.9,0.000483064
25:52.9,0.000486803
25:53.9,0.000480376
25:54.9,0.000488331
25:55.9,0.00049823
25:56.9,0.000494343
25:57.9,0.000471999
25:58.9,0.00046761
25:59.9,0.000462368
26:00.9,0.000454326
26:01.9,0.000455221
26:02.9,0.000466489
26:03.9,0.000473516
26:04.9,0.00047036
26:05.9,0.000470764
26:06.9,0.000471039
26:07.9,0.000477253
26:08.9,0.000477098
26:09.9,0.000482903
26:10.9,0.000472649
26:11.9,0.000462874
26:12.9,0.00047701
26:13.9,0.000476253
26:14.9,0.00047032
26:15.9,0.00046148
26:16.9,0.000469124
26:17.9,0.00047066
26:18.9,0.000483806
26:19.9,0.000484213
26:20.9,0.000478108
26:21.9,0.000476503
26:22.9,0.00046627
26:23.9,0.000474938
26:24.9,0.000478434
26:25.9,0.000474259
26:26.9,0.000478338
26:27.9,0.000467479
26:28.9,0.000471755
26:29.9,0.00047085
26:30.9,0.000465497
26:31.9,0.000474609
26:32.9,0.000480377
26:33.9,0.000474296
26:34.9,0.000475701
26:35.9,0.000470522
26:36.9,0.000478137
26:37.9,0.000481678
26:38.9,0.00047847
26:39.9,0.000467239
26:40.9,0.000463428
26:41.9,0.00046814
26:42.9,0.000479325
26:43.8,0.000471975
26:44.8,0.000471814
26:45.8,0.000466457
26:46.8,0.000489535
26:47.8,0.000493396
26:48.8,0.00048043
26:49.8,0.000475374
26:50.8,0.000470166
26:51.8,0.000459341
26:52.8,0.000461433
26:53.8,0.000469695
26:54.8,0
26:55.8,0.000151722
26:56.8,0.000136737
26:57.8,0.000137665
26:58.8,0.000140998
26:59.8,0.000137356
27:00.8,0.000135816
27:01.8,0.000134954
27:02.8,0.000124873
27:03.8,0.000129857
27:04.8,0.000133503
27:05.8,0.000146859
27:06.8,0.000142166
27:07.8,0.000139213
27:08.8,0.000135058
27:09.8,0.000127171
27:10.8,0.000119452
27:11.8,0.000126695
27:12.8,0.000133759
27:13.8,0.000139847
27:14.8,0.000138491
27:15.8,0.000136475
27:16.8,0.000134986
27:17.8,0.000136806
27:18.8,0.000116847
27:19.8,0.00011975
27:20.8,0.000138532
27:21.8,0.000145149
27:22.8,0.000146077
27:23.8,0.000140157
27:24.8,0.000135725
27:25.8,0.000128848
27:26.8,0.000133435
27:27.8,0.000131917
27:28.8,0.000146189
27:29.8,0.000137411
27:30.8,0.000137873
27:31.8,0.000133704
27:32.8,0.000133871
27:33.8,0.000133094
27:34.8,0.000131522
27:35.8,0.000139405
27:36.8,0.000138692
27:37.8,0.000137096
27:38.8,0.000137605
27:39.8,0.000134913
27:40.8,0.000136591
27:41.8,0.000134413
27:42.8,0.000126697
27:43.8,0.000131571
27:44.8,0.00013531
27:45.7,0.000151662
27:46.7,0.0001464
27:47.7,0.000136686
27:48.7,0.000131545
27:49.7,0.000129928
27:50.7,0.000140658
27:51.7,0.000138852
27:52.7,0.000122229
27:53.7,0.000115425
27:54.7,0.000137393
27:55.7,0.000131434
27:56.7,0.000141027
27:57.7,0.000147822
27:58.7,0.000138977
27:59.7,0.000131147
28:00.7,0.000126428
28:01.7,0.000130796
28:02.7,0.000136283
28:03.7,0.000132559
28:04.7,0.00013665
28:05.7,0.000150527
28:06.7,0.000134668
28:07.7,0.000137217
28:08.7,0.000136338
28:09.7,0.000132747
28:10.7,0.000124824
28:11.7,0.000123034
28:12.7,0.000135674
28:13.7,0.000139098
28:14.7,0.000136091
28:15.7,0.000123605
28:16.7,0.000126142
28:17.7,0.000143727
28:18.7,0.000143541
28:19.7,0.000146613
28:20.7,0.000132535
28:21.7,0.000135702
28:22.7,0.000136107
28:23.7,0.000131845
28:24.7,0.000136157
28:25.7,0.000142557
28:26.7,0.000141183
28:27.7,0.00013587
28:28.7,0.000131383
28:29.7,0.000130288
28:30.7,0.000132265
28:31.7,0.000133847
28:32.7,0.000130222
28:33.7,0.000136628
28:34.7,0.000139872
28:35.7,0.000126464
28:36.7,0.0001208
28:37.7,0.00013096
28:38.7,0.000132968
28:39.7,0.000144886
28:40.7,0.000139434
28:41.7,0.000149349
28:42.7,0.000138047
28:43.7,0.000131322
28:44.7,0.000134219
28:45.7,0.000138192
28:46.6,0.000141801
28:47.6,0.000138084
28:48.6,0.000138564
28:49.6,0.000138811
28:50.6,0.000138939
28:51.6,0.000133848
28:52.6,0.00012599
28:53.6,0.000126413
28:54.6,0.000135808
28:55.6,0.000143298
28:56.6,0.000142851
28:57.6,0.000133112
28:58.6,0.000138904
28:59.6,0.000144726
29:00.6,0.000145723
29:01.6,0.000139187
29:02.6,0.000130841
29:03.6,0.000130781
29:04.6,0.000137762
29:05.6,0.00013636
29:06.6,0.000139211
29:07.6,0.000139126
29:08.6,0.000144184
29:09.6,0.000143351
29:10.6,0.000130251
29:11.6,0.000129459
29:12.6,0.000145423
29:13.6,0.000145843
29:14.6,0.000139213
29:15.6,0.000137688
29:16.6,0.000149166
29:17.6,0.000144202
29:18.6,0.000131691
29:19.6,0.00012492
29:20.6,0.000122634
29:21.6,0.000144355
29:22.6,0.000151243
29:23.6,0.00014303
29:24.6,0.000139672
29:25.6,0.000126482
29:26.6,0.000127347
29:27.6,0.000135181
29:28.6,0.000138877
29:29.6,0.000138351
29:30.6,0.000137097
29:31.6,0.000144637
29:32.6,0.000152765
29:33.6,0.00015021
29:34.6,0.00013885
29:35.6,0.000128241
29:36.6,0.00013548
29:37.6,0.000134875
29:38.6,0.000141513
29:39.6,0.000150909
29:40.6,0.000148621
29:41.6,0.000143985
29:42.6,0.000135144
29:43.6,0.000133818
29:44.6,0.00013842
29:45.6,0.000143663
29:46.6,0.000146965
29:47.5,0.000138295
29:48.5,0.000127525
29:49.5,0.000135576
29:50.5,0.000137518
29:51.5,0.000141701
29:52.5,0.000139479
29:53.5,0.000141377
29:54.5,0.000135817
29:55.5,0.000130261
29:56.5,0.000129712
29:57.5,0.00013218
29:58.5,0.000129923
29:59.5,0.00013738
30:00.5,0.000150896
30:01.5,0.000149035
30:02.5,0.000149407
30:03.5,0.000143488
30:04.5,0.00013511
30:05.5,0.000140809
30:06.5,0.000147674
30:07.5,0.00014402
30:08.5,0.000132349
30:09.5,0.000133275
30:10.5,0.000134305
30:11.5,0.000137591
30:12.5,0.000134671
30:13.5,0.000144873
30:14.5,0.000139169
30:15.5,0.000135
30:16.5,0.000138124
30:17.5,0.000130298
30:18.5,0.000121856
30:19.5,0.000127197
30:20.5,0.000145686
30:21.5,0.000156191
30:22.5,0.00015482
30:23.5,0.000139118
30:24.5,0.000139401
30:25.5,0.000133158
30:26.5,0.000134985
30:27.5,0.000136746
30:28.5,0.000133608
30:29.5,0.00013989
30:30.5,0.000148237
30:31.5,0.000144452
30:32.5,0.000139011
30:33.5,0.000138897
30:34.5,0.000135984
30:35.5,0.000140192
30:36.5,0.000136809
30:37.5,0.00012822
30:38.5,0.000128478
30:39.5,0.000142792
30:40.5,0.000145584
30:41.5,0.000139767
30:42.5,0.000144043
30:43.5,0.000143166
30:44.5,0.000140253
30:45.5,0.000133114
30:46.5,0.000139395
30:47.5,0.000144175
30:48.4,0.000141767
30:49.4,0.00014521
30:50.4,0.000134741
30:51.4,0.000135184
30:52.4,0.000131945
30:53.4,0.000140827
30:54.4,0.00014026
30:55.4,0.000139408
30:56.4,0.000134812
30:57.4,0.000140452
30:58.4,0.00014019
30:59.4,0.000136575
31:00.4,0.000140853
31:01.4,0.000149187
31:02.4,0.00013647
31:03.4,0.000131728
31:04.4,0.000138133
31:05.4,0.000132552
31:06.4,0.000133905
31:07.4,0.0001281
31:08.4,0.000125825
31:09.4,0.000131009
31:10.4,0.000149708
31:11.4,0.000151181
31:12.4,0.000149317
31:13.4,0.000147231
31:14.4,0.000135757
31:15.4,0.0001361
31:16.4,0.00013895
31:17.4,0.000138001
31:18.4,0.000143907
31:19.4,0.000145205
31:20.4,0.000132593
31:21.4,0.000134852
31:22.4,0.000136885
31:23.4,0.000144292
31:24.4,0.000141716
31:25.4,0.000143036
31:26.4,0.000148058
31:27.4,0.000146635
31:28.4,0.000140981
31:29.4,0.000133972
31:30.4,0.000124476
31:31.4,0.000130628
31:32.4,0.000142275
31:33.4,0.000139108
31:34.4,0.000135742
31:35.4,0.000146388
31:36.4,0.000149593
31:37.4,0.000140139
31:38.4,0.000135459
31:39.4,0.000136748
31:40.4,0.000139479
31:41.4,0.000131096
31:42.4,0.000131848
31:43.4,0.000138585
31:44.4,0.000140767
31:45.4,0.000144114
31:46.4,0.00014561
31:47.4,0.000149131
31:48.4,0.000139113
31:49.3,0.000136603
31:50.3,0.000133202
31:51.3,0.000137407
31:52.3,0.000138216
31:53.3,0.000130642
31:54.3,0.000126313
31:55.3,0.000124872
31:56.3,0.000113835
31:57.3,0.000122666
31:58.3,0.000136668
31:59.3,0.000149596
32:00.3,0.00015274
32:01.3,0.000145165
32:02.3,0.000139771
32:03.3,0.000131591
32:04.3,0.000133057
32:05.3,0.000125672
32:06.3,0.000125551
32:07.3,0.000124351
32:08.3,0.000123775
32:09.3,0.000129994
32:10.3,0.000138859
32:11.3,0.000146962
32:12.3,0.000147923
32:13.3,0.000148257
32:14.3,0.000133753
32:15.3,0.000134148
32:16.3,0.000142051
32:17.3,0.000141297
32:18.3,0.000134045
32:19.3,0.00013545
32:20.3,0.000128074
32:21.3,0.000126351
32:22.3,0.000130354
32:23.3,0.000139205
32:24.3,0.000137969
32:25.3,0.000136892
32:26.3,0.000136273
32:27.3,0.000135639
32:28.3,0.000125318
32:29.3,0.000126172
32:30.3,0.000132288
32:31.3,0.00013825
32:32.3,0.000139151
32:33.3,0.000140289
32:34.3,0.000133722
32:35.3,0.000129321
32:36.3,0.000142422
32:37.3,0.000147362
32:38.3,0.000134238
32:39.3,0.000131779
32:40.3,0.000126963
32:41.3,0.00013167
32:42.3,0.00013499
32:43.3,0.000134067
32:44.3,0.000136671
32:45.3,0.000135245
32:46.3,0.000131736
32:47.3,0.00012826
32:48.3,0.000131635
32:49.3,0.000136417
32:50.2,0.000135705
32:51.2,0.00013158
32:52.2,0.000136643
32:53.2,0.000141955
32:54.2,0.000139946
32:55.2,0.000141006
32:56.2,0.000129598
32:57.2,0.000125344
32:58.2,0.00012176
32:59.2,0.000123648
33:00.2,0.000131971
33:01.2,0.00014938
33:02.2,0.000151333
33:03.2,0.000145793
33:04.2,0.000136707
33:05.2,0.00013382
33:06.2,0.000135967
33:07.2,0.000135954
33:08.2,0.000133442
33:09.2,0.000138884
33:10.2,0.000140451
33:11.2,0.000139688
33:12.2,0.000130935
33:13.2,0.000133753
33:14.2,0.000138232
33:15.2,0.000148794
33:16.2,0.000144571
33:17.2,0.000133608
33:18.2,0.000114234
33:19.2,0.000113661
33:20.2,0.000142866
33:21.2,0.000149133
33:22.2,0.00013728
33:23.2,0.000136832
33:24.2,0.000138003
33:25.2,0.000135855
33:26.2,0.000137801
33:27.2,0.000131403
33:28.2,0.000126648
33:29.2,0.00012709
33:30.2,0.000130975
33:31.2,0.000135646
33:32.2,0.000148241
33:33.2,0.000147633
33:34.2,0.000139657
33:35.2,0.000136706
33:36.2,0.00013375
33:37.2,0.000134688
33:38.2,0.000141473
33:39.2,0.000140553
33:40.2,0.000136261
33:41.2,0.000132329
33:42.2,0.000137789
33:43.2,0.000131117
33:44.2,0.000132419
33:45.2,0.000133417
33:46.2,0.00013509
33:47.2,0.000132423
33:48.2,0.00013262
33:49.2,0.000129494
33:50.2,0.000136544
33:51.1,0.000140769
33:52.1,0.000141042
33:53.1,0.000141389
33:54.1,0.000136225
33:55.1,0.000135568
33:56.1,0.000138705
33:57.1,0.000138208
33:58.1,0.000126652
33:59.1,0.00013914
34:00.1,0.000140381
34:01.1,0.000135765
34:02.1,0.00013285
34:03.1,0.000131931
34:04.1,0.0001357
34:05.1,0.00013874
34:06.1,0.00012445
34:07.1,0.000108171
34:08.1,0.000126055
34:09.1,0.000144631
34:10.1,0.000152881
34:11.1,0.000144573
34:12.1,0.000138883
34:13.1,0.000138834
34:14.1,0.000138936
34:15.1,0.000134338
34:16.1,0.000117556
34:17.1,0.000118336
34:18.1,0.000128732
34:19.1,0.000141216
34:20.1,0.00013804
34:21.1,0.00014636
34:22.1,0.000147318
2025-7-7 22:34,0.000143362
34:24.1,0.000135052
34:25.1,0.00012919
34:26.1,0.000135947
34:27.1,0.000136624
34:28.1,0.000137953
34:29.1,0.000122816
34:30.1,0.00014022
34:31.1,0.000148433
34:32.1,0.000138469
34:33.1,0.000131835
34:34.1,0.000136876
34:35.1,0.000140098
34:36.1,0.000135887
34:37.1,0.000128194
34:38.1,0.00012327
34:39.1,0.000125197
34:40.1,0.000132279
34:41.1,0.000138898
34:42.1,0.000150307
34:43.1,0.000143987
34:44.1,0.000136185
34:45.1,0.000132742
34:46.1,0.000136466
34:47.1,0.000133637
34:48.1,0.000133954
34:49.1,0.000140349
34:50.1,0.00014009
34:51.1,0.00012855
34:52.0,0.000134666
34:53.0,0.00013713
34:54.0,0.000139395
34:55.0,0.000145771
34:56.0,0.00014508
34:57.0,0.000156735
34:58.0,0.00015553
34:59.0,0.000137205
35:00.0,0.00012713
35:01.0,0.000118228
35:02.0,0.000120386
35:03.0,0.000127548
35:04.0,0.000129946
35:05.0,0.000124175
35:06.0,0.000139214
35:07.0,0.000142197
35:08.0,0.000136476
35:09.0,0.000131843
35:10.0,0.000146963
35:11.0,0.000143578
35:12.0,0.000137477
35:13.0,0.000133793
35:14.0,0.000138273
35:15.0,0.00014094
35:16.0,0.000144347
35:17.0,0.00014501
35:18.0,0.000142518
35:19.0,0.000135395
35:20.0,0.000125085
35:21.0,0.000131149
35:22.0,0.000132274
35:23.0,0.000134656
35:24.0,0.000136971
35:25.0,0.000138027
35:26.0,0.000126502
35:27.0,0.000119818
35:28.0,0.000122068
35:29.0,0.000135437
35:30.0,0.000142177
35:31.0,0.000138703
35:32.0,0.000151086
35:33.0,0.000156251
35:34.0,0.000138741
35:35.0,0.000133012
35:36.0,0.000135284
35:37.0,0.000132008
35:38.0,0.000139586
35:39.0,0.000147947
35:40.0,0.000129817
35:41.0,0.000138557
35:42.0,0.000138194
35:43.0,0.000138362
35:44.0,0.000134948
35:45.0,0.000141777
35:46.0,0.000142331
35:47.0,0.000134032
35:48.0,0.000139176
35:49.0,0.000136304
35:50.0,0.000122039
35:51.0,0.000131828
35:52.0,0.000140301
35:53.0,0.000144933
35:53.9,0.000137042
35:54.9,0.000139162
35:55.9,0.000152631
35:56.9,0.000140048
35:57.9,0.000127664
35:58.9,0.000127195
35:59.9,0.000127184
36:00.9,0.000134226
36:01.9,0.000147575
36:02.9,0.000145099
36:03.9,0.000136797
36:04.9,0.000135005
36:05.9,0.000131381
36:06.9,0.00014079
36:07.9,0.00014701
36:08.9,0.000146607
36:09.9,0.00014398
36:10.9,0.000139466
36:11.9,0.000127434
36:12.9,0.000128041
36:13.9,0.000136552
36:14.9,0.000139241
36:15.9,0.000135337
36:16.9,0.000132236
36:17.9,0.000137739
36:18.9,0.000146135
36:19.9,0.000144107
36:20.9,0.000133366
36:21.9,0.000133763
36:22.9,0.000137584
36:23.9,0.000136367
36:24.9,0.000138367
36:25.9,0.000129679
36:26.9,0.000134336
36:27.9,0.000135608
36:28.9,0.000147932
36:29.9,0.000147959
36:30.9,0.000143103
36:31.9,0.000132997
36:32.9,0.000130906
36:33.9,0.000137791
36:34.9,0.000138884
36:35.9,0.000144772
36:36.9,0.000144561
36:37.9,0.000141369
36:38.9,0.000134597
36:39.9,0.000134666
36:40.9,0.000132267
36:41.9,0.000133498
36:42.9,0.00013643
36:43.9,0.000132781
36:44.9,0.000133129
36:45.9,0.000147851
36:46.9,0.000157674
36:47.9,0.000150667
36:48.9,0.000147386
36:49.9,0.000131736
36:50.9,0.000120096
36:51.9,0.000122233
36:52.9,0.000130906
36:53.9,0.000137271
36:54.8,0
36:55.8,0.000371671
36:56.8,0.000338239
36:57.8,0.00034493
36:58.8,0.000354673
36:59.8,0.000341426
37:00.8,0.000328236
37:01.8,0.000323143
37:02.8,0.000331894
37:03.8,0.000345128
37:04.8,0.000345597
37:05.8,0.000343956
37:06.8,0.000344425
37:07.8,0.000346449
37:08.8,0.000344234
37:09.8,0.000359689
37:10.8,0.000347462
37:11.8,0.000328125
37:12.8,0.000321356
37:13.8,0.00032282
37:14.8,0.000336494
37:15.8,0.000346851
37:16.8,0.000350371
37:17.8,0.000340126
37:18.8,0.000334081
37:19.8,0.00033619
37:20.8,0.000333744
37:21.8,0.000333172
37:22.8,0.000341192
37:23.8,0.000342793
37:24.8,0.000339209
37:25.8,0.000338617
37:26.8,0.000335029
37:27.8,0.000335261
37:28.8,0.000335054
37:29.8,0.00033555
37:30.8,0.000332095
37:31.8,0.000344578
37:32.8,0.000353067
37:33.8,0.000348226
37:34.8,0.000339261
37:35.8,0.000351005
37:36.8,0.000349623
37:37.8,0.000339725
37:38.8,0.000334939
37:39.8,0.000333484
37:40.8,0.000337217
37:41.8,0.00033589
37:42.8,0.000335009
37:43.8,0.000342771
37:44.8,0.000333883
37:45.8,0.000334121
37:46.8,0.000336522
37:47.8,0.000340446
37:48.8,0.000337891
37:49.8,0.000338884
37:50.8,0.000343434
37:51.8,0.000344089
37:52.8,0.000341675
37:53.8,0.000341996
37:54.8,0.000339972
37:55.7,0.000325724
37:56.7,0.000326968
37:57.7,0.000328635
37:58.7,0.000335039
37:59.7,0.000341417
38:00.7,0.00034566
38:01.7,0.000353149
38:02.7,0.000361399
38:03.7,0.000344925
38:04.7,0.000338689
38:05.7,0.000338676
38:06.7,0.000344892
38:07.7,0.000343894
2025-7-7 22:38,0.000333513
38:09.7,0.000332477
38:10.7,0.000337026
38:11.7,0.000340006
38:12.7,0.000341681
38:13.7,0.000346072
38:14.7,0.00034509
38:15.7,0.000352331
38:16.7,0.00034966
38:17.7,0.000340446
38:18.7,0.000332689
2025-7-7 22:38,0.000341073
2025-7-7 22:38,0.000334096
2025-7-7 22:38,0.000334185
38:22.7,0.000332498
38:23.7,0.00034084
38:24.7,0.000337574
38:25.7,0.000327056
38:26.7,0.000335677
38:27.7,0.000337192
38:28.7,0.000338086
38:29.7,0.000350076
38:30.7,0.000354861
38:31.7,0.000343281
38:32.7,0.000339223
38:33.7,0.000337782
38:34.7,0.000342528
38:35.7,0.00034113
38:36.7,0.000331195
38:37.7,0.000347157
38:38.7,0.000359167
38:39.7,0.000338516
38:40.7,0.000338341
38:41.7,0.000345215
38:42.7,0.000337984
38:43.7,0.000324777
38:44.7,0.000338685
38:45.7,0.000334195
38:46.7,0.000322023
38:47.7,0.000329456
38:48.7,0.000356062
38:49.7,0.000395531
38:50.7,0.000423987
38:51.7,0.000303642
38:52.7,0.000196931
38:53.7,0.000369078
38:54.7,0.000361774
38:55.7,0.000450997
38:56.6,0.000377064
38:57.6,0.000359475
38:58.6,0.000324011
38:59.6,0.000313837
39:00.6,0.000313593
39:01.6,0.00032521
39:02.6,0.000326819
39:03.6,0.000331501
39:04.6,0.000339494
39:05.6,0.000347582
39:06.6,0.000340982
39:07.6,0.000344606
39:08.6,0.000354415
39:09.6,0.000349964
39:10.6,0.000336249
39:11.6,0.00033802
39:12.6,0.000348422
39:13.6,0.000352412
39:14.6,0.000341408
39:15.6,0.000327353
39:16.6,0.000332542
39:17.6,0.000343787
39:18.6,0.000359365
39:19.6,0.000362777
39:20.6,0.000363907
39:21.6,0.000347133
39:22.6,0.000332476
39:23.6,0.000342603
39:24.6,0.000349343
39:25.6,0.000354004
39:26.6,0.000357306
39:27.6,0.000350576
39:28.6,0.00034863
39:29.6,0.000348769
39:30.6,0.000343161
39:31.6,0.000339408
39:32.6,0.000337415
39:33.6,0.00033344
39:34.6,0.000344641
39:35.6,0.000376835
39:36.6,0.000376082
39:37.6,0.000356109
39:38.6,0.000341675
39:39.6,0.000344143
39:40.6,0.000330447
39:41.6,0.000317098
39:42.6,0.000327136
39:43.6,0.000338236
39:44.6,0.000346242
39:45.6,0.000347053
39:46.6,0.000345161
39:47.6,0.000346775
39:48.6,0.000351988
39:49.6,0.000355001
39:50.6,0.00034585
39:51.6,0.000332062
39:52.6,0.000339732
39:53.6,0.000346765
39:54.6,0.000344464
39:55.6,0.000332374
39:56.6,0.0003304
39:57.5,0.000337514
39:58.5,0.000334251
39:59.5,0.000355934
40:00.5,0.000361371
40:01.5,0.000359835
40:02.5,0.000358659
40:03.5,0.000344975
40:04.5,0.000345363
40:05.5,0.00034142
40:06.5,0.000341154
40:07.5,0.000354062
40:08.5,0.000348937
40:09.5,0.00034252
40:10.5,0.000349043
40:11.5,0.00034556
40:12.5,0.000344263
40:13.5,0.000342502
40:14.5,0.000351957
40:15.5,0.000355383
40:16.5,0.000356912
40:17.5,0.000346461
40:18.5,0.000347816
40:19.5,0.000345771
40:20.5,0.000327836
40:21.5,0.000331383
40:22.5,0.000347942
40:23.5,0.00034904
40:24.5,0.000348623
40:25.5,0.000336251
40:26.5,0.000332863
40:27.5,0.000332415
40:28.5,0.000356749
40:29.5,0.000350432
40:30.5,0.00035037
40:31.5,0.000350142
40:32.5,0.000353218
40:33.5,0.000349819
40:34.5,0.000348769
40:35.5,0.000335098
40:36.5,0.000343465
40:37.5,0.000348849
40:38.5,0.000347871
40:39.5,0.000348674
40:40.5,0.000346583
40:41.5,0.000346025
40:42.5,0.00034721
40:43.5,0.000346694
40:44.5,0.000345811
40:45.5,0.000339382
40:46.5,0.00033684
40:47.5,0.000344212
40:48.5,0.000345141
40:49.5,0.000358784
40:50.5,0.00035956
40:51.5,0.000357512
40:52.5,0.000342494
40:53.5,0.000329844
40:54.5,0.000344506
40:55.5,0.000365689
40:56.5,0.000366369
40:57.5,0.000358519
40:58.4,0.000346119
40:59.4,0.000330919
41:00.4,0.000337642
41:01.4,0.000332735
41:02.4,0.000338484
41:03.4,0.000339823
41:04.4,0.000346753
41:05.4,0.000342999
41:06.4,0.000351636
41:07.4,0.000351429
41:08.4,0.000353943
41:09.4,0.000354625
41:10.4,0.00033008
41:11.4,0.000335658
41:12.4,0.000354937
41:13.4,0.000345831
41:14.4,0.00034281
41:15.4,0.000344781
41:16.4,0.000339265
41:17.4,0.000336849
41:18.4,0.000343187
41:19.4,0.000349697
41:20.4,0.000353826
41:21.4,0.000350343
41:22.4,0.000356077
41:23.4,0.000345241
41:24.4,0.000340192
41:25.4,0.000337098
41:26.4,0.00035918
41:27.4,0.000358898
41:28.4,0.000358849
41:29.4,0.000355477
41:30.4,0.000353722
41:31.4,0.000335132
41:32.4,0.000329622
41:33.4,0.000335986
41:34.4,0.000346375
41:35.4,0.000345608
41:36.4,0.000339932
41:37.4,0.000350953
41:38.4,0.000350107
41:39.4,0.000340257
41:40.4,0.000337676
41:41.4,0.000345665
41:42.4,0.000353207
41:43.4,0.000352156
41:44.4,0.000345112
41:45.4,0.000339752
41:46.4,0.000354336
41:47.4,0.000357116
41:48.4,0.000358851
41:49.4,0.000360268
41:50.4,0.000353698
41:51.4,0.000340817
41:52.4,0.000327723
41:53.4,0.000329281
41:54.4,0.000345752
41:55.4,0.000346612
41:56.4,0.00033868
41:57.4,0.000340946
41:58.4,0.000345554
41:59.3,0.000343172
42:00.3,0.000353021
42:01.3,0.000359814
42:02.3,0.00035477
42:03.3,0.000343985
42:04.3,0.000350503
42:05.3,0.000348643
42:06.3,0.000351929
42:07.3,0.000350257
42:08.3,0.000354145
42:09.3,0.000352314
42:10.3,0.000344897
42:11.3,0.000340438
42:12.3,0.000349477
42:13.3,0.000335617
42:14.3,0.000341313
42:15.3,0.000345647
42:16.3,0.000358199
42:17.3,0.000356819
42:18.3,0.000361032
42:19.3,0.000352602
42:20.3,0.000345293
42:21.3,0.000339433
42:22.3,0.000328598
42:23.3,0.00033552
42:24.3,0.000348504
42:25.3,0.000337777
42:26.3,0.00033273
42:27.3,0.000334819
42:28.3,0.000343119
42:29.3,0.000353548
42:30.3,0.000353289
42:31.3,0.000362832
42:32.3,0.000348877
42:33.3,0.000355145
42:34.3,0.000351681
42:35.3,0.000354385
42:36.3,0.000354319
42:37.3,0.000349428
42:38.3,0.000350216
42:39.3,0.000344711
42:40.3,0.000327819
42:41.3,0.000344422
42:42.3,0.000349582
42:43.3,0.000347079
42:44.3,0.000349756
42:45.3,0.000343624
42:46.3,0.000330707
42:47.3,0.000335861
42:48.3,0.000347999
42:49.3,0.000359745
42:50.3,0.000353419
42:51.3,0.000347094
42:52.3,0.000351389
42:53.3,0.000354896
42:54.3,0.000343787
42:55.3,0.000349778
42:56.3,0.000354372
42:57.3,0.000349542
42:58.3,0.000347927
42:59.3,0.000352457
43:00.2,0.000340057
43:01.2,0.00033657
43:02.2,0.000337241
43:03.2,0.000350932
43:04.2,0.000350423
43:05.2,0.000350259
43:06.2,0.000341544
43:07.2,0.000324812
43:08.2,0.000326082
43:09.2,0.000335184
43:10.2,0.000351048
43:11.2,0.000362894
43:12.2,0.000359549
43:13.2,0.000358416
43:14.2,0.000353837
43:15.2,0.000341206
43:16.2,0.000339443
43:17.2,0.000333729
43:18.2,0.000337124
43:19.2,0.000345107
43:20.2,0.000361325
43:21.2,0.000369187
43:22.2,0.000350223
43:23.2,0.000343009
43:24.2,0.00034454
43:25.2,0.00034922
43:26.2,0.000347635
43:27.2,0.000343621
43:28.2,0.0003517
43:29.2,0.000347672
43:30.2,0.000349917
43:31.2,0.000340472
43:32.2,0.000343708
43:33.2,0.000343532
43:34.2,0.000345921
43:35.2,0.000344245
43:36.2,0.000345345
43:37.2,0.000334368
43:38.2,0.000343493
43:39.2,0.000351296
43:40.2,0.000345305
43:41.2,0.000346838
43:42.2,0.000353534
43:43.2,0.000352629
43:44.2,0.000348707
43:45.2,0.000354555
43:46.2,0.000355813
43:47.2,0.000350214
43:48.2,0.000346749
43:49.2,0.000334139
43:50.2,0.000341063
43:51.2,0.000348674
43:52.2,0.000345345
43:53.2,0.000342095
43:54.2,0.000347113
43:55.2,0.000357934
43:56.2,0.000361547
43:57.2,0.000366763
43:58.2,0.00034904
43:59.2,0.000340427
44:00.2,0.000330336
44:01.1,0.000331333
44:02.1,0.000340033
44:03.1,0.000352333
44:04.1,0.00034847
44:05.1,0.000338218
44:06.1,0.000336727
44:07.1,0.00035701
44:08.1,0.000359626
44:09.1,0.000353361
44:10.1,0.000346608
44:11.1,0.000341326
44:12.1,0.00034423
44:13.1,0.000351188
44:14.1,0.000348478
44:15.1,0.000349543
44:16.1,0.000352305
44:17.1,0.000343365
44:18.1,0.000338292
44:19.1,0.000336968
44:20.1,0.000345465
44:21.1,0.000351277
44:22.1,0.000355361
44:23.1,0.000356086
44:24.1,0.000346884
44:25.1,0.000340215
44:26.1,0.000333969
44:27.1,0.000340208
44:28.1,0.000343105
44:29.1,0.000343092
44:30.1,0.000343648
44:31.1,0.000347688
44:32.1,0.000362313
44:33.1,0.000374281
44:34.1,0.00034947
44:35.1,0.000341713
44:36.1,0.000347524
44:37.1,0.00035169
44:38.1,0.000345642
44:39.1,0.000339707
44:40.1,0.000351286
44:41.1,0.000353145
44:42.1,0.000356745
44:43.1,0.000348675
44:44.1,0.000346204
44:45.1,0.000342107
44:46.1,0.000348948
44:47.1,0.000359603
44:48.1,0.000351884
44:49.1,0.000339983
44:50.1,0.000347891
44:51.1,0.000341498
44:52.1,0.000345659
44:53.1,0.000352301
44:54.1,0.000348011
44:55.1,0.000349639
44:56.1,0.000348945
44:57.1,0.000343057
44:58.1,0.000344751
44:59.1,0.0003508
45:00.1,0.000340791
45:01.1,0.000346855
45:02.1,0.000344951
45:03.0,0.000347888
45:04.0,0.000352354
45:05.0,0.000353707
45:06.0,0.000352231
45:07.0,0.000349319
45:08.0,0.000338793
45:09.0,0.000335879
45:10.0,0.000347186
45:11.0,0.000346686
45:12.0,0.000346885
45:13.0,0.000349547
45:14.0,0.000347667
45:15.0,0.00034552
45:16.0,0.000341148
45:17.0,0.00034352
45:18.0,0.000355821
45:19.0,0.000364338
45:20.0,0.000358857
45:21.0,0.000338467
45:22.0,0.000338231
45:23.0,0.000338304
45:24.0,0.000346235
45:25.0,0.000352806
45:26.0,0.000347422
45:27.0,0.000331299
45:28.0,0.000322294
45:29.0,0.000341786
45:30.0,0.000363185
45:31.0,0.000354557
45:32.0,0.000354622
45:33.0,0.000351797
45:34.0,0.000345522
45:35.0,0.000346801
45:36.0,0.000345138
45:37.0,0.000365567
45:38.0,0.000373859
45:39.0,0.000365944
45:40.0,0.000348676
45:41.0,0.00033313
45:42.0,0.000328886
45:43.0,0.00032183
45:44.0,0.000339582
45:45.0,0.000344666
45:46.0,0.000333255
45:47.0,0.000336801
45:48.0,0.00034766
45:49.0,0.00034634
45:50.0,0.000360938
45:51.0,0.000363371
45:52.0,0.000350099
45:53.0,0.00034395
45:54.0,0.000342414
45:55.0,0.00034369
45:56.0,0.000344358
45:57.0,0.000340427
45:58.0,0.000343255
45:59.0,0.000343784
46:00.0,0.000335119
46:01.0,0.000350216
46:02.0,0.000353196
46:03.0,0.0003548
46:03.9,0.000346758
46:04.9,0.000348283
46:05.9,0.000342348
46:06.9,0.000344015
46:07.9,0.000351202
46:08.9,0.000343954
46:09.9,0.000338902
46:10.9,0.000339734
46:11.9,0.00034732
46:12.9,0.000353597
46:13.9,0.000343875
46:14.9,0.000338241
46:15.9,0.000341645
46:16.9,0.000356607
46:17.9,0.000362537
46:18.9,0.000345202
46:19.9,0.000345166
46:20.9,0.000340326
46:21.9,0.000340746
46:22.9,0.00033893
46:23.9,0.000344388
46:24.9,0.000340422
46:25.9,0.000343839
46:26.9,0.000348538
46:27.9,0.000337328
46:28.9,0.000340428
46:29.9,0.000348682
46:30.9,0.000354274
46:31.9,0.000351199
46:32.9,0.000344342
46:33.9,0.00034574
46:34.9,0.000344112
46:35.9,0.000349054
46:36.9,0.000354571
46:37.9,0.000351781
46:38.9,0.000342509
46:39.9,0.000341587
46:40.9,0.000334765
46:41.9,0.000336415
46:42.9,0.000352514
46:43.9,0.000354228
46:44.9,0.000353513
46:45.9,0.000353829
46:46.9,0.000342801
46:47.9,0.00033543
46:48.9,0.000354305
46:49.9,0.000356232
46:50.9,0.000339725
46:51.9,0.000329514
46:52.9,0.000339685
46:53.9,0.000345131
46:54.9,0
46:55.9,-0.000108098
46:56.9,-9.49E-05
46:57.9,-9.87E-05
46:58.9,-0.000101305
46:59.9,-9.49E-05
47:00.9,-9.71E-05
47:01.9,-0.000100349
47:02.9,-8.49E-05
47:03.9,-8.97E-05
47:04.8,-9.64E-05
47:05.8,-0.000101815
47:06.8,-0.000106061
47:07.8,-9.85E-05
47:08.8,-9.35E-05
47:09.8,-8.56E-05
47:10.8,-8.09E-05
47:11.8,-8.39E-05
47:12.8,-0.000104146
47:13.8,-0.00010759
47:14.8,-9.59E-05
47:15.8,-8.98E-05
47:16.8,-9.47E-05
47:17.8,-9.74E-05
47:18.8,-8.07E-05
47:19.8,-7.87E-05
47:20.8,-9.75E-05
47:21.8,-0.00011353
47:22.8,-0.000114295
47:23.8,-9.99E-05
47:24.8,-9.22E-05
47:25.8,-0.000110628
47:26.8,-0.000114372
47:27.8,-9.98E-05
47:28.8,-9.38E-05
47:29.8,-8.08E-05
47:30.8,-8.28E-05
47:31.8,-8.91E-05
47:32.8,-9.26E-05
47:33.8,-9.84E-05
47:34.8,-9.68E-05
47:35.8,-9.84E-05
47:36.8,-8.64E-05
47:37.8,-9.44E-05
47:38.8,-9.76E-05
47:39.8,-9.64E-05
47:40.8,-9.29E-05
47:41.8,-0.000103689
47:42.8,-0.000102311
47:43.8,-9.16E-05
47:44.8,-9.37E-05
47:45.8,-8.98E-05
47:46.8,-9.62E-05
47:47.8,-9.58E-05
47:48.8,-9.71E-05
47:49.8,-0.000108309
47:50.8,-9.85E-05
47:51.8,-8.75E-05
47:52.8,-8.82E-05
47:53.8,-0.000101827
47:54.8,-9.29E-05
47:55.8,-0.000103249
47:56.8,-0.000111159
47:57.8,-9.75E-05
47:58.8,-9.24E-05
47:59.8,-7.86E-05
48:00.8,-8.19E-05
48:01.8,-9.01E-05
48:02.8,-0.00010237
48:03.8,-9.52E-05
48:04.8,-9.49E-05
48:05.7,-8.22E-05
48:06.7,-8.06E-05
48:07.7,-9.76E-05
48:08.7,-9.30E-05
48:09.7,-9.56E-05
48:10.7,-9.38E-05
48:11.7,-9.84E-05
48:12.7,-0.000106288
48:13.7,-0.000101615
48:14.7,-9.45E-05
48:15.7,-0.000101005
48:16.7,-9.33E-05
48:17.7,-9.62E-05
48:18.7,-9.71E-05
48:19.7,-0.000101073
48:20.7,-9.09E-05
48:21.7,-9.77E-05
48:22.7,-8.91E-05
48:23.7,-8.43E-05
48:24.7,-9.38E-05
48:25.7,-9.63E-05
48:26.7,-9.47E-05
48:27.7,-9.29E-05
48:28.7,-9.06E-05
48:29.7,-9.09E-05
48:30.7,-8.85E-05
48:31.7,-9.45E-05
48:32.7,-0.000101646
48:33.7,-9.93E-05
48:34.7,-9.25E-05
48:35.7,-0.000100953
48:36.7,-9.93E-05
48:37.7,-9.08E-05
48:38.7,-9.13E-05
48:39.7,-0.000101288
48:40.7,-9.67E-05
48:41.7,-9.22E-05
48:42.7,-8.54E-05
48:43.7,-9.28E-05
48:44.7,-9.72E-05
48:45.7,-9.44E-05
48:46.7,-9.53E-05
48:47.7,-9.10E-05
48:48.7,-9.92E-05
48:49.7,-0.000103308
48:50.7,-9.34E-05
48:51.7,-9.84E-05
48:52.7,-9.27E-05
48:53.7,-8.42E-05
48:54.7,-9.06E-05
48:55.7,-0.000115153
48:56.7,-0.000105019
48:57.7,-0.00010459
48:58.7,-9.12E-05
48:59.7,-7.97E-05
49:00.7,-8.40E-05
49:01.7,-8.88E-05
49:02.7,-9.16E-05
49:03.7,-9.01E-05
49:04.7,-8.64E-05
49:05.7,-9.28E-05
49:06.6,-9.27E-05
49:07.6,-8.84E-05
49:08.6,-8.98E-05
49:09.6,-8.75E-05
49:10.6,-9.35E-05
49:11.6,-0.00010274
49:12.6,-0.000109912
49:13.6,-9.77E-05
49:14.6,-9.08E-05
49:15.6,-8.81E-05
49:16.6,-9.52E-05
49:17.6,-9.63E-05
49:18.6,-0.000100259
49:19.6,-9.97E-05
49:20.6,-9.64E-05
49:21.6,-9.64E-05
49:22.6,-8.85E-05
49:23.6,-8.83E-05
49:24.6,-9.19E-05
49:25.6,-8.55E-05
49:26.6,-9.91E-05
49:27.6,-8.62E-05
49:28.6,-8.18E-05
49:29.6,-8.79E-05
49:30.6,-0.000103165
49:31.6,-0.000103468
49:32.6,-0.000101362
49:33.6,-9.75E-05
49:34.6,-9.32E-05
49:35.6,-8.70E-05
49:36.6,-9.33E-05
49:37.6,-0.000107866
49:38.6,-9.93E-05
49:39.6,-8.57E-05
49:40.6,-9.87E-05
49:41.6,-9.44E-05
49:42.6,-8.59E-05
49:43.6,-9.87E-05
49:44.6,-9.03E-05
49:45.6,-9.27E-05
49:46.6,-8.04E-05
49:47.6,-9.02E-05
49:48.6,-0.000100421
49:49.6,-0.000102615
49:50.6,-9.64E-05
49:51.6,-9.47E-05
49:52.6,-8.94E-05
49:53.6,-9.90E-05
49:54.6,-9.96E-05
49:55.6,-9.70E-05
49:56.6,-9.09E-05
49:57.6,-7.98E-05
49:58.6,-8.44E-05
49:59.6,-0.000102664
50:00.6,-0.000115421
50:01.6,-0.000102846
50:02.6,-8.94E-05
50:03.6,-9.37E-05
50:04.6,-9.39E-05
50:05.6,-0.000101908
50:06.6,-0.000113633
50:07.5,-0.000100614
50:08.5,-0.000103776
50:09.5,-9.64E-05
50:10.5,-9.36E-05
50:11.5,-7.97E-05
50:12.5,-7.95E-05
50:13.5,-9.31E-05
50:14.5,-9.23E-05
50:15.5,-9.69E-05
50:16.5,-0.000102835
50:17.5,-9.55E-05
50:18.5,-8.52E-05
50:19.5,-8.50E-05
50:20.5,-9.49E-05
50:21.5,-9.98E-05
50:22.5,-9.88E-05
50:23.5,-0.000100389
50:24.5,-9.80E-05
50:25.5,-0.000101801
50:26.5,-0.000102822
50:27.5,-0.000103036
50:28.5,-9.52E-05
50:29.5,-9.07E-05
50:30.5,-8.39E-05
50:31.5,-7.59E-05
50:32.5,-9.92E-05
50:33.5,-0.000103668
50:34.5,-9.88E-05
50:35.5,-9.79E-05
50:36.5,-9.02E-05
50:37.5,-8.29E-05
50:38.5,-9.26E-05
50:39.5,-9.35E-05
50:40.5,-9.63E-05
50:41.5,-9.75E-05
50:42.5,-0.000100199
50:43.5,-0.000105206
50:44.5,-9.58E-05
50:45.5,-9.03E-05
50:46.5,-9.29E-05
50:47.5,-8.63E-05
50:48.5,-8.67E-05
50:49.5,-0.000103035
50:50.5,-0.000100602
50:51.5,-0.000103839
50:52.5,-9.76E-05
50:53.5,-9.79E-05
50:54.5,-9.67E-05
50:55.5,-9.83E-05
50:56.5,-0.000113825
50:57.5,-0.00010708
50:58.5,-8.39E-05
50:59.5,-8.10E-05
51:00.5,-8.19E-05
51:01.5,-9.69E-05
51:02.5,-0.000102593
51:03.5,-9.91E-05
51:04.5,-9.92E-05
51:05.5,-0.000100101
51:06.5,-9.76E-05
51:07.5,-0.000107438
51:08.4,-0.000103817
51:09.4,-9.68E-05
51:10.4,-1.00E-04
51:11.4,-9.31E-05
51:12.4,-7.69E-05
51:13.4,-8.95E-05
51:14.4,-9.63E-05
51:15.4,-9.86E-05
51:16.4,-9.23E-05
51:17.4,-8.90E-05
51:18.4,-9.09E-05
51:19.4,-0.000106663
51:20.4,-0.000100368
51:21.4,-9.04E-05
51:22.4,-0.00010321
51:23.4,-9.52E-05
51:24.4,-9.73E-05
51:25.4,-0.000102804
51:26.4,-0.000104683
51:27.4,-9.92E-05
51:28.4,-9.36E-05
51:29.4,-9.04E-05
51:30.4,-9.65E-05
51:31.4,-9.82E-05
51:32.4,-8.85E-05
51:33.4,-9.32E-05
51:34.4,-9.54E-05
51:35.4,-9.33E-05
51:36.4,-9.39E-05
51:37.4,-9.78E-05
51:38.4,-0.000107673
51:39.4,-9.98E-05
51:40.4,-9.70E-05
51:41.4,-0.000103641
51:42.4,-9.79E-05
51:43.4,-8.07E-05
51:44.4,-8.99E-05
51:45.4,-9.75E-05
51:46.4,-9.93E-05
51:47.4,-9.60E-05
51:48.4,-8.81E-05
51:49.4,-0.000103378
51:50.4,-0.000101553
51:51.4,-9.77E-05
51:52.4,-9.21E-05
51:53.4,-9.21E-05
51:54.4,-9.55E-05
51:55.4,-9.58E-05
51:56.4,-0.000106775
51:57.4,-0.000100883
51:58.4,-9.62E-05
51:59.4,-9.79E-05
52:00.4,-0.000102006
52:01.4,-9.79E-05
52:02.4,-8.87E-05
52:03.4,-9.11E-05
52:04.4,-9.35E-05
52:05.4,-9.59E-05
52:06.4,-0.000106134
52:07.4,-9.73E-05
52:08.4,-9.13E-05
52:09.3,-8.84E-05
52:10.3,-9.85E-05
52:11.3,-0.000100748
52:12.3,-9.96E-05
52:13.3,-9.49E-05
52:14.3,-9.70E-05
52:15.3,-9.91E-05
52:16.3,-0.000101201
52:17.3,-9.95E-05
52:18.3,-9.44E-05
52:19.3,-9.85E-05
52:20.3,-9.91E-05
52:21.3,-9.05E-05
52:22.3,-9.22E-05
52:23.3,-9.90E-05
52:24.3,-9.44E-05
52:25.3,-9.89E-05
52:26.3,-0.000100932
52:27.3,-9.73E-05
52:28.3,-0.000110669
52:29.3,-0.000103498
52:30.3,-0.000103086
52:31.3,-9.78E-05
52:32.3,-8.06E-05
52:33.3,-8.36E-05
52:34.3,-9.19E-05
52:35.3,-8.99E-05
52:36.3,-6.68E-05
52:37.3,-7.39E-05
52:38.3,-0.000109162
52:39.3,-0.000107838
52:40.3,-0.000112966
52:41.3,-0.000111563
52:42.3,-0.000101032
52:43.3,-9.95E-05
52:44.3,-9.19E-05
52:45.3,-8.19E-05
52:46.3,-7.73E-05
52:47.3,-7.98E-05
52:48.3,-0.000105906
52:49.3,-0.000113891
52:50.3,-0.000113742
52:51.3,-0.000104014
52:52.3,-0.000102153
52:53.3,-9.86E-05
52:54.3,-9.45E-05
52:55.3,-8.64E-05
52:56.3,-7.07E-05
52:57.3,-6.43E-05
52:58.3,-6.76E-05
52:59.3,-7.33E-05
53:00.3,-9.34E-05
53:01.3,-0.000130125
53:02.3,-0.000136157
53:03.3,-0.000126052
53:04.3,-0.000101707
53:05.3,-0.000108947
53:06.3,-0.000107564
53:07.3,-9.29E-05
53:08.3,-9.68E-05
53:09.3,-9.15E-05
53:10.3,-9.52E-05
53:11.2,-8.94E-05
53:12.2,-8.59E-05
53:13.2,-8.57E-05
53:14.2,-9.02E-05
53:15.2,-9.89E-05
53:16.2,-9.60E-05
53:17.2,-8.69E-05
53:18.2,-8.49E-05
53:19.2,-8.83E-05
53:20.2,-0.000101386
53:21.2,-0.000109806
53:22.2,-9.42E-05
53:23.2,-9.29E-05
53:24.2,-9.69E-05
53:25.2,-8.23E-05
53:26.2,-8.76E-05
53:27.2,-9.93E-05
53:28.2,-0.000109529
53:29.2,-9.87E-05
53:30.2,-9.49E-05
53:31.2,-9.48E-05
53:32.2,-9.49E-05
53:33.2,-9.07E-05
53:34.2,-8.91E-05
53:35.2,-8.87E-05
53:36.2,-9.81E-05
53:37.2,-0.000104872
53:38.2,-0.000110809
53:39.2,-0.000101184
53:40.2,-9.56E-05
53:41.2,-8.77E-05
53:42.2,-8.01E-05
53:43.2,-8.65E-05
53:44.2,-9.49E-05
53:45.2,-9.60E-05
53:46.2,-8.44E-05
53:47.2,-8.74E-05
53:48.2,-8.51E-05
53:49.2,-9.07E-05
53:50.2,-9.38E-05
53:51.2,-0.000100283
53:52.2,-0.000101229
53:53.2,-0.000108183
53:54.2,-9.96E-05
53:55.2,-0.0001002
53:56.2,-9.70E-05
53:57.2,-9.04E-05
53:58.2,-9.92E-05
53:59.2,-0.000102362
54:00.2,-9.02E-05
54:01.2,-8.71E-05
54:02.2,-8.26E-05
54:03.2,-9.47E-05
54:04.2,-9.51E-05
54:05.2,-8.76E-05
54:06.2,-0.000110269
54:07.2,-0.000124054
54:08.2,-9.69E-05
54:09.2,-8.63E-05
54:10.2,-9.38E-05
54:11.2,-8.15E-05
54:12.1,-8.35E-05
54:13.1,-8.59E-05
54:14.1,-9.12E-05
54:15.1,-8.14E-05
54:16.1,-9.14E-05
54:17.1,-0.000102633
54:18.1,-9.62E-05
54:19.1,-9.92E-05
54:20.1,-0.000107953
54:21.1,-0.000109386
54:22.1,-9.20E-05
54:23.1,-7.57E-05
54:24.1,-9.36E-05
54:25.1,-0.000102942
54:26.1,-9.27E-05
54:27.1,-7.70E-05
54:28.1,-9.13E-05
54:29.1,-0.000103598
54:30.1,-0.000101774
54:31.1,-0.000100084
54:32.1,-9.75E-05
54:33.1,-8.47E-05
54:34.1,-8.72E-05
54:35.1,-9.41E-05
54:36.1,-9.46E-05
54:37.1,-7.85E-05
54:38.1,-7.97E-05
54:39.1,-8.84E-05
54:40.1,-9.61E-05
54:41.1,-0.000109983
54:42.1,-0.000115638
54:43.1,-9.60E-05
54:44.1,-9.18E-05
54:45.1,-8.83E-05
54:46.1,-0.000100948
54:47.1,-0.00010712
54:48.1,-0.00010583
54:49.1,-0.000100954
54:50.1,-0.00010296
54:51.1,-9.15E-05
54:52.1,-7.67E-05
54:53.1,-7.89E-05
54:54.1,-9.43E-05
54:55.1,-0.000103633
54:56.1,-0.000104403
54:57.1,-9.40E-05
54:58.1,-8.83E-05
54:59.1,-8.66E-05
55:00.1,-9.88E-05
55:01.1,-0.000101377
55:02.1,-9.04E-05
55:03.1,-9.09E-05
55:04.1,-0.000102123
55:05.1,-0.000102714
55:06.1,-0.00010083
55:07.1,-9.26E-05
55:08.1,-0.000100665
55:09.1,-8.49E-05
55:10.1,-8.85E-05
55:11.1,-9.32E-05
55:12.1,-0.00010169
55:13.0,-9.16E-05
55:14.0,-9.64E-05
55:15.0,-0.000102102
55:16.0,-9.87E-05
55:17.0,-9.47E-05
55:18.0,-0.00010038
55:19.0,-9.25E-05
55:20.0,-9.47E-05
55:21.0,-8.63E-05
55:22.0,-8.68E-05
55:23.0,-0.000101997
55:24.0,-9.95E-05
55:25.0,-9.15E-05
55:26.0,-9.69E-05
55:27.0,-9.28E-05
55:28.0,-0.000116673
55:29.0,-0.000111268
55:30.0,-0.000101305
55:31.0,-8.32E-05
55:32.0,-7.68E-05
55:33.0,-9.01E-05
55:34.0,-9.99E-05
55:35.0,-0.000106279
55:36.0,-0.000102434
55:37.0,-0.000110779
55:38.0,-0.000117567
55:39.0,-0.000101853
55:40.0,-9.01E-05
55:41.0,-7.91E-05
55:42.0,-7.22E-05
55:43.0,-7.61E-05
55:44.0,-0.000101892
55:45.0,-0.000118289
55:46.0,-0.000117696
55:47.0,-0.000115885
55:48.0,-0.000105317
55:49.0,-9.40E-05
55:50.0,-9.60E-05
55:51.0,-8.32E-05
55:52.0,-5.78E-05
55:53.0,-6.94E-05
55:54.0,-9.80E-05
55:55.0,-0.00010939
55:56.0,-8.86E-05
55:57.0,-8.76E-05
55:58.0,-8.70E-05
55:59.0,-8.49E-05
56:00.0,-8.55E-05
56:01.0,-9.80E-05
56:02.0,-0.000102021
56:03.0,-0.000106022
56:04.0,-0.000101411
56:05.0,-0.000108464
56:06.0,-9.98E-05
56:07.0,-9.75E-05
56:08.0,-8.50E-05
56:09.0,-8.80E-05
56:10.0,-9.58E-05
56:11.0,-8.94E-05
56:12.0,-8.64E-05
56:13.0,-9.52E-05
56:13.9,-0.000101573
56:14.9,-0.000107414
56:15.9,-0.000111212
56:16.9,-0.000103261
56:17.9,-9.32E-05
56:18.9,-8.62E-05
56:19.9,-8.58E-05
56:20.9,-9.82E-05
56:21.9,-9.18E-05
56:22.9,-8.13E-05
56:23.9,-9.37E-05
56:24.9,-9.31E-05
56:25.9,-9.33E-05
56:26.9,-9.48E-05
56:27.9,-0.000110559
56:28.9,-0.000106269
56:29.9,-9.04E-05
56:30.9,-9.48E-05
56:31.9,-9.13E-05
56:32.9,-8.50E-05
56:33.9,-9.47E-05
56:34.9,-0.000105292
56:35.9,-0.000103908
56:36.9,-0.000121183
56:37.9,-0.000106338
56:38.9,-8.63E-05
56:39.9,-7.58E-05
56:40.9,-8.62E-05
56:41.9,-8.69E-05
56:42.9,-8.51E-05
56:43.9,-9.30E-05
56:44.9,-8.76E-05
56:45.9,-8.00E-05
56:46.9,-8.09E-05
56:47.9,-8.49E-05
56:48.9,-9.99E-05
56:49.9,-0.000110899
56:50.9,-0.000107812
56:51.9,-0.000104956
56:52.9,-9.98E-05
56:53.9,-9.64E-05
56:54.9,0
56:55.9,0.000289959
56:56.9,0.000273247
56:57.9,0.000267734
56:58.9,0.000256718
56:59.9,0.000240845
57:00.9,0.00023637
57:01.9,0.000224028
57:02.9,0.000238128
57:03.9,0.000253367
57:04.9,0.00024938
57:05.9,0.000233368
57:06.9,0.000243175
57:07.9,0.000256434
57:08.9,0.000259193
57:09.9,0.000255285
57:10.9,0.000239937
57:11.9,0.000251268
57:12.9,0.000261396
57:13.9,0.000260286
57:14.8,0.000249626
57:15.8,0.000258449
57:16.8,0.000269336
57:17.8,0.000273448
57:18.8,0.00026122
57:19.8,0.000239585
57:20.8,0.000244632
57:21.8,0.000249007
57:22.8,0.000236962
57:23.8,0.000231821
57:24.8,0.000251599
57:25.8,0.000266943
57:26.8,0.00024768
57:27.8,0.000245689
57:28.8,0.000254163
57:29.8,0.000239365
57:30.8,0.000245063
57:31.8,0.000254651
57:32.8,0.000240909
57:33.8,0.000258976
57:34.8,0.000251003
57:35.8,0.000257654
57:36.8,0.000237966
57:37.8,0.000242465
57:38.8,0.000248595
57:39.8,0.000258854
57:40.8,0.000242386
57:41.8,0.000246478
57:42.8,0.000259206
57:43.8,0.000266674
57:44.8,0.000252471
57:45.8,0.000238996
57:46.8,0.000237486
57:47.8,0.000246849
57:48.8,0.000244746
57:49.8,0.000244988
57:50.8,0.000249297
57:51.8,0.000257268
57:52.8,0.000263006
57:53.8,0.000270241
57:54.8,0.000263554
57:55.8,0.000255658
57:56.8,0.000250927
57:57.8,0.000242999
57:58.8,0.000235165
57:59.8,0.000240023
58:00.8,0.000268959
58:01.8,0.000249314
58:02.8,0.000232176
58:03.8,0.000230627
58:04.8,0.00024129
58:05.8,0.000232729
58:06.8,0.000238575
58:07.8,0.000259141
58:08.8,0.000251764
58:09.8,0.000241324
58:10.8,0.00023595
58:11.8,0.000239675
58:12.8,0.000258685
58:13.8,0.00025889
58:14.8,0.000246777
58:15.7,0.000246872
58:16.7,0.000246767
58:17.7,0.000239635
58:18.7,0.000245743
58:19.7,0.000256189
58:20.7,0.000255689
58:21.7,0.00024028
58:22.7,0.000238393
58:23.7,0.000247787
58:24.7,0.000242913
58:25.7,0.000254087
58:26.7,0.000270344
58:27.7,0.000268115
58:28.7,0.000253754
58:29.7,0.000246156
58:30.7,0.000235762
58:31.7,0.000227132
58:32.7,0.000220718
58:33.7,0.000239938
58:34.7,0.000245862
58:35.7,0.000239946
58:36.7,0.00023077
58:37.7,0.000246378
58:38.7,0.000240415
58:39.7,0.000244346
58:40.7,0.000258384
58:41.7,0.000258579
58:42.7,0.000242407
58:43.7,0.000252122
58:44.7,0.000247999
58:45.7,0.000231432
58:46.7,0.000224944
58:47.7,0.000232734
58:48.7,0.000241997
58:49.7,0.000243475
58:50.7,0.000251528
58:51.7,0.000264846
58:52.7,0.000264752
58:53.7,0.000255866
58:54.7,0.000249776
58:55.7,0.000260269
58:56.7,0.000246071
58:57.7,0.000238658
58:58.7,0.000249958
58:59.7,0.000241199
59:00.7,0.000262
59:01.7,0.000244638
59:02.7,0.000249515
59:03.7,0.000239313
59:04.7,0.000249334
59:05.7,0.000252783
59:06.7,0.000248795
59:07.7,0.000255823
59:08.7,0.000256847
59:09.7,0.000243303
59:10.7,0.00023753
59:11.7,0.000244383
59:12.7,0.000247124
59:13.7,0.000242169
59:14.7,0.000246821
59:15.7,0.000237998
59:16.6,0.000235578
59:17.6,0.000257452
59:18.6,0.000263798
59:19.6,0.00026323
59:20.6,0.000257583
59:21.6,0.00025
59:22.6,0.000234249
59:23.6,0.000234245
59:24.6,0.000241213
59:25.6,0.000241412
59:26.6,0.000246504
59:27.6,0.000249042
59:28.6,0.000252421
59:29.6,0.000251327
59:30.6,0.000247125
59:31.6,0.000234778
59:32.6,0.00024547
59:33.6,0.000258588
59:34.6,0.00025091
59:35.6,0.000228033
59:36.6,0.000224364
59:37.6,0.000229472
59:38.6,0.000240232
59:39.6,0.000244694
59:40.6,0.00024913
59:41.6,0.000258488
59:42.6,0.00027284
59:43.6,0.000273876
59:44.6,0.000260798
59:45.6,0.000263759
59:46.6,0.000270936
59:47.6,0.000274239
59:48.6,0.000250012
59:49.6,0.000232853
59:50.6,0.00022329
59:51.6,0.000236169
59:52.6,0.000233485
59:53.6,0.000242638
59:54.6,0.000241224
59:55.6,0.000234418
59:56.6,0.000245494
59:57.6,0.000260478
59:58.6,0.000255973
59:59.6,0.000259457
00:00.6,0.000252131
00:01.6,0.000247061
00:02.6,0.000239038
00:03.6,0.000240816
00:04.6,0.000247068
00:05.6,0.000245975
00:06.6,0.000232808
00:07.6,0.00024128
00:08.6,0.000254458
00:09.6,0.000255354
00:10.6,0.000254269
00:11.6,0.000250703
00:12.6,0.000247258
00:13.6,0.000243986
00:14.6,0.000243764
00:15.6,0.000243173
00:16.6,0.0002295
00:17.5,0.000228485
00:18.5,0.000248812
00:19.5,0.000251849
00:20.5,0.000243044
00:21.5,0.000260302
00:22.5,0.000274436
00:23.5,0.00024873
00:24.5,0.000252382
00:25.5,0.000245959
00:26.5,0.000250213
00:27.5,0.000245881
00:28.5,0.00023614
00:29.5,0.000230008
00:30.5,0.000253569
00:31.5,0.000256235
00:32.5,0.000252366
00:33.5,0.000252241
00:34.5,0.000250599
00:35.5,0.000261899
00:36.5,0.000266784
00:37.5,0.000260475
00:38.5,0.000250917
00:39.5,0.00023703
00:40.5,0.000242552
00:41.5,0.00023954
00:42.5,0.000236004
00:43.5,0.000235318
00:44.5,0.000239442
00:45.5,0.000238397
00:46.5,0.000240541
00:47.5,0.000246351
00:48.5,0.000258635
00:49.5,0.000255114
00:50.5,0.000252314
00:51.5,0.000254322
00:52.5,0.000242616
00:53.5,0.000247102
00:54.5,0.000241176
00:55.5,0.000238259
00:56.5,0.000245437
00:57.5,0.00024468
00:58.5,0.000243122
00:59.5,0.000255829
01:00.5,0.00025785
01:01.5,0.000239224
01:02.5,0.000248476
01:03.5,0.000251144
01:04.5,0.000251704
01:05.5,0.000258571
01:06.5,0.000257388
01:07.5,0.000232024
01:08.5,0.000235822
01:09.5,0.0002433
01:10.5,0.000240223
01:11.5,0.000251464
01:12.5,0.000254074
01:13.5,0.000245637
01:14.5,0.000251214
01:15.5,0.000236598
01:16.5,0.000246152
01:17.5,0.000242117
01:18.4,0.000243254
01:19.4,0.000249509
01:20.4,0.000246377
01:21.4,0.000244617
01:22.4,0.000257407
01:23.4,0.000252886
01:24.4,0.000249651
01:25.4,0.000252627
01:26.4,0.000247363
01:27.4,0.000233561
01:28.4,0.000237069
01:29.4,0.000257724
01:30.4,0.000248728
01:31.4,0.00025636
01:32.4,0.000246104
01:33.4,0.000241422
01:34.4,0.000246604
01:35.4,0.000254934
01:36.4,0.000249761
01:37.4,0.000241027
01:38.4,0.000248974
01:39.4,0.00024779
01:40.4,0.000242855
01:41.4,0.000248409
01:42.4,0.000238852
01:43.4,0.000248938
01:44.4,0.000249314
01:45.4,0.00024014
01:46.4,0.000227017
01:47.4,0.000221919
01:48.4,0.000243928
01:49.4,0.000250452
01:50.4,0.000258148
01:51.4,0.00025451
01:52.4,0.000262385
01:53.4,0.000260132
01:54.4,0.00024905
01:55.4,0.000250112
01:56.4,0.000253511
01:57.4,0.00024343
01:58.4,0.000256473
01:59.4,0.000257796
02:00.4,0.000233569
02:01.4,0.000234622
02:02.4,0.000235164
02:03.4,0.000245803
02:04.4,0.000246053
02:05.4,0.000238106
02:06.4,0.000247017
02:07.4,0.000245275
02:08.4,0.000240481
02:09.4,0.000245702
02:10.4,0.000245881
02:11.4,0.00025212
02:12.4,0.000253001
02:13.4,0.000241538
02:14.4,0.000244463
02:15.4,0.000239936
02:16.4,0.000226972
02:17.4,0.000232171
02:18.4,0.000242544
02:19.4,0.000254686
02:20.3,0.000254851
02:21.3,0.00024658
02:22.3,0.000252886
02:23.3,0.000258093
02:24.3,0.000246982
02:25.3,0.000248052
02:26.3,0.000245558
02:27.3,0.00023173
02:28.3,0.00024543
02:29.3,0.000248643
02:30.3,0.000254927
02:31.3,0.000249702
02:32.3,0.000239349
02:33.3,0.000243065
02:34.3,0.000245441
02:35.3,0.000236164
02:36.3,0.000235234
02:37.3,0.000240106
02:38.3,0.000247844
02:39.3,0.000248924
02:40.3,0.000252516
02:41.3,0.000254106
02:42.3,0.000250805
02:43.3,0.000246222
02:44.3,0.000240941
02:45.3,0.000245498
02:46.3,0.000237357
02:47.3,0.000252284
02:48.3,0.000254853
02:49.3,0.000239898
02:50.3,0.000255974
02:51.3,0.000237298
02:52.3,0.000243631
02:53.3,0.000244838
02:54.3,0.000248549
02:55.3,0.000253956
02:56.3,0.000253954
02:57.3,0.000256439
02:58.3,0.000263155
02:59.3,0.000247127
03:00.3,0.000236981
03:01.3,0.000231201
03:02.3,0.000232517
03:03.3,0.000232707
03:04.3,0.000245709
03:05.3,0.000262353
03:06.3,0.000256687
03:07.3,0.000233916
03:08.3,0.000228615
03:09.3,0.000237432
03:10.3,0.00024084
03:11.3,0.000241201
03:12.3,0.000247315
03:13.3,0.00025611
03:14.3,0.000247395
03:15.3,0.000232479
03:16.3,0.000224443
03:17.3,0.000242121
03:18.3,0.000262553
03:19.3,0.000249294
03:20.3,0.000244557
03:21.2,0.000256917
03:22.2,0.000247351
03:23.2,0.000245672
03:24.2,0.000241458
03:25.2,0.000236077
03:26.2,0.000235591
03:27.2,0.000242278
03:28.2,0.000248585
03:29.2,0.000252437
03:30.2,0.000238822
03:31.2,0.000250277
03:32.2,0.000249672
03:33.2,0.000255077
03:34.2,0.00024614
03:35.2,0.000232635
03:36.2,0.000237946
03:37.2,0.000242387
03:38.2,0.000249135
03:39.2,0.000256033
03:40.2,0.000246399
03:41.2,0.000244901
03:42.2,0.000249328
03:43.2,0.000248801
03:44.2,0.000250631
03:45.2,0.000259548
03:46.2,0.000231472
03:47.2,0.000237155
03:48.2,0.000252598
03:49.2,0.000249809
03:50.2,0.000246294
03:51.2,0.000243061
03:52.2,0.000239541
03:53.2,0.000243802
03:54.2,0.000246689
03:55.2,0.000251042
03:56.2,0.000249316
03:57.2,0.000249853
03:58.2,0.000242315
03:59.2,0.000246168
04:00.2,0.000245462
04:01.2,0.000233399
04:02.2,0.000224704
04:03.2,0.000233396
04:04.2,0.000238712
04:05.2,0.000241784
04:06.2,0.000250373
04:07.2,0.000244959
04:08.2,0.000242772
04:09.2,0.000234389
04:10.2,0.000232216
04:11.2,0.000244764
04:12.2,0.000252177
04:13.2,0.000240726
04:14.2,0.000238643
04:15.2,0.000227882
04:16.2,0.000234566
04:17.2,0.000248829
04:18.2,0.000243479
04:19.2,0.000239655
04:20.2,0.000231586
04:21.2,0.000236961
04:22.1,0.000259637
04:23.1,0.000257275
04:24.1,0.000245658
04:25.1,0.000256816
04:26.1,0.000248225
04:27.1,0.000239505
04:28.1,0.000237436
04:29.1,0.000250244
04:30.1,0.000241354
04:31.1,0.00023698
04:32.1,0.000230996
04:33.1,0.000241441
04:34.1,0.000237776
04:35.1,0.000239401
04:36.1,0.000242251
04:37.1,0.000252385
04:38.1,0.000241604
04:39.1,0.000234509
04:40.1,0.000232414
04:41.1,0.000241225
04:42.1,0.000242828
04:43.1,0.000252589
04:44.1,0.000241969
04:45.1,0.000240336
04:46.1,0.000248307
04:47.1,0.000226776
04:48.1,0.000220033
04:49.1,0.000227791
04:50.1,0.000246045
04:51.1,0.000259434
04:52.1,0.000252469
04:53.1,0.000254715
04:54.1,0.000248778
04:55.1,0.000232476
04:56.1,0.000231194
04:57.1,0.000220223
04:58.1,0.000239108
04:59.1,0.00024033
05:00.1,0.000244515
05:01.1,0.00025269
05:02.1,0.000252501
05:03.1,0.000254115
05:04.1,0.0002384
05:05.1,0.000241301
05:06.1,0.000237231
05:07.1,0.000240774
05:08.1,0.000234009
05:09.1,0.000235177
05:10.1,0.000251975
05:11.1,0.000257977
05:12.1,0.000241774
05:13.1,0.000232646
05:14.1,0.000241641
05:15.1,0.000246662
05:16.1,0.00024318
05:17.1,0.000240438
05:18.1,0.000235953
05:19.1,0.000240891
05:20.1,0.000231094
05:21.1,0.000233644
05:22.1,0.000245348
05:23.0,0.000252703
05:24.0,0.000239552
05:25.0,0.00023577
05:26.0,0.000238733
05:27.0,0.00024502
05:28.0,0.000242947
05:29.0,0.000231865
05:30.0,0.000239175
05:31.0,0.00024409
05:32.0,0.000246824
05:33.0,0.000246214
05:34.0,0.000243452
05:35.0,0.000256028
05:36.0,0.000254965
05:37.0,0.000256856
05:38.0,0.000248376
05:39.0,0.000241005
05:40.0,0.000222337
05:41.0,0.000220322
05:42.0,0.000230423
05:43.0,0.000239772
05:44.0,0.000237663
05:45.0,0.000246228
05:46.0,0.000258373
05:47.0,0.000249961
05:48.0,0.000237755
05:49.0,0.000235752
05:50.0,0.00024003
05:51.0,0.000237623
05:52.0,0.000228524
05:53.0,0.000236672
05:54.0,0.000242081
05:55.0,0.000237033
05:56.0,0.000224786
05:57.0,0.000222782
05:58.0,0.00023093
05:59.0,0.000238022
06:00.0,0.000245594
06:01.0,0.000258915
06:02.0,0.000264285
06:03.0,0.000251024
06:04.0,0.000238805
06:05.0,0.000232934
06:06.0,0.000232293
06:07.0,0.000237467
06:08.0,0.000239017
06:09.0,0.000251399
06:10.0,0.000244018
06:11.0,0.000239016
06:12.0,0.000250428
06:13.0,0.000253028
06:14.0,0.000239525
06:15.0,0.000245258
06:16.0,0.000257322
06:17.0,0.000247018
06:18.0,0.000244633
06:19.0,0.000246748
06:20.0,0.000233359
06:21.0,0.000230875
06:22.0,0.000237431
06:23.0,0.000235474
06:23.9,0.000241537
06:24.9,0.000255611
06:25.9,0.000254385
06:26.9,0.000230898
06:27.9,0.000225424
06:28.9,0.000245418
06:29.9,0.00024866
06:30.9,0.000236964
06:31.9,0.00023308
06:32.9,0.000241693
06:33.9,0.000243813
06:34.9,0.000246164
06:35.9,0.000244466
06:36.9,0.000235083
06:37.9,0.000235855
06:38.9,0.000244224
06:39.9,0.000243691
06:40.9,0.000239229
06:41.9,0.000239806
06:42.9,0.000245544
06:43.9,0.000242327
06:44.9,0.000245907
06:45.9,0.000247795
06:46.9,0.000244873
06:47.9,0.00024342
06:48.9,0.000249001
06:49.9,0.000246069
06:50.9,0.000238049
06:51.9,0.000228335
06:52.9,0.000228715
06:53.9,0.000244702
06:54.9,0
06:55.9,-0.000750945
06:56.9,-0.000669433
06:57.9,-0.00067194
06:58.9,-0.000690495
06:59.9,-0.00069517
07:00.9,-0.000695197
07:01.9,-0.000683206
07:02.9,-0.000679401
07:03.9,-0.000695578
07:04.9,-0.000693956
07:05.9,-0.000688432
07:06.9,-0.000689409
07:07.9,-0.000671897
07:08.9,-0.000666867
07:09.9,-0.000674393
07:10.9,-0.000688505
07:11.9,-0.000697396
07:12.9,-0.000703065
07:13.9,-0.0006972
07:14.9,-0.000688769
07:15.9,-0.000692768
07:16.9,-0.000705384
07:17.9,-0.000701051
07:18.9,-0.000690283
07:19.9,-0.000685163
07:20.9,-0.00067577
07:21.9,-0.000675904
07:22.9,-0.000671709
07:23.9,-0.000680601
07:24.8,-0.0006865
07:25.8,-0.00067991
07:26.8,-0.000684384
07:27.8,-0.000681669
07:28.8,-0.000686666
07:29.8,-0.000693601
07:30.8,-0.000690868
07:31.8,-0.000691252
07:32.8,-0.000684441
07:33.8,-0.000688763
07:34.8,-0.000687058
07:35.8,-0.000684495
07:36.8,-0.00068825
07:37.8,-0.000694909
07:38.8,-0.000680638
07:39.8,-0.000678955
07:40.8,-0.000693286
07:41.8,-0.000693842
07:42.8,-0.000689444
07:43.8,-0.000683028
07:44.8,-0.000682706
07:45.8,-0.00069252
07:46.8,-0.000687396
07:47.8,-0.000685977
07:48.8,-0.000695234
07:49.8,-0.000701067
07:50.8,-0.000686062
07:51.8,-0.000673306
07:52.8,-0.000679595
07:53.8,-0.00068267
07:54.8,-0.000685103
07:55.8,-0.000689649
07:56.8,-0.000689731
07:57.8,-0.000683405
07:58.8,-0.000681867
07:59.8,-0.00068982
08:00.8,-0.000696014
08:01.8,-0.000696211
08:02.8,-0.00069248
08:03.8,-0.000692299
08:04.8,-0.000686353
08:05.8,-0.000676348
08:06.8,-0.000673135
08:07.8,-0.000682454
08:08.8,-0.000706127
08:09.8,-0.00070774
08:10.8,-0.000690845
08:11.8,-0.000689468
08:12.8,-0.000693138
08:13.8,-0.000689857
08:14.8,-0.000692881
08:15.8,-0.000703768
08:16.8,-0.000694543
08:17.8,-0.000680768
08:18.8,-0.000690321
08:19.8,-0.000681958
08:20.8,-0.000693691
08:21.8,-0.000687361
08:22.8,-0.000688136
08:23.8,-0.000683411
08:24.8,-0.000691799
08:25.7,-0.000695805
08:26.7,-0.000696973
08:27.7,-0.000681322
08:28.7,-0.000682358
08:29.7,-0.000671583
08:30.7,-0.000678972
08:31.7,-0.000706752
08:32.7,-0.000707065
08:33.7,-0.00069147
08:34.7,-0.000684714
08:35.7,-0.000674264
08:36.7,-0.000677364
08:37.7,-0.00067564
08:38.7,-0.000686632
08:39.7,-0.000696934
08:40.7,-0.000705679
08:41.7,-0.000700649
08:42.7,-0.000704195
08:43.7,-0.000689757
08:44.7,-0.000686365
08:45.7,-0.000698022
08:46.7,-0.000703662
08:47.7,-0.000691031
08:48.7,-0.000684988
08:49.7,-0.000688719
08:50.7,-0.000683825
08:51.7,-0.000683185
08:52.7,-0.000683556
08:53.7,-0.000691323
08:54.7,-0.00069628
08:55.7,-0.000706341
08:56.7,-0.000707506
08:57.7,-0.000698078
08:58.7,-0.000680769
08:59.7,-0.000677577
09:00.7,-0.000676162
09:01.7,-0.000674771
09:02.7,-0.000685032
09:03.7,-0.00068794
09:04.7,-0.000688139
09:05.7,-0.000698029
09:06.7,-0.000694218
09:07.7,-0.000680569
09:08.7,-0.00067857
09:09.7,-0.000679634
09:10.7,-0.000687208
09:11.7,-0.000697514
09:12.7,-0.000701015
09:13.7,-0.000684949
09:14.7,-0.000685862
09:15.7,-0.000694346
09:16.7,-0.000684846
09:17.7,-0.000681748
09:18.7,-0.000698509
09:19.7,-0.000696756
09:20.7,-0.000686392
09:21.7,-0.000683537
09:22.7,-0.000685558
09:23.7,-0.000687843
09:24.7,-0.000686035
09:25.7,-0.000675953
09:26.6,-0.000675025
09:27.6,-0.000683308
09:28.6,-0.00068465
09:29.6,-0.000685373
09:30.6,-0.000693961
09:31.6,-0.000690319
09:32.6,-0.000703946
09:33.6,-0.000703349
09:34.6,-0.000694105
09:35.6,-0.000696109
09:36.6,-0.000707021
09:37.6,-0.000693326
09:38.6,-0.000688054
09:39.6,-0.000684416
09:40.6,-0.00068774
09:41.6,-0.000682666
09:42.6,-0.000682636
09:43.6,-0.00067749
09:44.6,-0.000687498
09:45.6,-0.000698285
09:46.6,-0.0006907
09:47.6,-0.000687261
09:48.6,-0.000688772
09:49.6,-0.000684784
09:50.6,-0.000686083
09:51.6,-0.000680535
09:52.6,-0.000689007
09:53.6,-0.000693342
09:54.6,-0.00068789
09:55.6,-0.000684403
09:56.6,-0.000683226
09:57.6,-0.000690877
09:58.6,-0.000693263
09:59.6,-0.000690353
10:00.6,-0.000690037
10:01.6,-0.000691595
10:02.6,-0.000690261
10:03.6,-0.000684232
10:04.6,-0.000690546
10:05.6,-0.000690839
10:06.6,-0.000690836
10:07.6,-0.000684086
10:08.6,-0.000679631
10:09.6,-0.000676688
10:10.6,-0.000689985
10:11.6,-0.000695874
10:12.6,-0.000694817
10:13.6,-0.000690602
10:14.6,-0.000691983
10:15.6,-0.000701268
10:16.6,-0.000694278
10:17.6,-0.000697213
10:18.6,-0.000684635
10:19.6,-0.000666719
10:20.6,-0.00067852
10:21.6,-0.000683515
10:22.6,-0.000691871
10:23.6,-0.000696525
10:24.6,-0.000687878
10:25.6,-0.000686811
10:26.6,-0.000685055
10:27.6,-0.00068779
10:28.5,-0.000689609
10:29.5,-0.000694448
10:30.5,-0.000679016
10:31.5,-0.000678643
10:32.5,-0.000692728
10:33.5,-0.000700443
10:34.5,-0.000691852
10:35.5,-0.000685095
10:36.5,-0.000687206
10:37.5,-0.000673158
10:38.5,-0.000674622
10:39.5,-0.000701205
10:40.5,-0.000702074
10:41.5,-0.00068915
10:42.5,-0.000695788
10:43.5,-0.000691471
10:44.5,-0.00068764
10:45.5,-0.000677185
10:46.5,-0.000678378
10:47.5,-0.000685497
10:48.5,-0.000682364
10:49.5,-0.000693969
10:50.5,-0.000693733
10:51.5,-0.000697727
10:52.5,-0.000704458
10:53.5,-0.000688741
10:54.5,-0.000682154
10:55.5,-0.000683931
10:56.5,-0.000685523
10:57.5,-0.000689794
10:58.5,-0.000671939
10:59.5,-0.00068417
11:00.5,-0.000697866
11:01.5,-0.000680844
11:02.5,-0.000690275
11:03.5,-0.000687691
11:04.5,-0.000697737
11:05.5,-0.000687914
11:06.5,-0.000682338
11:07.5,-0.000683759
11:08.5,-0.000692209
11:09.5,-0.000683127
11:10.5,-0.000681905
11:11.5,-0.00068944
11:12.5,-0.000682235
11:13.5,-0.000690295
11:14.5,-0.000684608
11:15.5,-0.000673844
11:16.5,-0.00067626
11:17.5,-0.000681753
11:18.5,-0.000679753
11:19.5,-0.000676917
11:20.5,-0.000686348
11:21.5,-0.000680485
11:22.5,-0.00069712
11:23.5,-0.000709535
11:24.5,-0.000707775
11:25.5,-0.000682309
11:26.5,-0.000673964
11:27.5,-0.000676483
11:28.5,-0.000687731
11:29.4,-0.00068949
11:30.4,-0.000747779
11:31.4,-0.000708732
11:32.4,-0.000628088
11:33.4,-0.000672155
11:34.4,-0.000685346
11:35.4,-0.000683705
11:36.4,-0.000672386
11:37.4,-0.000669311
11:38.4,-0.000696985
11:39.4,-0.000691384
11:40.4,-0.000676597
11:41.4,-0.000679412
11:42.4,-0.000709695
11:43.4,-0.00069904
11:44.4,-0.000689554
11:45.4,-0.000689036
11:46.4,-0.000681955
11:47.4,-0.000685429
11:48.4,-0.000690674
11:49.4,-0.000685778
11:50.4,-0.000679558
11:51.4,-0.000685631
11:52.4,-0.00068501
11:53.4,-0.000689061
11:54.4,-0.000689006
11:55.4,-0.000689352
11:56.4,-0.000674178
11:57.4,-0.00068512
11:58.4,-0.000695341
11:59.4,-0.000702328
12:00.4,-0.000694162
12:01.4,-0.000685581
12:02.4,-0.000673712
12:03.4,-0.000664423
12:04.4,-0.000681164
12:05.4,-0.000687152
12:06.4,-0.000679974
12:07.4,-0.000663259
12:08.4,-0.000675571
12:09.4,-0.000677619
12:10.4,-0.00068883
12:11.4,-0.000698144
12:12.4,-0.000699521
12:13.4,-0.000695081
12:14.4,-0.000681281
12:15.4,-0.000692872
12:16.4,-0.000684643
12:17.4,-0.000689068
12:18.4,-0.000692844
12:19.4,-0.000691387
12:20.4,-0.000680961
12:21.4,-0.000680425
12:22.4,-0.000675057
12:23.4,-0.000674253
12:24.4,-0.000684919
12:25.4,-0.000687059
12:26.4,-0.000675641
12:27.4,-0.000679978
12:28.4,-0.000686492
12:29.4,-0.000684333
12:30.3,-0.00067852
12:31.3,-0.000692121
12:32.3,-0.000692508
12:33.3,-0.000688087
12:34.3,-0.000678886
12:35.3,-0.000681766
12:36.3,-0.000687607
12:37.3,-0.000696783
12:38.3,-0.000697789
12:39.3,-0.000689451
12:40.3,-0.000679724
12:41.3,-0.000675459
12:42.3,-0.000676912
12:43.3,-0.000680617
12:44.3,-0.000677387
12:45.3,-0.000676353
12:46.3,-0.000679481
12:47.3,-0.000672771
12:48.3,-0.000690856
12:49.3,-0.000685259
12:50.3,-0.000683745
12:51.3,-0.000692941
12:52.3,-0.000692694
12:53.3,-0.000688634
12:54.3,-0.000689415
12:55.3,-0.000685426
12:56.3,-0.000676949
12:57.3,-0.000687867
12:58.3,-0.000690974
12:59.3,-0.000679048
13:00.3,-0.000683677
13:01.3,-0.000687537
13:02.3,-0.000679711
13:03.3,-0.000681951
13:04.3,-0.000686847
13:05.3,-0.000689459
13:06.3,-0.00068561
13:07.3,-0.000677525
13:08.3,-0.000677892
13:09.3,-0.000687146
13:10.3,-0.000688878
13:11.3,-0.000682361
13:12.3,-0.000682412
13:13.3,-0.00068729
13:14.3,-0.000680567
13:15.3,-0.000665868
13:16.3,-0.000676335
13:17.3,-0.000683439
13:18.3,-0.000689722
13:19.3,-0.00069215
13:20.3,-0.000690952
13:21.3,-0.000688381
13:22.3,-0.000685781
13:23.3,-0.000688389
13:24.3,-0.00068585
13:25.3,-0.000691374
13:26.3,-0.000681012
13:27.3,-0.00067999
13:28.3,-0.000680788
13:29.3,-0.00068359
13:30.3,-0.00068201
13:31.2,-0.000688362
13:32.2,-0.000685281
13:33.2,-0.000681452
13:34.2,-0.00068548
13:35.2,-0.000680058
13:36.2,-0.000690435
13:37.2,-0.000683405
13:38.2,-0.000690399
13:39.2,-0.000693227
13:40.2,-0.000694599
13:41.2,-0.000671383
13:42.2,-0.000669493
13:43.2,-0.000683329
13:44.2,-0.000684528
13:45.2,-0.000683096
13:46.2,-0.00067971
13:47.2,-0.000678106
13:48.2,-0.000680166
13:49.2,-0.00068845
13:50.2,-0.000685509
13:51.2,-0.00068271
13:52.2,-0.000688263
13:53.2,-0.000689603
13:54.2,-0.000687086
13:55.2,-0.000683886
13:56.2,-0.000693469
13:57.2,-0.000701262
13:58.2,-0.000684965
13:59.2,-0.000685952
14:00.2,-0.000675413
14:01.2,-0.00067677
14:02.2,-0.000680162
14:03.2,-0.000682445
14:04.2,-0.000686154
14:05.2,-0.000685552
14:06.2,-0.000689714
14:07.2,-0.00068858
14:08.2,-0.000681328
14:09.2,-0.000690782
14:10.2,-0.000686334
14:11.2,-0.0006805
14:12.2,-0.00068207
14:13.2,-0.000680223
14:14.2,-0.000690126
14:15.2,-0.000692514
14:16.2,-0.000694006
14:17.2,-0.000684257
14:18.2,-0.000685344
14:19.2,-0.000671705
14:20.2,-0.000670833
14:21.2,-0.000677048
14:22.2,-0.00068642
14:23.2,-0.000694894
14:24.2,-0.000696391
14:25.2,-0.000689453
14:26.2,-0.00068303
14:27.2,-0.00067373
14:28.2,-0.000676007
14:29.2,-0.000676385
14:30.2,-0.000676418
14:31.2,-0.000685788
14:32.1,-0.000695831
14:33.1,-0.000699603
14:34.1,-0.000690732
14:35.1,-0.000694032
14:36.1,-0.000690228
14:37.1,-0.000681488
14:38.1,-0.000689075
14:39.1,-0.000684516
14:40.1,-0.000678566
14:41.1,-0.000676729
14:42.1,-0.000676926
14:43.1,-0.000690068
14:44.1,-0.000689849
14:45.1,-0.000687952
14:46.1,-0.000677774
14:47.1,-0.000678373
14:48.1,-0.000684526
14:49.1,-0.000694023
14:50.1,-0.000691812
14:51.1,-0.000681669
14:52.1,-0.000687487
14:53.1,-0.00068245
14:54.1,-0.000683967
14:55.1,-0.000682951
14:56.1,-0.000682628
14:57.1,-0.000691269
14:58.1,-0.000690496
14:59.1,-0.000679222
15:00.1,-0.000686668
15:01.1,-0.000690296
15:02.1,-0.000682579
15:03.1,-0.000685681
15:04.1,-0.000688338
15:05.1,-0.000678245
15:06.1,-0.000678061
15:07.1,-0.000687846
15:08.1,-0.000690594
15:09.1,-0.00069377
15:10.1,-0.000693675
15:11.1,-0.000674991
15:12.1,-0.000679805
15:13.1,-0.000693204
15:14.1,-0.000688331
15:15.1,-0.000675523
15:16.1,-0.000669454
15:17.1,-0.000672981
15:18.1,-0.000684613
15:19.1,-0.000687426
15:20.1,-0.000692023
15:21.1,-0.000696001
15:22.1,-0.000701268
15:23.1,-0.000691171
15:24.1,-0.000687081
15:25.1,-0.000676865
15:26.1,-0.000670497
15:27.1,-0.000678543
15:28.1,-0.000684336
15:29.1,-0.000703332
15:30.1,-0.000698862
15:31.1,-0.00068865
15:32.1,-0.000685429
15:33.0,-0.000687157
15:34.0,-0.000684693
15:35.0,-0.000690057
15:36.0,-0.000693849
15:37.0,-0.000683185
15:38.0,-0.000686774
15:39.0,-0.000685604
15:40.0,-0.000683511
15:41.0,-0.00067993
15:42.0,-0.000682882
15:43.0,-0.000684545
15:44.0,-0.000684778
15:45.0,-0.000681445
15:46.0,-0.000687526
15:47.0,-0.00068396
15:48.0,-0.000680296
15:49.0,-0.000685834
15:50.0,-0.000680844
15:51.0,-0.000689157
15:52.0,-0.000693857
15:53.0,-0.000690739
15:54.0,-0.000695349
15:55.0,-0.000694726
15:56.0,-0.00068907
15:57.0,-0.000693205
15:58.0,-0.000692617
15:59.0,-0.000692139
16:00.0,-0.000689374
16:01.0,-0.000691357
16:02.0,-0.000695844
16:03.0,-0.000699773
16:04.0,-0.000695759
16:05.0,-0.000686765
16:06.0,-0.000688197
16:07.0,-0.000695136
16:08.0,-0.000697267
16:09.0,-0.000703263
16:10.0,-0.000698136
16:11.0,-0.000697997
16:12.0,-0.000693125
16:13.0,-0.00068176
16:14.0,-0.000690544
16:15.0,-0.000693525
16:16.0,-0.000695641
16:17.0,-0.000697114
16:18.0,-0.000691428
16:19.0,-0.000694615
16:20.0,-0.000686766
16:21.0,-0.000691112
16:22.0,-0.000698484
16:23.0,-0.000693675
16:24.0,-0.000692897
16:25.0,-0.000697373
16:26.0,-0.000696036
16:27.0,-0.000688406
16:28.0,-0.000689941
16:29.0,-0.000689475
16:30.0,-0.000693983
16:31.0,-0.000691543
16:32.0,-0.000697668
16:33.0,-0.000700402
16:33.9,-0.000692233
16:34.9,-0.000698199
16:35.9,-0.000696546
16:36.9,-0.00068481
16:37.9,-0.000684164
16:38.9,-0.000696381
16:39.9,-0.000695208
16:40.9,-0.000692848
16:41.9,-0.000698801
16:42.9,-0.000695388
16:43.9,-0.000693469
16:44.9,-0.00068845
16:45.9,-0.000693494
16:46.9,-0.000698754
16:47.9,-0.000695394
16:48.9,-0.000692621
16:49.9,-0.000694618
16:50.9,-0.000695686
16:51.9,-0.000696729
16:52.9,-0.000688022
16:53.9,-0.000692157
16:54.9,0
16:55.9,0.001362177
16:56.9,0.001241854
16:57.9,0.001252467
16:58.9,0.001251919
16:59.9,0.001247908
17:00.9,0.001240777
17:01.9,0.001226902
17:02.9,0.001230679
17:03.9,0.001232335
17:04.9,0.001246427
17:05.9,0.001258264
17:06.9,0.00125478
17:07.9,0.001258865
17:08.9,0.001244837
17:09.9,0.001246303
17:10.9,0.00123888
17:11.9,0.00122594
17:12.9,0.001223429
17:13.9,0.001228074
17:14.9,0.001237117
17:15.9,0.001243166
17:16.9,0.001251062
17:17.9,0.001236612
17:18.9,0.001231158
17:19.9,0.001237517
17:20.9,0.001244205
17:21.9,0.001243743
17:22.9,0.001251904
17:23.9,0.001244019
17:24.9,0.00124106
17:25.9,0.001242908
17:26.9,0.001242446
17:27.9,0.001247899
17:28.9,0.001252481
17:29.9,0.001246637
17:30.9,0.001237447
17:31.9,0.001238395
17:32.9,0.001232687
17:33.9,0.001236899
17:34.8,0.001243278
17:35.8,0.001234527
17:36.8,0.001232231
17:37.8,0.001234622
17:38.8,0.001241144
17:39.8,0.001251979
17:40.8,0.001250681
17:41.8,0.001250106
17:42.8,0.00124282
17:43.8,0.001242999
17:44.8,0.001242198
17:45.8,0.001246208
17:46.8,0.001249768
17:47.8,0.001257077
17:48.8,0.001248421
17:49.8,0.00123968
17:50.8,0.001230813
17:51.8,0.001237816
17:52.8,0.001235211
17:53.8,0.001236686
17:54.8,0.001239521
17:55.8,0.001248965
17:56.8,0.001252567
17:57.8,0.001257341
17:58.8,0.001261409
17:59.8,0.001249638
18:00.8,0.001244763
18:01.8,0.001233793
18:02.8,0.00119054
18:03.8,0.001247907
18:04.8,0.001245978
18:05.8,0.00124359
18:06.8,0.001236107
18:07.8,0.001234075
18:08.8,0.001230875
18:09.8,0.001243041
18:10.8,0.001248196
18:11.8,0.001245727
18:12.8,0.001251697
18:13.8,0.001251468
18:14.8,0.001248693
18:15.8,0.001259926
18:16.8,0.001246026
18:17.8,0.001236611
18:18.8,0.001235061
18:19.8,0.001232964
18:20.8,0.001229979
18:21.8,0.0012311
18:22.8,0.001256349
18:23.8,0.001251386
18:24.8,0.001248274
18:25.8,0.001244803
18:26.8,0.001252479
18:27.8,0.00124911
18:28.8,0.001233763
18:29.8,0.001230727
18:30.8,0.00124185
18:31.8,0.001246399
18:32.8,0.001244154
18:33.8,0.001240759
18:34.8,0.001241762
18:35.7,0.00124346
18:36.7,0.001242227
18:37.7,0.001245105
18:38.7,0.001232535
18:39.7,0.001237853
18:40.7,0.001245882
18:41.7,0.001245693
18:42.7,0.001249205
18:43.7,0.001243299
18:44.7,0.001244645
18:45.7,0.00124531
18:46.7,0.001242145
18:47.7,0.001239443
18:48.7,0.001248266
18:49.7,0.001247558
18:50.7,0.001239309
18:51.7,0.001244537
18:52.7,0.001239156
18:53.7,0.001240076
18:54.7,0.001243416
18:55.7,0.001244053
18:56.7,0.001244957
18:57.7,0.00124457
18:58.7,0.00123872
18:59.7,0.001239608
19:00.7,0.001246319
19:01.7,0.001237313
19:02.7,0.001247638
19:03.7,0.001239803
19:04.7,0.001240509
19:05.7,0.001244599
19:06.7,0.001244655
19:07.7,0.001242809
19:08.7,0.001236873
19:09.7,0.001237784
19:10.7,0.001241777
19:11.7,0.001241461
19:12.7,0.001243673
19:13.7,0.001247652
19:14.7,0.001243549
19:15.7,0.001248089
19:16.7,0.001260459
19:17.7,0.001251275
19:18.7,0.001241849
19:19.7,0.001241637
19:20.7,0.001240337
19:21.7,0.001231855
19:22.7,0.001233513
19:23.7,0.001235691
19:24.7,0.001242364
19:25.7,0.001258361
19:26.7,0.001257876
19:27.7,0.001249789
19:28.7,0.001238791
19:29.7,0.001239813
19:30.7,0.001243169
19:31.7,0.001231733
19:32.7,0.001229449
19:33.7,0.001232841
19:34.7,0.001243096
19:35.7,0.001242725
19:36.7,0.001240948
19:37.6,0.001243126
19:38.6,0.00125318
19:39.6,0.001253908
19:40.6,0.00124292
19:41.6,0.001239845
19:42.6,0.001233786
19:43.6,0.001232074
19:44.6,0.00124156
19:45.6,0.001246807
19:46.6,0.001243373
19:47.6,0.001237221
19:48.6,0.001235963
19:49.6,0.001245678
19:50.6,0.00124537
19:51.6,0.001247365
19:52.6,0.001242345
19:53.6,0.001240974
19:54.6,0.001241624
19:55.6,0.001243641
19:56.6,0.001236665
19:57.6,0.001240504
19:58.6,0.001232914
19:59.6,0.001233296
20:00.6,0.00124161
20:01.6,0.001248712
20:02.6,0.001243764
20:03.6,0.001243835
20:04.6,0.001241089
20:05.6,0.001245056
20:06.6,0.001247886
20:07.6,0.001246034
20:08.6,0.001246373
20:09.6,0.001244576
20:10.6,0.001234017
20:11.6,0.001226725
20:12.6,0.001232525
20:13.6,0.001238618
20:14.6,0.001244995
20:15.6,0.001249472
20:16.6,0.001235441
20:17.6,0.0012352
20:18.6,0.001247071
20:19.6,0.001246796
20:20.6,0.001242036
20:21.6,0.001244334
20:22.6,0.001231976
20:23.6,0.001231305
20:24.6,0.001240801
20:25.6,0.001247156
20:26.6,0.001239026
20:27.6,0.001230191
20:28.6,0.001230427
20:29.6,0.001232781
20:30.6,0.001241668
20:31.6,0.001250334
20:32.6,0.001246938
20:33.6,0.001242762
20:34.6,0.001245385
20:35.6,0.001242455
20:36.6,0.001236246
20:37.6,0.001246427
20:38.5,0.001250804
20:39.5,0.001240433
20:40.5,0.001232828
20:41.5,0.001230694
20:42.5,0.001233912
20:43.5,0.001246581
20:44.5,0.001237904
20:45.5,0.001200349
20:46.5,0.001169971
20:47.5,0.001150645
20:48.5,0.001140517
20:49.5,0.001287895
20:50.5,0.001248507
20:51.5,0.001373414
20:52.5,0.001361393
20:53.5,0.001245642
20:54.5,0.00124587
20:55.5,0.00130327
20:56.5,0.001273102
20:57.5,0.001241014
20:58.5,0.001223929
20:59.5,0.001214811
21:00.5,0.00122077
21:01.5,0.001223034
21:02.5,0.001225826
21:03.5,0.00122554
21:04.5,0.001241446
21:05.5,0.001246743
21:06.5,0.001250191
21:07.5,0.001254503
21:08.5,0.001267746
21:09.5,0.001275953
21:10.5,0.001215506
21:11.5,0.001223443
21:12.5,0.001235874
21:13.5,0.00119789
21:14.5,0.001232715
21:15.5,0.001265701
21:16.5,0.001280341
21:17.5,0.001278316
21:18.5,0.001243293
21:19.5,0.001262584
21:20.5,0.001234503
21:21.5,0.001228323
21:22.5,0.001204453
21:23.5,0.001163353
21:24.5,0.001216812
21:25.5,0.001159513
21:26.5,0.001254098
21:27.5,0.001250652
21:28.5,0.001256908
21:29.5,0.001256207
21:30.5,0.001255131
21:31.5,0.00125673
21:32.5,0.001247745
21:33.5,0.001239692
21:34.5,0.001239868
21:35.5,0.001240696
21:36.5,0.00123324
21:37.5,0.001233977
21:38.5,0.001245634
21:39.4,0.001250747
21:40.4,0.001241051
21:41.4,0.001236261
21:42.4,0.001236757
21:43.4,0.001240765
21:44.4,0.001239078
21:45.4,0.001221123
21:46.4,0.001279298
21:47.4,0.00136788
21:48.4,0.001195454
21:49.4,0.001214702
21:50.4,0.001221611
21:51.4,0.001220777
21:52.4,0.001219986
21:53.4,0.001226786
21:54.4,0.001230372
21:55.4,0.001230601
21:56.4,0.001238263
21:57.4,0.001234088
21:58.4,0.001230723
21:59.4,0.001246287
22:00.4,0.0012469
22:01.4,0.001246391
22:02.4,0.001254338
22:03.4,0.001242381
22:04.4,0.001239935
22:05.4,0.001236185
22:06.4,0.001253649
22:07.4,0.001239864
22:08.4,0.001243384
22:09.4,0.001240572
22:10.4,0.001236441
22:11.4,0.001239513
22:12.4,0.001231087
22:13.4,0.001244054
22:14.4,0.001239541
22:15.4,0.001237956
22:16.4,0.001240658
22:17.4,0.001239244
22:18.4,0.001243964
22:19.4,0.001242824
22:20.4,0.001240917
22:21.4,0.001248088
22:22.4,0.001240442
22:23.4,0.001235431
22:24.4,0.001252226
22:25.4,0.001228959
22:26.4,0.001240979
22:27.4,0.001246541
22:28.4,0.0012408
22:29.4,0.001237069
22:30.4,0.001235238
22:31.4,0.001240047
22:32.4,0.001247411
22:33.4,0.001237022
22:34.4,0.001232451
22:35.4,0.001228756
22:36.4,0.001229627
22:37.4,0.00123916
22:38.4,0.001217834
22:39.4,0.001253681
22:40.3,0.001266238
22:41.3,0.00125197
22:42.3,0.001242043
22:43.3,0.001245057
22:44.3,0.001238766
22:45.3,0.00123545
22:46.3,0.001248249
22:47.3,0.001249852
22:48.3,0.001241575
22:49.3,0.001235544
22:50.3,0.001236175
22:51.3,0.001240845
22:52.3,0.001240544
22:53.3,0.001237178
22:54.3,0.001238704
22:55.3,0.00124447
22:56.3,0.00123784
22:57.3,0.001236963
22:58.3,0.001237934
22:59.3,0.001237751
23:00.3,0.001237839
23:01.3,0.00123447
23:02.3,0.001246758
23:03.3,0.001254761
23:04.3,0.00124857
23:05.3,0.001235109
23:06.3,0.001225333
23:07.3,0.001231726
23:08.3,0.001241812
23:09.3,0.001211562
23:10.3,0.001250962
23:11.3,0.001270564
23:12.3,0.001264024
23:13.3,0.001242188
23:14.3,0.001236246
23:15.3,0.001221656
23:16.3,0.001228869
23:17.3,0.00123689
23:18.3,0.001232279
23:19.3,0.00123756
23:20.3,0.001250479
23:21.3,0.001249175
23:22.3,0.001240986
23:23.3,0.001265966
23:24.3,0.001246185
23:25.3,0.00122513
23:26.3,0.001213618
23:27.3,0.001223397
23:28.3,0.001202999
23:29.3,0.001225684
23:30.3,0.001309947
23:31.3,0.001259437
23:32.3,0.001261393
23:33.3,0.001256343
23:34.3,0.001246472
23:35.3,0.001245557
23:36.3,0.001238457
23:37.3,0.001237718
23:38.3,0.001233328
23:39.3,0.001250651
23:40.3,0.001247698
23:41.2,0.001234505
23:42.2,0.001234858
23:43.2,0.001244768
23:44.2,0.001240567
23:45.2,0.001219792
23:46.2,0.001226096
23:47.2,0.001242638
23:48.2,0.001224916
23:49.2,0.001230153
23:50.2,0.001212794
23:51.2,0.001312123
23:52.2,0.001277492
23:53.2,0.001234166
23:54.2,0.001237285
23:55.2,0.001238856
23:56.2,0.001236888
23:57.2,0.001243498
23:58.2,0.001248227
23:59.2,0.001239279
24:00.2,0.001246511
24:01.2,0.001249307
24:02.2,0.00125175
24:03.2,0.001241408
24:04.2,0.001236436
24:05.2,0.001238322
24:06.2,0.001255234
24:07.2,0.001265841
24:08.2,0.00125857
24:09.2,0.001239969
24:10.2,0.001231133
24:11.2,0.001228964
24:12.2,0.001230635
24:13.2,0.001241576
24:14.2,0.001239979
24:15.2,0.001234372
24:16.2,0.001236964
24:17.2,0.001248244
24:18.2,0.001251782
24:19.2,0.001251326
24:20.2,0.00124987
24:21.2,0.001247221
24:22.2,0.001240702
24:23.2,0.001236264
24:24.2,0.001237972
24:25.2,0.001249629
24:26.2,0.00124081
24:27.2,0.001258481
24:28.2,0.001259221
24:29.2,0.001246839
24:30.2,0.001240024
24:31.2,0.001230931
24:32.2,0.001230354
24:33.2,0.001233745
24:34.2,0.001245558
24:35.2,0.001249562
24:36.2,0.001249452
24:37.2,0.001246666
24:38.2,0.001244454
24:39.2,0.001248027
24:40.2,0.001245637
24:41.2,0.001231129
24:42.1,0.001230691
24:43.1,0.001240793
24:44.1,0.001242608
24:45.1,0.001243161
24:46.1,0.001237481
24:47.1,0.001245009
24:48.1,0.001239693
24:49.1,0.001246632
24:50.1,0.00125103
24:51.1,0.001246568
24:52.1,0.00124053
24:53.1,0.00124021
24:54.1,0.001243567
24:55.1,0.001237794
24:56.1,0.001238835
24:57.1,0.001243629
24:58.1,0.001244873
24:59.1,0.001245394
25:00.1,0.001239065
25:01.1,0.001228656
25:02.1,0.001236101
25:03.1,0.001253771
25:04.1,0.001243937
25:05.1,0.001240273
25:06.1,0.001220455
25:07.1,0.001206135
25:08.1,0.001281368
25:09.1,0.001319709
25:10.1,0.001270468
25:11.1,0.001205265
25:12.1,0.001208721
25:13.1,0.001226189
25:14.1,0.001238821
25:15.1,0.001237553
25:16.1,0.001243807
25:17.1,0.001246789
25:18.1,0.001250147
25:19.1,0.001242369
25:20.1,0.001228693
25:21.1,0.001234281
25:22.1,0.001238808
25:23.1,0.00124893
25:24.1,0.001245685
25:25.1,0.00125141
25:26.1,0.001243548
25:27.1,0.001241397
25:28.1,0.001249064
25:29.1,0.001244299
25:30.1,0.001243451
25:31.1,0.001232748
25:32.1,0.001230368
25:33.1,0.001235703
25:34.1,0.001240006
25:35.1,0.001237681
25:36.1,0.001239882
25:37.1,0.001244804
25:38.1,0.001245785
25:39.1,0.00124264
25:40.1,0.00124492
25:41.1,0.001246701
25:42.1,0.001236663
25:43.0,0.001236828
25:44.0,0.001241588
25:45.0,0.001244286
25:46.0,0.001238933
25:47.0,0.001231061
25:48.0,0.001229389
25:49.0,0.001232522
25:50.0,0.001239765
25:51.0,0.001250219
25:52.0,0.001255376
25:53.0,0.001249927
25:54.0,0.001242102
25:55.0,0.001242107
25:56.0,0.001234565
25:57.0,0.001240816
25:58.0,0.001236852
25:59.0,0.001241813
26:00.0,0.001235426
26:01.0,0.001237705
26:02.0,0.001242891
26:03.0,0.001238553
26:04.0,0.00123489
26:05.0,0.001244635
26:06.0,0.001236963
26:07.0,0.001236016
26:08.0,0.001239908
26:09.0,0.001239016
26:10.0,0.001242973
26:11.0,0.001239926
26:12.0,0.001236975
26:13.0,0.001233216
26:14.0,0.001238409
26:15.0,0.001235441
26:16.0,0.001236546
26:17.0,0.001230395
26:18.0,0.001230356
26:19.0,0.001241335
26:20.0,0.001245941
26:21.0,0.001240254
26:22.0,0.001244664
26:23.0,0.001243259
26:24.0,0.001235987
26:25.0,0.001227073
26:26.0,0.001222709
26:27.0,0.00122976
26:28.0,0.001231935
26:29.0,0.001241187
26:30.0,0.001245888
26:31.0,0.001243171
26:32.0,0.001248551
26:33.0,0.001257646
26:34.0,0.001240246
26:35.0,0.001235735
26:36.0,0.001239796
26:37.0,0.001236449
26:38.0,0.001234394
26:39.0,0.00123191
26:40.0,0.001235503
26:41.0,0.001244865
26:42.0,0.001245364
26:43.0,0.001245003
26:43.9,0.001236345
26:44.9,0.001240026
26:45.9,0.001242771
26:46.9,0.001250519
26:47.9,0.00124979
26:48.9,0.001244965
26:49.9,0.001235022
26:50.9,0.001230383
26:51.9,0.001229039
26:52.9,0.001228002
26:53.9,0.001238391
26:54.9,0
26:55.9,-0.000713609
26:56.9,-0.000651468
26:57.9,-0.000647929
26:58.9,-0.000631295
26:59.9,-0.000634428
27:00.9,-0.000639223
27:01.9,-0.000648465
27:02.9,-0.000658716
27:03.9,-0.0006535
27:04.9,-0.000651532
27:05.9,-0.000648868
27:06.9,-0.000643442
27:07.9,-0.000636643
27:08.9,-0.000645381
27:09.9,-0.0006451
27:10.9,-0.000648307
27:11.9,-0.000646865
27:12.9,-0.000657325
27:13.9,-0.00065228
27:14.9,-0.000647393
27:15.9,-0.000639851
27:16.9,-0.000651404
27:17.9,-0.00065804
27:18.9,-0.000653823
27:19.9,-0.000648848
27:20.9,-0.000647583
27:21.9,-0.000644908
27:22.9,-0.000642619
27:23.9,-0.000641342
27:24.9,-0.000642333
27:25.9,-0.000650855
27:26.9,-0.000652162
27:27.9,-0.000658747
27:28.9,-0.000649448
27:29.9,-0.000649889
27:30.9,-0.00063869
27:31.9,-0.000645966
27:32.9,-0.000647365
27:33.9,-0.000638039
27:34.9,-0.00064476
27:35.9,-0.000641894
27:36.9,-0.000642266
27:37.9,-0.000645649
27:38.9,-0.000652123
27:39.9,-0.000649728
27:40.9,-0.000650349
27:41.9,-0.000652037
27:42.9,-0.000647377
27:43.9,-0.000645042
27:44.8,-0.000648684
27:45.8,-0.000654621
27:46.8,-0.000643197
27:47.8,-0.000644397
27:48.8,-0.000652047
27:49.8,-0.00064724
27:50.8,-0.000643648
27:51.8,-0.000646349
27:52.8,-0.000645313
27:53.8,-0.000645717
27:54.8,-0.000651542
27:55.8,-0.000659367
27:56.8,-0.000653417
27:57.8,-0.000652524
27:58.8,-0.000650608
27:59.8,-0.000645708
28:00.8,-0.000645716
28:01.8,-0.000643748
28:02.8,-0.00064647
28:03.8,-0.000656416
28:04.8,-0.000650995
28:05.8,-0.000653992
28:06.8,-0.000647888
28:07.8,-0.00064258
28:08.8,-0.000653463
28:09.8,-0.000658418
28:10.8,-0.0006517
28:11.8,-0.000652229
28:12.8,-0.000645655
28:13.8,-0.000650544
28:14.8,-0.000650553
28:15.8,-0.000656501
28:16.8,-0.000646009
28:17.8,-0.000647839
28:18.8,-0.000642621
28:19.8,-0.000646893
28:20.8,-0.000656209
28:21.8,-0.000651295
28:22.8,-0.00065251
28:23.8,-0.000655693
28:24.8,-0.000652273
28:25.8,-0.00063983
28:26.8,-0.000641543
28:27.8,-0.000636074
28:28.8,-0.000637926
28:29.8,-0.000648837
28:30.8,-0.000660701
28:31.8,-0.000662481
28:32.8,-0.000661145
28:33.8,-0.000660874
28:34.8,-0.00065997
28:35.8,-0.000654274
28:36.8,-0.000656543
28:37.8,-0.000657143
28:38.8,-0.000641488
28:39.8,-0.000643099
28:40.8,-0.000649832
28:41.8,-0.000650082
28:42.8,-0.000649707
28:43.8,-0.000650624
28:44.8,-0.000648154
28:45.8,-0.000649768
28:46.7,-0.000662958
28:47.7,-0.000662697
28:48.7,-0.000656707
28:49.7,-0.000649827
28:50.7,-0.000642533
28:51.7,-0.000642744
28:52.7,-0.000646773
28:53.7,-0.000644689
28:54.7,-0.000652027
28:55.7,-0.000669854
28:56.7,-0.000654275
28:57.7,-0.000656798
28:58.7,-0.000659593
28:59.7,-0.000651557
29:00.7,-0.000646051
29:01.7,-0.000647932
29:02.7,-0.00064838
29:03.7,-0.000650986
29:04.7,-0.000648038
29:05.7,-0.000648833
29:06.7,-0.000660974
29:07.7,-0.000660474
29:08.7,-0.000649463
29:09.7,-0.000650122
29:10.7,-0.000657475
29:11.7,-0.000654573
29:12.7,-0.000655675
29:13.7,-0.000646472
29:14.7,-0.000650783
29:15.7,-0.000650044
29:16.7,-0.000660526
29:17.7,-0.000659714
29:18.7,-0.00064582
29:19.7,-0.000653023
29:20.7,-0.000647121
29:21.7,-0.000659029
29:22.7,-0.000655531
29:23.7,-0.000651572
29:24.7,-0.000654117
29:25.7,-0.000661253
29:26.7,-0.000661939
29:27.7,-0.000649742
29:28.7,-0.000649559
29:29.7,-0.000642764
29:30.7,-0.000657314
29:31.7,-0.000659271
29:32.7,-0.000647325
29:33.7,-0.000652221
29:34.7,-0.000648556
29:35.7,-0.000646906
29:36.7,-0.000646677
29:37.7,-0.000642062
29:38.7,-0.000649791
29:39.7,-0.000659591
29:40.7,-0.000662304
29:41.7,-0.000671869
29:42.7,-0.00066146
29:43.7,-0.00064675
29:44.7,-0.000647221
29:45.7,-0.000649834
29:46.7,-0.000658795
29:47.6,-0.00065812
29:48.6,-0.000657536
29:49.6,-0.000660993
29:50.6,-0.000654485
29:51.6,-0.000648891
29:52.6,-0.000646247
29:53.6,-0.000648535
29:54.6,-0.000659267
29:55.6,-0.000662408
29:56.6,-0.00066105
29:57.6,-0.000654914
29:58.6,-0.000652842
29:59.6,-0.00065173
30:00.6,-0.000661126
30:01.6,-0.0006678
30:02.6,-0.000659322
30:03.6,-0.000656435
30:04.6,-0.000659035
30:05.6,-0.000672319
30:06.6,-0.000668337
30:07.6,-0.00065946
30:08.6,-0.000659697
30:09.6,-0.000658685
30:10.6,-0.000650218
30:11.6,-0.000648739
30:12.6,-0.000649571
30:13.6,-0.000658181
30:14.6,-0.000660426
30:15.6,-0.000659902
30:16.6,-0.000649034
30:17.6,-0.000646614
30:18.6,-0.000654355
30:19.6,-0.000660644
30:20.6,-0.000665333
30:21.6,-0.000662583
30:22.6,-0.000660638
30:23.6,-0.000664199
30:24.6,-0.000663594
30:25.6,-0.000662484
30:26.6,-0.000655262
30:27.6,-0.000646212
30:28.6,-0.000659105
30:29.6,-0.000673798
30:30.6,-0.000667072
30:31.6,-0.000655003
30:32.6,-0.000653846
30:33.6,-0.000652763
30:34.6,-0.000657535
30:35.6,-0.000659649
30:36.6,-0.000672689
30:37.6,-0.000676839
30:38.6,-0.00066769
30:39.6,-0.000657564
30:40.6,-0.000650577
30:41.6,-0.000651326
30:42.6,-0.000648047
30:43.6,-0.000647237
30:44.6,-0.000655477
30:45.6,-0.000656305
30:46.6,-0.000654767
30:47.6,-0.000662493
30:48.5,-0.000661646
30:49.5,-0.000650873
30:50.5,-0.000649787
30:51.5,-0.000655834
30:52.5,-0.000663774
30:53.5,-0.000673379
30:54.5,-0.000658114
30:55.5,-0.00066132
30:56.5,-0.000668665
30:57.5,-0.000666084
30:58.5,-0.000672299
30:59.5,-0.0006575
31:00.5,-0.00065609
31:01.5,-0.000645393
31:02.5,-0.000650212
31:03.5,-0.000655136
31:04.5,-0.000661268
31:05.5,-0.000663155
31:06.5,-0.000658981
31:07.5,-0.000656745
31:08.5,-0.000652103
31:09.5,-0.000659512
31:10.5,-0.00066388
31:11.5,-0.000659269
31:12.5,-0.000659471
31:13.5,-0.000656159
31:14.5,-0.000660577
31:15.5,-0.000664745
31:16.5,-0.000665115
31:17.5,-0.000655008
31:18.5,-0.000650568
31:19.5,-0.000655515
31:20.5,-0.00065267
31:21.5,-0.000659703
31:22.5,-0.0006652
31:23.5,-0.000662696
31:24.5,-0.000658315
31:25.5,-0.000657648
31:26.5,-0.000648838
31:27.5,-0.000650156
31:28.5,-0.000649752
31:29.5,-0.000652603
31:30.5,-0.000661206
31:31.5,-0.00066559
31:32.5,-0.00067021
31:33.5,-0.000672419
31:34.5,-0.000667239
31:35.5,-0.000667758
31:36.5,-0.00065704
31:37.5,-0.000650014
31:38.5,-0.000651069
31:39.5,-0.000662136
31:40.5,-0.000660717
31:41.5,-0.000662958
31:42.5,-0.000653719
31:43.5,-0.000659761
31:44.5,-0.000662477
31:45.5,-0.000656744
31:46.5,-0.000660294
31:47.5,-0.000664632
31:48.5,-0.000656776
31:49.4,-0.000653893
31:50.4,-0.000659347
31:51.4,-0.000654703
31:52.4,-0.000662961
31:53.4,-0.000661898
31:54.4,-0.000658045
31:55.4,-0.000653723
31:56.4,-0.000651489
31:57.4,-0.000649859
31:58.4,-0.000658436
31:59.4,-0.000665223
32:00.4,-0.000665789
32:01.4,-0.000669867
32:02.4,-0.000667403
32:03.4,-0.000653549
32:04.4,-0.000663067
32:05.4,-0.000658982
32:06.4,-0.00064791
32:07.4,-0.000650222
32:08.4,-0.000661004
32:09.4,-0.000662601
32:10.4,-0.000668001
32:11.4,-0.000666953
32:12.4,-0.000657122
32:13.4,-0.000660719
32:14.4,-0.000660853
32:15.4,-0.000653265
32:16.4,-0.000653106
32:17.4,-0.000661271
32:18.4,-0.000656561
32:19.4,-0.000654546
32:20.4,-0.000656635
32:21.4,-0.000667179
32:22.4,-0.000674193
32:23.4,-0.000659708
32:24.4,-0.000660157
32:25.4,-0.000660957
32:26.4,-0.000657117
32:27.4,-0.00065828
32:28.4,-0.000666228
32:29.4,-0.000661609
32:30.4,-0.000653795
32:31.4,-0.00065827
32:32.4,-0.000657704
32:33.4,-0.000660139
32:34.4,-0.000658328
32:35.4,-0.000646231
32:36.4,-0.00065023
32:37.4,-0.000657427
32:38.4,-0.000668904
32:39.4,-0.000669502
32:40.4,-0.000663721
32:41.4,-0.000660288
32:42.4,-0.000661945
32:43.4,-0.000661396
32:44.4,-0.000658585
32:45.4,-0.000659353
32:46.4,-0.000646474
32:47.4,-0.000656979
32:48.4,-0.000663753
32:49.4,-0.000664514
32:50.3,-0.000661854
32:51.3,-0.000657608
32:52.3,-0.000660647
32:53.3,-0.000662566
32:54.3,-0.000664192
32:55.3,-0.000659268
32:56.3,-0.000652196
32:57.3,-0.000652722
32:58.3,-0.0006556
32:59.3,-0.000655567
33:00.3,-0.000658764
33:01.3,-0.000659177
33:02.3,-0.000669382
33:03.3,-0.000666638
33:04.3,-0.000661748
33:05.3,-0.000660894
33:06.3,-0.000661276
33:07.3,-0.000667902
33:08.3,-0.000659444
33:09.3,-0.000655456
33:10.3,-0.000652877
33:11.3,-0.000652161
33:12.3,-0.000653304
33:13.3,-0.000667312
33:14.3,-0.000663251
33:15.3,-0.000672728
33:16.3,-0.00066526
33:17.3,-0.000661756
33:18.3,-0.000655393
33:19.3,-0.000652083
33:20.3,-0.000647225
33:21.3,-0.000649716
33:22.3,-0.000656118
33:23.3,-0.000667893
33:24.3,-0.000663219
33:25.3,-0.000658592
33:26.3,-0.000653337
33:27.3,-0.000664421
33:28.3,-0.000663617
33:29.3,-0.000656354
33:30.3,-0.000648938
33:31.3,-0.000653514
33:32.3,-0.000668757
33:33.3,-0.000661939
33:34.3,-0.000664641
33:35.3,-0.000650956
33:36.3,-0.000644377
33:37.3,-0.000656203
33:38.3,-0.000670437
33:39.3,-0.000665486
33:40.3,-0.000666099
33:41.3,-0.000667376
33:42.3,-0.000661777
33:43.3,-0.00065315
33:44.3,-0.000652612
33:45.3,-0.000658269
33:46.3,-0.000662225
33:47.3,-0.000665874
33:48.3,-0.000661759
33:49.3,-0.000664481
33:50.3,-0.000660988
33:51.2,-0.000655842
33:52.2,-0.00065637
33:53.2,-0.000654405
33:54.2,-0.000661583
33:55.2,-0.000661961
33:56.2,-0.000666594
33:57.2,-0.000672734
33:58.2,-0.00067855
33:59.2,-0.000675524
34:00.2,-0.000669523
34:01.2,-0.000655648
34:02.2,-0.000652164
34:03.2,-0.000654238
34:04.2,-0.000660299
34:05.2,-0.000666418
34:06.2,-0.000674387
34:07.2,-0.00067576
34:08.2,-0.000670143
34:09.2,-0.000665911
34:10.2,-0.000661022
34:11.2,-0.000650487
34:12.2,-0.000660512
34:13.2,-0.000660918
34:14.2,-0.000664685
34:15.2,-0.00065885
34:16.2,-0.000660501
34:17.2,-0.000661889
34:18.2,-0.000666929
34:19.2,-0.000669083
34:20.2,-0.000664067
34:21.2,-0.000669659
34:22.2,-0.000667631
34:23.2,-0.000667242
34:24.2,-0.000662769
34:25.2,-0.000665221
34:26.2,-0.000664464
34:27.2,-0.000664277
34:28.2,-0.000660791
34:29.2,-0.000665786
34:30.2,-0.000658824
34:31.2,-0.000663665
34:32.2,-0.000666486
34:33.2,-0.000673249
34:34.2,-0.000663964
34:35.2,-0.0006561
34:36.2,-0.0006629
34:37.2,-0.000659244
34:38.2,-0.000663347
34:39.2,-0.000668276
34:40.2,-0.000665204
34:41.2,-0.000671202
34:42.2,-0.00067207
34:43.2,-0.000668208
34:44.2,-0.000666084
34:45.2,-0.000670152
34:46.2,-0.000663848
34:47.2,-0.000670349
34:48.2,-0.00066559
34:49.2,-0.000664371
34:50.2,-0.000660329
34:51.2,-0.00066262
34:52.1,-0.000669372
34:53.1,-0.000659823
34:54.1,-0.000660706
34:55.1,-0.000669512
34:56.1,-0.000663321
34:57.1,-0.000663135
34:58.1,-0.00066988
34:59.1,-0.00066245
35:00.1,-0.00067033
35:01.1,-0.000668699
35:02.1,-0.000674134
35:03.1,-0.00067583
35:04.1,-0.000673228
35:05.1,-0.000671584
35:06.1,-0.000672135
35:07.1,-0.000667854
35:08.1,-0.000670955
35:09.1,-0.000662926
35:10.1,-0.000661501
35:11.1,-0.000671508
35:12.1,-0.000672446
35:13.1,-0.0006691
35:14.1,-0.000665514
35:15.1,-0.0006564
35:16.1,-0.000653865
35:17.1,-0.000665588
35:18.1,-0.000669336
35:19.1,-0.000675393
35:20.1,-0.000671832
35:21.1,-0.000673227
35:22.1,-0.00067856
35:23.1,-0.000677128
35:24.1,-0.00066956
35:25.1,-0.000661009
35:26.1,-0.000664273
35:27.1,-0.000669068
35:28.1,-0.000664044
35:29.1,-0.000668386
35:30.1,-0.000674677
35:31.1,-0.000680441
35:32.1,-0.000670464
35:33.1,-0.000663244
35:34.1,-0.000670422
35:35.1,-0.000664949
35:36.1,-0.000671485
35:37.1,-0.000666355
35:38.1,-0.000671686
35:39.1,-0.000673147
35:40.1,-0.00067705
35:41.1,-0.000664167
35:42.1,-0.000665598
35:43.1,-0.000665132
35:44.1,-0.000668328
35:45.1,-0.000663391
35:46.1,-0.000660645
35:47.1,-0.000655148
35:48.1,-0.000647867
35:49.1,-0.000666977
35:50.1,-0.000672968
35:51.1,-0.000682765
35:52.1,-0.000685885
35:53.0,-0.000681254
35:54.0,-0.000671013
35:55.0,-0.000681805
35:56.0,-0.000677977
35:57.0,-0.00067053
35:58.0,-0.000662608
35:59.0,-0.000664174
36:00.0,-0.000661104
36:01.0,-0.00065602
36:02.0,-0.000649205
36:03.0,-0.000666861
36:04.0,-0.000669883
36:05.0,-0.000664515
36:06.0,-0.000667093
36:07.0,-0.000659972
36:08.0,-0.000661706
36:09.0,-0.000663122
36:10.0,-0.000662337
36:11.0,-0.000663358
36:12.0,-0.000668063
36:13.0,-0.000672702
36:14.0,-0.000670999
36:15.0,-0.000672851
36:16.0,-0.000674463
36:17.0,-0.000673796
36:18.0,-0.000668128
36:19.0,-0.000664037
36:20.0,-0.000660113
36:21.0,-0.000657582
36:22.0,-0.000658683
36:23.0,-0.000655513
36:24.0,-0.000664028
36:25.0,-0.000671672
36:26.0,-0.000665914
36:27.0,-0.000665241
36:28.0,-0.000656811
36:29.0,-0.000659645
36:30.0,-0.000671795
36:31.0,-0.000669073
36:32.0,-0.000664973
36:33.0,-0.000669987
36:34.0,-0.000662921
36:35.0,-0.000664815
36:36.0,-0.000668614
36:37.0,-0.00066
36:38.0,-0.000650438
36:39.0,-0.000662092
36:40.0,-0.000665
36:41.0,-0.000674563
36:42.0,-0.000678502
36:43.0,-0.000667601
36:44.0,-0.000670233
36:45.0,-0.000670571
36:46.0,-0.000681131
36:47.0,-0.000668516
36:48.0,-0.000665876
36:49.0,-0.000661011
36:50.0,-0.00065923
36:51.0,-0.000661749
36:52.0,-0.000662273
36:53.0,-0.000659603
36:54.0,-0.000661312
36:54.9,0
36:55.9,-0.000115205
36:56.9,-9.36E-05
36:57.9,-9.88E-05
36:58.9,-0.0001076
36:59.9,-0.00011486
37:00.9,-0.000118975
37:01.9,-0.000120989
37:02.9,-0.000127637
37:03.9,-0.000119917
37:04.9,-0.000113603
37:05.9,-0.000113401
37:06.9,-0.000112255
37:07.9,-9.86E-05
37:08.9,-9.37E-05
37:09.9,-0.0001092
37:10.9,-0.000118271
37:11.9,-0.000117722
37:12.9,-0.000122973
37:13.9,-0.000121756
37:14.9,-0.000113485
37:15.9,-0.000110539
37:16.9,-0.000112901
37:17.9,-0.000108144
37:18.9,-0.000116192
37:19.9,-0.000122539
37:20.9,-0.000118189
37:21.9,-0.000110807
37:22.9,-0.000107169
37:23.9,-0.00010628
37:24.9,-0.000110754
37:25.9,-0.000105908
37:26.9,-9.94E-05
37:27.9,-0.000109875
37:28.9,-0.000118682
37:29.9,-0.00012204
37:30.9,-0.000122507
37:31.9,-0.000110321
37:32.9,-0.00010427
37:33.9,-0.000113191
37:34.9,-0.000118627
37:35.9,-0.000116368
37:36.9,-0.000113341
37:37.9,-0.000115924
37:38.9,-0.000113165
37:39.9,-0.000116829
37:40.9,-0.000115952
37:41.9,-0.000103065
37:42.9,-0.000102158
37:43.9,-0.000109224
37:44.9,-0.00011804
37:45.9,-0.000114157
37:46.9,-0.000109464
37:47.9,-0.000110779
37:48.9,-0.000112522
37:49.9,-0.000119801
37:50.9,-0.000125151
37:51.9,-0.000115121
37:52.9,-0.000103509
37:53.9,-9.97E-05
37:54.9,-0.000105861
37:55.8,-0.000100806
37:56.8,-0.000106565
37:57.8,-0.000112938
37:58.8,-0.000116729
37:59.8,-0.00012993
38:00.8,-0.000125889
38:01.8,-0.000118057
38:02.8,-0.000115566
38:03.8,-0.000110946
38:04.8,-0.000117107
38:05.8,-0.000119146
38:06.8,-0.000106892
38:07.8,-0.000106876
38:08.8,-0.000110985
38:09.8,-0.000116572
38:10.8,-0.000114166
38:11.8,-0.00011572
38:12.8,-0.000119847
38:13.8,-0.000122886
38:14.8,-0.000111854
38:15.8,-0.000113088
38:16.8,-0.000118645
38:17.8,-0.000116774
38:18.8,-0.000113635
38:19.8,-0.000117692
38:20.8,-0.000114336
38:21.8,-0.000106737
38:22.8,-0.000112274
38:23.8,-0.000121863
38:24.8,-0.000117603
38:25.8,-0.000109625
38:26.8,-0.000109679
38:27.8,-0.000104975
38:28.8,-0.000111379
38:29.8,-0.000121202
38:30.8,-0.000120871
38:31.8,-0.000115847
38:32.8,-0.000117282
38:33.8,-0.000119667
38:34.8,-0.000114436
38:35.8,-0.000122447
38:36.8,-0.000115058
38:37.8,-0.000109382
38:38.8,-0.000103423
38:39.8,-0.000116259
38:40.8,-0.00011982
38:41.8,-0.000111632
38:42.8,-0.000116726
38:43.8,-0.000118604
38:44.8,-0.000118515
38:45.8,-0.000119601
38:46.8,-0.000128922
38:47.8,-0.000126751
38:48.8,-0.000129213
38:49.8,-0.000114454
38:50.8,-0.000104869
38:51.8,-0.000102263
38:52.8,-9.76E-05
38:53.8,-0.00011014
38:54.8,-0.000114999
38:55.8,-0.000110561
38:56.7,-0.00010982
38:57.7,-0.00012303
38:58.7,-0.000129737
38:59.7,-0.000122191
39:00.7,-0.000116701
39:01.7,-0.000119557
39:02.7,-0.000128187
39:03.7,-0.000124799
39:04.7,-0.000121315
39:05.7,-0.000118019
39:06.7,-0.000113187
39:07.7,-0.000104919
39:08.7,-0.00010467
39:09.7,-0.000111376
39:10.7,-0.000125098
39:11.7,-0.000139607
39:12.7,-0.00012832
39:13.7,-0.000134094
39:14.7,-0.000122516
39:15.7,-0.000107886
39:16.7,-0.000113064
39:17.7,-0.000121573
39:18.7,-0.000125327
39:19.7,-0.00013243
39:20.7,-0.000131694
39:21.7,-0.000124699
39:22.7,-0.000111874
39:23.7,-0.000117601
39:24.7,-0.0001208
39:25.7,-0.000112213
39:26.7,-0.000108491
39:27.7,-0.000120369
39:28.7,-0.000126466
39:29.7,-0.000123665
39:30.7,-0.00012129
39:31.7,-0.00012663
39:32.7,-0.000124349
39:33.7,-0.000121386
39:34.7,-0.000116572
39:35.7,-0.00012864
39:36.7,-0.000123589
39:37.7,-0.000122723
39:38.7,-0.000120096
39:39.7,-0.000121609
39:40.7,-0.000111868
39:41.7,-0.000116953
39:42.7,-0.000115719
39:43.7,-0.000117944
39:44.7,-0.000123452
39:45.7,-0.000127889
39:46.7,-0.000126668
39:47.7,-0.000113056
39:48.7,-0.000110289
39:49.7,-0.00010905
39:50.7,-0.000116428
39:51.7,-0.000125128
39:52.7,-0.000128369
39:53.7,-0.000125367
39:54.7,-0.000122424
39:55.7,-0.000119928
39:56.7,-0.000105491
39:57.6,-9.84E-05
39:58.6,-0.000114245
39:59.6,-0.000120157
40:00.6,-0.000125697
40:01.6,-0.000132094
40:02.6,-0.000130106
40:03.6,-0.000124031
40:04.6,-0.00011928
40:05.6,-0.00011186
40:06.6,-0.00011815
40:07.6,-0.000121331
40:08.6,-0.000129042
40:09.6,-0.000117514
40:10.6,-0.000114135
40:11.6,-0.000117591
40:12.6,-0.000119596
40:13.6,-0.000121104
40:14.6,-0.000123253
40:15.6,-0.000116831
40:16.6,-0.00011694
40:17.6,-0.000123558
40:18.6,-0.000124466
40:19.6,-0.000112485
40:20.6,-0.000116935
40:21.6,-0.000129484
40:22.6,-0.000115685
40:23.6,-0.000116463
40:24.6,-0.000116696
40:25.6,-0.000115006
40:26.6,-0.000111178
40:27.6,-0.000120946
40:28.6,-0.000126845
40:29.6,-0.000126389
40:30.6,-0.000116429
40:31.6,-0.000113266
40:32.6,-0.00011806
40:33.6,-0.000121691
40:34.6,-0.000122223
40:35.6,-0.000125122
40:36.6,-0.00013092
40:37.6,-0.000125476
40:38.6,-0.000113325
40:39.6,-0.00011341
40:40.6,-0.000112588
40:41.6,-0.000115399
40:42.6,-0.00011059
40:43.6,-0.000121521
40:44.6,-0.00012146
40:45.6,-0.000114125
40:46.6,-0.000116833
40:47.6,-0.000120924
40:48.6,-0.000127967
40:49.6,-0.00012027
40:50.6,-0.000110653
40:51.6,-0.000118904
40:52.6,-0.000124178
40:53.6,-0.000116036
40:54.6,-0.000119867
40:55.6,-0.000112685
40:56.6,-0.000110756
40:57.6,-0.000116338
40:58.5,-0.000109056
40:59.5,-0.000104176
41:00.5,-0.000115725
41:01.5,-0.000124723
41:02.5,-0.000130985
41:03.5,-0.000135055
41:04.5,-0.000127724
41:05.5,-0.000116252
41:06.5,-0.000120299
41:07.5,-0.000117096
41:08.5,-0.000113247
41:09.5,-0.000107548
41:10.5,-0.000112863
41:11.5,-0.000124086
41:12.5,-0.000124033
41:13.5,-0.000124151
41:14.5,-0.000120171
41:15.5,-0.000120926
41:16.5,-0.000120611
41:17.5,-0.00012008
41:18.5,-0.000125809
41:19.5,-0.000118494
41:20.5,-0.000112577
41:21.5,-0.000113984
41:22.5,-0.000114917
41:23.5,-0.000117826
41:24.5,-0.000118814
41:25.5,-0.000124396
41:26.5,-0.000124996
41:27.5,-0.000114439
41:28.5,-0.000114915
41:29.5,-0.000121494
41:30.5,-0.000129713
41:31.5,-0.000118919
41:32.5,-0.00011092
41:33.5,-0.000107352
41:34.5,-0.000113379
41:35.5,-0.000115924
41:36.5,-0.000120482
41:37.5,-0.000120503
41:38.5,-0.000118424
41:39.5,-0.000114171
41:40.5,-0.000112373
41:41.5,-0.000118963
41:42.5,-0.000127628
41:43.5,-0.000120478
41:44.5,-0.00011485
41:45.5,-0.000114199
41:46.5,-0.000108003
41:47.5,-0.00011997
41:48.5,-0.000123974
41:49.5,-0.000118731
41:50.5,-0.000113095
41:51.5,-0.000109107
41:52.5,-0.000124719
41:53.5,-0.000133536
41:54.5,-0.000117971
41:55.5,-0.000114728
41:56.5,-0.000128456
41:57.5,-0.000134501
41:58.5,-0.000124266
41:59.4,-0.00010892
42:00.4,-0.000108944
42:01.4,-0.000111053
42:02.4,-0.000117254
42:03.4,-0.000114573
42:04.4,-0.000114506
42:05.4,-0.000108147
42:06.4,-0.000111667
42:07.4,-0.00011877
42:08.4,-0.000119591
42:09.4,-0.000123032
42:10.4,-0.000123518
42:11.4,-0.000120713
42:12.4,-0.000118883
42:13.4,-0.000117369
42:14.4,-0.000116623
42:15.4,-0.000109095
42:16.4,-0.000112049
42:17.4,-0.000116965
42:18.4,-0.000115617
42:19.4,-0.000115835
42:20.4,-0.000119111
42:21.4,-0.000121265
42:22.4,-0.000122518
42:23.4,-0.000127443
42:24.4,-0.000121629
42:25.4,-0.000121535
42:26.4,-0.000116426
42:27.4,-0.000112403
42:28.4,-0.000111785
42:29.4,-0.0001172
42:30.4,-0.000127788
42:31.4,-0.000127949
42:32.4,-0.000114524
42:33.4,-0.00010944
42:34.4,-0.000119345
42:35.4,-0.000119518
42:36.4,-0.000114483
42:37.4,-0.000122313
42:38.4,-0.000130706
42:39.4,-0.000115161
42:40.4,-0.000122442
42:41.4,-0.000113621
42:42.4,-0.000110827
42:43.4,-0.000112336
42:44.4,-0.000109656
42:45.4,-0.000113311
42:46.4,-0.00011372
42:47.4,-0.000119297
42:48.4,-0.000123617
42:49.4,-0.000124541
42:50.4,-0.000118148
42:51.4,-0.000112381
42:52.4,-0.000118807
42:53.4,-0.000120483
42:54.4,-0.000122308
42:55.4,-0.000123031
42:56.4,-0.000124326
42:57.4,-0.000130395
42:58.4,-0.000127944
42:59.4,-0.000119327
43:00.3,-0.000111086
43:01.3,-0.000107159
43:02.3,-0.000107489
43:03.3,-0.000112575
43:04.3,-0.000118958
43:05.3,-0.000134051
43:06.3,-0.000133287
43:07.3,-0.000123908
43:08.3,-0.000126588
43:09.3,-0.000121041
43:10.3,-0.000108699
43:11.3,-0.000102451
43:12.3,-0.000104753
43:13.3,-0.000111047
43:14.3,-0.000117327
43:15.3,-0.000119227
43:16.3,-0.00012349
43:17.3,-0.00012072
43:18.3,-0.000119988
43:19.3,-0.000114548
43:20.3,-0.00010286
43:21.3,-0.000112751
43:22.3,-0.000124745
43:23.3,-0.000123415
43:24.3,-0.000122497
43:25.3,-0.000120895
43:26.3,-0.000118892
43:27.3,-0.000122544
43:28.3,-0.000115916
43:29.3,-0.000121326
43:30.3,-0.000121069
43:31.3,-0.000115694
43:32.3,-0.000111374
43:33.3,-0.000117115
43:34.3,-0.000116819
43:35.3,-0.000106895
43:36.3,-0.000114171
43:37.3,-0.000116696
43:38.3,-0.000115163
43:39.3,-0.000116442
43:40.3,-0.000122684
43:41.3,-0.000129116
43:42.3,-0.000125897
43:43.3,-0.000120845
43:44.3,-0.000113058
43:45.3,-0.000117787
43:46.3,-0.000124365
43:47.3,-0.000123735
43:48.3,-0.000124425
43:49.3,-0.000107439
43:50.3,-0.000111399
43:51.3,-0.000117225
43:52.3,-0.000116851
43:53.3,-0.000124364
43:54.3,-0.000122748
43:55.3,-0.000118863
43:56.3,-0.000122418
43:57.3,-0.000121436
43:58.3,-0.000129696
43:59.3,-0.000120943
44:00.3,-0.000123495
44:01.2,-0.000115828
44:02.2,-0.000110292
44:03.2,-0.000120876
44:04.2,-0.000120916
44:05.2,-0.000121043
44:06.2,-0.000121865
44:07.2,-0.000122045
44:08.2,-0.000120198
44:09.2,-0.000122911
44:10.2,-0.000115213
44:11.2,-0.000109716
44:12.2,-0.000128783
44:13.2,-0.000125387
44:14.2,-0.000122814
44:15.2,-0.000122992
44:16.2,-0.00012317
44:17.2,-0.000114156
44:18.2,-0.000119814
44:19.2,-0.000128228
44:20.2,-0.000127912
44:21.2,-0.000119996
44:22.2,-0.000113711
44:23.2,-0.000110651
44:24.2,-0.000123471
44:25.2,-0.000111631
44:26.2,-0.00010895
44:27.2,-0.000117767
44:28.2,-0.000115887
44:29.2,-0.00012147
44:30.2,-0.000127816
44:31.2,-0.00012994
44:32.2,-0.000124912
44:33.2,-0.000122498
44:34.2,-0.000122046
44:35.2,-0.000126228
44:36.2,-0.000123846
44:37.2,-0.000125004
44:38.2,-0.000128427
44:39.2,-0.0001224
44:40.2,-0.000114325
44:41.2,-0.000106627
44:42.2,-0.000114356
44:43.2,-0.000122922
44:44.2,-0.000121111
44:45.2,-0.000119703
44:46.2,-0.000119755
44:47.2,-0.000116795
44:48.2,-0.000112948
44:49.2,-0.000116122
44:50.2,-0.000126385
44:51.2,-0.000125874
44:52.2,-0.000126919
44:53.2,-0.000123672
44:54.2,-0.000123783
44:55.2,-0.000131221
44:56.2,-0.000120978
44:57.2,-0.000120199
44:58.2,-0.000123706
44:59.2,-0.000121833
45:00.2,-0.000114848
45:01.2,-0.000117573
45:02.1,-0.000122747
45:03.1,-0.000126998
45:04.1,-0.000126835
45:05.1,-0.000131511
45:06.1,-0.000135431
45:07.1,-0.000131358
45:08.1,-0.000127614
45:09.1,-0.000116382
45:10.1,-0.000112306
45:11.1,-0.000115922
45:12.1,-0.000113534
45:13.1,-0.000119908
45:14.1,-0.000123037
45:15.1,-0.000118913
45:16.1,-0.000116086
45:17.1,-0.000118623
45:18.1,-0.000122013
45:19.1,-0.000118846
45:20.1,-0.000116574
45:21.1,-0.000128575
45:22.1,-0.000135129
45:23.1,-0.00012983
45:24.1,-0.000121206
45:25.1,-0.000125207
45:26.1,-0.000125851
45:27.1,-0.000130103
45:28.1,-0.000111172
45:29.1,-0.000110017
45:30.1,-0.000117686
45:31.1,-0.000127638
45:32.1,-0.000127678
45:33.1,-0.000130831
45:34.1,-0.000125192
45:35.1,-0.000127452
45:36.1,-0.00012707
45:37.1,-0.000126084
45:38.1,-0.000127071
45:39.1,-0.000120438
45:40.1,-0.000112033
45:41.1,-0.000122561
45:42.1,-0.000117883
45:43.1,-0.000123827
45:44.1,-0.000123039
45:45.1,-0.000123184
45:46.1,-0.000120984
45:47.1,-0.000111977
45:48.1,-0.000106752
45:49.1,-0.000118707
45:50.1,-0.000129151
45:51.1,-0.000132871
45:52.1,-0.000128106
45:53.1,-0.000133637
45:54.1,-0.000124275
45:55.1,-0.000121135
45:56.1,-0.000121296
45:57.1,-0.000122762
45:58.1,-0.000123527
45:59.1,-0.000123619
46:00.1,-0.000116959
46:01.1,-0.000113097
46:02.1,-0.000118163
46:03.1,-0.000118047
46:04.0,-0.000119961
46:05.0,-0.000122411
46:06.0,-0.000122092
46:07.0,-0.000116406
46:08.0,-0.000118206
46:09.0,-0.000109883
46:10.0,-0.000115621
46:11.0,-0.000125205
46:12.0,-0.000127258
46:13.0,-0.000125863
46:14.0,-0.000114614
46:15.0,-0.000116792
46:16.0,-0.000126294
46:17.0,-0.000126224
46:18.0,-0.000124592
46:19.0,-0.000125637
46:20.0,-0.000122564
46:21.0,-0.000112571
46:22.0,-0.000110736
46:23.0,-0.000116563
46:24.0,-0.000121216
46:25.0,-0.000131352
46:26.0,-0.000123887
46:27.0,-0.000119434
46:28.0,-0.000127196
46:29.0,-0.000126963
46:30.0,-0.000117632
46:31.0,-0.000104743
46:32.0,-0.000112218
46:33.0,-0.000118128
46:34.0,-0.00011902
46:35.0,-0.000123487
46:36.0,-0.000120921
46:37.0,-0.000122497
46:38.0,-0.00011752
46:39.0,-0.000119179
46:40.0,-0.000111826
46:41.0,-0.000117889
46:42.0,-0.000123843
46:43.0,-0.000123615
46:44.0,-0.000121235
46:45.0,-0.000116706
46:46.0,-0.0001119
46:47.0,-0.000114429
46:48.0,-0.000113108
46:49.0,-0.000115702
46:50.0,-0.000125993
46:51.0,-0.000127942
46:52.0,-0.000125872
46:53.0,-0.000126125
46:54.0,-0.000121824
46:55.0,0
46:56.0,-0.000213742
46:57.0,-0.000182895
46:58.0,-0.000193565
46:59.0,-0.000200056
47:00.0,-0.000196502
47:01.0,-0.000196593
47:02.0,-0.000201604
47:03.0,-0.000203078
47:04.0,-0.000201918
47:04.9,-0.000197868
47:05.9,-0.000199868
47:06.9,-0.000194516
47:07.9,-0.000193047
47:08.9,-0.000196869
47:09.9,-0.000204719
47:10.9,-0.000198987
47:11.9,-0.000193917
47:12.9,-0.000194669
47:13.9,-0.000197641
47:14.9,-0.000197614
47:15.9,-0.000198827
47:16.9,-0.000197628
47:17.9,-0.000201037
47:18.9,-0.000200794
47:19.9,-0.000193443
47:20.9,-0.000192537
47:21.9,-0.000194671
47:22.9,-0.000190079
47:23.9,-0.00020057
47:24.9,-0.000201892
47:25.9,-0.000199431
47:26.9,-0.000198834
47:27.9,-0.000185304
47:28.9,-0.000189519
47:29.9,-0.000203626
47:30.9,-0.00020509
47:31.9,-0.000201315
47:32.9,-0.000198597
47:33.9,-0.000193542
47:34.9,-0.000194457
47:35.9,-0.000202786
47:36.9,-0.000197474
47:37.9,-0.000198661
47:38.9,-0.000201006
47:39.9,-0.00019948
47:40.9,-0.000195485
47:41.9,-0.000193547
47:42.9,-0.000194626
47:43.9,-0.000192822
47:44.9,-0.000195453
47:45.9,-0.000183745
47:46.9,-0.000184154
47:47.9,-0.000198538
47:48.9,-0.000207823
47:49.9,-0.000207087
47:50.9,-0.000201454
47:51.9,-0.000198485
47:52.9,-0.000202219
47:53.9,-0.000192563
47:54.9,-0.000199138
47:55.9,-0.000201016
47:56.9,-0.000200506
47:57.9,-0.000191354
47:58.9,-0.000193366
47:59.9,-0.000199083
48:00.9,-0.000203803
48:01.9,-0.000195235
48:02.9,-0.000191827
48:03.9,-0.000193823
48:04.9,-0.000192605
48:05.8,-0.000194008
48:06.8,-0.000205034
48:07.8,-0.000197709
48:08.8,-0.000191842
48:09.8,-0.000194187
48:10.8,-0.000182003
48:11.8,-0.00019212
48:12.8,-0.000205978
48:13.8,-0.000208936
48:14.8,-0.000196133
48:15.8,-0.000187465
48:16.8,-0.000193683
48:17.8,-0.000193325
48:18.8,-0.000196043
48:19.8,-0.000209365
48:20.8,-0.000208349
48:21.8,-0.00018957
48:22.8,-0.000197216
48:23.8,-0.000196022
48:24.8,-0.00019539
48:25.8,-0.000189752
48:26.8,-0.000190686
48:27.8,-0.000187451
48:28.8,-0.000195255
48:29.8,-0.000203653
48:30.8,-0.000195977
48:31.8,-0.000204905
48:32.8,-0.000205152
48:33.8,-0.000196748
48:34.8,-0.00019498
48:35.8,-0.000192737
48:36.8,-0.00020385
48:37.8,-0.00020527
48:38.8,-0.00020281
48:39.8,-0.000198521
48:40.8,-0.000194134
48:41.8,-0.000193966
48:42.8,-0.000191467
48:43.8,-0.000191472
48:44.8,-0.000193246
48:45.8,-0.000195366
48:46.8,-0.000182307
48:47.8,-0.000186467
48:48.8,-0.000191643
48:49.8,-0.000197829
48:50.8,-0.000206224
48:51.8,-0.000207373
48:52.8,-0.000201106
48:53.8,-0.000202579
48:54.8,-0.000196937
48:55.8,-0.000187119
48:56.8,-0.000192805
48:57.8,-0.000193531
48:58.8,-0.000193566
48:59.8,-0.000193759
49:00.8,-0.000199261
49:01.8,-0.000204739
49:02.8,-0.00020484
49:03.8,-0.00020238
49:04.8,-0.000194274
49:05.8,-0.000195224
49:06.7,-0.000197193
49:07.7,-0.000204628
49:08.7,-0.000204387
49:09.7,-0.000194215
49:10.7,-0.000189758
49:11.7,-0.000197024
49:12.7,-0.000196616
49:13.7,-0.000193841
49:14.7,-0.000198427
49:15.7,-0.00020638
49:16.7,-0.000202628
49:17.7,-0.000194107
49:18.7,-0.000187459
49:19.7,-0.000190172
49:20.7,-0.00019597
49:21.7,-0.000199872
49:22.7,-0.000201116
49:23.7,-0.000193844
49:24.7,-0.000197965
49:25.7,-0.000207689
49:26.7,-0.000204284
49:27.7,-0.000197548
49:28.7,-0.000188991
49:29.7,-0.000194067
49:30.7,-0.000188741
49:31.7,-0.000193772
49:32.7,-0.000198489
49:33.7,-0.000196433
49:34.7,-0.000195993
49:35.7,-0.000193683
49:36.7,-0.000184445
49:37.7,-0.000191093
49:38.7,-0.000193125
49:39.7,-0.000196057
49:40.7,-0.000202705
49:41.7,-0.000203668
49:42.7,-0.000205241
49:43.7,-0.000204428
49:44.7,-0.00019641
49:45.7,-0.000211534
49:46.7,-0.00020306
49:47.7,-0.00019704
49:48.7,-0.000192518
49:49.7,-0.000187836
49:50.7,-0.000196298
49:51.7,-0.000187827
49:52.7,-0.000190184
49:53.7,-0.000200532
49:54.7,-0.000206545
49:55.7,-0.000205391
49:56.7,-0.000193926
49:57.7,-0.000203993
49:58.7,-0.000201189
49:59.7,-0.000202526
50:00.7,-0.000203781
50:01.7,-0.000198363
50:02.7,-0.000192378
50:03.7,-0.000199756
50:04.7,-0.000199833
50:05.7,-0.000198457
50:06.7,-0.000193168
50:07.6,-0.000196493
50:08.6,-0.000199497
50:09.6,-0.000201439
50:10.6,-0.000210425
50:11.6,-0.000205196
50:12.6,-0.000206475
50:13.6,-0.000198754
50:14.6,-0.000202523
50:15.6,-0.000208209
50:16.6,-0.000207302
50:17.6,-0.000205677
50:18.6,-0.0002025
50:19.6,-0.000207306
50:20.6,-0.000199841
50:21.6,-0.000190622
50:22.6,-0.000189948
50:23.6,-0.000195309
50:24.6,-0.00019628
50:25.6,-0.000184509
50:26.6,-0.000197009
50:27.6,-0.000205806
50:28.6,-0.000210567
50:29.6,-0.000213867
50:30.6,-0.000216167
50:31.6,-0.000205558
50:32.6,-0.000190953
50:33.6,-0.000188439
50:34.6,-0.000197962
50:35.6,-0.000202998
50:36.6,-0.000197555
50:37.6,-0.000195801
50:38.6,-0.00019836
50:39.6,-0.000206264
50:40.6,-0.000202444
50:41.6,-0.000205748
50:42.6,-0.000201002
50:43.6,-0.000196661
50:44.6,-0.000201847
50:45.6,-0.000201586
50:46.6,-0.000195052
50:47.6,-0.000200631
50:48.6,-0.000210667
50:49.6,-0.000206176
50:50.6,-0.000193637
50:51.6,-0.000194873
50:52.6,-0.000198551
50:53.6,-0.000202484
50:54.6,-0.000205027
50:55.6,-0.000211577
50:56.6,-0.000217216
50:57.6,-0.000200744
50:58.6,-0.000197564
50:59.6,-0.000197284
51:00.6,-0.000200107
51:01.6,-0.000188275
51:02.6,-0.000190555
51:03.6,-0.00019469
51:04.6,-0.000195373
51:05.6,-0.000197128
51:06.6,-0.000194337
51:07.6,-0.000193507
51:08.5,-0.000188932
51:09.5,-0.000192255
51:10.5,-0.000192098
51:11.5,-0.000206818
51:12.5,-0.000217258
51:13.5,-0.000216529
51:14.5,-0.000202404
51:15.5,-0.000201779
51:16.5,-0.000195041
51:17.5,-0.000196062
51:18.5,-0.000209901
51:19.5,-0.000203256
51:20.5,-0.00020079
51:21.5,-0.000196706
51:22.5,-0.000199927
51:23.5,-0.000197215
51:24.5,-0.000199612
51:25.5,-0.000199294
51:26.5,-0.000196834
51:27.5,-0.000191347
51:28.5,-0.000195479
51:29.5,-0.000206101
51:30.5,-0.000204542
51:31.5,-0.000202563
51:32.5,-0.000200686
51:33.5,-0.000201212
51:34.5,-0.000198027
51:35.5,-0.000196598
51:36.5,-0.000199084
51:37.5,-0.000196721
51:38.5,-0.000197544
51:39.5,-0.000199336
51:40.5,-0.000199905
51:41.5,-0.000201023
51:42.5,-0.000202294
51:43.5,-0.000204312
51:44.5,-0.000200583
51:45.5,-0.000207201
51:46.5,-0.00020785
51:47.5,-0.000209648
51:48.5,-0.000206042
51:49.5,-0.000188377
51:50.5,-0.000191202
51:51.5,-0.000201141
51:52.5,-0.000193988
51:53.5,-0.000195148
51:54.5,-0.000200704
51:55.5,-0.000211522
51:56.5,-0.000209205
51:57.5,-0.000200495
51:58.5,-0.000192915
51:59.5,-0.000200466
52:00.5,-0.000189594
52:01.5,-0.000190918
52:02.5,-0.00019645
52:03.5,-0.000205965
52:04.5,-0.000200141
52:05.5,-0.000197488
52:06.5,-0.000193991
52:07.5,-0.000201646
52:08.5,-0.000202321
52:09.4,-0.000205867
52:10.4,-0.000200054
52:11.4,-0.000196002
52:12.4,-0.000194042
52:13.4,-0.000209134
52:14.4,-0.000198744
52:15.4,-0.000206894
52:16.4,-0.000208376
52:17.4,-0.000210111
52:18.4,-0.000209723
52:19.4,-0.000194619
52:20.4,-0.000188576
52:21.4,-0.000192695
52:22.4,-0.000201713
52:23.4,-0.000193493
52:24.4,-0.000195702
52:25.4,-0.000201819
52:26.4,-0.000195301
52:27.4,-0.000196428
52:28.4,-0.000216695
52:29.4,-0.000202803
52:30.4,-0.000197057
52:31.4,-0.000202414
52:32.4,-0.000193402
52:33.4,-0.000195489
52:34.4,-0.00020217
52:35.4,-0.000192852
52:36.4,-0.000198946
52:37.4,-0.000212313
52:38.4,-0.000209379
52:39.4,-0.000209359
52:40.4,-0.000195288
52:41.4,-0.000193464
52:42.4,-0.000193484
52:43.4,-0.000195341
52:44.4,-0.000198413
52:45.4,-0.000202325
52:46.4,-0.000202871
52:47.4,-0.000200715
52:48.4,-0.000192894
52:49.4,-0.000195822
52:50.4,-0.00019752
52:51.4,-0.000202563
52:52.4,-0.000203198
52:53.4,-0.00020454
52:54.4,-0.000205724
52:55.4,-0.000206757
52:56.4,-0.000204314
52:57.4,-0.000197334
52:58.4,-0.000192916
52:59.4,-0.000194232
53:00.4,-0.000198907
53:01.4,-0.000202513
53:02.4,-0.000204792
53:03.4,-0.000206234
53:04.4,-0.00020131
53:05.4,-0.000202081
53:06.4,-0.000208858
53:07.4,-0.000207511
53:08.4,-0.000200096
53:09.4,-0.000195286
53:10.3,-0.000198519
53:11.3,-0.000200235
53:12.3,-0.000197817
53:13.3,-0.000202596
53:14.3,-0.000202187
53:15.3,-0.000215079
53:16.3,-0.000214525
53:17.3,-0.000208769
53:18.3,-0.000197307
53:19.3,-0.000188153
53:20.3,-0.000191625
53:21.3,-0.000199846
53:22.3,-0.000197803
53:23.3,-0.000197409
53:24.3,-0.000201483
53:25.3,-0.00020661
53:26.3,-0.000206274
53:27.3,-0.000202828
53:28.3,-0.000197009
53:29.3,-0.000200698
53:30.3,-0.000194177
53:31.3,-0.000194686
53:32.3,-0.000206354
53:33.3,-0.00019897
53:34.3,-0.000206835
53:35.3,-0.000211391
53:36.3,-0.00020551
53:37.3,-0.000203727
53:38.3,-0.000192217
53:39.3,-0.000192105
53:40.3,-0.000200172
53:41.3,-0.000201707
53:42.3,-0.000207307
53:43.3,-0.000196967
53:44.3,-0.000197224
53:45.3,-0.000200827
53:46.3,-0.000205405
53:47.3,-0.000203373
53:48.3,-0.00020013
53:49.3,-0.000193981
53:50.3,-0.000194898
53:51.3,-0.000200171
53:52.3,-0.000209272
53:53.3,-0.000204991
53:54.3,-0.000202833
53:55.3,-0.000200988
53:56.3,-0.000200347
53:57.3,-0.000200086
53:58.3,-0.000204389
53:59.3,-0.000207341
54:00.3,-0.000196549
54:01.3,-0.000195718
54:02.3,-0.00020609
54:03.3,-0.000216059
54:04.3,-0.000207956
54:05.3,-0.000207984
54:06.3,-0.000207342
54:07.3,-0.000203796
54:08.3,-0.000198946
54:09.3,-0.000209377
54:10.3,-0.000207635
54:11.3,-0.000201073
54:12.2,-0.000190741
54:13.2,-0.000202951
54:14.2,-0.000197706
54:15.2,-0.000190411
54:16.2,-0.000195095
54:17.2,-0.00019872
54:18.2,-0.000199102
54:19.2,-0.000200425
54:20.2,-0.00021626
54:21.2,-0.000218483
54:22.2,-0.000213354
54:23.2,-0.000205585
54:24.2,-0.000200217
54:25.2,-0.000204003
54:26.2,-0.000213814
54:27.2,-0.00020703
54:28.2,-0.000204497
54:29.2,-0.000193916
54:30.2,-0.000197761
54:31.2,-0.000197913
54:32.2,-0.000204848
54:33.2,-0.000207682
54:34.2,-0.000204663
54:35.2,-0.000208627
54:36.2,-0.000212305
54:37.2,-0.000207218
54:38.2,-0.000200384
54:39.2,-0.000197657
54:40.2,-0.00019473
54:41.2,-0.000204739
54:42.2,-0.000206274
54:43.2,-0.000198215
54:44.2,-0.000199531
54:45.2,-0.000195182
54:46.2,-0.000195476
54:47.2,-0.000199661
54:48.2,-0.000202222
54:49.2,-0.000214482
54:50.2,-0.000215144
54:51.2,-0.000209558
54:52.2,-0.000198111
54:53.2,-0.000201712
54:54.2,-0.000207501
54:55.2,-0.000208839
54:56.2,-0.000211934
54:57.2,-0.000220966
54:58.2,-0.000205966
54:59.2,-0.000205022
55:00.2,-0.000200684
55:01.2,-0.00020236
55:02.2,-0.000200633
55:03.2,-0.0002087
55:04.2,-0.000208247
55:05.2,-0.000212965
55:06.2,-0.000215953
55:07.2,-0.000214043
55:08.2,-0.000207154
55:09.2,-0.000205422
55:10.2,-0.000203166
55:11.2,-0.000202092
55:12.2,-0.00020079
55:13.1,-0.000201125
55:14.1,-0.000206281
55:15.1,-0.000205031
55:16.1,-0.000198933
55:17.1,-0.000201573
55:18.1,-0.000206692
55:19.1,-0.000208636
55:20.1,-0.000206025
55:21.1,-0.00020743
55:22.1,-0.000206573
55:23.1,-0.000218878
55:24.1,-0.000209838
55:25.1,-0.000209054
55:26.1,-0.000214686
55:27.1,-0.000209019
55:28.1,-0.000210902
55:29.1,-0.000210705
55:30.1,-0.000202822
55:31.1,-0.000201101
55:32.1,-0.000204251
55:33.1,-0.000200507
55:34.1,-0.00020586
55:35.1,-0.000200695
55:36.1,-0.000201416
55:37.1,-0.000200752
55:38.1,-0.000211792
55:39.1,-0.00021411
55:40.1,-0.000208976
55:41.1,-0.000208357
55:42.1,-0.000209099
55:43.1,-0.000208882
55:44.1,-0.000205271
55:45.1,-0.000199959
55:46.1,-0.000202271
55:47.1,-0.000203417
55:48.1,-0.000211144
55:49.1,-0.000209874
55:50.1,-0.000208625
55:51.1,-0.000213848
55:52.1,-0.000214585
55:53.1,-0.000203064
55:54.1,-0.000206778
55:55.1,-0.000211261
55:56.1,-0.000205844
55:57.1,-0.000201275
55:58.1,-0.000198197
55:59.1,-0.000199072
56:00.1,-0.000205406
56:01.1,-0.000212519
56:02.1,-0.000218438
56:03.1,-0.000218216
56:04.1,-0.000218098
56:05.1,-0.000223142
56:06.1,-0.00020968
56:07.1,-0.000204712
56:08.1,-0.000196762
56:09.1,-0.000197309
56:10.1,-0.000205671
56:11.1,-0.000209019
56:12.1,-0.000209482
56:13.1,-0.000212419
56:14.0,-0.00021032
56:15.0,-0.000207687
56:16.0,-0.000212239
56:17.0,-0.000212117
56:18.0,-0.000210508
56:19.0,-0.000211485
56:20.0,-0.000209511
56:21.0,-0.000206378
56:22.0,-0.000204533
56:23.0,-0.000204738
56:24.0,-0.000201704
56:25.0,-0.000202755
56:26.0,-0.000206967
56:27.0,-0.000213348
56:28.0,-0.000218188
56:29.0,-0.000216958
56:30.0,-0.000223193
56:31.0,-0.000210696
56:32.0,-0.000195205
56:33.0,-0.000195862
56:34.0,-0.000203313
56:35.0,-0.000203046
56:36.0,-0.000204745
56:37.0,-0.000212312
56:38.0,-0.000207523
56:39.0,-0.000200966
56:40.0,-0.000198763
56:41.0,-0.000211354
56:42.0,-0.000214067
56:43.0,-0.000220285
56:44.0,-0.00020913
56:45.0,-0.000197264
56:46.0,-0.00019772
56:47.0,-0.000206341
56:48.0,-0.000208122
56:49.0,-0.000207871
56:50.0,-0.00021698
56:51.0,-0.000215433
56:52.0,-0.000216176
56:53.0,-0.000213619
56:54.0,-0.000204521
56:55.0,0
56:56.0,-0.000550887
56:57.0,-0.000505958
56:58.0,-0.000504554
56:59.0,-0.00049744
57:00.0,-0.000493894
57:01.0,-0.000490112
57:02.0,-0.000490135
57:03.0,-0.000489083
57:04.0,-0.000497706
57:05.0,-0.000497176
57:06.0,-0.000496481
57:07.0,-0.000485857
57:08.0,-0.000494235
57:09.0,-0.000499497
57:10.0,-0.000509446
57:11.0,-0.000510791
57:12.0,-0.000501536
57:13.0,-0.000492705
57:14.0,-0.000489898
57:14.9,-0.000495625
57:15.9,-0.000487905
57:16.9,-0.000483801
57:17.9,-0.000482223
57:18.9,-0.000494173
57:19.9,-0.000499038
57:20.9,-0.000501062
57:21.9,-0.000510587
57:22.9,-0.000514366
57:23.9,-0.000505921
57:24.9,-0.000496834
57:25.9,-0.000495462
57:26.9,-0.000494172
57:27.9,-0.000485028
57:28.9,-0.000488437
57:29.9,-0.000490382
57:30.9,-0.000500528
57:31.9,-0.000504548
57:32.9,-0.000513792
57:33.9,-0.000509953
57:34.9,-0.000495632
57:35.9,-0.00048958
57:36.9,-0.000487055
57:37.9,-0.000484862
57:38.9,-0.000493542
57:39.9,-0.000503584
57:40.9,-0.000495644
57:41.9,-0.000498542
57:42.9,-0.000510573
57:43.9,-0.000515315
57:44.9,-0.000502018
57:45.9,-0.000507833
57:46.9,-0.000512223
57:47.9,-0.000503689
57:48.9,-0.000499843
57:49.9,-0.000492977
57:50.9,-0.00048594
57:51.9,-0.000486149
57:52.9,-0.000492058
57:53.9,-0.000494801
57:54.9,-0.000502393
57:55.9,-0.000499846
57:56.9,-0.000490974
57:57.9,-0.00050006
57:58.9,-0.000503113
57:59.9,-0.000504393
58:00.9,-0.000499348
58:01.9,-0.000498646
58:02.9,-0.000495295
58:03.9,-0.000494014
58:04.9,-0.00050468
58:05.9,-0.00050015
58:06.9,-0.000493693
58:07.9,-0.000492459
58:08.9,-0.000499002
58:09.9,-0.00049944
58:10.9,-0.000504502
58:11.9,-0.000501415
58:12.9,-0.000499663
58:13.9,-0.000497286
58:14.9,-0.000496782
58:15.8,-0.000498936
58:16.8,-0.000505652
58:17.8,-0.000505898
58:18.8,-0.000503779
58:19.8,-0.000505036
58:20.8,-0.000498942
58:21.8,-0.000487394
58:22.8,-0.000484898
58:23.8,-0.000499375
58:24.8,-0.000500377
58:25.8,-0.000488405
58:26.8,-0.000485497
58:27.8,-0.000481629
58:28.8,-0.000492023
58:29.8,-0.000506704
58:30.8,-0.000514834
58:31.8,-0.000509142
58:32.8,-0.000505594
58:33.8,-0.000502746
58:34.8,-0.000501384
58:35.8,-0.000501222
58:36.8,-0.000500618
58:37.8,-0.000507434
58:38.8,-0.000507799
58:39.8,-0.000499052
58:40.8,-0.000497146
58:41.8,-0.000493652
58:42.8,-0.000488939
58:43.8,-0.000492501
58:44.8,-0.000499614
58:45.8,-0.000495743
58:46.8,-0.000507199
58:47.8,-0.000506078
58:48.8,-0.000509058
58:49.8,-0.000499825
58:50.8,-0.000495153
58:51.8,-0.000488473
58:52.8,-0.000490551
58:53.8,-0.000497479
58:54.8,-0.000497914
58:55.8,-0.000491368
58:56.8,-0.000498078
58:57.8,-0.000502856
58:58.8,-0.000500617
58:59.8,-0.000502557
59:00.8,-0.000496676
59:01.8,-0.00049435
59:02.8,-0.000503003
59:03.8,-0.000505619
59:04.8,-0.000500033
59:05.8,-0.000501361
59:06.8,-0.000507191
59:07.8,-0.00050792
59:08.8,-0.000495886
59:09.8,-0.00048857
59:10.8,-0.000489795
59:11.8,-0.000501273
59:12.8,-0.000500222
59:13.8,-0.000503644
59:14.8,-0.000495549
59:15.8,-0.000494781
59:16.7,-0.000498765
59:17.7,-0.000493883
59:18.7,-0.000495727
59:19.7,-0.000497868
59:20.7,-0.000499025
59:21.7,-0.000508301
59:22.7,-0.000507557
59:23.7,-0.000503952
59:24.7,-0.000503262
59:25.7,-0.000516142
59:26.7,-0.000510564
59:27.7,-0.000506342
59:28.7,-0.000505589
59:29.7,-0.000512006
59:30.7,-0.000493591
59:31.7,-0.000478633
59:32.7,-0.00047869
59:33.7,-0.00048925
59:34.7,-0.000498502
59:35.7,-0.000496231
59:36.7,-0.000496544
59:37.7,-0.000497422
59:38.7,-0.000498867
59:39.7,-0.000501175
59:40.7,-0.000504609
59:41.7,-0.000499897
59:42.7,-0.000502008
59:43.7,-0.000498655
59:44.7,-0.000494268
59:45.7,-0.000493128
59:46.7,-0.000500013
59:47.7,-0.000497799
59:48.7,-0.000499017
59:49.7,-0.000507021
59:50.7,-0.000504222
59:51.7,-0.000495201
59:52.7,-0.000497038
59:53.7,-0.000504366
59:54.7,-0.000502257
59:55.7,-0.000511455
59:56.7,-0.000503805
59:57.7,-0.00050758
59:58.7,-0.000501887
59:59.7,-0.000499116
00:00.7,-0.000496748
00:01.7,-0.000501148
00:02.7,-0.000497707
00:03.7,-0.000495843
00:04.7,-0.000497047
00:05.7,-0.000497418
00:06.7,-0.000489647
00:07.7,-0.000483029
00:08.7,-0.000496361
00:09.7,-0.000509917
00:10.7,-0.000512544
00:11.7,-0.000507874
00:12.7,-0.000510702
00:13.7,-0.000505344
00:14.7,-0.000503382
00:15.7,-0.000504272
00:16.7,-0.000491811
00:17.6,-0.000488316
00:18.6,-0.000489378
00:19.6,-0.000496951
00:20.6,-0.000501191
00:21.6,-0.000510208
00:22.6,-0.000514291
00:23.6,-0.000511532
00:24.6,-0.000506798
00:25.6,-0.00049916
00:26.6,-0.000500629
00:27.6,-0.000500725
00:28.6,-0.000500476
00:29.6,-0.000498775
00:30.6,-0.000502837
00:31.6,-0.000494803
00:32.6,-0.000500997
00:33.6,-0.000509815
00:34.6,-0.000503884
00:35.6,-0.000503737
00:36.6,-0.000507608
00:37.6,-0.000510059
00:38.6,-0.000506825
00:39.6,-0.00050289
00:40.6,-0.000503164
00:41.6,-0.000493992
00:42.6,-0.000490799
00:43.6,-0.000495113
00:44.6,-0.000498011
00:45.6,-0.000496116
00:46.6,-0.00049844
00:47.6,-0.000505443
00:48.6,-0.000500075
00:49.6,-0.000509149
00:50.6,-0.0005068
00:51.6,-0.000498599
00:52.6,-0.000502908
00:53.6,-0.000497103
00:54.6,-0.00050065
00:55.6,-0.000498625
00:56.6,-0.000504047
00:57.6,-0.00051189
00:58.6,-0.000503505
00:59.6,-0.000500685
01:00.6,-0.000500121
01:01.6,-0.000500607
01:02.6,-0.000492044
01:03.6,-0.000492061
01:04.6,-0.000496177
01:05.6,-0.000499838
01:06.6,-0.000503116
01:07.6,-0.00049418
01:08.6,-0.00048817
01:09.6,-0.000501498
01:10.6,-0.000504508
01:11.6,-0.000508351
01:12.6,-0.000512708
01:13.6,-0.000495457
01:14.6,-0.000495642
01:15.6,-0.000502436
01:16.6,-0.000493128
01:17.6,-0.00048874
01:18.5,-0.000495138
01:19.5,-0.000504701
01:20.5,-0.000502799
01:21.5,-0.000507009
01:22.5,-0.000510978
01:23.5,-0.000500313
01:24.5,-0.000498001
01:25.5,-0.000511556
01:26.5,-0.000506691
01:27.5,-0.000508243
01:28.5,-0.000509872
01:29.5,-0.000493102
01:30.5,-0.000493354
01:31.5,-0.000495231
01:32.5,-0.000491583
01:33.5,-0.000493638
01:34.5,-0.000494716
01:35.5,-0.000493801
01:36.5,-0.000494983
01:37.5,-0.000499121
01:38.5,-0.000507145
01:39.5,-0.000500693
01:40.5,-0.000499734
01:41.5,-0.000497407
01:42.5,-0.000506993
01:43.5,-0.00050595
01:44.5,-0.00049992
01:45.5,-0.000497521
01:46.5,-0.000496152
01:47.5,-0.000507403
01:48.5,-0.000513013
01:49.5,-0.000507203
01:50.5,-0.000501034
01:51.5,-0.000491461
01:52.5,-0.000490081
01:53.5,-0.000497689
01:54.5,-0.000497866
01:55.5,-0.000495832
01:56.5,-0.000501544
01:57.5,-0.000498669
01:58.5,-0.000500089
01:59.5,-0.000503012
02:00.5,-0.000497696
02:01.5,-0.000503654
02:02.5,-0.000506647
02:03.5,-0.000496894
02:04.5,-0.000498249
02:05.5,-0.00049388
02:06.5,-0.000492967
02:07.5,-0.00049839
02:08.5,-0.000498205
02:09.5,-0.00049891
02:10.5,-0.000500296
02:11.5,-0.000500983
02:12.5,-0.000507865
02:13.5,-0.00050876
02:14.5,-0.000504763
02:15.5,-0.000499811
02:16.5,-0.000502083
02:17.5,-0.000501587
02:18.5,-0.000495851
02:19.4,-0.000491286
02:20.4,-0.000493608
02:21.4,-0.000496759
02:22.4,-0.000507137
02:23.4,-0.000508532
02:24.4,-0.000500608
02:25.4,-0.000485465
02:26.4,-0.00048704
02:27.4,-0.000493778
02:28.4,-0.00049995
02:29.4,-0.000495426
02:30.4,-0.000503148
02:31.4,-0.000506837
02:32.4,-0.000512392
02:33.4,-0.000516364
02:34.4,-0.000505523
02:35.4,-0.000500667
02:36.4,-0.000497249
02:37.4,-0.000498653
02:38.4,-0.000497774
02:39.4,-0.000504046
02:40.4,-0.000507695
02:41.4,-0.000497915
02:42.4,-0.000496165
02:43.4,-0.000499356
02:44.4,-0.000502032
02:45.4,-0.00050275
02:46.4,-0.000496731
02:47.4,-0.000491533
02:48.4,-0.000498685
02:49.4,-0.000500015
02:50.4,-0.000496166
02:51.4,-0.000508544
02:52.4,-0.000510615
02:53.4,-0.000499094
02:54.4,-0.000494713
02:55.4,-0.000488956
02:56.4,-0.000490198
02:57.4,-0.000490763
02:58.4,-0.000501939
02:59.4,-0.000509539
03:00.4,-0.000510405
03:01.4,-0.000507114
03:02.4,-0.000506216
03:03.4,-0.000506718
03:04.4,-0.000504124
03:05.4,-0.000502589
03:06.4,-0.000504625
03:07.4,-0.000497846
03:08.4,-0.000506009
03:09.4,-0.000500956
03:10.4,-0.000508378
03:11.4,-0.000500783
03:12.4,-0.000501826
03:13.4,-0.000486308
03:14.4,-0.000496484
03:15.4,-0.000505748
03:16.4,-0.000501956
03:17.4,-0.000497438
03:18.4,-0.000509615
03:19.4,-0.000513191
03:20.4,-0.000497573
03:21.3,-0.000492772
03:22.3,-0.000492213
03:23.3,-0.000500209
03:24.3,-0.000497624
03:25.3,-0.000500142
03:26.3,-0.000499784
03:27.3,-0.000493599
03:28.3,-0.000500157
03:29.3,-0.000504098
03:30.3,-0.000500764
03:31.3,-0.00050221
03:32.3,-0.000500946
03:33.3,-0.000506853
03:34.3,-0.000503447
03:35.3,-0.000504555
03:36.3,-0.000504174
03:37.3,-0.000504901
03:38.3,-0.00049979
03:39.3,-0.000493458
03:40.3,-0.00049228
03:41.3,-0.000503175
03:42.3,-0.000501622
03:43.3,-0.000501606
03:44.3,-0.000500503
03:45.3,-0.000491641
03:46.3,-0.000505418
03:47.3,-0.000504511
03:48.3,-0.000487693
03:49.3,-0.000499114
03:50.3,-0.000508952
03:51.3,-0.000503826
03:52.3,-0.000508113
03:53.3,-0.000500208
03:54.3,-0.000505236
03:55.3,-0.000501596
03:56.3,-0.000489412
03:57.3,-0.000483639
03:58.3,-0.000494975
03:59.3,-0.00050838
04:00.3,-0.000507366
04:01.3,-0.000517546
04:02.3,-0.000518572
04:03.3,-0.00051195
04:04.3,-0.000501598
04:05.3,-0.00049988
04:06.3,-0.000502265
04:07.3,-0.000499436
04:08.3,-0.000500406
04:09.3,-0.000510976
04:10.3,-0.000503101
04:11.3,-0.000503004
04:12.3,-0.000503237
04:13.3,-0.000509483
04:14.3,-0.000506322
04:15.3,-0.000491755
04:16.3,-0.000499039
04:17.3,-0.000500519
04:18.3,-0.000510195
04:19.3,-0.000510534
04:20.3,-0.00050766
04:21.3,-0.000507552
04:22.2,-0.000508222
04:23.2,-0.000497512
04:24.2,-0.000503647
04:25.2,-0.000509979
04:26.2,-0.000508168
04:27.2,-0.000507812
04:28.2,-0.000500873
04:29.2,-0.000504755
04:30.2,-0.00049824
04:31.2,-0.000502247
04:32.2,-0.000500007
04:33.2,-0.000500423
04:34.2,-0.000498155
04:35.2,-0.000496356
04:36.2,-0.000495365
04:37.2,-0.000488957
04:38.2,-0.000502204
04:39.2,-0.000502526
04:40.2,-0.000511622
04:41.2,-0.000521542
04:42.2,-0.000510908
04:43.2,-0.000503865
04:44.2,-0.000507783
04:45.2,-0.000507286
04:46.2,-0.000509215
04:47.2,-0.000505093
04:48.2,-0.00049804
04:49.2,-0.000492588
04:50.2,-0.000505181
04:51.2,-0.000505772
04:52.2,-0.000506081
04:53.2,-0.000502178
04:54.2,-0.000502347
04:55.2,-0.000502681
04:56.2,-0.000506857
04:57.2,-0.000505251
04:58.2,-0.000506527
04:59.2,-0.000510253
05:00.2,-0.000508002
05:01.2,-0.000513866
05:02.2,-0.000507207
05:03.2,-0.000506431
05:04.2,-0.000511803
05:05.2,-0.000517736
05:06.2,-0.000514521
05:07.2,-0.000504349
05:08.2,-0.00049792
05:09.2,-0.000501776
05:10.2,-0.000502976
05:11.2,-0.000508554
05:12.2,-0.000505864
05:13.2,-0.00051337
05:14.2,-0.000506743
05:15.2,-0.000499461
05:16.2,-0.000498452
05:17.2,-0.000506534
05:18.2,-0.000520089
05:19.2,-0.000521697
05:20.2,-0.00051483
05:21.2,-0.000505802
05:22.2,-0.000501402
05:23.1,-0.000502084
05:24.1,-0.000504911
05:25.1,-0.000501501
05:26.1,-0.000512033
05:27.1,-0.000513622
05:28.1,-0.000511404
05:29.1,-0.000496691
05:30.1,-0.000498386
05:31.1,-0.000510875
05:32.1,-0.000516858
05:33.1,-0.000510319
05:34.1,-0.000505537
05:35.1,-0.000501395
05:36.1,-0.000505949
05:37.1,-0.000508801
05:38.1,-0.000511179
05:39.1,-0.000512912
05:40.1,-0.000503675
05:41.1,-0.000502541
05:42.1,-0.00050323
05:43.1,-0.000513765
05:44.1,-0.000511859
05:45.1,-0.00050295
05:46.1,-0.000501268
05:47.1,-0.000500804
05:48.1,-0.000513411
05:49.1,-0.000512267
05:50.1,-0.000514176
05:51.1,-0.000510941
05:52.1,-0.000503611
05:53.1,-0.000507069
05:54.1,-0.000506551
05:55.1,-0.000501776
05:56.1,-0.000515892
05:57.1,-0.000520083
05:58.1,-0.00051236
05:59.1,-0.000507779
06:00.1,-0.000509212
06:01.1,-0.000501512
06:02.1,-0.000499292
06:03.1,-0.000497347
06:04.1,-0.000503756
06:05.1,-0.000505317
06:06.1,-0.0005087
06:07.1,-0.000510738
06:08.1,-0.000504976
06:09.1,-0.000515441
06:10.1,-0.000520252
06:11.1,-0.000501344
06:12.1,-0.000497157
06:13.1,-0.000500847
06:14.1,-0.000505885
06:15.1,-0.000513496
06:16.1,-0.00050908
06:17.1,-0.000505684
06:18.1,-0.00051194
06:19.1,-0.000511219
06:20.1,-0.000506252
06:21.1,-0.000503516
06:22.1,-0.000496191
06:23.1,-0.000503812
06:24.0,-0.000509041
06:25.0,-0.000509171
06:26.0,-0.000502066
06:27.0,-0.000500091
06:28.0,-0.000506965
06:29.0,-0.000500358
06:30.0,-0.000516599
06:31.0,-0.000509438
06:32.0,-0.000509138
06:33.0,-0.000506018
06:34.0,-0.000506774
06:35.0,-0.000507533
06:36.0,-0.000503319
06:37.0,-0.000497835
06:38.0,-0.00050641
06:39.0,-0.000508223
06:40.0,-0.000505253
06:41.0,-0.00051655
06:42.0,-0.000512326
06:43.0,-0.000508113
06:44.0,-0.000503558
06:45.0,-0.000503535
06:46.0,-0.000505984
06:47.0,-0.000503901
06:48.0,-0.000510907
06:49.0,-0.000521185
06:50.0,-0.00051107
06:51.0,-0.000507587
06:52.0,-0.00049555
06:53.0,-0.000501924
06:54.0,-0.000511779
