Time(s),Ch110-112
0,0
1,0
2,0
3,0
4,0
5,0
6,0
7,0
8,0
9,0
10,0
11,0
12,0
13,0
14,0
15,0
16,0
17,0
18,0
19,0
20,0
21,0
22,0
23,0
24,0
25,0
26,0
27,0
28,0
29,0
30,0
31,0
32,0
33,0
34,0
35,0
36,0
37,0
38,0
39,0
40,0
41,0
42,0
43,0
44,0
45,0
46,0
47,0
48,0
49,0
50,0
51,0
52,0
53,0
54,0
55,0
56,0
57,0
58,0
59,0
60,0
61,0
62,0
63,0
64,0
65,0
66,0
67,0
68,0
69,0
70,0
71,0
72,0
73,0
74,0
75,0
76,0
77,0
78,0
79,0
80,0
81,0
82,0
83,0
84,0
85,0
86,0
87,0
88,0
89,0
90,0
91,0
92,0
93,0
94,0
95,0
96,0
97,0
98,0
99,0
100,0
101,0
102,0
103,0
104,0
105,0
106,0
107,0
108,0
109,0
110,0
111,0
112,0
113,0
114,0
115,0
116,0
117,0
118,0
119,0
120,0
121,0
122,0
123,0
124,0
125,0
126,0
127,0
128,0
129,0
130,0
131,0
132,0
133,0
134,0
135,0
136,0
137,0
138,0
139,0
140,0
141,0
142,0
143,0
144,0
145,0
146,0
147,0
148,0
149,0
150,0
151,0
152,0
153,0
154,0
155,0
156,0
157,0
158,0
159,0
160,0
161,0
162,0
163,0
164,0
165,0
166,0
167,0
168,0
169,0
170,0
171,0
172,0
173,0
174,0
175,0
176,0
177,0
178,0
179,0
180,0
181,0
182,0
183,0
184,0
185,0
186,0
187,0
188,0
189,0
190,0
191,0
192,0
193,0
194,0
195,0
196,0
197,0
198,0
199,0
200,0
201,0
202,0
203,0
204,0
205,0
206,0
207,0
208,0
209,0
210,0
211,0
212,0
213,0
214,0
215,0
216,0
217,0
218,0
219,0
220,0
221,0
222,0
223,0
224,0
225,0
226,0
227,0
228,0
229,0
230,0
231,0
232,0
233,0
234,0
235,0
236,0
237,0
238,0
239,0
240,0
241,0
242,0
243,0
244,0
245,0
246,0
247,0
248,0
249,0
250,0
251,0
252,0
253,0
254,0
255,0
256,0
257,0
258,0
259,0
260,0
261,0
262,0
263,0
264,0
265,0
266,0
267,0
268,0
269,0
270,0
271,0
272,0
273,0
274,0
275,0
276,0
277,0
278,0
279,0
280,0
281,0
282,0
283,0
284,0
285,0
286,0
287,0
288,0
289,0
290,0
291,0
292,0
293,0
294,0
295,0
296,0
297,0
298,0
299,0
300,0
301,0
302,0
303,0
304,0
305,0
306,0
307,0
308,0
309,0
310,0
311,0
312,0
313,0
314,0
315,0
316,0
317,0
318,0
319,0
320,0
321,0
322,0
323,0
324,0
325,0
326,0
327,0
328,0
329,0
330,0
331,0
332,0
333,0
334,0
335,0
336,0
337,0
338,0
339,0
340,0
341,0
342,0
343,0
344,0
345,0
346,0
347,0
348,0
349,0
350,0
351,0
352,0
353,0
354,0
355,0
356,0
357,0
358,0
359,0
360,0
361,0
362,0
363,0
364,0
365,0
366,0
367,0
368,0
369,0
370,0
371,0
372,0
373,0
374,0
375,0
376,0
377,0
378,0
379,0
380,0
381,0
382,0
383,0
384,0
385,0
386,0
387,0
388,0
389,0
390,0
391,0
392,0
393,0
394,0
395,0
396,0
397,0
398,0
399,0
400,0
401,0
402,0
403,0
404,0
405,0
406,0
407,0
408,0
409,0
410,0
411,0
412,0
413,0
414,0
415,0
416,0
417,0
418,0
419,0
420,0
421,0
422,0
423,0
424,0
425,0
426,0
427,0
428,0
429,0
430,0
431,0
432,0
433,0
434,0
435,0
436,0
437,0
438,0
439,0
440,0
441,0
442,0
443,0
444,0
445,0
446,0
447,0
448,0
449,0
450,0
451,0
452,0
453,0
454,0
455,0
456,0
457,0
458,0
459,0
460,0
461,0
462,0
463,0
464,0
465,0
466,0
467,0
468,0
469,0
470,0
471,0
472,0
473,0
474,0
475,0
476,0
477,0
478,0
479,0
480,0
481,0
482,0
483,0
484,0
485,0
486,0
487,0
488,0
489,0
490,0
491,0
492,0
493,0
494,0
495,0
496,0
497,0
498,0
499,0
500,0
501,0
502,0
503,0
504,0
505,0
506,0
507,0
508,0
509,0
510,0
511,0
512,0
513,0
514,0
515,0
516,0
517,0
518,0
519,0
520,0
521,0
522,0
523,0
524,0
525,0
526,0
527,0
528,0
529,0
530,0
531,0
532,0
533,0
534,0
535,0
536,0
537,0
538,0
539,0
540,0
541,0
542,0
543,0
544,0
545,0
546,0
547,0
548,0
549,0
550,0
551,0
552,0
553,0
554,0
555,0
556,0
557,0
558,0
559,0
560,0
561,0
562,0
563,0
564,0
565,0
566,0
567,0
568,0
569,0
570,0
571,0
572,0
573,0
574,0
575,0
576,0
577,0
578,0
579,0
580,0
581,0
582,0
583,0
584,0
585,0
586,0
587,0
588,0
589,0
590,0
591,0
592,0
593,0
594,0
595,0
596,0
597,0
598,0
599,0
600,0
601,0
602,0
603,0
604,0
605,0
606,0
607,0
608,0
609,0
610,0
611,0
612,0
613,0
614,0
615,0
616,0
617,0
618,0
619,0
620,0
621,0
622,0
623,0
624,0
625,0
626,0
627,0
628,0
629,0
630,0
631,0
632,0
633,0
634,0
635,0
636,0
637,0
638,0
639,0
640,0
641,0
642,0
643,0
644,0
645,0
646,0
647,0
648,0
649,0
650,0
651,0
652,0
653,0
654,0
655,0
656,0
657,0
658,0
659,0
660,0
661,0
662,0
663,0
664,0
665,0
666,0
667,0
668,0
669,0
670,0
671,0
672,0
673,0
674,0
675,0
676,0
677,0
678,0
679,0
680,0
681,0
682,0
683,0
684,0
685,0
686,0
687,0
688,0
689,0
690,0
691,0
692,0
693,0
694,0
695,0
696,0
697,0
698,0
699,0
700,0
701,0
702,0
703,0
704,0
705,0
706,0
707,0
708,0
709,0
710,0
711,0
712,0
713,0
714,0
715,0
716,0
717,0
718,0
719,0
720,0
721,0
722,0
723,0
724,0
725,0
726,0
727,0
728,0
729,0
730,0
731,0
732,0
733,0
734,0
735,0
736,0
737,0
738,0
739,0
740,0
741,0
742,0
743,0
744,0
745,0
746,0
747,0
748,0
749,0
750,0
751,0
752,0
753,0
754,0
755,0
756,0
757,0
758,0
759,0
760,0
761,0
762,0
763,0
764,0
765,0
766,0
767,0
768,0
769,0
770,0
771,0
772,0
773,0
774,0
775,0
776,0
777,0
778,0
779,0
780,0
781,0
782,0
783,0
784,0
785,0
786,0
787,0
788,0
789,0
790,0
791,0
792,0
793,0
794,0
795,0
796,0
797,0
798,0
799,0
800,0
801,0
802,0
803,0
804,0
805,0
806,0
807,0
808,0
809,0
810,0
811,0
812,0
813,0
814,0
815,0
816,0
817,0
818,0
819,0
820,0
821,0
822,0
823,0
824,0
825,0
826,0
827,0
828,0
829,0
830,0
831,0
832,0
833,0
834,0
835,0
836,0
837,0
838,0
839,0
840,0
841,0
842,0
843,0
844,0
845,0
846,0
847,0
848,0
849,0
850,0
851,0
852,0
853,0
854,0
855,0
856,0
857,0
858,0
859,0
860,0
861,0
862,0
863,0
864,0
865,0
866,0
867,0
868,0
869,0
870,0
871,0
872,0
873,0
874,0
875,0
876,0
877,0
878,0
879,0
880,0
881,0
882,0
883,0
884,0
885,0
886,0
887,0
888,0
889,0
890,0
891,0
892,0
893,0
894,0
895,0
896,0
897,0
898,0
899,0
900,0
901,0
902,0
903,0
904,0
905,0
906,0
907,0
908,0
909,0
910,0
911,0
912,0
913,0
914,0
915,0
916,0
917,0
918,0
919,0
920,0
921,0
922,0
923,0
924,0
925,0
926,0
927,0
928,0
929,0
930,0
931,0
932,0
933,0
934,0
935,0
936,0
937,0
938,0
939,0
940,0
941,0
942,0
943,0
944,0
945,0
946,0
947,0
948,0
949,0
950,0
951,0
952,0
953,0
954,0
955,0
956,0
957,0
958,0
959,0
960,0
961,0
962,0
963,0
964,0
965,0
966,0
967,0
968,0
969,0
970,0
971,0
972,0
973,0
974,0
975,0
976,0
977,0
978,0
979,0
980,0
981,0
982,0
983,0
984,0
985,0
986,0
987,0
988,0
989,0
990,0
991,0
992,0
993,0
994,0
995,0
996,0
997,0
998,0
999,0
1000,0
1001,0
1002,0
1003,0
1004,0
1005,0
1006,0
1007,0
1008,0
1009,0
1010,0
1011,0
1012,0
1013,0
1014,0
1015,0
1016,0
1017,0
1018,0
1019,0
1020,0
1021,0
1022,0
1023,0
1024,0
1025,0
1026,0
1027,0
1028,0
1029,0
1030,0
1031,0
1032,0
1033,0
1034,0
1035,0
1036,0
1037,0
1038,0
1039,0
1040,0
1041,0
1042,0
1043,0
1044,0
1045,0
1046,0
1047,0
1048,0
1049,0
1050,0
1051,0
1052,0
1053,0
1054,0
1055,0
1056,0
1057,0
1058,0
1059,0
1060,0
1061,0
1062,0
1063,0
1064,0
1065,0
1066,0
1067,0
1068,0
1069,0
1070,0
1071,0
1072,0
1073,0
1074,0
1075,0
1076,0
1077,0
1078,0
1079,0
1080,0
1081,0
1082,0
1083,0
1084,0
1085,0
1086,0
1087,0
1088,0
1089,0
1090,0
1091,0
1092,0
1093,0
1094,0
1095,0
1096,0
1097,0
1098,0
1099,0
1100,0
1101,0
1102,0
1103,0
1104,0
1105,0
1106,0
1107,0
1108,0
1109,0
1110,0
1111,0
1112,0
1113,0
1114,0
1115,0
1116,0
1117,0
1118,0
1119,0
1120,0
1121,0
1122,0
1123,0
1124,0
1125,0
1126,0
1127,0
1128,0
1129,0
1130,0
1131,0
1132,0
1133,0
1134,0
1135,0
1136,0
1137,0
1138,0
1139,0
1140,0
1141,0
1142,0
1143,0
1144,0
1145,0
1146,0
1147,0
1148,0
1149,0
1150,0
1151,0
1152,0
1153,0
1154,0
1155,0
1156,0
1157,0
1158,0
1159,0
1160,0
1161,0
1162,0
1163,0
1164,0
1165,0
1166,0
1167,0
1168,0
1169,0
1170,0
1171,0
1172,0
1173,0
1174,0
1175,0
1176,0
1177,0
1178,0
1179,0
1180,0
1181,0
1182,0
1183,0
1184,0
1185,0
1186,0
1187,0
1188,0
1189,0
1190,0
1191,0
1192,0
1193,0
1194,0
1195,0
1196,0
1197,0
1198,0
1199,0
1200,0
1201,0
1202,0
1203,0
1204,0
1205,0
1206,0
1207,0
1208,0
1209,0
1210,0
1211,0
1212,0
1213,0
1214,0
1215,0
1216,0
1217,0
1218,0
1219,0
1220,0
1221,0
1222,0
1223,0
1224,0
1225,0
1226,0
1227,0
1228,0
1229,0
1230,0
1231,0
1232,0
1233,0
1234,0
1235,0
1236,0
1237,0
1238,0
1239,0
1240,0
1241,0
1242,0
1243,0
1244,0
1245,0
1246,0
1247,0
1248,0
1249,0
1250,0
1251,0
1252,0
1253,0
1254,0
1255,0
1256,0
1257,0
1258,0
1259,0
1260,0
1261,0
1262,0
1263,0
1264,0
1265,0
1266,0
1267,0
1268,0
1269,0
1270,0
1271,0
1272,0
1273,0
1274,0
1275,0
1276,0
1277,0
1278,0
1279,0
1280,0
1281,0
1282,0
1283,0
1284,0
1285,0
1286,0
1287,0
1288,0
1289,0
1290,0
1291,0
1292,0
1293,0
1294,0
1295,0
1296,0
1297,0
1298,0
1299,0
1300,0
1301,0
1302,0
1303,0
1304,0
1305,0
1306,0
1307,0
1308,0
1309,0
1310,0
1311,0
1312,0
1313,0
1314,0
1315,0
1316,0
1317,0
1318,0
1319,0
1320,0
1321,0
1322,0
1323,0
1324,0
1325,0
1326,0
1327,0
1328,0
1329,0
1330,0
1331,0
1332,0
1333,0
1334,0
1335,0
1336,0
1337,0
1338,0
1339,0
1340,0
1341,0
1342,0
1343,0
1344,0
1345,0
1346,0
1347,0
1348,0
1349,0
1350,0
1351,0
1352,0
1353,0
1354,0
1355,0
1356,0
1357,0
1358,0
1359,0
1360,0
1361,0
1362,0
1363,0
1364,0
1365,0
1366,0
1367,0
1368,0
1369,0
1370,0
1371,0
1372,0
1373,0
1374,0
1375,0
1376,0
1377,0
1378,0
1379,0
1380,0
1381,0
1382,0
1383,0
1384,0
1385,0
1386,0
1387,0
1388,0
1389,0
1390,0
1391,0
1392,0
1393,0
1394,0
1395,0
1396,0
1397,0
1398,0
1399,0
1400,0
1401,0
1402,0
1403,0
1404,0
1405,0
1406,0
1407,0
1408,0
1409,0
1410,0
1411,0
1412,0
1413,0
1414,0
1415,0
1416,0
1417,0
1418,0
1419,0
1420,0
1421,0
1422,0
1423,0
1424,0
1425,0
1426,0
1427,0
1428,0
1429,0
1430,0
1431,0
1432,0
1433,0
1434,0
1435,0
1436,0
1437,0
1438,0
1439,0
1440,0
1441,0
1442,0
1443,0
1444,0
1445,0
1446,0
1447,0
1448,0
1449,0
1450,0
1451,0
1452,0
1453,0
1454,0
1455,0
1456,0
1457,0
1458,0
1459,0
1460,0
1461,0
1462,0
1463,0
1464,0
1465,0
1466,0
1467,0
1468,0
1469,0
1470,0
1471,0
1472,0
1473,0
1474,0
1475,0
1476,0
1477,0
1478,0
1479,0
1480,0
1481,0
1482,0
1483,0
1484,0
1485,0
1486,0
1487,0
1488,0
1489,0
1490,0
1491,0
1492,0
1493,0
1494,0
1495,0
1496,0
1497,0
1498,0
1499,0
1500,0
1501,0
1502,0
1503,0
1504,0
1505,0
1506,0
1507,0
1508,0
1509,0
1510,0
1511,0
1512,0
1513,0
1514,0
1515,0
1516,0
1517,0
1518,0
1519,0
1520,0
1521,0
1522,0
1523,0
1524,0
1525,0
1526,0
1527,0
1528,0
1529,0
1530,0
1531,0
1532,0
1533,0
1534,0
1535,0
1536,0
1537,0
1538,0
1539,0
1540,0
1541,0
1542,0
1543,0
1544,0
1545,0
1546,0
1547,0
1548,0
1549,0
1550,0
1551,0
1552,0
1553,0
1554,0
1555,0
1556,0
1557,0
1558,0
1559,0
1560,0
1561,0
1562,0
1563,0
1564,0
1565,0
1566,0
1567,0
1568,0
1569,0
1570,0
1571,0
1572,0
1573,0
1574,0
1575,0
1576,0
1577,0
1578,0
1579,0
1580,0
1581,0
1582,0
1583,0
1584,0
1585,0
1586,0
1587,0
1588,0
1589,0
1590,0
1591,0
1592,0
1593,0
1594,0
1595,0
1596,0
1597,0
1598,0
1599,0
1600,0
1601,0
1602,0
1603,0
1604,0
1605,0
1606,0
1607,0
1608,0
1609,0
1610,0
1611,0
1612,0
1613,0
1614,0
1615,0
1616,0
1617,0
1618,0
1619,0
1620,0
1621,0
1622,0
1623,0
1624,0
1625,0
1626,0
1627,0
1628,0
1629,0
1630,0
1631,0
1632,0
1633,0
1634,0
1635,0
1636,0
1637,0
1638,0
1639,0
1640,0
1641,0
1642,0
1643,0
1644,0
1645,0
1646,0
1647,0
1648,0
1649,0
1650,0
1651,0
1652,0
1653,0
1654,0
1655,0
1656,0
1657,0
1658,0
1659,0
1660,0
1661,0
1662,0
1663,0
1664,0
1665,0
1666,0
1667,0
1668,0
1669,0
1670,0
1671,0
1672,0
1673,0
1674,0
1675,0
1676,0
1677,0
1678,0
1679,0
1680,0
1681,0
1682,0
1683,0
1684,0
1685,0
1686,0
1687,0
1688,0
1689,0
1690,0
1691,0
1692,0
1693,0
1694,0
1695,0
1696,0
1697,0
1698,0
1699,0
1700,0
1701,0
1702,0
1703,0
1704,0
1705,0
1706,0
1707,0
1708,0
1709,0
1710,0
1711,0
1712,0
1713,0
1714,0
1715,0
1716,0
1717,0
1718,0
1719,0
1720,0
1721,0
1722,0
1723,0
1724,0
1725,0
1726,0
1727,0
1728,0
1729,0
1730,0
1731,0
1732,0
1733,0
1734,0
1735,0
1736,0
1737,0
1738,0
1739,0
1740,0
1741,0
1742,0
1743,0
1744,0
1745,0
1746,0
1747,0
1748,0
1749,0
1750,0
1751,0
1752,0
1753,0
1754,0
1755,0
1756,0
1757,0
1758,0
1759,0
1760,0
1761,0
1762,0
1763,0
1764,0
1765,0
1766,0
1767,0
1768,0
1769,0
1770,0
1771,0
1772,0
1773,0
1774,0
1775,0
1776,0
1777,0
1778,0
1779,0
1780,0
1781,0
1782,0
1783,0
1784,0
1785,0
1786,0
1787,0
1788,0
1789,0
1790,0
1791,0
1792,0
1793,0
1794,0
1795,0
1796,0
1797,0
1798,0
1799,0
1800,0
1801,0
1802,0
1803,0
1804,0
1805,0
1806,0
1807,0
1808,0
1809,0
1810,0
1811,0
1812,0
1813,0
1814,0
1815,0
1816,0
1817,0
1818,0
1819,0
1820,0
1821,0
1822,0
1823,0
1824,0
1825,0
1826,0
1827,0
1828,0
1829,0
1830,0
1831,0
1832,0
1833,0
1834,0
1835,0
1836,0
1837,0
1838,0
1839,0
1840,0
1841,0
1842,0
1843,0
1844,0
1845,0
1846,0
1847,0
1848,0
1849,0
1850,0
1851,0
1852,0
1853,0
1854,0
1855,0
1856,0
1857,0
1858,0
1859,0
1860,0
1861,0
1862,0
1863,0
1864,0
1865,0
1866,0
1867,0
1868,0
1869,0
1870,0
1871,0
1872,0
1873,0
1874,0
1875,0
1876,0
1877,0
1878,0
1879,0
1880,0
1881,0
1882,0
1883,0
1884,0
1885,0
1886,0
1887,0
1888,0
1889,0
1890,0
1891,0
1892,0
1893,0
1894,0
1895,0
1896,0
1897,0
1898,0
1899,0
1900,0
1901,0
1902,0
1903,0
1904,0
1905,0
1906,0
1907,0
1908,0
1909,0
1910,0
1911,0
1912,0
1913,0
1914,0
1915,0
1916,0
1917,0
1918,0
1919,0
1920,0
1921,0
1922,0
1923,0
1924,0
1925,0
1926,0
1927,0
1928,0
1929,0
1930,0
1931,0
1932,0
1933,0
1934,0
1935,0
1936,0
1937,0
1938,0
1939,0
1940,0
1941,0
1942,0
1943,0
1944,0
1945,0
1946,0
1947,0
1948,0
1949,0
1950,0
1951,0
1952,0
1953,0
1954,0
1955,0
1956,0
1957,0
1958,0
1959,0
1960,0
1961,0
1962,0
1963,0
1964,0
1965,0
1966,0
1967,0
1968,0
1969,0
1970,0
1971,0
1972,0
1973,0
1974,0
1975,0
1976,0
1977,0
1978,0
1979,0
1980,0
1981,0
1982,0
1983,0
1984,0
1985,0
1986,0
1987,0
1988,0
1989,0
1990,0
1991,0
1992,0
1993,0
1994,0
1995,0
1996,0
1997,0
1998,0
1999,0
2000,0
2001,0
2002,0
2003,0
2004,0
2005,0
2006,0
2007,0
2008,0
2009,0
2010,0
2011,0
2012,0
2013,0
2014,0
2015,0
2016,0
2017,0
2018,0
2019,0
2020,0
2021,0
2022,0
2023,0
2024,0
2025,0
2026,0
2027,0
2028,0
2029,0
2030,0
2031,0
2032,0
2033,0
2034,0
2035,0
2036,0
2037,0
2038,0
2039,0
2040,0
2041,0
2042,0
2043,0
2044,0
2045,0
2046,0
2047,0
2048,0
2049,0
2050,0
2051,0
2052,0
2053,0
2054,0
2055,0
2056,0
2057,0
2058,0
2059,0
2060,0
2061,0
2062,0
2063,0
2064,0
2065,0
2066,0
2067,0
2068,0
2069,0
2070,0
2071,0
2072,0
2073,0
2074,0
2075,0
2076,0
2077,0
2078,0
2079,0
2080,0
2081,0
2082,0
2083,0
2084,0
2085,0
2086,0
2087,0
2088,0
2089,0
2090,0
2091,0
2092,0
2093,0
2094,0
2095,0
2096,0
2097,0
2098,0
2099,0
2100,0
2101,0
2102,0
2103,0
2104,0
2105,0
2106,0
2107,0
2108,0
2109,0
2110,0
2111,0
2112,0
2113,0
2114,0
2115,0
2116,0
2117,0
2118,0
2119,0
2120,0
2121,0
2122,0
2123,0
2124,0
2125,0
2126,0
2127,0
2128,0
2129,0
2130,0
2131,0
2132,0
2133,0
2134,0
2135,0
2136,0
2137,0
2138,0
2139,0
2140,0
2141,0
2142,0
2143,0
2144,0
2145,0
2146,0
2147,0
2148,0
2149,0
2150,0
2151,0
2152,0
2153,0
2154,0
2155,0
2156,0
2157,0
2158,0
2159,0
2160,0
2161,0
2162,0
2163,0
2164,0
2165,0
2166,0
2167,0
2168,0
2169,0
2170,0
2171,0
2172,0
2173,0
2174,0
2175,0
2176,0
2177,0
2178,0
2179,0
2180,0
2181,0
2182,0
2183,0
2184,0
2185,0
2186,0
2187,0
2188,0
2189,0
2190,0
2191,0
2192,0
2193,0
2194,0
2195,0
2196,0
2197,0
2198,0
2199,0
2200,0
2201,0
2202,0
2203,0
2204,0
2205,0
2206,0
2207,0
2208,0
2209,0
2210,0
2211,0
2212,0
2213,0
2214,0
2215,0
2216,0
2217,0
2218,0
2219,0
2220,0
2221,0
2222,0
2223,0
2224,0
2225,0
2226,0
2227,0
2228,0
2229,0
2230,0
2231,0
2232,0
2233,0
2234,0
2235,0
2236,0
2237,0
2238,0
2239,0
2240,0
2241,0
2242,0
2243,0
2244,0
2245,0
2246,0
2247,0
2248,0
2249,0
2250,0
2251,0
2252,0
2253,0
2254,0
2255,0
2256,0
2257,0
2258,0
2259,0
2260,0
2261,0
2262,0
2263,0
2264,0
2265,0
2266,0
2267,0
2268,0
2269,0
2270,0
2271,0
2272,0
2273,0
2274,0
2275,0
2276,0
2277,0
2278,0
2279,0
2280,0
2281,0
2282,0
2283,0
2284,0
2285,0
2286,0
2287,0
2288,0
2289,0
2290,0
2291,0
2292,0
2293,0
2294,0
2295,0
2296,0
2297,0
2298,0
2299,0
2300,0
2301,0
2302,0
2303,0
2304,0
2305,0
2306,0
2307,0
2308,0
2309,0
2310,0
2311,0
2312,0
2313,0
2314,0
2315,0
2316,0
2317,0
2318,0
2319,0
2320,0
2321,0
2322,0
2323,0
2324,0
2325,0
2326,0
2327,0
2328,0
2329,0
2330,0
2331,0
2332,0
2333,0
2334,0
2335,0
2336,0
2337,0
2338,0
2339,0
2340,0
2341,0
2342,0
2343,0
2344,0
2345,0
2346,0
2347,0
2348,0
2349,0
2350,0
2351,0
2352,0
2353,0
2354,0
2355,0
2356,0
2357,0
2358,0
2359,0
2360,0
2361,0
2362,0
2363,0
2364,0
2365,0
2366,0
2367,0
2368,0
2369,0
2370,0
2371,0
2372,0
2373,0
2374,0
2375,0
2376,0
2377,0
2378,0
2379,0
2380,0
2381,0
2382,0
2383,0
2384,0
2385,0
2386,0
2387,0
2388,0
2389,0
2390,0
2391,0
2392,0
2393,0
2394,0
2395,0
2396,0
2397,0
2398,0
2399,0
2400,0
2401,0
2402,0
2403,0
2404,0
2405,0
2406,0
2407,0
2408,0
2409,0
2410,0
2411,0
2412,0
2413,0
2414,0
2415,0
2416,0
2417,0
2418,0
2419,0
2420,0
2421,0
2422,0
2423,0
2424,0
2425,0
2426,0
2427,0
2428,0
2429,0
2430,0
2431,0
2432,0
2433,0
2434,0
2435,0
2436,0
2437,0
2438,0
2439,0
2440,0
2441,0
2442,0
2443,0
2444,0
2445,0
2446,0
2447,0
2448,0
2449,0
2450,0
2451,0
2452,0
2453,0
2454,0
2455,0
2456,0
2457,0
2458,0
2459,0
2460,0
2461,0
2462,0
2463,0
2464,0
2465,0
2466,0
2467,0
2468,0
2469,0
2470,0
2471,0
2472,0
2473,0
2474,0
2475,0
2476,0
2477,0
2478,0
2479,0
2480,0
2481,0
2482,0
2483,0
2484,0
2485,0
2486,0
2487,0
2488,0
2489,0
2490,0
2491,0
2492,0
2493,0
2494,0
2495,0
2496,0
2497,0
2498,0
2499,0
2500,0
2501,0
2502,0
2503,0
2504,0
2505,0
2506,0
2507,0
2508,0
2509,0
2510,0
2511,0
2512,0
2513,0
2514,0
2515,0
2516,0
2517,0
2518,0
2519,0
2520,0
2521,0
2522,0
2523,0
2524,0
2525,0
2526,0
2527,0
2528,0
2529,0
2530,0
2531,0
2532,0
2533,0
2534,0
2535,0
2536,0
2537,0
2538,0
2539,0
2540,0
2541,0
2542,0
2543,0
2544,0
2545,0
2546,0
2547,0
2548,0
2549,0
2550,0
2551,0
2552,0
2553,0
2554,0
2555,0
2556,0
2557,0
2558,0
2559,0
2560,0
2561,0
2562,0
2563,0
2564,0
2565,0
2566,0
2567,0
2568,0
2569,0
2570,0
2571,0
2572,0
2573,0
2574,0
2575,0
2576,0
2577,0
2578,0
2579,0
2580,0
2581,0
2582,0
2583,0
2584,0
2585,0
2586,0
2587,0
2588,0
2589,0
2590,0
2591,0
2592,0
2593,0
2594,0
2595,0
2596,0
2597,0
2598,0
2599,0
2600,0
2601,0
2602,0
2603,0
2604,0
2605,0
2606,0
2607,0
2608,0
2609,0
2610,0
2611,0
2612,0
2613,0
2614,0
2615,0
2616,0
2617,0
2618,0
2619,0
2620,0
2621,0
2622,0
2623,0
2624,0
2625,0
2626,0
2627,0
2628,0
2629,0
2630,0
2631,0
2632,0
2633,0
2634,0
2635,0
2636,0
2637,0
2638,0
2639,0
2640,0
2641,0
2642,0
2643,0
2644,0
2645,0
2646,0
2647,0
2648,0
2649,0
2650,0
2651,0
2652,0
2653,0
2654,0
2655,0
2656,0
2657,0
2658,0
2659,0
2660,0
2661,0
2662,0
2663,0
2664,0
2665,0
2666,0
2667,0
2668,0
2669,0
2670,0
2671,0
2672,0
2673,0
2674,0
2675,0
2676,0
2677,0
2678,0
2679,0
2680,0
2681,0
2682,0
2683,0
2684,0
2685,0
2686,0
2687,0
2688,0
2689,0
2690,0
2691,0
2692,0
2693,0
2694,0
2695,0
2696,0
2697,0
2698,0
2699,0
2700,0
2701,0
2702,0
2703,0
2704,0
2705,0
2706,0
2707,0
2708,0
2709,0
2710,0
2711,0
2712,0
2713,0
2714,0
2715,0
2716,0
2717,0
2718,0
2719,0
2720,0
2721,0
2722,0
2723,0
2724,0
2725,0
2726,0
2727,0
2728,0
2729,0
2730,0
2731,0
2732,0
2733,0
2734,0
2735,0
2736,0
2737,0
2738,0
2739,0
2740,0
2741,0
2742,0
2743,0
2744,0
2745,0
2746,0
2747,0
2748,0
2749,0
2750,0
2751,0
2752,0
2753,0
2754,0
2755,0
2756,0
2757,0
2758,0
2759,0
2760,0
2761,0
2762,0
2763,0
2764,0
2765,0
2766,0
2767,0
2768,0
2769,0
2770,0
2771,0
2772,0
2773,0
2774,0
2775,0
2776,0
2777,0
2778,0
2779,0
2780,0
2781,0
2782,0
2783,0
2784,0
2785,0
2786,0
2787,0
2788,0
2789,0
2790,0
2791,0
2792,0
2793,0
2794,0
2795,0
2796,0
2797,0
2798,0
2799,0
2800,0
2801,0
2802,0
2803,0
2804,0
2805,0
2806,0
2807,0
2808,0
2809,0
2810,0
2811,0
2812,0
2813,0
2814,0
2815,0
2816,0
2817,0
2818,0
2819,0
2820,0
2821,0
2822,0
2823,0
2824,0
2825,0
2826,0
2827,0
2828,0
2829,0
2830,0
2831,0
2832,0
2833,0
2834,0
2835,0
2836,0
2837,0
2838,0
2839,0
2840,0
2841,0
2842,0
2843,0
2844,0
2845,0
2846,0
2847,0
2848,0
2849,0
2850,0
2851,0
2852,0
2853,0
2854,0
2855,0
2856,0
2857,0
2858,0
2859,0
2860,0
2861,0
2862,0
2863,0
2864,0
2865,0
2866,0
2867,0
2868,0
2869,0
2870,0
2871,0
2872,0
2873,0
2874,0
2875,0
2876,0
2877,0
2878,0
2879,0
2880,0
2881,0
2882,0
2883,0
2884,0
2885,0
2886,0
2887,0
2888,0
2889,0
2890,0
2891,0
2892,0
2893,0
2894,0
2895,0
2896,0
2897,0
2898,0
2899,0
2900,0
2901,0
2902,0
2903,0
2904,0
2905,0
2906,0
2907,0
2908,0
2909,0
2910,0
2911,0
2912,0
2913,0
2914,0
2915,0
2916,0
2917,0
2918,0
2919,0
2920,0
2921,0
2922,0
2923,0
2924,0
2925,0
2926,0
2927,0
2928,0
2929,0
2930,0
2931,0
2932,0
2933,0
2934,0
2935,0
2936,0
2937,0
2938,0
2939,0
2940,0
2941,0
2942,0
2943,0
2944,0
2945,0
2946,0
2947,0
2948,0
2949,0
2950,0
2951,0
2952,0
2953,0
2954,0
2955,0
2956,0
2957,0
2958,0
2959,0
2960,0
2961,0
2962,0
2963,0
2964,0
2965,0
2966,0
2967,0
2968,0
2969,0
2970,0
2971,0
2972,0
2973,0
2974,0
2975,0
2976,0
2977,0
2978,0
2979,0
2980,0
2981,0
2982,0
2983,0
2984,0
2985,0
2986,0
2987,0
2988,0
2989,0
2990,0
2991,0
2992,0
2993,0
2994,0
2995,0
2996,0
2997,0
2998,0
2999,0
3000,0
3001,0
3002,0
3003,0
3004,0
3005,0
3006,0
3007,0
3008,0
3009,0
3010,0
3011,0
3012,0
3013,0
3014,0
3015,0
3016,0
3017,0
3018,0
3019,0
3020,0
3021,0
3022,0
3023,0
3024,0
3025,0
3026,0
3027,0
3028,0
3029,0
3030,0
3031,0
3032,0
3033,0
3034,0
3035,0
3036,0
3037,0
3038,0
3039,0
3040,0
3041,0
3042,0
3043,0
3044,0
3045,0
3046,0
3047,0
3048,0
3049,0
3050,0
3051,0
3052,0
3053,0
3054,0
3055,0
3056,0
3057,0
3058,0
3059,0
3060,0
3061,0
3062,0
3063,0
3064,0
3065,0
3066,0
3067,0
3068,0
3069,0
3070,0
3071,0
3072,0
3073,0
3074,0
3075,0
3076,0
3077,0
3078,0
3079,0
3080,0
3081,0
3082,0
3083,0
3084,0
3085,0
3086,0
3087,0
3088,0
3089,0
3090,0
3091,0
3092,0
3093,0
3094,0
3095,0
3096,0
3097,0
3098,0
3099,0
3100,0
3101,0
3102,0
3103,0
3104,0
3105,0
3106,0
3107,0
3108,0
3109,0
3110,0
3111,0
3112,0
3113,0
3114,0
3115,0
3116,0
3117,0
3118,0
3119,0
3120,0
3121,0
3122,0
3123,0
3124,0
3125,0
3126,0
3127,0
3128,0
3129,0
3130,0
3131,0
3132,0
3133,0
3134,0
3135,0
3136,0
3137,0
3138,0
3139,0
3140,0
3141,0
3142,0
3143,0
3144,0
3145,0
3146,0
3147,0
3148,0
3149,0
3150,0
3151,0
3152,0
3153,0
3154,0
3155,0
3156,0
3157,0
3158,0
3159,0
3160,0
3161,0
3162,0
3163,0
3164,0
3165,0
3166,0
3167,0
3168,0
3169,0
3170,0
3171,0
3172,0
3173,0
3174,0
3175,0
3176,0
3177,0
3178,0
3179,0
3180,0
3181,0
3182,0
3183,0
3184,0
3185,0
3186,0
3187,0
3188,0
3189,0
3190,0
3191,0
3192,0
3193,0
3194,0
3195,0
3196,0
3197,0
3198,0
3199,0
3200,0
3201,0
3202,0
3203,0
3204,0
3205,0
3206,0
3207,0
3208,0
3209,0
3210,0
3211,0
3212,0
3213,0
3214,0
3215,0
3216,0
3217,0
3218,0
3219,0
3220,0
3221,0
3222,0
3223,0
3224,0
3225,0
3226,0
3227,0
3228,0
3229,0
3230,0
3231,0
3232,0
3233,0
3234,0
3235,0
3236,0
3237,0
3238,0
3239,0
3240,0
3241,0
3242,0
3243,0
3244,0
3245,0
3246,0
3247,0
3248,0
3249,0
3250,0
3251,0
3252,0
3253,0
3254,0
3255,0
3256,0
3257,0
3258,0
3259,0
3260,0
3261,0
3262,0
3263,0
3264,0
3265,0
3266,0
3267,0
3268,0
3269,0
3270,0
3271,0
3272,0
3273,0
3274,0
3275,0
3276,0
3277,0
3278,0
3279,0
3280,0
3281,0
3282,0
3283,0
3284,0
3285,0
3286,0
3287,0
3288,0
3289,0
3290,0
3291,0
3292,0
3293,0
3294,0
3295,0
3296,0
3297,0
3298,0
3299,0
3300,0
3301,0
3302,0
3303,0
3304,0
3305,0
3306,0
3307,0
3308,0
3309,0
3310,0
3311,0
3312,0
3313,0
3314,0
3315,0
3316,0
3317,0
3318,0
3319,0
3320,0
3321,0
3322,0
3323,0
3324,0
3325,0
3326,0
3327,0
3328,0
3329,0
3330,0
3331,0
3332,0
3333,0
3334,0
3335,0
3336,0
3337,0
3338,0
3339,0
3340,0
3341,0
3342,0
3343,0
3344,0
3345,0
3346,0
3347,0
3348,0
3349,0
3350,0
3351,0
3352,0
3353,0
3354,0
3355,0
3356,0
3357,0
3358,0
3359,0
3360,0
3361,0
3362,0
3363,0
3364,0
3365,0
3366,0
3367,0
3368,0
3369,0
3370,0
3371,0
3372,0
3373,0
3374,0
3375,0
3376,0
3377,0
3378,0
3379,0
3380,0
3381,0
3382,0
3383,0
3384,0
3385,0
3386,0
3387,0
3388,0
3389,0
3390,0
3391,0
3392,0
3393,0
3394,0
3395,0
3396,0
3397,0
3398,0
3399,0
3400,0
3401,0
3402,0
3403,0
3404,0
3405,0
3406,0
3407,0
3408,0
3409,0
3410,0
3411,0
3412,0
3413,0
3414,0
3415,0
3416,0
3417,0
3418,0
3419,0
3420,0
3421,0
3422,0
3423,0
3424,0
3425,0
3426,0
3427,0
3428,0
3429,0
3430,0
3431,0
3432,0
3433,0
3434,0
3435,0
3436,0
3437,0
3438,0
3439,0
3440,0
3441,0
3442,0
3443,0
3444,0
3445,0
3446,0
3447,0
3448,0
3449,0
3450,0
3451,0
3452,0
3453,0
3454,0
3455,0
3456,0
3457,0
3458,0
3459,0
3460,0
3461,0
3462,0
3463,0
3464,0
3465,0
3466,0
3467,0
3468,0
3469,0
3470,0
3471,0
3472,0
3473,0
3474,0
3475,0
3476,0
3477,0
3478,0
3479,0
3480,0
3481,0
3482,0
3483,0
3484,0
3485,0
3486,0
3487,0
3488,0
3489,0
3490,0
3491,0
3492,0
3493,0
3494,0
3495,0
3496,0
3497,0
3498,0
3499,0
3500,0
3501,0
3502,0
3503,0
3504,0
3505,0
3506,0
3507,0
3508,0
3509,0
3510,0
3511,0
3512,0
3513,0
3514,0
3515,0
3516,0
3517,0
3518,0
3519,0
3520,0
3521,0
3522,0
3523,0
3524,0
3525,0
3526,0
3527,0
3528,0
3529,0
3530,0
3531,0
3532,0
3533,0
3534,0
3535,0
3536,0
3537,0
3538,0
3539,0
3540,0
3541,0
3542,0
3543,0
3544,0
3545,0
3546,0
3547,0
3548,0
3549,0
3550,0
3551,0
3552,0
3553,0
3554,0
3555,0
3556,0
3557,0
3558,0
3559,0
3560,0
3561,0
3562,0
3563,0
3564,0
3565,0
3566,0
3567,0
3568,0
3569,0
3570,0
3571,0
3572,0
3573,0
3574,0
3575,0
3576,0
3577,0
3578,0
3579,0
3580,0
3581,0
3582,0
3583,0
3584,0
3585,0
3586,0
3587,0
3588,0
3589,0
3590,0
3591,0
3592,0
3593,0
3594,0
3595,0
3596,0
3597,0
3598,0
3599,0
3600,0
3601,0
3602,0
3603,0
3604,0
3605,0
3606,0
3607,0
3608,0
3609,0
3610,0
3611,0
3612,0
3613,0
3614,0
3615,0
3616,0
3617,0
3618,0
3619,0
3620,0
3621,0
3622,0
3623,0
3624,0
3625,0
3626,0
3627,0
3628,0
3629,0
3630,0
3631,0
3632,0
3633,0
3634,0
3635,0
3636,0
3637,0
3638,0
3639,0
3640,0
3641,0
3642,0
3643,0
3644,0
3645,0
3646,0
3647,0
3648,0
3649,0
3650,0
3651,0
3652,0
3653,0
3654,0
3655,0
3656,0
3657,0
3658,0
3659,0
3660,0
3661,0
3662,0
3663,0
3664,0
3665,0
3666,0
3667,0
3668,0
3669,0
3670,0
3671,0
3672,0
3673,0
3674,0
3675,0
3676,0
3677,0
3678,0
3679,0
3680,0
3681,0
3682,0
3683,0
3684,0
3685,0
3686,0
3687,0
3688,0
3689,0
3690,0
3691,0
3692,0
3693,0
3694,0
3695,0
3696,0
3697,0
3698,0
3699,0
3700,0
3701,0
3702,0
3703,0
3704,0
3705,0
3706,0
3707,0
3708,0
3709,0
3710,0
3711,0
3712,0
3713,0
3714,0
3715,0
3716,0
3717,0
3718,0
3719,0
3720,0
3721,0
3722,0
3723,0
3724,0
3725,0
3726,0
3727,0
3728,0
3729,0
3730,0
3731,0
3732,0
3733,0
3734,0
3735,0
3736,0
3737,0
3738,0
3739,0
3740,0
3741,0
3742,0
3743,0
3744,0
3745,0
3746,0
3747,0
3748,0
3749,0
3750,0
3751,0
3752,0
3753,0
3754,0
3755,0
3756,0
3757,0
3758,0
3759,0
3760,0
3761,0
3762,0
3763,0
3764,0
3765,0
3766,0
3767,0
3768,0
3769,0
3770,0
3771,0
3772,0
3773,0
3774,0
3775,0
3776,0
3777,0
3778,0
3779,0
3780,0
3781,0
3782,0
3783,0
3784,0
3785,0
3786,0
3787,0
3788,0
3789,0
3790,0
3791,0
3792,0
3793,0
3794,0
3795,0
3796,0
3797,0
3798,0
3799,0
3800,0
3801,0
3802,0
3803,0
3804,0
3805,0
3806,0
3807,0
3808,0
3809,0
3810,0
3811,0
3812,0
3813,0
3814,0
3815,0
3816,0
3817,0
3818,0
3819,0
3820,0
3821,0
3822,0
3823,0
3824,0
3825,0
3826,0
3827,0
3828,0
3829,0
3830,0
3831,0
3832,0
3833,0
3834,0
3835,0
3836,0
3837,0
3838,0
3839,0
3840,0
3841,0
3842,0
3843,0
3844,0
3845,0
3846,0
3847,0
3848,0
3849,0
3850,0
3851,0
3852,0
3853,0
3854,0
3855,0
3856,0
3857,0
3858,0
3859,0
3860,0
3861,0
3862,0
3863,0
3864,0
3865,0
3866,0
3867,0
3868,0
3869,0
3870,0
3871,0
3872,0
3873,0
3874,0
3875,0
3876,0
3877,0
3878,0
3879,0
3880,0
3881,0
3882,0
3883,0
3884,0
3885,0
3886,0
3887,0
3888,0
3889,0
3890,0
3891,0
3892,0
3893,0
3894,0
3895,0
3896,0
3897,0
3898,0
3899,0
3900,0
3901,0
3902,0
3903,0
3904,0
3905,0
3906,0
3907,0
3908,0
3909,0
3910,0
3911,0
3912,0
3913,0
3914,0
3915,0
3916,0
3917,0
3918,0
3919,0
3920,0
3921,0
3922,0
3923,0
3924,0
3925,0
3926,0
3927,0
3928,0
3929,0
3930,0
3931,0
3932,0
3933,0
3934,0
3935,0
3936,0
3937,0
3938,0
3939,0
3940,0
3941,0
3942,0
3943,0
3944,0
3945,0
3946,0
3947,0
3948,0
3949,0
3950,0
3951,0
3952,0
3953,0
3954,0
3955,0
3956,0
3957,0
3958,0
3959,0
3960,0
3961,0
3962,0
3963,0
3964,0
3965,0
3966,0
3967,0
3968,0
3969,0
3970,0
3971,0
3972,0
3973,0
3974,0
3975,0
3976,0
3977,0
3978,0
3979,0
3980,0
3981,0
3982,0
3983,0
3984,0
3985,0
3986,0
3987,0
3988,0
3989,0
3990,0
3991,0
3992,0
3993,0
3994,0
3995,0
3996,0
3997,0
3998,0
3999,0
4000,0
4001,0
4002,0
4003,0
4004,0
4005,0
4006,0
4007,0
4008,0
4009,0
4010,0
4011,0
4012,0
4013,0
4014,0
4015,0
4016,0
4017,0
4018,0
4019,0
4020,0
4021,0
4022,0
4023,0
4024,0
4025,0
4026,0
4027,0
4028,0
4029,0
4030,0
4031,0
4032,0
4033,0
4034,0
4035,0
4036,0
4037,0
4038,0
4039,0
4040,0
4041,0
4042,0
4043,0
4044,0
4045,0
4046,0
4047,0
4048,0
4049,0
4050,0
4051,0
4052,0
4053,0
4054,0
4055,0
4056,0
4057,0
4058,0
4059,0
4060,0
4061,0
4062,0
4063,0
4064,0
4065,0
4066,0
4067,0
4068,0
4069,0
4070,0
4071,0
4072,0
4073,0
4074,0
4075,0
4076,0
4077,0
4078,0
4079,0
4080,0
4081,0
4082,0
4083,0
4084,0
4085,0
4086,0
4087,0
4088,0
4089,0
4090,0
4091,0
4092,0
4093,0
4094,0
4095,0
4096,0
4097,0
4098,0
4099,0
4100,0
4101,0
4102,0
4103,0
4104,0
4105,0
4106,0
4107,0
4108,0
4109,0
4110,0
4111,0
4112,0
4113,0
4114,0
4115,0
4116,0
4117,0
4118,0
4119,0
4120,0
4121,0
4122,0
4123,0
4124,0
4125,0
4126,0
4127,0
4128,0
4129,0
4130,0
4131,0
4132,0
4133,0
4134,0
4135,0
4136,0
4137,0
4138,0
4139,0
4140,0
4141,0
4142,0
4143,0
4144,0
4145,0
4146,0
4147,0
4148,0
4149,0
4150,0
4151,0
4152,0
4153,0
4154,0
4155,0
4156,0
4157,0
4158,0
4159,0
4160,0
4161,0
4162,0
4163,0
4164,0
4165,0
4166,0
4167,0
4168,0
4169,0
4170,0
4171,0
4172,0
4173,0
4174,0
4175,0
4176,0
4177,0
4178,0
4179,0
4180,0
4181,0
4182,0
4183,0
4184,0
4185,0
4186,0
4187,0
4188,0
4189,0
4190,0
4191,0
4192,0
4193,0
4194,0
4195,0
4196,0
4197,0
4198,0
4199,0
4200,0
4201,0
4202,0
4203,0
4204,0
4205,0
4206,0
4207,0
4208,0
4209,0
4210,0
4211,0
4212,0
4213,0
4214,0
4215,0
4216,0
4217,0
4218,0
4219,0
4220,0
4221,0
4222,0
4223,0
4224,0
4225,0
4226,0
4227,0
4228,0
4229,0
4230,0
4231,0
4232,0
4233,0
4234,0
4235,0
4236,0
4237,0
4238,0
4239,0
4240,0
4241,0
4242,0
4243,0
4244,0
4245,0
4246,0
4247,0
4248,0
4249,0
4250,0
4251,0
4252,0
4253,0
4254,0
4255,0
4256,0
4257,0
4258,0
4259,0
4260,0
4261,0
4262,0
4263,0
4264,0
4265,0
4266,0
4267,0
4268,0
4269,0
4270,0
4271,0
4272,0
4273,0
4274,0
4275,0
4276,0
4277,0
4278,0
4279,0
4280,0
4281,0
4282,0
4283,0
4284,0
4285,0
4286,0
4287,0
4288,0
4289,0
4290,0
4291,0
4292,0
4293,0
4294,0
4295,0
4296,0
4297,0
4298,0
4299,0
4300,0
4301,0
4302,0
4303,0
4304,0
4305,0
4306,0
4307,0
4308,0
4309,0
4310,0
4311,0
4312,0
4313,0
4314,0
4315,0
4316,0
4317,0
4318,0
4319,0
4320,0
4321,0
4322,0
4323,0
4324,0
4325,0
4326,0
4327,0
4328,0
4329,0
4330,0
4331,0
4332,0
4333,0
4334,0
4335,0
4336,0
4337,0
4338,0
4339,0
4340,0
4341,0
4342,0
4343,0
4344,0
4345,0
4346,0
4347,0
4348,0
4349,0
4350,0
4351,0
4352,0
4353,0
4354,0
4355,0
4356,0
4357,0
4358,0
4359,0
4360,0
4361,0
4362,0
4363,0
4364,0
4365,0
4366,0
4367,0
4368,0
4369,0
4370,0
4371,0
4372,0
4373,0
4374,0
4375,0
4376,0
4377,0
4378,0
4379,0
4380,0
4381,0
4382,0
4383,0
4384,0
4385,0
4386,0
4387,0
4388,0
4389,0
4390,0
4391,0
4392,0
4393,0
4394,0
4395,0
4396,0
4397,0
4398,0
4399,0
4400,0
4401,0
4402,0
4403,0
4404,0
4405,0
4406,0
4407,0
4408,0
4409,0
4410,0
4411,0
4412,0
4413,0
4414,0
4415,0
4416,0
4417,0
4418,0
4419,0
4420,0
4421,0
4422,0
4423,0
4424,0
4425,0
4426,0
4427,0
4428,0
4429,0
4430,0
4431,0
4432,0
4433,0
4434,0
4435,0
4436,0
4437,0
4438,0
4439,0
4440,0
4441,0
4442,0
4443,0
4444,0
4445,0
4446,0
4447,0
4448,0
4449,0
4450,0
4451,0
4452,0
4453,0
4454,0
4455,0
4456,0
4457,0
4458,0
4459,0
4460,0
4461,0
4462,0
4463,0
4464,0
4465,0
4466,0
4467,0
4468,0
4469,0
4470,0
4471,0
4472,0
4473,0
4474,0
4475,0
4476,0
4477,0
4478,0
4479,0
4480,0
4481,0
4482,0
4483,0
4484,0
4485,0
4486,0
4487,0
4488,0
4489,0
4490,0
4491,0
4492,0
4493,0
4494,0
4495,0
4496,0
4497,0
4498,0
4499,0
4500,0
4501,0
4502,0
4503,0
4504,0
4505,0
4506,0
4507,0
4508,0
4509,0
4510,0
4511,0
4512,0
4513,0
4514,0
4515,0
4516,0
4517,0
4518,0
4519,0
4520,0
4521,0
4522,0
4523,0
4524,0
4525,0
4526,0
4527,0
4528,0
4529,0
4530,0
4531,0
4532,0
4533,0
4534,0
4535,0
4536,0
4537,0
4538,0
4539,0
4540,0
4541,0
4542,0
4543,0
4544,0
4545,0
4546,0
4547,0
4548,0
4549,0
4550,0
4551,0
4552,0
4553,0
4554,0
4555,0
4556,0
4557,0
4558,0
4559,0
4560,0
4561,0
4562,0
4563,0
4564,0
4565,0
4566,0
4567,0
4568,0
4569,0
4570,0
4571,0
4572,0
4573,0
4574,0
4575,0
4576,0
4577,0
4578,0
4579,0
4580,0
4581,0
4582,0
4583,0
4584,0
4585,0
4586,0
4587,0
4588,0
4589,0
4590,0
4591,0
4592,0
4593,0
4594,0
4595,0
4596,0
4597,0
4598,0
4599,0
4600,0
4601,0
4602,0
4603,0
4604,0
4605,0
4606,0
4607,0
4608,0
4609,0
4610,0
4611,0
4612,0
4613,0
4614,0
4615,0
4616,0
4617,0
4618,0
4619,0
4620,0
4621,0
4622,0
4623,0
4624,0
4625,0
4626,0
4627,0
4628,0
4629,0
4630,0
4631,0
4632,0
4633,0
4634,0
4635,0
4636,0
4637,0
4638,0
4639,0
4640,0
4641,0
4642,0
4643,0
4644,0
4645,0
4646,0
4647,0
4648,0
4649,0
4650,0
4651,0
4652,0
4653,0
4654,0
4655,0
4656,0
4657,0
4658,0
4659,0
4660,0
4661,0
4662,0
4663,0
4664,0
4665,0
4666,0
4667,0
4668,0
4669,0
4670,0
4671,0
4672,0
4673,0
4674,0
4675,0
4676,0
4677,0
4678,0
4679,0
4680,0
4681,0
4682,0
4683,0
4684,0
4685,0
4686,0
4687,0
4688,0
4689,0
4690,0
4691,0
4692,0
4693,0
4694,0
4695,0
4696,0
4697,0
4698,0
4699,0
4700,0
4701,0
4702,0
4703,0
4704,0
4705,0
4706,0
4707,0
4708,0
4709,0
4710,0
4711,0
4712,0
4713,0
4714,0
4715,0
4716,0
4717,0
4718,0
4719,0
4720,0
4721,0
4722,0
4723,0
4724,0
4725,0
4726,0
4727,0
4728,0
4729,0
4730,0
4731,0
4732,0
4733,0
4734,0
4735,0
4736,0
4737,0
4738,0
4739,0
4740,0
4741,0
4742,0
4743,0
4744,0
4745,0
4746,0
4747,0
4748,0
4749,0
4750,0
4751,0
4752,0
4753,0
4754,0
4755,0
4756,0
4757,0
4758,0
4759,0
4760,0
4761,0
4762,0
4763,0
4764,0
4765,0
4766,0
4767,0
4768,0
4769,0
4770,0
4771,0
4772,0
4773,0
4774,0
4775,0
4776,0
4777,0
4778,0
4779,0
4780,0
4781,0
4782,0
4783,0
4784,0
4785,0
4786,0
4787,0
4788,0
4789,0
4790,0
4791,0
4792,0
4793,0
4794,0
4795,0
4796,0
4797,0
4798,0
4799,0
4800,0
4801,0
4802,0
4803,0
4804,0
4805,0
4806,0
4807,0
4808,0
4809,0
4810,0
4811,0
4812,0
4813,0
4814,0
4815,0
4816,0
4817,0
4818,0
4819,0
4820,0
4821,0
4822,0
4823,0
4824,0
4825,0
4826,0
4827,0
4828,0
4829,0
4830,0
4831,0
4832,0
4833,0
4834,0
4835,0
4836,0
4837,0
4838,0
4839,0
4840,0
4841,0
4842,0
4843,0
4844,0
4845,0
4846,0
4847,0
4848,0
4849,0
4850,0
4851,0
4852,0
4853,0
4854,0
4855,0
4856,0
4857,0
4858,0
4859,0
4860,0
4861,0
4862,0
4863,0
4864,0
4865,0
4866,0
4867,0
4868,0
4869,0
4870,0
4871,0
4872,0
4873,0
4874,0
4875,0
4876,0
4877,0
4878,0
4879,0
4880,0
4881,0
4882,0
4883,0
4884,0
4885,0
4886,0
4887,0
4888,0
4889,0
4890,0
4891,0
4892,0
4893,0
4894,0
4895,0
4896,0
4897,0
4898,0
4899,0
4900,0
4901,0
4902,0
4903,0
4904,0
4905,0
4906,0
4907,0
4908,0
4909,0
4910,0
4911,0
4912,0
4913,0
4914,0
4915,0
4916,0
4917,0
4918,0
4919,0
4920,0
4921,0
4922,0
4923,0
4924,0
4925,0
4926,0
4927,0
4928,0
4929,0
4930,0
4931,0
4932,0
4933,0
4934,0
4935,0
4936,0
4937,0
4938,0
4939,0
4940,0
4941,0
4942,0
4943,0
4944,0
4945,0
4946,0
4947,0
4948,0
4949,0
4950,0
4951,0
4952,0
4953,0
4954,0
4955,0
4956,0
4957,0
4958,0
4959,0
4960,0
4961,0
4962,0
4963,0
4964,0
4965,0
4966,0
4967,0
4968,0
4969,0
4970,0
4971,0
4972,0
4973,0
4974,0
4975,0
4976,0
4977,0
4978,0
4979,0
4980,0
4981,0
4982,0
4983,0
4984,0
4985,0
4986,0
4987,0
4988,0
4989,0
4990,0
4991,0
4992,0
4993,0
4994,0
4995,0
4996,0
4997,0
4998,0
4999,0
5000,0
5001,0
5002,0
5003,0
5004,0
5005,0
5006,0
5007,0
5008,0
5009,0
5010,0
5011,0
5012,0
5013,0
5014,0
5015,0
5016,0
5017,0
5018,0
5019,0
5020,0
5021,0
5022,0
5023,0
5024,0
5025,0
5026,0
5027,0
5028,0
5029,0
5030,0
5031,0
5032,0
5033,0
5034,0
5035,0
5036,0
5037,0
5038,0
5039,0
5040,0
5041,0
5042,0
5043,0
5044,0
5045,0
5046,0
5047,0
5048,0
5049,0
5050,0
5051,0
5052,0
5053,0
5054,0
5055,0
5056,0
5057,0
5058,0
5059,0
5060,0
5061,0
5062,0
5063,0
5064,0
5065,0
5066,0
5067,0
5068,0
5069,0
5070,0
5071,0
5072,0
5073,0
5074,0
5075,0
5076,0
5077,0
5078,0
5079,0
5080,0
5081,0
5082,0
5083,0
5084,0
5085,0
5086,0
5087,0
5088,0
5089,0
5090,0
5091,0
5092,0
5093,0
5094,0
5095,0
5096,0
5097,0
5098,0
5099,0
5100,0
5101,0
5102,0
5103,0
5104,0
5105,0
5106,0
5107,0
5108,0
5109,0
5110,0
5111,0
5112,0
5113,0
5114,0
5115,0
5116,0
5117,0
5118,0
5119,0
5120,0
5121,0
5122,0
5123,0
5124,0
5125,0
5126,0
5127,0
5128,0
5129,0
5130,0
5131,0
5132,0
5133,0
5134,0
5135,0
5136,0
5137,0
5138,0
5139,0
5140,0
5141,0
5142,0
5143,0
5144,0
5145,0
5146,0
5147,0
5148,0
5149,0
5150,0
5151,0
5152,0
5153,0
5154,0
5155,0
5156,0
5157,0
5158,0
5159,0
5160,0
5161,0
5162,0
5163,0
5164,0
5165,0
5166,0
5167,0
5168,0
5169,0
5170,0
5171,0
5172,0
5173,0
5174,0
5175,0
5176,0
5177,0
5178,0
5179,0
5180,0
5181,0
5182,0
5183,0
5184,0
5185,0
5186,0
5187,0
5188,0
5189,0
5190,0
5191,0
5192,0
5193,0
5194,0
5195,0
5196,0
5197,0
5198,0
5199,0
5200,0
5201,0
5202,0
5203,0
5204,0
5205,0
5206,0
5207,0
5208,0
5209,0
5210,0
5211,0
5212,0
5213,0
5214,0
5215,0
5216,0
5217,0
5218,0
5219,0
5220,0
5221,0
5222,0
5223,0
5224,0
5225,0
5226,0
5227,0
5228,0
5229,0
5230,0
5231,0
5232,0
5233,0
5234,0
5235,0
5236,0
5237,0
5238,0
5239,0
5240,0
5241,0
5242,0
5243,0
5244,0
5245,0
5246,0
5247,0
5248,0
5249,0
5250,0
5251,0
5252,0
5253,0
5254,0
5255,0
5256,0
5257,0
5258,0
5259,0
5260,0
5261,0
5262,0
5263,0
5264,0
5265,0
5266,0
5267,0
5268,0
5269,0
5270,0
5271,0
5272,0
5273,0
5274,0
5275,0
5276,0
5277,0
5278,0
5279,0
5280,0
5281,0
5282,0
5283,0
5284,0
5285,0
5286,0
5287,0
5288,0
5289,0
5290,0
5291,0
5292,0
5293,0
5294,0
5295,0
5296,0
5297,0
5298,0
5299,0
5300,0
5301,0
5302,0
5303,0
5304,0
5305,0
5306,0
5307,0
5308,0
5309,0
5310,0
5311,0
5312,0
5313,0
5314,0
5315,0
5316,0
5317,0
5318,0
5319,0
5320,0
5321,0
5322,0
5323,0
5324,0
5325,0
5326,0
5327,0
5328,0
5329,0
5330,0
5331,0
5332,0
5333,0
5334,0
5335,0
5336,0
5337,0
5338,0
5339,0
5340,0
5341,0
5342,0
5343,0
5344,0
5345,0
5346,0
5347,0
5348,0
5349,0
5350,0
5351,0
5352,0
5353,0
5354,0
5355,0
5356,0
5357,0
5358,0
5359,0
5360,0
5361,0
5362,0
5363,0
5364,0
5365,0
5366,0
5367,0
5368,0
5369,0
5370,0
5371,0
5372,0
5373,0
5374,0
5375,0
5376,0
5377,0
5378,0
5379,0
5380,0
5381,0
5382,0
5383,0
5384,0
5385,0
5386,0
5387,0
5388,0
5389,0
5390,0
5391,0
5392,0
5393,0
5394,0
5395,0
5396,0
5397,0
5398,0
5399,0
5400,0
5401,0
5402,0
5403,0
5404,0
5405,0
5406,0
5407,0
5408,0
5409,0
5410,0
5411,0
5412,0
5413,0
5414,0
5415,0
5416,0
5417,0
5418,0
5419,0
5420,0
5421,0
5422,0
5423,0
5424,0
5425,0
5426,0
5427,0
5428,0
5429,0
5430,0
5431,0
5432,0
5433,0
5434,0
5435,0
5436,0
5437,0
5438,0
5439,0
5440,0
5441,0
5442,0
5443,0
5444,0
5445,0
5446,0
5447,0
5448,0
5449,0
5450,0
5451,0
5452,0
5453,0
5454,0
5455,0
5456,0
5457,0
5458,0
5459,0
5460,0
5461,0
5462,0
5463,0
5464,0
5465,0
5466,0
5467,0
5468,0
5469,0
5470,0
5471,0
5472,0
5473,0
5474,0
5475,0
5476,0
5477,0
5478,0
5479,0
5480,0
5481,0
5482,0
5483,0
5484,0
5485,0
5486,0
5487,0
5488,0
5489,0
5490,0
5491,0
5492,0
5493,0
5494,0
5495,0
5496,0
5497,0
5498,0
5499,0
5500,0
5501,0
5502,0
5503,0
5504,0
5505,0
5506,0
5507,0
5508,0
5509,0
5510,0
5511,0
5512,0
5513,0
5514,0
5515,0
5516,0
5517,0
5518,0
5519,0
5520,0
5521,0
5522,0
5523,0
5524,0
5525,0
5526,0
5527,0
5528,0
5529,0
5530,0
5531,0
5532,0
5533,0
5534,0
5535,0
5536,0
5537,0
5538,0
5539,0
5540,0
5541,0
5542,0
5543,0
5544,0
5545,0
5546,0
5547,0
5548,0
5549,0
5550,0
5551,0
5552,0
5553,0
5554,0
5555,0
5556,0
5557,0
5558,0
5559,0
5560,0
5561,0
5562,0
5563,0
5564,0
5565,0
5566,0
5567,0
5568,0
5569,0
5570,0
5571,0
5572,0
5573,0
5574,0
5575,0
5576,0
5577,0
5578,0
5579,0
5580,0
5581,0
5582,0
5583,0
5584,0
5585,0
5586,0
5587,0
5588,0
5589,0
5590,0
5591,0
5592,0
5593,0
5594,0
5595,0
5596,0
5597,0
5598,0
5599,0
5600,0
5601,0
5602,0
5603,0
5604,0
5605,0
5606,0
5607,0
5608,0
5609,0
5610,0
5611,0
5612,0
5613,0
5614,0
5615,0
5616,0
5617,0
5618,0
5619,0
5620,0
5621,0
5622,0
5623,0
5624,0
5625,0
5626,0
5627,0
5628,0
5629,0
5630,0
5631,0
5632,0
5633,0
5634,0
5635,0
5636,0
5637,0
5638,0
5639,0
5640,0
5641,0
5642,0
5643,0
5644,0
5645,0
5646,0
5647,0
5648,0
5649,0
5650,0
5651,0
5652,0
5653,0
5654,0
5655,0
5656,0
5657,0
5658,0
5659,0
5660,0
5661,0
5662,0
5663,0
5664,0
5665,0
5666,0
5667,0
5668,0
5669,0
5670,0
5671,0
5672,0
5673,0
5674,0
5675,0
5676,0
5677,0
5678,0
5679,0
5680,0
5681,0
5682,0
5683,0
5684,0
5685,0
5686,0
5687,0
5688,0
5689,0
5690,0
5691,0
5692,0
5693,0
5694,0
5695,0
5696,0
5697,0
5698,0
5699,0
5700,0
5701,0
5702,0
5703,0
5704,0
5705,0
5706,0
5707,0
5708,0
5709,0
5710,0
5711,0
5712,0
5713,0
5714,0
5715,0
5716,0
5717,0
5718,0
5719,0
5720,0
5721,0
5722,0
5723,0
5724,0
5725,0
5726,0
5727,0
5728,0
5729,0
5730,0
5731,0
5732,0
5733,0
5734,0
5735,0
5736,0
5737,0
5738,0
5739,0
5740,0
5741,0
5742,0
5743,0
5744,0
5745,0
5746,0
5747,0
5748,0
5749,0
5750,0
5751,0
5752,0
5753,0
5754,0
5755,0
5756,0
5757,0
5758,0
5759,0
5760,0
5761,0
5762,0
5763,0
5764,0
5765,0
5766,0
5767,0
5768,0
5769,0
5770,0
5771,0
5772,0
5773,0
5774,0
5775,0
5776,0
5777,0
5778,0
5779,0
5780,0
5781,0
5782,0
5783,0
5784,0
5785,0
5786,0
5787,0
5788,0
5789,0
5790,0
5791,0
5792,0
5793,0
5794,0
5795,0
5796,0
5797,0
5798,0
5799,0
5800,0
5801,0
5802,0
5803,0
5804,0
5805,0
5806,0
5807,0
5808,0
5809,0
5810,0
5811,0
5812,0
5813,0
5814,0
5815,0
5816,0
5817,0
5818,0
5819,0
5820,0
5821,0
5822,0
5823,0
5824,0
5825,0
5826,0
5827,0
5828,0
5829,0
5830,0
5831,0
5832,0
5833,0
5834,0
5835,0
5836,0
5837,0
5838,0
5839,0
5840,0
5841,0
5842,0
5843,0
5844,0
5845,0
5846,0
5847,0
5848,0
5849,0
5850,0
5851,0
5852,0
5853,0
5854,0
5855,0
5856,0
5857,0
5858,0
5859,0
5860,0
5861,0
5862,0
5863,0
5864,0
5865,0
5866,0
5867,0
5868,0
5869,0
5870,0
5871,0
5872,0
5873,0
5874,0
5875,0
5876,0
5877,0
5878,0
5879,0
5880,0
5881,0
5882,0
5883,0
5884,0
5885,0
5886,0
5887,0
5888,0
5889,0
5890,0
5891,0
5892,0
5893,0
5894,0
5895,0
5896,0
5897,0
5898,0
5899,0
5900,0
5901,0
5902,0
5903,0
5904,0
5905,0
5906,0
5907,0
5908,0
5909,0
5910,0
5911,0
5912,0
5913,0
5914,0
5915,0
5916,0
5917,0
5918,0
5919,0
5920,0
5921,0
5922,0
5923,0
5924,0
5925,0
5926,0
5927,0
5928,0
5929,0
5930,0
5931,0
5932,0
5933,0
5934,0
5935,0
5936,0
5937,0
5938,0
5939,0
5940,0
5941,0
5942,0
5943,0
5944,0
5945,0
5946,0
5947,0
5948,0
5949,0
5950,0
5951,0
5952,0
5953,0
5954,0
5955,0
5956,0
5957,0
5958,0
5959,0
5960,0
5961,0
5962,0
5963,0
5964,0
5965,0
5966,0
5967,0
5968,0
5969,0
5970,0
5971,0
5972,0
5973,0
5974,0
5975,0
5976,0
5977,0
5978,0
5979,0
5980,0
5981,0
5982,0
5983,0
5984,0
5985,0
5986,0
5987,0
5988,0
5989,0
5990,0
5991,0
5992,0
5993,0
5994,0
5995,0
5996,0
5997,0
5998,0
5999,0
6000,0
6001,0
6002,0
6003,0
6004,0
6005,0
6006,0
6007,0
6008,0
6009,0
6010,0
6011,0
6012,0
6013,0
6014,0
6015,0
6016,0
6017,0
6018,0
6019,0
6020,0
6021,0
6022,0
6023,0
6024,0
6025,0
6026,0
6027,0
6028,0
6029,0
6030,0
6031,0
6032,0
6033,0
6034,0
6035,0
6036,0
6037,0
6038,0
6039,0
6040,0
6041,0
6042,0
6043,0
6044,0
6045,0
6046,0
6047,0
6048,0
6049,0
6050,0
6051,0
6052,0
6053,0
6054,0
6055,0
6056,0
6057,0
6058,0
6059,0
6060,0
6061,0
6062,0
6063,0
6064,0
6065,0
6066,0
6067,0
6068,0
6069,0
6070,0
6071,0
6072,0
6073,0
6074,0
6075,0
6076,0
6077,0
6078,0
6079,0
6080,0
6081,0
6082,0
6083,0
6084,0
6085,0
6086,0
6087,0
6088,0
6089,0
6090,0
6091,0
6092,0
6093,0
6094,0
6095,0
6096,0
6097,0
6098,0
6099,0
6100,0
6101,0
6102,0
6103,0
6104,0
6105,0
6106,0
6107,0
6108,0
6109,0
6110,0
6111,0
6112,0
6113,0
6114,0
6115,0
6116,0
6117,0
6118,0
6119,0
6120,0
6121,0
6122,0
6123,0
6124,0
6125,0
6126,0
6127,0
6128,0
6129,0
6130,0
6131,0
6132,0
6133,0
6134,0
6135,0
6136,0
6137,0
6138,0
6139,0
6140,0
6141,0
6142,0
6143,0
6144,0
6145,0
6146,0
6147,0
6148,0
6149,0
6150,0
6151,0
6152,0
6153,0
6154,0
6155,0
6156,0
6157,0
6158,0
6159,0
6160,0
6161,0
6162,0
6163,0
6164,0
6165,0
6166,0
6167,0
6168,0
6169,0
6170,0
6171,0
6172,0
6173,0
6174,0
6175,0
6176,0
6177,0
6178,0
6179,0
6180,0
6181,0
6182,0
6183,0
6184,0
6185,0
6186,0
6187,0
6188,0
6189,0
6190,0
6191,0
6192,0
6193,0
6194,0
6195,0
6196,0
6197,0
6198,0
6199,0
6200,0
6201,0
6202,0
6203,0
6204,0
6205,0
6206,0
6207,0
6208,0
6209,0
6210,0
6211,0
6212,0
6213,0
6214,0
6215,0
6216,0
6217,0
6218,0
6219,0
6220,0
6221,0
6222,0
6223,0
6224,0
6225,0
6226,0
6227,0
6228,0
6229,0
6230,0
6231,0
6232,0
6233,0
6234,0
6235,0
6236,0
6237,0
6238,0
6239,0
6240,0
6241,0
6242,0
6243,0
6244,0
6245,0
6246,0
6247,0
6248,0
6249,0
6250,0
6251,0
6252,0
6253,0
6254,0
6255,0
6256,0
6257,0
6258,0
6259,0
6260,0
6261,0
6262,0
6263,0
6264,0
6265,0
6266,0
6267,0
6268,0
6269,0
6270,0
6271,0
6272,0
6273,0
6274,0
6275,0
6276,0
6277,0
6278,0
6279,0
6280,0
6281,0
6282,0
6283,0
6284,0
6285,0
6286,0
6287,0
6288,0
6289,0
6290,0
6291,0
6292,0
6293,0
6294,0
6295,0
6296,0
6297,0
6298,0
6299,0
6300,0
6301,0
6302,0
6303,0
6304,0
6305,0
6306,0
6307,0
6308,0
6309,0
6310,0
6311,0
6312,0
6313,0
6314,0
6315,0
6316,0
6317,0
6318,0
6319,0
6320,0
6321,0
6322,0
6323,0
6324,0
6325,0
6326,0
6327,0
6328,0
6329,0
6330,0
6331,0
6332,0
6333,0
6334,0
6335,0
6336,0
6337,0
6338,0
6339,0
6340,0
6341,0
6342,0
6343,0
6344,0
6345,0
6346,0
6347,0
6348,0
6349,0
6350,0
6351,0
6352,0
6353,0
6354,0
6355,0
6356,0
6357,0
6358,0
6359,0
6360,0
6361,0
6362,0
6363,0
6364,0
6365,0
6366,0
6367,0
6368,0
6369,0
6370,0
6371,0
6372,0
6373,0
6374,0
6375,0
6376,0
6377,0
6378,0
6379,0
6380,0
6381,0
6382,0
6383,0
6384,0
6385,0
6386,0
6387,0
6388,0
6389,0
6390,0
6391,0
6392,0
6393,0
6394,0
6395,0
6396,0
6397,0
6398,0
6399,0
6400,0
6401,0
6402,0
6403,0
6404,0
6405,0
6406,0
6407,0
6408,0
6409,0
6410,0
6411,0
6412,0
6413,0
6414,0
6415,0
6416,0
6417,0
6418,0
6419,0
6420,0
6421,0
6422,0
6423,0
6424,0
6425,0
6426,0
6427,0
6428,0
6429,0
6430,0
6431,0
6432,0
6433,0
6434,0
6435,0
6436,0
6437,0
6438,0
6439,0
6440,0
6441,0
6442,0
6443,0
6444,0
6445,0
6446,0
6447,0
6448,0
6449,0
6450,0
6451,0
6452,0
6453,0
6454,0
6455,0
6456,0
6457,0
6458,0
6459,0
6460,0
6461,0
6462,0
6463,0
6464,0
6465,0
6466,0
6467,0
6468,0
6469,0
6470,0
6471,0
6472,0
6473,0
6474,0
6475,0
6476,0
6477,0
6478,0
6479,0
6480,0
6481,0
6482,0
6483,0
6484,0
6485,0
6486,0
6487,0
6488,0
6489,0
6490,0
6491,0
6492,0
6493,0
6494,0
6495,0
6496,0
6497,0
6498,0
6499,0
6500,0
6501,0
6502,0
6503,0
6504,0
6505,0
6506,0
6507,0
6508,0
6509,0
6510,0
6511,0
6512,0
6513,0
6514,0
6515,0
6516,0
6517,0
6518,0
6519,0
6520,0
6521,0
6522,0
6523,0
6524,0
6525,0
6526,0
6527,0
6528,0
6529,0
6530,0
6531,0
6532,0
6533,0
6534,0
6535,0
6536,0
6537,0
6538,0
6539,0
6540,0
6541,0
6542,0
6543,0
6544,0
6545,0
6546,0
6547,0
6548,0
6549,0
6550,0
6551,0
6552,0
6553,0
6554,0
6555,0
6556,0
6557,0
6558,0
6559,0
6560,0
6561,0
6562,0
6563,0
6564,0
6565,0
6566,0
6567,0
6568,0
6569,0
6570,0
6571,0
6572,0
6573,0
6574,0
6575,0
6576,0
6577,0
6578,0
6579,0
6580,0
6581,0
6582,0
6583,0
6584,0
6585,0
6586,0
6587,0
6588,0
6589,0
6590,0
6591,0
6592,0
6593,0
6594,0
6595,0
6596,0
6597,0
6598,0
6599,0
6600,0
6601,0
6602,0
6603,0
6604,0
6605,0
6606,0
6607,0
6608,0
6609,0
6610,0
6611,0
6612,0
6613,0
6614,0
6615,0
6616,0
6617,0
6618,0
6619,0
6620,0
6621,0
6622,0
6623,0
6624,0
6625,0
6626,0
6627,0
6628,0
6629,0
6630,0
6631,0
6632,0
6633,0
6634,0
6635,0
6636,0
6637,0
6638,0
6639,0
6640,0
6641,0
6642,0
6643,0
6644,0
6645,0
6646,0
6647,0
6648,0
6649,0
6650,0
6651,0
6652,0
6653,0
6654,0
6655,0
6656,0
6657,0
6658,0
6659,0
6660,0
6661,0
6662,0
6663,0
6664,0
6665,0
6666,0
6667,0
6668,0
6669,0
6670,0
6671,0
6672,0
6673,0
6674,0
6675,0
6676,0
6677,0
6678,0
6679,0
6680,0
6681,0
6682,0
6683,0
6684,0
6685,0
6686,0
6687,0
6688,0
6689,0
6690,0
6691,0
6692,0
6693,0
6694,0
6695,0
6696,0
6697,0
6698,0
6699,0
6700,0
6701,0
6702,0
6703,0
6704,0
6705,0
6706,0
6707,0
6708,0
6709,0
6710,0
6711,0
6712,0
6713,0
6714,0
6715,0
6716,0
6717,0
6718,0
6719,0
6720,0
6721,0
6722,0
6723,0
6724,0
6725,0
6726,0
6727,0
6728,0
6729,0
6730,0
6731,0
6732,0
6733,0
6734,0
6735,0
6736,0
6737,0
6738,0
6739,0
6740,0
6741,0
6742,0
6743,0
6744,0
6745,0
6746,0
6747,0
6748,0
6749,0
6750,0
6751,0
6752,0
6753,0
6754,0
6755,0
6756,0
6757,0
6758,0
6759,0
6760,0
6761,0
6762,0
6763,0
6764,0
6765,0
6766,0
6767,0
6768,0
6769,0
6770,0
6771,0
6772,0
6773,0
6774,0
6775,0
6776,0
6777,0
6778,0
6779,0
6780,0
6781,0
6782,0
6783,0
6784,0
6785,0
6786,0
6787,0
6788,0
6789,0
6790,0
6791,0
6792,0
6793,0
6794,0
6795,0
6796,0
6797,0
6798,0
6799,0
6800,0
6801,0
6802,0
6803,0
6804,0
6805,0
6806,0
6807,0
6808,0
6809,0
6810,0
6811,0
6812,0
6813,0
6814,0
6815,0
6816,0
6817,0
6818,0
6819,0
6820,0
6821,0
6822,0
6823,0
6824,0
6825,0
6826,0
6827,0
6828,0
6829,0
6830,0
6831,0
6832,0
6833,0
6834,0
6835,0
6836,0
6837,0
6838,0
6839,0
6840,0
6841,0
6842,0
6843,0
6844,0
6845,0
6846,0
6847,0
6848,0
6849,0
6850,0
6851,0
6852,0
6853,0
6854,0
6855,0
6856,0
6857,0
6858,0
6859,0
6860,0
6861,0
6862,0
6863,0
6864,0
6865,0
6866,0
6867,0
6868,0
6869,0
6870,0
6871,0
6872,0
6873,0
6874,0
6875,0
6876,0
6877,0
6878,0
6879,0
6880,0
6881,0
6882,0
6883,0
6884,0
6885,0
6886,0
6887,0
6888,0
6889,0
6890,0
6891,0
6892,0
6893,0
6894,0
6895,0
6896,0
6897,0
6898,0
6899,0
6900,0
6901,0
6902,0
6903,0
6904,0
6905,0
6906,0
6907,0
6908,0
6909,0
6910,0
6911,0
6912,0
6913,0
6914,0
6915,0
6916,0
6917,0
6918,0
6919,0
6920,0
6921,0
6922,0
6923,0
6924,0
6925,0
6926,0
6927,0
6928,0
6929,0
6930,0
6931,0
6932,0
6933,0
6934,0
6935,0
6936,0
6937,0
6938,0
6939,0
6940,0
6941,0
6942,0
6943,0
6944,0
6945,0
6946,0
6947,0
6948,0
6949,0
6950,0
6951,0
6952,0
6953,0
6954,0
6955,0
6956,0
6957,0
6958,0
6959,0
6960,0
6961,0
6962,0
6963,0
6964,0
6965,0
6966,0
6967,0
6968,0
6969,0
6970,0
6971,0
6972,0
6973,0
6974,0
6975,0
6976,0
6977,0
6978,0
6979,0
6980,0
6981,0
6982,0
6983,0
6984,0
6985,0
6986,0
6987,0
6988,0
6989,0
6990,0
6991,0
6992,0
6993,0
6994,0
6995,0
6996,0
6997,0
6998,0
6999,0
7000,0
7001,0
7002,0
7003,0
7004,0
7005,0
7006,0
7007,0
7008,0
7009,0
7010,0
7011,0
7012,0
7013,0
7014,0
7015,0
7016,0
7017,0
7018,0
7019,0
7020,0
7021,0
7022,0
7023,0
7024,0
7025,0
7026,0
7027,0
7028,0
7029,0
7030,0
7031,0
7032,0
7033,0
7034,0
7035,0
7036,0
7037,0
7038,0
7039,0
7040,0
7041,0
7042,0
7043,0
7044,0
7045,0
7046,0
7047,0
7048,0
7049,0
7050,0
7051,0
7052,0
7053,0
7054,0
7055,0
7056,0
7057,0
7058,0
7059,0
7060,0
7061,0
7062,0
7063,0
7064,0
7065,0
7066,0
7067,0
7068,0
7069,0
7070,0
7071,0
7072,0
7073,0
7074,0
7075,0
7076,0
7077,0
7078,0
7079,0
7080,0
7081,0
7082,0
7083,0
7084,0
7085,0
7086,0
7087,0
7088,0
7089,0
7090,0
7091,0
7092,0
7093,0
7094,0
7095,0
7096,0
7097,0
7098,0
7099,0
7100,0
7101,0
7102,0
7103,0
7104,0
7105,0
7106,0
7107,0
7108,0
7109,0
7110,0
7111,0
7112,0
7113,0
7114,0
7115,0
7116,0
7117,0
7118,0
7119,0
7120,0
7121,0
7122,0
7123,0
7124,0
7125,0
7126,0
7127,0
7128,0
7129,0
7130,0
7131,0
7132,0
7133,0
7134,0
7135,0
7136,0
7137,0
7138,0
7139,0
7140,0
7141,0
7142,0
7143,0
7144,0
7145,0
7146,0
7147,0
7148,0
7149,0
7150,0
7151,0
7152,0
7153,0
7154,0
7155,0
7156,0
7157,0
7158,0
7159,0
7160,0
7161,0
7162,0
7163,0
7164,0
7165,0
7166,0
7167,0
7168,0
7169,0
7170,0
7171,0
7172,0
7173,0
7174,0
7175,0
7176,0
7177,0
7178,0
7179,0
7180,0
7181,0
7182,0
7183,0
7184,0
7185,0
7186,0
7187,0
7188,0
7189,0
7190,0
7191,0
7192,0
7193,0
7194,0
7195,0
7196,0
7197,0
7198,0
7199,0
7200,0
7201,0
7202,0
7203,0
7204,0
7205,0
7206,0
7207,0
7208,0
7209,0
7210,0
7211,0
7212,0
7213,0
7214,0
7215,0
7216,0
7217,0
7218,0
7219,0
7220,0
7221,0
7222,0
7223,0
7224,0
7225,0
7226,0
7227,0
7228,0
7229,0
7230,0
7231,0
7232,0
7233,0
7234,0
7235,0
7236,0
7237,0
7238,0
7239,0
7240,0
7241,0
7242,0
7243,0
7244,0
7245,0
7246,0
7247,0
7248,0
7249,0
7250,0
7251,0
7252,0
7253,0
7254,0
7255,0
7256,0
7257,0
7258,0
7259,0
7260,0
7261,0
7262,0
7263,0
7264,0
7265,0
7266,0
7267,0
7268,0
7269,0
7270,0
7271,0
7272,0
7273,0
7274,0
7275,0
7276,0
7277,0
7278,0
7279,0
7280,0
7281,0
7282,0
7283,0
7284,0
7285,0
7286,0
7287,0
7288,0
7289,0
7290,0
7291,0
7292,0
7293,0
7294,0
7295,0
7296,0
7297,0
7298,0
7299,0
7300,0
7301,0
7302,0
7303,0
7304,0
7305,0
7306,0
7307,0
7308,0
7309,0
7310,0
7311,0
7312,0
7313,0
7314,0
7315,0
7316,0
7317,0
7318,0
7319,0
7320,0
7321,0
7322,0
7323,0
7324,0
7325,0
7326,0
7327,0
7328,0
7329,0
7330,0
7331,0
7332,0
7333,0
7334,0
7335,0
7336,0
7337,0
7338,0
7339,0
7340,0
7341,0
7342,0
7343,0
7344,0
7345,0
7346,0
7347,0
7348,0
7349,0
7350,0
7351,0
7352,0
7353,0
7354,0
7355,0
7356,0
7357,0
7358,0
7359,0
7360,0
7361,0
7362,0
7363,0
7364,0
7365,0
7366,0
7367,0
7368,0
7369,0
7370,0
7371,0
7372,0
7373,0
7374,0
7375,0
7376,0
7377,0
7378,0
7379,0
7380,0
7381,0
7382,0
7383,0
7384,0
7385,0
7386,0
7387,0
7388,0
7389,0
7390,0
7391,0
7392,0
7393,0
7394,0
7395,0
7396,0
7397,0
7398,0
7399,0
7400,0
7401,0
7402,0
7403,0
7404,0
7405,0
7406,0
7407,0
7408,0
7409,0
7410,0
7411,0
7412,0
7413,0
7414,0
7415,0
7416,0
7417,0
7418,0
7419,0
7420,0
7421,0
7422,0
7423,0
7424,0
7425,0
7426,0
7427,0
7428,0
7429,0
7430,0
7431,0
7432,0
7433,0
7434,0
7435,0
7436,0
7437,0
7438,0
7439,0
7440,0
7441,0
7442,0
7443,0
7444,0
7445,0
7446,0
7447,0
7448,0
7449,0
7450,0
7451,0
7452,0
7453,0
7454,0
7455,0
7456,0
7457,0
7458,0
7459,0
7460,0
7461,0
7462,0
7463,0
7464,0
7465,0
7466,0
7467,0
7468,0
7469,0
7470,0
7471,0
7472,0
7473,0
7474,0
7475,0
7476,0
7477,0
7478,0
7479,0
7480,0
7481,0
7482,0
7483,0
7484,0
7485,0
7486,0
7487,0
7488,0
7489,0
7490,0
7491,0
7492,0
7493,0
7494,0
7495,0
7496,0
7497,0
7498,0
7499,0
7500,0
7501,0
7502,0
7503,0
7504,0
7505,0
7506,0
7507,0
7508,0
7509,0
7510,0
7511,0
7512,0
7513,0
7514,0
7515,0
7516,0
7517,0
7518,0
7519,0
7520,0
7521,0
7522,0
7523,0
7524,0
7525,0
7526,0
7527,0
7528,0
7529,0
7530,0
7531,0
7532,0
7533,0
7534,0
7535,0
7536,0
7537,0
7538,0
7539,0
7540,0
7541,0
7542,0
7543,0
7544,0
7545,0
7546,0
7547,0
7548,0
7549,0
7550,0
7551,0
7552,0
7553,0
7554,0
7555,0
7556,0
7557,0
7558,0
7559,0
7560,0
7561,0
7562,0
7563,0
7564,0
7565,0
7566,0
7567,0
7568,0
7569,0
7570,0
7571,0
7572,0
7573,0
7574,0
7575,0
7576,0
7577,0
7578,0
7579,0
7580,0
7581,0
7582,0
7583,0
7584,0
7585,0
7586,0
7587,0
7588,0
7589,0
7590,0
7591,0
7592,0
7593,0
7594,0
7595,0
7596,0
7597,0
7598,0
7599,0
7600,0
7601,0
7602,0
7603,0
7604,0
7605,0
7606,0
7607,0
7608,0
7609,0
7610,0
7611,0
7612,0
7613,0
7614,0
7615,0
7616,0
7617,0
7618,0
7619,0
7620,0
7621,0
7622,0
7623,0
7624,0
7625,0
7626,0
7627,0
7628,0
7629,0
7630,0
7631,0
7632,0
7633,0
7634,0
7635,0
7636,0
7637,0
7638,0
7639,0
7640,0
7641,0
7642,0
7643,0
7644,0
7645,0
7646,0
7647,0
7648,0
7649,0
7650,0
7651,0
7652,0
7653,0
7654,0
7655,0
7656,0
7657,0
7658,0
7659,0
7660,0
7661,0
7662,0
7663,0
7664,0
7665,0
7666,0
7667,0
7668,0
7669,0
7670,0
7671,0
7672,0
7673,0
7674,0
7675,0
7676,0
7677,0
7678,0
7679,0
7680,0
7681,0
7682,0
7683,0
7684,0
7685,0
7686,0
7687,0
7688,0
7689,0
7690,0
7691,0
7692,0
7693,0
7694,0
7695,0
7696,0
7697,0
7698,0
7699,0
7700,0
7701,0
7702,0
7703,0
7704,0
7705,0
7706,0
7707,0
7708,0
7709,0
7710,0
7711,0
7712,0
7713,0
7714,0
7715,0
7716,0
7717,0
7718,0
7719,0
7720,0
7721,0
7722,0
7723,0
7724,0
7725,0
7726,0
7727,0
7728,0
7729,0
7730,0
7731,0
7732,0
7733,0
7734,0
7735,0
7736,0
7737,0
7738,0
7739,0
7740,0
7741,0
7742,0
7743,0
7744,0
7745,0
7746,0
7747,0
7748,0
7749,0
7750,0
7751,0
7752,0
7753,0
7754,0
7755,0
7756,0
7757,0
7758,0
7759,0
7760,0
7761,0
7762,0
7763,0
7764,0
7765,0
7766,0
7767,0
7768,0
7769,0
7770,0
7771,0
7772,0
7773,0
7774,0
7775,0
7776,0
7777,0
7778,0
7779,0
7780,0
7781,0
7782,0
7783,0
7784,0
7785,0
7786,0
7787,0
7788,0
7789,0
7790,0
7791,0
7792,0
7793,0
7794,0
7795,0
7796,0
7797,0
7798,0
7799,0
7800,0
7801,0
7802,0
7803,0
7804,0
7805,0
7806,0
7807,0
7808,0
7809,0
7810,0
7811,0
7812,0
7813,0
7814,0
7815,0
7816,0
7817,0
7818,0
7819,0
7820,0
7821,0
7822,0
7823,0
7824,0
7825,0
7826,0
7827,0
7828,0
7829,0
7830,0
7831,0
7832,0
7833,0
7834,0
7835,0
7836,0
7837,0
7838,0
7839,0
7840,0
7841,0
7842,0
7843,0
7844,0
7845,0
7846,0
7847,0
7848,0
7849,0
7850,0
7851,0
7852,0
7853,0
7854,0
7855,0
7856,0
7857,0
7858,0
7859,0
7860,0
7861,0
7862,0
7863,0
7864,0
7865,0
7866,0
7867,0
7868,0
7869,0
7870,0
7871,0
7872,0
7873,0
7874,0
7875,0
7876,0
7877,0
7878,0
7879,0
7880,0
7881,0
7882,0
7883,0
7884,0
7885,0
7886,0
7887,0
7888,0
7889,0
7890,0
7891,0
7892,0
7893,0
7894,0
7895,0
7896,0
7897,0
7898,0
7899,0
7900,0
7901,0
7902,0
7903,0
7904,0
7905,0
7906,0
7907,0
7908,0
7909,0
7910,0
7911,0
7912,0
7913,0
7914,0
7915,0
7916,0
7917,0
7918,0
7919,0
7920,0
7921,0
7922,0
7923,0
7924,0
7925,0
7926,0
7927,0
7928,0
7929,0
7930,0
7931,0
7932,0
7933,0
7934,0
7935,0
7936,0
7937,0
7938,0
7939,0
7940,0
7941,0
7942,0
7943,0
7944,0
7945,0
7946,0
7947,0
7948,0
7949,0
7950,0
7951,0
7952,0
7953,0
7954,0
7955,0
7956,0
7957,0
7958,0
7959,0
7960,0
7961,0
7962,0
7963,0
7964,0
7965,0
7966,0
7967,0
7968,0
7969,0
7970,0
7971,0
7972,0
7973,0
7974,0
7975,0
7976,0
7977,0
7978,0
7979,0
7980,0
7981,0
7982,0
7983,0
7984,0
7985,0
7986,0
7987,0
7988,0
7989,0
7990,0
7991,0
7992,0
7993,0
7994,0
7995,0
7996,0
7997,0
7998,0
7999,0
8000,0
8001,0
8002,0
8003,0
8004,0
8005,0
8006,0
8007,0
8008,0
8009,0
8010,0
8011,0
8012,0
8013,0
8014,0
8015,0
8016,0
8017,0
8018,0
8019,0
8020,0
8021,0
8022,0
8023,0
8024,0
8025,0
8026,0
8027,0
8028,0
8029,0
8030,0
8031,0
8032,0
8033,0
8034,0
8035,0
8036,0
8037,0
8038,0
8039,0
8040,0
8041,0
8042,0
8043,0
8044,0
8045,0
8046,0
8047,0
8048,0
8049,0
8050,0
8051,0
8052,0
8053,0
8054,0
8055,0
8056,0
8057,0
8058,0
8059,0
8060,0
8061,0
8062,0
8063,0
8064,0
8065,0
8066,0
8067,0
8068,0
8069,0
8070,0
8071,0
8072,0
8073,0
8074,0
8075,0
8076,0
8077,0
8078,0
8079,0
8080,0
8081,0
8082,0
8083,0
8084,0
8085,0
8086,0
8087,0
8088,0
8089,0
8090,0
8091,0
8092,0
8093,0
8094,0
8095,0
8096,0
8097,0
8098,0
8099,0
8100,0
8101,0
8102,0
8103,0
8104,0
8105,0
8106,0
8107,0
8108,0
8109,0
8110,0
8111,0
8112,0
8113,0
8114,0
8115,0
8116,0
8117,0
8118,0
8119,0
8120,0
8121,0
8122,0
8123,0
8124,0
8125,0
8126,0
8127,0
8128,0
8129,0
8130,0
8131,0
8132,0
8133,0
8134,0
8135,0
8136,0
8137,0
8138,0
8139,0
8140,0
8141,0
8142,0
8143,0
8144,0
8145,0
8146,0
8147,0
8148,0
8149,0
8150,0
8151,0
8152,0
8153,0
8154,0
8155,0
8156,0
8157,0
8158,0
8159,0
8160,0
8161,0
8162,0
8163,0
8164,0
8165,0
8166,0
8167,0
8168,0
8169,0
8170,0
8171,0
8172,0
8173,0
8174,0
8175,0
8176,0
8177,0
8178,0
8179,0
8180,0
8181,0
8182,0
8183,0
8184,0
8185,0
8186,0
8187,0
8188,0
8189,0
8190,0
8191,0
8192,0
8193,0
8194,0
8195,0
8196,0
8197,0
8198,0
8199,0
8200,0
8201,0
8202,0
8203,0
8204,0
8205,0
8206,0
8207,0
8208,0
8209,0
8210,0
8211,0
8212,0
8213,0
8214,0
8215,0
8216,0
8217,0
8218,0
8219,0
8220,0
8221,0
8222,0
8223,0
8224,0
8225,0
8226,0
8227,0
8228,0
8229,0
8230,0
8231,0
8232,0
8233,0
8234,0
8235,0
8236,0
8237,0
8238,0
8239,0
8240,0
8241,0
8242,0
8243,0
8244,0
8245,0
8246,0
8247,0
8248,0
8249,0
8250,0
8251,0
8252,0
8253,0
8254,0
8255,0
8256,0
8257,0
8258,0
8259,0
8260,0
8261,0
8262,0
8263,0
8264,0
8265,0
8266,0
8267,0
8268,0
8269,0
8270,0
8271,0
8272,0
8273,0
8274,0
8275,0
8276,0
8277,0
8278,0
8279,0
8280,0
8281,0
8282,0
8283,0
8284,0
8285,0
8286,0
8287,0
8288,0
8289,0
8290,0
8291,0
8292,0
8293,0
8294,0
8295,0
8296,0
8297,0
8298,0
8299,0
8300,0
8301,0
8302,0
8303,0
8304,0
8305,0
8306,0
8307,0
8308,0
8309,0
8310,0
8311,0
8312,0
8313,0
8314,0
8315,0
8316,0
8317,0
8318,0
8319,0
8320,0
8321,0
8322,0
8323,0
8324,0
8325,0
8326,0
8327,0
8328,0
8329,0
8330,0
8331,0
8332,0
8333,0
8334,0
8335,0
8336,0
8337,0
8338,0
8339,0
8340,0
8341,0
8342,0
8343,0
8344,0
8345,0
8346,0
8347,0
8348,0
8349,0
8350,0
8351,0
8352,0
8353,0
8354,0
8355,0
8356,0
8357,0
8358,0
8359,0
8360,0
8361,0
8362,0
8363,0
8364,0
8365,0
8366,0
8367,0
8368,0
8369,0
8370,0
8371,0
8372,0
8373,0
8374,0
8375,0
8376,0
8377,0
8378,0
8379,0
8380,0
8381,0
8382,0
8383,0
8384,0
8385,0
8386,0
8387,0
8388,0
8389,0
8390,0
8391,0
8392,0
8393,0
8394,0
8395,0
8396,0
8397,0
8398,0
8399,0
8400,0
8401,0
8402,0
8403,0
8404,0
8405,0
8406,0
8407,0
8408,0
8409,0
8410,0
8411,0
8412,0
8413,0
8414,0
8415,0
8416,0
8417,0
8418,0
8419,0
8420,0
8421,0
8422,0
8423,0
8424,0
8425,0
8426,0
8427,0
8428,0
8429,0
8430,0
8431,0
8432,0
8433,0
8434,0
8435,0
8436,0
8437,0
8438,0
8439,0
8440,0
8441,0
8442,0
8443,0
8444,0
8445,0
8446,0
8447,0
8448,0
8449,0
8450,0
8451,0
8452,0
8453,0
8454,0
8455,0
8456,0
8457,0
8458,0
8459,0
8460,0
8461,0
8462,0
8463,0
8464,0
8465,0
8466,0
8467,0
8468,0
8469,0
8470,0
8471,0
8472,0
8473,0
8474,0
8475,0
8476,0
8477,0
8478,0
8479,0
8480,0
8481,0
8482,0
8483,0
8484,0
8485,0
8486,0
8487,0
8488,0
8489,0
8490,0
8491,0
8492,0
8493,0
8494,0
8495,0
8496,0
8497,0
8498,0
8499,0
8500,0
8501,0
8502,0
8503,0
8504,0
8505,0
8506,0
8507,0
8508,0
8509,0
8510,0
8511,0
8512,0
8513,0
8514,0
8515,0
8516,0
8517,0
8518,0
8519,0
8520,0
8521,0
8522,0
8523,0
8524,0
8525,0
8526,0
8527,0
8528,0
8529,0
8530,0
8531,0
8532,0
8533,0
8534,0
8535,0
8536,0
8537,0
8538,0
8539,0
8540,0
8541,0
8542,0
8543,0
8544,0
8545,0
8546,0
8547,0
8548,0
8549,0
8550,0
8551,0
8552,0
8553,0
8554,0
8555,0
8556,0
8557,0
8558,0
8559,0
8560,0
8561,0
8562,0
8563,0
8564,0
8565,0
8566,0
8567,0
8568,0
8569,0
8570,0
8571,0
8572,0
8573,0
8574,0
8575,0
8576,0
8577,0
8578,0
8579,0
8580,0
8581,0
8582,0
8583,0
8584,0
8585,0
8586,0
8587,0
8588,0
8589,0
8590,0
8591,0
8592,0
8593,0
8594,0
8595,0
8596,0
8597,0
8598,0
8599,0
8600,0
8601,0
8602,0
8603,0
8604,0
8605,0
8606,0
8607,0
8608,0
8609,0
8610,0
8611,0
8612,0
8613,0
8614,0
8615,0
8616,0
8617,0
8618,0
8619,0
8620,0
8621,0
8622,0
8623,0
8624,0
8625,0
8626,0
8627,0
8628,0
8629,0
8630,0
8631,0
8632,0
8633,0
8634,0
8635,0
8636,0
8637,0
8638,0
8639,0
8640,0
8641,0
8642,0
8643,0
8644,0
8645,0
8646,0
8647,0
8648,0
8649,0
8650,0
8651,0
8652,0
8653,0
8654,0
8655,0
8656,0
8657,0
8658,0
8659,0
8660,0
8661,0
8662,0
8663,0
8664,0
8665,0
8666,0
8667,0
8668,0
8669,0
8670,0
8671,0
8672,0
8673,0
8674,0
8675,0
8676,0
8677,0
8678,0
8679,0
8680,0
8681,0
8682,0
8683,0
8684,0
8685,0
8686,0
8687,0
8688,0
8689,0
8690,0
8691,0
8692,0
8693,0
8694,0
8695,0
8696,0
8697,0
8698,0
8699,0
8700,0
8701,0
8702,0
8703,0
8704,0
8705,0
8706,0
8707,0
8708,0
8709,0
8710,0
8711,0
8712,0
8713,0
8714,0
8715,0
8716,0
8717,0
8718,0
8719,0
8720,0
8721,0
8722,0
8723,0
8724,0
8725,0
8726,0
8727,0
8728,0
8729,0
8730,0
8731,0
8732,0
8733,0
8734,0
8735,0
8736,0
8737,0
8738,0
8739,0
8740,0
8741,0
8742,0
8743,0
8744,0
8745,0
8746,0
8747,0
8748,0
8749,0
8750,0
8751,0
8752,0
8753,0
8754,0
8755,0
8756,0
8757,0
8758,0
8759,0
8760,0
8761,0
8762,0
8763,0
8764,0
8765,0
8766,0
8767,0
8768,0
8769,0
8770,0
8771,0
8772,0
8773,0
8774,0
8775,0
8776,0
8777,0
8778,0
8779,0
8780,0
8781,0
8782,0
8783,0
8784,0
8785,0
8786,0
8787,0
8788,0
8789,0
8790,0
8791,0
8792,0
8793,0
8794,0
8795,0
8796,0
8797,0
8798,0
8799,0
8800,0
8801,0
8802,0
8803,0
8804,0
8805,0
8806,0
8807,0
8808,0
8809,0
8810,0
8811,0
8812,0
8813,0
8814,0
8815,0
8816,0
8817,0
8818,0
8819,0
8820,0
8821,0
8822,0
8823,0
8824,0
8825,0
8826,0
8827,0
8828,0
8829,0
8830,0
8831,0
8832,0
8833,0
8834,0
8835,0
8836,0
8837,0
8838,0
8839,0
8840,0
8841,0
8842,0
8843,0
8844,0
8845,0
8846,0
8847,0
8848,0
8849,0
8850,0
8851,0
8852,0
8853,0
8854,0
8855,0
8856,0
8857,0
8858,0
8859,0
8860,0
8861,0
8862,0
8863,0
8864,0
8865,0
8866,0
8867,0
8868,0
8869,0
8870,0
8871,0
8872,0
8873,0
8874,0
8875,0
8876,0
8877,0
8878,0
8879,0
8880,0
8881,0
8882,0
8883,0
8884,0
8885,0
8886,0
8887,0
8888,0
8889,0
8890,0
8891,0
8892,0
8893,0
8894,0
8895,0
8896,0
8897,0
8898,0
8899,0
8900,0
8901,0
8902,0
8903,0
8904,0
8905,0
8906,0
8907,0
8908,0
8909,0
8910,0
8911,0
8912,0
8913,0
8914,0
8915,0
8916,0
8917,0
8918,0
8919,0
8920,0
8921,0
8922,0
8923,0
8924,0
8925,0
8926,0
8927,0
8928,0
8929,0
8930,0
8931,0
8932,0
8933,0
8934,0
8935,0
8936,0
8937,0
8938,0
8939,0
8940,0
8941,0
8942,0
8943,0
8944,0
8945,0
8946,0
8947,0
8948,0
8949,0
8950,0
8951,0
8952,0
8953,0
8954,0
8955,0
8956,0
8957,0
8958,0
8959,0
8960,0
8961,0
8962,0
8963,0
8964,0
8965,0
8966,0
8967,0
8968,0
8969,0
8970,0
8971,0
8972,0
8973,0
8974,0
8975,0
8976,0
8977,0
8978,0
8979,0
8980,0
8981,0
8982,0
8983,0
8984,0
8985,0
8986,0
8987,0
8988,0
8989,0
8990,0
8991,0
8992,0
8993,0
8994,0
8995,0
8996,0
8997,0
8998,0
8999,0
9000,0
9001,0
9002,0
9003,0
9004,0
9005,0
9006,0
9007,0
9008,0
9009,0
9010,0
9011,0
9012,0
9013,0
9014,0
9015,0
9016,0
9017,0
9018,0
9019,0
9020,0
9021,0
9022,0
9023,0
9024,0
9025,0
9026,0
9027,0
9028,0
9029,0
9030,0
9031,0
9032,0
9033,0
9034,0
9035,0
9036,0
9037,0
9038,0
9039,0
9040,0
9041,0
9042,0
9043,0
9044,0
9045,0
9046,0
9047,0
9048,0
9049,0
9050,0
9051,0
9052,0
9053,0
9054,0
9055,0
9056,0
9057,0
9058,0
9059,0
9060,0
9061,0
9062,0
9063,0
9064,0
9065,0
9066,0
9067,0
9068,0
9069,0
9070,0
9071,0
9072,0
9073,0
9074,0
9075,0
9076,0
9077,0
9078,0
9079,0
9080,0
9081,0
9082,0
9083,0
9084,0
9085,0
9086,0
9087,0
9088,0
9089,0
9090,0
9091,0
9092,0
9093,0
9094,0
9095,0
9096,0
9097,0
9098,0
9099,0
9100,0
9101,0
9102,0
9103,0
9104,0
9105,0
9106,0
9107,0
9108,0
9109,0
9110,0
9111,0
9112,0
9113,0
9114,0
9115,0
9116,0
9117,0
9118,0
9119,0
9120,0
9121,0
9122,0
9123,0
9124,0
9125,0
9126,0
9127,0
9128,0
9129,0
9130,0
9131,0
9132,0
9133,0
9134,0
9135,0
9136,0
9137,0
9138,0
9139,0
9140,0
9141,0
9142,0
9143,0
9144,0
9145,0
9146,0
9147,0
9148,0
9149,0
9150,0
9151,0
9152,0
9153,0
9154,0
9155,0
9156,0
9157,0
9158,0
9159,0
9160,0
9161,0
9162,0
9163,0
9164,0
9165,0
9166,0
9167,0
9168,0
9169,0
9170,0
9171,0
9172,0
9173,0
9174,0
9175,0
9176,0
9177,0
9178,0
9179,0
9180,0
9181,0
9182,0
9183,0
9184,0
9185,0
9186,0
9187,0
9188,0
9189,0
9190,0
9191,0
9192,0
9193,0
9194,0
9195,0
9196,0
9197,0
9198,0
9199,0
9200,0
9201,0
9202,0
9203,0
9204,0
9205,0
9206,0
9207,0
9208,0
9209,0
9210,0
9211,0
9212,0
9213,0
9214,0
9215,0
9216,0
9217,0
9218,0
9219,0
9220,0
9221,0
9222,0
9223,0
9224,0
9225,0
9226,0
9227,0
9228,0
9229,0
9230,0
9231,0
9232,0
9233,0
9234,0
9235,0
9236,0
9237,0
9238,0
9239,0
9240,0
9241,0
9242,0
9243,0
9244,0
9245,0
9246,0
9247,0
9248,0
9249,0
9250,0
9251,0
9252,0
9253,0
9254,0
9255,0
9256,0
9257,0
9258,0
9259,0
9260,0
9261,0
9262,0
9263,0
9264,0
9265,0
9266,0
9267,0
9268,0
9269,0
9270,0
9271,0
9272,0
9273,0
9274,0
9275,0
9276,0
9277,0
9278,0
9279,0
9280,0
9281,0
9282,0
9283,0
9284,0
9285,0
9286,0
9287,0
9288,0
9289,0
9290,0
9291,0
9292,0
9293,0
9294,0
9295,0
9296,0
9297,0
9298,0
9299,0
9300,0
9301,0
9302,0
9303,0
9304,0
9305,0
9306,0
9307,0
9308,0
9309,0
9310,0
9311,0
9312,0
9313,0
9314,0
9315,0
9316,0
9317,0
9318,0
9319,0
9320,0
9321,0
9322,0
9323,0
9324,0
9325,0
9326,0
9327,0
9328,0
9329,0
9330,0
9331,0
9332,0
9333,0
9334,0
9335,0
9336,0
9337,0
9338,0
9339,0
9340,0
9341,0
9342,0
9343,0
9344,0
9345,0
9346,0
9347,0
9348,0
9349,0
9350,0
9351,0
9352,0
9353,0
9354,0
9355,0
9356,0
9357,0
9358,0
9359,0
9360,0
9361,0
9362,0
9363,0
9364,0
9365,0
9366,0
9367,0
9368,0
9369,0
9370,0
9371,0
9372,0
9373,0
9374,0
9375,0
9376,0
9377,0
9378,0
9379,0
9380,0
9381,0
9382,0
9383,0
9384,0
9385,0
9386,0
9387,0
9388,0
9389,0
9390,0
9391,0
9392,0
9393,0
9394,0
9395,0
9396,0
9397,0
9398,0
9399,0
9400,0
9401,0
9402,0
9403,0
9404,0
9405,0
9406,0
9407,0
9408,0
9409,0
9410,0
9411,0
9412,0
9413,0
9414,0
9415,0
9416,0
9417,0
9418,0
9419,0
9420,0
9421,0
9422,0
9423,0
9424,0
9425,0
9426,0
9427,0
9428,0
9429,0
9430,0
9431,0
9432,0
9433,0
9434,0
9435,0
9436,0
9437,0
9438,0
9439,0
9440,0
9441,0
9442,0
9443,0
9444,0
9445,0
9446,0
9447,0
9448,0
9449,0
9450,0
9451,0
9452,0
9453,0
9454,0
9455,0
9456,0
9457,0
9458,0
9459,0
9460,0
9461,0
9462,0
9463,0
9464,0
9465,0
9466,0
9467,0
9468,0
9469,0
9470,0
9471,0
9472,0
9473,0
9474,0
9475,0
9476,0
9477,0
9478,0
9479,0
9480,0
9481,0
9482,0
9483,0
9484,0
9485,0
9486,0
9487,0
9488,0
9489,0
9490,0
9491,0
9492,0
9493,0
9494,0
9495,0
9496,0
9497,0
9498,0
9499,0
9500,0
9501,0
9502,0
9503,0
9504,0
9505,0
9506,0
9507,0
9508,0
9509,0
9510,0
9511,0
9512,0
9513,0
9514,0
9515,0
9516,0
9517,0
9518,0
9519,0
9520,0
9521,0
9522,0
9523,0
9524,0
9525,0
9526,0
9527,0
9528,0
9529,0
9530,0
9531,0
9532,0
9533,0
9534,0
9535,0
9536,0
9537,0
9538,0
9539,0
9540,0
9541,0
9542,0
9543,0
9544,0
9545,0
9546,0
9547,0
9548,0
9549,0
9550,0
9551,0
9552,0
9553,0
9554,0
9555,0
9556,0
9557,0
9558,0
9559,0
9560,0
9561,0
9562,0
9563,0
9564,0
9565,0
9566,0
9567,0
9568,0
9569,0
9570,0
9571,0
9572,0
9573,0
9574,0
9575,0
9576,0
9577,0
9578,0
9579,0
9580,0
9581,0
9582,0
9583,0
9584,0
9585,0
9586,0
9587,0
9588,0
9589,0
9590,0
9591,0
9592,0
9593,0
9594,0
9595,0
9596,0
9597,0
9598,0
9599,0
9600,0
9601,0
9602,0
9603,0
9604,0
9605,0
9606,0
9607,0
9608,0
9609,0
9610,0
9611,0
9612,0
9613,0
9614,0
9615,0
9616,0
9617,0
9618,0
9619,0
9620,0
9621,0
9622,0
9623,0
9624,0
9625,0
9626,0
9627,0
9628,0
9629,0
9630,0
9631,0
9632,0
9633,0
9634,0
9635,0
9636,0
9637,0
9638,0
9639,0
9640,0
9641,0
9642,0
9643,0
9644,0
9645,0
9646,0
9647,0
9648,0
9649,0
9650,0
9651,0
9652,0
9653,0
9654,0
9655,0
9656,0
9657,0
9658,0
9659,0
9660,0
9661,0
9662,0
9663,0
9664,0
9665,0
9666,0
9667,0
9668,0
9669,0
9670,0
9671,0
9672,0
9673,0
9674,0
9675,0
9676,0
9677,0
9678,0
9679,0
9680,0
9681,0
9682,0
9683,0
9684,0
9685,0
9686,0
9687,0
9688,0
9689,0
9690,0
9691,0
9692,0
9693,0
9694,0
9695,0
9696,0
9697,0
9698,0
9699,0
9700,0
9701,0
9702,0
9703,0
9704,0
9705,0
9706,0
9707,0
9708,0
9709,0
9710,0
9711,0
9712,0
9713,0
9714,0
9715,0
9716,0
9717,0
9718,0
9719,0
9720,0
9721,0
9722,0
9723,0
9724,0
9725,0
9726,0
9727,0
9728,0
9729,0
9730,0
9731,0
9732,0
9733,0
9734,0
9735,0
9736,0
9737,0
9738,0
9739,0
9740,0
9741,0
9742,0
9743,0
9744,0
9745,0
9746,0
9747,0
9748,0
9749,0
9750,0
9751,0
9752,0
9753,0
9754,0
9755,0
9756,0
9757,0
9758,0
9759,0
9760,0
9761,0
9762,0
9763,0
9764,0
9765,0
9766,0
9767,0
9768,0
9769,0
9770,0
9771,0
9772,0
9773,0
9774,0
9775,0
9776,0
9777,0
9778,0
9779,0
9780,0
9781,0
9782,0
9783,0
9784,0
9785,0
9786,0
9787,0
9788,0
9789,0
9790,0
9791,0
9792,0
9793,0
9794,0
9795,0
9796,0
9797,0
9798,0
9799,0
9800,0
9801,0
9802,0
9803,0
9804,0
9805,0
9806,0
9807,0
9808,0
9809,0
9810,0
9811,0
9812,0
9813,0
9814,0
9815,0
9816,0
9817,0
9818,0
9819,0
9820,0
9821,0
9822,0
9823,0
9824,0
9825,0
9826,0
9827,0
9828,0
9829,0
9830,0
9831,0
9832,0
9833,0
9834,0
9835,0
9836,0
9837,0
9838,0
9839,0
9840,0
9841,0
9842,0
9843,0
9844,0
9845,0
9846,0
9847,0
9848,0
9849,0
9850,0
9851,0
9852,0
9853,0
9854,0
9855,0
9856,0
9857,0
9858,0
9859,0
9860,0
9861,0
9862,0
9863,0
9864,0
9865,0
9866,0
9867,0
9868,0
9869,0
9870,0
9871,0
9872,0
9873,0
9874,0
9875,0
9876,0
9877,0
9878,0
9879,0
9880,0
9881,0
9882,0
9883,0
9884,0
9885,0
9886,0
9887,0
9888,0
9889,0
9890,0
9891,0
9892,0
9893,0
9894,0
9895,0
9896,0
9897,0
9898,0
9899,0
9900,0
9901,0
9902,0
9903,0
9904,0
9905,0
9906,0
9907,0
9908,0
9909,0
9910,0
9911,0
9912,0
9913,0
9914,0
9915,0
9916,0
9917,0
9918,0
9919,0
9920,0
9921,0
9922,0
9923,0
9924,0
9925,0
9926,0
9927,0
9928,0
9929,0
9930,0
9931,0
9932,0
9933,0
9934,0
9935,0
9936,0
9937,0
9938,0
9939,0
9940,0
9941,0
9942,0
9943,0
9944,0
9945,0
9946,0
9947,0
9948,0
9949,0
9950,0
9951,0
9952,0
9953,0
9954,0
9955,0
9956,0
9957,0
9958,0
9959,0
9960,0
9961,0
9962,0
9963,0
9964,0
9965,0
9966,0
9967,0
9968,0
9969,0
9970,0
9971,0
9972,0
9973,0
9974,0
9975,0
9976,0
9977,0
9978,0
9979,0
9980,0
9981,0
9982,0
9983,0
9984,0
9985,0
9986,0
9987,0
9988,0
9989,0
9990,0
9991,0
9992,0
9993,0
9994,0
9995,0
9996,0
9997,0
9998,0
9999,0
10000,0
10001,0
10002,0
10003,0
10004,0
10005,0
10006,0
10007,0
10008,0
10009,0
10010,0
10011,0
10012,0
10013,0
10014,0
10015,0
10016,0
10017,0
10018,0
10019,0
10020,0
10021,0
10022,0
10023,0
10024,0
10025,0
10026,0
10027,0
10028,0
10029,0
10030,0
10031,0
10032,0
10033,0
10034,0
10035,0
10036,0
10037,0
10038,0
10039,0
10040,0
10041,0
10042,0
10043,0
10044,0
10045,0
10046,0
10047,0
10048,0
10049,0
10050,0
10051,0
10052,0
10053,0
10054,0
10055,0
10056,0
10057,0
10058,0
10059,0
10060,0
10061,0
10062,0
10063,0
10064,0
10065,0
10066,0
10067,0
10068,0
10069,0
10070,0
10071,0
10072,0
10073,0
10074,0
10075,0
10076,0
10077,0
10078,0
10079,0
10080,0
10081,0
10082,0
10083,0
10084,0
10085,0
10086,0
10087,0
10088,0
10089,0
10090,0
10091,0
10092,0
10093,0
10094,0
10095,0
10096,0
10097,0
10098,0
10099,0
10100,0
10101,0
10102,0
10103,0
10104,0
10105,0
10106,0
10107,0
10108,0
10109,0
10110,0
10111,0
10112,0
10113,0
10114,0
10115,0
10116,0
10117,0
10118,0
10119,0
10120,0
10121,0
10122,0
10123,0
10124,0
10125,0
10126,0
10127,0
10128,0
10129,0
10130,0
10131,0
10132,0
10133,0
10134,0
10135,0
10136,0
10137,0
10138,0
10139,0
10140,0
10141,0
10142,0
10143,0
10144,0
10145,0
10146,0
10147,0
10148,0
10149,0
10150,0
10151,0
10152,0
10153,0
10154,0
10155,0
10156,0
10157,0
10158,0
10159,0
10160,0
10161,0
10162,0
10163,0
10164,0
10165,0
10166,0
10167,0
10168,0
10169,0
10170,0
10171,0
10172,0
10173,0
10174,0
10175,0
10176,0
10177,0
10178,0
10179,0
10180,0
10181,0
10182,0
10183,0
10184,0
10185,0
10186,0
10187,0
10188,0
10189,0
10190,0
10191,0
10192,0
10193,0
10194,0
10195,0
10196,0
10197,0
10198,0
10199,0
10200,0
10201,0
10202,0
10203,0
10204,0
10205,0
10206,0
10207,0
10208,0
10209,0
10210,0
10211,0
10212,0
10213,0
10214,0
10215,0
10216,0
10217,0
10218,0
10219,0
10220,0
10221,0
10222,0
10223,0
10224,0
10225,0
10226,0
10227,0
10228,0
10229,0
10230,0
10231,0
10232,0
10233,0
10234,0
10235,0
10236,0
10237,0
10238,0
10239,0
10240,0
10241,0
10242,0
10243,0
10244,0
10245,0
10246,0
10247,0
10248,0
10249,0
10250,0
10251,0
10252,0
10253,0
10254,0
10255,0
10256,0
10257,0
10258,0
10259,0
10260,0
10261,0
10262,0
10263,0
10264,0
10265,0
10266,0
10267,0
10268,0
10269,0
10270,0
10271,0
10272,0
10273,0
10274,0
10275,0
10276,0
10277,0
10278,0
10279,0
10280,0
10281,0
10282,0
10283,0
10284,0
10285,0
10286,0
10287,0
10288,0
10289,0
10290,0
10291,0
10292,0
10293,0
10294,0
10295,0
10296,0
10297,0
10298,0
10299,0
10300,0
10301,0
10302,0
10303,0
10304,0
10305,0
10306,0
10307,0
10308,0
10309,0
10310,0
10311,0
10312,0
10313,0
10314,0
10315,0
10316,0
10317,0
10318,0
10319,0
10320,0
10321,0
10322,0
10323,0
10324,0
10325,0
10326,0
10327,0
10328,0
10329,0
10330,0
10331,0
10332,0
10333,0
10334,0
10335,0
10336,0
10337,0
10338,0
10339,0
10340,0
10341,0
10342,0
10343,0
10344,0
10345,0
10346,0
10347,0
10348,0
10349,0
10350,0
10351,0
10352,0
10353,0
10354,0
10355,0
10356,0
10357,0
10358,0
10359,0
10360,0
10361,0
10362,0
10363,0
10364,0
10365,0
10366,0
10367,0
10368,0
10369,0
10370,0
10371,0
10372,0
10373,0
10374,0
10375,0
10376,0
10377,0
10378,0
10379,0
10380,0
10381,0
10382,0
10383,0
10384,0
10385,0
10386,0
10387,0
10388,0
10389,0
10390,0
10391,0
10392,0
10393,0
10394,0
10395,0
10396,0
10397,0
10398,0
10399,0
10400,0
10401,0
10402,0
10403,0
10404,0
10405,0
10406,0
10407,0
10408,0
10409,0
10410,0
10411,0
10412,0
10413,0
10414,0
10415,0
10416,0
10417,0
10418,0
10419,0
10420,0
10421,0
10422,0
10423,0
10424,0
10425,0
10426,0
10427,0
10428,0
10429,0
10430,0
10431,0
10432,0
10433,0
10434,0
10435,0
10436,0
10437,0
10438,0
10439,0
10440,0
10441,0
10442,0
10443,0
10444,0
10445,0
10446,0
10447,0
10448,0
10449,0
10450,0
10451,0
10452,0
10453,0
10454,0
10455,0
10456,0
10457,0
10458,0
10459,0
10460,0
10461,0
10462,0
10463,0
10464,0
10465,0
10466,0
10467,0
10468,0
10469,0
10470,0
10471,0
10472,0
10473,0
10474,0
10475,0
10476,0
10477,0
10478,0
10479,0
10480,0
10481,0
10482,0
10483,0
10484,0
10485,0
10486,0
10487,0
10488,0
10489,0
10490,0
10491,0
10492,0
10493,0
10494,0
10495,0
10496,0
10497,0
10498,0
10499,0
10500,0
10501,0
10502,0
10503,0
10504,0
10505,0
10506,0
10507,0
10508,0
10509,0
10510,0
10511,0
10512,0
10513,0
10514,0
10515,0
10516,0
10517,0
10518,0
10519,0
10520,0
10521,0
10522,0
10523,0
10524,0
10525,0
10526,0
10527,0
10528,0
10529,0
10530,0
10531,0
10532,0
10533,0
10534,0
10535,0
10536,0
10537,0
10538,0
10539,0
10540,0
10541,0
10542,0
10543,0
10544,0
10545,0
10546,0
10547,0
10548,0
10549,0
10550,0
10551,0
10552,0
10553,0
10554,0
10555,0
10556,0
10557,0
10558,0
10559,0
10560,0
10561,0
10562,0
10563,0
10564,0
10565,0
10566,0
10567,0
10568,0
10569,0
10570,0
10571,0
10572,0
10573,0
10574,0
10575,0
10576,0
10577,0
10578,0
10579,0
10580,0
10581,0
10582,0
10583,0
10584,0
10585,0
10586,0
10587,0
10588,0
10589,0
10590,0
10591,0
10592,0
10593,0
10594,0
10595,0
10596,0
10597,0
10598,0
10599,0
10600,0
10601,0
10602,0
10603,0
10604,0
10605,0
10606,0
10607,0
10608,0
10609,0
10610,0
10611,0
10612,0
10613,0
10614,0
10615,0
10616,0
10617,0
10618,0
10619,0
10620,0
10621,0
10622,0
10623,0
10624,0
10625,0
10626,0
10627,0
10628,0
10629,0
10630,0
10631,0
10632,0
10633,0
10634,0
10635,0
10636,0
10637,0
10638,0
10639,0
10640,0
10641,0
10642,0
10643,0
10644,0
10645,0
10646,0
10647,0
10648,0
10649,0
10650,0
10651,0
10652,0
10653,0
10654,0
10655,0
10656,0
10657,0
10658,0
10659,0
10660,0
10661,0
10662,0
10663,0
10664,0
10665,0
10666,0
10667,0
10668,0
10669,0
10670,0
10671,0
10672,0
10673,0
10674,0
10675,0
10676,0
10677,0
10678,0
10679,0
10680,0
10681,0
10682,0
10683,0
10684,0
10685,0
10686,0
10687,0
10688,0
10689,0
10690,0
10691,0
10692,0
10693,0
10694,0
10695,0
10696,0
10697,0
10698,0
10699,0
10700,0
10701,0
10702,0
10703,0
10704,0
10705,0
10706,0
10707,0
10708,0
10709,0
10710,0
10711,0
10712,0
10713,0
10714,0
10715,0
10716,0
10717,0
10718,0
10719,0
10720,0
10721,0
10722,0
10723,0
10724,0
10725,0
10726,0
10727,0
10728,0
10729,0
10730,0
10731,0
10732,0
10733,0
10734,0
10735,0
10736,0
10737,0
10738,0
10739,0
10740,0
10741,0
10742,0
10743,0
10744,0
10745,0
10746,0
10747,0
10748,0
10749,0
10750,0
10751,0
10752,0
10753,0
10754,0
10755,0
10756,0
10757,0
10758,0
10759,0
10760,0
10761,0
10762,0
10763,0
10764,0
10765,0
10766,0
10767,0
10768,0
10769,0
10770,0
10771,0
10772,0
10773,0
10774,0
10775,0
10776,0
10777,0
10778,0
10779,0
10780,0
10781,0
10782,0
10783,0
10784,0
10785,0
10786,0
10787,0
10788,0
10789,0
10790,0
10791,0
10792,0
10793,0
10794,0
10795,0
10796,0
10797,0
10798,0
10799,0
10800,0
10801,0
10802,0
10803,0
10804,0
10805,0
10806,0
10807,0
10808,0
10809,0
10810,0
10811,0
10812,0
10813,0
10814,0
10815,0
10816,0
10817,0
10818,0
10819,0
10820,0
10821,0
10822,0
10823,0
10824,0
10825,0
10826,0
10827,0
10828,0
10829,0
10830,0
10831,0
10832,0
10833,0
10834,0
10835,0
10836,0
10837,0
10838,0
10839,0
10840,0
10841,0
10842,0
10843,0
10844,0
10845,0
10846,0
10847,0
10848,0
10849,0
10850,0
10851,0
10852,0
10853,0
10854,0
10855,0
10856,0
10857,0
10858,0
10859,0
10860,0
10861,0
10862,0
10863,0
10864,0
10865,0
10866,0
10867,0
10868,0
10869,0
10870,0
10871,0
10872,0
10873,0
10874,0
10875,0
10876,0
10877,0
10878,0
10879,0
10880,0
10881,0
10882,0
10883,0
10884,0
10885,0
10886,0
10887,0
10888,0
10889,0
10890,0
10891,0
10892,0
10893,0
10894,0
10895,0
10896,0
10897,0
10898,0
10899,0
10900,0
10901,0
10902,0
10903,0
10904,0
10905,0
10906,0
10907,0
10908,0
10909,0
10910,0
10911,0
10912,0
10913,0
10914,0
10915,0
10916,0
10917,0
10918,0
10919,0
10920,0
10921,0
10922,0
10923,0
10924,0
10925,0
10926,0
10927,0
10928,0
10929,0
10930,0
10931,0
10932,0
10933,0
10934,0
10935,0
10936,0
10937,0
10938,0
10939,0
10940,0
10941,0
10942,0
10943,0
10944,0
10945,0
10946,0
10947,0
10948,0
10949,0
10950,0
10951,0
10952,0
10953,0
10954,0
10955,0
10956,0
10957,0
10958,0
10959,0
10960,0
10961,0
10962,0
10963,0
10964,0
10965,0
10966,0
10967,0
10968,0
10969,0
10970,0
10971,0
10972,0
10973,0
10974,0
10975,0
10976,0
10977,0
10978,0
10979,0
10980,0
10981,0
10982,0
10983,0
10984,0
10985,0
10986,0
10987,0
10988,0
10989,0
10990,0
10991,0
10992,0
10993,0
10994,0
10995,0
10996,0
10997,0
10998,0
10999,0
11000,0
11001,0
11002,0
11003,0
11004,0
11005,0
11006,0
11007,0
11008,0
11009,0
11010,0
11011,0
11012,0
11013,0
11014,0
11015,0
11016,0
11017,0
11018,0
11019,0
11020,0
11021,0
11022,0
11023,0
11024,0
11025,0
11026,0
11027,0
11028,0
11029,0
11030,0
11031,0
11032,0
11033,0
11034,0
11035,0
11036,0
11037,0
11038,0
11039,0
11040,0
11041,0
11042,0
11043,0
11044,0
11045,0
11046,0
11047,0
11048,0
11049,0
11050,0
11051,0
11052,0
11053,0
11054,0
11055,0
11056,0
11057,0
11058,0
11059,0
11060,0
11061,0
11062,0
11063,0
11064,0
11065,0
11066,0
11067,0
11068,0
11069,0
11070,0
11071,0
11072,0
11073,0
11074,0
11075,0
11076,0
11077,0
11078,0
11079,0
11080,0
11081,0
11082,0
11083,0
11084,0
11085,0
11086,0
11087,0
11088,0
11089,0
11090,0
11091,0
11092,0
11093,0
11094,0
11095,0
11096,0
11097,0
11098,0
11099,0
11100,0
11101,0
11102,0
11103,0
11104,0
11105,0
11106,0
11107,0
11108,0
11109,0
11110,0
11111,0
11112,0
11113,0
11114,0
11115,0
11116,0
11117,0
11118,0
11119,0
11120,0
11121,0
11122,0
11123,0
11124,0
11125,0
11126,0
11127,0
11128,0
11129,0
11130,0
11131,0
11132,0
11133,0
11134,0
11135,0
11136,0
11137,0
11138,0
11139,0
11140,0
11141,0
11142,0
11143,0
11144,0
11145,0
11146,0
11147,0
11148,0
11149,0
11150,0
11151,0
11152,0
11153,0
11154,0
11155,0
11156,0
11157,0
11158,0
11159,0
11160,0
11161,0
11162,0
11163,0
11164,0
11165,0
11166,0
11167,0
11168,0
11169,0
11170,0
11171,0
11172,0
11173,0
11174,0
11175,0
11176,0
11177,0
11178,0
11179,0
11180,0
11181,0
11182,0
11183,0
11184,0
11185,0
11186,0
11187,0
11188,0
11189,0
11190,0
11191,0
11192,0
11193,0
11194,0
11195,0
11196,0
11197,0
11198,0
11199,0
11200,0
11201,0
11202,0
11203,0
11204,0
11205,0
11206,0
11207,0
11208,0
11209,0
11210,0
11211,0
11212,0
11213,0
11214,0
11215,0
11216,0
11217,0
11218,0
11219,0
11220,0
11221,0
11222,0
11223,0
11224,0
11225,0
11226,0
11227,0
11228,0
11229,0
11230,0
11231,0
11232,0
11233,0
11234,0
11235,0
11236,0
11237,0
11238,0
11239,0
11240,0
11241,0
11242,0
11243,0
11244,0
11245,0
11246,0
11247,0
11248,0
11249,0
11250,0
11251,0
11252,0
11253,0
11254,0
11255,0
11256,0
11257,0
11258,0
11259,0
11260,0
11261,0
11262,0
11263,0
11264,0
11265,0
11266,0
11267,0
11268,0
11269,0
11270,0
11271,0
11272,0
11273,0
11274,0
11275,0
11276,0
11277,0
11278,0
11279,0
11280,0
11281,0
11282,0
11283,0
11284,0
11285,0
11286,0
11287,0
11288,0
11289,0
11290,0
11291,0
11292,0
11293,0
11294,0
11295,0
11296,0
11297,0
11298,0
11299,0
11300,0
11301,0
11302,0
11303,0
11304,0
11305,0
11306,0
11307,0
11308,0
11309,0
11310,0
11311,0
11312,0
11313,0
11314,0
11315,0
11316,0
11317,0
11318,0
11319,0
11320,0
11321,0
11322,0
11323,0
11324,0
11325,0
11326,0
11327,0
11328,0
11329,0
11330,0
11331,0
11332,0
11333,0
11334,0
11335,0
11336,0
11337,0
11338,0
11339,0
11340,0
11341,0
11342,0
11343,0
11344,0
11345,0
11346,0
11347,0
11348,0
11349,0
11350,0
11351,0
11352,0
11353,0
11354,0
11355,0
11356,0
11357,0
11358,0
11359,0
11360,0
11361,0
11362,0
11363,0
11364,0
11365,0
11366,0
11367,0
11368,0
11369,0
11370,0
11371,0
11372,0
11373,0
11374,0
11375,0
11376,0
11377,0
11378,0
11379,0
11380,0
11381,0
11382,0
11383,0
11384,0
11385,0
11386,0
11387,0
11388,0
11389,0
11390,0
11391,0
11392,0
11393,0
11394,0
11395,0
11396,0
11397,0
11398,0
11399,0
11400,0
11401,0
11402,0
11403,0
11404,0
11405,0
11406,0
11407,0
11408,0
11409,0
11410,0
11411,0
11412,0
11413,0
11414,0
11415,0
11416,0
11417,0
11418,0
11419,0
11420,0
11421,0
11422,0
11423,0
11424,0
11425,0
11426,0
11427,0
11428,0
11429,0
11430,0
11431,0
11432,0
11433,0
11434,0
11435,0
11436,0
11437,0
11438,0
11439,0
11440,0
11441,0
11442,0
11443,0
11444,0
11445,0
11446,0
11447,0
11448,0
11449,0
11450,0
11451,0
11452,0
11453,0
11454,0
11455,0
11456,0
11457,0
11458,0
11459,0
11460,0
11461,0
11462,0
11463,0
11464,0
11465,0
11466,0
11467,0
11468,0
11469,0
11470,0
11471,0
11472,0
11473,0
11474,0
11475,0
11476,0
11477,0
11478,0
11479,0
11480,0
11481,0
11482,0
11483,0
11484,0
11485,0
11486,0
11487,0
11488,0
11489,0
11490,0
11491,0
11492,0
11493,0
11494,0
11495,0
11496,0
11497,0
11498,0
11499,0
11500,0
11501,0
11502,0
11503,0
11504,0
11505,0
11506,0
11507,0
11508,0
11509,0
11510,0
11511,0
11512,0
11513,0
11514,0
11515,0
11516,0
11517,0
11518,0
11519,0
11520,0
11521,0
11522,0
11523,0
11524,0
11525,0
11526,0
11527,0
11528,0
11529,0
11530,0
11531,0
11532,0
11533,0
11534,0
11535,0
11536,0
11537,0
11538,0
11539,0
11540,0
11541,0
11542,0
11543,0
11544,0
11545,0
11546,0
11547,0
11548,0
11549,0
11550,0
11551,0
11552,0
11553,0
11554,0
11555,0
11556,0
11557,0
11558,0
11559,0
11560,0
11561,0
11562,0
11563,0
11564,0
11565,0
11566,0
11567,0
11568,0
11569,0
11570,0
11571,0
11572,0
11573,0
11574,0
11575,0
11576,0
11577,0
11578,0
11579,0
11580,0
11581,0
11582,0
11583,0
11584,0
11585,0
11586,0
11587,0
11588,0
11589,0
11590,0
11591,0
11592,0
11593,0
11594,0
11595,0
11596,0
11597,0
11598,0
11599,0
11600,0
11601,0
11602,0
11603,0
11604,0
11605,0
11606,0
11607,0
11608,0
11609,0
11610,0
11611,0
11612,0
11613,0
11614,0
11615,0
11616,0
11617,0
11618,0
11619,0
11620,0
11621,0
11622,0
11623,0
11624,0
11625,0
11626,0
11627,0
11628,0
11629,0
11630,0
11631,0
11632,0
11633,0
11634,0
11635,0
11636,0
11637,0
11638,0
11639,0
11640,0
11641,0
11642,0
11643,0
11644,0
11645,0
11646,0
11647,0
11648,0
11649,0
11650,0
11651,0
11652,0
11653,0
11654,0
11655,0
11656,0
11657,0
11658,0
11659,0
11660,0
11661,0
11662,0
11663,0
11664,0
11665,0
11666,0
11667,0
11668,0
11669,0
11670,0
11671,0
11672,0
11673,0
11674,0
11675,0
11676,0
11677,0
11678,0
11679,0
11680,0
11681,0
11682,0
11683,0
11684,0
11685,0
11686,0
11687,0
11688,0
11689,0
11690,0
11691,0
11692,0
11693,0
11694,0
11695,0
11696,0
11697,0
11698,0
11699,0
11700,0
11701,0
11702,0
11703,0
11704,0
11705,0
11706,0
11707,0
11708,0
11709,0
11710,0
11711,0
11712,0
11713,0
11714,0
11715,0
11716,0
11717,0
11718,0
11719,0
11720,0
11721,0
11722,0
11723,0
11724,0
11725,0
11726,0
11727,0
11728,0
11729,0
11730,0
11731,0
11732,0
11733,0
11734,0
11735,0
11736,0
11737,0
11738,0
11739,0
11740,0
11741,0
11742,0
11743,0
11744,0
11745,0
11746,0
11747,0
11748,0
11749,0
11750,0
11751,0
11752,0
11753,0
11754,0
11755,0
11756,0
11757,0
11758,0
11759,0
11760,0
11761,0
11762,0
11763,0
11764,0
11765,0
11766,0
11767,0
11768,0
11769,0
11770,0
11771,0
11772,0
11773,0
11774,0
11775,0
11776,0
11777,0
11778,0
11779,0
11780,0
11781,0
11782,0
11783,0
11784,0
11785,0
11786,0
11787,0
11788,0
11789,0
11790,0
11791,0
11792,0
11793,0
11794,0
11795,0
11796,0
11797,0
11798,0
11799,0
11800,0
11801,0
11802,0
11803,0
11804,0
11805,0
11806,0
11807,0
11808,0
11809,0
11810,0
11811,0
11812,0
11813,0
11814,0
11815,0
11816,0
11817,0
11818,0
11819,0
11820,0
11821,0
11822,0
11823,0
11824,0
11825,0
11826,0
11827,0
11828,0
11829,0
11830,0
11831,0
11832,0
11833,0
11834,0
11835,0
11836,0
11837,0
11838,0
11839,0
11840,0
11841,0
11842,0
11843,0
11844,0
11845,0
11846,0
11847,0
11848,0
11849,0
11850,0
11851,0
11852,0
11853,0
11854,0
11855,0
11856,0
11857,0
11858,0
11859,0
11860,0
11861,0
11862,0
11863,0
11864,0
11865,0
11866,0
11867,0
11868,0
11869,0
11870,0
11871,0
11872,0
11873,0
11874,0
11875,0
11876,0
11877,0
11878,0
11879,0
11880,0
11881,0
11882,0
11883,0
11884,0
11885,0
11886,0
11887,0
11888,0
11889,0
11890,0
11891,0
11892,0
11893,0
11894,0
11895,0
11896,0
11897,0
11898,0
11899,0
11900,0
11901,0
11902,0
11903,0
11904,0
11905,0
11906,0
11907,0
11908,0
11909,0
11910,0
11911,0
11912,0
11913,0
11914,0
11915,0
11916,0
11917,0
11918,0
11919,0
11920,0
11921,0
11922,0
11923,0
11924,0
11925,0
11926,0
11927,0
11928,0
11929,0
11930,0
11931,0
11932,0
11933,0
11934,0
11935,0
11936,0
11937,0
11938,0
11939,0
11940,0
11941,0
11942,0
11943,0
11944,0
11945,0
11946,0
11947,0
11948,0
11949,0
11950,0
11951,0
11952,0
11953,0
11954,0
11955,0
11956,0
11957,0
11958,0
11959,0
11960,0
11961,0
11962,0
11963,0
11964,0
11965,0
11966,0
11967,0
11968,0
11969,0
11970,0
11971,0
11972,0
11973,0
11974,0
11975,0
11976,0
11977,0
11978,0
11979,0
11980,0
11981,0
11982,0
11983,0
11984,0
11985,0
11986,0
11987,0
11988,0
11989,0
11990,0
11991,0
11992,0
11993,0
11994,0
11995,0
11996,0
11997,0
11998,0
11999,0
12000,0
12001,0
12002,0
12003,0
12004,0
12005,0
12006,0
12007,0
12008,0
12009,0
12010,0
12011,0
12012,0
12013,0
12014,0
12015,0
12016,0
12017,0
12018,0
12019,0
12020,0
12021,0
12022,0
12023,0
12024,0
12025,0
12026,0
12027,0
12028,0
12029,0
12030,0
12031,0
12032,0
12033,0
12034,0
12035,0
12036,0
12037,0
12038,0
12039,0
12040,0
12041,0
12042,0
12043,0
12044,0
12045,0
12046,0
12047,0
12048,0
12049,0
12050,0
12051,0
12052,0
12053,0
12054,0
12055,0
12056,0
12057,0
12058,0
12059,0
12060,0
12061,0
12062,0
12063,0
12064,0
12065,0
12066,0
12067,0
12068,0
12069,0
12070,0
12071,0
12072,0
12073,0
12074,0
12075,0
12076,0
12077,0
12078,0
12079,0
12080,0
12081,0
12082,0
12083,0
12084,0
12085,0
12086,0
12087,0
12088,0
12089,0
12090,0
12091,0
12092,0
12093,0
12094,0
12095,0
12096,0
12097,0
12098,0
12099,0
12100,0
12101,0
12102,0
12103,0
12104,0
12105,0
12106,0
12107,0
12108,0
12109,0
12110,0
12111,0
12112,0
12113,0
12114,0
12115,0
12116,0
12117,0
12118,0
12119,0
12120,0
12121,0
12122,0
12123,0
12124,0
12125,0
12126,0
12127,0
12128,0
12129,0
12130,0
12131,0
12132,0
12133,0
12134,0
12135,0
12136,0
12137,0
12138,0
12139,0
12140,0
12141,0
12142,0
12143,0
12144,0
12145,0
12146,0
12147,0
12148,0
12149,0
12150,0
12151,0
12152,0
12153,0
12154,0
12155,0
12156,0
12157,0
12158,0
12159,0
12160,0
12161,0
12162,0
12163,0
12164,0
12165,0
12166,0
12167,0
12168,0
12169,0
12170,0
12171,0
12172,0
12173,0
12174,0
12175,0
12176,0
12177,0
12178,0
12179,0
12180,0
12181,0
12182,0
12183,0
12184,0
12185,0
12186,0
12187,0
12188,0
12189,0
12190,0
12191,0
12192,0
12193,0
12194,0
12195,0
12196,0
12197,0
12198,0
12199,0
12200,0
12201,0
12202,0
12203,0
12204,0
12205,0
12206,0
12207,0
12208,0
12209,0
12210,0
12211,0
12212,0
12213,0
12214,0
12215,0
12216,0
12217,0
12218,0
12219,0
12220,0
12221,0
12222,0
12223,0
12224,0
12225,0
12226,0
12227,0
12228,0
12229,0
12230,0
12231,0
12232,0
12233,0
12234,0
12235,0
12236,0
12237,0
12238,0
12239,0
12240,0
12241,0
12242,0
12243,0
12244,0
12245,0
12246,0
12247,0
12248,0
12249,0
12250,0
12251,0
12252,0
12253,0
12254,0
12255,0
12256,0
12257,0
12258,0
12259,0
12260,0
12261,0
12262,0
12263,0
12264,0
12265,0
12266,0
12267,0
12268,0
12269,0
12270,0
12271,0
12272,0
12273,0
12274,0
12275,0
12276,0
12277,0
12278,0
12279,0
12280,0
12281,0
12282,0
12283,0
12284,0
12285,0
12286,0
12287,0
12288,0
12289,0
12290,0
12291,0
12292,0
12293,0
12294,0
12295,0
12296,0
12297,0
12298,0
12299,0
12300,0
12301,0
12302,0
12303,0
12304,0
12305,0
12306,0
12307,0
12308,0
12309,0
12310,0
12311,0
12312,0
12313,0
12314,0
12315,0
12316,0
12317,0
12318,0
12319,0
12320,0
12321,0
12322,0
12323,0
12324,0
12325,0
12326,0
12327,0
12328,0
12329,0
12330,0
12331,0
12332,0
12333,0
12334,0
12335,0
12336,0
12337,0
12338,0
12339,0
12340,0
12341,0
12342,0
12343,0
12344,0
12345,0
12346,0
12347,0
12348,0
12349,0
12350,0
12351,0
12352,0
12353,0
12354,0
12355,0
12356,0
12357,0
12358,0
12359,0
12360,0
12361,0
12362,0
12363,0
12364,0
12365,0
12366,0
12367,0
12368,0
12369,0
12370,0
12371,0
12372,0
12373,0
12374,0
12375,0
12376,0
12377,0
12378,0
12379,0
12380,0
12381,0
12382,0
12383,0
12384,0
12385,0
12386,0
12387,0
12388,0
12389,0
12390,0
12391,0
12392,0
12393,0
12394,0
12395,0
12396,0
12397,0
12398,0
12399,0
12400,0
12401,0
12402,0
12403,0
12404,0
12405,0
12406,0
12407,0
12408,0
12409,0
12410,0
12411,0
12412,0
12413,0
12414,0
12415,0
12416,0
12417,0
12418,0
12419,0
12420,0
12421,0
12422,0
12423,0
12424,0
12425,0
12426,0
12427,0
12428,0
12429,0
12430,0
12431,0
12432,0
12433,0
12434,0
12435,0
12436,0
12437,0
12438,0
12439,0
12440,0
12441,0
12442,0.0001478
12443,0.0001478
12444,0.0001478
12445,0.0001478
12446,0.0001478
12447,0.0001478
12448,0.0001478
12449,0.0002974
12450,0.0002974
12451,0.0002974
12452,0.0002974
12453,0.0002974
12454,0.0002974
12455,0.0002974
12456,0.0002974
12457,0.0003684
12458,0.0003684
12459,0.0003684
12460,0.0003684
12461,0.0003684
12462,0.0003684
12463,0.0004929
12464,0.000806
12465,0.0009647
12466,0.0009647
12467,0.0009647
12468,0.0009647
12469,0.0019767
12470,0.0021086
12471,0.0030494
12472,0.0030494
12473,0.0030494
12474,0.0030494
12475,0.0030494
12476,0.0030695
12477,0.0034007
12478,0.0035725
12479,0.0035725
12480,0.0035725
12481,0.0041016
12482,0.0054809
12483,0.0056457
12484,0.0056457
12485,0.006349
12486,0.006349
12487,0.006486
12488,0.0068937
12489,0.0075559
12490,0.0078231
12491,0.0078231
12492,0.0078231
12493,0.0078231
12494,0.0078231
12495,0.0079228
12496,0.0079228
12497,0.0083485
12498,0.0083485
12499,0.0083485
12500,0.0084236
12501,0.0084236
12502,0.0095233
12503,0.0095233
12504,0.0095469
12505,0.010348
12506,0.010348
12507,0.010348
12508,0.0106358
12509,0.0107014
12510,0.0108414
12511,0.0111247
12512,0.0113549
12513,0.0113549
12514,0.0113549
12515,0.0114472
12516,0.0127061
12517,0.0127061
12518,0.0127061
12519,0.0129429
12520,0.0140379
12521,0.0143787
12522,0.0143787
12523,0.0152933
12524,0.0160684
12525,0.0166405
12526,0.0175492
12527,0.0175492
12528,0.0175492
12529,0.0175492
12530,0.0182388
12531,0.018698
12532,0.0190201
12533,0.0191686
12534,0.0196844
12535,0.0200728
12536,0.0208196
12537,0.0218411
12538,0.0225789
12539,0.0231777
12540,0.0239297
12541,0.0249661
12542,0.0257474
12543,0.0279074
12544,0.0279074
12545,0.0285525
12546,0.0285525
12547,0.0285612
12548,0.028991
12549,0.0294905
12550,0.0298574
12551,0.0305321
12552,0.0307119
12553,0.0310768
12554,0.0320412
12555,0.0320412
12556,0.0320412
12557,0.0323499
12558,0.0323499
12559,0.0332935
12560,0.0344481
12561,0.0346911
12562,0.0350572
12563,0.0363486
12564,0.037304
12565,0.0379328
12566,0.038679
12567,0.038679
12568,0.0389726
12569,0.040142
12570,0.040661
12571,0.0421014
12572,0.042467
12573,0.0432253
12574,0.0437809
12575,0.0443717
12576,0.0448564
12577,0.0456649
12578,0.04592
12579,0.04592
12580,0.0463619
12581,0.0467994
12582,0.0474102
12583,0.0484274
12584,0.0494875
12585,0.0499655
12586,0.0504812
12587,0.0509909
12588,0.0509909
12589,0.0512333
12590,0.0512333
12591,0.0512333
12592,0.0516797
12593,0.0524947
12594,0.05353
12595,0.05353
12596,0.05353
12597,0.0540458
12598,0.0545943
12599,0.0547419
12600,0.0547419
12601,0.0551836
12602,0.0551836
12603,0.0554326
12604,0.0559254
12605,0.0565624
12606,0.0565624
12607,0.0571076
12608,0.0573432
12609,0.0582281
12610,0.0586337
12611,0.0591631
12612,0.0599092
12613,0.0604263
12614,0.0607898
12615,0.0610362
12616,0.0614553
12617,0.0624496
12618,0.063189
12619,0.0638313
12620,0.0645238
12621,0.0652898
12622,0.0656753
12623,0.0663332
12624,0.0668358
12625,0.0670173
12626,0.0677636
12627,0.0682441
12628,0.0690987
12629,0.0700374
12630,0.0706916
12631,0.0718547
12632,0.0718547
12633,0.0727039
12634,0.0729141
12635,0.073177
12636,0.0739845
12637,0.0746649
12638,0.0746649
12639,0.0753829
12640,0.0753829
12641,0.0760463
12642,0.0766114
12643,0.0776319
12644,0.0788036
12645,0.0797843
12646,0.0804796
12647,0.0804796
12648,0.0804989
12649,0.0810621
12650,0.0813933
12651,0.0820988
12652,0.0821176
12653,0.082676
12654,0.082676
12655,0.0830309
12656,0.0840539
12657,0.0840539
12658,0.0840539
12659,0.0847171
12660,0.0856264
12661,0.0867089
12662,0.0867089
12663,0.0873899
12664,0.0880196
12665,0.08948
12666,0.0900965
12667,0.0913491
12668,0.0920948
12669,0.0933938
12670,0.0933938
12671,0.0941906
12672,0.0944562
12673,0.0953136
12674,0.0957201
12675,0.0966073
12676,0.097546
12677,0.0981116
12678,0.0991149
12679,0.0996074
12680,0.1007346
12681,0.100886
12682,0.1014919
12683,0.1021404
12684,0.1029157
12685,0.1039749
12686,0.1047567
12687,0.1057367
12688,0.106199
12689,0.1065835
12690,0.1074092
12691,0.1087559
12692,0.1087559
12693,0.1092106
12694,0.1092106
12695,0.1093113
12696,0.109369
12697,0.1097893
12698,0.1106007
12699,0.1120865
12700,0.1120865
12701,0.1120865
12702,0.1123719
12703,0.1123719
12704,0.1131448
12705,0.1142642
12706,0.1156062
12707,0.1167645
12708,0.117937
12709,0.1184254
12710,0.1184254
12711,0.1184254
12712,0.1192754
12713,0.1200204
12714,0.1200204
12715,0.1210716
12716,0.1215419
12717,0.122403
12718,0.1236251
12719,0.1243764
12720,0.1248129
12721,0.1257969
12722,0.1267905
12723,0.1271459
12724,0.1278848
12725,0.1283223
12726,0.1289522
12727,0.1298379
12728,0.1302624
12729,0.1305026
12730,0.1307572
12731,0.1314023
12732,0.1322393
12733,0.1328005
12734,0.1340791
12735,0.134684
12736,0.1357919
12737,0.1368105
12738,0.1377921
12739,0.1382418
12740,0.1382418
12741,0.1390656
12742,0.1390656
12743,0.1397971
12744,0.1397971
12745,0.1397971
12746,0.1407149
12747,0.1414065
12748,0.1421647
12749,0.1428835
12750,0.1435499
12751,0.1442615
12752,0.1450308
12753,0.1460091
12754,0.1470503
12755,0.1481269
12756,0.1490119
12757,0.149828
12758,0.1507084
12759,0.1511763
12760,0.1518202
12761,0.1520847
12762,0.1520847
12763,0.152959
12764,0.154149
12765,0.1548734
12766,0.1559023
12767,0.1567174
12768,0.157216
12769,0.1578743
12770,0.158649
12771,0.15909
12772,0.1599388
12773,0.1611985
12774,0.1623373
12775,0.1624441
12776,0.1627429
12777,0.1629346
12778,0.1629346
12779,0.1629346
12780,0.1631269
12781,0.1631269
12782,0.1635551
12783,0.1645888
12784,0.1651537
12785,0.1658137
12786,0.1658137
12787,0.1666108
12788,0.1675513
12789,0.1680279
12790,0.1684858
12791,0.169157
12792,0.1697988
12793,0.1697988
12794,0.1704631
12795,0.1707592
12796,0.1713631
12797,0.1715457
12798,0.1720589
12799,0.1729109
12800,0.1733146
12801,0.1733146
12802,0.1733146
12803,0.1742006
12804,0.1747114
12805,0.1754818
12806,0.1761633
12807,0.1766373
12808,0.1769474
12809,0.1776334
12810,0.1787798
12811,0.1794214
12812,0.1804317
12813,0.1808904
12814,0.1816521
12815,0.1835322
12816,0.1840357
12817,0.1847523
12818,0.1854633
12819,0.1869493
12820,0.187865
12821,0.1885401
12822,0.1889035
12823,0.1899157
12824,0.1899157
12825,0.1901693
12826,0.1910206
12827,0.1914286
12828,0.1921304
12829,0.1927831
12830,0.193522
12831,0.1943591
12832,0.1943591
12833,0.1951486
12834,0.195285
12835,0.1956192
12836,0.1963533
12837,0.197519
12838,0.19829
12839,0.1992936
12840,0.1999378
12841,0.2004228
12842,0.2004647
12843,0.2009196
12844,0.2019417
12845,0.2023878
12846,0.2023878
12847,0.2031569
12848,0.2039822
12849,0.2055932
12850,0.2061137
12851,0.2061137
12852,0.2070405
12853,0.2082786
12854,0.2093061
12855,0.2100052
12856,0.2106154
12857,0.2111218
12858,0.2111218
12859,0.2111218
12860,0.2112903
12861,0.2122706
12862,0.2122706
12863,0.2125073
12864,0.2125073
12865,0.2128825
12866,0.2128825
12867,0.2132607
12868,0.2143613
12869,0.2144579
12870,0.2152943
12871,0.2157987
12872,0.2162878
12873,0.2168114
12874,0.2174757
12875,0.2180119
12876,0.2188418
12877,0.2196359
12878,0.2202524
12879,0.2209363
12880,0.2216918
12881,0.2223469
12882,0.2229156
12883,0.223734
12884,0.2243044
12885,0.2243044
12886,0.2243523
12887,0.2248984
12888,0.2253311
12889,0.2258133
12890,0.2263203
12891,0.2269283
12892,0.2270609
12893,0.2272411
12894,0.2278502
12895,0.2280784
12896,0.2280784
12897,0.2286728
12898,0.2297179
12899,0.2303145
12900,0.2309975
12901,0.2311435
12902,0.2312521
12903,0.2318874
12904,0.2320215
12905,0.2326284
12906,0.2331884
12907,0.2338945
12908,0.2338945
12909,0.2338945
12910,0.2346724
12911,0.2356507
12912,0.2356507
12913,0.2356613
12914,0.2365815
12915,0.2369763
12916,0.2373803
12917,0.2378423
12918,0.2385374
12919,0.2392223
12920,0.2392223
12921,0.2394372
12922,0.2398987
12923,0.2404364
12924,0.2409725
12925,0.2416589
12926,0.2420205
12927,0.2424897
12928,0.2424897
12929,0.2434267
12930,0.2438133
12931,0.2445255
12932,0.2451875
12933,0.2460463
12934,0.2462985
12935,0.2463691
12936,0.2467449
12937,0.2477347
12938,0.2489572
12939,0.2492378
12940,0.2494749
12941,0.250106
12942,0.2503895
12943,0.2509281
12944,0.2518264
12945,0.2523737
12946,0.2528699
12947,0.2536733
12948,0.2541005
12949,0.2546745
12950,0.2550074
12951,0.2559793
12952,0.2565645
12953,0.2565645
12954,0.2565645
12955,0.2568998
12956,0.25698
12957,0.2571482
12958,0.2573763
12959,0.2578589
12960,0.2580276
12961,0.2580276
12962,0.2587129
12963,0.2592777
12964,0.2594582
12965,0.2596686
12966,0.2598042
12967,0.2598042
12968,0.2602571
12969,0.2606687
12970,0.2611783
12971,0.2616687
12972,0.261895
12973,0.261895
12974,0.262706
12975,0.2630971
12976,0.2630971
12977,0.2641056
12978,0.2648591
12979,0.2655832
12980,0.2662575
12981,0.2667236
12982,0.2669208
12983,0.2669208
12984,0.2670679
12985,0.2673246
12986,0.2673611
12987,0.2677494
12988,0.2681738
12989,0.2682757
12990,0.2682757
12991,0.2682757
12992,0.2683328
12993,0.2685439
12994,0.2689886
12995,0.2689886
12996,0.2693296
12997,0.2693296
12998,0.2695105
12999,0.2703678
13000,0.2705514
13001,0.2708591
13002,0.2715999
13003,0.2715999
13004,0.2717986
13005,0.2720335
13006,0.2721375
13007,0.2723418
13008,0.2725769
13009,0.2727921
13010,0.2730937
13011,0.2734107
13012,0.2737611
13013,0.274296
13014,0.274296
13015,0.2747701
13016,0.2749989
13017,0.2749989
13018,0.2752492
13019,0.2755774
13020,0.2756231
13021,0.2756231
13022,0.2756231
13023,0.2756231
13024,0.2757894
13025,0.2761013
13026,0.2762888
13027,0.2768393
13028,0.2771448
13029,0.2771448
13030,0.2771448
13031,0.2772785
13032,0.2776624
13033,0.2778529
13034,0.2778529
13035,0.278509
13036,0.2789877
13037,0.2790838
13038,0.2792146
13039,0.2794812
13040,0.2797464
13041,0.280156
13042,0.280156
13043,0.280156
13044,0.280156
13045,0.2802522
13046,0.2802925
13047,0.2805552
13048,0.281046
13049,0.2813258
13050,0.2817479
13051,0.2820618
13052,0.282326
13053,0.282326
13054,0.282878
13055,0.2837236
13056,0.2839812
13057,0.2844958
13058,0.2852237
13059,0.2855479
13060,0.2855479
13061,0.2858931
13062,0.2865917
13063,0.2865917
13064,0.2868542
13065,0.2868542
13066,0.2869702
13067,0.2874455
13068,0.2880497
13069,0.2886379
13070,0.2893567
13071,0.2893567
13072,0.2898437
13073,0.2902688
13074,0.2902946
13075,0.2904831
13076,0.2904831
13077,0.2904831
13078,0.2904831
13079,0.2908286
13080,0.2910922
13081,0.2910922
13082,0.2910922
13083,0.2910922
13084,0.2916269
13085,0.2919162
13086,0.292662
13087,0.2930333
13088,0.2930333
13089,0.2938882
13090,0.2938882
13091,0.2942594
13092,0.2946437
13093,0.2947725
13094,0.2947725
13095,0.2948034
13096,0.2948034
13097,0.2949532
13098,0.2951885
13099,0.2955836
13100,0.2955836
13101,0.2959962
13102,0.2962533
13103,0.2962533
13104,0.2965241
13105,0.2969037
13106,0.2970976
13107,0.2974755
13108,0.2975959
13109,0.2980283
13110,0.2989656
13111,0.2990488
13112,0.2990488
13113,0.2990549
13114,0.2991108
13115,0.2991108
13116,0.2991108
13117,0.2991108
13118,0.299728
13119,0.299728
13120,0.3002955
13121,0.3009256
13122,0.3009256
13123,0.3011842
13124,0.3016064
13125,0.3024161
13126,0.3025761
13127,0.302913
13128,0.3034705
13129,0.3039507
13130,0.3039507
13131,0.3039507
13132,0.3040781
13133,0.3040781
13134,0.3040781
13135,0.3047439
13136,0.3054803
13137,0.3056659
13138,0.3059085
13139,0.3059441
13140,0.3063362
13141,0.3068635
13142,0.3074951
13143,0.3081486
13144,0.3081486
13145,0.3085569
13146,0.3089695
13147,0.3091557
13148,0.309216
13149,0.309216
13150,0.3094512
13151,0.3098042
13152,0.3098042
13153,0.3104213
13154,0.3105407
13155,0.3106053
13156,0.3107445
13157,0.3107445
13158,0.3110374
13159,0.3110374
13160,0.3118271
13161,0.311879
13162,0.312142
13163,0.3122506
13164,0.3128973
13165,0.31368
13166,0.31368
13167,0.3138984
13168,0.3142998
13169,0.3142998
13170,0.3145215
13171,0.3152991
13172,0.3160104
13173,0.316462
13174,0.316462
13175,0.3167602
13176,0.3175381
13177,0.3179168
13178,0.3183652
13179,0.3193572
13180,0.3201631
13181,0.3201631
13182,0.3204272
13183,0.321001
13184,0.321001
13185,0.3216303
13186,0.3220757
13187,0.3220757
13188,0.3224703
13189,0.3229477
13190,0.3231131
13191,0.323588
13192,0.3239274
13193,0.3245091
13194,0.3248773
13195,0.3256312
13196,0.3261682
13197,0.3270479
13198,0.327781
13199,0.3292544
13200,0.329416
13201,0.3301172
13202,0.3304472
13203,0.3306143
13204,0.3308943
13205,0.3310961
13206,0.3313667
13207,0.3324507
13208,0.3329839
13209,0.333309
13210,0.3341462
13211,0.3346262
13212,0.3352362
13213,0.3357765
13214,0.336486
13215,0.3369752
13216,0.3374318
13217,0.3379156
13218,0.3388868
13219,0.3392005
13220,0.3397397
13221,0.3401278
13222,0.3405922
13223,0.3410042
13224,0.341395
13225,0.3415201
13226,0.3417458
13227,0.3417499
13228,0.3419321
13229,0.3425819
13230,0.3430957
13231,0.3435885
13232,0.3438875
13233,0.3450493
13234,0.3454838
13235,0.3458696
13236,0.3465918
13237,0.3469947
13238,0.3482649
13239,0.3483218
13240,0.3487579
13241,0.3492539
13242,0.350097
13243,0.3507847
13244,0.3511842
13245,0.3516845
13246,0.352948
13247,0.3533672
13248,0.3540197
13249,0.3549556
13250,0.3560155
13251,0.3564111
13252,0.3569719
13253,0.3578731
13254,0.3588499
13255,0.3595611
13256,0.3608141
13257,0.362102
13258,0.3624836
13259,0.3630424
13260,0.3637686
13261,0.3644391
13262,0.3647643
13263,0.365715
13264,0.3667052
13265,0.3671976
13266,0.3683465
13267,0.3695268
13268,0.3711264
13269,0.3714667
13270,0.3721317
13271,0.3725135
13272,0.3734074
13273,0.3745894
13274,0.3757591
13275,0.3769918
13276,0.3785518
13277,0.3794255
13278,0.3801219
13279,0.3805896
13280,0.3816341
13281,0.3816341
13282,0.3832882
13283,0.3839235
13284,0.3854365
13285,0.3862474
13286,0.3868669
13287,0.3882277
13288,0.38991
13289,0.3902425
13290,0.3914353
13291,0.3919699
13292,0.3936957
13293,0.3941186
13294,0.3944663
13295,0.3949213
13296,0.3955077
13297,0.39576
13298,0.3961014
13299,0.3962723
13300,0.3968829
13301,0.3982373
13302,0.3996562
13303,0.3999813
13304,0.4018169
13305,0.4024227
13306,0.4029316
13307,0.4035976
13308,0.4039077
13309,0.4047782
13310,0.4053943
13311,0.4056294
13312,0.4056879
13313,0.4064613
13314,0.4070251
13315,0.4077431
13316,0.4080313
13317,0.4085758
13318,0.4092816
13319,0.4101693
13320,0.4114333
13321,0.4119944
13322,0.4127741
13323,0.4139135
13324,0.4153449
13325,0.4164131
13326,0.4181215
13327,0.4193283
13328,0.4196499
13329,0.4198271
13330,0.4203247
13331,0.4221857
13332,0.4224858
13333,0.422755
13334,0.4232696
13335,0.4240336
13336,0.4249013
13337,0.4256067
13338,0.4259474
13339,0.4266514
13340,0.4273985
13341,0.4279171
13342,0.4284472
13343,0.4288173
13344,0.4294774
13345,0.4302953
13346,0.4313298
13347,0.432187
13348,0.4335597
13349,0.4341778
13350,0.4346657
13351,0.4355601
13352,0.435597
13353,0.4368965
13354,0.4378958
13355,0.4387451
13356,0.4398652
13357,0.440804
13358,0.440804
13359,0.4417361
13360,0.4439169
13361,0.4455098
13362,0.4462239
13363,0.4474245
13364,0.4480934
13365,0.4492127
13366,0.4495895
13367,0.4505537
13368,0.4518631
13369,0.4528844
13370,0.4549317
13371,0.4563198
13372,0.4577943
13373,0.4588254
13374,0.4600334
13375,0.4607642
13376,0.461597
13377,0.4620378
13378,0.4628989
13379,0.4639814
13380,0.4652452
13381,0.4665827
13382,0.4675298
13383,0.4675298
13384,0.4684447
13385,0.4697267
13386,0.4708769
13387,0.4719175
13388,0.4727474
13389,0.474155
13390,0.4758247
13391,0.4760524
13392,0.4769662
13393,0.4775268
13394,0.4783477
13395,0.4800269
13396,0.480773
13397,0.4813269
13398,0.4829941
13399,0.4835115
13400,0.4842834
13401,0.4855529
13402,0.4867207
13403,0.4873475
13404,0.4883607
13405,0.4898451
13406,0.4915315
13407,0.4924124
13408,0.4927534
13409,0.4937676
13410,0.4942971
13411,0.495822
13412,0.4972498
13413,0.4989243
13414,0.4997651
13415,0.5008235
13416,0.5012445
13417,0.5026871
13418,0.5044422
13419,0.5060633
13420,0.5063018
13421,0.507258
13422,0.5079883
13423,0.5088079
13424,0.5091744
13425,0.5101765
13426,0.5109514
13427,0.5123255
13428,0.5138366
13429,0.5162119
13430,0.5169804
13431,0.5176799
13432,0.5183034
13433,0.5191665
13434,0.520025
13435,0.5205719
13436,0.5217096
13437,0.5233574
13438,0.5237564
13439,0.5243356
13440,0.5255066
13441,0.5259132
13442,0.5266913
13443,0.5277417
13444,0.5285749
13445,0.5290229
13446,0.5306354
13447,0.5313724
13448,0.5332288
13449,0.5346212
13450,0.5356752
13451,0.5363719
13452,0.5380203
13453,0.5402276
13454,0.5408527
13455,0.5424696
13456,0.5436304
13457,0.5442112
13458,0.5445905
13459,0.5450656
13460,0.5461252
13461,0.547511
13462,0.5487234
13463,0.5495295
13464,0.5511375
13465,0.5533112
13466,0.5541706
13467,0.5560815
13468,0.5568498
13469,0.5578988
13470,0.5596284
13471,0.5607538
13472,0.5629269
13473,0.5646675
13474,0.5666186
13475,0.5682271
13476,0.5694718
13477,0.5712973
13478,0.5724468
13479,0.5736223
13480,0.5746124
13481,0.5759813
13482,0.5773925
13483,0.5787018
13484,0.5810746
13485,0.5822112
13486,0.5837026
13487,0.5856965
13488,0.5865793
13489,0.5887496
13490,0.5911324
13491,0.5926366
13492,0.5947489
13493,0.5968948
13494,0.5976472
13495,0.5987099
13496,0.5999868
13497,0.6026509
13498,0.603523
13499,0.6048689
13500,0.6066124
13501,0.6078955
13502,0.6094075
13503,0.6110598
13504,0.6123924
13505,0.614045
13506,0.6165762
13507,0.6175683
13508,0.6190922
13509,0.6212944
13510,0.6226884
13511,0.6240837
13512,0.6249712
13513,0.626288
13514,0.6275187
13515,0.6285376
13516,0.6297308
13517,0.6308886
13518,0.6332098
13519,0.6339088
13520,0.6350855
13521,0.6361895
13522,0.638957
13523,0.6410518
13524,0.642745
13525,0.6431819
13526,0.6431819
13527,0.6449576
13528,0.6464791
13529,0.6474463
13530,0.6499053
13531,0.6513405
13532,0.6529887
13533,0.6544437
13534,0.6553325
13535,0.6571844
13536,0.6582722
13537,0.660626
13538,0.662758
13539,0.6639481
13540,0.6655966
13541,0.6669393
13542,0.668947
13543,0.6705917
13544,0.6728393
13545,0.6742777
13546,0.6758521
13547,0.677442
13548,0.6785174
13549,0.6796493
13550,0.6807068
13551,0.683305
13552,0.6851532
13553,0.6875602
13554,0.6904779
13555,0.693235
13556,0.6955216
13557,0.6980185
13558,0.6995315
13559,0.7006435
13560,0.70188
13561,0.7042045
13562,0.7066345
13563,0.7092429
13564,0.7103059
13565,0.7111887
13566,0.7147187
13567,0.71634
13568,0.7186167
13569,0.7220156
13570,0.7250829
13571,0.7277951
13572,0.7298427
13573,0.7319421
13574,0.7331557
13575,0.7337867
13576,0.7349682
13577,0.7370403
13578,0.7385723
13579,0.7395888
13580,0.740857
13581,0.7424498
13582,0.7442159
13583,0.7469441
13584,0.7485647
13585,0.7504626
13586,0.7528462
13587,0.7544676
13588,0.7550164
13589,0.7575336
13590,0.7592712
13591,0.7606365
13592,0.7624448
13593,0.7632594
13594,0.7648304
13595,0.7673052
13596,0.7687132
13597,0.7696453
13598,0.7722969
13599,0.7746602
13600,0.7766975
13601,0.7788894
13602,0.7801704
13603,0.7823922
13604,0.7839916
13605,0.785027
13606,0.7870141
13607,0.7883033
13608,0.7901605
13609,0.7914813
13610,0.7935203
13611,0.7945139
13612,0.7963287
13613,0.7978327
13614,0.7991007
13615,0.8009713
13616,0.8034761
13617,0.8053389
13618,0.8084799
13619,0.8095156
13620,0.8125327
13621,0.8150046
13622,0.8168064
13623,0.8193896
13624,0.8221886
13625,0.8241667
13626,0.825309
13627,0.8271631
13628,0.8300983
13629,0.8325066
13630,0.8349971
13631,0.8376629
13632,0.8398631
13633,0.8415868
13634,0.8434995
13635,0.8453396
13636,0.848535
13637,0.8507999
13638,0.8528341
13639,0.8551836
13640,0.857658
13641,0.8603236
13642,0.8617144
13643,0.8637524
13644,0.8656567
13645,0.8673442
13646,0.8704884
13647,0.8721182
13648,0.8736454
13649,0.8756653
13650,0.8766892
13651,0.879482
13652,0.8828467
13653,0.8841114
13654,0.8855899
13655,0.8876017
13656,0.8906965
13657,0.8924067
13658,0.894243
13659,0.8974133
13660,0.8986766
13661,0.8999394
13662,0.9017006
13663,0.9036423
13664,0.9046855
13665,0.9059238
13666,0.9086855
13667,0.9104421
13668,0.9129869
13669,0.9143858
13670,0.9171693
13671,0.9198028
13672,0.9222251
13673,0.9253586
13674,0.9285998
13675,0.9307376
13676,0.9327082
13677,0.934134
13678,0.9363566
13679,0.9389541
13680,0.9401816
13681,0.9424889
13682,0.9453468
13683,0.9485078
13684,0.9503398
13685,0.9541436
13686,0.9561859
13687,0.958417
13688,0.9620311
13689,0.9662339
13690,0.9678666
13691,0.9690837
13692,0.9717324
13693,0.9742634
13694,0.9774604
13695,0.9798948
13696,0.9813594
13697,0.9838278
13698,0.9864573
13699,0.9877045
13700,0.9901062
13701,0.9916726
13702,0.9939181
13703,0.9949788
13704,0.9978596
13705,1.0005276
13706,1.0022037
13707,1.0036289
13708,1.0053084
13709,1.0071376
13710,1.0097178
13711,1.0113691
13712,1.0133711
13713,1.0147646
13714,1.0163321
13715,1.0183914
13716,1.0197368
13717,1.0214073
13718,1.0223292
13719,1.0253781
13720,1.0274658
13721,1.0291647
13722,1.0299526
13723,1.0319056
13724,1.0324564
13725,1.0349331
13726,1.0362251
13727,1.0384091
13728,1.0393911
13729,1.0406147
13730,1.0432116
13731,1.0449922
13732,1.0471043
13733,1.0483057
13734,1.0504864
13735,1.0530938
13736,1.0548936
13737,1.0568153
13738,1.058389
13739,1.0594563
13740,1.0608272
13741,1.0637176
13742,1.0661331
13743,1.0679762
13744,1.0696635
13745,1.0706744
13746,1.0726144
13747,1.0753215
13748,1.0763435
13749,1.0782424
13750,1.0793861
13751,1.0809994
13752,1.0829951
13753,1.0845804
13754,1.0864212
13755,1.0879003
13756,1.0893032
13757,1.0896853
13758,1.090533
13759,1.091694
13760,1.0930667
13761,1.0936773
13762,1.0962396
13763,1.09821
13764,1.099541
13765,1.1009703
13766,1.1032457
13767,1.1052509
13768,1.106437
13769,1.108385
13770,1.1097895
13771,1.1109424
13772,1.113122
13773,1.1140519
13774,1.1161025
13775,1.1179084
13776,1.118816
13777,1.1200783
13778,1.1214957
13779,1.1227783
13780,1.1252181
13781,1.1269196
13782,1.1286493
13783,1.1308912
13784,1.1319884
13785,1.1339259
13786,1.1352685
13787,1.1368843
13788,1.1386536
13789,1.1412316
13790,1.1428709
13791,1.1447489
13792,1.1458729
13793,1.147269
13794,1.149017
13795,1.1504851
13796,1.1522887
13797,1.1537609
13798,1.1548162
13799,1.156627
13800,1.1581707
13801,1.1603612
13802,1.1617056
13803,1.1629491
13804,1.164584
13805,1.166384
13806,1.1681139
13807,1.1693161
13808,1.169829
13809,1.1709088
13810,1.1722124
13811,1.173804
13812,1.1748875
13813,1.1748875
13814,1.1755683
13815,1.1766523
13816,1.1786402
13817,1.1789669
13818,1.1808147
13819,1.1824506
13820,1.1833882
13821,1.1851228
13822,1.1862796
13823,1.1879132
13824,1.1893055
13825,1.1909835
13826,1.1922976
13827,1.1932682
13828,1.1948927
13829,1.1948927
13830,1.1950965
13831,1.1962461
13832,1.1981793
13833,1.1991803
13834,1.1996502
13835,1.2011796
13836,1.2022622
13837,1.2037167
13838,1.2043709
13839,1.2053447
13840,1.207151
13841,1.2093125
13842,1.2100475
13843,1.211746
13844,1.2130944
13845,1.2138843
13846,1.2149001
13847,1.2154651
13848,1.2164978
13849,1.2182416
13850,1.2198089
13851,1.2204439
13852,1.222141
13853,1.223894
13854,1.2246468
13855,1.2252636
13856,1.2274349
13857,1.2289167
13858,1.22963
13859,1.2297451
13860,1.2302784
13861,1.2305976
13862,1.2309395
13863,1.2319142
13864,1.2331521
13865,1.2335054
13866,1.235064
13867,1.2362059
13868,1.2371156
13869,1.2380231
13870,1.2391075
13871,1.2404944
13872,1.2407231
13873,1.2412769
13874,1.2420924
13875,1.244057
13876,1.2447
13877,1.2454118
13878,1.2469255
13879,1.2480032
13880,1.2483602
13881,1.250663
13882,1.2517833
13883,1.2523271
13884,1.2532477
13885,1.2553007
13886,1.2564701
13887,1.2570302
13888,1.2580432
13889,1.2587763
13890,1.2602723
13891,1.2619903
13892,1.2622798
13893,1.2639326
13894,1.2644572
13895,1.2661695
13896,1.2675788
13897,1.2694018
13898,1.2709535
13899,1.2722151
13900,1.2730935
13901,1.2741378
13902,1.2753815
13903,1.2756554
13904,1.278299
13905,1.2788958
13906,1.2806323
13907,1.281494
13908,1.2826813
13909,1.2840494
13910,1.28553
13911,1.2863809
13912,1.2875371
13913,1.2890377
13914,1.2909583
13915,1.293411
13916,1.293411
13917,1.2951934
13918,1.2964221
13919,1.297636
13920,1.2993964
13921,1.3007394
13922,1.3026117
13923,1.3041835
13924,1.3052557
13925,1.3069239
13926,1.30794
13927,1.3086032
13928,1.3090386
13929,1.3101988
13930,1.3109343
13931,1.313202
13932,1.3149426
13933,1.3171881
13934,1.3185656
13935,1.319367
13936,1.3203726
13937,1.3210663
13938,1.3215666
13939,1.3225972
13940,1.3233675
13941,1.3242454
13942,1.3255609
13943,1.3283412
13944,1.329292
13945,1.3301275
13946,1.331606
13947,1.3327952
13948,1.3338561
13949,1.3344495
13950,1.3364559
13951,1.3374556
13952,1.3386846
13953,1.3401569
13954,1.3421323
13955,1.342971
13956,1.3437161
13957,1.3447467
13958,1.3454784
13959,1.3460208
13960,1.3470345
13961,1.3485215
13962,1.3501666
13963,1.3511953
13964,1.3518989
13965,1.3525945
13966,1.3531922
13967,1.3546266
13968,1.3556817
13969,1.3567039
13970,1.3580392
13971,1.3606837
13972,1.3612293
13973,1.3618624
13974,1.3625779
13975,1.3635781
13976,1.3648546
13977,1.366541
13978,1.3674841
13979,1.3681563
13980,1.3690013
13981,1.369814
13982,1.3713967
13983,1.3723737
13984,1.3738385
13985,1.3748362
13986,1.3764386
13987,1.3777899
13988,1.3778995
13989,1.3791755
13990,1.3796379
13991,1.3808459
13992,1.3819203
13993,1.3829591
13994,1.3837409
13995,1.3848879
13996,1.3863643
13997,1.3875741
13998,1.3898801
13999,1.3908044
14000,1.3916927
14001,1.392397
14002,1.3929987
14003,1.3937887
14004,1.3943827
14005,1.3957008
14006,1.3965856
14007,1.3972189
14008,1.3998056
14009,1.4000022
14010,1.402151
14011,1.4025542
14012,1.4029014
14013,1.4040221
14014,1.4047453
14015,1.4056279
14016,1.407248
14017,1.4086248
14018,1.4099621
14019,1.4112519
14020,1.4124534
14021,1.4136123
14022,1.414237
14023,1.4148255
14024,1.4155675
14025,1.4173028
14026,1.4184078
14027,1.4203792
14028,1.4209067
14029,1.422389
14030,1.423235
14031,1.4238544
14032,1.4243611
14033,1.425851
14034,1.4269264
14035,1.4288842
14036,1.4296062
14037,1.4314655
14038,1.4327308
14039,1.4333007
14040,1.4341567
14041,1.4346022
14042,1.4351524
14043,1.4353238
14044,1.4362263
14045,1.4371881
14046,1.4374217
14047,1.4386527
14048,1.4394345
14049,1.4411513
14050,1.4416991
14051,1.4425756
14052,1.4428185
14053,1.4439961
14054,1.4444534
14055,1.4458491
14056,1.4461883
14057,1.4469212
14058,1.448674
14059,1.4487488
14060,1.4500244
14061,1.450854
14062,1.4523339
14063,1.4536263
14064,1.4549324
14065,1.4559541
14066,1.4560579
14067,1.4572456
14068,1.4582469
14069,1.458838
14070,1.4601493
14071,1.460583
14072,1.4615432
14073,1.4630003
14074,1.4639909
14075,1.4649227
14076,1.466653
14077,1.467949
14078,1.4689309
14079,1.4693932
14080,1.4714572
14081,1.4728644
14082,1.4736937
14083,1.4745079
14084,1.4755404
14085,1.47692
14086,1.4775428
14087,1.4789555
14088,1.4799318
14089,1.4799354
14090,1.4809071
14091,1.4816003
14092,1.482457
14093,1.483873
14094,1.4851069
14095,1.4860826
14096,1.4867238
14097,1.4873031
14098,1.4875629
14099,1.4887964
14100,1.4898566
14101,1.4908978
14102,1.4920468
14103,1.4928099
14104,1.4940492
14105,1.4947629
14106,1.4961427
14107,1.4965347
14108,1.497433
14109,1.4980025
14110,1.4992403
14111,1.4997268
14112,1.5001304
14113,1.5005666
14114,1.501029
14115,1.501975
14116,1.5032477
14117,1.5038984
14118,1.504216
14119,1.5054566
14120,1.5056953
14121,1.5065256
14122,1.5077029
14123,1.5096343
14124,1.509852
14125,1.5099865
14126,1.5103619
14127,1.5112263
14128,1.5116429
14129,1.5120134
14130,1.513497
14131,1.5138551
14132,1.5138551
14133,1.514473
14134,1.514473
14135,1.5154715
14136,1.5157181
14137,1.5164499
14138,1.5168741
14139,1.517901
14140,1.517901
14141,1.5187682
14142,1.5196032
14143,1.5199961
14144,1.5212377
14145,1.5220738
14146,1.5232902
14147,1.5236813
14148,1.5251062
14149,1.5255348
14150,1.526113
14151,1.5270806
14152,1.5276921
14153,1.5286736
14154,1.5294303
14155,1.5300768
14156,1.5311669
14157,1.5319848
14158,1.5320014
14159,1.5327802
14160,1.53398
14161,1.5342643
14162,1.5347384
14163,1.5361309
14164,1.5371218
14165,1.5376504
14166,1.5386183
14167,1.5392602
14168,1.5397266
14169,1.5406908
14170,1.5411858
14171,1.5415521
14172,1.5418925
14173,1.5427242
14174,1.5435868
14175,1.5439848
14176,1.544075
14177,1.5451524
14178,1.5462731
14179,1.5471145
14180,1.5482005
14181,1.5496569
14182,1.5498184
14183,1.5509394
14184,1.5530976
14185,1.554844
14186,1.55556
14187,1.5568966
14188,1.5570507
14189,1.5579824
14190,1.5592886
14191,1.5602193
14192,1.5623837
14193,1.563119
14194,1.5641773
14195,1.5653996
14196,1.5662211
14197,1.566745
14198,1.5672181
14199,1.5680099
14200,1.5686976
14201,1.5695438
14202,1.5699704
14203,1.5724665
14204,1.5728711
14205,1.5745728
14206,1.5754878
14207,1.5761624
14208,1.5766422
14209,1.5780572
14210,1.5797899
14211,1.5811325
14212,1.5825326
14213,1.5825326
14214,1.5833401
14215,1.5849654
14216,1.5864518
14217,1.5872788
14218,1.5889054
14219,1.5895291
14220,1.5906795
14221,1.591913
14222,1.5929278
14223,1.5943237
14224,1.5952469
14225,1.5964325
14226,1.5969701
14227,1.5986749
14228,1.600069
14229,1.6011634
14230,1.6029723
14231,1.6038433
14232,1.6042529
14233,1.6048955
14234,1.6056473
14235,1.607751
14236,1.608493
14237,1.6097992
14238,1.6101617
14239,1.611417
14240,1.6124503
14241,1.6135773
14242,1.6150618
14243,1.6168802
14244,1.6179144
14245,1.6188633
14246,1.6199324
14247,1.6206517
14248,1.620891
14249,1.6222635
14250,1.6238867
14251,1.6247772
14252,1.6273982
14253,1.6285695
14254,1.6304078
14255,1.6320361
14256,1.6335568
14257,1.6338237
14258,1.6344727
14259,1.6355957
14260,1.63705
14261,1.6374268
14262,1.6385112
14263,1.6403233
14264,1.6414556
14265,1.6431066
14266,1.644101
14267,1.6452489
14268,1.6464202
14269,1.6478069
14270,1.648139
14271,1.6491698
14272,1.6495042
14273,1.650311
14274,1.6517995
14275,1.6527725
14276,1.6544924
14277,1.6554482
14278,1.6564187
14279,1.6572928
14280,1.6578902
14281,1.6578902
14282,1.6583002
14283,1.6591574
14284,1.6598937
14285,1.6602358
14286,1.6608584
14287,1.6614232
14288,1.6619882
14289,1.6621983
14290,1.6631351
14291,1.6634934
14292,1.6639986
14293,1.6647181
14294,1.6655927
14295,1.666312
14296,1.6669028
14297,1.6672726
14298,1.6675532
14299,1.6683042
14300,1.669389
14301,1.6701784
14302,1.6712797
14303,1.6724575
14304,1.6726431
14305,1.6742427
14306,1.6760231
14307,1.6779888
14308,1.6792968
14309,1.6804694
14310,1.6814494
14311,1.6829314
14312,1.6844329
14313,1.6866353
14314,1.6876258
14315,1.6893007
14316,1.6905293
14317,1.6925634
14318,1.6945818
14319,1.6965842
14320,1.6974828
14321,1.6988083
14322,1.7007759
14323,1.7019362
14324,1.7026143
14325,1.7033463
14326,1.7047274
14327,1.7054173
14328,1.7069646
14329,1.7077454
14330,1.7090785
14331,1.7108311
14332,1.71219
14333,1.7133077
14334,1.7145022
14335,1.7158777
14336,1.717062
14337,1.7185012
14338,1.7199161
14339,1.7210965
14340,1.7221963
14341,1.7229457
14342,1.7233794
14343,1.7242814
14344,1.7248709
14345,1.726037
14346,1.7263339
14347,1.7271749
14348,1.7278894
14349,1.7283218
14350,1.7289874
14351,1.729282
14352,1.7296289
14353,1.7304415
14354,1.7317974
14355,1.7326461
14356,1.7337112
14357,1.7342531
14358,1.7360774
14359,1.737116
14360,1.7385684
14361,1.7397519
14362,1.7400352
14363,1.7403884
14364,1.740394
14365,1.7426793
14366,1.7438802
14367,1.7450532
14368,1.7466449
14369,1.7477323
14370,1.7481491
14371,1.7490936
14372,1.7500934
14373,1.751122
14374,1.7516956
14375,1.7520429
14376,1.7536047
14377,1.7542033
14378,1.7548863
14379,1.7568722
14380,1.7576976
14381,1.7590758
14382,1.7592582
14383,1.7592582
14384,1.7608952
14385,1.7616074
14386,1.7622458
14387,1.7628973
14388,1.763447
14389,1.7643486
14390,1.7650631
14391,1.7660168
14392,1.7667727
14393,1.7673419
14394,1.7678736
14395,1.7680739
14396,1.7688101
14397,1.7695365
14398,1.7709757
14399,1.7716978
14400,1.7718709
14401,1.7729143
14402,1.7739359
14403,1.7739359
14404,1.7752714
14405,1.7763053
14406,1.7771334
14407,1.7777898
14408,1.7783405
14409,1.7793903
14410,1.7794403
14411,1.7805694
14412,1.7812928
14413,1.7824274
14414,1.7840989
14415,1.7847518
14416,1.7855043
14417,1.7857784
14418,1.7868579
14419,1.7872726
14420,1.7878377
14421,1.7887349
14422,1.7890562
14423,1.7897235
14424,1.7897428
14425,1.7900037
14426,1.7906963
14427,1.7913062
14428,1.792024
14429,1.79229
14430,1.792704
14431,1.7942706
14432,1.7945944
14433,1.7953222
14434,1.7955993
14435,1.7968513
14436,1.7974431
14437,1.7993461
14438,1.7998229
14439,1.799964
14440,1.8004843
14441,1.8014103
14442,1.8019439
14443,1.8029209
14444,1.804059
14445,1.8061141
14446,1.8079621
14447,1.80888
14448,1.8095476
14449,1.8101904
14450,1.8101971
14451,1.8114863
14452,1.8129106
14453,1.8141394
14454,1.8152502
14455,1.8171579
14456,1.8180769
14457,1.8183183
14458,1.8189811
14459,1.8216795
14460,1.8226334
14461,1.8230475
14462,1.8232531
14463,1.8239333
14464,1.8245311
14465,1.8247838
14466,1.8249358
14467,1.8261627
14468,1.8265573
14469,1.8265646
14470,1.827125
14471,1.827146
14472,1.8276263
14473,1.8276263
14474,1.8290362
14475,1.8291762
14476,1.8291762
14477,1.8291762
14478,1.8296255
14479,1.8298302
14480,1.830598
14481,1.830598
14482,1.8310037
14483,1.8314694
14484,1.8316702
14485,1.8318159
14486,1.8318159
14487,1.8321026
14488,1.8321287
14489,1.8322562
14490,1.8322562
14491,1.8325638
14492,1.8325638
14493,1.8325638
14494,1.8325638
14495,1.8325638
14496,1.8326601
14497,1.8326601
14498,1.8326601
14499,1.8329085
14500,1.8329085
14501,1.8329085
14502,1.8329085
14503,1.8329085
14504,1.8329085
14505,1.8329085
14506,1.8329085
14507,1.8329085
14508,1.8329085
14509,1.8329085
14510,1.8329085
14511,1.8329085
14512,1.8329085
14513,1.8329085
14514,1.8329085
14515,1.8329085
14516,1.8329085
14517,1.8329085
14518,1.8329085
14519,1.8329085
14520,1.8329085
14521,1.8329085
14522,1.8329085
14523,1.8329085
14524,1.8329085
14525,1.8329085
14526,1.8329085
14527,1.8329085
14528,1.8329085
14529,1.8329085
14530,1.8329085
14531,1.8329085
14532,1.8329085
14533,1.8329085
14534,1.8329085
14535,1.8329085
14536,1.8329085
14537,1.8329085
14538,1.8329085
14539,1.8329085
14540,1.8329085
14541,1.8329085
14542,1.8329085
14543,1.8329085
14544,1.8329085
14545,1.8329085
14546,1.8329085
14547,1.8332122
14548,1.8332122
14549,1.8332122
14550,1.8332122
14551,1.8332122
14552,1.8332122
14553,1.8332122
14554,1.8332122
14555,1.8332122
14556,1.8332122
14557,1.8332122
14558,1.8332122
14559,1.8332122
14560,1.8332122
14561,1.8332122
14562,1.8332122
14563,1.8332122
14564,1.8332122
14565,1.8332122
14566,1.8332122
14567,1.8332122
14568,1.8332122
14569,1.8332122
14570,1.8332122
14571,1.8332122
14572,1.8332122
14573,1.8332122
14574,1.8332122
14575,1.8332122
14576,1.8332122
14577,1.8332122
14578,1.8332122
14579,1.8332122
14580,1.8332122
14581,1.8332122
14582,1.8332122
14583,1.8332122
14584,1.8332122
14585,1.8332122
14586,1.8332122
14587,1.8332122
14588,1.8332122
14589,1.8332122
14590,1.8332122
14591,1.8332122
14592,1.8332122
14593,1.8332122
14594,1.8332122
14595,1.8332122
14596,1.8332122
14597,1.8332122
14598,1.8332122
14599,1.8332122
14600,1.8332122
14601,1.8332122
14602,1.8332122
14603,1.8332122
14604,1.8332122
14605,1.8332122
14606,1.8332122
14607,1.8332122
14608,1.8332122
14609,1.8332122
14610,1.8332122
14611,1.8332122
14612,1.8332122
14613,1.8332122
14614,1.8332122
14615,1.8332122
14616,1.8332122
14617,1.8332122
14618,1.8332122
14619,1.8332122
14620,1.8332122
14621,1.8332122
14622,1.8332122
14623,1.8332122
14624,1.8332122
14625,1.8332122
14626,1.8332122
14627,1.8332122
14628,1.8332122
14629,1.8332122
14630,1.8332122
14631,1.8332122
14632,1.8332122
14633,1.8332122
14634,1.8332122
14635,1.8332122
14636,1.8332122
14637,1.8332122
14638,1.8332122
14639,1.8332122
14640,1.8332122
14641,1.8332122
14642,1.8332122
14643,1.8332122
14644,1.8332122
14645,1.8332122
14646,1.8332122
14647,1.8332122
14648,1.8332122
14649,1.8332122
14650,1.8332122
14651,1.8332122
14652,1.8332122
14653,1.8332122
14654,1.8332122
14655,1.8332122
14656,1.8332122
14657,1.8332122
14658,1.8332122
14659,1.8332122
14660,1.8332122
14661,1.8332122
14662,1.8332122
14663,1.8332122
14664,1.8332122
14665,1.8332122
14666,1.8332122
14667,1.8332122
14668,1.8332122
14669,1.8332122
14670,1.8332122
14671,1.8332122
14672,1.8332122
14673,1.8332122
14674,1.8332122
14675,1.8332122
14676,1.8332122
14677,1.8332122
14678,1.8332122
14679,1.8332122
14680,1.8332122
14681,1.8332122
14682,1.8332122
14683,1.8332122
14684,1.8332122
14685,1.8332122
14686,1.8332122
14687,1.8332122
14688,1.8332122
14689,1.8332122
14690,1.8332122
14691,1.8332122
14692,1.8332122
14693,1.8332122
14694,1.8332122
14695,1.8332122
14696,1.8332122
14697,1.8332122
14698,1.8332122
14699,1.8332122
14700,1.8332122
14701,1.8332122
14702,1.8332122
14703,1.8332122
14704,1.8332122
14705,1.8332122
14706,1.8332122
14707,1.8332122
14708,1.8332122
14709,1.8332122
14710,1.8332122
14711,1.8332122
14712,1.8332122
14713,1.8332122
14714,1.8332122
14715,1.8332122
14716,1.8332122
14717,1.8332122
14718,1.8332122
14719,1.8332122
14720,1.8332122
14721,1.8332122
14722,1.8332122
14723,1.8332122
14724,1.8332122
14725,1.8332122
14726,1.8332122
14727,1.8332122
14728,1.8332122
14729,1.8332122
14730,1.8332122
14731,1.8332122
14732,1.8332122
14733,1.8332122
14734,1.8332122
14735,1.8332122
14736,1.8332122
14737,1.8332122
14738,1.8332122
14739,1.8332122
14740,1.8332122
14741,1.8332122
14742,1.8332122
14743,1.8332122
14744,1.8332122
14745,1.8332122
14746,1.8332122
14747,1.8332122
14748,1.8332122
14749,1.8332122
14750,1.8332122
14751,1.8332122
14752,1.8332122
14753,1.8332122
14754,1.8332122
14755,1.8332122
14756,1.8332122
14757,1.8332122
14758,1.8332122
14759,1.8332122
14760,1.8332122
14761,1.8332122
14762,1.8332122
14763,1.8332122
14764,1.8332122
14765,1.8332122
14766,1.8332122
14767,1.8332122
14768,1.8332122
14769,1.8332122
14770,1.8332122
14771,1.8332122
14772,1.8332122
14773,1.8332122
14774,1.8332122
14775,1.8332122
14776,1.8332122
14777,1.8332122
14778,1.8332122
14779,1.8332122
14780,1.8332122
14781,1.8332122
14782,1.8332122
14783,1.8332122
14784,1.8332122
14785,1.8332122
14786,1.8332122
14787,1.8332122
14788,1.8332122
14789,1.8332122
14790,1.8332122
14791,1.8332122
14792,1.8332122
14793,1.8332122
14794,1.8332122
14795,1.8332122
14796,1.8332122
14797,1.8332122
14798,1.8332122
14799,1.8332122
14800,1.8332122
14801,1.8332122
14802,1.8332122
14803,1.8332122
14804,1.8332122
14805,1.8332122
14806,1.8332122
14807,1.8332122
14808,1.8332122
14809,1.8332122
14810,1.8332122
14811,1.8332122
14812,1.8332122
14813,1.8332122
14814,1.8332122
14815,1.8332122
14816,1.8332122
14817,1.8332122
14818,1.8332122
14819,1.8332122
14820,1.8332122
14821,1.8332122
14822,1.8332122
14823,1.8332122
14824,1.8332122
14825,1.8332122
14826,1.8332122
14827,1.8332122
14828,1.8332122
14829,1.8332122
14830,1.8332122
14831,1.8332122
14832,1.8332122
14833,1.8332122
14834,1.8332122
14835,1.8332122
14836,1.8332122
14837,1.8332122
14838,1.8332122
14839,1.8332122
14840,1.8332122
14841,1.8332122
14842,1.8332122
14843,1.8332122
14844,1.8332122
14845,1.8332122
14846,1.8332122
14847,1.8332122
14848,1.8332122
14849,1.8332122
14850,1.8332122
14851,1.8332122
14852,1.8332122
14853,1.8332122
14854,1.8332122
14855,1.8332122
14856,1.8332122
14857,1.8332122
14858,1.8332122
14859,1.8332122
14860,1.8332122
14861,1.8332122
14862,1.8332122
14863,1.8332122
14864,1.8332122
14865,1.8332122
14866,1.8332122
14867,1.8332122
14868,1.8332122
14869,1.8332122
14870,1.8332122
14871,1.8332122
14872,1.8332122
14873,1.8332122
14874,1.8332122
14875,1.8332122
14876,1.8332122
14877,1.8332122
14878,1.8332122
14879,1.8332122
14880,1.8332122
14881,1.8332122
14882,1.8332122
14883,1.8332122
14884,1.8332122
14885,1.8332122
14886,1.8332122
14887,1.8332122
14888,1.8332122
14889,1.8332122
14890,1.8332122
14891,1.8332122
14892,1.8332122
14893,1.8332122
14894,1.8332122
14895,1.8332122
14896,1.8332122
14897,1.8332122
14898,1.8332122
14899,1.8332122
14900,1.8332122
14901,1.8332122
14902,1.8332122
14903,1.8332122
14904,1.8332122
14905,1.8332122
14906,1.8332122
14907,1.8332122
14908,1.8332122
14909,1.8332122
14910,1.8332122
14911,1.8332122
14912,1.8332122
14913,1.8332122
14914,1.8332122
14915,1.8332122
14916,1.8332122
14917,1.8332122
14918,1.8332122
14919,1.8332122
14920,1.8332122
14921,1.8332122
14922,1.8332122
14923,1.8332122
14924,1.8332122
14925,1.8332122
14926,1.8332122
14927,1.8332122
14928,1.8332122
14929,1.8332122
14930,1.8332122
14931,1.8332122
14932,1.8332122
14933,1.8332122
14934,1.8332122
14935,1.8332122
14936,1.8332122
14937,1.8332122
14938,1.8332122
14939,1.8332122
14940,1.8332122
14941,1.8332122
14942,1.8332122
14943,1.8332122
14944,1.8332122
14945,1.8332122
14946,1.8332122
14947,1.8332122
14948,1.8332122
14949,1.8332122
14950,1.8332122
14951,1.8332122
14952,1.8332122
14953,1.8332122
14954,1.8332122
14955,1.8332122
14956,1.8332122
14957,1.8332122
14958,1.8332122
14959,1.8332122
14960,1.8332122
14961,1.8332122
14962,1.8332122
14963,1.8332122
14964,1.8332122
14965,1.8332122
14966,1.8332122
14967,1.8332122
14968,1.8332122
14969,1.8332122
14970,1.8332122
14971,1.8332122
14972,1.8332122
14973,1.8332122
14974,1.8332122
14975,1.8332122
14976,1.8332122
14977,1.8332122
14978,1.8332122
14979,1.8332122
14980,1.8332122
14981,1.8332122
14982,1.8332122
14983,1.8332122
14984,1.8332122
14985,1.8332122
14986,1.8332122
14987,1.8332122
14988,1.8332122
14989,1.8332122
14990,1.8332122
14991,1.8332122
14992,1.8332122
14993,1.8332122
14994,1.8332122
14995,1.8332122
14996,1.8332122
14997,1.8332122
14998,1.8332122
14999,1.8332122
15000,1.8332122
15001,1.8332122
15002,1.8332122
15003,1.8332122
15004,1.8332122
15005,1.8332122
15006,1.8332122
15007,1.8332122
15008,1.8332122
15009,1.8332122
15010,1.8332122
15011,1.8332122
15012,1.8332122
15013,1.8332122
15014,1.8332122
15015,1.8332122
15016,1.8332122
15017,1.8332122
15018,1.8332122
15019,1.8332122
15020,1.8332122
15021,1.8332122
15022,1.8332122
15023,1.8332122
15024,1.8332122
15025,1.8332122
15026,1.8332122
15027,1.8332122
15028,1.8332122
15029,1.8332122
15030,1.8332122
15031,1.8332122
15032,1.8332122
15033,1.8332122
15034,1.8332122
15035,1.8332122
15036,1.8332122
15037,1.8332122
15038,1.8332122
15039,1.8332122
15040,1.8332122
15041,1.8332122
15042,1.8332122
15043,1.8332122
15044,1.8332122
15045,1.8332122
15046,1.8332122
15047,1.8332122
15048,1.8332122
15049,1.8332122
15050,1.8332122
15051,1.8332122
15052,1.8332122
15053,1.8332122
15054,1.8332122
15055,1.8332122
15056,1.8332122
15057,1.8332122
15058,1.8332122
15059,1.8332122
15060,1.8332122
15061,1.8332122
15062,1.8332122
15063,1.8332122
15064,1.8332122
15065,1.8332122
15066,1.8332122
15067,1.8332122
15068,1.8332122
15069,1.8332122
15070,1.8332122
15071,1.8332122
15072,1.8332122
15073,1.8332122
15074,1.8332122
15075,1.8332122
15076,1.8332122
15077,1.8332122
15078,1.8332122
15079,1.8332122
15080,1.8332122
15081,1.8332122
15082,1.8332122
15083,1.8332122
15084,1.8332122
15085,1.8332122
15086,1.8332122
15087,1.8332122
15088,1.8332122
15089,1.8332122
15090,1.8332122
15091,1.8332122
15092,1.8332122
15093,1.8332122
15094,1.8332122
15095,1.8332122
15096,1.8332122
15097,1.8332122
15098,1.8332122
15099,1.8332122
15100,1.8332122
15101,1.8332122
15102,1.8332122
15103,1.8332122
15104,1.8332122
15105,1.8332122
15106,1.8332122
15107,1.8332122
15108,1.8332122
15109,1.8332122
15110,1.8332122
15111,1.8332122
15112,1.8332122
15113,1.8332122
15114,1.8332122
15115,1.8332122
15116,1.8332122
15117,1.8332122
15118,1.8332122
15119,1.8332122
15120,1.8332122
15121,1.8332122
15122,1.8332122
15123,1.8332122
15124,1.8332122
15125,1.8332122
15126,1.8332122
15127,1.8332122
15128,1.8332122
15129,1.8332122
15130,1.8332122
15131,1.8332122
15132,1.8332122
15133,1.8332122
15134,1.8332122
15135,1.8332122
15136,1.8332122
15137,1.8332122
15138,1.8332122
15139,1.8332122
15140,1.8332122
15141,1.8332122
15142,1.8332122
15143,1.8332122
15144,1.8332122
15145,1.8332122
15146,1.8332122
15147,1.8332122
15148,1.8332122
15149,1.8332122
15150,1.8332122
15151,1.8332122
15152,1.8332122
15153,1.8332122
15154,1.8332122
15155,1.8332122
15156,1.8332122
15157,1.8332122
15158,1.8332122
15159,1.8332122
15160,1.8332122
15161,1.8332122
15162,1.8332122
15163,1.8332122
15164,1.8332122
15165,1.8332122
15166,1.8332122
15167,1.8332122
15168,1.8332122
15169,1.8332122
15170,1.8332122
15171,1.8332122
15172,1.8332122
15173,1.8332122
15174,1.8332122
15175,1.8332122
15176,1.8332122
15177,1.8332122
15178,1.8332122
15179,1.8332122
15180,1.8332122
15181,1.8332122
15182,1.8332122
15183,1.8332122
15184,1.8332122
15185,1.8332122
15186,1.8332122
15187,1.8332122
15188,1.8332122
15189,1.8332122
15190,1.8332122
15191,1.8332122
15192,1.8332122
15193,1.8332122
15194,1.8332122
15195,1.8332122
15196,1.8332122
15197,1.8332122
15198,1.8332122
15199,1.8332122
15200,1.8332122
15201,1.8332122
15202,1.8332122
15203,1.8332122
15204,1.8332122
15205,1.8332122
15206,1.8332122
15207,1.8332122
15208,1.8332122
15209,1.8332122
15210,1.8332122
15211,1.8332122
15212,1.8332122
15213,1.8332122
15214,1.8332122
15215,1.8332122
15216,1.8332122
15217,1.8332122
15218,1.8332122
15219,1.8332122
15220,1.8332122
15221,1.8332122
15222,1.8332122
15223,1.8332122
15224,1.8332122
15225,1.8332122
15226,1.8332122
15227,1.8332122
15228,1.8332122
15229,1.8332122
15230,1.8332122
15231,1.8332122
15232,1.8332122
15233,1.8332122
15234,1.8332122
15235,1.8332122
15236,1.8332122
15237,1.8332122
15238,1.8332122
15239,1.8332122
15240,1.8332122
15241,1.8332122
15242,1.8332122
15243,1.8332122
15244,1.8332122
15245,1.8332122
15246,1.8332122
15247,1.8332122
15248,1.8332122
15249,1.8332122
15250,1.8332122
15251,1.8332122
15252,1.8332122
15253,1.8332122
15254,1.8332122
15255,1.8332122
15256,1.8332122
15257,1.8332122
15258,1.8332122
15259,1.8332122
15260,1.8332122
15261,1.8332122
15262,1.8332122
15263,1.8332122
15264,1.8332122
15265,1.8332122
15266,1.8332122
15267,1.8332122
15268,1.8332122
15269,1.8332122
15270,1.8332122
15271,1.8332122
15272,1.8332122
15273,1.8332122
15274,1.8332122
15275,1.8332122
15276,1.8332122
15277,1.8332122
15278,1.8332122
15279,1.8332122
15280,1.8332122
15281,1.8332122
15282,1.8332122
15283,1.8332122
15284,1.8332122
15285,1.8332122
15286,1.8332122
15287,1.8332122
15288,1.8332122
15289,1.8332122
15290,1.8332122
15291,1.8332122
15292,1.8332122
15293,1.8332122
15294,1.8332122
15295,1.8332122
15296,1.8332122
15297,1.8332122
15298,1.8332122
15299,1.8332122
15300,1.8332122
15301,1.8332122
15302,1.8332122
15303,1.8332122
15304,1.8332122
15305,1.8332122
15306,1.8332122
15307,1.8332122
15308,1.8332122
15309,1.8332122
15310,1.8332122
15311,1.8332122
15312,1.8332122
15313,1.8332122
15314,1.8332122
15315,1.8332122
15316,1.8332122
15317,1.8332122
15318,1.8332122
15319,1.8332122
15320,1.8332122
15321,1.8332122
15322,1.8332122
15323,1.8332122
15324,1.8332122
15325,1.8332122
15326,1.8332122
15327,1.8332122
15328,1.8332122
15329,1.8332122
15330,1.8332122
15331,1.8332122
15332,1.8332122
15333,1.8332122
15334,1.8332122
15335,1.8332122
15336,1.8332122
15337,1.8332122
15338,1.8332122
15339,1.8332122
15340,1.8332122
15341,1.8332122
15342,1.8332122
15343,1.8332122
15344,1.8332122
15345,1.8332122
15346,1.8332122
15347,1.8332122
15348,1.8332122
15349,1.8332122
15350,1.8332122
15351,1.8332122
15352,1.8332122
15353,1.8332122
15354,1.8332122
15355,1.8332122
15356,1.8332122
15357,1.8332122
15358,1.8332122
15359,1.8332122
15360,1.8332122
15361,1.8332122
15362,1.8332122
15363,1.8332122
15364,1.8332122
15365,1.8332122
15366,1.8332122
15367,1.8332122
15368,1.8332122
15369,1.8332122
15370,1.8332122
15371,1.8332122
15372,1.8332122
15373,1.8332122
15374,1.8332122
15375,1.8332122
15376,1.8332122
15377,1.8332122
15378,1.8332122
15379,1.8332122
15380,1.8332122
15381,1.8332122
15382,1.8332122
15383,1.8332122
15384,1.8332122
15385,1.8332122
15386,1.8332122
15387,1.8332122
15388,1.8332122
15389,1.8332122
15390,1.8332122
15391,1.8332122
15392,1.8332122
15393,1.8332122
15394,1.8332122
15395,1.8332122
15396,1.8332122
15397,1.8332122
15398,1.8332122
15399,1.8332122
15400,1.8332122
15401,1.8332122
15402,1.8332122
15403,1.8332122
15404,1.8332122
15405,1.8332122
15406,1.8332122
15407,1.8332122
15408,1.8332122
15409,1.8332122
15410,1.8332122
15411,1.8332122
15412,1.8332122
15413,1.8332122
15414,1.8332122
15415,1.8332122
15416,1.8332122
15417,1.8332122
15418,1.8332122
15419,1.8332122
15420,1.8332122
15421,1.8332122
15422,1.8332122
15423,1.8332122
15424,1.8332122
15425,1.8332122
15426,1.8332122
15427,1.8332122
15428,1.8332122
15429,1.8332122
15430,1.8332122
15431,1.8332122
15432,1.8332122
15433,1.8332122
15434,1.8332122
15435,1.8332122
15436,1.8332122
15437,1.8332122
15438,1.8332122
15439,1.8332122
15440,1.8332122
15441,1.8332122
15442,1.8332122
15443,1.8332122
15444,1.8332122
15445,1.8332122
15446,1.8332122
15447,1.8332122
15448,1.8332122
15449,1.8332122
15450,1.8332122
15451,1.8332122
15452,1.8332122
15453,1.8332122
15454,1.8332122
15455,1.8332122
15456,1.8332122
15457,1.8332122
15458,1.8332122
15459,1.8332122
15460,1.8332122
15461,1.8332122
15462,1.8332122
15463,1.8332122
15464,1.8332122
15465,1.8332122
15466,1.8332122
15467,1.8332122
15468,1.8332122
15469,1.8332122
15470,1.8332122
15471,1.8332122
15472,1.8332122
15473,1.8332122
15474,1.8332122
15475,1.8332122
15476,1.8332122
15477,1.8332122
15478,1.8332122
15479,1.8332122
15480,1.8332122
15481,1.8332122
15482,1.8332122
15483,1.8332122
15484,1.8332122
15485,1.8332122
15486,1.8332122
15487,1.8332122
15488,1.8332122
15489,1.8332122
15490,1.8332122
15491,1.8332122
15492,1.8332122
15493,1.8332122
15494,1.8332122
15495,1.8332122
15496,1.8332122
15497,1.8332122
15498,1.8332122
15499,1.8332122
15500,1.8332122
15501,1.8332122
15502,1.8332122
15503,1.8332122
15504,1.8332122
15505,1.8332122
15506,1.8332122
15507,1.8332122
15508,1.8332122
15509,1.8332122
15510,1.8332122
15511,1.8332122
15512,1.8332122
15513,1.8332122
15514,1.8332122
15515,1.8332122
15516,1.8332122
15517,1.8332122
15518,1.8332122
15519,1.8332122
15520,1.8332122
15521,1.8332122
15522,1.8332122
15523,1.8332122
15524,1.8332122
15525,1.8332122
15526,1.8332122
15527,1.8332122
15528,1.8332122
15529,1.8332122
15530,1.8332122
15531,1.8332122
15532,1.8332122
15533,1.8332122
15534,1.8332122
15535,1.8332122
15536,1.8332122
15537,1.8332122
15538,1.8332122
15539,1.8332122
15540,1.8332122
15541,1.8332122
15542,1.8332122
15543,1.8332122
15544,1.8332122
15545,1.8332122
15546,1.8332122
15547,1.8332122
15548,1.8332122
15549,1.8332122
15550,1.8332122
15551,1.8332122
15552,1.8332122
15553,1.8332122
15554,1.8332122
15555,1.8332122
15556,1.8332122
15557,1.8332122
15558,1.8332122
15559,1.8332122
15560,1.8332122
15561,1.8332122
15562,1.8332122
15563,1.8332122
15564,1.8332122
15565,1.8332122
15566,1.8332122
15567,1.8332122
15568,1.8332122
15569,1.8332122
15570,1.8332122
15571,1.8332122
15572,1.8332122
15573,1.8332122
15574,1.8332122
15575,1.8332122
15576,1.8332122
15577,1.8332122
15578,1.8332122
15579,1.8332122
15580,1.8332122
15581,1.8332122
15582,1.8332122
15583,1.8332122
15584,1.8332122
15585,1.8332122
15586,1.8332122
15587,1.8332122
15588,1.8332122
15589,1.8332122
15590,1.8332122
15591,1.8332122
15592,1.8332122
15593,1.8332122
15594,1.8332122
15595,1.8332122
15596,1.8332122
15597,1.8332122
15598,1.8332122
15599,1.8332122
15600,1.8332122
15601,1.8332122
15602,1.8332122
15603,1.8332122
15604,1.8332122
15605,1.8332122
15606,1.8332122
15607,1.8332122
15608,1.8332122
15609,1.8332122
15610,1.8332122
15611,1.8332122
15612,1.8332122
15613,1.8332122
15614,1.8332122
15615,1.8332122
15616,1.8332122
15617,1.8332122
15618,1.8332122
15619,1.8332122
15620,1.8332122
15621,1.8332122
15622,1.8332122
15623,1.8332122
15624,1.8332122
15625,1.8332122
15626,1.8332122
15627,1.8332122
15628,1.8332122
15629,1.8332122
15630,1.8332122
15631,1.8332122
15632,1.8332122
15633,1.8332122
15634,1.8332122
15635,1.8332122
15636,1.8332122
15637,1.8332122
15638,1.8332122
15639,1.8332122
15640,1.8332122
15641,1.8332122
15642,1.8332122
15643,1.8332122
15644,1.8332122
15645,1.8332122
15646,1.8332122
15647,1.8332122
15648,1.8332122
15649,1.8332122
15650,1.8332122
15651,1.8332122
15652,1.8332122
15653,1.8332122
15654,1.8332122
15655,1.8332122
15656,1.8332122
15657,1.8332122
15658,1.8332122
15659,1.8332122
15660,1.8332122
15661,1.8332122
15662,1.8332122
15663,1.8332122
15664,1.8332122
15665,1.8332122
15666,1.8332122
15667,1.8332122
15668,1.8332122
15669,1.8332122
15670,1.8332122
15671,1.8332122
15672,1.8332122
15673,1.8332122
15674,1.8332122
15675,1.8332122
15676,1.8332122
15677,1.8332122
15678,1.8332122
15679,1.8332122
15680,1.8332122
15681,1.8332122
15682,1.8332122
15683,1.8332122
15684,1.8332122
15685,1.8332122
15686,1.8332122
15687,1.8332122
15688,1.8332122
15689,1.8332122
15690,1.8332122
15691,1.8332122
15692,1.8332122
15693,1.8332122
15694,1.8332122
15695,1.8332122
15696,1.8332122
15697,1.8332122
15698,1.8332122
15699,1.8332122
15700,1.8332122
15701,1.8332122
15702,1.8332122
15703,1.8332122
15704,1.8332122
15705,1.8332122
15706,1.8332122
15707,1.8332122
15708,1.8332122
15709,1.8332122
15710,1.8332122
15711,1.8332122
15712,1.8332122
15713,1.8332122
15714,1.8332122
15715,1.8332122
15716,1.8332122
15717,1.8332122
15718,1.8332122
15719,1.8332122
15720,1.8332122
15721,1.8332122
15722,1.8332122
15723,1.8332122
15724,1.8332122
15725,1.8332122
15726,1.8332122
15727,1.8332122
15728,1.8332122
15729,1.8332122
15730,1.8332122
15731,1.8332122
15732,1.8332122
15733,1.8332122
15734,1.8332122
15735,1.8332122
15736,1.8332122
15737,1.8332122
15738,1.8332122
15739,1.8332122
15740,1.8332122
15741,1.8332122
15742,1.8332122
15743,1.8332122
15744,1.8332122
15745,1.8332122
15746,1.8332122
15747,1.8332122
15748,1.8332122
15749,1.8332122
15750,1.8332122
15751,1.8332122
15752,1.8332122
15753,1.8332122
15754,1.8332122
15755,1.8332122
15756,1.8332122
15757,1.8332122
15758,1.8332122
15759,1.8332122
15760,1.8332122
15761,1.8332122
15762,1.8332122
15763,1.8332122
15764,1.8332122
15765,1.8332122
15766,1.8332122
15767,1.8332122
15768,1.8332122
15769,1.8332122
15770,1.8332122
15771,1.8332122
15772,1.8332122
15773,1.8332122
15774,1.8332122
15775,1.8332122
15776,1.8332122
15777,1.8332122
15778,1.8332122
15779,1.8332122
15780,1.8332122
15781,1.8332122
15782,1.8332122
15783,1.8332122
15784,1.8332122
15785,1.8332122
15786,1.8332122
15787,1.8332122
15788,1.8332122
15789,1.8332122
15790,1.8332122
15791,1.8332122
15792,1.8332122
15793,1.8332122
15794,1.8332122
15795,1.8332122
15796,1.8332122
15797,1.8332122
15798,1.8332122
15799,1.8332122
15800,1.8332122
15801,1.8332122
15802,1.8332122
15803,1.8332122
15804,1.8332122
15805,1.8332122
15806,1.8332122
15807,1.8332122
15808,1.8332122
15809,1.8332122
15810,1.8332122
15811,1.8332122
15812,1.8332122
15813,1.8332122
15814,1.8332122
15815,1.8332122
15816,1.8332122
15817,1.8332122
15818,1.8332122
15819,1.8332122
15820,1.8332122
15821,1.8332122
15822,1.8332122
15823,1.8332122
15824,1.8332122
15825,1.8332122
15826,1.8332122
15827,1.8332122
15828,1.8332122
15829,1.8332122
15830,1.8332122
15831,1.8332122
15832,1.8332122
15833,1.8332122
15834,1.8332122
15835,1.8332122
15836,1.8332122
15837,1.8332122
15838,1.8332122
15839,1.8332122
15840,1.8332122
15841,1.8332122
15842,1.8332122
15843,1.8332122
15844,1.8332122
15845,1.8332122
15846,1.8332122
15847,1.8332122
15848,1.8332122
15849,1.8332122
15850,1.8332122
15851,1.8332122
15852,1.8332122
15853,1.8332122
15854,1.8332122
15855,1.8332122
15856,1.8332122
15857,1.8332122
15858,1.8332122
15859,1.8332122
15860,1.8332122
15861,1.8332122
15862,1.8332122
15863,1.8332122
15864,1.8332122
15865,1.8332122
15866,1.8332122
15867,1.8332122
15868,1.8332122
15869,1.8332122
15870,1.8332122
15871,1.8332122
15872,1.8332122
15873,1.8332122
15874,1.8332122
15875,1.8332122
15876,1.8332122
15877,1.8332122
15878,1.8332122
15879,1.8332122
15880,1.8332122
15881,1.8332122
15882,1.8332122
15883,1.8332122
15884,1.8332122
15885,1.8332122
15886,1.8332122
15887,1.8332122
15888,1.8332122
15889,1.8332122
15890,1.8332122
15891,1.8332122
15892,1.8332122
15893,1.8332122
15894,1.8332122
15895,1.8332122
15896,1.8332122
15897,1.8332122
15898,1.8332122
15899,1.8332122
15900,1.8332122
15901,1.8332122
15902,1.8332122
15903,1.8332122
15904,1.8332122
15905,1.8332122
15906,1.8332122
15907,1.8332122
15908,1.8332122
15909,1.8332122
15910,1.8332122
15911,1.8332122
15912,1.8332122
15913,1.8332122
15914,1.8332122
15915,1.8332122
15916,1.8332122
15917,1.8332122
15918,1.8332122
15919,1.8332122
15920,1.8332122
15921,1.8332122
15922,1.8332122
15923,1.8332122
15924,1.8332122
15925,1.8332122
15926,1.8332122
15927,1.8332122
15928,1.8332122
15929,1.8332122
15930,1.8332122
15931,1.8332122
15932,1.8332122
15933,1.8332122
15934,1.8332122
15935,1.8332122
15936,1.8332122
15937,1.8332122
15938,1.8332122
15939,1.8332122
15940,1.8332122
15941,1.8332122
15942,1.8332122
15943,1.8332122
15944,1.8332122
15945,1.8332122
15946,1.8332122
15947,1.8332122
15948,1.8332122
15949,1.8332122
15950,1.8332122
15951,1.8332122
15952,1.8332122
15953,1.8332122
15954,1.8332122
15955,1.8332122
15956,1.8332122
15957,1.8332122
15958,1.8332122
15959,1.8332122
15960,1.8332122
15961,1.8332122
15962,1.8332122
15963,1.8332122
15964,1.8332122
15965,1.8332122
15966,1.8332122
15967,1.8332122
15968,1.8332122
15969,1.8332122
15970,1.8332122
15971,1.8332122
15972,1.8332122
15973,1.8332122
15974,1.8332122
15975,1.8332122
15976,1.8332122
15977,1.8332122
15978,1.8332122
15979,1.8332122
15980,1.8332122
15981,1.8332122
15982,1.8332122
15983,1.8332122
15984,1.8332122
15985,1.8332122
15986,1.8332122
15987,1.8332122
15988,1.8332122
15989,1.8332122
15990,1.8332122
15991,1.8332122
15992,1.8332122
15993,1.8332122
15994,1.8332122
15995,1.8332122
15996,1.8332122
15997,1.8332122
15998,1.8332122
15999,1.8332122
16000,1.8332122
16001,1.8332122
16002,1.8332122
16003,1.8332122
16004,1.8332122
16005,1.8332122
16006,1.8332122
16007,1.8332122
16008,1.8332122
16009,1.8332122
16010,1.8332122
16011,1.8332122
16012,1.8332122
16013,1.8332122
16014,1.8332122
16015,1.8332122
16016,1.8332122
16017,1.8332122
16018,1.8332122
16019,1.8332122
16020,1.8332122
16021,1.8332122
16022,1.8332122
16023,1.8332122
16024,1.8332122
16025,1.8332122
16026,1.8332122
16027,1.8332122
16028,1.8332122
16029,1.8332122
16030,1.8332122
16031,1.8332122
16032,1.8332122
16033,1.8332122
16034,1.8332122
16035,1.8332122
16036,1.8332122
16037,1.8332122
16038,1.8332122
16039,1.8332122
16040,1.8332122
16041,1.8332122
16042,1.8332122
16043,1.8332122
16044,1.8332122
16045,1.8332122
16046,1.8332122
16047,1.8332122
16048,1.8332122
16049,1.8332122
16050,1.8332122
16051,1.8332122
16052,1.8332122
16053,1.8332122
16054,1.8332122
16055,1.8332122
16056,1.8332122
16057,1.8332122
16058,1.8332122
16059,1.8332122
16060,1.8332122
16061,1.8332122
16062,1.8332122
16063,1.8332122
16064,1.8332122
16065,1.8332122
16066,1.8332122
16067,1.8332122
16068,1.8332122
16069,1.8332122
16070,1.8332122
16071,1.8332122
16072,1.8332122
16073,1.8332122
16074,1.8332122
16075,1.8332122
16076,1.8332122
16077,1.8332122
16078,1.8332122
16079,1.8332122
16080,1.8332122
16081,1.8332122
16082,1.8332122
16083,1.8332122
16084,1.8332122
16085,1.8332122
16086,1.8332122
16087,1.8332122
16088,1.8332122
16089,1.8332122
16090,1.8332122
16091,1.8332122
16092,1.8332122
16093,1.8332122
16094,1.8332122
16095,1.8332122
16096,1.8332122
16097,1.8332122
16098,1.8332122
16099,1.8332122
16100,1.8332122
16101,1.8332122
16102,1.8332122
16103,1.8332122
16104,1.8332122
16105,1.8332122
16106,1.8332122
16107,1.8332122
16108,1.8332122
16109,1.8332122
16110,1.8332122
16111,1.8332122
16112,1.8332122
16113,1.8332122
16114,1.8332122
16115,1.8332122
16116,1.8332122
16117,1.8332122
16118,1.8332122
16119,1.8332122
16120,1.8332122
16121,1.8332122
16122,1.8332122
16123,1.8332122
16124,1.8332122
16125,1.8332122
16126,1.8332122
16127,1.8332122
16128,1.8332122
16129,1.8332122
16130,1.8332122
16131,1.8332122
16132,1.8332122
16133,1.8332122
16134,1.8332122
16135,1.8332122
16136,1.8332122
16137,1.8332122
16138,1.8332122
16139,1.8332122
16140,1.8332122
16141,1.8332122
16142,1.8332122
16143,1.8332122
16144,1.8332122
16145,1.8332122
16146,1.8332122
16147,1.8332122
16148,1.8332122
16149,1.8332122
16150,1.8332122
16151,1.8332122
16152,1.8332122
16153,1.8332122
16154,1.8332122
16155,1.8332122
16156,1.8332122
16157,1.8332122
16158,1.8332122
16159,1.8332122
16160,1.8332122
16161,1.8332122
16162,1.8332122
16163,1.8332122
16164,1.8332122
16165,1.8332122
16166,1.8332122
16167,1.8332122
16168,1.8332122
16169,1.8332122
16170,1.8332122
16171,1.8332122
16172,1.8332122
16173,1.8332122
16174,1.8332122
16175,1.8332122
16176,1.8332122
16177,1.8332122
16178,1.8332122
16179,1.8332122
16180,1.8332122
16181,1.8332122
16182,1.8332122
16183,1.8332122
16184,1.8332122
16185,1.8332122
16186,1.8332122
16187,1.8332122
16188,1.8332122
16189,1.8332122
16190,1.8332122
16191,1.8332122
16192,1.8332122
16193,1.8332122
16194,1.8332122
16195,1.8332122
16196,1.8332122
16197,1.8332122
16198,1.8332122
16199,1.8332122
16200,1.8332122
16201,1.8332122
16202,1.8332122
16203,1.8332122
16204,1.8332122
16205,1.8332122
16206,1.8332122
16207,1.8332122
16208,1.8332122
16209,1.8332122
16210,1.8332122
16211,1.8332122
16212,1.8335626
16213,1.8335626
16214,1.8335626
16215,1.8335626
16216,1.8335626
16217,1.8335626
16218,1.8335626
16219,1.8335626
16220,1.8335626
16221,1.8335626
16222,1.8335626
16223,1.8335626
16224,1.8335626
16225,1.8335626
16226,1.8335626
16227,1.8335626
16228,1.8335626
16229,1.8335626
16230,1.8335626
16231,1.8335626
16232,1.8335626
16233,1.8335626
16234,1.8335626
16235,1.8335626
16236,1.8335626
16237,1.8335626
16238,1.8335626
16239,1.8335626
16240,1.8335626
16241,1.8335626
16242,1.8335626
16243,1.8335626
16244,1.8335626
16245,1.8335626
16246,1.8335626
16247,1.8335626
16248,1.8335626
16249,1.8335626
16250,1.8335626
16251,1.8335626
16252,1.8335626
16253,1.8335626
16254,1.8335626
16255,1.8335626
16256,1.8335626
16257,1.8335626
16258,1.8335626
16259,1.8335626
16260,1.8335626
16261,1.8335626
16262,1.8335626
16263,1.8335626
16264,1.8335626
16265,1.8335626
16266,1.8335626
16267,1.8335626
16268,1.8335626
16269,1.8335626
16270,1.8335626
16271,1.8335626
16272,1.8335626
16273,1.8335626
16274,1.8335626
16275,1.8335626
16276,1.8335626
16277,1.8335626
16278,1.8335626
16279,1.8335626
16280,1.8335626
16281,1.8335626
16282,1.8335626
16283,1.8335626
16284,1.8335626
16285,1.8335626
16286,1.8335626
16287,1.8335626
16288,1.8335626
16289,1.8335626
16290,1.8335626
16291,1.8335626
16292,1.8335626
16293,1.8335626
16294,1.8335626
16295,1.8335626
16296,1.8335626
16297,1.8335626
16298,1.8335626
16299,1.8335626
16300,1.8335626
16301,1.8335626
16302,1.8335626
16303,1.8335626
16304,1.8335626
16305,1.8335626
16306,1.8335626
16307,1.8335626
16308,1.8335626
16309,1.8335626
16310,1.8335626
16311,1.8335626
16312,1.8335626
16313,1.8335626
16314,1.8335626
16315,1.8335626
16316,1.8335626
16317,1.8335626
16318,1.8335626
16319,1.8335626
16320,1.8335626
16321,1.8335626
16322,1.8335626
16323,1.8335626
16324,1.8335626
16325,1.8335626
16326,1.8335626
16327,1.8335626
16328,1.8335626
16329,1.8335626
16330,1.8335626
16331,1.8335626
16332,1.8335626
16333,1.8335626
16334,1.8335626
16335,1.8335626
16336,1.8335626
16337,1.8335626
16338,1.8335626
16339,1.8335626
16340,1.8335626
16341,1.8335626
16342,1.8335626
16343,1.8335626
16344,1.8335626
16345,1.8335626
16346,1.8335626
16347,1.8335626
16348,1.8335626
16349,1.8335626
16350,1.8335626
16351,1.8335626
16352,1.8335626
16353,1.8335626
16354,1.8335626
16355,1.8335626
16356,1.8335626
16357,1.8335626
16358,1.8335626
16359,1.8335626
16360,1.8335626
16361,1.8335626
16362,1.8335626
16363,1.8335626
16364,1.8335626
16365,1.8335626
16366,1.8335626
16367,1.8335626
16368,1.8335626
16369,1.8335626
16370,1.8335626
16371,1.8335626
16372,1.8335626
16373,1.8335626
16374,1.8335626
16375,1.8335626
16376,1.8335626
16377,1.8335626
16378,1.8335626
16379,1.8335626
16380,1.8335626
16381,1.8335626
16382,1.8335626
16383,1.8335626
16384,1.8335626
16385,1.8335626
16386,1.8335626
16387,1.8335626
16388,1.8335626
16389,1.8335626
16390,1.8335626
16391,1.8335626
16392,1.8335626
16393,1.8335626
16394,1.8335626
16395,1.8335626
16396,1.8335626
16397,1.8335626
16398,1.8335626
16399,1.8335626
16400,1.8335626
16401,1.8335626
16402,1.8335626
16403,1.8335626
16404,1.8335626
16405,1.8335626
16406,1.8335626
16407,1.8335626
16408,1.8335626
16409,1.8335626
16410,1.8335626
16411,1.8335626
16412,1.8335626
16413,1.8335626
16414,1.8335626
16415,1.8335626
16416,1.8335626
16417,1.8335626
16418,1.8335626
16419,1.8335626
16420,1.8335626
16421,1.8335626
16422,1.8335626
16423,1.8335626
16424,1.8335626
16425,1.8335626
16426,1.8335626
16427,1.8335626
16428,1.8335626
16429,1.8335626
16430,1.8335626
16431,1.8335626
16432,1.8335626
16433,1.8335626
16434,1.8335626
16435,1.8335626
16436,1.8335626
16437,1.8335626
16438,1.8335626
16439,1.8335626
16440,1.8335626
16441,1.8335626
16442,1.8335626
16443,1.8335626
16444,1.8335626
16445,1.8335626
16446,1.8335626
16447,1.8335626
16448,1.8335626
16449,1.8335626
16450,1.8335626
16451,1.8335626
16452,1.8335626
16453,1.8335626
16454,1.8335626
16455,1.8335626
16456,1.8335626
16457,1.8335626
16458,1.8335626
16459,1.8335626
16460,1.8335626
16461,1.8335626
16462,1.8335626
16463,1.8335626
16464,1.8335626
16465,1.8335626
16466,1.8335626
16467,1.8335626
16468,1.8335626
16469,1.8335626
16470,1.8335626
16471,1.8335626
16472,1.8335626
16473,1.8335626
16474,1.8335626
16475,1.8335626
16476,1.8335626
16477,1.8335626
16478,1.8335626
16479,1.8335626
16480,1.8335626
16481,1.8335626
16482,1.8335626
16483,1.8335626
16484,1.8335626
16485,1.8335626
16486,1.8335626
16487,1.8335626
16488,1.8335626
16489,1.8335626
16490,1.8335626
16491,1.8335626
16492,1.8335626
16493,1.8335626
16494,1.8335626
16495,1.8335626
16496,1.8335626
16497,1.8335626
16498,1.8335626
16499,1.8335626
16500,1.8335626
16501,1.8335626
16502,1.8335626
16503,1.8335626
16504,1.8335626
16505,1.8335626
16506,1.8335626
16507,1.8335626
16508,1.8335626
16509,1.8335626
16510,1.8335626
16511,1.8335626
16512,1.8335626
16513,1.8335626
16514,1.8335626
16515,1.8335626
16516,1.8335626
16517,1.8335626
16518,1.8335626
16519,1.8335626
16520,1.8335626
16521,1.8335626
16522,1.8335626
16523,1.8335626
16524,1.8335626
16525,1.8335626
16526,1.8335626
16527,1.8335626
16528,1.8335626
16529,1.8335626
16530,1.8335626
16531,1.8335626
16532,1.8335626
16533,1.8335626
16534,1.8335626
16535,1.8335626
16536,1.8335626
16537,1.8335626
16538,1.8335626
16539,1.8335626
16540,1.8335626
16541,1.8335626
16542,1.8335626
16543,1.8335626
16544,1.8335626
16545,1.8335626
16546,1.8335626
16547,1.8335626
16548,1.8335626
16549,1.8335626
16550,1.8335626
16551,1.8335626
16552,1.8335626
16553,1.8335626
16554,1.8335626
16555,1.8335626
16556,1.8335626
16557,1.8335626
16558,1.8335626
16559,1.8335626
16560,1.8335626
16561,1.8335626
16562,1.8335626
16563,1.8335626
16564,1.8335626
16565,1.8335626
16566,1.8335626
16567,1.8335626
16568,1.8335626
16569,1.8335626
16570,1.8335626
16571,1.8335626
16572,1.8335626
16573,1.8335626
16574,1.8335626
16575,1.8335626
16576,1.8335626
16577,1.8335626
16578,1.8335626
16579,1.8335626
16580,1.8335626
16581,1.8335626
16582,1.8335626
16583,1.8335626
16584,1.8335626
16585,1.8335626
16586,1.8335626
16587,1.8335626
16588,1.8335626
16589,1.8335626
16590,1.8335626
16591,1.8335626
16592,1.8335626
16593,1.8335626
16594,1.8335626
16595,1.8335626
16596,1.8335626
16597,1.8335626
16598,1.8335626
16599,1.8335626
16600,1.8335626
16601,1.8335626
16602,1.8335626
16603,1.8335626
16604,1.8335626
16605,1.8335626
16606,1.8335626
16607,1.8335626
16608,1.8335626
16609,1.8335626
16610,1.8335626
16611,1.8335626
16612,1.8335626
16613,1.8335626
16614,1.8335626
16615,1.8335626
16616,1.8335626
16617,1.8335626
16618,1.8335626
16619,1.8335626
16620,1.8335626
16621,1.8335626
16622,1.8335626
16623,1.8335626
16624,1.8335626
16625,1.8335626
16626,1.8335626
16627,1.8335626
16628,1.8335626
16629,1.8335626
16630,1.8335626
16631,1.8335626
16632,1.8335626
16633,1.8335626
16634,1.8335626
16635,1.8335626
16636,1.8335626
16637,1.8335626
16638,1.8335626
16639,1.8335626
16640,1.8335626
16641,1.8335626
16642,1.8335626
16643,1.8335626
16644,1.8335626
16645,1.8335626
16646,1.8335626
16647,1.8335626
16648,1.8335626
16649,1.8335626
16650,1.8335626
16651,1.8335626
16652,1.8335626
16653,1.8335626
16654,1.8335626
16655,1.8335626
16656,1.8335626
16657,1.8335626
16658,1.8335626
16659,1.8335626
16660,1.8335626
16661,1.8335626
16662,1.8335626
16663,1.8335626
16664,1.8335626
16665,1.8335626
16666,1.8335626
16667,1.8335626
16668,1.8335626
16669,1.8335626
16670,1.8335626
16671,1.8335626
16672,1.8335626
16673,1.8335626
16674,1.8335626
16675,1.8335626
16676,1.8335626
16677,1.8335626
16678,1.8335626
16679,1.8335626
16680,1.8335626
16681,1.8335626
16682,1.8335626
16683,1.8335626
16684,1.8335626
16685,1.8335626
16686,1.8335626
16687,1.8335626
16688,1.8335626
16689,1.8335626
16690,1.8335626
16691,1.8335626
16692,1.8335626
16693,1.8335626
16694,1.8335626
16695,1.8335626
16696,1.8335626
16697,1.8335626
16698,1.8335626
16699,1.8335626
16700,1.8335626
16701,1.8335626
16702,1.8335626
16703,1.8335626
16704,1.8335626
16705,1.8335626
16706,1.8335626
16707,1.8335626
16708,1.8335626
16709,1.8335626
16710,1.8335626
16711,1.8335626
16712,1.8335626
16713,1.8335626
16714,1.8335626
16715,1.8335626
16716,1.8335626
16717,1.8335626
16718,1.8335626
16719,1.8335626
16720,1.8335626
16721,1.8335626
16722,1.8335626
16723,1.8335626
16724,1.8335626
16725,1.8335626
16726,1.8335626
16727,1.8335626
16728,1.8335626
16729,1.8335626
16730,1.8335626
16731,1.8335626
16732,1.8335626
16733,1.8335626
16734,1.8335626
16735,1.8335626
16736,1.8335626
16737,1.8335626
16738,1.8335626
16739,1.8335626
16740,1.8335626
16741,1.8335626
16742,1.8335626
16743,1.8335626
16744,1.8335626
16745,1.8335626
16746,1.8335626
16747,1.8335626
16748,1.8335626
16749,1.8335626
16750,1.8335626
16751,1.8335626
16752,1.8335626
16753,1.8335626
16754,1.8335626
16755,1.8335626
16756,1.8335626
16757,1.8335626
16758,1.8335626
16759,1.8335626
16760,1.8335626
16761,1.8335626
16762,1.8335626
16763,1.8335626
16764,1.8335626
16765,1.8335626
16766,1.8335626
16767,1.8335626
16768,1.8335626
16769,1.8335626
16770,1.8335626
16771,1.8335626
16772,1.8335626
16773,1.8335626
16774,1.8335626
16775,1.8335626
16776,1.8335626
16777,1.8335626
16778,1.8335626
16779,1.8335626
16780,1.8335626
16781,1.8335626
16782,1.8335626
16783,1.8335626
16784,1.8335626
16785,1.8335626
16786,1.8335626
16787,1.8335626
16788,1.8335626
16789,1.8335626
16790,1.8335626
16791,1.8335626
16792,1.8335626
16793,1.8335626
16794,1.8335626
16795,1.8335626
16796,1.8335626
16797,1.8335626
16798,1.8335626
16799,1.8335626
16800,1.8335626
16801,1.8335626
16802,1.8335626
16803,1.8335626
16804,1.8335626
16805,1.8335626
16806,1.8335626
16807,1.8335626
16808,1.8335626
16809,1.8335626
16810,1.8335626
16811,1.8335626
16812,1.8335626
16813,1.8335626
16814,1.8335626
16815,1.8335626
16816,1.8335626
16817,1.8335626
16818,1.8335626
16819,1.8335626
16820,1.8335626
16821,1.8335626
16822,1.8335626
16823,1.8335626
16824,1.8335626
16825,1.8335626
16826,1.8335626
16827,1.8335626
16828,1.8335626
16829,1.8335626
16830,1.8335626
16831,1.8335626
16832,1.8335626
16833,1.8335626
16834,1.8335626
16835,1.8335626
16836,1.8335626
16837,1.8335626
16838,1.8335626
16839,1.8335626
16840,1.8335626
16841,1.8335626
16842,1.8335626
16843,1.8335626
16844,1.8335626
16845,1.8335626
16846,1.8335626
16847,1.8335626
16848,1.8335626
16849,1.8335626
16850,1.8335626
16851,1.8335626
16852,1.8335626
16853,1.8335626
16854,1.8335626
16855,1.8335626
16856,1.8335626
16857,1.8335626
16858,1.8335626
16859,1.8335626
16860,1.8335626
16861,1.8335626
16862,1.8335626
16863,1.8335626
16864,1.8335626
16865,1.8335626
16866,1.8335626
16867,1.8335626
16868,1.8335626
16869,1.8335626
16870,1.8335626
16871,1.8335626
16872,1.8335626
16873,1.8335626
16874,1.8335626
16875,1.8335626
16876,1.8335626
16877,1.8335626
16878,1.8335626
16879,1.8335626
16880,1.8335626
16881,1.8335626
16882,1.8335626
16883,1.8335626
16884,1.8335626
16885,1.8335626
16886,1.8335626
16887,1.8335626
16888,1.8335626
16889,1.8335626
16890,1.8335626
16891,1.8335626
16892,1.8335626
16893,1.8335626
16894,1.8335626
16895,1.8335626
16896,1.8335626
16897,1.8335626
16898,1.8335626
16899,1.8335626
16900,1.8335626
16901,1.8335626
16902,1.8335626
16903,1.8335626
16904,1.8335626
16905,1.8335626
16906,1.8335626
16907,1.8335626
16908,1.8335626
16909,1.8335626
16910,1.8335626
16911,1.8335626
16912,1.8335626
16913,1.8335626
16914,1.8335626
16915,1.8335626
16916,1.8335626
16917,1.8335626
16918,1.8335626
16919,1.8335626
16920,1.8335626
16921,1.8335626
16922,1.8335626
16923,1.8335626
16924,1.8335626
16925,1.8335626
16926,1.8335626
16927,1.8335626
16928,1.8335626
16929,1.8335626
16930,1.8335626
16931,1.8335626
16932,1.8335626
16933,1.8335626
16934,1.8335626
16935,1.8335626
16936,1.8335626
16937,1.8335626
16938,1.8335626
16939,1.8335626
16940,1.8335626
16941,1.8335626
16942,1.8335626
16943,1.8335626
16944,1.8335626
16945,1.8335626
16946,1.8335626
16947,1.8335626
16948,1.8335626
16949,1.8335626
16950,1.8335626
16951,1.8335626
16952,1.8335626
16953,1.8335626
16954,1.8335626
16955,1.8335626
16956,1.8335626
16957,1.8335626
16958,1.8335626
16959,1.8335626
16960,1.8335626
16961,1.8335626
16962,1.8335626
16963,1.8335626
16964,1.8335626
16965,1.8335626
16966,1.8335626
16967,1.8335626
16968,1.8335626
16969,1.8335626
16970,1.8335626
16971,1.8335626
16972,1.8335626
16973,1.8335626
16974,1.8335626
16975,1.8335626
16976,1.8335626
16977,1.8335626
16978,1.8335626
16979,1.8335626
16980,1.8335626
16981,1.8335626
16982,1.8335626
16983,1.8335626
16984,1.8335626
16985,1.8335626
16986,1.8335626
16987,1.8335626
16988,1.8335626
16989,1.8335626
16990,1.8335626
16991,1.8335626
16992,1.8335626
16993,1.8335626
16994,1.8335626
16995,1.8335626
16996,1.8335626
16997,1.8335626
16998,1.8335626
16999,1.8335626
17000,1.8335626
17001,1.8335626
17002,1.8335626
17003,1.8335626
17004,1.8335626
17005,1.8335626
17006,1.8335626
17007,1.8335626
17008,1.8335626
17009,1.8335626
17010,1.8335626
17011,1.8335626
17012,1.8335626
17013,1.8335626
17014,1.8335626
17015,1.8335626
17016,1.8335626
17017,1.8335626
17018,1.8335626
17019,1.8335626
17020,1.8335626
17021,1.8335626
17022,1.8335626
17023,1.8335626
17024,1.8335626
17025,1.8335626
17026,1.8335626
17027,1.8335626
17028,1.8335626
17029,1.8335626
17030,1.8335626
17031,1.8335626
17032,1.8335626
17033,1.8335626
17034,1.8335626
17035,1.8335626
17036,1.8335626
17037,1.8335626
17038,1.8335626
17039,1.8335626
17040,1.8335626
17041,1.8335626
17042,1.8335626
17043,1.8335626
17044,1.8335626
17045,1.8335626
17046,1.8335626
17047,1.8335626
17048,1.8335626
17049,1.8335626
17050,1.8335626
17051,1.8335626
17052,1.8335626
17053,1.8335626
17054,1.8335626
17055,1.8335626
17056,1.8335626
17057,1.8335626
17058,1.8335626
17059,1.8335626
17060,1.8335626
17061,1.8335626
17062,1.8335626
17063,1.8335626
17064,1.8335626
17065,1.8335626
17066,1.8335626
17067,1.8335626
17068,1.8335626
17069,1.8335626
17070,1.8335626
17071,1.8335626
17072,1.8335626
17073,1.8335626
17074,1.8335626
17075,1.8335626
17076,1.8335626
17077,1.8335626
17078,1.8335626
17079,1.8335626
17080,1.8335626
17081,1.8335626
17082,1.8335626
17083,1.8335626
17084,1.8335626
17085,1.8335626
17086,1.8335626
17087,1.8335626
17088,1.8335626
17089,1.8335626
17090,1.8335626
17091,1.8335626
17092,1.8335626
17093,1.8335626
17094,1.8335626
17095,1.8335626
17096,1.8335626
17097,1.8335626
17098,1.8335626
17099,1.8335626
17100,1.8335626
17101,1.8335626
17102,1.8335626
17103,1.8335626
17104,1.8335626
17105,1.8335626
17106,1.8335626
17107,1.8335626
17108,1.8335626
17109,1.8335626
17110,1.8335626
17111,1.8335626
17112,1.8335626
17113,1.8335626
17114,1.8335626
17115,1.8335626
17116,1.8335626
17117,1.8335626
17118,1.8335626
17119,1.8335626
17120,1.8335626
17121,1.8335626
17122,1.8335626
17123,1.8335626
17124,1.8335626
17125,1.8335626
17126,1.8335626
17127,1.8335626
17128,1.8335626
17129,1.8335626
17130,1.8335626
17131,1.8335626
17132,1.8335626
17133,1.8335626
17134,1.8335626
17135,1.8335626
17136,1.8335626
17137,1.8335626
17138,1.8335626
17139,1.8335626
17140,1.8335626
17141,1.8335626
17142,1.8335626
17143,1.8335626
17144,1.8335626
17145,1.8335626
17146,1.8335626
17147,1.8335626
17148,1.8335626
17149,1.8335626
17150,1.8335626
17151,1.8335626
17152,1.8335626
17153,1.8335626
17154,1.8335626
17155,1.8335626
17156,1.8335626
17157,1.8335626
17158,1.8335626
17159,1.8335626
17160,1.8335626
17161,1.8335626
17162,1.8335626
17163,1.8335626
17164,1.8335626
17165,1.8335626
17166,1.8335626
17167,1.8335626
17168,1.8335626
17169,1.8335626
17170,1.8335626
17171,1.8335626
17172,1.8335626
17173,1.8335626
17174,1.8335626
17175,1.8335626
17176,1.8335626
17177,1.8335626
17178,1.8335626
17179,1.8335626
17180,1.8335626
17181,1.8335626
17182,1.8335626
17183,1.8335626
17184,1.8335626
17185,1.8335626
17186,1.8335626
17187,1.8335626
17188,1.8335626
17189,1.8335626
17190,1.8335626
17191,1.8335626
17192,1.8335626
17193,1.8335626
17194,1.8335626
17195,1.8335626
17196,1.8335626
17197,1.8335626
17198,1.8335626
17199,1.8335626
17200,1.8335626
17201,1.8335626
17202,1.8335626
17203,1.8335626
17204,1.8335626
17205,1.8335626
17206,1.8335626
17207,1.8335626
17208,1.8335626
17209,1.8335626
17210,1.8335626
17211,1.8335626
17212,1.8335626
17213,1.8335626
17214,1.8335626
17215,1.8335626
17216,1.8335626
17217,1.8335626
17218,1.8335626
17219,1.8335626
17220,1.8335626
17221,1.8335626
17222,1.8335626
17223,1.8335626
17224,1.8335626
17225,1.8335626
17226,1.8335626
17227,1.8335626
17228,1.8335626
17229,1.8335626
17230,1.8335626
17231,1.8335626
17232,1.8335626
17233,1.8335626
17234,1.8335626
17235,1.8335626
17236,1.8335626
17237,1.8335626
17238,1.8335626
17239,1.8335626
17240,1.8335626
17241,1.8335626
17242,1.8335626
17243,1.8335626
17244,1.8335626
17245,1.8335626
17246,1.8335626
17247,1.8335626
17248,1.8335626
17249,1.8335626
17250,1.8335626
17251,1.8335626
17252,1.8335626
17253,1.8335626
17254,1.8335626
17255,1.8335626
17256,1.8335626
17257,1.8335626
17258,1.8335626
17259,1.8335626
17260,1.8335626
17261,1.8335626
17262,1.8335626
17263,1.8335626
17264,1.8335626
17265,1.8335626
17266,1.8335626
17267,1.8335626
17268,1.8335626
17269,1.8335626
17270,1.8335626
17271,1.8335626
17272,1.8335626
17273,1.8335626
17274,1.8335626
17275,1.8335626
17276,1.8335626
17277,1.8335626
17278,1.8335626
17279,1.8335626
17280,1.8335626
17281,1.8335626
17282,1.8335626
17283,1.8335626
17284,1.8335626
17285,1.8335626
17286,1.8335626
17287,1.8335626
17288,1.8335626
17289,1.8335626
17290,1.8335626
17291,1.8335626
17292,1.8335626
17293,1.8335626
17294,1.8335626
17295,1.8335626
17296,1.8335626
17297,1.8335626
17298,1.8335626
17299,1.8335626
17300,1.8335626
17301,1.8335626
17302,1.8335626
17303,1.8335626
17304,1.8335626
17305,1.8335626
17306,1.8335626
17307,1.8335626
17308,1.8335626
17309,1.8335626
17310,1.8335626
17311,1.8335626
17312,1.8335626
17313,1.8335626
17314,1.8335626
17315,1.8335626
17316,1.8335626
17317,1.8335626
17318,1.8335626
17319,1.8335626
17320,1.8335626
17321,1.8335626
17322,1.8335626
17323,1.8335626
17324,1.8335626
17325,1.8335626
17326,1.8335626
17327,1.8335626
17328,1.8335626
17329,1.8335626
17330,1.8335626
17331,1.8335626
17332,1.8335626
17333,1.8335626
17334,1.8335626
17335,1.8335626
17336,1.8335626
17337,1.8335626
17338,1.8335626
17339,1.8335626
17340,1.8335626
17341,1.8335626
17342,1.8335626
17343,1.8335626
17344,1.8335626
17345,1.8335626
17346,1.8335626
17347,1.8335626
17348,1.8335626
17349,1.8335626
17350,1.8335626
17351,1.8335626
17352,1.8335626
17353,1.8335626
17354,1.8335626
17355,1.8335626
17356,1.8335626
17357,1.8335626
17358,1.8335626
17359,1.8335626
17360,1.8335626
17361,1.8335626
17362,1.8335626
17363,1.8335626
17364,1.8335626
17365,1.8335626
17366,1.8335626
17367,1.8335626
17368,1.8335626
17369,1.8335626
17370,1.8335626
17371,1.8335626
17372,1.8335626
17373,1.8335626
17374,1.8335626
17375,1.8335626
17376,1.8335626
17377,1.8335626
17378,1.8335626
17379,1.8335626
17380,1.8335626
17381,1.8335626
17382,1.8335626
17383,1.8335626
17384,1.8335626
17385,1.8335626
17386,1.8335626
17387,1.8335626
17388,1.8335626
17389,1.8335626
17390,1.8335626
17391,1.8335626
17392,1.8335626
17393,1.8335626
17394,1.8335626
17395,1.8335626
17396,1.8335626
17397,1.8335626
17398,1.8335626
17399,1.8335626
17400,1.8335626
17401,1.8335626
17402,1.8335626
17403,1.8335626
17404,1.8335626
17405,1.8335626
17406,1.8335626
17407,1.8335626
17408,1.8335626
17409,1.8335626
17410,1.8335626
17411,1.8335626
17412,1.8335626
17413,1.8335626
17414,1.8335626
17415,1.8335626
17416,1.8335626
17417,1.8335626
17418,1.8335626
17419,1.8335626
17420,1.8335626
17421,1.8335626
17422,1.8335626
17423,1.8335626
17424,1.8335626
17425,1.8335626
17426,1.8335626
17427,1.8335626
17428,1.8335626
17429,1.8335626
17430,1.8335626
17431,1.8335626
17432,1.8335626
17433,1.8335626
17434,1.8335626
17435,1.8335626
17436,1.8335626
17437,1.8335626
17438,1.8335626
17439,1.8335626
17440,1.8335626
17441,1.8335626
17442,1.8335626
17443,1.8335626
17444,1.8335626
17445,1.8335626
17446,1.8335626
17447,1.8335626
17448,1.8335626
17449,1.8335626
17450,1.8335626
17451,1.8335626
17452,1.8335626
17453,1.8335626
17454,1.8335626
17455,1.8335626
17456,1.8335626
17457,1.8335626
17458,1.8335626
17459,1.8335626
17460,1.8335626
17461,1.8335626
17462,1.8335626
17463,1.8335626
17464,1.8335626
17465,1.8335626
17466,1.8335626
17467,1.8335626
17468,1.8335626
17469,1.8335626
17470,1.8335626
17471,1.8335626
17472,1.8335626
17473,1.8335626
17474,1.8335626
17475,1.8335626
17476,1.8335626
17477,1.8335626
17478,1.8335626
17479,1.8335626
17480,1.8335626
17481,1.8335626
17482,1.8335626
17483,1.8335626
17484,1.8335626
17485,1.8335626
17486,1.8335626
17487,1.8335626
17488,1.8335626
17489,1.8335626
17490,1.8335626
17491,1.8335626
17492,1.8335626
17493,1.8335626
17494,1.8335626
17495,1.8335626
17496,1.8335626
17497,1.8335626
17498,1.8335626
17499,1.8335626
17500,1.8335626
17501,1.8335626
17502,1.8335626
17503,1.8335626
17504,1.8335626
17505,1.8335626
17506,1.8335626
17507,1.8335626
17508,1.8335626
17509,1.8335626
17510,1.8335626
17511,1.8335626
17512,1.8335626
17513,1.8335626
17514,1.8335626
17515,1.8335626
17516,1.8335626
17517,1.8335626
17518,1.8335626
17519,1.8335626
17520,1.8335626
17521,1.8335626
17522,1.8335626
17523,1.8335626
17524,1.8335626
17525,1.8335626
17526,1.8335626
17527,1.8335626
17528,1.8335626
17529,1.8335626
17530,1.8335626
17531,1.8335626
17532,1.8335626
17533,1.8335626
17534,1.8335626
17535,1.8335626
17536,1.8335626
17537,1.8335626
17538,1.8335626
17539,1.8335626
17540,1.8335626
17541,1.8335626
17542,1.8335626
17543,1.8335626
17544,1.8335626
17545,1.8335626
17546,1.8335626
17547,1.8335626
17548,1.8335626
17549,1.8335626
17550,1.8335626
17551,1.8335626
17552,1.8335626
17553,1.8335626
17554,1.8335626
17555,1.8335626
17556,1.8335626
17557,1.8335626
17558,1.8335626
17559,1.8335626
17560,1.8335626
17561,1.8335626
17562,1.8335626
17563,1.8335626
17564,1.8335626
17565,1.8335626
17566,1.8335626
17567,1.8335626
17568,1.8335626
17569,1.8335626
17570,1.8335626
17571,1.8335626
17572,1.8335626
17573,1.8335626
17574,1.8335626
17575,1.8335626
17576,1.8335626
17577,1.8335626
17578,1.8335626
17579,1.8335626
17580,1.8335626
17581,1.8335626
17582,1.8335626
17583,1.8335626
17584,1.8335626
17585,1.8335626
17586,1.8335626
17587,1.8335626
17588,1.8335626
17589,1.8335626
17590,1.8335626
17591,1.8335626
17592,1.8335626
17593,1.8335626
17594,1.8335626
17595,1.8335626
17596,1.8335626
17597,1.8335626
17598,1.8335626
17599,1.8335626
17600,1.8335626
17601,1.8335626
17602,1.8335626
17603,1.8335626
17604,1.8335626
17605,1.8335626
17606,1.8335626
17607,1.8335626
17608,1.8335626
17609,1.8335626
17610,1.8335626
17611,1.8335626
17612,1.8335626
17613,1.8335626
17614,1.8335626
17615,1.8335626
17616,1.8335626
17617,1.8335626
17618,1.8335626
17619,1.8335626
17620,1.8335626
17621,1.8335626
17622,1.8335626
17623,1.8335626
17624,1.8335626
17625,1.8335626
17626,1.8335626
17627,1.8335626
17628,1.8335626
17629,1.8335626
17630,1.8335626
17631,1.8335626
17632,1.8335626
17633,1.8335626
17634,1.8335626
17635,1.8335626
17636,1.8335626
17637,1.8335626
17638,1.8335626
17639,1.8335626
17640,1.8335626
17641,1.8335626
17642,1.8335626
17643,1.8335626
17644,1.8335626
17645,1.8335626
17646,1.8335626
17647,1.8335626
17648,1.8335626
17649,1.8335626
17650,1.8335626
17651,1.8335626
17652,1.8335626
17653,1.8335626
17654,1.8335626
17655,1.8335626
17656,1.8335626
17657,1.8335626
17658,1.8335626
17659,1.8335626
17660,1.8335626
17661,1.8335626
17662,1.8335626
17663,1.8335626
17664,1.8335626
17665,1.8335626
17666,1.8335626
17667,1.8335626
17668,1.8335626
17669,1.8335626
17670,1.8335626
17671,1.8335626
17672,1.8335626
17673,1.8335626
17674,1.8335626
17675,1.8335626
17676,1.8335626
17677,1.8335626
17678,1.8335626
17679,1.8335626
17680,1.8335626
17681,1.8335626
17682,1.8335626
17683,1.8335626
17684,1.8335626
17685,1.8335626
17686,1.8335626
17687,1.8335626
17688,1.8335626
17689,1.8335626
17690,1.8335626
17691,1.8335626
17692,1.8335626
17693,1.8335626
17694,1.8335626
17695,1.8335626
17696,1.8335626
17697,1.8335626
17698,1.8335626
17699,1.8335626
17700,1.8335626
17701,1.8335626
17702,1.8335626
17703,1.8335626
17704,1.8335626
17705,1.8335626
17706,1.8335626
17707,1.8335626
17708,1.8335626
17709,1.8335626
17710,1.8335626
17711,1.8335626
17712,1.8335626
17713,1.8335626
17714,1.8335626
17715,1.8335626
17716,1.8335626
17717,1.8335626
17718,1.8335626
17719,1.8335626
17720,1.8335626
17721,1.8335626
17722,1.8335626
17723,1.8335626
17724,1.8335626
17725,1.8335626
17726,1.8335626
17727,1.8335626
17728,1.8335626
17729,1.8335626
17730,1.8335626
17731,1.8335626
17732,1.8335626
17733,1.8335626
17734,1.8335626
17735,1.8335626
17736,1.8335626
17737,1.8335626
17738,1.8335626
17739,1.8335626
17740,1.8335626
17741,1.8335626
17742,1.8335626
17743,1.8335626
17744,1.8335626
17745,1.8335626
17746,1.8335626
17747,1.8335626
17748,1.8335626
17749,1.8335626
17750,1.8335626
17751,1.8335626
17752,1.8335626
17753,1.8335626
17754,1.8335626
17755,1.8335626
17756,1.8335626
17757,1.8335626
17758,1.8335626
17759,1.8335626
17760,1.8335626
17761,1.8335626
17762,1.8335626
17763,1.8335626
17764,1.8335626
17765,1.8335626
17766,1.8335626
17767,1.8335626
17768,1.8335626
17769,1.8335626
17770,1.8335626
17771,1.8335626
17772,1.8335626
17773,1.8335626
17774,1.8335626
17775,1.8335626
17776,1.8335626
17777,1.8335626
17778,1.8335626
17779,1.8335626
17780,1.8335626
17781,1.8335626
17782,1.8335626
17783,1.8335626
17784,1.8335626
17785,1.8335626
17786,1.8335626
17787,1.8335626
17788,1.8335626
17789,1.8335626
17790,1.8335626
17791,1.8335626
17792,1.8335626
17793,1.8335626
17794,1.8335626
17795,1.8335626
17796,1.8335626
17797,1.8335626
17798,1.8335626
17799,1.8335626
17800,1.8335626
17801,1.8335626
17802,1.8335626
17803,1.8335626
17804,1.8335626
17805,1.8335626
17806,1.8335626
17807,1.8335626
17808,1.8335626
17809,1.8335626
17810,1.8335626
17811,1.8335626
17812,1.8335626
17813,1.8335626
17814,1.8335626
17815,1.8335626
17816,1.8335626
17817,1.8335626
17818,1.8335626
17819,1.8335626
17820,1.8335626
17821,1.8335626
17822,1.8335626
17823,1.8335626
17824,1.8335626
17825,1.8335626
17826,1.8335626
17827,1.8335626
17828,1.8335626
17829,1.8335626
17830,1.8335626
17831,1.8335626
17832,1.8335626
17833,1.8335626
17834,1.8335626
17835,1.8335626
17836,1.8335626
17837,1.8335626
17838,1.8335626
17839,1.8335626
17840,1.8335626
17841,1.8335626
17842,1.8335626
17843,1.8335626
17844,1.8335626
17845,1.8335626
17846,1.8335626
17847,1.8335626
17848,1.8335626
17849,1.8335626
17850,1.8335626
17851,1.8335626
17852,1.8335626
17853,1.8335626
17854,1.8335626
17855,1.8335626
17856,1.8335626
17857,1.8335626
17858,1.8335626
17859,1.8335626
17860,1.8335626
17861,1.8335626
17862,1.8335626
17863,1.8335626
17864,1.8335626
17865,1.8335626
17866,1.8335626
17867,1.8335626
17868,1.8335626
17869,1.8335626
17870,1.8335626
17871,1.8335626
17872,1.8335626
17873,1.8335626
17874,1.8335626
17875,1.8335626
17876,1.8335626
17877,1.8335626
17878,1.8335626
17879,1.8335626
17880,1.8335626
17881,1.8335626
17882,1.8335626
17883,1.8335626
17884,1.8335626
17885,1.8335626
17886,1.8335626
17887,1.8335626
17888,1.8335626
17889,1.8335626
17890,1.8335626
17891,1.8335626
17892,1.8335626
17893,1.8335626
17894,1.8335626
17895,1.8335626
17896,1.8335626
17897,1.8335626
17898,1.8335626
17899,1.8335626
17900,1.8335626
17901,1.8335626
17902,1.8335626
17903,1.8335626
17904,1.8335626
17905,1.8335626
17906,1.8335626
17907,1.8335626
17908,1.8335626
17909,1.8335626
17910,1.8335626
17911,1.8335626
17912,1.8335626
17913,1.8335626
17914,1.8335626
17915,1.8335626
17916,1.8335626
17917,1.8335626
17918,1.8335626
17919,1.8335626
17920,1.8335626
17921,1.8335626
17922,1.8335626
17923,1.8335626
17924,1.8335626
17925,1.8335626
17926,1.8335626
17927,1.8335626
17928,1.8335626
17929,1.8335626
17930,1.8335626
17931,1.8335626
17932,1.8335626
17933,1.8335626
17934,1.8335626
17935,1.8335626
17936,1.8335626
17937,1.8335626
17938,1.8335626
17939,1.8335626
17940,1.8335626
17941,1.8335626
17942,1.8335626
17943,1.8335626
17944,1.8335626
17945,1.8335626
17946,1.8335626
17947,1.8335626
17948,1.8335626
17949,1.8335626
17950,1.8335626
17951,1.8335626
17952,1.8335626
17953,1.8335626
17954,1.8335626
17955,1.8335626
17956,1.8335626
17957,1.8335626
17958,1.8335626
17959,1.8335626
17960,1.8335626
17961,1.8335626
17962,1.8335626
17963,1.8335626
17964,1.8335626
17965,1.8335626
17966,1.8335626
17967,1.8335626
17968,1.8335626
17969,1.8335626
17970,1.8335626
17971,1.8335626
17972,1.8335626
17973,1.8335626
17974,1.8335626
17975,1.8335626
17976,1.8335626
17977,1.8335626
17978,1.8335626
17979,1.8335626
17980,1.8335626
17981,1.8335626
17982,1.8335626
17983,1.8335626
17984,1.8335626
17985,1.8335626
17986,1.8335626
17987,1.8335626
17988,1.8335626
17989,1.8335626
17990,1.8335626
17991,1.8335626
17992,1.8335626
17993,1.8335626
17994,1.8335626
17995,1.8335626
17996,1.8335626
17997,1.8335626
17998,1.8335626
17999,1.8335626
18000,1.8335626
18001,1.8335626
18002,1.8335626
18003,1.8335626
18004,1.8335626
18005,1.8335626
18006,1.8335626
18007,1.8335626
18008,1.8335626
18009,1.8335626
18010,1.8335626
18011,1.8335626
18012,1.8335626
18013,1.8335626
18014,1.8335626
18015,1.8335626
18016,1.8335626
18017,1.8335626
18018,1.8335626
18019,1.8335626
18020,1.8335626
18021,1.8335626
18022,1.8335626
18023,1.8335626
18024,1.8335626
18025,1.8335626
18026,1.8335626
18027,1.8335626
18028,1.8335626
18029,1.8335626
18030,1.8335626
18031,1.8335626
18032,1.8335626
18033,1.8335626
18034,1.8335626
18035,1.8335626
18036,1.8335626
18037,1.8335626
18038,1.8335626
18039,1.8335626
18040,1.8335626
18041,1.8335626
18042,1.8335626
18043,1.8335626
18044,1.8335626
18045,1.8335626
18046,1.8335626
18047,1.8335626
18048,1.8335626
18049,1.8335626
18050,1.8335626
18051,1.8335626
18052,1.8335626
18053,1.8335626
18054,1.8335626
18055,1.8335626
18056,1.8335626
18057,1.8335626
18058,1.8335626
18059,1.8335626
18060,1.8335626
18061,1.8335626
18062,1.8335626
18063,1.8335626
18064,1.8335626
18065,1.8335626
18066,1.8335626
18067,1.8335626
18068,1.8335626
18069,1.8335626
18070,1.8335626
18071,1.8335626
18072,1.8335626
18073,1.8335626
18074,1.8335626
18075,1.8335626
18076,1.8335626
18077,1.8335626
18078,1.8335626
18079,1.8335626
18080,1.8335626
18081,1.8335626
18082,1.8335626
18083,1.8335626
18084,1.8335626
18085,1.8335626
18086,1.8335626
18087,1.8335626
18088,1.8335626
18089,1.8335626
18090,1.8335626
18091,1.8335626
18092,1.8335626
18093,1.8335626
18094,1.8335626
18095,1.8335626
18096,1.8335626
18097,1.8335626
18098,1.8335626
18099,1.8335626
18100,1.8335626
18101,1.8335626
18102,1.8335626
18103,1.8335626
18104,1.8335626
18105,1.8335626
18106,1.8335626
18107,1.8335626
18108,1.8335626
18109,1.8335626
18110,1.8335626
18111,1.8335626
18112,1.8335626
18113,1.8335626
18114,1.8335626
18115,1.8335626
18116,1.8335626
18117,1.8335626
18118,1.8335626
18119,1.8335626
18120,1.8335626
18121,1.8335626
18122,1.8335626
18123,1.8335626
18124,1.8335626
18125,1.8335626
18126,1.8335626
18127,1.8335626
18128,1.8335626
18129,1.8335626
18130,1.8335626
18131,1.8335626
18132,1.8335626
18133,1.8335626
18134,1.8335626
18135,1.8335626
18136,1.8335626
18137,1.8335626
18138,1.8335626
18139,1.8335626
18140,1.8335626
18141,1.8335626
18142,1.8335626
18143,1.8335626
18144,1.8335626
18145,1.8335626
18146,1.8335626
18147,1.8335626
18148,1.8335626
18149,1.8335626
18150,1.8335626
18151,1.8335626
18152,1.8335626
18153,1.8335626
18154,1.8335626
18155,1.8335626
18156,1.8335626
18157,1.8335626
18158,1.8335626
18159,1.8335626
18160,1.8335626
18161,1.8335626
18162,1.8335626
18163,1.8335626
18164,1.8335626
18165,1.8335626
18166,1.8335626
18167,1.8335626
18168,1.8335626
18169,1.8335626
18170,1.8335626
18171,1.8335626
18172,1.8335626
18173,1.8335626
18174,1.8335626
18175,1.8335626
18176,1.8335626
18177,1.8335626
18178,1.8335626
18179,1.8335626
18180,1.8335626
18181,1.8335626
18182,1.8335626
18183,1.8335626
18184,1.8335626
18185,1.8335626
18186,1.8335626
18187,1.8335626
18188,1.8335626
18189,1.8335626
18190,1.8335626
18191,1.8335626
18192,1.8335626
18193,1.8335626
18194,1.8335626
18195,1.8335626
18196,1.8335626
18197,1.8335626
18198,1.8335626
18199,1.8335626
18200,1.8335626
18201,1.8335626
18202,1.8335626
18203,1.8335626
18204,1.8335626
18205,1.8335626
18206,1.8335626
18207,1.8335626
18208,1.8335626
18209,1.8335626
18210,1.8335626
18211,1.8335626
18212,1.8335626
18213,1.8335626
18214,1.8335626
18215,1.8335626
18216,1.8335626
18217,1.8335626
18218,1.8335626
18219,1.8335626
18220,1.8335626
18221,1.8335626
18222,1.8335626
18223,1.8335626
18224,1.8335626
18225,1.8335626
18226,1.8335626
18227,1.8335626
18228,1.8335626
18229,1.8335626
18230,1.8335626
18231,1.8335626
18232,1.8335626
18233,1.8335626
18234,1.8335626
18235,1.8335626
18236,1.8335626
18237,1.8335626
18238,1.8335626
18239,1.8335626
18240,1.8335626
18241,1.8335626
18242,1.8335626
18243,1.8335626
18244,1.8335626
18245,1.8335626
18246,1.8335626
18247,1.8335626
18248,1.8335626
18249,1.8335626
18250,1.8335626
18251,1.8335626
18252,1.8335626
18253,1.8335626
18254,1.8335626
18255,1.8335626
18256,1.8335626
18257,1.8335626
18258,1.8335626
18259,1.8335626
18260,1.8335626
18261,1.8335626
18262,1.8335626
18263,1.8335626
18264,1.8335626
18265,1.8335626
18266,1.8335626
18267,1.8335626
18268,1.8335626
18269,1.8335626
18270,1.8335626
18271,1.8335626
18272,1.8335626
18273,1.8335626
18274,1.8335626
18275,1.8335626
18276,1.8335626
18277,1.8335626
18278,1.8335626
18279,1.8335626
18280,1.8335626
18281,1.8335626
18282,1.8335626
18283,1.8335626
18284,1.8335626
18285,1.8335626
18286,1.8335626
18287,1.8335626
18288,1.8335626
18289,1.8335626
18290,1.8335626
18291,1.8335626
18292,1.8335626
18293,1.8335626
18294,1.8335626
18295,1.8335626
18296,1.8335626
18297,1.8335626
18298,1.8335626
18299,1.8335626
18300,1.8335626
18301,1.8335626
18302,1.8335626
18303,1.8335626
18304,1.8335626
18305,1.8335626
18306,1.8335626
18307,1.8335626
18308,1.8335626
18309,1.8335626
18310,1.8335626
18311,1.8335626
18312,1.8335626
18313,1.8335626
18314,1.8335626
18315,1.8335626
18316,1.8335626
18317,1.8335626
18318,1.8335626
18319,1.8335626
18320,1.8335626
18321,1.8335626
18322,1.8335626
18323,1.8335626
18324,1.8335626
18325,1.8335626
18326,1.8335626
18327,1.8335626
18328,1.8335626
18329,1.8335626
18330,1.8335626
18331,1.8335626
18332,1.8335626
18333,1.8335626
18334,1.8335626
18335,1.8335626
18336,1.8335626
18337,1.8335626
18338,1.8335626
18339,1.8335626
18340,1.8335626
18341,1.8335626
18342,1.8335626
18343,1.8335626
18344,1.8335626
18345,1.8335626
18346,1.8335626
18347,1.8335626
18348,1.8335626
18349,1.8335626
18350,1.8335626
18351,1.8335626
18352,1.8335626
18353,1.8335626
18354,1.8335626
18355,1.8335626
18356,1.8335626
18357,1.8335626
18358,1.8335626
18359,1.8335626
18360,1.8335626
18361,1.8335626
18362,1.8335626
18363,1.8335626
18364,1.8335626
18365,1.8335626
18366,1.8335626
18367,1.8335626
18368,1.8335626
18369,1.8335626
18370,1.8335626
18371,1.8335626
18372,1.8335626
18373,1.8335626
18374,1.8335626
18375,1.8335626
18376,1.8335626
18377,1.8335626
18378,1.8335626
18379,1.8335626
18380,1.8335626
18381,1.8335626
18382,1.8335626
18383,1.8335626
18384,1.8335626
18385,1.8335626
18386,1.8335626
18387,1.8335626
18388,1.8335626
18389,1.8335626
18390,1.8335626
18391,1.8335626
18392,1.8335626
18393,1.8335626
18394,1.8335626
18395,1.8335626
18396,1.8335626
18397,1.8335626
18398,1.8335626
18399,1.8335626
18400,1.8335626
18401,1.8335626
18402,1.8335626
18403,1.8335626
18404,1.8335626
18405,1.8335626
18406,1.8335626
18407,1.8335626
18408,1.8335626
18409,1.8335626
18410,1.8335626
18411,1.8335626
18412,1.8335626
18413,1.8335626
18414,1.8335626
18415,1.8335626
18416,1.8335626
18417,1.8335626
18418,1.8335626
18419,1.8335626
18420,1.8335626
18421,1.8335626
18422,1.8335626
18423,1.8335626
18424,1.8335626
18425,1.8335626
18426,1.8335626
18427,1.8335626
18428,1.8335626
18429,1.8335626
18430,1.8335626
18431,1.8335626
18432,1.8335626
18433,1.8335626
18434,1.8335626
18435,1.8335626
18436,1.8335626
18437,1.8335626
18438,1.8335626
18439,1.8335626
18440,1.8335626
18441,1.8335626
18442,1.8335626
18443,1.8335626
18444,1.8335626
18445,1.8335626
18446,1.8335626
18447,1.8335626
18448,1.8335626
18449,1.8335626
18450,1.8335626
18451,1.8335626
18452,1.8335626
18453,1.8335626
18454,1.8335626
18455,1.8335626
18456,1.8335626
18457,1.8335626
18458,1.8335626
18459,1.8335626
18460,1.8335626
18461,1.8335626
18462,1.8335626
18463,1.8335626
18464,1.8335626
18465,1.8335626
18466,1.8335626
18467,1.8335626
18468,1.8335626
18469,1.8335626
18470,1.8335626
18471,1.8335626
18472,1.8335626
18473,1.8335626
18474,1.8335626
18475,1.8335626
18476,1.8335626
18477,1.8335626
18478,1.8335626
18479,1.8335626
18480,1.8335626
18481,1.8335626
18482,1.8335626
18483,1.8335626
18484,1.8335626
18485,1.8335626
18486,1.8335626
18487,1.8335626
18488,1.8335626
18489,1.8335626
18490,1.8335626
18491,1.8335626
18492,1.8335626
18493,1.8335626
18494,1.8335626
18495,1.8335626
18496,1.8335626
18497,1.8335626
18498,1.8335626
18499,1.8335626
18500,1.8335626
18501,1.8335626
18502,1.8335626
18503,1.8335626
18504,1.8335626
18505,1.8335626
18506,1.8335626
18507,1.8335626
18508,1.8335626
18509,1.8335626
18510,1.8335626
18511,1.8335626
18512,1.8335626
18513,1.8335626
18514,1.8335626
18515,1.8335626
18516,1.8335626
18517,1.8335626
18518,1.8335626
18519,1.8335626
18520,1.8335626
18521,1.8335626
18522,1.8335626
18523,1.8335626
18524,1.8335626
18525,1.8335626
18526,1.8335626
18527,1.8335626
18528,1.8335626
18529,1.8335626
18530,1.8335626
18531,1.8335626
18532,1.8335626
18533,1.8335626
18534,1.8335626
18535,1.8335626
18536,1.8335626
18537,1.8335626
18538,1.8335626
18539,1.8335626
18540,1.8335626
18541,1.8335626
18542,1.8335626
18543,1.8335626
18544,1.8335626
18545,1.8335626
18546,1.8335626
18547,1.8335626
18548,1.8335626
18549,1.8335626
18550,1.8335626
18551,1.8335626
18552,1.8335626
18553,1.8335626
18554,1.8335626
18555,1.8335626
18556,1.8335626
18557,1.8335626
18558,1.8335626
18559,1.8335626
18560,1.8335626
18561,1.8335626
18562,1.8335626
18563,1.8335626
18564,1.8335626
18565,1.8335626
18566,1.8335626
18567,1.8335626
18568,1.8335626
18569,1.8335626
18570,1.8335626
18571,1.8335626
18572,1.8335626
18573,1.8335626
18574,1.8335626
18575,1.8335626
18576,1.8335626
18577,1.8335626
18578,1.8335626
18579,1.8335626
18580,1.8335626
18581,1.8335626
18582,1.8335626
18583,1.8335626
18584,1.8335626
18585,1.8335626
18586,1.8335626
18587,1.8335626
18588,1.8335626
18589,1.8335626
18590,1.8335626
18591,1.8335626
18592,1.8335626
18593,1.8335626
18594,1.8335626
18595,1.8335626
18596,1.8335626
18597,1.8335626
18598,1.8335626
18599,1.8335626
18600,1.8335626
18601,1.8335626
18602,1.8335626
18603,1.8335626
18604,1.8335626
18605,1.8335626
18606,1.8335626
18607,1.8335626
18608,1.8335626
18609,1.8335626
18610,1.8335626
18611,1.8335626
18612,1.8335626
18613,1.8335626
18614,1.8335626
18615,1.8335626
18616,1.8335626
18617,1.8335626
18618,1.8335626
18619,1.8335626
18620,1.8335626
18621,1.8335626
18622,1.8335626
18623,1.8335626
18624,1.8335626
18625,1.8335626
18626,1.8335626
18627,1.8335626
18628,1.8335626
18629,1.8335626
18630,1.8335626
18631,1.8335626
18632,1.8335626
18633,1.8335626
18634,1.8335626
18635,1.8335626
18636,1.8335626
18637,1.8335626
18638,1.8335626
18639,1.8335626
18640,1.8335626
18641,1.8335626
18642,1.8335626
18643,1.8335626
18644,1.8335626
18645,1.8335626
18646,1.8335626
18647,1.8335626
18648,1.8335626
18649,1.8335626
18650,1.8335626
18651,1.8335626
18652,1.8335626
18653,1.8335626
18654,1.8335626
18655,1.8335626
18656,1.8335626
18657,1.8335626
18658,1.8335626
18659,1.8335626
18660,1.8335626
18661,1.8335626
18662,1.8335626
18663,1.8335626
18664,1.8335626
18665,1.8335626
18666,1.8335626
18667,1.8335626
18668,1.8335626
18669,1.8335626
18670,1.8335626
18671,1.8335626
18672,1.8335626
18673,1.8335626
18674,1.8335626
18675,1.8335626
18676,1.8335626
18677,1.8335626
18678,1.8335626
18679,1.8335626
18680,1.8335626
18681,1.8335626
18682,1.8335626
18683,1.8335626
18684,1.8335626
18685,1.8335626
18686,1.8335626
18687,1.8335626
18688,1.8335626
18689,1.8335626
18690,1.8335626
18691,1.8335626
18692,1.8335626
18693,1.8335626
18694,1.8335626
18695,1.8335626
18696,1.8335626
18697,1.8335626
18698,1.8335626
18699,1.8335626
18700,1.8335626
18701,1.8335626
18702,1.8335626
18703,1.8335626
18704,1.8335626
18705,1.8335626
18706,1.8335626
18707,1.8335626
18708,1.8335626
18709,1.8335626
18710,1.8335626
18711,1.8335626
18712,1.8335626
18713,1.8335626
18714,1.8335626
18715,1.8335626
18716,1.8335626
18717,1.8335626
18718,1.8335626
18719,1.8335626
18720,1.8335626
18721,1.8335626
18722,1.8335626
18723,1.8335626
18724,1.8335626
18725,1.8335626
18726,1.8335626
18727,1.8335626
18728,1.8335626
18729,1.8335626
18730,1.8335626
18731,1.8335626
18732,1.8335626
18733,1.8335626
18734,1.8335626
18735,1.8335626
18736,1.8335626
18737,1.8335626
18738,1.8335626
18739,1.8335626
18740,1.8335626
18741,1.8335626
18742,1.8335626
18743,1.8335626
18744,1.8335626
18745,1.8335626
18746,1.8335626
18747,1.8335626
18748,1.8335626
18749,1.8335626
18750,1.8335626
18751,1.8335626
18752,1.8335626
18753,1.8335626
18754,1.8335626
18755,1.8335626
18756,1.8335626
18757,1.8335626
18758,1.8335626
18759,1.8335626
18760,1.8335626
18761,1.8335626
18762,1.8335626
18763,1.8335626
18764,1.8335626
18765,1.8335626
18766,1.8335626
18767,1.8335626
18768,1.8335626
18769,1.8335626
18770,1.8335626
18771,1.8335626
18772,1.8335626
18773,1.8335626
18774,1.8335626
18775,1.8335626
18776,1.8335626
18777,1.8335626
18778,1.8335626
18779,1.8335626
18780,1.8335626
18781,1.8335626
18782,1.8335626
18783,1.8335626
18784,1.8335626
18785,1.8335626
18786,1.8335626
18787,1.8335626
18788,1.8335626
18789,1.8335626
18790,1.8335626
18791,1.8335626
18792,1.8335626
18793,1.8335626
18794,1.8335626
18795,1.8335626
18796,1.8335626
18797,1.8335626
18798,1.8335626
18799,1.8335626
18800,1.8335626
18801,1.8335626
18802,1.8335626
18803,1.8335626
18804,1.8335626
18805,1.8335626
18806,1.8335626
18807,1.8335626
18808,1.8335626
18809,1.8335626
18810,1.8335626
18811,1.8335626
18812,1.8335626
18813,1.8335626
18814,1.8335626
18815,1.8335626
18816,1.8335626
18817,1.8335626
18818,1.8335626
18819,1.8335626
18820,1.8335626
18821,1.8335626
18822,1.8335626
18823,1.8335626
18824,1.8335626
18825,1.8335626
18826,1.8335626
18827,1.8335626
18828,1.8335626
18829,1.8335626
18830,1.8335626
18831,1.8335626
18832,1.8335626
18833,1.8335626
18834,1.8335626
18835,1.8335626
18836,1.8335626
18837,1.8335626
18838,1.8335626
18839,1.8335626
18840,1.8335626
18841,1.8335626
18842,1.8335626
18843,1.8335626
18844,1.8335626
18845,1.8335626
18846,1.8335626
18847,1.8335626
18848,1.8335626
18849,1.8335626
18850,1.8335626
18851,1.8335626
18852,1.8335626
18853,1.8335626
18854,1.8335626
18855,1.8335626
18856,1.8335626
18857,1.8335626
18858,1.8335626
18859,1.8335626
18860,1.8335626
18861,1.8335626
18862,1.8335626
18863,1.8335626
18864,1.8335626
18865,1.8335626
18866,1.8335626
18867,1.8335626
18868,1.8335626
18869,1.8335626
18870,1.8335626
18871,1.8335626
18872,1.8335626
18873,1.8335626
18874,1.8335626
18875,1.8335626
18876,1.8335626
18877,1.8335626
18878,1.8335626
18879,1.8335626
18880,1.8335626
18881,1.8335626
18882,1.8335626
18883,1.8335626
18884,1.8335626
18885,1.8335626
18886,1.8335626
18887,1.8335626
18888,1.8335626
18889,1.8335626
18890,1.8335626
18891,1.8335626
18892,1.8335626
18893,1.8335626
18894,1.8335626
18895,1.8335626
18896,1.8335626
18897,1.8335626
18898,1.8335626
18899,1.8335626
18900,1.8335626
18901,1.8335626
18902,1.8335626
18903,1.8335626
18904,1.8335626
18905,1.8335626
18906,1.8335626
18907,1.8335626
18908,1.8335626
18909,1.8335626
18910,1.8335626
18911,1.8335626
18912,1.8335626
18913,1.8335626
18914,1.8335626
18915,1.8335626
18916,1.8335626
18917,1.8335626
18918,1.8335626
18919,1.8335626
18920,1.8335626
18921,1.8335626
18922,1.8335626
18923,1.8335626
18924,1.8335626
18925,1.8335626
18926,1.8335626
18927,1.8335626
18928,1.8335626
18929,1.8335626
18930,1.8335626
18931,1.8335626
18932,1.8335626
18933,1.8335626
18934,1.8335626
18935,1.8335626
18936,1.8335626
18937,1.8335626
18938,1.8335626
18939,1.8335626
18940,1.8335626
18941,1.8335626
18942,1.8335626
18943,1.8335626
18944,1.8335626
18945,1.8335626
18946,1.8335626
18947,1.8335626
18948,1.8335626
18949,1.8335626
18950,1.8335626
18951,1.8335626
18952,1.8335626
18953,1.8335626
18954,1.8335626
18955,1.8335626
18956,1.8335626
18957,1.8335626
18958,1.8335626
18959,1.8335626
18960,1.8335626
18961,1.8335626
18962,1.8335626
18963,1.8335626
18964,1.8335626
18965,1.8335626
18966,1.8335626
18967,1.8335626
18968,1.8335626
18969,1.8335626
18970,1.8335626
18971,1.8335626
18972,1.8335626
18973,1.8335626
18974,1.8335626
18975,1.8335626
18976,1.8335626
18977,1.8335626
18978,1.8335626
18979,1.8335626
18980,1.8335626
18981,1.8335626
18982,1.8335626
18983,1.8335626
18984,1.8335626
18985,1.8335626
18986,1.8335626
18987,1.8335626
18988,1.8335626
18989,1.8335626
18990,1.8335626
18991,1.8335626
18992,1.8335626
18993,1.8335626
18994,1.8335626
18995,1.8335626
18996,1.8335626
18997,1.8335626
18998,1.8335626
18999,1.8335626
19000,1.8335626
19001,1.8335626
19002,1.8335626
19003,1.8335626
19004,1.8335626
19005,1.8335626
19006,1.8335626
19007,1.8335626
19008,1.8335626
19009,1.8335626
19010,1.8335626
19011,1.8335626
19012,1.8335626
19013,1.8335626
19014,1.8335626
19015,1.8335626
19016,1.8335626
19017,1.8335626
19018,1.8335626
19019,1.8335626
19020,1.8335626
19021,1.8335626
19022,1.8335626
19023,1.8335626
19024,1.8335626
19025,1.8335626
19026,1.8335626
19027,1.8335626
19028,1.8335626
19029,1.8335626
19030,1.8335626
19031,1.8335626
19032,1.8335626
19033,1.8335626
19034,1.8335626
19035,1.8335626
19036,1.8335626
19037,1.8335626
19038,1.8335626
19039,1.8335626
19040,1.8335626
19041,1.8335626
19042,1.8335626
19043,1.8335626
19044,1.8335626
19045,1.8335626
19046,1.8335626
19047,1.8335626
19048,1.8335626
19049,1.8335626
19050,1.8335626
19051,1.8335626
19052,1.8335626
19053,1.8335626
19054,1.8335626
19055,1.8335626
19056,1.8335626
19057,1.8335626
19058,1.8335626
19059,1.8335626
19060,1.8335626
19061,1.8335626
19062,1.8335626
19063,1.8335626
19064,1.8335626
19065,1.8335626
19066,1.8335626
19067,1.8335626
19068,1.8335626
19069,1.8335626
19070,1.8335626
19071,1.8335626
19072,1.8335626
19073,1.8335626
19074,1.8335626
19075,1.8335626
19076,1.8335626
19077,1.8335626
19078,1.8335626
19079,1.8335626
19080,1.8335626
19081,1.8335626
19082,1.8335626
19083,1.8335626
19084,1.8335626
19085,1.8335626
19086,1.8335626
19087,1.8335626
19088,1.8335626
19089,1.8335626
19090,1.8335626
19091,1.8335626
19092,1.8335626
19093,1.8335626
19094,1.8335626
19095,1.8335626
19096,1.8335626
19097,1.8335626
19098,1.8335626
19099,1.8335626
19100,1.8335626
19101,1.8335626
19102,1.8335626
19103,1.8335626
19104,1.8335626
19105,1.8335626
19106,1.8335626
19107,1.8335626
19108,1.8335626
19109,1.8335626
19110,1.8335626
19111,1.8335626
19112,1.8335626
19113,1.8335626
19114,1.8335626
19115,1.8335626
19116,1.8335626
19117,1.8335626
19118,1.8335626
19119,1.8335626
19120,1.8335626
19121,1.8335626
19122,1.8335626
19123,1.8335626
19124,1.8335626
19125,1.8335626
19126,1.8335626
19127,1.8335626
19128,1.8335626
19129,1.8335626
19130,1.8335626
19131,1.8335626
19132,1.8335626
19133,1.8335626
19134,1.8335626
19135,1.8335626
19136,1.8335626
19137,1.8335626
19138,1.8335626
19139,1.8335626
19140,1.8335626
19141,1.8335626
19142,1.8335626
19143,1.8335626
19144,1.8335626
19145,1.8335626
19146,1.8335626
19147,1.8335626
19148,1.8335626
19149,1.8335626
19150,1.8335626
19151,1.8335626
19152,1.8335626
19153,1.8335626
19154,1.8335626
19155,1.8335626
19156,1.8335626
19157,1.8335626
19158,1.8335626
19159,1.8335626
19160,1.8335626
19161,1.8335626
19162,1.8335626
19163,1.8335626
19164,1.8335626
19165,1.8335626
19166,1.8335626
19167,1.8335626
19168,1.8335626
19169,1.8335626
19170,1.8335626
19171,1.8335626
19172,1.8335626
19173,1.8335626
19174,1.8335626
19175,1.8335626
19176,1.8335626
19177,1.8335626
19178,1.8335626
19179,1.8335626
19180,1.8335626
19181,1.8335626
19182,1.8335626
19183,1.8335626
19184,1.8335626
19185,1.8335626
19186,1.8335626
19187,1.8335626
19188,1.8335626
19189,1.8335626
19190,1.8335626
19191,1.8335626
19192,1.8335626
19193,1.8335626
19194,1.8335626
19195,1.8335626
19196,1.8335626
19197,1.8335626
19198,1.8335626
19199,1.8335626
19200,1.8335626
19201,1.8335626
19202,1.8335626
19203,1.8335626
19204,1.8335626
19205,1.8335626
19206,1.8335626
19207,1.8335626
19208,1.8335626
19209,1.8335626
19210,1.8335626
19211,1.8335626
19212,1.8335626
19213,1.8335626
19214,1.8335626
19215,1.8335626
19216,1.8335626
19217,1.8335626
19218,1.8335626
19219,1.8335626
19220,1.8335626
19221,1.8335626
19222,1.8335626
19223,1.8335626
19224,1.8335626
19225,1.8335626
19226,1.8335626
19227,1.8335626
19228,1.8335626
19229,1.8335626
19230,1.8335626
19231,1.8335626
19232,1.8335626
19233,1.8335626
19234,1.8335626
19235,1.8335626
19236,1.8335626
19237,1.8335626
19238,1.8335626
19239,1.8335626
19240,1.8335626
19241,1.8335626
19242,1.8335626
19243,1.8335626
19244,1.8335626
19245,1.8335626
19246,1.8335626
19247,1.8335626
19248,1.8335626
19249,1.8335626
19250,1.8335626
19251,1.8335626
19252,1.8335626
19253,1.8335626
19254,1.8335626
19255,1.8335626
19256,1.8335626
19257,1.8335626
19258,1.8335626
19259,1.8335626
19260,1.8335626
19261,1.8335626
19262,1.8335626
19263,1.8335626
19264,1.8335626
19265,1.8335626
19266,1.8335626
19267,1.8335626
19268,1.8335626
19269,1.8335626
19270,1.8335626
19271,1.8335626
19272,1.8335626
19273,1.8335626
19274,1.8335626
19275,1.8335626
19276,1.8335626
19277,1.8335626
19278,1.8335626
19279,1.8335626
19280,1.8335626
19281,1.8335626
19282,1.8335626
19283,1.8335626
19284,1.8335626
19285,1.8335626
19286,1.8335626
19287,1.8335626
19288,1.8338851
19289,1.8338851
19290,1.8338851
19291,1.8338851
19292,1.8338851
19293,1.8338851
19294,1.8338851
19295,1.8338851
19296,1.8338851
19297,1.8338851
19298,1.8338851
19299,1.8338851
19300,1.8338851
19301,1.8338851
19302,1.8338851
19303,1.8338851
19304,1.8338851
19305,1.8338851
19306,1.8338851
19307,1.8338851
19308,1.8338851
19309,1.8338851
19310,1.8338851
19311,1.8338851
19312,1.8338851
19313,1.8338851
19314,1.8338851
19315,1.8338851
19316,1.8338851
19317,1.8338851
19318,1.8338851
19319,1.8338851
19320,1.8338851
19321,1.8338851
19322,1.8338851
19323,1.8338851
19324,1.8338851
19325,1.8338851
19326,1.8338851
19327,1.8338851
19328,1.8338851
19329,1.8338851
19330,1.8338851
19331,1.8338851
19332,1.8338851
19333,1.8338851
19334,1.8338851
19335,1.8338851
19336,1.8338851
19337,1.8338851
19338,1.8338851
19339,1.8338851
19340,1.8338851
19341,1.8338851
19342,1.8338851
19343,1.8338851
19344,1.8338851
19345,1.8338851
19346,1.8338851
19347,1.8338851
19348,1.8338851
19349,1.8338851
19350,1.8338851
19351,1.8338851
19352,1.8338851
19353,1.8338851
19354,1.8338851
19355,1.8338851
19356,1.8338851
19357,1.8338851
19358,1.8338851
19359,1.8338851
19360,1.8338851
19361,1.8338851
19362,1.8338851
19363,1.8338851
19364,1.8338851
19365,1.8338851
19366,1.8338851
19367,1.8338851
19368,1.8338851
19369,1.8338851
19370,1.8338851
19371,1.8338851
19372,1.8338851
19373,1.8339648
19374,1.8340178
19375,1.8340178
19376,1.8340178
19377,1.8340178
19378,1.8340178
19379,1.8340178
19380,1.8340178
19381,1.8340178
19382,1.8340178
19383,1.8340178
19384,1.8343698
19385,1.8343698
19386,1.8343698
19387,1.8343698
19388,1.8343698
19389,1.8343698
19390,1.8343698
19391,1.8343698
19392,1.8343698
19393,1.8343698
19394,1.8343698
19395,1.8343698
19396,1.8352092
19397,1.8352092
19398,1.8354936
19399,1.8354936
19400,1.8354936
19401,1.8354936
19402,1.8354936
19403,1.8354936
19404,1.8354936
19405,1.8354936
19406,1.8356351
19407,1.8356351
19408,1.8356351
19409,1.8356351
19410,1.8356351
19411,1.8356351
19412,1.8356351
19413,1.8357145
19414,1.8357876
19415,1.8357876
19416,1.8357876
19417,1.8361346
19418,1.8361346
19419,1.8361346
19420,1.836221
19421,1.836221
19422,1.8366583
19423,1.8366583
19424,1.8370114
19425,1.8370114
19426,1.8372554
19427,1.8372554
19428,1.8372554
19429,1.8372554
19430,1.8372554
19431,1.8372554
19432,1.8372554
19433,1.8379448
19434,1.8379448
19435,1.8379448
19436,1.8379448
19437,1.8379448
19438,1.8379448
19439,1.8379448
19440,1.8379448
19441,1.8379448
19442,1.8379448
19443,1.8381876
19444,1.8381876
19445,1.8381876
19446,1.8381876
19447,1.8381876
19448,1.8389715
19449,1.8390179
19450,1.8390179
19451,1.8390179
19452,1.8390179
19453,1.8390179
19454,1.8393646
19455,1.8393646
19456,1.8397152
19457,1.8397152
19458,1.8397152
19459,1.8397152
19460,1.8397152
19461,1.8397152
19462,1.8399934
19463,1.8399934
19464,1.8399934
19465,1.8399934
19466,1.8404102
19467,1.8404102
19468,1.8404102
19469,1.8404102
19470,1.8412713
19471,1.8414618
19472,1.8414618
19473,1.8415112
19474,1.8418784
19475,1.842305
19476,1.842305
19477,1.8430718
19478,1.8430718
19479,1.8431685
19480,1.8431685
19481,1.8431685
19482,1.843816
19483,1.843816
19484,1.843816
19485,1.843816
19486,1.843816
19487,1.8443732
19488,1.8443732
19489,1.8443732
19490,1.8443732
19491,1.8444446
19492,1.8444446
19493,1.8444446
19494,1.8444446
19495,1.8444446
19496,1.8444446
19497,1.8448214
19498,1.84518
19499,1.84518
19500,1.84518
19501,1.8454427
19502,1.8457185
19503,1.8457185
19504,1.8457185
19505,1.8460447
19506,1.8460447
19507,1.846459
19508,1.846459
19509,1.846459
19510,1.846459
19511,1.8465411
19512,1.8465411
19513,1.8465411
19514,1.8465411
19515,1.8465411
19516,1.8465411
19517,1.8465411
19518,1.8465411
19519,1.8465411
19520,1.8465411
19521,1.8465411
19522,1.8465411
19523,1.8465411
19524,1.8465411
19525,1.8465411
19526,1.8465411
19527,1.8465411
19528,1.8465411
19529,1.8465411
19530,1.8465411
19531,1.8465411
19532,1.8465411
19533,1.8465411
19534,1.8465411
19535,1.8465411
19536,1.8468748
19537,1.8468748
19538,1.8468748
19539,1.8468748
19540,1.8468748
19541,1.8468748
19542,1.8468748
19543,1.8468748
19544,1.8468748
19545,1.8468748
19546,1.8468748
19547,1.8468748
19548,1.8468748
19549,1.8468748
19550,1.8468748
19551,1.8468748
19552,1.8468748
19553,1.8468748
19554,1.8468748
19555,1.8468748
19556,1.8468748
19557,1.8468748
19558,1.8468748
19559,1.8468748
19560,1.8468748
19561,1.8468748
19562,1.8468748
19563,1.8468748
19564,1.8468748
19565,1.8468748
19566,1.8468748
19567,1.8468748
19568,1.8468748
19569,1.8468748
19570,1.8468748
19571,1.8468748
19572,1.8468748
19573,1.8468748
19574,1.8468748
19575,1.8468748
19576,1.8468748
19577,1.8468748
19578,1.8468748
19579,1.8468748
19580,1.8468748
19581,1.8468748
19582,1.8468748
19583,1.8468748
19584,1.8468748
19585,1.8468748
19586,1.8468748
19587,1.8468748
19588,1.8468748
19589,1.8468748
19590,1.8468748
19591,1.8468748
19592,1.8468748
19593,1.8468748
19594,1.8468748
19595,1.8468748
19596,1.8468748
19597,1.8468748
19598,1.8468748
19599,1.8468748
19600,1.8468748
19601,1.8468748
19602,1.8468748
19603,1.8468748
19604,1.8468748
19605,1.8468748
19606,1.8468748
19607,1.8468748
19608,1.8468748
19609,1.8468748
19610,1.8468748
19611,1.8468748
19612,1.8468748
19613,1.8468748
19614,1.8468748
19615,1.8468748
19616,1.8468748
19617,1.8468748
19618,1.8468748
19619,1.8468748
19620,1.8468748
19621,1.8468748
19622,1.8468748
19623,1.8468748
19624,1.8468748
19625,1.8468748
19626,1.8468748
19627,1.8468748
19628,1.8468748
19629,1.8468748
19630,1.8468748
19631,1.8468748
19632,1.8468748
19633,1.8468748
19634,1.8468748
19635,1.8468748
19636,1.8468748
19637,1.8468748
19638,1.8468748
19639,1.8468748
19640,1.8468748
19641,1.8468748
19642,1.8468748
19643,1.8468748
19644,1.8468748
19645,1.8468748
19646,1.8468748
19647,1.8468748
19648,1.8468748
19649,1.8468748
19650,1.8468748
19651,1.8468748
19652,1.8468748
19653,1.8468748
19654,1.8468748
19655,1.8468748
19656,1.8468748
19657,1.8468748
19658,1.8468748
19659,1.8468748
19660,1.8468748
19661,1.8468748
19662,1.8468748
19663,1.8468748
19664,1.8468748
19665,1.8468748
19666,1.8468748
19667,1.8468748
19668,1.8468748
19669,1.8468748
19670,1.8468748
19671,1.8468748
19672,1.8468748
19673,1.8468748
19674,1.8468748
19675,1.8468748
19676,1.8468748
19677,1.8468748
19678,1.8468748
19679,1.8468748
19680,1.8468748
19681,1.8468748
19682,1.8468748
19683,1.8468748
19684,1.8468748
19685,1.8468748
19686,1.8468748
19687,1.8468748
19688,1.8468748
19689,1.8468748
19690,1.8468748
19691,1.8468748
19692,1.8468748
19693,1.8468748
19694,1.8468748
19695,1.8468748
19696,1.8468748
19697,1.8468748
19698,1.8468748
19699,1.8468748
19700,1.8468748
19701,1.8468748
19702,1.8468748
19703,1.8468748
19704,1.8468748
19705,1.8468748
19706,1.8468748
19707,1.8468748
19708,1.8468748
19709,1.8468748
19710,1.8468748
19711,1.8468748
19712,1.8468748
19713,1.8468748
19714,1.8468748
19715,1.8468748
19716,1.8468748
19717,1.8468748
19718,1.8468748
19719,1.8468748
19720,1.8468748
19721,1.8468748
19722,1.8468748
19723,1.8468748
19724,1.8468748
19725,1.8468748
19726,1.8468748
19727,1.8468748
19728,1.8468748
19729,1.8468748
19730,1.8468748
19731,1.8468748
19732,1.8468748
19733,1.8468748
19734,1.8468748
19735,1.8468748
19736,1.8468748
19737,1.8468748
19738,1.8468748
19739,1.8468748
19740,1.8468748
19741,1.8468748
19742,1.8468748
19743,1.8468748
19744,1.8468748
19745,1.8468748
19746,1.8468748
19747,1.8468748
19748,1.8468748
19749,1.8468748
19750,1.8468748
19751,1.8468748
19752,1.8468748
19753,1.8468748
19754,1.8468748
19755,1.8468748
19756,1.8468748
19757,1.8468748
19758,1.8468748
19759,1.8468748
19760,1.8468748
19761,1.8468748
19762,1.8468748
19763,1.8468748
19764,1.8468748
19765,1.8468748
19766,1.8468748
19767,1.8468748
19768,1.8468748
19769,1.8468748
19770,1.8468748
19771,1.8468748
19772,1.8468748
19773,1.8468748
19774,1.8468748
19775,1.8468748
19776,1.8468748
19777,1.8468748
19778,1.8468748
19779,1.8468748
19780,1.8468748
19781,1.8468748
19782,1.8468748
19783,1.8468748
19784,1.8468748
19785,1.8468748
19786,1.8468748
19787,1.8468748
19788,1.8468748
19789,1.8468748
19790,1.8468748
19791,1.8468748
19792,1.8468748
19793,1.8468748
19794,1.8468748
19795,1.8468748
19796,1.8468748
19797,1.8468748
19798,1.8468748
19799,1.8468748
19800,1.8468748
19801,1.8468748
19802,1.8468748
19803,1.8468748
19804,1.8468748
19805,1.8468748
19806,1.8468748
19807,1.8468748
19808,1.8468748
19809,1.8468748
19810,1.8468748
19811,1.8468748
19812,1.8468748
19813,1.8468748
19814,1.8468748
19815,1.8468748
19816,1.8468748
19817,1.8468748
19818,1.8468748
19819,1.8468748
19820,1.8468748
19821,1.8468748
19822,1.8468748
19823,1.8468748
19824,1.8468748
19825,1.8468748
19826,1.8468748
19827,1.8468748
19828,1.8468748
19829,1.8468748
19830,1.8468748
19831,1.8468748
19832,1.8468748
19833,1.8468748
19834,1.8468748
19835,1.8468748
19836,1.8468748
19837,1.8468748
19838,1.8468748
19839,1.8468748
19840,1.8468748
19841,1.8468748
19842,1.8468748
19843,1.8468748
19844,1.8468748
19845,1.8468748
19846,1.8468748
19847,1.8468748
19848,1.8468748
19849,1.8468748
19850,1.8468748
19851,1.8468748
19852,1.8468748
19853,1.8468748
19854,1.8468748
19855,1.8468748
19856,1.8468748
19857,1.8468748
19858,1.8468748
19859,1.8468748
19860,1.8468748
19861,1.8468748
19862,1.8468748
19863,1.8468748
19864,1.8468748
19865,1.8468748
19866,1.8468748
19867,1.8468748
19868,1.8468748
19869,1.8468748
19870,1.8468748
19871,1.8468748
19872,1.8468748
19873,1.8468748
19874,1.8468748
19875,1.8468748
19876,1.8468748
19877,1.8468748
19878,1.8468748
19879,1.8468748
19880,1.8468748
19881,1.8468748
19882,1.8468748
19883,1.8468748
19884,1.8468748
19885,1.8468748
19886,1.8468748
19887,1.8468748
19888,1.8468748
19889,1.8468748
19890,1.8468748
19891,1.8468748
19892,1.8468748
19893,1.8468748
19894,1.8468748
19895,1.8468748
19896,1.8468748
19897,1.8468748
19898,1.8468748
19899,1.8468748
19900,1.8468748
19901,1.8468748
19902,1.8468748
19903,1.8468748
19904,1.8468748
19905,1.8468748
19906,1.8468748
19907,1.8468748
19908,1.8468748
19909,1.8468748
19910,1.8468748
19911,1.8468748
19912,1.8468748
19913,1.8468748
19914,1.8468748
19915,1.8468748
19916,1.8468748
19917,1.8468748
19918,1.8468748
19919,1.8468748
19920,1.8468748
19921,1.8468748
19922,1.8468748
19923,1.8468748
19924,1.8468748
19925,1.8468748
19926,1.8468748
19927,1.8468748
19928,1.8468748
19929,1.8468748
19930,1.8468748
19931,1.8468748
19932,1.8468748
19933,1.8468748
19934,1.8468748
19935,1.8468748
19936,1.8468748
19937,1.8468748
19938,1.8468748
19939,1.8468748
19940,1.8468748
19941,1.8468748
19942,1.8468748
19943,1.8468748
19944,1.8468748
19945,1.8468748
19946,1.8468748
19947,1.8468748
19948,1.8468748
19949,1.8468748
19950,1.8468748
19951,1.8468748
19952,1.8468748
19953,1.8468748
19954,1.8468748
19955,1.8468748
19956,1.8468748
19957,1.8468748
19958,1.8468748
19959,1.8468748
19960,1.8468748
19961,1.8468748
19962,1.8468748
19963,1.8468748
19964,1.8468748
19965,1.8468748
19966,1.8468748
19967,1.8468748
19968,1.8468748
19969,1.8468748
19970,1.8468748
19971,1.8468748
19972,1.8468748
19973,1.8468748
19974,1.8468748
19975,1.8468748
19976,1.8468748
19977,1.8468748
19978,1.8468748
19979,1.8468748
19980,1.8468748
19981,1.8468748
19982,1.8468748
19983,1.8468748
19984,1.8468748
19985,1.8468748
19986,1.8468748
19987,1.8468748
19988,1.8468748
19989,1.8468748
19990,1.8468748
19991,1.8468748
19992,1.8468748
19993,1.8468748
19994,1.8468748
19995,1.8468748
19996,1.8468748
19997,1.8468748
19998,1.8468748
19999,1.8468748
20000,1.8468748
20001,1.8468748
20002,1.8468748
20003,1.8468748
20004,1.8468748
20005,1.8468748
20006,1.8468748
20007,1.8468748
20008,1.8468748
20009,1.8468748
20010,1.8468748
20011,1.8468748
20012,1.8468748
20013,1.8468748
20014,1.8468748
20015,1.8468748
20016,1.8468748
20017,1.8468748
20018,1.8468748
20019,1.8468748
20020,1.8468748
20021,1.8468748
20022,1.8468748
20023,1.8468748
20024,1.8468748
20025,1.8468748
20026,1.8468748
20027,1.8468748
20028,1.8468748
20029,1.8468748
20030,1.8468748
20031,1.8468748
20032,1.8468748
20033,1.8468748
20034,1.8468748
20035,1.8468748
20036,1.8468748
20037,1.8468748
20038,1.8468748
20039,1.8468748
20040,1.8468748
20041,1.8468748
20042,1.8468748
20043,1.8468748
20044,1.8468748
20045,1.8468748
20046,1.8468748
20047,1.8468748
20048,1.8468748
20049,1.8468748
20050,1.8468748
20051,1.8468748
20052,1.8468748
20053,1.8468748
20054,1.8468748
20055,1.8468748
20056,1.8468748
20057,1.8468748
20058,1.8468748
20059,1.8468748
20060,1.8468748
20061,1.8468748
20062,1.8468748
20063,1.8468748
20064,1.8468748
20065,1.8468748
20066,1.8468748
20067,1.8468748
20068,1.8468748
20069,1.8468748
20070,1.8468748
20071,1.8468748
20072,1.8468748
20073,1.8468748
20074,1.8468748
20075,1.8468748
20076,1.8468748
20077,1.8468748
20078,1.8468748
20079,1.8468748
20080,1.8468748
20081,1.8468748
20082,1.8468748
20083,1.8468748
20084,1.8468748
20085,1.8468748
20086,1.8468748
20087,1.8468748
20088,1.8468748
20089,1.8468748
20090,1.8468748
20091,1.8468748
20092,1.8468748
20093,1.8468748
20094,1.8468748
20095,1.8468748
20096,1.8468748
20097,1.8468748
20098,1.8468748
20099,1.8468748
20100,1.8468748
20101,1.8468748
20102,1.8468748
20103,1.8468748
20104,1.8468748
20105,1.8468748
20106,1.8468748
20107,1.8468748
20108,1.8468748
20109,1.8468748
20110,1.8468748
20111,1.8468748
20112,1.8468748
20113,1.8468748
20114,1.8468748
20115,1.8468748
20116,1.8468748
20117,1.8468748
20118,1.8468748
20119,1.8468748
20120,1.8468748
20121,1.8468748
20122,1.8468748
20123,1.8468748
20124,1.8468748
20125,1.8468748
20126,1.8468748
20127,1.8468748
20128,1.8468748
20129,1.8468748
20130,1.8468748
20131,1.8468748
20132,1.8468748
20133,1.8468748
20134,1.8468748
20135,1.8468748
20136,1.8468748
20137,1.8468748
20138,1.8468748
20139,1.8468748
20140,1.8468748
20141,1.8468748
20142,1.8468748
20143,1.8468748
20144,1.8468748
20145,1.8468748
20146,1.8468748
20147,1.8468748
20148,1.8468748
20149,1.8468748
20150,1.8468748
20151,1.8468748
20152,1.8468748
20153,1.8468748
20154,1.8468748
20155,1.8468748
20156,1.8468748
20157,1.8468748
20158,1.8468748
20159,1.8468748
20160,1.8468748
20161,1.8468748
20162,1.8468748
20163,1.8468748
20164,1.8468748
20165,1.8468748
20166,1.8468748
20167,1.8468748
20168,1.8468748
20169,1.8468748
20170,1.8468748
20171,1.8468748
20172,1.8468748
20173,1.8468748
20174,1.8468748
20175,1.8468748
20176,1.8468748
20177,1.8468748
20178,1.8468748
20179,1.8468748
20180,1.8468748
20181,1.8468748
20182,1.8468748
20183,1.8468748
20184,1.8468748
20185,1.8468748
20186,1.8468748
20187,1.8468748
20188,1.8468748
20189,1.8468748
20190,1.8468748
20191,1.8468748
20192,1.8468748
20193,1.8468748
20194,1.8468748
20195,1.8468748
20196,1.8468748
20197,1.8468748
20198,1.8468748
20199,1.8468748
20200,1.8468748
20201,1.8468748
20202,1.8468748
20203,1.8468748
20204,1.8468748
20205,1.8468748
20206,1.8468748
20207,1.8468748
20208,1.8468748
20209,1.8468748
20210,1.8468748
20211,1.8468748
20212,1.8468748
20213,1.8468748
20214,1.8468748
20215,1.8468748
20216,1.8468748
20217,1.8468748
20218,1.8468748
20219,1.8468748
20220,1.8468748
20221,1.8468748
20222,1.8468748
20223,1.8468748
20224,1.8468748
20225,1.8468748
20226,1.8468748
20227,1.8468748
20228,1.8468748
20229,1.8468748
20230,1.8468748
20231,1.8468748
20232,1.8468748
20233,1.8468748
20234,1.8468748
20235,1.8468748
20236,1.8468748
20237,1.8468748
20238,1.8468748
20239,1.8468748
20240,1.8468748
20241,1.8468748
20242,1.8468748
20243,1.8468748
20244,1.8468748
20245,1.8468748
20246,1.8468748
20247,1.8468748
20248,1.8468748
20249,1.8468748
20250,1.8468748
20251,1.8468748
20252,1.8468748
20253,1.8468748
20254,1.8468748
20255,1.8468748
20256,1.8468748
20257,1.8468748
20258,1.8468748
20259,1.8468748
20260,1.8468748
20261,1.8468748
20262,1.8468748
20263,1.8468748
20264,1.8468748
20265,1.8468748
20266,1.8468748
20267,1.8468748
20268,1.8468748
20269,1.8468748
20270,1.8468748
20271,1.8468748
20272,1.8468748
20273,1.8468748
20274,1.8468748
20275,1.8468748
20276,1.8468748
20277,1.8468748
20278,1.8468748
20279,1.8468748
20280,1.8468748
20281,1.8468748
20282,1.8468748
20283,1.8468748
20284,1.8468748
20285,1.8468748
20286,1.8468748
20287,1.8468748
20288,1.8468748
20289,1.8468748
20290,1.8468748
20291,1.8468748
20292,1.8468748
20293,1.8468748
20294,1.8468748
20295,1.8468748
20296,1.8468748
20297,1.8468748
20298,1.8468748
20299,1.8468748
20300,1.8468748
20301,1.8468748
20302,1.8468748
20303,1.8468748
20304,1.8468748
20305,1.8468748
20306,1.8468748
20307,1.8468748
20308,1.8468748
20309,1.8468748
20310,1.8468748
20311,1.8468748
20312,1.8468748
20313,1.8468748
20314,1.8468748
20315,1.8468748
20316,1.8468748
20317,1.8468748
20318,1.8468748
20319,1.8468748
20320,1.8468748
20321,1.8468748
20322,1.8468748
20323,1.8468748
20324,1.8468748
20325,1.8468748
20326,1.8468748
20327,1.8468748
20328,1.8468748
20329,1.8468748
20330,1.8468748
20331,1.8468748
20332,1.8468748
20333,1.8468748
20334,1.8468748
20335,1.8468748
20336,1.8468748
20337,1.8468748
20338,1.8468748
20339,1.8468748
20340,1.8468748
20341,1.8468748
20342,1.8468748
20343,1.8468748
20344,1.8468748
20345,1.8468748
20346,1.8468748
20347,1.8468748
20348,1.8468748
20349,1.8468748
20350,1.8468748
20351,1.8468748
20352,1.8468748
20353,1.8468748
20354,1.8468748
20355,1.8468748
20356,1.8468748
20357,1.8468748
20358,1.8468748
20359,1.8468748
20360,1.8468748
20361,1.8468748
20362,1.8468748
20363,1.8468748
20364,1.8468748
20365,1.8468748
20366,1.8468748
20367,1.8468748
20368,1.8468748
20369,1.8468748
20370,1.8468748
20371,1.8468748
20372,1.8468748
20373,1.8468748
20374,1.8468748
20375,1.8468748
20376,1.8468748
20377,1.8468748
20378,1.8468748
20379,1.8468748
20380,1.8468748
20381,1.8468748
20382,1.8468748
20383,1.8468748
20384,1.8468748
20385,1.8468748
20386,1.8468748
20387,1.8468748
20388,1.8468748
20389,1.8468748
20390,1.8468748
20391,1.8468748
20392,1.8468748
20393,1.8468748
20394,1.8468748
20395,1.8468748
20396,1.8468748
20397,1.8468748
20398,1.8468748
20399,1.8468748
20400,1.8468748
20401,1.8468748
20402,1.8468748
20403,1.8468748
20404,1.8468748
20405,1.8468748
20406,1.8468748
20407,1.8468748
20408,1.8468748
20409,1.8468748
20410,1.8468748
20411,1.8468748
20412,1.8468748
20413,1.8468748
20414,1.8468748
20415,1.8468748
20416,1.8468748
20417,1.8468748
20418,1.8468748
20419,1.8468748
20420,1.8468748
20421,1.8468748
20422,1.8468748
20423,1.8468748
20424,1.8468748
20425,1.8468748
20426,1.8468748
20427,1.8468748
20428,1.8468748
20429,1.8468748
20430,1.8468748
20431,1.8468748
20432,1.8468748
20433,1.8468748
20434,1.8468748
20435,1.8468748
20436,1.8468748
20437,1.8468748
20438,1.8468748
20439,1.8468748
20440,1.8468748
20441,1.8468748
20442,1.8468748
20443,1.8468748
20444,1.8468748
20445,1.8468748
20446,1.8468748
20447,1.8468748
20448,1.8468748
20449,1.8468748
20450,1.8468748
20451,1.8468748
20452,1.8468748
20453,1.8468748
20454,1.8468748
20455,1.8468748
20456,1.8468748
20457,1.8468748
20458,1.8468748
20459,1.8468748
20460,1.8468748
20461,1.8468748
20462,1.8468748
20463,1.8468748
20464,1.8468748
20465,1.8468748
20466,1.8468748
20467,1.8468748
20468,1.8468748
20469,1.8468748
20470,1.8468748
20471,1.8468748
20472,1.8468748
20473,1.8468748
20474,1.8468748
20475,1.8468748
20476,1.8468748
20477,1.8468748
20478,1.8468748
20479,1.8468748
20480,1.8468748
20481,1.8468748
20482,1.8468748
20483,1.8468748
20484,1.8468748
20485,1.8468748
20486,1.8468748
20487,1.8468748
20488,1.8468748
20489,1.8468748
20490,1.8468748
20491,1.8468748
20492,1.8468748
20493,1.8468748
20494,1.8468748
20495,1.8468748
20496,1.8468748
20497,1.8468748
20498,1.8468748
20499,1.8468748
20500,1.8468748
20501,1.8468748
20502,1.8468748
20503,1.8468748
20504,1.8468748
20505,1.8468748
20506,1.8468748
20507,1.8468748
20508,1.8468748
20509,1.8468748
20510,1.8468748
20511,1.8468748
20512,1.8468748
20513,1.8468748
20514,1.8468748
20515,1.8468748
20516,1.8468748
20517,1.8468748
20518,1.8468748
20519,1.8468748
20520,1.8468748
20521,1.8468748
20522,1.8468748
20523,1.8468748
20524,1.8468748
20525,1.8468748
20526,1.8468748
20527,1.8468748
20528,1.8468748
20529,1.8468748
20530,1.8468748
20531,1.8468748
20532,1.8468748
20533,1.8468748
20534,1.8468748
20535,1.8468748
20536,1.8468748
20537,1.8468748
20538,1.8468748
20539,1.8468748
20540,1.8468748
20541,1.8468748
20542,1.8468748
20543,1.8468748
20544,1.8468748
20545,1.8468748
20546,1.8468748
20547,1.8468748
20548,1.8468748
20549,1.8468748
20550,1.8468748
20551,1.8468748
20552,1.8468748
20553,1.8468748
20554,1.8468748
20555,1.8468748
20556,1.8468748
20557,1.8468748
20558,1.8468748
20559,1.8468748
20560,1.8468748
20561,1.8468748
20562,1.8468748
20563,1.8468748
20564,1.8468748
20565,1.8468748
20566,1.8468748
20567,1.8468748
20568,1.8468748
20569,1.8468748
20570,1.8468748
20571,1.8468748
20572,1.8468748
20573,1.8468748
20574,1.8468748
20575,1.8468748
20576,1.8468748
20577,1.8468748
20578,1.8468748
20579,1.8468748
20580,1.8468748
20581,1.8468748
20582,1.8468748
20583,1.8468748
20584,1.8468748
20585,1.8468748
20586,1.8468748
20587,1.8468748
20588,1.8468748
20589,1.8468748
20590,1.8468748
20591,1.8468748
20592,1.8468748
20593,1.8468748
20594,1.8468748
20595,1.8468748
20596,1.8468748
20597,1.8468748
20598,1.8468748
20599,1.8468748
20600,1.8468748
20601,1.8468748
20602,1.8468748
20603,1.8468748
20604,1.8468748
20605,1.8468748
20606,1.8468748
20607,1.8468748
20608,1.8468748
20609,1.8468748
20610,1.8468748
20611,1.8468748
20612,1.8468748
20613,1.8468748
20614,1.8468748
20615,1.8468748
20616,1.8468748
20617,1.8468748
20618,1.8468748
20619,1.8468748
20620,1.8468748
20621,1.8468748
20622,1.8468748
20623,1.8468748
20624,1.8468748
20625,1.8468748
20626,1.8468748
20627,1.8468748
20628,1.8468748
20629,1.8468748
20630,1.8468748
20631,1.8468748
20632,1.8468748
20633,1.8468748
20634,1.8468748
20635,1.8468748
20636,1.8468748
20637,1.8468748
20638,1.8468748
20639,1.8468748
20640,1.8468748
20641,1.8468748
20642,1.8468748
20643,1.8468748
20644,1.8468748
20645,1.8468748
20646,1.8468748
20647,1.8468748
20648,1.8468748
20649,1.8468748
20650,1.8468748
20651,1.8468748
20652,1.8468748
20653,1.8468748
20654,1.8468748
20655,1.8468748
20656,1.8468748
20657,1.8468748
20658,1.8468748
20659,1.8468748
20660,1.8468748
20661,1.8468748
20662,1.8468748
20663,1.8468748
20664,1.8468748
20665,1.8468748
20666,1.8468748
20667,1.8468748
20668,1.8468748
20669,1.8468748
20670,1.8468748
20671,1.8468748
20672,1.8468748
20673,1.8468748
20674,1.8468748
20675,1.8468748
20676,1.8468748
20677,1.8468748
20678,1.8468748
20679,1.8468748
20680,1.8468748
20681,1.8468748
20682,1.8468748
20683,1.8468748
20684,1.8468748
20685,1.8468748
20686,1.8468748
20687,1.8468748
20688,1.8468748
20689,1.8468748
20690,1.8468748
20691,1.8468748
20692,1.8468748
20693,1.8468748
20694,1.8468748
20695,1.8468748
20696,1.8468748
20697,1.8468748
20698,1.8468748
20699,1.8468748
20700,1.8468748
20701,1.8468748
20702,1.8468748
20703,1.8468748
20704,1.8468748
20705,1.8468748
20706,1.8468748
20707,1.8468748
20708,1.8468748
20709,1.8468748
20710,1.8468748
20711,1.8468748
20712,1.8468748
20713,1.8468748
20714,1.8468748
20715,1.8468748
20716,1.8468748
20717,1.8468748
20718,1.8468748
20719,1.8468748
20720,1.8468748
20721,1.8468748
20722,1.8468748
20723,1.8468748
20724,1.8468748
20725,1.8468748
20726,1.8468748
20727,1.8468748
20728,1.8468748
20729,1.8468748
20730,1.8468748
20731,1.8468748
20732,1.8468748
20733,1.8468748
20734,1.8468748
20735,1.8468748
20736,1.8468748
20737,1.8468748
20738,1.8468748
20739,1.8468748
20740,1.8468748
20741,1.8468748
20742,1.8468748
20743,1.8468748
20744,1.8468748
20745,1.8468748
20746,1.8468748
20747,1.8468748
20748,1.8468748
20749,1.8468748
20750,1.8468748
20751,1.8468748
20752,1.8468748
20753,1.8468748
20754,1.8468748
20755,1.8468748
20756,1.8468748
20757,1.8468748
20758,1.8468748
20759,1.8468748
20760,1.8468748
20761,1.8468748
20762,1.8468748
20763,1.8468748
20764,1.8468748
20765,1.8468748
20766,1.8468748
20767,1.8468748
20768,1.8468748
20769,1.8468748
20770,1.8468748
20771,1.8468748
20772,1.8468748
20773,1.8468748
20774,1.8468748
20775,1.8468748
20776,1.8468748
20777,1.8468748
20778,1.8468748
20779,1.8468748
20780,1.8468748
20781,1.8468748
20782,1.8468748
20783,1.8468748
20784,1.8468748
20785,1.8468748
20786,1.8468748
20787,1.8468748
20788,1.8468748
20789,1.8468748
20790,1.8468748
20791,1.8468748
20792,1.8468748
20793,1.8468748
20794,1.8468748
20795,1.8468748
20796,1.8468748
20797,1.8468748
20798,1.8468748
20799,1.8468748
20800,1.8468748
20801,1.8468748
20802,1.8468748
20803,1.8468748
20804,1.8468748
20805,1.8468748
20806,1.8468748
20807,1.8468748
20808,1.8468748
20809,1.8468748
20810,1.8468748
20811,1.8468748
20812,1.8468748
20813,1.8468748
20814,1.8468748
20815,1.8468748
20816,1.8468748
20817,1.8468748
20818,1.8468748
20819,1.8468748
20820,1.8468748
20821,1.8468748
20822,1.8468748
20823,1.8468748
20824,1.8468748
20825,1.8468748
20826,1.8468748
20827,1.8468748
20828,1.8468748
20829,1.8468748
20830,1.8468748
20831,1.8468748
20832,1.8468748
20833,1.8468748
20834,1.8468748
20835,1.8468748
20836,1.8468748
20837,1.8468748
20838,1.8468748
20839,1.8468748
20840,1.8468748
20841,1.8468748
20842,1.8468748
20843,1.8468748
20844,1.8468748
20845,1.8468748
20846,1.8468748
20847,1.8468748
20848,1.8468748
20849,1.8468748
20850,1.8468748
20851,1.8468748
20852,1.8468748
20853,1.8468748
20854,1.8468748
20855,1.8468748
20856,1.8468748
20857,1.8468748
20858,1.8468748
20859,1.8468748
20860,1.8468748
20861,1.8468748
20862,1.8468748
20863,1.8468748
20864,1.8468748
20865,1.8468748
20866,1.8468748
20867,1.8468748
20868,1.8468748
20869,1.8468748
20870,1.8468748
20871,1.8468748
20872,1.8468748
20873,1.8468748
20874,1.8468748
20875,1.8468748
20876,1.8468748
20877,1.8468748
20878,1.8468748
20879,1.8468748
20880,1.8468748
20881,1.8468748
20882,1.8468748
20883,1.8468748
20884,1.8468748
20885,1.8468748
20886,1.8468748
20887,1.8468748
20888,1.8468748
20889,1.8468748
20890,1.8468748
20891,1.8468748
20892,1.8468748
20893,1.8468748
20894,1.8468748
20895,1.8468748
20896,1.8468748
20897,1.8468748
20898,1.8468748
20899,1.8468748
20900,1.8468748
20901,1.8468748
20902,1.8468748
20903,1.8468748
20904,1.8468748
20905,1.8468748
20906,1.8468748
20907,1.8468748
20908,1.8468748
20909,1.8468748
20910,1.8468748
20911,1.8468748
20912,1.8468748
20913,1.8468748
20914,1.8468748
20915,1.8468748
20916,1.8468748
20917,1.8468748
20918,1.8468748
20919,1.8468748
20920,1.8468748
20921,1.8468748
20922,1.8468748
20923,1.8468748
20924,1.8468748
20925,1.8468748
20926,1.8468748
20927,1.8468748
20928,1.8468748
20929,1.8468748
20930,1.8468748
20931,1.8468748
20932,1.8468748
20933,1.8468748
20934,1.8468748
20935,1.8468748
20936,1.8468748
20937,1.8468748
20938,1.8468748
20939,1.8468748
20940,1.8468748
20941,1.8468748
20942,1.8468748
20943,1.8468748
20944,1.8468748
20945,1.8468748
20946,1.8468748
20947,1.8468748
20948,1.8468748
20949,1.8468748
20950,1.8468748
20951,1.8468748
20952,1.8468748
20953,1.8468748
20954,1.8468748
20955,1.8468748
20956,1.8468748
20957,1.8468748
20958,1.8468748
20959,1.8468748
20960,1.8468748
20961,1.8468748
20962,1.8468748
20963,1.8468748
20964,1.8468748
20965,1.8468748
20966,1.8468748
20967,1.8468748
20968,1.8468748
20969,1.8468748
20970,1.8468748
20971,1.8468748
20972,1.8468748
20973,1.8468748
20974,1.8468748
20975,1.8468748
20976,1.8468748
20977,1.8468748
20978,1.8468748
20979,1.8468748
20980,1.8468748
20981,1.8468748
20982,1.8468748
20983,1.8468748
20984,1.8468748
20985,1.8468748
20986,1.8468748
20987,1.8468748
20988,1.8468748
20989,1.8468748
20990,1.8468748
20991,1.8468748
20992,1.8468748
20993,1.8468748
20994,1.8468748
20995,1.8468748
20996,1.8468748
20997,1.8468748
20998,1.8468748
20999,1.8468748
21000,1.8468748
21001,1.8468748
21002,1.8468748
21003,1.8468748
21004,1.8468748
21005,1.8468748
21006,1.8468748
21007,1.8468748
21008,1.8468748
21009,1.8468748
21010,1.8468748
21011,1.8468748
21012,1.8468748
21013,1.8468748
21014,1.8468748
21015,1.8468748
21016,1.8468748
21017,1.8468748
21018,1.8468748
21019,1.8468748
21020,1.8468748
21021,1.8468748
21022,1.8468748
21023,1.8468748
21024,1.8468748
21025,1.8468748
21026,1.8468748
21027,1.8468748
21028,1.8468748
21029,1.8468748
21030,1.8468748
21031,1.8468748
21032,1.8468748
21033,1.8468748
21034,1.8468748
21035,1.8468748
21036,1.8468748
21037,1.8468748
21038,1.8468748
21039,1.8468748
21040,1.8468748
21041,1.8468748
21042,1.8468748
21043,1.8468748
21044,1.8468748
21045,1.8468748
21046,1.8468748
21047,1.8468748
21048,1.8468748
21049,1.8468748
21050,1.8468748
21051,1.8468748
21052,1.8468748
21053,1.8468748
21054,1.8468748
21055,1.8468748
21056,1.8468748
21057,1.8468748
21058,1.8468748
21059,1.8468748
21060,1.8468748
21061,1.8468748
21062,1.8468748
21063,1.8468748
21064,1.8468748
21065,1.8468748
21066,1.8468748
21067,1.8468748
21068,1.8468748
21069,1.8468748
21070,1.8468748
21071,1.8468748
21072,1.8468748
21073,1.8468748
21074,1.8468748
21075,1.8468748
21076,1.8468748
21077,1.8468748
21078,1.8468748
21079,1.8468748
21080,1.8468748
21081,1.8468748
21082,1.8468748
21083,1.8468748
21084,1.8468748
21085,1.8468748
21086,1.8468748
21087,1.8468748
21088,1.8468748
21089,1.8468748
21090,1.8468748
21091,1.8468748
21092,1.8468748
21093,1.8468748
21094,1.8468748
21095,1.8468748
21096,1.8468748
21097,1.8468748
21098,1.8468748
21099,1.8468748
21100,1.8468748
21101,1.8468748
21102,1.8468748
21103,1.8468748
21104,1.8468748
21105,1.8468748
21106,1.8468748
21107,1.8468748
21108,1.8468748
21109,1.8468748
21110,1.8468748
21111,1.8468748
21112,1.8468748
21113,1.8468748
21114,1.8468748
21115,1.8468748
21116,1.8468748
21117,1.8468748
21118,1.8468748
21119,1.8468748
21120,1.8468748
21121,1.8468748
21122,1.8468748
21123,1.8468748
21124,1.8468748
21125,1.8468748
21126,1.8468748
21127,1.8468748
21128,1.8468748
21129,1.8468748
21130,1.8468748
21131,1.8468748
21132,1.8468748
21133,1.8468748
21134,1.8468748
21135,1.8468748
21136,1.8468748
21137,1.8468748
21138,1.8468748
21139,1.8468748
21140,1.8468748
21141,1.8468748
21142,1.8468748
21143,1.8468748
21144,1.8468748
21145,1.8468748
21146,1.8468748
21147,1.8468748
21148,1.8468748
21149,1.8468748
21150,1.8468748
21151,1.8468748
21152,1.8468748
21153,1.8468748
21154,1.8468748
21155,1.8468748
21156,1.8468748
21157,1.8468748
21158,1.8468748
21159,1.8468748
21160,1.8468748
21161,1.8468748
21162,1.8468748
21163,1.8468748
21164,1.8468748
21165,1.8468748
21166,1.8468748
21167,1.8468748
21168,1.8468748
21169,1.8468748
21170,1.8468748
21171,1.8468748
21172,1.8468748
21173,1.8468748
21174,1.8468748
21175,1.8468748
21176,1.8468748
21177,1.8468748
21178,1.8468748
21179,1.8468748
21180,1.8468748
21181,1.8468748
21182,1.8468748
21183,1.8468748
21184,1.8468748
21185,1.8468748
21186,1.8468748
21187,1.8468748
21188,1.8468748
21189,1.8468748
21190,1.8468748
21191,1.8468748
21192,1.8468748
21193,1.8468748
21194,1.8468748
21195,1.8468748
21196,1.8468748
21197,1.8468748
21198,1.8468748
21199,1.8468748
21200,1.8468748
21201,1.8468748
21202,1.8468748
21203,1.8468748
21204,1.8468748
21205,1.8468748
21206,1.8468748
21207,1.8468748
21208,1.8468748
21209,1.8468748
21210,1.8468748
21211,1.8468748
21212,1.8468748
21213,1.8468748
21214,1.8468748
21215,1.8468748
21216,1.8468748
21217,1.8468748
21218,1.8468748
21219,1.8468748
21220,1.8468748
21221,1.8468748
21222,1.8468748
21223,1.8468748
21224,1.8468748
21225,1.8468748
21226,1.8468748
21227,1.8468748
21228,1.8468748
21229,1.8468748
21230,1.8468748
21231,1.8468748
21232,1.8468748
21233,1.8468748
21234,1.8468748
21235,1.8468748
21236,1.8468748
21237,1.8468748
21238,1.8468748
21239,1.8468748
21240,1.8468748
21241,1.8468748
21242,1.8468748
21243,1.8468748
21244,1.8468748
21245,1.8468748
21246,1.8468748
21247,1.8468748
21248,1.8468748
21249,1.8468748
21250,1.8468748
21251,1.8468748
21252,1.8468748
21253,1.8468748
21254,1.8468748
21255,1.8468748
21256,1.8468748
21257,1.8468748
21258,1.8468748
21259,1.8468748
21260,1.8468748
21261,1.8468748
21262,1.8468748
21263,1.8468748
21264,1.8468748
21265,1.8468748
21266,1.8468748
21267,1.8468748
21268,1.8468748
21269,1.8468748
21270,1.8468748
21271,1.8468748
21272,1.8468748
21273,1.8468748
21274,1.8468748
21275,1.8468748
21276,1.8468748
21277,1.8468748
21278,1.8468748
21279,1.8468748
21280,1.8468748
21281,1.8468748
21282,1.8468748
21283,1.8468748
21284,1.8468748
21285,1.8468748
21286,1.8468748
21287,1.8468748
21288,1.8468748
21289,1.8468748
21290,1.8468748
21291,1.8468748
21292,1.8468748
21293,1.8468748
21294,1.8468748
21295,1.8468748
21296,1.8468748
21297,1.8468748
21298,1.8468748
21299,1.8468748
21300,1.8468748
21301,1.8468748
21302,1.8468748
21303,1.8468748
21304,1.8468748
21305,1.8468748
21306,1.8468748
21307,1.8468748
21308,1.8468748
21309,1.8468748
21310,1.8468748
21311,1.8468748
21312,1.8468748
21313,1.8468748
21314,1.8468748
21315,1.8468748
21316,1.8468748
21317,1.8468748
21318,1.8468748
21319,1.8468748
21320,1.8468748
21321,1.8468748
21322,1.8468748
21323,1.8468748
21324,1.8468748
21325,1.8468748
21326,1.8468748
21327,1.8468748
21328,1.8468748
21329,1.8468748
21330,1.8468748
21331,1.8468748
21332,1.8468748
21333,1.8468748
21334,1.8468748
21335,1.8468748
21336,1.8468748
21337,1.8468748
21338,1.8468748
21339,1.8468748
21340,1.8468748
21341,1.8468748
21342,1.8468748
21343,1.8468748
21344,1.8468748
21345,1.8468748
21346,1.8468748
21347,1.8468748
21348,1.8468748
21349,1.8468748
21350,1.8468748
21351,1.8468748
21352,1.8468748
21353,1.8468748
21354,1.8468748
21355,1.8468748
21356,1.8468748
21357,1.8468748
21358,1.8468748
21359,1.8468748
21360,1.8468748
21361,1.8468748
21362,1.8468748
21363,1.8468748
21364,1.8468748
21365,1.8468748
21366,1.8468748
21367,1.8468748
21368,1.8468748
21369,1.8468748
21370,1.8468748
21371,1.8468748
21372,1.8468748
21373,1.8468748
21374,1.8468748
21375,1.8468748
21376,1.8468748
21377,1.8468748
21378,1.8468748
21379,1.8468748
21380,1.8468748
21381,1.8468748
21382,1.8468748
21383,1.8468748
21384,1.8468748
21385,1.8468748
21386,1.8468748
21387,1.8468748
21388,1.8468748
21389,1.8468748
21390,1.8468748
21391,1.8468748
21392,1.8468748
21393,1.8468748
21394,1.8468748
21395,1.8468748
21396,1.8468748
21397,1.8468748
21398,1.8468748
21399,1.8468748
21400,1.8468748
21401,1.8468748
21402,1.8468748
21403,1.8468748
21404,1.8468748
21405,1.8468748
21406,1.8468748
21407,1.8468748
21408,1.8468748
21409,1.8468748
21410,1.8468748
21411,1.8468748
21412,1.8468748
21413,1.8468748
21414,1.8468748
21415,1.8468748
21416,1.8468748
21417,1.8468748
21418,1.8468748
21419,1.8468748
21420,1.8468748
21421,1.8468748
21422,1.8468748
21423,1.8468748
21424,1.8468748
21425,1.8468748
21426,1.8468748
21427,1.8468748
21428,1.8468748
21429,1.8468748
21430,1.8468748
21431,1.8468748
21432,1.8468748
21433,1.8468748
21434,1.8468748
21435,1.8468748
21436,1.8468748
21437,1.8468748
21438,1.8468748
21439,1.8468748
21440,1.8468748
21441,1.8468748
21442,1.8468748
21443,1.8468748
21444,1.8468748
21445,1.8468748
21446,1.8468748
21447,1.8468748
21448,1.8468748
21449,1.8468748
21450,1.8468748
21451,1.8468748
21452,1.8468748
21453,1.8468748
21454,1.8468748
21455,1.8468748
21456,1.8468748
21457,1.8468748
21458,1.8468748
21459,1.8468748
21460,1.8468748
21461,1.8468748
21462,1.8468748
21463,1.8468748
21464,1.8468748
21465,1.8468748
21466,1.8468748
21467,1.8468748
21468,1.8468748
21469,1.8468748
21470,1.8468748
21471,1.8468748
21472,1.8468748
21473,1.8468748
21474,1.8468748
21475,1.8468748
21476,1.8468748
21477,1.8468748
21478,1.8468748
21479,1.8468748
21480,1.8468748
21481,1.8468748
21482,1.8468748
21483,1.8468748
21484,1.8468748
21485,1.8468748
21486,1.8468748
21487,1.8468748
21488,1.8468748
21489,1.8468748
21490,1.8468748
21491,1.8468748
21492,1.8468748
21493,1.8468748
21494,1.8468748
21495,1.8468748
21496,1.8468748
21497,1.8468748
21498,1.8468748
21499,1.8468748
21500,1.8468748
21501,1.8468748
21502,1.8468748
21503,1.8468748
21504,1.8468748
21505,1.8468748
21506,1.8468748
21507,1.8468748
21508,1.8468748
21509,1.8468748
21510,1.8468748
21511,1.8468748
21512,1.8468748
21513,1.8468748
21514,1.8468748
21515,1.8468748
21516,1.8468748
21517,1.8468748
21518,1.8468748
21519,1.8468748
21520,1.8468748
21521,1.8468748
21522,1.8468748
21523,1.8468748
21524,1.8468748
21525,1.8468748
21526,1.8468748
21527,1.8468748
21528,1.8468748
21529,1.8468748
21530,1.8468748
21531,1.8468748
21532,1.8468748
21533,1.8468748
21534,1.8468748
21535,1.8468748
21536,1.8468748
21537,1.8468748
21538,1.8468748
21539,1.8468748
21540,1.8468748
21541,1.8468748
21542,1.8468748
21543,1.8468748
21544,1.8468748
21545,1.8468748
21546,1.8468748
21547,1.8468748
21548,1.8468748
21549,1.8468748
21550,1.8468748
21551,1.8468748
21552,1.8468748
21553,1.8468748
21554,1.8468748
21555,1.8468748
21556,1.8468748
21557,1.8468748
21558,1.8468748
21559,1.8468748
21560,1.8468748
21561,1.8468748
21562,1.8468748
21563,1.8468748
21564,1.8468748
21565,1.8468748
21566,1.8468748
21567,1.8468748
21568,1.8468748
21569,1.8468748
21570,1.8468748
21571,1.8468748
21572,1.8468748
21573,1.8468748
21574,1.8468748
21575,1.8468748
21576,1.8468748
21577,1.8468748
21578,1.8468748
21579,1.8468748
21580,1.8468748
21581,1.8469945
21582,1.8469945
21583,1.8469945
21584,1.8469945
21585,1.8469945
21586,1.8469945
21587,1.8469945
21588,1.8469945
21589,1.8469945
21590,1.8469945
21591,1.8469945
21592,1.8469945
21593,1.8469945
21594,1.8469945
21595,1.8469945
21596,1.8469945
21597,1.8469945
21598,1.8469945
21599,1.8469945
21600,1.8469945
21601,1.8469945
21602,1.8469945
21603,1.8469945
21604,1.8469945
21605,1.8469945
21606,1.8469945
21607,1.8469945
21608,1.8469945
21609,1.8469945
21610,1.8469945
21611,1.8469945
21612,1.8469945
21613,1.8469945
21614,1.8469945
21615,1.8469945
21616,1.8469945
21617,1.8469945
21618,1.8469945
21619,1.8469945
21620,1.8469945
21621,1.8469945
21622,1.8469945
21623,1.8469945
21624,1.8469945
21625,1.8469945
21626,1.8469945
21627,1.8469945
21628,1.8472043
21629,1.8472043
21630,1.8472043
21631,1.8472043
21632,1.8472043
21633,1.8472043
21634,1.8472043
21635,1.8472043
21636,1.8472043
21637,1.8472043
21638,1.8472043
21639,1.8472043
21640,1.8472043
21641,1.8472043
21642,1.8472043
21643,1.8472043
21644,1.8472043
21645,1.8472043
21646,1.8472043
21647,1.8472043
21648,1.8472043
21649,1.8472043
21650,1.8472043
21651,1.8472043
21652,1.8472043
21653,1.8472043
21654,1.8472043
21655,1.8472043
21656,1.8472043
21657,1.8472043
21658,1.8472043
21659,1.8472043
21660,1.8472043
21661,1.8472043
21662,1.8472043
21663,1.8472043
21664,1.8472043
21665,1.8472043
21666,1.8472043
21667,1.8472043
21668,1.8473799
21669,1.8473799
21670,1.8473799
21671,1.8474122
21672,1.8474122
21673,1.8474122
21674,1.8474122
21675,1.8474229
21676,1.8474229
21677,1.8474229
21678,1.8474229
21679,1.8474229
21680,1.8474229
21681,1.8474229
21682,1.8474229
21683,1.8474229
21684,1.8474229
21685,1.8474229
21686,1.8474229
21687,1.8474229
21688,1.8474229
21689,1.8474229
21690,1.8474229
21691,1.8474229
21692,1.8474229
21693,1.8474229
21694,1.8474229
21695,1.8474229
21696,1.8474229
21697,1.8474229
21698,1.8474229
21699,1.8474229
21700,1.8474229
21701,1.8474229
21702,1.8474229
21703,1.8474229
21704,1.8474229
21705,1.8474229
21706,1.8474229
21707,1.8474229
21708,1.8474229
21709,1.8474434
21710,1.8474434
21711,1.8474434
21712,1.8474434
21713,1.8474434
21714,1.8474434
21715,1.8474434
21716,1.8474434
21717,1.8474434
21718,1.8474434
21719,1.8474434
21720,1.8474434
21721,1.8474434
21722,1.8474434
21723,1.8474434
21724,1.8474434
21725,1.8474434
21726,1.8474434
21727,1.8474434
21728,1.8474434
21729,1.8474434
21730,1.8474434
21731,1.8474434
21732,1.8474434
21733,1.8474434
21734,1.8474434
21735,1.8474434
21736,1.8474434
21737,1.8474434
21738,1.8474434
21739,1.8474434
21740,1.8474434
21741,1.8474434
21742,1.8474434
21743,1.8474434
21744,1.8474434
21745,1.8474434
21746,1.8474434
21747,1.8474434
21748,1.8474434
21749,1.8474434
21750,1.8474434
21751,1.8474434
21752,1.8474434
21753,1.8474434
21754,1.8474434
21755,1.8474434
21756,1.8474434
21757,1.8474434
21758,1.8474434
21759,1.8474434
21760,1.8474434
21761,1.8474434
21762,1.8474434
21763,1.8474434
21764,1.8474434
21765,1.8474434
21766,1.8474434
21767,1.8474434
21768,1.8474434
21769,1.8474434
21770,1.8474434
21771,1.8474434
21772,1.8474434
21773,1.8474434
21774,1.8474434
21775,1.8474434
21776,1.8474434
21777,1.8474434
21778,1.8474434
21779,1.8474434
21780,1.8474434
21781,1.8474434
21782,1.8474434
21783,1.8474434
21784,1.8474434
21785,1.8474434
21786,1.8474434
21787,1.8474434
21788,1.8474434
21789,1.8474434
21790,1.8474434
21791,1.8474434
21792,1.8474434
21793,1.8474434
21794,1.8474434
21795,1.8474434
21796,1.8474434
21797,1.8474434
21798,1.8474434
21799,1.8474434
21800,1.8474434
21801,1.8474434
21802,1.8474434
21803,1.8474434
21804,1.8474434
21805,1.8474434
21806,1.8474434
21807,1.8474434
21808,1.8474434
21809,1.8474434
21810,1.8474434
21811,1.8474434
21812,1.8474434
21813,1.8474434
21814,1.8474434
21815,1.8474434
21816,1.8474434
21817,1.8474434
21818,1.8474434
21819,1.8474434
21820,1.8474434
21821,1.8474434
21822,1.8474434
21823,1.8474434
21824,1.8474434
21825,1.8474434
21826,1.8474434
21827,1.8474434
21828,1.8474434
21829,1.8474434
21830,1.8474434
21831,1.8474434
21832,1.8474434
21833,1.8474434
21834,1.8474434
21835,1.8474434
21836,1.8474434
21837,1.8474434
21838,1.8474434
21839,1.8474434
21840,1.8474434
21841,1.8474434
21842,1.8474434
21843,1.8474434
21844,1.8474434
21845,1.8474434
21846,1.8474434
21847,1.8474434
21848,1.8474434
21849,1.8474434
21850,1.8474434
21851,1.847565
21852,1.847565
21853,1.847565
21854,1.847565
21855,1.847565
21856,1.847565
21857,1.847565
21858,1.847565
21859,1.847565
21860,1.847565
21861,1.847565
21862,1.847565
21863,1.847565
21864,1.847565
21865,1.847565
21866,1.847565
21867,1.847565
21868,1.847565
21869,1.847565
21870,1.847565
21871,1.847565
21872,1.847565
21873,1.847565
21874,1.847565
21875,1.8478543
21876,1.8478543
21877,1.8478543
21878,1.8478543
21879,1.8478543
21880,1.8478543
21881,1.8478543
21882,1.8478543
21883,1.8478543
21884,1.8478543
21885,1.8478543
21886,1.8478543
21887,1.8478543
21888,1.8478543
21889,1.8478543
21890,1.8478543
21891,1.8478543
21892,1.8478543
21893,1.8478543
21894,1.8478543
21895,1.8478543
21896,1.8478543
21897,1.8478543
21898,1.8478543
21899,1.8478543
21900,1.8478543
21901,1.8479689
21902,1.8479689
21903,1.8479689
21904,1.8479689
21905,1.8483124
21906,1.8484592
21907,1.8485709
21908,1.8485709
21909,1.8485709
21910,1.8485709
21911,1.8485965
21912,1.8485965
21913,1.8485965
21914,1.8485965
21915,1.8486684
21916,1.8489216
21917,1.8489216
21918,1.8492453
21919,1.8492453
21920,1.849482
21921,1.849482
21922,1.849482
21923,1.849482
21924,1.8495131
21925,1.8495131
21926,1.8496474
21927,1.8496474
21928,1.8499946
21929,1.8502239
21930,1.8504388
21931,1.8504388
21932,1.8507607
21933,1.8507607
21934,1.8509792
21935,1.851019
21936,1.8513697
21937,1.8513697
21938,1.8513697
21939,1.8514976
21940,1.8514976
21941,1.8514976
21942,1.8514976
21943,1.8518473
21944,1.8521328
21945,1.8525345
21946,1.8526143
21947,1.8526143
21948,1.8526143
21949,1.8526143
21950,1.8527391
21951,1.8529202
21952,1.8529202
21953,1.8531141
21954,1.8531141
21955,1.8535127
21956,1.8537281
21957,1.8537281
21958,1.8537662
21959,1.853918
21960,1.8540858
21961,1.8540858
21962,1.8540858
21963,1.8541379
21964,1.8541379
21965,1.8541379
21966,1.8541379
21967,1.854321
21968,1.8549903
21969,1.8549903
21970,1.8550398
21971,1.8550653
21972,1.855161
21973,1.855161
21974,1.8552922
21975,1.8561096
21976,1.8561096
21977,1.8561096
21978,1.8565042
21979,1.8565042
21980,1.8573298
21981,1.8573298
21982,1.8577423
21983,1.8579139
21984,1.8579695
21985,1.8581524
21986,1.8585712
21987,1.8599288
21988,1.8604518
21989,1.8613658
21990,1.8617937
21991,1.8619746
21992,1.8619746
21993,1.8631193
21994,1.8632305
21995,1.8632305
21996,1.8632305
21997,1.8632454
21998,1.8635487
21999,1.8646075
22000,1.8650572
22001,1.8650572
22002,1.8650572
22003,1.865156
22004,1.8654107
22005,1.8654506
22006,1.8661622
22007,1.8663294
22008,1.8663294
22009,1.8670209
22010,1.8672618
22011,1.8676397
22012,1.8682294
22013,1.8696596
22014,1.8696596
22015,1.8704402
22016,1.8713893
22017,1.8722893
22018,1.8738428
22019,1.8741251
22020,1.8747951
22021,1.8753972
22022,1.8766813
22023,1.8771755
22024,1.8775289
22025,1.8775289
22026,1.8778584
22027,1.8786262
22028,1.8792054
22029,1.8792054
22030,1.8796119
22031,1.8799694
22032,1.8800372
22033,1.8804756
22034,1.8804756
22035,1.8810254
22036,1.8814196
22037,1.8814196
22038,1.8827835
22039,1.8835525
22040,1.8841273
22041,1.8849441
22042,1.8866858
22043,1.887897
22044,1.8887288
22045,1.8891204
22046,1.8892422
22047,1.8892422
22048,1.8892422
22049,1.8896992
22050,1.8903725
22051,1.8903725
22052,1.8917555
22053,1.8917555
22054,1.8920778
22055,1.8921249
22056,1.8925068
22057,1.8931728
22058,1.8931728
22059,1.8940754
22060,1.8947342
22061,1.8961395
22062,1.8971156
22063,1.8976598
22064,1.8976598
22065,1.8983694
22066,1.8993785
22067,1.8993785
22068,1.8998195
22069,1.9001363
22070,1.9001363
22071,1.9001363
22072,1.9001363
22073,1.9001363
22074,1.9006283
22075,1.9009884
22076,1.9012573
22077,1.9018277
22078,1.9022402
22079,1.9025339
22080,1.9025339
22081,1.9025339
22082,1.9033817
22083,1.9033817
22084,1.90413
22085,1.9045753
22086,1.9049971
22087,1.9049971
22088,1.9053829
22089,1.9053829
22090,1.9060157
22091,1.9060157
22092,1.9064066
22093,1.9067249
22094,1.9067249
22095,1.9068965
22096,1.9068965
22097,1.9073497
22098,1.907465
22099,1.9076528
22100,1.9086685
22101,1.9092974
22102,1.9093797
22103,1.9102352
22104,1.9102352
22105,1.9102352
22106,1.9103473
22107,1.9106071
22108,1.9106071
22109,1.9117106
22110,1.9125237
22111,1.9133787
22112,1.9135143
22113,1.9136381
22114,1.9142581
22115,1.9142581
22116,1.9144546
22117,1.9148791
22118,1.9157721
22119,1.9169941
22120,1.9186023
22121,1.9193963
22122,1.9201892
22123,1.9214894
22124,1.9221677
22125,1.9226355
22126,1.9226435
22127,1.9233832
22128,1.9233832
22129,1.9246713
22130,1.9246713
22131,1.9252493
22132,1.927038
22133,1.9291771
22134,1.9293211
22135,1.9315046
22136,1.9328388
22137,1.933703
22138,1.9345272
22139,1.9351376
22140,1.9361979
22141,1.9373482
22142,1.9382266
22143,1.9384064
22144,1.9384064
22145,1.9384064
22146,1.9384064
22147,1.9388395
22148,1.939111
22149,1.9398025
22150,1.9401695
22151,1.9419293
22152,1.9424386
22153,1.9430957
22154,1.9435517
22155,1.9444578
22156,1.9444578
22157,1.9451656
22158,1.9460612
22159,1.9469748
22160,1.9484002
22161,1.9484002
22162,1.9490304
22163,1.9500177
22164,1.9504769
22165,1.951384
22166,1.9523687
22167,1.9525277
22168,1.9525277
22169,1.9525277
22170,1.9538095
22171,1.9555322
22172,1.9561292
22173,1.9562963
22174,1.9573038
22175,1.9585242
22176,1.9585242
22177,1.9600204
22178,1.9600204
22179,1.9616544
22180,1.9621188
22181,1.9626083
22182,1.9629161
22183,1.9637016
22184,1.9637904
22185,1.9637904
22186,1.9637904
22187,1.9643769
22188,1.9661509
22189,1.9669652
22190,1.9680272
22191,1.9688925
22192,1.9692954
22193,1.9692954
22194,1.9692954
22195,1.9698809
22196,1.9701645
22197,1.97077
22198,1.97077
22199,1.97077
22200,1.9711641
22201,1.9721177
22202,1.9731684
22203,1.9744707
22204,1.9747721
22205,1.9764067
22206,1.9786143
22207,1.9792429
22208,1.979859
22209,1.981342
22210,1.9824074
22211,1.9828197
22212,1.9834162
22213,1.9851676
22214,1.9872685
22215,1.9872685
22216,1.9890506
22217,1.9890506
22218,1.9899106
22219,1.9900357
22220,1.9904403
22221,1.9921983
22222,1.9935136
22223,1.993651
22224,1.993651
22225,1.9946056
22226,1.9962313
22227,1.9962313
22228,1.9987549
22229,2.000115
22230,2.000115
22231,2.0008275
22232,2.0019455
22233,2.0026011
22234,2.002946
22235,2.0045356
22236,2.0046373
22237,2.0056005
22238,2.0065972
22239,2.0070834
22240,2.0078849
22241,2.0088504
22242,2.0090282
22243,2.0092244
22244,2.009927
22245,2.0101571
22246,2.0115836
22247,2.0130396
22248,2.013479
22249,2.0135026
22250,2.0148215
22251,2.0149433
22252,2.0150247
22253,2.0156361
22254,2.0157817
22255,2.0171472
22256,2.0171472
22257,2.0187137
22258,2.0201879
22259,2.0209375
22260,2.0220494
22261,2.0220494
22262,2.0230253
22263,2.0239218
22264,2.0252742
22265,2.0255243
22266,2.0255243
22267,2.0272921
22268,2.0274871
22269,2.0284524
22270,2.0297278
22271,2.0302198
22272,2.0312561
22273,2.0313903
22274,2.0315332
22275,2.0324231
22276,2.0324231
22277,2.0329617
22278,2.0330241
22279,2.0336845
22280,2.0342701
22281,2.0356903
22282,2.0356903
22283,2.0359135
22284,2.0368479
22285,2.038095
22286,2.0383472
22287,2.0386596
22288,2.0386596
22289,2.0387469
22290,2.0394645
22291,2.0406259
22292,2.0407178
22293,2.0422734
22294,2.0422734
22295,2.0438525
22296,2.0438525
22297,2.0439358
22298,2.0439811
22299,2.0449356
22300,2.0459518
22301,2.0463335
22302,2.0471729
22303,2.0473538
22304,2.0473538
22305,2.048309
22306,2.04946
22307,2.0496909
22308,2.0497223
22309,2.050667
22310,2.0515308
22311,2.0519321
22312,2.0522736
22313,2.0522736
22314,2.0536663
22315,2.0536663
22316,2.0537464
22317,2.0537464
22318,2.0547878
22319,2.0555704
22320,2.0561513
22321,2.0568972
22322,2.0568972
22323,2.0568972
22324,2.0568972
22325,2.0570123
22326,2.0570123
22327,2.0571123
22328,2.0572092
22329,2.0579581
22330,2.0584405
22331,2.0584405
22332,2.0592736
22333,2.059816
22334,2.0598183
22335,2.0605805
22336,2.0606321
22337,2.0620576
22338,2.0620576
22339,2.0630848
22340,2.0634655
22341,2.0640771
22342,2.0640771
22343,2.0640771
22344,2.0645666
22345,2.0652733
22346,2.0657159
22347,2.0672335
22348,2.0682088
22349,2.068448
22350,2.0687864
22351,2.0688832
22352,2.0694522
22353,2.0695685
22354,2.0718004
22355,2.0718004
22356,2.0718004
22357,2.0720216
22358,2.0725515
22359,2.0733058
22360,2.0737022
22361,2.0737022
22362,2.0737022
22363,2.0744943
22364,2.0748259
22365,2.0748259
22366,2.0748749
22367,2.0754303
22368,2.0754303
22369,2.0757051
22370,2.0781264
22371,2.0781264
22372,2.0785129
22373,2.0792757
22374,2.0793187
22375,2.0793187
22376,2.079376
22377,2.0800697
22378,2.0821826
22379,2.0828665
22380,2.0828665
22381,2.0829517
22382,2.0834817
22383,2.0852186
22384,2.0852186
22385,2.0858552
22386,2.0867853
22387,2.0867853
22388,2.0872742
22389,2.0878048
22390,2.0893342
22391,2.0899735
22392,2.0906322
22393,2.0911267
22394,2.0926309
22395,2.0936892
22396,2.0936892
22397,2.0936892
22398,2.0942764
22399,2.0942764
22400,2.0950589
22401,2.0950589
22402,2.09506
22403,2.0952034
22404,2.0954868
22405,2.0957113
22406,2.0961967
22407,2.0967019
22408,2.0970036
22409,2.0980986
22410,2.0994047
22411,2.0994405
22412,2.1002383
22413,2.1002383
22414,2.1002383
22415,2.1002383
22416,2.100925
22417,2.1018117
22418,2.1018117
22419,2.1025793
22420,2.1025793
22421,2.1043318
22422,2.1043318
22423,2.1043318
22424,2.1053816
22425,2.1053816
22426,2.1054827
22427,2.1064337
22428,2.1064337
22429,2.1064337
22430,2.1064337
22431,2.1070174
22432,2.1070322
22433,2.1070322
22434,2.1088321
22435,2.1092293
22436,2.1094757
22437,2.1100226
22438,2.1105559
22439,2.1107444
22440,2.1107444
22441,2.1113722
22442,2.1120437
22443,2.1123328
22444,2.1129349
22445,2.1129666
22446,2.1129666
22447,2.1129666
22448,2.114077
22449,2.114116
22450,2.114116
22451,2.1145026
22452,2.1150819
22453,2.1155874
22454,2.1156385
22455,2.1158751
22456,2.1158751
22457,2.1159685
22458,2.1171369
22459,2.1171369
22460,2.1171369
22461,2.1182874
22462,2.1182874
22463,2.118355
22464,2.118355
22465,2.1192442
22466,2.1193824
22467,2.1196423
22468,2.1198778
22469,2.1204043
22470,2.1208716
22471,2.1220133
22472,2.1220133
22473,2.1220133
22474,2.122148
22475,2.1222613
22476,2.1222613
22477,2.1228556
22478,2.1228556
22479,2.1229529
22480,2.1230567
22481,2.1242011
22482,2.1246914
22483,2.1261632
22484,2.1276862
22485,2.1285702
22486,2.1294298
22487,2.1296812
22488,2.131361
22489,2.1319618
22490,2.1325978
22491,2.1328301
22492,2.1329463
22493,2.1331342
22494,2.1343022
22495,2.1353014
22496,2.1366964
22497,2.1366964
22498,2.1370244
22499,2.1373594
22500,2.1375376
22501,2.1375376
22502,2.1375376
22503,2.1375376
22504,2.1375376
22505,2.1379391
22506,2.1379391
22507,2.1380951
22508,2.1382403
22509,2.1382403
22510,2.1385918
22511,2.1385918
22512,2.1395007
22513,2.1395189
22514,2.1397539
22515,2.1397539
22516,2.1397539
22517,2.1403055
22518,2.1403055
22519,2.1406798
22520,2.1413547
22521,2.1413547
22522,2.1413824
22523,2.1418234
22524,2.1428518
22525,2.1428709
22526,2.1428709
22527,2.1438393
22528,2.1440469
22529,2.1440469
22530,2.1440469
22531,2.1441581
22532,2.1456375
22533,2.1456375
22534,2.1460733
22535,2.1460733
22536,2.1461382
22537,2.1461382
22538,2.1461382
22539,2.1465423
22540,2.1465423
22541,2.1474544
22542,2.1478947
22543,2.1481725
22544,2.1494203
22545,2.1494203
22546,2.1494203
22547,2.1494203
22548,2.1495398
22549,2.149826
22550,2.1498657
22551,2.1498657
22552,2.1498657
22553,2.1498657
22554,2.1498657
22555,2.1500857
22556,2.1500857
22557,2.1503939
22558,2.1503939
22559,2.1508559
22560,2.1508559
22561,2.151112
22562,2.151112
22563,2.151112
22564,2.151112
22565,2.151112
22566,2.1511928
22567,2.1521317
22568,2.1524067
22569,2.152745
22570,2.152745
22571,2.1536148
22572,2.1536148
22573,2.1536148
22574,2.1536148
22575,2.1536148
22576,2.1536148
22577,2.1536148
22578,2.1545617
22579,2.1545617
22580,2.1545617
22581,2.1545617
22582,2.1545617
22583,2.1545617
22584,2.1545617
22585,2.15464
22586,2.15473
22587,2.1549453
22588,2.1549453
22589,2.1549453
22590,2.1551079
22591,2.1551079
22592,2.1556156
22593,2.1556156
22594,2.1556156
22595,2.1556156
22596,2.1562752
22597,2.1562752
22598,2.1562752
22599,2.1563678
22600,2.1565422
22601,2.1565422
22602,2.1565422
22603,2.1565422
22604,2.1565422
22605,2.1565422
22606,2.1565422
22607,2.1565422
22608,2.1565422
22609,2.1565422
22610,2.1565422
22611,2.1565422
22612,2.1565422
22613,2.156839
22614,2.156839
22615,2.156839
22616,2.156839
22617,2.1569007
22618,2.1573596
22619,2.1573596
22620,2.1578469
22621,2.1580345
22622,2.1580345
22623,2.1580934
22624,2.1584304
22625,2.1584304
22626,2.1584304
22627,2.1584304
22628,2.1584304
22629,2.1584304
22630,2.1584304
22631,2.1584843
22632,2.1593881
22633,2.1593881
22634,2.1593881
22635,2.1593881
22636,2.1593881
22637,2.1593881
22638,2.1594981
22639,2.1594981
22640,2.1594981
22641,2.1595257
22642,2.1595257
22643,2.1595257
22644,2.1595257
22645,2.1595257
22646,2.1595257
22647,2.1595257
22648,2.1597004
22649,2.1597004
22650,2.1597309
22651,2.1597309
22652,2.1597309
22653,2.1597309
22654,2.1597309
22655,2.1597309
22656,2.1597309
22657,2.1597309
22658,2.1597309
22659,2.1597309
22660,2.1597309
22661,2.1598246
22662,2.1598246
22663,2.1598246
22664,2.1598246
22665,2.1598246
22666,2.1600879
22667,2.1602929
22668,2.1602929
22669,2.1603259
22670,2.1603259
22671,2.1603259
22672,2.1603259
22673,2.1603259
22674,2.1603259
22675,2.1603259
22676,2.1610378
22677,2.1610378
22678,2.1612513
22679,2.1619663
22680,2.1619663
22681,2.1623242
22682,2.1627738
22683,2.1627738
22684,2.1631198
22685,2.1631198
22686,2.1632929
22687,2.1632929
22688,2.1632929
22689,2.1634128
22690,2.1637194
22691,2.1637194
22692,2.1643288
22693,2.1646533
22694,2.1655794
22695,2.1660807
22696,2.166545
22697,2.1666522
22698,2.1667309
22699,2.1670961
22700,2.1678688
22701,2.169319
22702,2.1694733
22703,2.1702308
22704,2.1718222
22705,2.1718222
22706,2.1721462
22707,2.1724708
22708,2.173322
22709,2.1733503
22710,2.1733503
22711,2.1742945
22712,2.1754674
22713,2.1761557
22714,2.1766167
22715,2.1766167
22716,2.1766743
22717,2.1766743
22718,2.177077
22719,2.177077
22720,2.1779212
22721,2.1785169
22722,2.1797377
22723,2.1806211
22724,2.1806211
22725,2.1811856
22726,2.18145
22727,2.1818146
22728,2.1818146
22729,2.1820197
22730,2.1820197
22731,2.1823043
22732,2.1823043
22733,2.1823043
22734,2.1828493
22735,2.1828655
22736,2.1830078
22737,2.1836777
22738,2.1839411
22739,2.1848872
22740,2.1858093
22741,2.1864672
22742,2.1872951
22743,2.1879116
22744,2.1879116
22745,2.188763
22746,2.1893861
22747,2.1900112
22748,2.1900112
22749,2.1900112
22750,2.1900112
22751,2.1906109
22752,2.1908936
22753,2.1920306
22754,2.1929169
22755,2.1944755
22756,2.1944755
22757,2.1954367
22758,2.1954367
22759,2.1954738
22760,2.1957741
22761,2.1957741
22762,2.1957741
22763,2.1968566
22764,2.1968566
22765,2.1970728
22766,2.1972493
22767,2.1978693
22768,2.1978693
22769,2.1984837
22770,2.2000638
22771,2.2009031
22772,2.2015908
22773,2.2022241
22774,2.2022241
22775,2.2025471
22776,2.2026307
22777,2.2029165
22778,2.2030025
22779,2.2030025
22780,2.2035258
22781,2.2044069
22782,2.2055732
22783,2.2063547
22784,2.206713
22785,2.2082377
22786,2.2098165
22787,2.2098165
22788,2.2098877
22789,2.2109484
22790,2.2111954
22791,2.2111954
22792,2.211416
22793,2.2119191
22794,2.2122557
22795,2.2122557
22796,2.213361
22797,2.2138227
22798,2.2138675
22799,2.213943
22800,2.213943
22801,2.213943
22802,2.2142325
22803,2.2149736
22804,2.2158155
22805,2.2159958
22806,2.2161749
22807,2.2168147
22808,2.2183949
22809,2.2189729
22810,2.2203759
22811,2.2207093
22812,2.2208249
22813,2.2208249
22814,2.2210612
22815,2.2210612
22816,2.2211848
22817,2.2212018
22818,2.2224556
22819,2.2229799
22820,2.22319
22821,2.22319
22822,2.2233
22823,2.2233
22824,2.2233103
22825,2.2233905
22826,2.2235409
22827,2.2237041
22828,2.2237041
22829,2.2237041
22830,2.2237041
22831,2.2237525
22832,2.2237525
22833,2.224306
22834,2.224306
22835,2.2255445
22836,2.2255856
22837,2.2255856
22838,2.2261246
22839,2.2261246
22840,2.2261246
22841,2.2261246
22842,2.2270962
22843,2.2281136
22844,2.2286312
22845,2.2286312
22846,2.2289097
22847,2.2289097
22848,2.2297396
22849,2.2297396
22850,2.230045
22851,2.230045
22852,2.230045
22853,2.230045
22854,2.2302165
22855,2.2302165
22856,2.2308788
22857,2.2312452
22858,2.2315827
22859,2.2315827
22860,2.2315827
22861,2.2324162
22862,2.2327416
22863,2.2327416
22864,2.2327416
22865,2.2327416
22866,2.2334703
22867,2.2338981
22868,2.2350338
22869,2.2356039
22870,2.2356039
22871,2.2356039
22872,2.2356329
22873,2.2356329
22874,2.2356329
22875,2.2356646
22876,2.2361631
22877,2.2361631
22878,2.2361631
22879,2.2361631
22880,2.2361631
22881,2.2371901
22882,2.2371901
22883,2.2373959
22884,2.2380621
22885,2.2380621
22886,2.2380621
22887,2.2380621
22888,2.2380621
22889,2.2382716
22890,2.2382716
22891,2.2382716
22892,2.2387015
22893,2.2391484
22894,2.2391484
22895,2.2393384
22896,2.239514
22897,2.239514
22898,2.239514
22899,2.239514
22900,2.239767
22901,2.239767
22902,2.239767
22903,2.239767
22904,2.2398536
22905,2.2398536
22906,2.2400689
22907,2.2410635
22908,2.2413985
22909,2.2413985
22910,2.2413985
22911,2.2413985
22912,2.2413985
22913,2.2413985
22914,2.2415915
22915,2.2417896
22916,2.2418704
22917,2.2418704
22918,2.2418704
22919,2.2421871
22920,2.2422356
22921,2.2422356
22922,2.2422356
22923,2.2422356
22924,2.2422356
22925,2.2422356
22926,2.2422356
22927,2.2422356
22928,2.2422356
22929,2.2422356
22930,2.2430326
22931,2.2430326
22932,2.2430326
22933,2.2433932
22934,2.2433932
22935,2.244007
22936,2.244007
22937,2.244007
22938,2.244007
22939,2.244007
22940,2.244007
22941,2.244007
22942,2.2442124
22943,2.2442124
22944,2.2442124
22945,2.2442124
22946,2.2442124
22947,2.2442124
22948,2.2442124
22949,2.2443389
22950,2.2443389
22951,2.2443389
22952,2.2443389
22953,2.2443389
22954,2.2443389
22955,2.2446549
22956,2.2446549
22957,2.2446549
22958,2.2446549
22959,2.2446549
22960,2.2446549
22961,2.244703
22962,2.244703
22963,2.244703
22964,2.244703
22965,2.244703
22966,2.2449447
22967,2.2449447
22968,2.2449447
22969,2.2449447
22970,2.2450738
22971,2.2450738
22972,2.2450738
22973,2.2450738
22974,2.2450738
22975,2.2451429
22976,2.2451429
22977,2.2451429
22978,2.2451429
22979,2.2451429
22980,2.2451429
22981,2.2451429
22982,2.2451429
22983,2.2451429
22984,2.2451429
22985,2.2451429
22986,2.2451429
22987,2.2451429
22988,2.2451429
22989,2.2452139
22990,2.2452139
22991,2.2452139
22992,2.2454715
22993,2.2454715
22994,2.2456273
22995,2.2456273
22996,2.2456273
22997,2.2456273
22998,2.2456273
22999,2.2456273
23000,2.2456273
23001,2.2456273
23002,2.2456273
23003,2.2456273
23004,2.2456273
23005,2.2456273
23006,2.2462628
23007,2.2462628
23008,2.2466068
23009,2.2469431
23010,2.2469431
23011,2.2469431
23012,2.2469431
23013,2.2469431
23014,2.2469431
23015,2.2472969
23016,2.2472969
23017,2.2472969
23018,2.2472969
23019,2.2472969
23020,2.2472969
23021,2.2473369
23022,2.2473369
23023,2.2473369
23024,2.2473369
23025,2.2473369
23026,2.2474072
23027,2.2474409
23028,2.2474409
23029,2.2474409
23030,2.2477718
23031,2.2478499
23032,2.2478499
23033,2.2478499
23034,2.2483266
23035,2.2486035
23036,2.2486367
23037,2.2486367
23038,2.2486367
23039,2.2486367
23040,2.2486624
23041,2.2491533
23042,2.2495986
23043,2.2495986
23044,2.2496071
23045,2.2497751
23046,2.2499962
23047,2.2508292
23048,2.2508292
23049,2.2508292
23050,2.2508292
23051,2.2508292
23052,2.2508292
23053,2.2508292
23054,2.2513698
23055,2.2523533
23056,2.2523533
23057,2.2523533
23058,2.2523533
23059,2.252686
23060,2.253895
23061,2.253895
23062,2.2540562
23063,2.2540562
23064,2.2540562
23065,2.2546546
23066,2.2546546
23067,2.2546546
23068,2.2546546
23069,2.2546546
23070,2.2546546
23071,2.2546546
23072,2.2546546
23073,2.2547752
23074,2.254958
23075,2.254958
23076,2.254958
23077,2.2551745
23078,2.2556663
23079,2.2558357
23080,2.2568065
23081,2.2568065
23082,2.2568065
23083,2.2571542
23084,2.2572775
23085,2.2572775
23086,2.2572775
23087,2.2576329
23088,2.2587578
23089,2.259745
23090,2.259745
23091,2.2598163
23092,2.2598163
23093,2.2598163
23094,2.2598163
23095,2.2613697
23096,2.2622182
23097,2.2622182
23098,2.2622182
23099,2.2622182
23100,2.2628638
23101,2.2635788
23102,2.2635788
23103,2.2635788
23104,2.2637421
23105,2.2648277
23106,2.2653088
23107,2.2653088
23108,2.2653088
23109,2.266839
23110,2.266839
23111,2.266839
23112,2.2683812
23113,2.2688217
23114,2.2689613
23115,2.2689613
23116,2.2689613
23117,2.2707331
23118,2.2718953
23119,2.2745041
23120,2.2747828
23121,2.2773346
23122,2.2773346
23123,2.2773346
23124,2.2773346
23125,2.2773346
23126,2.2773346
23127,2.2787077
23128,2.279081
23129,2.279081
23130,2.2797522
23131,2.2798218
23132,2.2801234
23133,2.2806622
23134,2.2806622
23135,2.2806625
23136,2.280895
23137,2.2808979
23138,2.2820711
23139,2.2820781
23140,2.2833969
23141,2.2837112
23142,2.2837112
23143,2.2837112
23144,2.2837112
23145,2.2850068
23146,2.2850068
23147,2.2858713
23148,2.2858713
23149,2.2861486
23150,2.2875553
23151,2.2883754
23152,2.2883754
23153,2.2883754
23154,2.28919
23155,2.2894901
23156,2.2898606
23157,2.2910407
23158,2.2910407
23159,2.2916814
23160,2.2917931
23161,2.292101
23162,2.292101
23163,2.2933931
23164,2.2933931
23165,2.2947059
23166,2.2954395
23167,2.2956984
23168,2.2960881
23169,2.2961811
23170,2.2968201
23171,2.2976051
23172,2.2976051
23173,2.2984088
23174,2.2993178
23175,2.2997083
23176,2.2999927
23177,2.3012923
23178,2.3012923
23179,2.3027003
23180,2.3027934
23181,2.3034274
23182,2.3043502
23183,2.3053918
23184,2.3059808
23185,2.3061556
23186,2.3078686
23187,2.3089501
23188,2.3098912
23189,2.311273
23190,2.3129239
23191,2.3130144
23192,2.3144391
23193,2.3145929
23194,2.3145988
23195,2.3157931
23196,2.3172728
23197,2.3177362
23198,2.3200698
23199,2.3210933
23200,2.321484
23201,2.3232709
23202,2.3232709
23203,2.3249223
23204,2.3259311
23205,2.3284156
23206,2.3298506
23207,2.3319165
23208,2.3332235
23209,2.3345147
23210,2.3349759
23211,2.3362666
23212,2.3362666
23213,2.3370006
23214,2.3394329
23215,2.3402978
23216,2.3408609
23217,2.3413336
23218,2.3433302
23219,2.3439911
23220,2.345132
23221,2.3452999
23222,2.345337
23223,2.3463187
23224,2.3478199
23225,2.3487121
23226,2.3494128
23227,2.3497886
23228,2.3510292
23229,2.3531549
23230,2.3557069
23231,2.355829
23232,2.355829
23233,2.3562025
23234,2.3574191
23235,2.3587228
23236,2.3603631
23237,2.3604002
23238,2.3621708
23239,2.3631836
23240,2.363949
23241,2.3657297
23242,2.368121
23243,2.368121
23244,2.3682767
23245,2.3701206
23246,2.3702787
23247,2.3710693
23248,2.3720625
23249,2.3736926
23250,2.3743256
23251,2.3754404
23252,2.3764358
23253,2.3788057
23254,2.3789763
23255,2.3796274
23256,2.3802102
23257,2.3809113
23258,2.3825688
23259,2.3835744
23260,2.3835744
23261,2.3846665
23262,2.3862461
23263,2.3873947
23264,2.3888838
23265,2.3898837
23266,2.3905615
23267,2.3921824
23268,2.3937386
23269,2.3952014
23270,2.3968591
23271,2.3979151
23272,2.399298
23273,2.3995405
23274,2.4007434
23275,2.4019142
23276,2.4038636
23277,2.4040672
23278,2.4062439
23279,2.4071522
23280,2.4071522
23281,2.4071522
23282,2.4089578
23283,2.4102778
23284,2.4112788
23285,2.4112788
23286,2.4120623
23287,2.4120623
23288,2.4120623
23289,2.4132399
23290,2.4144459
23291,2.4144459
23292,2.4159692
23293,2.4169173
23294,2.4192765
23295,2.4195034
23296,2.420967
23297,2.42219
23298,2.4231276
23299,2.4240154
23300,2.4240154
23301,2.4240154
23302,2.4240154
23303,2.4240154
23304,2.424381
23305,2.4252703
23306,2.4252703
23307,2.4257231
23308,2.4270851
23309,2.4274354
23310,2.4277807
23311,2.4278252
23312,2.4291663
23313,2.4295471
23314,2.4309937
23315,2.4326342
23316,2.4331595
23317,2.4331595
23318,2.4331595
23319,2.4335983
23320,2.4351924
23321,2.4362733
23322,2.4362733
23323,2.4362733
23324,2.4366753
23325,2.436796
23326,2.4371057
23327,2.4373359
23328,2.4387349
23329,2.4387349
23330,2.4400784
23331,2.4400784
23332,2.4403392
23333,2.4411414
23334,2.4411414
23335,2.4411414
23336,2.4411414
23337,2.4411414
23338,2.4411414
23339,2.4433078
23340,2.4433078
23341,2.4435513
23342,2.4441417
23343,2.4450384
23344,2.4453799
23345,2.4455259
23346,2.446755
23347,2.4479697
23348,2.4482322
23349,2.4482322
23350,2.4482322
23351,2.4482322
23352,2.4482322
23353,2.4482483
23354,2.4482483
23355,2.4485096
23356,2.4498017
23357,2.4498017
23358,2.4498469
23359,2.4505984
23360,2.4507681
23361,2.4508035
23362,2.4508035
23363,2.4508515
23364,2.4515165
23365,2.4515165
23366,2.4516565
23367,2.4523681
23368,2.4525077
23369,2.4535718
23370,2.4535718
23371,2.4536717
23372,2.4536717
23373,2.4546368
23374,2.4546368
23375,2.4551168
23376,2.4551168
23377,2.4563817
23378,2.4575317
23379,2.4591325
23380,2.4605818
23381,2.4606282
23382,2.4621339
23383,2.4626959
23384,2.4626959
23385,2.4632892
23386,2.4637307
23387,2.4637307
23388,2.4647994
23389,2.4647994
23390,2.4650499
23391,2.4668142
23392,2.468409
23393,2.4685396
23394,2.4696384
23395,2.4709704
23396,2.4709704
23397,2.4712655
23398,2.4717922
23399,2.4728303
23400,2.4728506
23401,2.4737655
23402,2.4738099
23403,2.4741782
23404,2.4748664
23405,2.4752636
23406,2.4755954
23407,2.4761971
23408,2.4763496
23409,2.476858
23410,2.4782055
23411,2.4793869
23412,2.4800048
23413,2.4800048
23414,2.4800048
23415,2.480874
23416,2.4809023
23417,2.4819452
23418,2.4828121
23419,2.4828121
23420,2.4828121
23421,2.483604
23422,2.4837482
23423,2.484533
23424,2.484533
23425,2.484533
23426,2.4858301
23427,2.4858301
23428,2.4858301
23429,2.4858301
23430,2.4858301
23431,2.4861926
23432,2.4861926
23433,2.4861926
23434,2.4868289
23435,2.4871323
23436,2.4871323
23437,2.4871323
23438,2.4874805
23439,2.4874805
23440,2.4874805
23441,2.4874805
23442,2.4881042
23443,2.4881042
23444,2.4887021
23445,2.4896914
23446,2.4909722
23447,2.4923424
23448,2.4923424
23449,2.4930365
23450,2.4934603
23451,2.4934603
23452,2.4946029
23453,2.4956714
23454,2.4956714
23455,2.49668
23456,2.4967608
23457,2.4969412
23458,2.4974282
23459,2.4979162
23460,2.4985565
23461,2.4985565
23462,2.4993426
23463,2.4998404
23464,2.4998404
23465,2.4998404
23466,2.5006675
23467,2.5006675
23468,2.5008031
23469,2.5013711
23470,2.5020671
23471,2.5033549
23472,2.5039019
23473,2.5040822
23474,2.5040822
23475,2.5048011
23476,2.5054549
23477,2.5065084
23478,2.5077538
23479,2.5077638
23480,2.5077638
23481,2.5077638
23482,2.5077638
23483,2.5079814
23484,2.5079814
23485,2.5085999
23486,2.5092686
23487,2.5097941
23488,2.5098293
23489,2.5108198
23490,2.5112728
23491,2.5114213
23492,2.5123658
23493,2.5123658
23494,2.5127304
23495,2.5144721
23496,2.5145918
23497,2.5145918
23498,2.5151959
23499,2.5152779
23500,2.5152779
23501,2.5153029
23502,2.5153029
23503,2.5167234
23504,2.5167234
23505,2.5174871
23506,2.5182629
23507,2.5182629
23508,2.5193007
23509,2.5193007
23510,2.5193007
23511,2.5204096
23512,2.5212244
23513,2.5217966
23514,2.5217966
23515,2.5217966
23516,2.5217966
23517,2.5225421
23518,2.5245011
23519,2.5251042
23520,2.5253774
23521,2.5253774
23522,2.5262771
23523,2.5276067
23524,2.5276397
23525,2.5282543
23526,2.5285894
23527,2.5286924
23528,2.5288636
23529,2.5290747
23530,2.5290747
23531,2.5290747
23532,2.5295577
23533,2.5295577
23534,2.5314379
23535,2.5318792
23536,2.5330043
23537,2.5336095
23538,2.5336095
23539,2.5339246
23540,2.5343387
23541,2.5343387
23542,2.5344371
23543,2.5344371
23544,2.5352557
23545,2.5361178
23546,2.5361178
23547,2.5361398
23548,2.5372049
23549,2.5372049
23550,2.5381707
23551,2.5381707
23552,2.5388709
23553,2.5390221
23554,2.5393892
23555,2.5404517
23556,2.5404517
23557,2.5404831
23558,2.5404831
23559,2.5413667
23560,2.5417348
23561,2.542231
23562,2.5438913
23563,2.5451045
23564,2.5451045
23565,2.5452511
23566,2.5452511
23567,2.5453717
23568,2.5458277
23569,2.5468173
23570,2.5474829
23571,2.5477182
23572,2.5480259
23573,2.5484021
23574,2.5486658
23575,2.549328
23576,2.5493468
23577,2.5497933
23578,2.5502759
23579,2.5506933
23580,2.5506933
23581,2.5508977
23582,2.5516272
23583,2.5516272
23584,2.5520664
23585,2.5521976
23586,2.5521976
23587,2.5525274
23588,2.5525274
23589,2.5526176
23590,2.5533422
23591,2.5551575
23592,2.5556868
23593,2.5560424
23594,2.5567574
23595,2.5572798
23596,2.557845
23597,2.5595004
23598,2.5609477
23599,2.561871
23600,2.5620154
23601,2.5630448
23602,2.5637823
23603,2.5643801
23604,2.5660717
23605,2.5673871
23606,2.5680839
23607,2.5694452
23608,2.5695995
23609,2.5715463
23610,2.571645
23611,2.572226
23612,2.5726956
23613,2.572941
23614,2.572941
23615,2.572941
23616,2.5730138
23617,2.5740506
23618,2.5755462
23619,2.5756729
23620,2.5756729
23621,2.5756729
23622,2.5756729
23623,2.5756729
23624,2.5772863
23625,2.5773478
23626,2.5786952
23627,2.5793605
23628,2.5799298
23629,2.5813709
23630,2.5819271
23631,2.5821933
23632,2.5831449
23633,2.5836599
23634,2.5836599
23635,2.5841546
23636,2.5854628
23637,2.5859842
23638,2.5872791
23639,2.5873505
23640,2.5877595
23641,2.5878512
23642,2.5894479
23643,2.5914043
23644,2.5918264
23645,2.5926134
23646,2.5935082
23647,2.5946333
23648,2.5958274
23649,2.5969035
23650,2.5982783
23651,2.5986577
23652,2.5990435
23653,2.6003691
23654,2.6022015
23655,2.6032257
23656,2.6052229
23657,2.6052246
23658,2.605759
23659,2.6058259
23660,2.6067426
23661,2.6067807
23662,2.6070889
23663,2.6083557
23664,2.6096444
23665,2.6110557
23666,2.611588
23667,2.6129575
23668,2.6129575
23669,2.6129575
23670,2.6140802
23671,2.6140802
23672,2.6140802
23673,2.6151843
23674,2.6164091
23675,2.6171102
23676,2.61892
23677,2.6200236
23678,2.62015
23679,2.62015
23680,2.6212405
23681,2.6230004
23682,2.6238675
23683,2.6244434
23684,2.6256029
23685,2.6271338
23686,2.6272507
23687,2.6272974
23688,2.6277499
23689,2.6288175
23690,2.6294311
23691,2.6299354
23692,2.6299438
23693,2.6312884
23694,2.6312884
23695,2.6312884
23696,2.6312884
23697,2.6326987
23698,2.6335375
23699,2.6345236
23700,2.6345236
23701,2.6348582
23702,2.6348582
23703,2.6348932
23704,2.6353321
23705,2.6353321
23706,2.6365563
23707,2.636991
23708,2.6371961
23709,2.6376292
23710,2.6384821
23711,2.6388108
23712,2.6389842
23713,2.6389985
23714,2.6400563
23715,2.6403887
23716,2.6404509
23717,2.6409358
23718,2.6418933
23719,2.6430522
23720,2.6442944
23721,2.6446278
23722,2.6446278
23723,2.6450369
23724,2.6455787
23725,2.6455787
23726,2.645777
23727,2.645777
23728,2.6460817
23729,2.6461346
23730,2.6466512
23731,2.6471241
23732,2.6475387
23733,2.6475387
23734,2.6475387
23735,2.6477789
23736,2.6485469
23737,2.6485469
23738,2.6487901
23739,2.6497603
23740,2.6499771
23741,2.6503899
23742,2.6517058
23743,2.6517058
23744,2.6517058
23745,2.6517058
23746,2.6517058
23747,2.6517058
23748,2.6517058
23749,2.6525013
23750,2.6533196
23751,2.6533196
23752,2.6537876
23753,2.6537876
23754,2.6545441
23755,2.6545441
23756,2.6545441
23757,2.6547891
23758,2.6557624
23759,2.6557624
23760,2.6557624
23761,2.6557624
23762,2.6557624
23763,2.6558506
23764,2.6577953
23765,2.6585819
23766,2.6592862
23767,2.6592862
23768,2.6602129
23769,2.6602129
23770,2.6602129
23771,2.6610935
23772,2.6610935
23773,2.6614054
23774,2.6619428
23775,2.6619428
23776,2.6619428
23777,2.6632153
23778,2.6632153
23779,2.6635866
23780,2.6651841
23781,2.6651841
23782,2.6659325
23783,2.666235
23784,2.6667634
23785,2.6681227
23786,2.6681227
23787,2.6681575
23788,2.6681889
23789,2.6688519
23790,2.6688519
23791,2.6696013
23792,2.6696013
23793,2.66985
23794,2.6698586
23795,2.6703879
23796,2.6703879
23797,2.6705098
23798,2.6721193
23799,2.6729699
23800,2.6729699
23801,2.6729699
23802,2.6731456
23803,2.6736077
23804,2.6740972
23805,2.6740972
23806,2.6748812
23807,2.6770566
23808,2.6770566
23809,2.6770566
23810,2.6770566
23811,2.6782073
23812,2.6794325
23813,2.6797519
23814,2.6797519
23815,2.6799351
23816,2.680418
23817,2.6808843
23818,2.6813956
23819,2.6813956
23820,2.681696
23821,2.6818751
23822,2.6832235
23823,2.6832235
23824,2.683975
23825,2.684206
23826,2.6843804
23827,2.6843804
23828,2.6853332
23829,2.6869482
23830,2.6869482
23831,2.6879645
23832,2.6889535
23833,2.6889535
23834,2.6899142
23835,2.69027
23836,2.69027
23837,2.69027
23838,2.69027
23839,2.69027
23840,2.6907253
23841,2.6919274
23842,2.6919309
23843,2.6924125
23844,2.6924125
23845,2.6927792
23846,2.6927792
23847,2.6928835
23848,2.6940909
23849,2.6942534
23850,2.6946951
23851,2.6946951
23852,2.6946951
23853,2.6946951
23854,2.6953317
23855,2.6953317
23856,2.6958047
23857,2.6966967
23858,2.696997
23859,2.6979739
23860,2.6984929
23861,2.6985001
23862,2.6989721
23863,2.69944
23864,2.69944
23865,2.699872
23866,2.7005101
23867,2.7012444
23868,2.7019851
23869,2.7021059
23870,2.7022494
23871,2.7033768
23872,2.7033768
23873,2.7035147
23874,2.7044743
23875,2.7047117
23876,2.7049178
23877,2.7049178
23878,2.7060048
23879,2.7062174
23880,2.7062174
23881,2.7068791
23882,2.7068791
23883,2.7068791
23884,2.7073259
23885,2.707886
23886,2.7081319
23887,2.7082639
23888,2.7096059
23889,2.7096059
23890,2.7108848
23891,2.7112258
23892,2.7127076
23893,2.7130906
23894,2.7145543
23895,2.7152124
23896,2.7152124
23897,2.7152124
23898,2.7152124
23899,2.7165087
23900,2.717363
23901,2.717363
23902,2.7177645
23903,2.7177645
23904,2.7183605
23905,2.7186297
23906,2.7186297
23907,2.7187844
23908,2.7191923
23909,2.7196523
23910,2.7201627
23911,2.7205043
23912,2.7205043
23913,2.720751
23914,2.720751
23915,2.720751
23916,2.7213778
23917,2.7215857
23918,2.7228578
23919,2.7228578
23920,2.7230466
23921,2.7233029
23922,2.7246341
23923,2.7246341
23924,2.7246341
23925,2.7246341
23926,2.7248906
23927,2.725107
23928,2.725107
23929,2.7254892
23930,2.7255994
23931,2.7255994
23932,2.7255994
23933,2.7261171
23934,2.7264577
23935,2.7284942
23936,2.7288154
23937,2.7306198
23938,2.7306198
23939,2.7309878
23940,2.7319576
23941,2.7332684
23942,2.7332973
23943,2.7339874
23944,2.7339874
23945,2.7343816
23946,2.7343816
23947,2.7343816
23948,2.7349636
23949,2.7353847
23950,2.7353847
23951,2.7365585
23952,2.7369458
23953,2.7370671
23954,2.7375159
23955,2.7377112
23956,2.7377112
23957,2.7385145
23958,2.7385145
23959,2.7388244
23960,2.7388244
23961,2.7389379
23962,2.7407101
23963,2.7418606
23964,2.7430682
23965,2.7430682
23966,2.7433534
23967,2.7433534
23968,2.7451148
23969,2.7456177
23970,2.7457732
23971,2.7463045
23972,2.7463893
23973,2.7474576
23974,2.7481873
23975,2.7489424
23976,2.7492023
23977,2.7495099
23978,2.7497737
23979,2.751681
23980,2.7521787
23981,2.7524613
23982,2.7531652
23983,2.7534702
23984,2.7534702
23985,2.7534702
23986,2.7550172
23987,2.7550172
23988,2.7551462
23989,2.7554649
23990,2.7564279
23991,2.7575084
23992,2.758664
23993,2.758808
23994,2.758808
23995,2.758808
23996,2.7596754
23997,2.7602103
23998,2.7602103
23999,2.7603227
24000,2.7603227
24001,2.7606234
24002,2.7609219
24003,2.7609715
24004,2.7610865
24005,2.762026
24006,2.7631318
24007,2.7635846
24008,2.7644825
24009,2.7648033
24010,2.7649933
24011,2.7651242
24012,2.7651242
24013,2.765552
24014,2.765552
24015,2.7660912
24016,2.7664699
24017,2.7670357
24018,2.7673445
24019,2.7697973
24020,2.7705613
24021,2.7705613
24022,2.7705613
24023,2.7717519
24024,2.7717519
24025,2.7722241
24026,2.7722435
24027,2.772957
24028,2.7732374
24029,2.7732374
24030,2.7742717
24031,2.7743804
24032,2.7751008
24033,2.7751008
24034,2.7751008
24035,2.7756049
24036,2.7759711
24037,2.776683
24038,2.7766888
24039,2.7766888
24040,2.7769538
24041,2.7788891
24042,2.7788891
24043,2.7788891
24044,2.7790111
24045,2.7790111
24046,2.7790111
24047,2.7793674
24048,2.7797452
24049,2.7807277
24050,2.78172
24051,2.78172
24052,2.78172
24053,2.78172
24054,2.78172
24055,2.78172
24056,2.7825808
24057,2.7833207
24058,2.7835477
24059,2.7835477
24060,2.7840915
24061,2.7840915
24062,2.7848232
24063,2.7856307
24064,2.7865338
24065,2.7868434
24066,2.7873411
24067,2.7878781
24068,2.7878781
24069,2.7884199
24070,2.7904691
24071,2.7907468
24072,2.7907468
24073,2.7907468
24074,2.7907468
24075,2.7907468
24076,2.7907468
24077,2.7912385
24078,2.791419
24079,2.791419
24080,2.791419
24081,2.7914914
24082,2.7920215
24083,2.7926795
24084,2.7939772
24085,2.7945211
24086,2.7945211
24087,2.7946119
24088,2.7946119
24089,2.7949514
24090,2.7949514
24091,2.7954223
24092,2.7958841
24093,2.7960992
24094,2.7980044
24095,2.7990372
24096,2.799396
24097,2.799396
24098,2.799396
24099,2.7997568
24100,2.8005905
24101,2.8012674
24102,2.8016854
24103,2.8016929
24104,2.8021906
24105,2.8021917
24106,2.8024072
24107,2.8024072
24108,2.802655
24109,2.8035537
24110,2.8048696
24111,2.8053981
24112,2.805685
24113,2.8057397
24114,2.8057397
24115,2.8068177
24116,2.8072624
24117,2.8089494
24118,2.8096988
24119,2.8100553
24120,2.8109772
24121,2.8116796
24122,2.8132618
24123,2.8139881
24124,2.8144645
24125,2.8147268
24126,2.8159123
24127,2.8163761
24128,2.8174723
24129,2.8179308
24130,2.8193352
24131,2.8199196
24132,2.8215167
24133,2.8215877
24134,2.8217903
24135,2.8217903
24136,2.8224786
24137,2.8227142
24138,2.8239193
24139,2.8240408
24140,2.8248309
24141,2.8248309
24142,2.8252097
24143,2.8254613
24144,2.8259546
24145,2.827303
24146,2.8275307
24147,2.8279495
24148,2.8291737
24149,2.8293699
24150,2.8294342
24151,2.8294636
24152,2.8301944
24153,2.8301944
24154,2.8310064
24155,2.8316095
24156,2.8318
24157,2.832325
24158,2.8336207
24159,2.8339643
24160,2.8341414
24161,2.8343625
24162,2.8355134
24163,2.8367757
24164,2.8379623
24165,2.83908
24166,2.8404696
24167,2.8413484
24168,2.8428443
24169,2.8428443
24170,2.8441026
24171,2.8441026
24172,2.8442187
24173,2.8444512
24174,2.8444512
24175,2.8444512
24176,2.8444512
24177,2.8450637
24178,2.8450637
24179,2.8453346
24180,2.8458615
24181,2.8463578
24182,2.8463646
24183,2.8463646
24184,2.8473961
24185,2.8476314
24186,2.8479902
24187,2.8479902
24188,2.8481415
24189,2.848312
24190,2.8491348
24191,2.8500771
24192,2.8500771
24193,2.8509323
24194,2.8512517
24195,2.8517425
24196,2.8524412
24197,2.8524412
24198,2.85295
24199,2.853216
24200,2.853216
24201,2.8536497
24202,2.8536896
24203,2.8536896
24204,2.8548133
24205,2.8548133
24206,2.8559683
24207,2.8559683
24208,2.8559683
24209,2.8566857
24210,2.856974
24211,2.8577967
24212,2.8581586
24213,2.8589871
24214,2.860371
24215,2.861358
24216,2.8617418
24217,2.8624488
24218,2.8624488
24219,2.8629225
24220,2.8635108
24221,2.8643828
24222,2.8643828
24223,2.8644106
24224,2.8655658
24225,2.8658235
24226,2.8658235
24227,2.8660194
24228,2.8662917
24229,2.8673913
24230,2.8683706
24231,2.8689446
24232,2.8689446
24233,2.8701603
24234,2.8710634
24235,2.8710634
24236,2.8710634
24237,2.8722399
24238,2.8725308
24239,2.8725308
24240,2.8725308
24241,2.8735181
24242,2.8751505
24243,2.8751505
24244,2.8761452
24245,2.8763765
24246,2.8764373
24247,2.8767426
24248,2.8773097
24249,2.8773097
24250,2.8773097
24251,2.8779048
24252,2.8782802
24253,2.8782802
24254,2.8788749
24255,2.879498
24256,2.8797382
24257,2.8808747
24258,2.881944
24259,2.8821568
24260,2.8838109
24261,2.8838109
24262,2.8838592
24263,2.884237
24264,2.884237
24265,2.8849705
24266,2.885644
24267,2.885644
24268,2.8857263
24269,2.8861316
24270,2.8861316
24271,2.8861316
24272,2.8861316
24273,2.8861316
24274,2.887269
24275,2.8876495
24276,2.8877008
24277,2.8883643
24278,2.8883643
24279,2.8888696
24280,2.8888696
24281,2.889445
24282,2.889445
24283,2.889445
24284,2.889661
24285,2.889973
24286,2.889973
24287,2.889973
24288,2.8900199
24289,2.8900199
24290,2.8900199
24291,2.8907241
24292,2.8907241
24293,2.8907241
24294,2.8907241
24295,2.8907241
24296,2.8907241
24297,2.8908212
24298,2.8908212
24299,2.8908212
24300,2.8908582
24301,2.8913155
24302,2.8921572
24303,2.8923791
24304,2.8925111
24305,2.8928702
24306,2.8930214
24307,2.8933854
24308,2.8933854
24309,2.8933854
24310,2.8933854
24311,2.8933854
24312,2.8933854
24313,2.8942178
24314,2.8942178
24315,2.8946615
24316,2.8957553
24317,2.8957553
24318,2.8958034
24319,2.8959822
24320,2.8961597
24321,2.8961597
24322,2.8970021
24323,2.8972849
24324,2.8972849
24325,2.8972849
24326,2.8978504
24327,2.8987814
24328,2.8987814
24329,2.8995817
24330,2.8995817
24331,2.9000578
24332,2.9000582
24333,2.9004741
24334,2.9006505
24335,2.9006739
24336,2.9006739
24337,2.9012262
24338,2.9018174
24339,2.9018174
24340,2.9018174
24341,2.9020046
24342,2.9022598
24343,2.9022598
24344,2.9022889
24345,2.9027352
24346,2.9027352
24347,2.9027352
24348,2.9032044
24349,2.9032044
24350,2.9039693
24351,2.9042794
24352,2.9042794
24353,2.9042794
24354,2.9042794
24355,2.9046187
24356,2.9046187
24357,2.9046187
24358,2.9047695
24359,2.9055357
24360,2.9057143
24361,2.9062466
24362,2.9062466
24363,2.9062466
24364,2.9062466
24365,2.9065058
24366,2.9065058
24367,2.9065058
24368,2.9065058
24369,2.9065058
24370,2.9065058
24371,2.9065058
24372,2.9065058
24373,2.9065058
24374,2.9070062
24375,2.9070062
24376,2.9070062
24377,2.9070062
24378,2.9070062
24379,2.907133
24380,2.907133
24381,2.9080109
24382,2.9080109
24383,2.9080258
24384,2.9084504
24385,2.9084504
24386,2.9084504
24387,2.9084504
24388,2.9090403
24389,2.9091079
24390,2.9091455
24391,2.9098115
24392,2.9098115
24393,2.9098115
24394,2.9098115
24395,2.9098115
24396,2.9098115
24397,2.9098115
24398,2.9100217
24399,2.9103882
24400,2.91045
24401,2.91045
24402,2.91045
24403,2.9107437
24404,2.9112673
24405,2.9112673
24406,2.9112673
24407,2.9112673
24408,2.9112673
24409,2.9113022
24410,2.9113022
24411,2.9113022
24412,2.9122513
24413,2.9128904
24414,2.9133402
24415,2.9133402
24416,2.9133402
24417,2.9133402
24418,2.9133402
24419,2.9133402
24420,2.9138892
24421,2.9138892
24422,2.9145029
24423,2.9148015
24424,2.9148015
24425,2.9148015
24426,2.9148015
24427,2.9148015
24428,2.9151719
24429,2.9158183
24430,2.9158183
24431,2.9158183
24432,2.9158183
24433,2.916686
24434,2.9169566
24435,2.9169566
24436,2.9169566
24437,2.9171796
24438,2.917862
24439,2.9181038
24440,2.9181038
24441,2.9181038
24442,2.9181038
24443,2.9181038
24444,2.9181038
24445,2.9181038
24446,2.9185208
24447,2.9189848
24448,2.9189848
24449,2.9191064
24450,2.9191064
24451,2.9191331
24452,2.9201274
24453,2.920169
24454,2.920169
24455,2.920169
24456,2.920169
24457,2.920169
24458,2.920169
24459,2.9209896
24460,2.9209896
24461,2.9219733
24462,2.9219969
24463,2.9219969
24464,2.9221714
24465,2.922383
24466,2.9229441
24467,2.9229441
24468,2.9229441
24469,2.9229441
24470,2.9229441
24471,2.9230733
24472,2.9230733
24473,2.9230733
24474,2.9234072
24475,2.9234072
24476,2.9244452
24477,2.9244452
24478,2.9248411
24479,2.9250866
24480,2.9250866
24481,2.9254671
24482,2.9254671
24483,2.9254671
24484,2.9254671
24485,2.926189
24486,2.926189
24487,2.9268092
24488,2.9268092
24489,2.9268092
24490,2.9268092
24491,2.9272283
24492,2.9272782
24493,2.9272782
24494,2.9272782
24495,2.9272782
24496,2.9276804
24497,2.9281094
24498,2.9283556
24499,2.9283556
24500,2.9283556
24501,2.9283792
24502,2.9286053
24503,2.9286053
24504,2.9286053
24505,2.9286053
24506,2.9286053
24507,2.9290094
24508,2.9290094
24509,2.9290333
24510,2.9292929
24511,2.9292929
24512,2.9295821
24513,2.9300018
24514,2.9300018
24515,2.9300018
24516,2.9300804
24517,2.9300804
24518,2.9306039
24519,2.9313534
24520,2.9313534
24521,2.9313534
24522,2.9314888
24523,2.9314888
24524,2.9314888
24525,2.9314888
24526,2.9314888
24527,2.9314888
24528,2.9318903
24529,2.9318903
24530,2.9318903
24531,2.9321314
24532,2.9321314
24533,2.9321314
24534,2.9321314
24535,2.9321314
24536,2.9321314
24537,2.9321314
24538,2.932537
24539,2.932537
24540,2.932665
24541,2.932665
24542,2.9329098
24543,2.9329098
24544,2.9329098
24545,2.9329098
24546,2.9333576
24547,2.9333576
24548,2.9334454
24549,2.9334454
24550,2.9336247
24551,2.9340622
24552,2.9346762
24553,2.9348089
24554,2.935289
24555,2.935289
24556,2.9353476
24557,2.935367
24558,2.935367
24559,2.935367
24560,2.935367
24561,2.935367
24562,2.935367
24563,2.935367
24564,2.935367
24565,2.9355346
24566,2.9355346
24567,2.9355346
24568,2.9355346
24569,2.9355346
24570,2.9355346
24571,2.9355346
24572,2.9355346
24573,2.9355346
24574,2.9355346
24575,2.9355346
24576,2.9355346
24577,2.9355346
24578,2.9355346
24579,2.9355346
24580,2.9355346
24581,2.9355346
24582,2.9355346
24583,2.9355346
24584,2.9355346
24585,2.9355346
24586,2.9355346
24587,2.9355346
24588,2.9355346
24589,2.9355346
24590,2.9355346
24591,2.9355346
24592,2.9355346
24593,2.9355346
24594,2.9355346
24595,2.9355346
24596,2.9355346
24597,2.9356322
24598,2.9356322
24599,2.9356322
24600,2.9358999
24601,2.9358999
24602,2.9358999
24603,2.9358999
24604,2.9358999
24605,2.9358999
24606,2.9358999
24607,2.9358999
24608,2.9358999
24609,2.9358999
24610,2.9358999
24611,2.9358999
24612,2.9358999
24613,2.9358999
24614,2.9358999
24615,2.9360793
24616,2.9360793
24617,2.9360793
24618,2.9360793
24619,2.9360793
24620,2.9360793
24621,2.9360793
24622,2.9360793
24623,2.9360793
24624,2.9360793
24625,2.9360793
24626,2.9360793
24627,2.9360793
24628,2.9360793
24629,2.9360793
24630,2.9360793
24631,2.9360793
24632,2.9360793
24633,2.9360793
24634,2.9360793
24635,2.9360793
24636,2.9360793
24637,2.9360793
24638,2.9360793
24639,2.9360793
24640,2.9360793
24641,2.9360793
24642,2.9360793
24643,2.9360793
24644,2.9360793
24645,2.9360793
24646,2.9360793
24647,2.9360793
24648,2.9360793
24649,2.9360793
24650,2.9360793
24651,2.9360793
24652,2.9360793
24653,2.9360793
24654,2.9360793
24655,2.9360793
24656,2.9360793
24657,2.9360793
24658,2.9360793
24659,2.9360793
24660,2.9360793
24661,2.9360793
24662,2.9360793
24663,2.9360793
24664,2.9360793
24665,2.9360793
24666,2.9360793
24667,2.9360793
24668,2.9360793
24669,2.9360793
24670,2.9360793
24671,2.9360793
24672,2.9360793
24673,2.9360793
24674,2.9360793
24675,2.9360793
24676,2.9360793
24677,2.9360793
24678,2.9360793
24679,2.9360793
24680,2.9360793
24681,2.9360793
24682,2.9360793
24683,2.9360793
24684,2.9360793
24685,2.9360793
24686,2.9360809
24687,2.9360809
24688,2.9360809
24689,2.9360809
24690,2.9360809
24691,2.9360809
24692,2.9360809
24693,2.9360809
24694,2.9360809
24695,2.9360809
24696,2.9360809
24697,2.9360809
24698,2.9360809
24699,2.9360809
24700,2.9360809
24701,2.9360809
24702,2.9360809
24703,2.9360809
24704,2.9360809
24705,2.9360809
24706,2.9360809
24707,2.9360809
24708,2.9360809
24709,2.9360809
24710,2.9360809
24711,2.9360809
24712,2.9360809
24713,2.9366343
24714,2.9366343
24715,2.9366343
24716,2.9370281
24717,2.9370281
24718,2.937071
24719,2.937071
24720,2.937071
24721,2.937071
24722,2.937071
24723,2.937071
24724,2.937071
24725,2.937071
24726,2.9372313
24727,2.9372313
24728,2.9372313
24729,2.9372313
24730,2.9377882
24731,2.9377882
24732,2.9377882
24733,2.9377882
24734,2.9380335
24735,2.9380335
24736,2.93818
24737,2.9389675
24738,2.9389675
24739,2.9389675
24740,2.939409
24741,2.939409
24742,2.939409
24743,2.9394912
24744,2.9394912
24745,2.9398545
24746,2.9401632
24747,2.9401811
24748,2.9404486
24749,2.9404486
24750,2.9404486
24751,2.9404486
24752,2.9409078
24753,2.9409078
24754,2.9412052
24755,2.9412052
24756,2.9412052
24757,2.9416392
24758,2.9428715
24759,2.9431248
24760,2.9433783
24761,2.9435708
24762,2.9435708
24763,2.9438492
24764,2.9438492
24765,2.9441202
24766,2.9441202
24767,2.9441202
24768,2.9448454
24769,2.9448454
24770,2.9448454
24771,2.9448454
24772,2.9448454
24773,2.9448454
24774,2.9448454
24775,2.9448454
24776,2.9448454
24777,2.9448454
24778,2.9460567
24779,2.9465646
24780,2.9465646
24781,2.9468678
24782,2.9476145
24783,2.9477529
24784,2.9477529
24785,2.9477529
24786,2.9477529
24787,2.9477529
24788,2.9477529
24789,2.9477529
24790,2.9477529
24791,2.9478379
24792,2.9480252
24793,2.9488428
24794,2.9488428
24795,2.9493731
24796,2.9493731
24797,2.9493731
24798,2.9493731
24799,2.9498349
24800,2.9498349
24801,2.9502218
24802,2.9502218
24803,2.9502285
24804,2.9502285
24805,2.9502285
24806,2.9506397
24807,2.9506397
24808,2.9508531
24809,2.9508531
24810,2.9508531
24811,2.9508531
24812,2.9508531
24813,2.9508531
24814,2.9508531
24815,2.9510838
24816,2.9510838
24817,2.9510838
24818,2.9520709
24819,2.9525081
24820,2.9525081
24821,2.9526356
24822,2.9530133
24823,2.9530133
24824,2.9530133
24825,2.9531155
24826,2.9535183
24827,2.9540111
24828,2.9540111
24829,2.9540111
24830,2.9540111
24831,2.9540111
24832,2.9552482
24833,2.9561985
24834,2.9564112
24835,2.9564112
24836,2.9564112
24837,2.9564112
24838,2.9566549
24839,2.9568643
24840,2.9568643
24841,2.9571275
24842,2.9571275
24843,2.9573483
24844,2.957604
24845,2.957741
24846,2.957741
24847,2.957741
24848,2.957741
24849,2.957741
24850,2.958063
24851,2.958063
24852,2.958063
24853,2.958063
24854,2.958063
24855,2.9581347
24856,2.9581347
24857,2.9581442
24858,2.9581442
24859,2.9581442
24860,2.9581442
24861,2.9582799
24862,2.9582799
24863,2.9582799
24864,2.9585424
24865,2.9585424
24866,2.9585424
24867,2.9585424
24868,2.9585424
24869,2.9585424
24870,2.9585424
24871,2.9585424
24872,2.958717
24873,2.9594802
24874,2.9594802
24875,2.9594802
24876,2.9594802
24877,2.9594802
24878,2.9594802
24879,2.9594802
24880,2.9594802
24881,2.9594802
24882,2.9594802
24883,2.9594802
24884,2.9594802
24885,2.9594802
24886,2.9594802
24887,2.9594802
24888,2.9597377
24889,2.9597893
24890,2.9597893
24891,2.9597893
24892,2.9601469
24893,2.9601469
24894,2.9601469
24895,2.9601469
24896,2.9601469
24897,2.9601469
24898,2.9601469
24899,2.9601469
24900,2.9601469
24901,2.9601469
24902,2.9601469
24903,2.9601469
24904,2.9601469
24905,2.9601469
24906,2.9605356
24907,2.9605356
24908,2.9605356
24909,2.9605356
24910,2.9605356
24911,2.9605356
24912,2.9605356
24913,2.9605356
24914,2.9605356
24915,2.9605356
24916,2.9605356
24917,2.9605356
24918,2.9605356
24919,2.9605356
24920,2.9605356
24921,2.9605356
24922,2.9605356
24923,2.9605356
24924,2.9605356
24925,2.9605356
24926,2.9605356
24927,2.9605356
24928,2.9605356
24929,2.9605356
24930,2.9605356
24931,2.9605356
24932,2.9605356
24933,2.9605356
24934,2.9605356
24935,2.9605356
24936,2.9605356
24937,2.960965
24938,2.960965
24939,2.960965
24940,2.9616758
24941,2.9616758
24942,2.9616758
24943,2.9616758
24944,2.9616758
24945,2.9616758
24946,2.9616758
24947,2.9616758
24948,2.9616758
24949,2.9616758
24950,2.9616758
24951,2.9616758
24952,2.9616758
24953,2.9619308
24954,2.9619308
24955,2.9623655
24956,2.9623655
24957,2.9623655
24958,2.9623655
24959,2.9623655
24960,2.9623655
24961,2.9623655
24962,2.9623655
24963,2.9623655
24964,2.9623655
24965,2.9623655
24966,2.9623655
24967,2.9623655
24968,2.9623655
24969,2.9623655
24970,2.9623655
24971,2.9623655
24972,2.9623655
24973,2.9623655
24974,2.9623655
24975,2.9623655
24976,2.9623655
24977,2.962373
24978,2.962373
24979,2.962373
24980,2.962373
24981,2.962373
24982,2.962373
24983,2.962373
24984,2.962373
24985,2.962373
24986,2.962373
24987,2.962373
24988,2.962373
24989,2.9630825
24990,2.9630825
24991,2.9635297
24992,2.9635297
24993,2.9635297
24994,2.9635297
24995,2.9635297
24996,2.9635297
24997,2.963734
24998,2.963734
24999,2.963734
25000,2.963734
25001,2.963734
25002,2.963734
25003,2.963734
25004,2.963734
25005,2.963734
25006,2.963734
25007,2.963734
25008,2.963734
25009,2.963734
25010,2.963734
25011,2.963734
25012,2.9638441
25013,2.9638441
25014,2.9638441
25015,2.9638441
25016,2.9638441
25017,2.9638441
25018,2.9638441
25019,2.9645181
25020,2.9650368
25021,2.9656587
25022,2.9656587
25023,2.9656587
25024,2.9656587
25025,2.9656587
25026,2.9656587
25027,2.9656587
25028,2.9658768
25029,2.9658768
25030,2.9661889
25031,2.9661889
25032,2.9665692
25033,2.9665692
25034,2.9665692
25035,2.9665705
25036,2.9665705
25037,2.9665705
25038,2.9665705
25039,2.9666503
25040,2.9667941
25041,2.9667941
25042,2.9667941
25043,2.9667941
25044,2.9667941
25045,2.9667941
25046,2.9667941
25047,2.9670748
25048,2.9670748
25049,2.9670748
25050,2.9670748
25051,2.9670748
25052,2.9670748
25053,2.9670748
25054,2.9670748
25055,2.9670748
25056,2.9670748
25057,2.9670748
25058,2.9670748
25059,2.9670748
25060,2.9670748
25061,2.9670748
25062,2.9670914
25063,2.9670914
25064,2.9670914
25065,2.9670914
25066,2.9670914
25067,2.9670914
25068,2.9670914
25069,2.9672408
25070,2.9674561
25071,2.9674561
25072,2.9674561
25073,2.9674561
25074,2.9674561
25075,2.9674561
25076,2.9674561
25077,2.9676993
25078,2.9676993
25079,2.9676993
25080,2.9676993
25081,2.9676993
25082,2.9676993
25083,2.9676993
25084,2.968499
25085,2.968499
25086,2.968499
25087,2.968499
25088,2.968499
25089,2.968499
25090,2.968499
25091,2.968499
25092,2.9685567
25093,2.9685567
25094,2.9685567
25095,2.9685567
25096,2.9685567
25097,2.9685567
25098,2.9685567
25099,2.9692336
25100,2.9692336
25101,2.9697531
25102,2.9698591
25103,2.9699737
25104,2.9699737
25105,2.9712477
25106,2.9712477
25107,2.9712477
25108,2.9712477
25109,2.9712477
25110,2.9712477
25111,2.9712477
25112,2.9712477
25113,2.9712477
25114,2.9713144
25115,2.9713144
25116,2.9713144
25117,2.9713144
25118,2.9713144
25119,2.9713144
25120,2.9713144
25121,2.9713144
25122,2.9713144
25123,2.9713144
25124,2.9722002
25125,2.9722002
25126,2.9727073
25127,2.9727073
25128,2.9727073
25129,2.9728226
25130,2.9728226
25131,2.9728226
25132,2.9728226
25133,2.9728226
25134,2.9728226
25135,2.9728226
25136,2.9728226
25137,2.9728226
25138,2.9728226
25139,2.9728226
25140,2.9728226
25141,2.9728226
25142,2.9728226
25143,2.9728226
25144,2.9728616
25145,2.9728616
25146,2.9730784
25147,2.9730784
25148,2.9730784
25149,2.9731821
25150,2.9732141
25151,2.9732141
25152,2.9732141
25153,2.9732141
25154,2.9732141
25155,2.9732141
25156,2.9732141
25157,2.9732141
25158,2.9735897
25159,2.9735897
25160,2.9736403
25161,2.9739909
25162,2.9739909
25163,2.9739909
25164,2.9739909
25165,2.9739909
25166,2.9739909
25167,2.9739909
25168,2.9739909
25169,2.9740316
25170,2.9740316
25171,2.9743004
25172,2.9743004
25173,2.9743004
25174,2.9743004
25175,2.9743004
25176,2.9743004
25177,2.9743004
25178,2.9743004
25179,2.9743004
25180,2.9743004
25181,2.9743004
25182,2.9743004
25183,2.9743004
25184,2.9745146
25185,2.9745146
25186,2.9746559
25187,2.9746559
25188,2.9746559
25189,2.9750311
25190,2.9750311
25191,2.9750573
25192,2.9761273
25193,2.9761273
25194,2.9770722
25195,2.9770722
25196,2.9779502
25197,2.9784181
25198,2.9784181
25199,2.9791455
25200,2.9791455
25201,2.9791455
25202,2.9795596
25203,2.979601
25204,2.9797829
25205,2.9809155
25206,2.9809155
25207,2.9809155
25208,2.9809155
25209,2.9820146
25210,2.9820146
25211,2.9825908
25212,2.9827187
25213,2.9830646
25214,2.9830646
25215,2.9831288
25216,2.9831288
25217,2.9831288
25218,2.9831288
25219,2.9831288
25220,2.984005
25221,2.9842469
25222,2.9842469
25223,2.9843566
25224,2.9852317
25225,2.9857267
25226,2.9857267
25227,2.9857267
25228,2.9857267
25229,2.9857267
25230,2.9857267
25231,2.9857267
25232,2.9857267
25233,2.9857267
25234,2.9862007
25235,2.9862007
25236,2.9862007
25237,2.9866363
25238,2.9866556
25239,2.9866556
25240,2.9866556
25241,2.9866556
25242,2.9866556
25243,2.9866556
25244,2.9866556
25245,2.9866556
25246,2.9868144
25247,2.9870049
25248,2.9877039
25249,2.9877039
25250,2.9877914
25251,2.9877914
25252,2.9881638
25253,2.9883315
25254,2.9883315
25255,2.9883315
25256,2.9884458
25257,2.9884458
25258,2.9884458
25259,2.9884458
25260,2.9884458
25261,2.9884458
25262,2.9889424
25263,2.9889424
25264,2.9890019
25265,2.9890019
25266,2.9890019
25267,2.9896974
25268,2.9898121
25269,2.9898121
25270,2.9898121
25271,2.9898121
25272,2.9898121
25273,2.9898121
25274,2.9898121
25275,2.9898121
25276,2.9898121
25277,2.9898121
25278,2.9903738
25279,2.9903738
25280,2.9903738
25281,2.9903738
25282,2.9903738
25283,2.9903738
25284,2.9903738
25285,2.9903738
25286,2.9903738
25287,2.9903738
25288,2.9910545
25289,2.9910925
25290,2.9910925
25291,2.9910925
25292,2.9910925
25293,2.9921715
25294,2.9921715
25295,2.9931385
25296,2.9941783
25297,2.9941783
25298,2.9941783
25299,2.9941783
25300,2.9941783
25301,2.9947258
25302,2.9947258
25303,2.9947258
25304,2.9947258
25305,2.9950407
25306,2.9950407
25307,2.9950546
25308,2.9955018
25309,2.9955018
25310,2.9955366
25311,2.9955366
25312,2.9957016
25313,2.9957016
25314,2.9957016
25315,2.9957016
25316,2.9958085
25317,2.9958085
25318,2.9961643
25319,2.9961643
25320,2.9964899
25321,2.9964899
25322,2.9964899
25323,2.9964899
25324,2.996864
25325,2.996864
25326,2.996864
25327,2.9969988
25328,2.9969988
25329,2.9969988
25330,2.9969988
25331,2.9973375
25332,2.9973375
25333,2.9973375
25334,2.997344
25335,2.997344
25336,2.997344
25337,2.9981728
25338,2.9981728
25339,2.9981728
25340,2.9981728
25341,2.9986212
25342,2.9986212
25343,2.9986212
25344,2.9986212
25345,2.9986212
25346,2.9986212
25347,2.9988774
25348,2.9993828
25349,2.9999029
25350,2.9999029
25351,3.0005139
25352,3.0006805
25353,3.0006805
25354,3.0006805
25355,3.0006805
25356,3.0009403
25357,3.0009403
25358,3.0009403
25359,3.0009403
25360,3.00164
25361,3.00164
25362,3.001856
25363,3.001856
25364,3.0019554
25365,3.0019554
25366,3.0019554
25367,3.0024332
25368,3.0024332
25369,3.0024332
25370,3.0024332
25371,3.0024332
25372,3.0024332
25373,3.0024332
25374,3.0032768
25375,3.003616
25376,3.0041261
25377,3.0046433
25378,3.0046433
25379,3.0046433
25380,3.0046433
25381,3.0046433
25382,3.0046433
25383,3.0046433
25384,3.0046433
25385,3.0046433
25386,3.0046433
25387,3.0046433
25388,3.0049346
25389,3.0054112
25390,3.0054112
25391,3.0061576
25392,3.0061576
25393,3.0061688
25394,3.0061688
25395,3.0061688
25396,3.0061688
25397,3.0061688
25398,3.0061688
25399,3.0061688
25400,3.0061688
25401,3.0061688
25402,3.0061688
25403,3.0061688
25404,3.0062489
25405,3.0062489
25406,3.0062489
25407,3.0062489
25408,3.0062489
25409,3.0062489
25410,3.0062489
25411,3.0062489
25412,3.0062489
25413,3.0062489
25414,3.0062489
25415,3.0062489
25416,3.0062489
25417,3.0062489
25418,3.0062489
25419,3.0062489
25420,3.0062489
25421,3.0062489
25422,3.0062489
25423,3.0062489
25424,3.0062489
25425,3.0062489
25426,3.0062489
25427,3.0062489
25428,3.0071873
25429,3.0071873
25430,3.0071873
25431,3.0071873
25432,3.0071873
25433,3.0071873
25434,3.0071873
25435,3.0071873
25436,3.0071873
25437,3.0071873
25438,3.0071873
25439,3.0071873
25440,3.0071873
25441,3.0071873
25442,3.0071873
25443,3.0071873
25444,3.0071873
25445,3.0071873
25446,3.0071873
25447,3.0071873
25448,3.0071873
25449,3.0071873
25450,3.0071873
25451,3.0071873
25452,3.0071873
25453,3.0071873
25454,3.0073078
25455,3.0073078
25456,3.0073078
25457,3.0073078
25458,3.0074639
25459,3.0074639
25460,3.0074639
25461,3.0074639
25462,3.0074639
25463,3.0074639
25464,3.0074639
25465,3.0074639
25466,3.0074639
25467,3.0074639
25468,3.0074639
25469,3.0074639
25470,3.0074639
25471,3.0074639
25472,3.0074639
25473,3.0074639
25474,3.0074639
25475,3.0074639
25476,3.0074639
25477,3.0074639
25478,3.0074639
25479,3.0074639
25480,3.0074639
25481,3.0074639
25482,3.0074639
25483,3.0074639
25484,3.0074639
25485,3.0074639
25486,3.0074639
25487,3.0074639
25488,3.0074639
25489,3.0074639
25490,3.0074639
25491,3.0074639
25492,3.0074639
25493,3.0074639
25494,3.0074639
25495,3.0074639
25496,3.0074639
25497,3.0074639
25498,3.0074639
25499,3.0074639
25500,3.0074639
25501,3.0074639
25502,3.0074639
25503,3.0074639
25504,3.0074639
25505,3.0074639
25506,3.0074639
25507,3.0074639
25508,3.0074639
25509,3.0074639
25510,3.0074639
25511,3.0074639
25512,3.0074639
25513,3.0074639
25514,3.0074639
25515,3.0074639
25516,3.0074639
25517,3.0074639
25518,3.0074639
25519,3.0074639
25520,3.0074639
25521,3.0074639
25522,3.0074639
25523,3.0074639
25524,3.0074639
25525,3.0074639
25526,3.0074639
25527,3.0074639
25528,3.0074639
25529,3.0074639
25530,3.0074639
25531,3.0074639
25532,3.0074639
25533,3.0074639
25534,3.0074639
25535,3.0074639
25536,3.0074639
25537,3.0074639
25538,3.0074639
25539,3.0074639
25540,3.0074639
25541,3.0074639
25542,3.0074639
25543,3.0074639
25544,3.0074639
25545,3.0074639
25546,3.0074639
25547,3.0074639
25548,3.0074639
25549,3.0074639
25550,3.0074639
25551,3.0074639
25552,3.0074639
25553,3.0074639
25554,3.0074639
25555,3.0074639
25556,3.0074639
25557,3.0074639
25558,3.0074639
25559,3.0074639
25560,3.0074639
25561,3.0077193
25562,3.0077193
25563,3.0077193
25564,3.0077193
25565,3.0077193
25566,3.0077193
25567,3.0077193
25568,3.0077193
25569,3.0077193
25570,3.0077193
25571,3.0077193
25572,3.0077193
25573,3.0077193
25574,3.0077193
25575,3.0077193
25576,3.0077193
25577,3.0077722
25578,3.0077722
25579,3.0077722
25580,3.0077722
25581,3.0077722
25582,3.0077722
25583,3.0077722
25584,3.0077722
25585,3.0077722
25586,3.0077722
25587,3.0077722
25588,3.0077722
25589,3.0077722
25590,3.0077722
25591,3.0077722
25592,3.0077722
25593,3.0077722
25594,3.0077722
25595,3.007881
25596,3.007881
25597,3.007881
25598,3.007881
25599,3.007881
25600,3.007881
25601,3.007881
25602,3.007881
25603,3.007881
25604,3.007881
25605,3.007881
25606,3.007881
25607,3.007881
25608,3.007881
25609,3.007881
25610,3.007881
25611,3.007881
25612,3.007881
25613,3.007881
25614,3.007881
25615,3.007881
25616,3.007881
25617,3.007881
25618,3.007881
25619,3.007881
25620,3.007881
25621,3.007881
25622,3.007881
25623,3.007881
25624,3.007881
25625,3.007881
25626,3.007881
25627,3.007881
25628,3.007881
25629,3.0081156
25630,3.0081156
25631,3.0081156
25632,3.0081156
25633,3.0081156
25634,3.0081789
25635,3.0081789
25636,3.0081789
25637,3.0081789
25638,3.0081789
25639,3.0081789
25640,3.0081789
25641,3.0081789
25642,3.0081789
25643,3.0081789
25644,3.0081789
25645,3.0086642
25646,3.0086642
25647,3.0086642
25648,3.0087161
25649,3.0087161
25650,3.0087161
25651,3.0087161
25652,3.0090539
25653,3.0090539
25654,3.0090539
25655,3.0090539
25656,3.0090539
25657,3.0090539
25658,3.0090539
25659,3.0090539
25660,3.0090539
25661,3.0090539
25662,3.0090539
25663,3.0094299
25664,3.0094299
25665,3.0094496
25666,3.0098845
25667,3.0100616
25668,3.0100616
25669,3.0100616
25670,3.0100616
25671,3.0100616
25672,3.0100616
25673,3.0100616
25674,3.0100616
25675,3.0108682
25676,3.0108682
25677,3.0110266
25678,3.0110266
25679,3.0110266
25680,3.0110266
25681,3.0110266
25682,3.0110266
25683,3.0110266
25684,3.0110266
25685,3.0110266
25686,3.011726
25687,3.011726
25688,3.011726
25689,3.011726
25690,3.011726
25691,3.011726
25692,3.011726
25693,3.011726
25694,3.011726
25695,3.011726
25696,3.011726
25697,3.0117571
25698,3.011855
25699,3.011855
25700,3.011855
25701,3.011855
25702,3.011855
25703,3.011855
25704,3.011855
25705,3.011855
25706,3.011855
25707,3.011855
25708,3.0123834
25709,3.0123834
25710,3.0123834
25711,3.0123834
25712,3.0123834
25713,3.0123834
25714,3.0123834
25715,3.0123834
25716,3.0123834
25717,3.0123834
25718,3.0123834
25719,3.0123834
25720,3.0123834
25721,3.0123834
25722,3.0123834
25723,3.0125617
25724,3.0125617
25725,3.0125617
25726,3.0128337
25727,3.0128337
25728,3.0128337
25729,3.0128337
25730,3.0128337
25731,3.0128337
25732,3.0128337
25733,3.0128337
25734,3.0128337
25735,3.0128337
25736,3.0128337
25737,3.0128337
25738,3.0128337
25739,3.0128337
25740,3.0128337
25741,3.0128337
25742,3.0128337
25743,3.0128337
25744,3.0128337
25745,3.0128337
25746,3.0128337
25747,3.0128337
25748,3.0128337
25749,3.0131914
25750,3.0131914
25751,3.0131914
25752,3.0131914
25753,3.0131914
25754,3.0135301
25755,3.0135301
25756,3.0135301
25757,3.0137817
25758,3.0137817
25759,3.014634
25760,3.014634
25761,3.014634
25762,3.014634
25763,3.014634
25764,3.014634
25765,3.014634
25766,3.014634
25767,3.014634
25768,3.0147459
25769,3.0149795
25770,3.0149795
25771,3.0149795
25772,3.0149795
25773,3.0149795
25774,3.015082
25775,3.0152532
25776,3.0152532
25777,3.0153436
25778,3.0154334
25779,3.0155905
25780,3.0155905
25781,3.0158819
25782,3.0158819
25783,3.0158819
25784,3.0158819
25785,3.0160775
25786,3.0166873
25787,3.0166873
25788,3.0166873
25789,3.0166873
25790,3.0166873
25791,3.0166873
25792,3.0174749
25793,3.0174749
25794,3.0182258
25795,3.0182258
25796,3.0182258
25797,3.0182805
25798,3.0182805
25799,3.0182805
25800,3.0185643
25801,3.0185643
25802,3.0185643
25803,3.0185643
25804,3.0185643
25805,3.0186758
25806,3.0186758
25807,3.0186758
25808,3.0188851
25809,3.0188851
25810,3.0192264
25811,3.0193608
25812,3.0193608
25813,3.019437
25814,3.019437
25815,3.0195095
25816,3.0195095
25817,3.0195095
25818,3.019782
25819,3.0198538
25820,3.0198538
25821,3.020006
25822,3.020006
25823,3.020006
25824,3.0203179
25825,3.0203179
25826,3.0203718
25827,3.0204223
25828,3.0204223
25829,3.0205869
25830,3.0217099
25831,3.0225172
25832,3.0225172
25833,3.0225172
25834,3.0231444
25835,3.0237954
25836,3.0239621
25837,3.0239621
25838,3.0240873
25839,3.0242029
25840,3.0242029
25841,3.0243625
25842,3.0247026
25843,3.0247026
25844,3.0251146
25845,3.0251146
25846,3.0251146
25847,3.0251146
25848,3.0251146
25849,3.0251777
25850,3.0251777
25851,3.0251777
25852,3.0251777
25853,3.0251777
25854,3.0251777
25855,3.0251777
25856,3.0251777
25857,3.0251777
25858,3.0255056
25859,3.0256666
25860,3.0262239
25861,3.0263102
25862,3.0263102
25863,3.0263102
25864,3.0266965
25865,3.0270378
25866,3.0270425
25867,3.0270425
25868,3.0270425
25869,3.0270425
25870,3.0273854
25871,3.0273854
25872,3.0273854
25873,3.0273854
25874,3.0282699
25875,3.0284448
25876,3.0284448
25877,3.0284448
25878,3.0284448
25879,3.0290043
25880,3.0290188
25881,3.0294398
25882,3.0297651
25883,3.0297651
25884,3.0297651
25885,3.0297651
25886,3.0297651
25887,3.0297651
25888,3.0299698
25889,3.0299698
25890,3.0299698
25891,3.0301571
25892,3.0301571
25893,3.0307018
25894,3.031356
25895,3.0314975
25896,3.0314975
25897,3.0314975
25898,3.0314975
25899,3.0314975
25900,3.0314975
25901,3.0315797
25902,3.0315797
25903,3.0340293
25904,3.0343452
25905,3.0343452
25906,3.0343452
25907,3.0344032
25908,3.0344032
25909,3.0344032
25910,3.0344447
25911,3.0351974
25912,3.0352528
25913,3.0352528
25914,3.0353611
25915,3.035401
25916,3.035401
25917,3.0374963
25918,3.0374963
25919,3.0374963
25920,3.0383205
25921,3.0383205
25922,3.0383205
25923,3.0385104
25924,3.0385104
25925,3.0387508
25926,3.0387508
25927,3.0388906
25928,3.039095
25929,3.0393805
25930,3.0395763
25931,3.0395763
25932,3.0395763
25933,3.0395763
25934,3.0398064
25935,3.0398469
25936,3.0398469
25937,3.0400144
25938,3.0400144
25939,3.0400144
25940,3.0402856
25941,3.0406589
25942,3.0418034
25943,3.0418034
25944,3.0418034
25945,3.0437389
25946,3.0437389
25947,3.0439561
25948,3.0439561
25949,3.0460118
25950,3.0465511
25951,3.0472851
25952,3.0480687
25953,3.0489035
25954,3.0492306
25955,3.0495325
25956,3.0503135
25957,3.0508481
25958,3.0508481
25959,3.0516128
25960,3.0525477
25961,3.0525477
25962,3.0525477
25963,3.053172
25964,3.0533894
25965,3.053391
25966,3.053391
25967,3.0534765
25968,3.0535424
25969,3.053566
25970,3.0539147
25971,3.0546294
25972,3.0547783
25973,3.0550318
25974,3.0550318
25975,3.0550318
25976,3.0553434
25977,3.0554329
25978,3.0554329
25979,3.0584731
25980,3.0587836
25981,3.0623527
25982,3.0628578
25983,3.0629351
25984,3.0671907
25985,3.0672065
25986,3.0675113
25987,3.0682806
25988,3.0682806
25989,3.0689969
25990,3.0692114
25991,3.0699574
25992,3.0709124
25993,3.0721621
25994,3.0726126
25995,3.0746687
25996,3.0749043
25997,3.0751409
25998,3.0751409
25999,3.0774028
26000,3.0781875
26001,3.0795321
26002,3.0796187
26003,3.080792
26004,3.0825009
26005,3.0836348
26006,3.0851468
26007,3.0857105
26008,3.0866751
26009,3.0871104
26010,3.087861
26011,3.0892156
26012,3.0908643
26013,3.0914368
26014,3.0918081
26015,3.0928399
26016,3.0934752
26017,3.094094
26018,3.0946216
26019,3.0947532
26020,3.0950496
26021,3.0955993
26022,3.0956723
26023,3.0984424
26024,3.0986861
26025,3.0994288
26026,3.1013582
26027,3.1019774
26028,3.1027512
26029,3.1034487
26030,3.1042514
26031,3.1052196
26032,3.1065646
26033,3.1075895
26034,3.1082952
26035,3.109145
26036,3.1099872
26037,3.1116911
26038,3.1132717
26039,3.1140789
26040,3.1180048
26041,3.119758
26042,3.1207322
26043,3.1218446
26044,3.1232811
26045,3.1241493
26046,3.1271666
26047,3.128656
26048,3.1306352
26049,3.1315101
26050,3.1324045
26051,3.1330156
26052,3.1336342
26053,3.1347872
26054,3.1351477
26055,3.1358869
26056,3.1374722
26057,3.1385498
26058,3.1395936
26059,3.1405996
26060,3.1412607
26061,3.1428638
26062,3.143852
26063,3.1448874
26064,3.1456845
26065,3.1468824
26066,3.1492912
26067,3.1505429
26068,3.1515303
26069,3.1530541
26070,3.154222
26071,3.156299
26072,3.1569297
26073,3.1583501
26074,3.1597678
26075,3.16092
26076,3.1624306
26077,3.1636774
26078,3.1666433
26079,3.1674131
26080,3.171867
26081,3.1728465
26082,3.1734274
26083,3.1746103
26084,3.1759615
26085,3.1771949
26086,3.1783581
26087,3.1798282
26088,3.181188
26089,3.1823288
26090,3.1842531
26091,3.1855995
26092,3.1867602
26093,3.1879296
26094,3.1899643
26095,3.1917813
26096,3.1937691
26097,3.1950723
26098,3.1967438
26099,3.1991061
26100,3.2007238
26101,3.2028588
26102,3.2041501
26103,3.2058577
26104,3.2088665
26105,3.2107537
26106,3.2139746
26107,3.2151414
26108,3.2164476
26109,3.2185906
26110,3.2199019
26111,3.2219089
26112,3.2248448
26113,3.2265332
26114,3.2277442
26115,3.2293224
26116,3.2305198
26117,3.2323045
26118,3.233815
26119,3.2357819
26120,3.2387006
26121,3.2400825
26122,3.2424337
26123,3.2449424
26124,3.2464771
26125,3.2481352
26126,3.2495616
26127,3.2516697
26128,3.2537586
26129,3.2565336
26130,3.2592576
26131,3.2611094
26132,3.2626176
26133,3.2641268
26134,3.2665482
26135,3.2676961
26136,3.2709427
26137,3.2718199
26138,3.2733081
26139,3.2751578
26140,3.2765525
26141,3.2773522
26142,3.2789129
26143,3.2796712
26144,3.2827182
26145,3.2840013
26146,3.2847857
26147,3.2858055
26148,3.2860385
26149,3.2861645
26150,3.286358
26151,3.286358
26152,3.2879228
26153,3.2888792
26154,3.289065
26155,3.2916628
26156,3.2921652
26157,3.2921652
26158,3.2931629
26159,3.2935159
26160,3.2941781
26161,3.2945663
26162,3.2953789
26163,3.2955392
26164,3.2959212
26165,3.2967032
26166,3.2967517
26167,3.2972182
26168,3.2972182
26169,3.2972414
26170,3.2985116
26171,3.2988013
26172,3.2996836
26173,3.3004226
26174,3.3011747
26175,3.3012732
26176,3.3016209
26177,3.3050304
26178,3.3051365
26179,3.3055525
26180,3.3070835
26181,3.3075933
26182,3.308073
26183,3.3083032
26184,3.3089873
26185,3.3105389
26186,3.3105389
26187,3.3105502
26188,3.3107273
26189,3.3109747
26190,3.3117431
26191,3.3117431
26192,3.3117431
26193,3.3122054
26194,3.3122054
26195,3.3122054
26196,3.3125024
26197,3.3125024
26198,3.3125163
26199,3.3130429
26200,3.3138457
26201,3.3138457
26202,3.3138457
26203,3.3138457
26204,3.3145111
26205,3.3147009
26206,3.3149782
26207,3.3149782
26208,3.3155872
26209,3.3157103
26210,3.3157103
26211,3.316759
26212,3.316759
26213,3.316759
26214,3.3169077
26215,3.3169077
26216,3.3175778
26217,3.3178297
26218,3.318328
26219,3.318328
26220,3.3188865
26221,3.3188865
26222,3.3215495
26223,3.3215495
26224,3.3219207
26225,3.3221164
26226,3.3221164
26227,3.3221942
26228,3.3221942
26229,3.3223635
26230,3.3234488
26231,3.3240403
26232,3.3240403
26233,3.324364
26234,3.324364
26235,3.324364
26236,3.324364
26237,3.324364
26238,3.324364
26239,3.324364
26240,3.3247017
26241,3.3251631
26242,3.3251631
26243,3.3251631
26244,3.3251631
26245,3.3251631
26246,3.3251631
26247,3.3251631
26248,3.3254427
26249,3.3257068
26250,3.3270453
26251,3.3270453
26252,3.3270453
26253,3.3276557
26254,3.3276557
26255,3.3276557
26256,3.3276557
26257,3.3282597
26258,3.3286449
26259,3.3286449
26260,3.3286449
26261,3.3289506
26262,3.3289506
26263,3.3289506
26264,3.3289506
26265,3.3295815
26266,3.3295815
26267,3.3295815
26268,3.3295815
26269,3.3299796
26270,3.3301328
26271,3.3307505
26272,3.3307505
26273,3.331001
26274,3.331001
26275,3.3322585
26276,3.3324515
26277,3.3325736
26278,3.3325736
26279,3.3325736
26280,3.3325736
26281,3.3325736
26282,3.3326275
26283,3.3328456
26284,3.3328456
26285,3.3328456
26286,3.3328456
26287,3.3328456
26288,3.3328456
26289,3.3328456
26290,3.3329032
26291,3.3329032
26292,3.3329032
26293,3.3329032
26294,3.3329032
26295,3.3329032
26296,3.3331231
26297,3.3331231
26298,3.3331231
26299,3.3351879
26300,3.3354238
26301,3.3354238
26302,3.3354238
26303,3.335626
26304,3.3362056
26305,3.3362126
26306,3.3370624
26307,3.3370624
26308,3.3370624
26309,3.3374628
26310,3.3384899
26311,3.3387625
26312,3.3387625
26313,3.3387625
26314,3.3387625
26315,3.3398292
26316,3.3398292
26317,3.3398292
26318,3.3398292
26319,3.3398292
26320,3.3398292
26321,3.3408954
26322,3.3408954
26323,3.3408954
26324,3.3412741
26325,3.3417212
26326,3.3417212
26327,3.342025
26328,3.342648
26329,3.342648
26330,3.342648
26331,3.342648
26332,3.3447713
26333,3.3448883
26334,3.3450277
26335,3.3451333
26336,3.3451333
26337,3.3451333
26338,3.345153
26339,3.345153
26340,3.3452298
26341,3.3452298
26342,3.3452298
26343,3.3452298
26344,3.3454474
26345,3.3454474
26346,3.3454474
26347,3.3454474
26348,3.3455376
26349,3.3455376
26350,3.3455376
26351,3.3461754
26352,3.3469497
26353,3.3471214
26354,3.348097
26355,3.3485369
26356,3.3485369
26357,3.3485369
26358,3.3486171
26359,3.3486171
26360,3.3486171
26361,3.3486171
26362,3.3489879
26363,3.3489879
26364,3.3491391
26365,3.35048
26366,3.35048
26367,3.35048
26368,3.3508178
26369,3.3511544
26370,3.3511544
26371,3.3511544
26372,3.3511544
26373,3.3511544
26374,3.3518309
26375,3.3518309
26376,3.352063
26377,3.3520744
26378,3.352819
26379,3.3530082
26380,3.3533259
26381,3.3533972
26382,3.3536707
26383,3.3539797
26384,3.3547595
26385,3.3559431
26386,3.3559431
26387,3.3571611
26388,3.3587558
26389,3.3587558
26390,3.359121
26391,3.359121
26392,3.359121
26393,3.359121
26394,3.359121
26395,3.359121
26396,3.3602272
26397,3.3602272
26398,3.3602336
26399,3.3615793
26400,3.3629078
26401,3.3632418
26402,3.3632418
26403,3.3634024
26404,3.363438
26405,3.3640661
26406,3.3643292
26407,3.3643387
26408,3.3645526
26409,3.3648685
26410,3.3648685
26411,3.3653885
26412,3.3670698
26413,3.3670698
26414,3.3676192
26415,3.3676192
26416,3.3676192
26417,3.3676192
26418,3.3678133
26419,3.3678133
26420,3.3678133
26421,3.3686194
26422,3.3686678
26423,3.3687421
26424,3.3687421
26425,3.3688469
26426,3.3691314
26427,3.3691314
26428,3.3693386
26429,3.3702505
26430,3.3702505
26431,3.3703361
26432,3.3703361
26433,3.3705713
26434,3.3708107
26435,3.3708107
26436,3.3708107
26437,3.3713561
26438,3.3717394
26439,3.3720689
26440,3.3720689
26441,3.3720689
26442,3.3720689
26443,3.3720689
26444,3.3720689
26445,3.3720689
26446,3.3722045
26447,3.3725277
26448,3.372754
26449,3.374351
26450,3.3743686
26451,3.375672
26452,3.3762405
26453,3.3762405
26454,3.3762405
26455,3.3764396
26456,3.3769037
26457,3.3769864
26458,3.3770577
26459,3.3770783
26460,3.3775162
26461,3.3775162
26462,3.3782701
26463,3.3784102
26464,3.3784102
26465,3.3784385
26466,3.3787329
26467,3.3790872
26468,3.3796487
26469,3.3796487
26470,3.3802204
26471,3.3817197
26472,3.3825376
26473,3.3825376
26474,3.3828209
26475,3.3839198
26476,3.3839198
26477,3.3842
26478,3.3842
26479,3.3842
26480,3.3842
26481,3.3847804
26482,3.3852226
26483,3.3852226
26484,3.3852226
26485,3.3859304
26486,3.3864464
26487,3.3865469
26488,3.386653
26489,3.3868225
26490,3.3868225
26491,3.387232
26492,3.3874945
26493,3.3875397
26494,3.3875397
26495,3.388979
26496,3.388979
26497,3.3891389
26498,3.3891389
26499,3.3894452
26500,3.3895427
26501,3.3897372
26502,3.3897372
26503,3.3897372
26504,3.3908465
26505,3.3909225
26506,3.3916436
26507,3.3918541
26508,3.3918541
26509,3.3918541
26510,3.3922214
26511,3.3924512
26512,3.3927395
26513,3.3927395
26514,3.3934081
26515,3.3939049
26516,3.3948717
26517,3.395252
26518,3.395252
26519,3.3953776
26520,3.3956248
26521,3.396241
26522,3.3966174
26523,3.3970942
26524,3.3970942
26525,3.3970942
26526,3.3970942
26527,3.3975074
26528,3.3982958
26529,3.3991568
26530,3.3991568
26531,3.3991568
26532,3.3991568
26533,3.3991718
26534,3.3991718
26535,3.3992876
26536,3.3992876
26537,3.3992876
26538,3.3998176
26539,3.4001202
26540,3.4001316
26541,3.4002277
26542,3.4002277
26543,3.4005652
26544,3.4005652
26545,3.400616
26546,3.4006192
26547,3.4006192
26548,3.4006192
26549,3.4006192
26550,3.4006192
26551,3.4010435
26552,3.4010435
26553,3.4011936
26554,3.4013417
26555,3.4013417
26556,3.4013417
26557,3.4013417
26558,3.4013628
26559,3.4013628
26560,3.4015869
26561,3.4022281
26562,3.4025728
26563,3.4030116
26564,3.4030116
26565,3.4030116
26566,3.4030116
26567,3.4033788
26568,3.4039015
26569,3.4039015
26570,3.4039015
26571,3.4039015
26572,3.4044541
26573,3.4046989
26574,3.4046989
26575,3.4046989
26576,3.4046989
26577,3.4046989
26578,3.4046989
26579,3.4046989
26580,3.4049783
26581,3.4049783
26582,3.4049783
26583,3.4049783
26584,3.4049783
26585,3.4054793
26586,3.4054793
26587,3.4061107
26588,3.4061107
26589,3.4061107
26590,3.4061107
26591,3.4061998
26592,3.4064062
26593,3.40776
26594,3.40776
26595,3.40776
26596,3.40776
26597,3.40776
26598,3.40776
26599,3.40776
26600,3.40776
26601,3.40776
26602,3.40776
26603,3.40776
26604,3.40776
26605,3.40776
26606,3.40776
26607,3.40776
26608,3.40776
26609,3.40776
26610,3.40776
26611,3.40776
26612,3.40776
26613,3.4079184
26614,3.4079184
26615,3.4079184
26616,3.4079184
26617,3.4082458
26618,3.4082458
26619,3.408961
26620,3.408961
26621,3.4090114
26622,3.4090114
26623,3.4092331
26624,3.4092331
26625,3.4094546
26626,3.4094546
26627,3.4096775
26628,3.4107504
26629,3.4107504
26630,3.4110965
26631,3.4112622
26632,3.411395
26633,3.411395
26634,3.411395
26635,3.411395
26636,3.4119198
26637,3.4119198
26638,3.4127251
26639,3.4127251
26640,3.4127286
26641,3.4127286
26642,3.4127286
26643,3.4127286
26644,3.4128595
26645,3.4128595
26646,3.4128595
26647,3.4128595
26648,3.4128595
26649,3.4129953
26650,3.4129953
26651,3.41306
26652,3.4134524
26653,3.4134524
26654,3.4134524
26655,3.4139777
26656,3.4139777
26657,3.413983
26658,3.413983
26659,3.413983
26660,3.413983
26661,3.413983
26662,3.4144212
26663,3.4144212
26664,3.4144212
26665,3.4145042
26666,3.4146495
26667,3.4147479
26668,3.4147479
26669,3.4147479
26670,3.4147479
26671,3.4152948
26672,3.4152948
26673,3.4152948
26674,3.4152948
26675,3.4152948
26676,3.4152948
26677,3.4152948
26678,3.4153004
26679,3.4153004
26680,3.4153004
26681,3.4157745
26682,3.4157745
26683,3.4161198
26684,3.4161198
26685,3.4165644
26686,3.4165644
26687,3.4165881
26688,3.4165881
26689,3.4166295
26690,3.4172126
26691,3.4172126
26692,3.4173548
26693,3.417464
26694,3.4186623
26695,3.4186623
26696,3.4186623
26697,3.4200571
26698,3.4200571
26699,3.4200571
26700,3.4204808
26701,3.4204808
26702,3.4204808
26703,3.4204808
26704,3.4204808
26705,3.4204808
26706,3.4204808
26707,3.4204808
26708,3.4204808
26709,3.4204808
26710,3.4204808
26711,3.4204808
26712,3.4204808
26713,3.420613
26714,3.4212118
26715,3.4212118
26716,3.4212118
26717,3.4212118
26718,3.4213374
26719,3.4213374
26720,3.4213374
26721,3.4213374
26722,3.4213374
26723,3.4213374
26724,3.4213374
26725,3.4213374
26726,3.421396
26727,3.421396
26728,3.4216416
26729,3.4219047
26730,3.4219047
26731,3.4219538
26732,3.4221041
26733,3.4222531
26734,3.4222531
26735,3.4222531
26736,3.4225233
26737,3.4225233
26738,3.4225233
26739,3.4230333
26740,3.4230333
26741,3.4231516
26742,3.4239162
26743,3.4239162
26744,3.4239902
26745,3.4240549
26746,3.4240549
26747,3.4240549
26748,3.4240549
26749,3.424352
26750,3.4246522
26751,3.4249064
26752,3.4249064
26753,3.424991
26754,3.4258724
26755,3.4264557
26756,3.4264557
26757,3.4264557
26758,3.4264833
26759,3.4264833
26760,3.4264833
26761,3.4265932
26762,3.4265932
26763,3.4265932
26764,3.4265932
26765,3.4265932
26766,3.4274643
26767,3.4274643
26768,3.4282758
26769,3.4283009
26770,3.4283009
26771,3.428608
26772,3.428608
26773,3.428608
26774,3.428608
26775,3.428608
26776,3.428608
26777,3.428608
26778,3.4286314
26779,3.4286314
26780,3.4286408
26781,3.4290995
26782,3.4290995
26783,3.4290995
26784,3.429173
26785,3.4292899
26786,3.4292899
26787,3.4295104
26788,3.4298874
26789,3.4300499
26790,3.4300499
26791,3.4300499
26792,3.4304883
26793,3.4309782
26794,3.4309782
26795,3.4309782
26796,3.4311475
26797,3.4311475
26798,3.4313379
26799,3.4313379
26800,3.4313776
26801,3.4313776
26802,3.4313776
26803,3.4315693
26804,3.4322086
26805,3.4324436
26806,3.4324436
26807,3.4329146
26808,3.4329146
26809,3.4330358
26810,3.4330358
26811,3.4330358
26812,3.4333514
26813,3.4344801
26814,3.4344801
26815,3.4344801
26816,3.4345714
26817,3.4345714
26818,3.4345823
26819,3.4348471
26820,3.4350001
26821,3.4352294
26822,3.4352294
26823,3.4352294
26824,3.4352294
26825,3.435625
26826,3.4360269
26827,3.4360269
26828,3.4360269
26829,3.4364111
26830,3.4364111
26831,3.4364458
26832,3.4371963
26833,3.4371963
26834,3.4375144
26835,3.4375144
26836,3.4375144
26837,3.4375144
26838,3.4375144
26839,3.4375144
26840,3.4378295
26841,3.4378684
26842,3.4383346
26843,3.4383346
26844,3.4383346
26845,3.4391396
26846,3.4395667
26847,3.4396019
26848,3.4396019
26849,3.4403171
26850,3.440337
26851,3.4410954
26852,3.4413208
26853,3.4414582
26854,3.4416466
26855,3.4416774
26856,3.4419782
26857,3.4420364
26858,3.4420364
26859,3.4421112
26860,3.4421767
26861,3.4424028
26862,3.4424028
26863,3.4424028
26864,3.4424028
26865,3.4424028
26866,3.4427897
26867,3.4428412
26868,3.4432089
26869,3.4432089
26870,3.4432089
26871,3.4434716
26872,3.4436557
26873,3.4436557
26874,3.4438049
26875,3.4438049
26876,3.4438049
26877,3.4438643
26878,3.4444661
26879,3.4444661
26880,3.444496
26881,3.4450598
26882,3.4450598
26883,3.4451929
26884,3.4452145
26885,3.4456745
26886,3.4456745
26887,3.4456745
26888,3.4464216
26889,3.4466689
26890,3.4472168
26891,3.4485346
26892,3.4486723
26893,3.4490097
26894,3.449136
26895,3.4494189
26896,3.4506239
26897,3.4507071
26898,3.4512558
26899,3.4512558
26900,3.4516954
26901,3.4516954
26902,3.4516954
26903,3.4516954
26904,3.4517657
26905,3.4518478
26906,3.4518478
26907,3.4519952
26908,3.4522466
26909,3.4523042
26910,3.4534417
26911,3.4534417
26912,3.4545371
26913,3.45669
26914,3.4568071
26915,3.4568407
26916,3.4569812
26917,3.4570834
26918,3.4572507
26919,3.4572507
26920,3.4572732
26921,3.4574661
26922,3.4577559
26923,3.4590061
26924,3.4593421
26925,3.4599764
26926,3.4602547
26927,3.4607718
26928,3.4607718
26929,3.4625283
26930,3.4629427
26931,3.4632194
26932,3.4633696
26933,3.463685
26934,3.464717
26935,3.464717
26936,3.464864
26937,3.464864
26938,3.464864
26939,3.464864
26940,3.4663028
26941,3.466381
26942,3.466381
26943,3.4664706
26944,3.4669924
26945,3.4675523
26946,3.4675774
26947,3.4693096
26948,3.4695537
26949,3.4697007
26950,3.4700609
26951,3.4704832
26952,3.4704832
26953,3.4704832
26954,3.4712899
26955,3.4712899
26956,3.4712899
26957,3.4712899
26958,3.4712899
26959,3.4712899
26960,3.4712899
26961,3.4712899
26962,3.4712899
26963,3.4720429
26964,3.4720429
26965,3.472057
26966,3.472057
26967,3.472057
26968,3.472057
26969,3.472057
26970,3.472057
26971,3.4721127
26972,3.4726305
26973,3.4726305
26974,3.4728208
26975,3.4732884
26976,3.4732884
26977,3.4732884
26978,3.4732884
26979,3.473544
26980,3.4744117
26981,3.4744117
26982,3.4744117
26983,3.4747373
26984,3.4747373
26985,3.4747373
26986,3.4749838
26987,3.4753129
26988,3.4753129
26989,3.4753129
26990,3.4753129
26991,3.4753129
26992,3.4755319
26993,3.4755401
26994,3.4755401
26995,3.4755401
26996,3.4755401
26997,3.4755401
26998,3.4755401
26999,3.4764794
27000,3.4766556
27001,3.4766556
27002,3.4776705
27003,3.4776705
27004,3.4776705
27005,3.4777541
27006,3.4777541
27007,3.4777541
27008,3.4777541
27009,3.4781773
27010,3.4781919
27011,3.4788603
27012,3.4795144
27013,3.4795144
27014,3.4795144
27015,3.4795144
27016,3.4795597
27017,3.4795597
27018,3.4795597
27019,3.4795597
27020,3.4801563
27021,3.4801563
27022,3.4801563
27023,3.4801563
27024,3.4805496
27025,3.4805496
27026,3.4805496
27027,3.4805496
27028,3.4807427
27029,3.4810108
27030,3.4810108
27031,3.4810108
27032,3.4810108
27033,3.4811681
27034,3.4811681
27035,3.4811681
27036,3.4811681
27037,3.4811681
27038,3.4811681
27039,3.4811681
27040,3.481755
27041,3.481755
27042,3.481755
27043,3.481755
27044,3.4817894
27045,3.4830026
27046,3.4832437
27047,3.4832437
27048,3.4834299
27049,3.4839237
27050,3.4839237
27051,3.4841951
27052,3.4841951
27053,3.4842504
27054,3.4842504
27055,3.4842504
27056,3.4842504
27057,3.4842504
27058,3.4842504
27059,3.4842504
27060,3.4842504
27061,3.4843108
27062,3.4843108
27063,3.4843108
27064,3.4843108
27065,3.4843108
27066,3.4843108
27067,3.4843108
27068,3.4845762
27069,3.4845762
27070,3.4845762
27071,3.4845762
27072,3.4845834
27073,3.4845834
27074,3.4845834
27075,3.4845834
27076,3.4845834
27077,3.4850629
27078,3.4855815
27079,3.4855815
27080,3.4855815
27081,3.4855815
27082,3.4862733
27083,3.4862733
27084,3.4864038
27085,3.4864038
27086,3.4864038
27087,3.4864038
27088,3.4864038
27089,3.4864038
27090,3.4864038
27091,3.4864038
27092,3.4864038
27093,3.486472
27094,3.486472
27095,3.4867402
27096,3.4873561
27097,3.4873561
27098,3.4873561
27099,3.4873561
27100,3.4873561
27101,3.4873561
27102,3.4873561
27103,3.4875249
27104,3.4875249
27105,3.4875249
27106,3.4875249
27107,3.4875249
27108,3.4875249
27109,3.4875249
27110,3.4876978
27111,3.4876978
27112,3.4877784
27113,3.4877784
27114,3.4877784
27115,3.4877784
27116,3.4877784
27117,3.4877784
27118,3.4885205
27119,3.4899073
27120,3.4899073
27121,3.4899073
27122,3.4899073
27123,3.4899073
27124,3.4899073
27125,3.4899073
27126,3.4899073
27127,3.4899073
27128,3.4899073
27129,3.4899073
27130,3.4899073
27131,3.4899073
27132,3.4899073
27133,3.4900804
27134,3.4900804
27135,3.4920281
27136,3.4920281
27137,3.4920281
27138,3.4923247
27139,3.4923247
27140,3.4923247
27141,3.4923247
27142,3.4923247
27143,3.4929301
27144,3.4929301
27145,3.4930742
27146,3.4930742
27147,3.4930742
27148,3.4930742
27149,3.4930742
27150,3.4930742
27151,3.4930742
27152,3.4930742
27153,3.4942049
27154,3.4943631
27155,3.4943631
27156,3.4943631
27157,3.4943631
27158,3.4948116
27159,3.4948116
27160,3.4948116
27161,3.4948116
27162,3.4948116
27163,3.4948116
27164,3.4948116
27165,3.4948116
27166,3.4948116
27167,3.4968964
27168,3.4968964
27169,3.4968964
27170,3.4968964
27171,3.4968964
27172,3.4968964
27173,3.4968964
27174,3.4968964
27175,3.4968964
27176,3.4969541
27177,3.4969541
27178,3.4969541
27179,3.4969541
27180,3.4969541
27181,3.4969541
27182,3.4969541
27183,3.4969541
27184,3.4969541
27185,3.4969541
27186,3.4969541
27187,3.4969541
27188,3.4969541
27189,3.4969541
27190,3.4969541
27191,3.4969541
27192,3.4972207
27193,3.4972207
27194,3.4977394
27195,3.4977394
27196,3.4977394
27197,3.4977926
27198,3.4978478
27199,3.4978478
27200,3.4978993
27201,3.4978993
27202,3.4981939
27203,3.4987096
27204,3.5004605
27205,3.5004605
27206,3.5005075
27207,3.5010832
27208,3.5010832
27209,3.5011495
27210,3.5011495
27211,3.5022714
27212,3.5022714
27213,3.5022714
27214,3.5022714
27215,3.5022714
27216,3.5022714
27217,3.5022785
27218,3.5035063
27219,3.5035063
27220,3.5035063
27221,3.5035063
27222,3.5037629
27223,3.5049931
27224,3.506375
27225,3.5069098
27226,3.5078579
27227,3.5078579
27228,3.5081869
27229,3.5090606
27230,3.5090606
27231,3.5092903
27232,3.5095623
27233,3.510621
27234,3.510704
27235,3.5109556
27236,3.5109915
27237,3.5118294
27238,3.5125131
27239,3.5125213
27240,3.5133476
27241,3.5133476
27242,3.5136042
27243,3.5139185
27244,3.5147133
27245,3.5149818
27246,3.5160705
27247,3.5162224
27248,3.5165729
27249,3.5167124
27250,3.5167124
27251,3.517685
27252,3.517685
27253,3.517685
27254,3.5181651
27255,3.5182778
27256,3.5209477
27257,3.5217001
27258,3.5228501
27259,3.5228501
27260,3.5228501
27261,3.5229716
27262,3.5230336
27263,3.5231182
27264,3.5235218
27265,3.5255851
27266,3.5264886
27267,3.5275648
27268,3.5286069
27269,3.5293535
27270,3.5298191
27271,3.5305749
27272,3.5312071
27273,3.5313787
27274,3.5324191
27275,3.5324191
27276,3.5331804
27277,3.5338564
27278,3.5359957
27279,3.5370419
27280,3.5379571
27281,3.5389289
27282,3.5395392
27283,3.5407282
27284,3.5407527
27285,3.5411533
27286,3.5416805
27287,3.5418435
27288,3.5426026
27289,3.5431853
27290,3.5450068
27291,3.5455282
27292,3.5463504
27293,3.547651
27294,3.5486416
27295,3.549409
27296,3.5498971
27297,3.5515304
27298,3.5520473
27299,3.5534436
27300,3.5543113
27301,3.555783
27302,3.5578776
27303,3.5584582
27304,3.559572
27305,3.5600244
27306,3.5626482
27307,3.5634575
27308,3.5647324
27309,3.5650992
27310,3.5669562
27311,3.5675696
27312,3.5685099
27313,3.5696831
27314,3.5709861
27315,3.5723882
27316,3.5728836
27317,3.5731103
27318,3.5746466
27319,3.5760373
27320,3.5781262
27321,3.5784129
27322,3.5787719
27323,3.5816991
27324,3.5825192
27325,3.5827601
27326,3.5839032
27327,3.5856643
27328,3.5864774
27329,3.5889419
27330,3.5927351
27331,3.59548
27332,3.5968113
27333,3.5978943
27334,3.6002093
27335,3.6019148
27336,3.6026042
27337,3.6037777
27338,3.604197
27339,3.6052562
27340,3.606359
27341,3.6074665
27342,3.60842
27343,3.6101142
27344,3.611298
27345,3.6135614
27346,3.6159932
27347,3.6181498
27348,3.6200102
27349,3.6215119
27350,3.6218971
27351,3.6230907
27352,3.6238191
27353,3.6246579
27354,3.6263748
27355,3.6278944
27356,3.6290796
27357,3.6307637
27358,3.6328541
27359,3.6335883
27360,3.6357531
27361,3.6378519
27362,3.6390962
27363,3.641016
27364,3.6423727
27365,3.6444299
27366,3.6464413
27367,3.6487165
27368,3.6498872
27369,3.6503896
27370,3.652777
27371,3.654729
27372,3.656714
27373,3.6593415
27374,3.6607993
27375,3.6626985
27376,3.6645283
27377,3.667685
27378,3.6693573
27379,3.6724257
27380,3.6763121
27381,3.6782051
27382,3.6802902
27383,3.6823981
27384,3.6843151
27385,3.6859035
27386,3.6885013
27387,3.6927113
27388,3.6938031
27389,3.6975976
27390,3.7012829
27391,3.703323
27392,3.7057937
27393,3.7083216
27394,3.7102422
27395,3.7122359
27396,3.7147245
27397,3.7185334
27398,3.7206745
27399,3.7235772
27400,3.7255449
27401,3.7279929
27402,3.7318769
27403,3.7337533
27404,3.7371354
27405,3.7393209
27406,3.7442198
27407,3.7470407
27408,3.7494757
27409,3.7516268
27410,3.7547398
27411,3.7559669
27412,3.758281
27413,3.7605478
27414,3.7627817
27415,3.7642169
27416,3.7653619
27417,3.7685966
27418,3.7705416
27419,3.7729188
27420,3.7752423
27421,3.7770919
27422,3.780716
27423,3.7820194
27424,3.7855847
27425,3.7881513
27426,3.792253
27427,3.7934947
27428,3.7949242
27429,3.7971845
27430,3.798728
27431,3.801174
27432,3.8039396
27433,3.8075989
27434,3.8089706
27435,3.8106815
27436,3.8132315
27437,3.8153193
27438,3.8177439
27439,3.8196075
27440,3.8240693
27441,3.8247488
27442,3.8265206
27443,3.8283588
27444,3.8308773
27445,3.8327544
27446,3.834989
27447,3.835833
27448,3.838254
27449,3.841307
27450,3.8436329
27451,3.8448233
27452,3.846325
27453,3.8490578
27454,3.8520937
27455,3.8543047
27456,3.8566024
27457,3.8593056
27458,3.8609471
27459,3.8625312
27460,3.8655095
27461,3.8674696
27462,3.8690784
27463,3.8716927
27464,3.8751545
27465,3.8777859
27466,3.8808243
27467,3.8822844
27468,3.8853114
27469,3.887435
27470,3.8891972
27471,3.891145
27472,3.8933956
27473,3.8959321
27474,3.8987669
27475,3.9005291
27476,3.9030708
27477,3.9062534
27478,3.9088211
27479,3.9109209
27480,3.9136764
27481,3.9153911
27482,3.9168929
27483,3.9185111
27484,3.919923
27485,3.9228768
27486,3.9250265
27487,3.9287591
27488,3.9305954
27489,3.9319038
27490,3.934782
27491,3.9376175
27492,3.9403867
27493,3.942826
27494,3.9465378
27495,3.948973
27496,3.9512659
27497,3.9537149
27498,3.9560146
27499,3.9581918
27500,3.9611333
27501,3.9644551
27502,3.9656874
27503,3.9687643
27504,3.9707391
27505,3.9720865
27506,3.9749083
27507,3.9780652
27508,3.9810886
27509,3.9844264
27510,3.9857357
27511,3.9873215
27512,3.9887597
27513,3.9911557
27514,3.9932603
27515,3.9973459
27516,4.0014977
27517,4.0039338
27518,4.0060663
27519,4.0079233
27520,4.0100357
27521,4.0119312
27522,4.0151692
27523,4.0181887
27524,4.0212385
27525,4.0249985
27526,4.0290999
27527,4.032682
27528,4.0352002
27529,4.0376516
27530,4.0397301
27531,4.0415987
27532,4.0442901
27533,4.0477429
27534,4.0502393
27535,4.0543338
27536,4.056067
27537,4.0578574
27538,4.0617391
27539,4.0661656
27540,4.0671575
27541,4.0698258
27542,4.0718294
27543,4.0745913
27544,4.0773002
27545,4.0790258
27546,4.0822526
27547,4.0843003
27548,4.0866019
27549,4.0881359
27550,4.0890989
27551,4.0916506
27552,4.094335
27553,4.0974969
27554,4.1003006
27555,4.1040079
27556,4.1058093
27557,4.1094091
27558,4.1123134
27559,4.1135846
27560,4.1150688
27561,4.1173328
27562,4.118901
27563,4.1205905
27564,4.1227393
27565,4.124838
27566,4.127004
27567,4.1290948
27568,4.1313844
27569,4.1339548
27570,4.1366801
27571,4.1380704
27572,4.1395746
27573,4.1411422
27574,4.1435217
27575,4.1453517
27576,4.147707
27577,4.1496064
27578,4.1514418
27579,4.1542915
27580,4.1563693
27581,4.158471
27582,4.1596253
27583,4.162723
27584,4.1642947
27585,4.1671204
27586,4.1691422
27587,4.1720528
27588,4.1739258
27589,4.1764206
27590,4.1793995
27591,4.1839475
27592,4.1875457
27593,4.1897667
27594,4.1920414
27595,4.1950702
27596,4.1973748
27597,4.1981983
27598,4.2005644
27599,4.2042296
27600,4.2068353
27601,4.2103134
27602,4.2119265
27603,4.2147377
27604,4.2165778
27605,4.2184108
27606,4.2200154
27607,4.2212167
27608,4.2232979
27609,4.225094
27610,4.2263067
27611,4.2278588
27612,4.229565
27613,4.2324266
27614,4.2347959
27615,4.2360459
27616,4.2386689
27617,4.2400106
27618,4.2432768
27619,4.2474912
27620,4.2496372
27621,4.2518723
27622,4.2534509
27623,4.255025
27624,4.2571972
27625,4.2602792
27626,4.2622895
27627,4.2651909
27628,4.2688731
27629,4.2705635
27630,4.2721355
27631,4.273129
27632,4.2740992
27633,4.2759705
27634,4.2777796
27635,4.2792464
27636,4.2820889
27637,4.2833592
27638,4.2852496
27639,4.2873717
27640,4.2890368
27641,4.2903973
27642,4.291765
27643,4.2935307
27644,4.2957966
27645,4.2973079
27646,4.2983473
27647,4.3006859
27648,4.3022091
27649,4.3033064
27650,4.304502
27651,4.3050025
27652,4.3087011
27653,4.3096449
27654,4.3110837
27655,4.3124598
27656,4.3135651
27657,4.3146425
27658,4.3164899
27659,4.3171327
27660,4.3185115
27661,4.3213049
27662,4.3227197
27663,4.3242295
27664,4.3259325
27665,4.3282098
27666,4.3294006
27667,4.3306997
27668,4.3316524
27669,4.3327888
27670,4.3344079
27671,4.3354085
27672,4.3378516
27673,4.3388248
27674,4.3406404
27675,4.3433775
27676,4.3444332
27677,4.3467865
27678,4.3468528
27679,4.3490871
27680,4.3507002
27681,4.35239
27682,4.3545271
27683,4.3563313
27684,4.357287
27685,4.3590367
27686,4.3604806
27687,4.361562
27688,4.3628073
27689,4.3641232
27690,4.3651904
27691,4.3679967
27692,4.368777
27693,4.3701319
27694,4.3712712
27695,4.3731961
27696,4.3741373
27697,4.3759615
27698,4.3779702
27699,4.3784111
27700,4.3793765
27701,4.3805961
27702,4.3824772
27703,4.3835779
27704,4.3852064
27705,4.3864438
27706,4.388508
27707,4.3897683
27708,4.3911923
27709,4.3923619
27710,4.3942621
27711,4.3960232
27712,4.3977327
27713,4.3986929
27714,4.4001183
27715,4.4015534
27716,4.4045776
27717,4.4057295
27718,4.4072448
27719,4.4086995
27720,4.4104554
27721,4.4111876
27722,4.4132464
27723,4.4140623
27724,4.4151432
27725,4.4156707
27726,4.4168467
27727,4.4176772
27728,4.4179768
27729,4.4196705
27730,4.4217196
27731,4.4227649
27732,4.4239949
27733,4.4252284
27734,4.4267603
27735,4.4282205
27736,4.4294683
27737,4.4299056
27738,4.431211
27739,4.4329243
27740,4.4347286
27741,4.4368952
27742,4.4382234
27743,4.4398082
27744,4.4405309
27745,4.4420057
27746,4.4434058
27747,4.4447151
27748,4.4453538
27749,4.4467308
27750,4.4472524
27751,4.4481647
27752,4.4498768
27753,4.4520387
27754,4.4531973
27755,4.4544638
27756,4.4562118
27757,4.4586763
27758,4.4603804
27759,4.4619837
27760,4.4634699
27761,4.4642762
27762,4.4648493
27763,4.4674217
27764,4.46863
27765,4.4704797
27766,4.4724347
27767,4.4736672
27768,4.4743257
27769,4.4748214
27770,4.4760309
27771,4.4779186
27772,4.479371
27773,4.4801315
27774,4.4823151
27775,4.4836981
27776,4.484901
27777,4.4855985
27778,4.4863248
27779,4.4874659
27780,4.4885909
27781,4.4897681
27782,4.4910435
27783,4.4924568
27784,4.4935349
27785,4.4948772
27786,4.4959715
27787,4.4965464
27788,4.4972739
27789,4.4973487
27790,4.4985205
27791,4.4993156
27792,4.4998485
27793,4.5008219
27794,4.5014674
27795,4.5028287
27796,4.5041287
27797,4.505155
27798,4.5062311
27799,4.5076692
27800,4.5087362
27801,4.5094049
27802,4.5111473
27803,4.5119413
27804,4.5127346
27805,4.5137303
27806,4.5164078
27807,4.517499
27808,4.5185909
27809,4.5203123
27810,4.5218981
27811,4.5232054
27812,4.5248256
27813,4.5268694
27814,4.5283214
27815,4.5302304
27816,4.5317221
27817,4.5330698
27818,4.5350807
27819,4.5356007
27820,4.5368675
27821,4.538763
27822,4.5397201
27823,4.5403997
27824,4.5415182
27825,4.5421791
27826,4.5434357
27827,4.5447465
27828,4.5459352
27829,4.5471343
27830,4.5479886
27831,4.5489401
27832,4.5497314
27833,4.5504871
27834,4.5521525
27835,4.5534103
27836,4.5549056
27837,4.5558671
27838,4.5560724
27839,4.557708
27840,4.5581729
27841,4.558849
27842,4.5596319
27843,4.5611027
27844,4.5622449
27845,4.5629264
27846,4.5642107
27847,4.5654997
27848,4.5662107
27849,4.5672734
27850,4.5677599
27851,4.5686066
27852,4.5696381
27853,4.5707412
27854,4.5714895
27855,4.5727305
27856,4.5733834
27857,4.5746386
27858,4.5757651
27859,4.5760155
27860,4.5761777
27861,4.5767906
27862,4.5776101
27863,4.5789226
27864,4.5803724
27865,4.5813386
27866,4.5825729
27867,4.5835676
27868,4.5839802
27869,4.5848865
27870,4.5866575
27871,4.5879788
27872,4.5889285
27873,4.5898505
27874,4.5910298
27875,4.5920839
27876,4.5932167
27877,4.5942716
27878,4.5953534
27879,4.596154
27880,4.5971647
27881,4.5981533
27882,4.5990756
27883,4.6011147
27884,4.6029038
27885,4.6038247
27886,4.6042583
27887,4.6052955
27888,4.6056447
27889,4.6066187
27890,4.6070475
27891,4.6077316
27892,4.6088037
27893,4.6096147
27894,4.6108685
27895,4.6121792
27896,4.6132017
27897,4.6139486
27898,4.6153504
27899,4.6168384
27900,4.6172555
27901,4.6185491
27902,4.6193462
27903,4.620571
27904,4.6206577
27905,4.6218525
27906,4.6227751
27907,4.6235197
27908,4.6245168
27909,4.625374
27910,4.625883
27911,4.6266527
27912,4.626879
27913,4.6269988
27914,4.6278164
27915,4.6282771
27916,4.6285206
27917,4.6295492
27918,4.6310379
27919,4.6310462
27920,4.6310462
27921,4.6321278
27922,4.633199
27923,4.634219
27924,4.6344666
27925,4.6353838
27926,4.6359932
27927,4.6362287
27928,4.637109
27929,4.6378569
27930,4.6387209
27931,4.639658
27932,4.6402251
27933,4.6408555
27934,4.6415092
27935,4.6429483
27936,4.6436885
27937,4.6443544
27938,4.645302
27939,4.6456593
27940,4.645963
27941,4.6464471
27942,4.6469305
27943,4.6474367
27944,4.6480838
27945,4.6490685
27946,4.6497005
27947,4.6502344
27948,4.6511948
27949,4.6518186
27950,4.6524724
27951,4.6532635
27952,4.6537693
27953,4.6548239
27954,4.6551095
27955,4.6554102
27956,4.655705
27957,4.6564334
27958,4.6569709
27959,4.657224
27960,4.6578636
27961,4.6584769
27962,4.6591502
27963,4.6605315
27964,4.6615507
27965,4.6624704
27966,4.6631519
27967,4.6639458
27968,4.6643612
27969,4.664488
27970,4.6650402
27971,4.6664066
27972,4.66695
27973,4.6670364
27974,4.667426
27975,4.6680201
27976,4.6694878
27977,4.6696038
27978,4.6702862
27979,4.6705385
27980,4.6709825
27981,4.6714845
27982,4.6720858
27983,4.6727482
27984,4.6727482
27985,4.6727482
27986,4.6740374
27987,4.674881
27988,4.6753534
27989,4.6758341
27990,4.6762766
27991,4.6765291
27992,4.6770038
27993,4.6774061
27994,4.6776517
27995,4.6778534
27996,4.6785119
27997,4.6788468
27998,4.6791599
27999,4.6802185
28000,4.6808115
28001,4.6819141
28002,4.6821846
28003,4.6831158
28004,4.6834295
28005,4.6839059
28006,4.6844134
28007,4.6852137
28008,4.6861646
28009,4.6865786
28010,4.6868738
28011,4.6873791
28012,4.6874773
28013,4.6884101
28014,4.6888642
28015,4.6892455
28016,4.6894456
28017,4.6901318
28018,4.6906562
28019,4.6913296
28020,4.6917131
28021,4.6921989
28022,4.6930245
28023,4.6932726
28024,4.6936606
28025,4.6941426
28026,4.6941456
28027,4.6941763
28028,4.6948955
28029,4.6953196
28030,4.6960761
28031,4.696606
28032,4.696798
28033,4.6979308
28034,4.6988009
28035,4.6999344
28036,4.7008985
28037,4.7015924
28038,4.7019121
28039,4.7021307
28040,4.7032957
28041,4.7045945
28042,4.7048855
28043,4.7057313
28044,4.7063592
28045,4.7067682
28046,4.7079068
28047,4.7087503
28048,4.709251
28049,4.7101958
28050,4.7118095
28051,4.7128886
28052,4.7138505
28053,4.7147267
28054,4.7159004
28055,4.7172678
28056,4.7182745
28057,4.7192894
28058,4.7195606
28059,4.7210163
28060,4.7223949
28061,4.7225728
28062,4.7232335
28063,4.7239713
28064,4.725209
28065,4.7266313
28066,4.7272557
28067,4.7279818
28068,4.7288481
28069,4.7288481
28070,4.7297758
28071,4.7310752
28072,4.7311767
28073,4.731823
28074,4.732709
28075,4.7330183
28076,4.73345
28077,4.7341787
28078,4.7344897
28079,4.7348943
28080,4.7363124
28081,4.7367263
28082,4.7373124
28083,4.7389429
28084,4.7399131
28085,4.740792
28086,4.7417524
28087,4.7424845
28088,4.7431041
28089,4.7445242
28090,4.7453914
28091,4.7464363
28092,4.7467241
28093,4.7472272
28094,4.7493515
28095,4.7495507
28096,4.7504663
28097,4.7516445
28098,4.7529105
28099,4.7536015
28100,4.7545976
28101,4.7546366
28102,4.7549754
28103,4.7556843
28104,4.7565446
28105,4.7572949
28106,4.7577625
28107,4.7594195
28108,4.7602587
28109,4.7604916
28110,4.7616137
28111,4.7622687
28112,4.7640054
28113,4.7645734
28114,4.7655576
28115,4.7666635
28116,4.7670848
28117,4.7681582
28118,4.7683316
28119,4.7691009
28120,4.770238
28121,4.7714439
28122,4.7726408
28123,4.7734289
28124,4.7742595
28125,4.7749883
28126,4.7756013
28127,4.7760126
28128,4.7769347
28129,4.7780343
28130,4.7785605
28131,4.7788354
28132,4.7798424
28133,4.7806575
28134,4.781515
28135,4.7823999
28136,4.78334
28137,4.7843863
28138,4.7846827
28139,4.7846859
28140,4.7853373
28141,4.7859622
28142,4.7862553
28143,4.7862553
28144,4.7868186
28145,4.7875303
28146,4.7884285
28147,4.7893506
28148,4.7901302
28149,4.7908039
28150,4.7917229
28151,4.7932312
28152,4.7937324
28153,4.7943416
28154,4.7957625
28155,4.7957625
28156,4.7959063
28157,4.7968413
28158,4.7978701
28159,4.7992653
28160,4.7996177
28161,4.8003594
28162,4.8003594
28163,4.8008915
28164,4.8018212
28165,4.8027403
28166,4.8036269
28167,4.8046536
28168,4.8055392
28169,4.8059954
28170,4.8069777
28171,4.8083843
28172,4.8088711
28173,4.8095709
28174,4.8103621
28175,4.8110524
28176,4.8117946
28177,4.8125322
28178,4.8132416
28179,4.814405
28180,4.8153848
28181,4.8156531
28182,4.8164088
28183,4.8177929
28184,4.8177929
28185,4.8178314
28186,4.8187762
28187,4.8199991
28188,4.8204757
28189,4.8225682
28190,4.8228913
28191,4.8235657
28192,4.8236989
28193,4.8249135
28194,4.8256059
28195,4.8263298
28196,4.8270846
28197,4.827603
28198,4.8282424
28199,4.8290232
28200,4.8290232
28201,4.8300131
28202,4.8307883
28203,4.831887
28204,4.8333046
28205,4.8343612
28206,4.8349445
28207,4.8351763
28208,4.835494
28209,4.8375207
28210,4.8389757
28211,4.8400863
28212,4.8410257
28213,4.8420127
28214,4.8426054
28215,4.8434141
28216,4.8439976
28217,4.8456295
28218,4.8458696
28219,4.8463711
28220,4.8472919
28221,4.8489377
28222,4.8502703
28223,4.8511036
28224,4.8518856
28225,4.8527055
28226,4.8538565
28227,4.8547623
28228,4.8553209
28229,4.8563486
28230,4.8568452
28231,4.8569518
28232,4.8576691
28233,4.8588473
28234,4.86026
28235,4.8611051
28236,4.8620992
28237,4.863166
28238,4.8635289
28239,4.8644734
28240,4.8649378
28241,4.8654032
28242,4.8656438
28243,4.8676402
28244,4.8685707
28245,4.8696418
28246,4.8706514
28247,4.8706514
28248,4.8711779
28249,4.8718619
28250,4.8719861
28251,4.8729197
28252,4.873637
28253,4.8748409
28254,4.8753237
28255,4.8761497
28256,4.8770061
28257,4.8778229
28258,4.8779468
28259,4.8785533
28260,4.8792007
28261,4.8804676
28262,4.8812604
28263,4.8818588
28264,4.8837723
28265,4.8845134
28266,4.8846291
28267,4.8849675
28268,4.8850894
28269,4.8853589
28270,4.8856368
28271,4.8857257
28272,4.8865721
28273,4.8872109
28274,4.8875877
28275,4.8875877
28276,4.8880584
28277,4.8881835
28278,4.8882464
28279,4.8886709
28280,4.8889741
28281,4.8895784
28282,4.8896841
28283,4.8910606
28284,4.8920586
28285,4.8930129
28286,4.8941495
28287,4.8947513
28288,4.8953116
28289,4.8953116
28290,4.8956139
28291,4.8962288
28292,4.896855
28293,4.8971765
28294,4.8979486
28295,4.8984405
28296,4.8989977
28297,4.8996819
28298,4.8996819
28299,4.8996819
28300,4.8998703
28301,4.8998703
28302,4.8998703
28303,4.9007635
28304,4.9013755
28305,4.9013755
28306,4.9013755
28307,4.9017749
28308,4.9019891
28309,4.9022807
28310,4.9029084
28311,4.9039527
28312,4.9049626
28313,4.9049626
28314,4.9053073
28315,4.9054554
28316,4.9056606
28317,4.9057664
28318,4.9058278
28319,4.9065462
28320,4.9072589
28321,4.9072589
28322,4.9077815
28323,4.9077815
28324,4.908254
28325,4.9087545
28326,4.9088853
28327,4.9094467
28328,4.9100119
28329,4.9100119
28330,4.9100119
28331,4.9101191
28332,4.9110397
28333,4.9119213
28334,4.9126132
28335,4.9130313
28336,4.913785
28337,4.9139452
28338,4.9146085
28339,4.9154994
28340,4.9156479
28341,4.9156479
28342,4.9163953
28343,4.9166507
28344,4.9174947
28345,4.9182366
28346,4.9191002
28347,4.9203604
28348,4.9208443
28349,4.9211451
28350,4.9216686
28351,4.9224464
28352,4.9231546
28353,4.9244315
28354,4.9250861
28355,4.9256739
28356,4.9261151
28357,4.9265379
28358,4.9266936
28359,4.9270554
28360,4.9271961
28361,4.9277231
28362,4.9277969
28363,4.9282034
28364,4.9282034
28365,4.9287249
28366,4.9287249
28367,4.93015
28368,4.9308233
28369,4.9313166
28370,4.9315936
28371,4.9316899
28372,4.9318654
28373,4.9324713
28374,4.9326729
28375,4.9330121
28376,4.9334664
28377,4.9338044
28378,4.933854
28379,4.9340536
28380,4.9343468
28381,4.9346943
28382,4.9346943
28383,4.9346943
28384,4.9346943
28385,4.9346943
28386,4.9346943
28387,4.93486
28388,4.9353105
28389,4.9353954
28390,4.9354968
28391,4.9354968
28392,4.9358564
28393,4.9358564
28394,4.9364907
28395,4.9364907
28396,4.9369228
28397,4.9369228
28398,4.9376617
28399,4.9380308
28400,4.9380899
28401,4.9382691
28402,4.939079
28403,4.939079
28404,4.939079
28405,4.939079
28406,4.9397417
28407,4.9397417
28408,4.9406278
28409,4.9416929
28410,4.9425868
28411,4.9430421
28412,4.9432673
28413,4.9433104
28414,4.9436703
28415,4.9444547
28416,4.9446408
28417,4.944772
28418,4.944772
28419,4.9456292
28420,4.9466257
28421,4.9469969
28422,4.9471812
28423,4.9483356
28424,4.9483356
28425,4.9483356
28426,4.9485991
28427,4.9485991
28428,4.9491443
28429,4.9491443
28430,4.9491443
28431,4.9491443
28432,4.9491443
28433,4.9491443
28434,4.9491443
28435,4.9494358
28436,4.9494912
28437,4.9494912
28438,4.9494912
28439,4.9494912
28440,4.9494912
28441,4.9494912
28442,4.9494912
28443,4.9494912
28444,4.9494912
28445,4.9494912
28446,4.9494912
28447,4.9498503
28448,4.9498503
28449,4.9498503
28450,4.9505259
28451,4.9505259
28452,4.9510972
28453,4.9510972
28454,4.9510972
28455,4.951241
28456,4.951241
28457,4.9514985
28458,4.9514985
28459,4.9514985
28460,4.9514985
28461,4.9517632
28462,4.9519144
28463,4.9522386
28464,4.9524687
28465,4.9528908
28466,4.9528908
28467,4.9528908
28468,4.952915
28469,4.952915
28470,4.952915
28471,4.952915
28472,4.952915
28473,4.952915
28474,4.952915
28475,4.952915
28476,4.953708
28477,4.953708
28478,4.953708
28479,4.953708
28480,4.9538522
28481,4.9538522
28482,4.9538522
28483,4.9538522
28484,4.9538522
28485,4.9539536
28486,4.9539536
28487,4.9539536
28488,4.9539536
28489,4.9539536
28490,4.9539536
28491,4.9539536
28492,4.9539536
28493,4.9539536
28494,4.9539536
28495,4.9539536
28496,4.9539536
28497,4.9539536
28498,4.9539536
28499,4.954446
28500,4.954446
28501,4.95453
28502,4.95453
28503,4.95453
28504,4.95453
28505,4.95453
28506,4.95453
28507,4.95453
28508,4.95453
28509,4.9545667
28510,4.9545667
28511,4.9545667
28512,4.9545667
28513,4.9545667
28514,4.9545765
28515,4.9548641
28516,4.9548641
28517,4.9552097
28518,4.9552097
28519,4.9552097
28520,4.9552097
28521,4.9552097
28522,4.9552214
28523,4.9560123
28524,4.9560841
28525,4.9561407
28526,4.9561407
28527,4.956146
28528,4.9563032
28529,4.9564601
28530,4.9565139
28531,4.9565139
28532,4.9574117
28533,4.9574117
28534,4.9580183
28535,4.9580183
28536,4.9580183
28537,4.9580183
28538,4.9580183
28539,4.958387
28540,4.958387
28541,4.9588202
28542,4.9592836
28543,4.9592836
28544,4.9592836
28545,4.9600956
28546,4.9606398
28547,4.9606398
28548,4.9607643
28549,4.9620791
28550,4.9623368
28551,4.9623759
28552,4.9623759
28553,4.9634422
28554,4.9634422
28555,4.9634422
28556,4.9634422
28557,4.9634422
28558,4.9634422
28559,4.9634422
28560,4.9634422
28561,4.9634422
28562,4.9634422
28563,4.9634422
28564,4.9634422
28565,4.9634422
28566,4.9634422
28567,4.9634422
28568,4.9634422
28569,4.9634422
28570,4.9634422
28571,4.9634422
28572,4.9634422
28573,4.9634422
28574,4.9634422
28575,4.9634422
28576,4.9634422
28577,4.9634422
28578,4.9634422
28579,4.9634422
28580,4.9634422
28581,4.9634422
28582,4.9634422
28583,4.9634422
28584,4.9634422
28585,4.9634422
28586,4.9634422
28587,4.9634422
28588,4.9634422
28589,4.9634422
28590,4.9634422
28591,4.9634422
28592,4.9634422
28593,4.9634422
28594,4.9634422
28595,4.9634422
28596,4.9634422
28597,4.9634422
28598,4.9634422
28599,4.9634422
28600,4.9634422
28601,4.9634422
28602,4.9634422
28603,4.9634422
28604,4.9634422
28605,4.9634422
28606,4.9634422
28607,4.9634422
28608,4.9634422
28609,4.9634422
28610,4.9634422
28611,4.9634422
28612,4.9634422
28613,4.9634422
28614,4.9634422
28615,4.9634422
28616,4.9634422
28617,4.9634422
28618,4.9634422
28619,4.9634422
28620,4.9634422
28621,4.9634422
28622,4.9634422
28623,4.9634422
28624,4.9634422
28625,4.9634422
28626,4.9634422
28627,4.9634422
28628,4.9634422
28629,4.9634422
28630,4.9634422
28631,4.9634422
28632,4.9634422
28633,4.9634422
28634,4.9634422
28635,4.9634422
28636,4.9634422
28637,4.9634422
28638,4.9634422
28639,4.9634422
28640,4.9634422
28641,4.9634422
28642,4.9634422
28643,4.9634422
28644,4.9634422
28645,4.9634422
28646,4.9634422
28647,4.9634422
28648,4.9634422
28649,4.9634422
28650,4.9634422
28651,4.9634422
28652,4.9634422
28653,4.9634422
28654,4.9634422
28655,4.9634422
28656,4.9634422
28657,4.9634422
28658,4.9634422
28659,4.9634422
28660,4.9634422
28661,4.9634422
28662,4.9634422
28663,4.9634422
28664,4.9634422
28665,4.9634422
28666,4.9634422
28667,4.9634422
28668,4.9634422
28669,4.9634422
28670,4.9634422
28671,4.9634422
28672,4.9634422
28673,4.9634422
28674,4.9634422
28675,4.9634422
28676,4.9634422
28677,4.9634422
28678,4.9634422
28679,4.9634422
28680,4.9634422
28681,4.9634422
28682,4.9634422
28683,4.9634422
28684,4.9634422
28685,4.9634422
28686,4.9634422
28687,4.9634422
28688,4.9634422
28689,4.9634422
28690,4.9634422
28691,4.9634422
28692,4.9634422
28693,4.9634422
28694,4.9634422
28695,4.9634422
28696,4.9634422
28697,4.9634422
28698,4.9634422
28699,4.9634422
28700,4.9634422
28701,4.9634422
28702,4.9634422
28703,4.9634422
28704,4.9634422
28705,4.9634422
28706,4.9634422
28707,4.9634422
28708,4.9634422
28709,4.9634422
28710,4.9634422
28711,4.9634422
28712,4.9634422
28713,4.9634422
28714,4.9634422
28715,4.9634422
28716,4.9634422
28717,4.9634422
28718,4.9634422
28719,4.9634422
28720,4.9634422
28721,4.9634422
28722,4.9634422
28723,4.9634422
28724,4.9634422
28725,4.9634422
28726,4.9634422
28727,4.9634422
28728,4.9634422
28729,4.9634422
28730,4.9634422
28731,4.9634422
28732,4.9634422
28733,4.9634422
28734,4.9634422
28735,4.9634422
28736,4.9634422
28737,4.9634422
28738,4.9634422
28739,4.9634422
28740,4.9634422
28741,4.9634422
28742,4.9634422
28743,4.9634422
28744,4.9634422
28745,4.9634422
28746,4.9634422
28747,4.9634422
28748,4.9634422
28749,4.9634422
28750,4.9634422
28751,4.9634422
28752,4.9634422
28753,4.9634422
28754,4.9634422
28755,4.9634422
28756,4.9634422
28757,4.9634422
28758,4.9634422
28759,4.9634422
28760,4.9634422
28761,4.9634422
28762,4.9634422
28763,4.9634422
28764,4.9634422
28765,4.9634422
28766,4.9634422
28767,4.9634422
28768,4.9634422
28769,4.9634422
28770,4.9634422
28771,4.9634422
28772,4.9634422
28773,4.9634422
28774,4.9634422
28775,4.9634422
28776,4.9634422
28777,4.9634422
28778,4.9634422
28779,4.9634422
28780,4.9634422
28781,4.9634422
28782,4.9634422
28783,4.9634422
28784,4.9634422
28785,4.9634422
28786,4.9634422
28787,4.9634422
28788,4.9634422
28789,4.9634422
28790,4.9634422
28791,4.9634422
28792,4.9634422
28793,4.9634422
28794,4.9634422
28795,4.9634422
28796,4.9634422
28797,4.9634422
28798,4.9634422
28799,4.9634422
28800,4.9634422
28801,4.9634422
28802,4.9634422
28803,4.9634422
28804,4.9634422
28805,4.9634422
28806,4.9634422
28807,4.9634422
28808,4.9634422
28809,4.9634422
28810,4.9634422
28811,4.9634422
28812,4.9634422
28813,4.9634422
28814,4.9634422
28815,4.9634422
28816,4.9634422
28817,4.9634422
28818,4.9634422
28819,4.9634422
28820,4.9634422
28821,4.9634422
28822,4.9634422
28823,4.9634422
28824,4.9634422
28825,4.9634422
28826,4.9634422
28827,4.9634422
28828,4.9634422
28829,4.9634422
28830,4.9634422
28831,4.9634422
28832,4.9634422
28833,4.9634422
28834,4.9634422
28835,4.9634422
28836,4.9634422
28837,4.9634422
28838,4.9634422
28839,4.9634422
28840,4.9634422
28841,4.9634422
28842,4.9634422
28843,4.9634422
28844,4.9634422
28845,4.9634422
28846,4.9634422
28847,4.9634422
28848,4.9634422
28849,4.9634422
28850,4.9634422
28851,4.9634422
28852,4.9634422
28853,4.9634422
28854,4.9634422
28855,4.9634422
28856,4.9634422
28857,4.9634422
28858,4.9634422
28859,4.9634422
28860,4.9634422
28861,4.9634422
28862,4.9634422
28863,4.9634422
28864,4.9634422
28865,4.9634422
28866,4.9634422
28867,4.9634422
28868,4.9634422
28869,4.9634422
28870,4.9634422
28871,4.9634422
28872,4.9634422
28873,4.9634422
28874,4.9634422
28875,4.9634422
28876,4.9634422
28877,4.9634422
28878,4.9634422
28879,4.9634422
28880,4.9634422
28881,4.9634422
28882,4.9634422
28883,4.9634422
28884,4.9634422
28885,4.9634422
28886,4.9634422
28887,4.9634422
28888,4.9634422
28889,4.9634422
28890,4.9634422
28891,4.9634422
28892,4.9634422
28893,4.9634422
28894,4.9634422
28895,4.9634422
28896,4.9634422
28897,4.9634422
28898,4.9634422
28899,4.9634422
28900,4.9634422
28901,4.9634422
28902,4.9634422
28903,4.9634422
28904,4.9634422
28905,4.9634422
28906,4.9634422
28907,4.9634422
28908,4.9634422
28909,4.9634422
28910,4.9634422
28911,4.9634422
28912,4.9634422
28913,4.9634422
28914,4.9634422
28915,4.9634422
28916,4.9634422
28917,4.9634422
28918,4.9634422
28919,4.9634422
28920,4.9634422
28921,4.9634422
28922,4.9634422
28923,4.9634422
28924,4.9634422
28925,4.9634422
28926,4.9634422
28927,4.9634422
28928,4.9634422
28929,4.9634422
28930,4.9634422
28931,4.9634422
28932,4.9634422
28933,4.9634422
28934,4.9634422
28935,4.9634422
28936,4.9634422
28937,4.9634422
28938,4.9634422
28939,4.9634422
28940,4.9634422
28941,4.9634422
28942,4.9634422
28943,4.9634422
28944,4.9634422
28945,4.9634422
28946,4.9634422
28947,4.9634422
28948,4.9634422
28949,4.9634422
28950,4.9634422
28951,4.9634422
28952,4.9634422
28953,4.9634422
28954,4.9634422
28955,4.9634422
28956,4.9634422
28957,4.9634422
28958,4.9634422
28959,4.9634422
28960,4.9634422
28961,4.9634422
28962,4.9634422
28963,4.9634422
28964,4.9634422
28965,4.9634422
28966,4.9634422
28967,4.9634422
28968,4.9634422
28969,4.9634422
28970,4.9634422
28971,4.9634422
28972,4.9634422
28973,4.9634422
28974,4.9634422
28975,4.9634422
28976,4.9634422
28977,4.9634422
28978,4.9634422
28979,4.9634422
28980,4.9634422
28981,4.9634422
28982,4.9634422
28983,4.9634422
28984,4.9634422
28985,4.9634422
28986,4.9634422
28987,4.9634422
28988,4.9634422
28989,4.9634422
28990,4.9634422
28991,4.9634422
28992,4.9634422
28993,4.9634422
28994,4.9634422
28995,4.9634422
28996,4.9634422
28997,4.9634422
28998,4.9634422
28999,4.9634422
29000,4.9634422
29001,4.9634422
29002,4.9634422
29003,4.9634422
29004,4.9634422
29005,4.9634422
29006,4.9634422
29007,4.9634422
29008,4.9634422
29009,4.9634422
29010,4.9634422
29011,4.9634422
29012,4.9634422
29013,4.9634422
29014,4.9634422
29015,4.9634422
29016,4.9634422
29017,4.9634422
29018,4.9634422
29019,4.9634422
29020,4.9634422
29021,4.9634422
29022,4.9634422
29023,4.9634422
29024,4.9634422
29025,4.9634422
29026,4.9634422
29027,4.9634422
29028,4.9634422
29029,4.9634422
29030,4.9634422
29031,4.9634422
29032,4.9634422
29033,4.9634422
29034,4.9634422
29035,4.9634422
29036,4.9634422
29037,4.9634422
29038,4.9634422
29039,4.9634422
29040,4.9634422
29041,4.9634422
29042,4.9634422
29043,4.9634422
29044,4.9634422
29045,4.9634422
29046,4.9634422
29047,4.9634422
29048,4.9634422
29049,4.9634422
29050,4.9634422
29051,4.9634422
29052,4.9634422
29053,4.9634422
29054,4.9634422
29055,4.9634422
29056,4.9634422
29057,4.9634422
29058,4.9634422
29059,4.9634422
29060,4.9634422
29061,4.9634422
29062,4.9634422
29063,4.9634422
29064,4.9634422
29065,4.9634422
29066,4.9634422
29067,4.9634422
29068,4.9634422
29069,4.9634422
29070,4.9634422
29071,4.9634422
29072,4.9634422
29073,4.9634422
29074,4.9634422
29075,4.9634422
29076,4.9634422
29077,4.9634422
29078,4.9634422
29079,4.9634422
29080,4.9634422
29081,4.9634422
29082,4.9634422
29083,4.9634422
29084,4.9634422
29085,4.9634422
29086,4.9634422
29087,4.9634422
29088,4.9634422
29089,4.9634422
29090,4.9634422
29091,4.9634422
29092,4.9634422
29093,4.9634422
29094,4.9634422
29095,4.9634422
29096,4.9634422
29097,4.9634422
29098,4.9634422
29099,4.9634422
29100,4.9634422
29101,4.9634422
29102,4.9634422
29103,4.9634422
29104,4.9634422
29105,4.9634422
29106,4.9634422
29107,4.9634422
29108,4.9634422
29109,4.9634422
29110,4.9634422
29111,4.9634422
29112,4.9634422
29113,4.9634422
29114,4.9634422
29115,4.9634422
29116,4.9634422
29117,4.9634422
29118,4.9634422
29119,4.9634422
29120,4.9634422
29121,4.9634422
29122,4.9634422
29123,4.9634422
29124,4.9634422
29125,4.9634422
29126,4.9634422
29127,4.9634422
29128,4.9634422
29129,4.9634422
29130,4.9634422
29131,4.9634422
29132,4.9634422
29133,4.9634422
29134,4.9634422
29135,4.9634422
29136,4.9634422
29137,4.9634422
29138,4.9634422
29139,4.9634422
29140,4.9634422
29141,4.9634422
29142,4.9634422
29143,4.9634422
29144,4.9634422
29145,4.9634422
29146,4.9634422
29147,4.9634422
29148,4.9634422
29149,4.9634422
29150,4.9634422
29151,4.9634422
29152,4.9634422
29153,4.9634422
29154,4.9634422
29155,4.9634422
29156,4.9634422
29157,4.9634422
29158,4.9634422
29159,4.9634422
29160,4.9634422
29161,4.9634422
29162,4.9634422
29163,4.9634422
29164,4.9634422
29165,4.9634422
29166,4.9634422
29167,4.9634422
29168,4.9634422
29169,4.9634422
29170,4.9634422
29171,4.9634422
29172,4.9634422
29173,4.9634422
29174,4.9634422
29175,4.9634422
29176,4.9634422
29177,4.9634422
29178,4.9634422
29179,4.9634422
29180,4.9634422
29181,4.9634422
29182,4.9634422
29183,4.9634422
29184,4.9634422
29185,4.9634422
29186,4.9634422
29187,4.9634422
29188,4.9634422
29189,4.9634422
29190,4.9634422
29191,4.9634422
29192,4.9634422
29193,4.9634422
29194,4.9634422
29195,4.9634422
29196,4.9634422
29197,4.9634422
29198,4.9634422
29199,4.9634422
29200,4.9634422
29201,4.9634422
29202,4.9634422
29203,4.9634422
29204,4.9634422
29205,4.9634422
29206,4.9634422
29207,4.9634422
29208,4.9634422
29209,4.9634422
29210,4.9634422
29211,4.9634422
29212,4.9634422
29213,4.9634422
29214,4.9634422
29215,4.9634422
29216,4.9634422
29217,4.9634422
29218,4.9634422
29219,4.9634422
29220,4.9634422
29221,4.9634422
29222,4.9634422
29223,4.9634422
29224,4.9634422
29225,4.9634422
29226,4.9634422
29227,4.9634422
29228,4.9634422
29229,4.9634422
29230,4.9634422
29231,4.9634422
29232,4.9634422
29233,4.9634422
29234,4.9634422
29235,4.9634422
29236,4.9634422
29237,4.9634422
29238,4.9634422
29239,4.9634422
29240,4.9634422
29241,4.9634422
29242,4.9634422
29243,4.9634422
29244,4.9634422
29245,4.9634422
29246,4.9634422
29247,4.9634422
29248,4.9634422
29249,4.9634422
29250,4.9634422
29251,4.9634422
29252,4.9634422
29253,4.9634422
29254,4.9634422
29255,4.9634422
29256,4.9634422
29257,4.9634422
29258,4.9634422
29259,4.9634422
29260,4.9634422
29261,4.9634422
29262,4.9634422
29263,4.9634422
29264,4.9634422
29265,4.9634422
29266,4.9634422
29267,4.9634422
29268,4.9634422
29269,4.9634422
29270,4.9634422
29271,4.9634422
29272,4.9634422
29273,4.9634422
29274,4.9634422
29275,4.9634422
29276,4.9634422
29277,4.9634422
29278,4.9634422
29279,4.9634422
29280,4.9634422
29281,4.9634422
29282,4.9634422
29283,4.9634422
29284,4.9634422
29285,4.9634422
29286,4.9634422
29287,4.9634422
29288,4.9634422
29289,4.9634422
29290,4.9634422
29291,4.9634422
29292,4.9634422
29293,4.9634422
29294,4.9634422
29295,4.9634422
29296,4.9634422
29297,4.9634422
29298,4.9634422
29299,4.9634422
29300,4.9634422
29301,4.9634422
29302,4.9634422
29303,4.9634422
29304,4.9634422
29305,4.9634422
29306,4.9634422
29307,4.9634422
29308,4.9634422
29309,4.9634422
29310,4.9634422
29311,4.9634422
29312,4.9634422
29313,4.9634422
29314,4.9634422
29315,4.9634422
29316,4.9634422
29317,4.9634422
29318,4.9634422
29319,4.9634422
29320,4.9634422
29321,4.9634422
29322,4.9634422
29323,4.9634422
29324,4.9634422
29325,4.9634422
29326,4.9634422
29327,4.9634422
29328,4.9634422
29329,4.9634422
29330,4.9634422
29331,4.9634422
29332,4.9634422
29333,4.9634422
29334,4.9634422
29335,4.9634422
29336,4.9634422
29337,4.9634422
29338,4.9634422
29339,4.9634422
29340,4.9634422
29341,4.9634422
29342,4.9634422
29343,4.9634422
29344,4.9634422
29345,4.9634422
29346,4.9634422
29347,4.9634422
29348,4.9634422
29349,4.9634422
29350,4.9634422
29351,4.9634422
29352,4.9634422
29353,4.9634422
29354,4.9634422
29355,4.9634422
29356,4.9634422
29357,4.9634422
29358,4.9634422
29359,4.9634422
29360,4.9634422
29361,4.9634422
29362,4.9634422
29363,4.9634422
29364,4.9634422
29365,4.9634422
29366,4.9634422
29367,4.9634422
29368,4.9634422
29369,4.9634422
29370,4.9634422
29371,4.9634422
29372,4.9634422
29373,4.9634422
29374,4.9634422
29375,4.9634422
29376,4.9634422
29377,4.9634422
29378,4.9634422
29379,4.9634422
29380,4.9634422
29381,4.9634422
29382,4.9634422
29383,4.9634422
29384,4.9634422
29385,4.9634422
29386,4.9634422
29387,4.9634422
29388,4.9634422
29389,4.9634422
29390,4.9634422
29391,4.9634422
29392,4.9634422
29393,4.9634422
29394,4.9634422
29395,4.9634422
29396,4.9634422
29397,4.9634422
29398,4.9634422
29399,4.9634422
29400,4.9634422
29401,4.9634422
29402,4.9634422
29403,4.9634422
29404,4.9634422
29405,4.9634422
29406,4.9634422
29407,4.9634422
29408,4.9634422
29409,4.9634422
29410,4.9634422
29411,4.9634422
29412,4.9634422
29413,4.9634422
29414,4.9634422
29415,4.9634422
29416,4.9634422
29417,4.9634422
29418,4.9634422
29419,4.9634422
29420,4.9634422
29421,4.9634422
29422,4.9634422
29423,4.9634422
29424,4.9634422
29425,4.9634422
29426,4.9634422
29427,4.9634422
29428,4.9634422
29429,4.9634422
29430,4.9634422
29431,4.9634422
29432,4.9634422
29433,4.9634422
29434,4.9634422
29435,4.9634422
29436,4.9634422
29437,4.9634422
29438,4.9634422
29439,4.9634422
29440,4.9634422
29441,4.9634422
29442,4.9634422
29443,4.9634422
29444,4.9634422
29445,4.9634422
29446,4.9634422
29447,4.9634422
29448,4.9634422
29449,4.9634422
29450,4.9634422
29451,4.9634422
29452,4.9634422
29453,4.9634422
29454,4.9634422
29455,4.9634422
29456,4.9634422
29457,4.9634422
29458,4.9634422
29459,4.9634422
29460,4.9634422
29461,4.9634422
29462,4.9634422
29463,4.9634422
29464,4.9634422
29465,4.9634422
29466,4.9634422
29467,4.9634422
29468,4.9634422
29469,4.9634422
29470,4.9634422
29471,4.9634422
29472,4.9634422
29473,4.9634422
29474,4.9634422
29475,4.9634422
29476,4.9634422
29477,4.9634422
29478,4.9634422
29479,4.9634422
29480,4.9634422
29481,4.9634422
29482,4.9634422
29483,4.9634422
29484,4.9634422
29485,4.9634422
29486,4.9634422
29487,4.9634422
29488,4.9634422
29489,4.9634422
29490,4.9634422
29491,4.9634422
29492,4.9634422
29493,4.9634422
29494,4.9634422
29495,4.9634422
29496,4.9634422
29497,4.9634422
29498,4.9634422
29499,4.9634422
29500,4.9634422
29501,4.9634422
29502,4.9634422
29503,4.9634422
29504,4.9634422
29505,4.9634422
29506,4.9634422
29507,4.9634422
29508,4.9634422
29509,4.9634422
29510,4.9634422
29511,4.9634422
29512,4.9634422
29513,4.9634422
29514,4.9634422
29515,4.9634422
29516,4.9634422
29517,4.9634422
29518,4.9634422
29519,4.9634422
29520,4.9634422
29521,4.9634422
29522,4.9634422
29523,4.9634422
29524,4.9634422
29525,4.9634422
29526,4.9634422
29527,4.9634422
29528,4.9634422
29529,4.9634422
29530,4.9634422
29531,4.9634422
29532,4.9634422
29533,4.9634422
29534,4.9634422
29535,4.9634422
29536,4.9634422
29537,4.9634422
29538,4.9634422
29539,4.9634422
29540,4.9634422
29541,4.9634422
29542,4.9634422
29543,4.9634422
29544,4.9634422
29545,4.9634422
29546,4.9634422
29547,4.9634422
29548,4.9634422
29549,4.9634422
29550,4.9634422
29551,4.9634422
29552,4.9634422
29553,4.9634422
29554,4.9634422
29555,4.9634422
29556,4.9634422
29557,4.9634422
29558,4.9634422
29559,4.9634422
29560,4.9634422
29561,4.9634422
29562,4.9634422
29563,4.9634422
29564,4.9634422
29565,4.9634422
29566,4.9634422
29567,4.9634422
29568,4.9634422
29569,4.9634422
29570,4.9634422
29571,4.9634422
29572,4.9634422
29573,4.9634422
29574,4.9634422
29575,4.9634422
29576,4.9634422
29577,4.9634422
29578,4.9634422
29579,4.9634422
29580,4.9634422
29581,4.9634422
29582,4.9634422
29583,4.9634422
29584,4.9634422
29585,4.9634422
29586,4.9634422
29587,4.9634422
29588,4.9634422
29589,4.9634422
29590,4.9634422
29591,4.9634422
29592,4.9634422
29593,4.9634422
29594,4.9634422
29595,4.9634422
29596,4.9634422
29597,4.9634422
29598,4.9634422
29599,4.9634422
29600,4.9634422
29601,4.9634422
29602,4.9634422
29603,4.9634422
29604,4.9634422
29605,4.9634422
29606,4.9634422
29607,4.9634422
29608,4.9634422
29609,4.9634422
29610,4.9634422
29611,4.9634422
29612,4.9634422
29613,4.9634422
29614,4.9634422
29615,4.9634422
29616,4.9634422
29617,4.9634422
29618,4.9634422
29619,4.9634422
29620,4.9634422
29621,4.9634422
29622,4.9634422
29623,4.9634422
29624,4.9634422
29625,4.9634422
29626,4.9634422
29627,4.9634422
29628,4.9634422
29629,4.9634422
29630,4.9634422
29631,4.9634422
29632,4.9634422
29633,4.9634422
29634,4.9634422
29635,4.9634422
29636,4.9634422
29637,4.9634422
29638,4.9634422
29639,4.9634422
29640,4.9634422
29641,4.9634422
29642,4.9634422
29643,4.9634422
29644,4.9634422
29645,4.9634422
29646,4.9634422
29647,4.9634422
29648,4.9634422
29649,4.9634422
29650,4.9634422
29651,4.9634422
29652,4.9634422
29653,4.9634422
29654,4.9634422
29655,4.9634422
29656,4.9634422
29657,4.9634422
29658,4.9634422
29659,4.9634422
29660,4.9634422
29661,4.9634422
29662,4.9634422
29663,4.9634422
29664,4.9634422
29665,4.9634422
29666,4.9634422
29667,4.9634422
29668,4.9634422
29669,4.9634422
29670,4.9634422
29671,4.9634422
29672,4.9634422
29673,4.9634422
29674,4.9634422
29675,4.9634422
29676,4.9634422
29677,4.9634422
29678,4.9634422
29679,4.9634422
29680,4.9634422
29681,4.9634422
29682,4.9634422
29683,4.9634422
29684,4.9634422
29685,4.9634422
29686,4.9634422
29687,4.9634422
29688,4.9634422
29689,4.9634422
29690,4.9634422
29691,4.9634422
29692,4.9634422
29693,4.9634422
29694,4.9634422
29695,4.9634422
29696,4.9634422
29697,4.9634422
29698,4.9634422
29699,4.9634422
29700,4.9634422
29701,4.9634422
29702,4.9634422
29703,4.9634422
29704,4.9634422
29705,4.9634422
29706,4.9634422
29707,4.9634422
29708,4.9634422
29709,4.9634422
29710,4.9634422
29711,4.9634422
29712,4.9634422
29713,4.9634422
29714,4.9634422
29715,4.9634422
29716,4.9634422
29717,4.9634422
29718,4.9634422
29719,4.9634422
29720,4.9634422
29721,4.9634422
29722,4.9634422
29723,4.9634422
29724,4.9634422
29725,4.9634422
29726,4.9634422
29727,4.9634422
29728,4.9634422
29729,4.9634422
29730,4.9634422
29731,4.9634422
29732,4.9634422
29733,4.9634422
29734,4.9634422
29735,4.9634422
29736,4.9634422
29737,4.9634422
29738,4.9634422
29739,4.9634422
29740,4.9634422
29741,4.9634422
29742,4.9634422
29743,4.9634422
29744,4.9634422
29745,4.9634422
29746,4.9634422
29747,4.9634422
29748,4.9634422
29749,4.9634422
29750,4.9634422
29751,4.9634422
29752,4.9634422
29753,4.9634422
29754,4.9634422
29755,4.9634422
29756,4.9634422
29757,4.9634422
29758,4.9634422
29759,4.9634422
29760,4.9634422
29761,4.9634422
29762,4.9634422
29763,4.9634422
29764,4.9634422
29765,4.9634422
29766,4.9634422
29767,4.9634422
29768,4.9634422
29769,4.9634422
29770,4.9634422
29771,4.9634422
29772,4.9634422
29773,4.9634422
29774,4.9634422
29775,4.9634422
29776,4.9634422
29777,4.9634422
29778,4.9634422
29779,4.9634422
29780,4.9634422
29781,4.9634422
29782,4.9634422
29783,4.9634422
29784,4.9634422
29785,4.9634422
29786,4.9634422
29787,4.9634422
29788,4.9634422
29789,4.9634422
29790,4.9634422
29791,4.9634422
29792,4.9634422
29793,4.9634422
29794,4.9634422
29795,4.9634422
29796,4.9634422
29797,4.9634422
29798,4.9634422
29799,4.9634422
29800,4.9634422
29801,4.9634422
29802,4.9634422
29803,4.9634422
29804,4.9634422
29805,4.9634422
29806,4.9634422
29807,4.9634422
29808,4.9634422
29809,4.9634422
29810,4.9634422
29811,4.9634422
29812,4.9634422
29813,4.9634422
29814,4.9634422
29815,4.9634422
29816,4.9634422
29817,4.9634422
29818,4.9634422
29819,4.9634422
29820,4.9634422
29821,4.9634422
29822,4.9634422
29823,4.9634422
29824,4.9634422
29825,4.9634422
29826,4.9634422
29827,4.9634422
29828,4.9634422
29829,4.9634422
29830,4.9634422
29831,4.9634422
29832,4.9634422
29833,4.9634422
29834,4.9634422
29835,4.9634422
29836,4.9634422
29837,4.9634422
29838,4.9634422
29839,4.9634422
29840,4.9634422
29841,4.9634422
29842,4.9634422
29843,4.9634422
29844,4.9634422
29845,4.9634422
29846,4.9634422
29847,4.9634422
29848,4.9634422
29849,4.9634422
29850,4.9634422
29851,4.9634422
29852,4.9634422
29853,4.9634422
29854,4.9634422
29855,4.9634422
29856,4.9634422
29857,4.9634422
29858,4.9634422
29859,4.9634422
29860,4.9634422
29861,4.9634422
29862,4.9634422
29863,4.9634422
29864,4.9634422
29865,4.9634422
29866,4.9634422
29867,4.9634422
29868,4.9634422
29869,4.9634422
29870,4.9634422
29871,4.9634422
29872,4.9634422
29873,4.9634422
29874,4.9634422
29875,4.9634422
29876,4.9634422
29877,4.9634422
29878,4.9634422
29879,4.9634422
29880,4.9634422
29881,4.9634422
29882,4.9634422
29883,4.9634422
29884,4.9634422
29885,4.9634422
29886,4.9634422
29887,4.9634422
29888,4.9634422
29889,4.9634422
29890,4.9634422
29891,4.9634422
29892,4.9634422
29893,4.9634422
29894,4.9634422
29895,4.9634422
29896,4.9634422
29897,4.9634422
29898,4.9634422
29899,4.9634422
29900,4.9634422
29901,4.9634422
29902,4.9634422
29903,4.9634422
29904,4.9634422
29905,4.9634422
29906,4.9634422
29907,4.9634422
29908,4.9634422
29909,4.9634422
29910,4.9634422
29911,4.9634422
29912,4.9634422
29913,4.9634422
29914,4.9634422
29915,4.9634422
29916,4.9634422
29917,4.9634422
29918,4.9634422
29919,4.9634422
29920,4.9634422
29921,4.9634422
29922,4.9634422
29923,4.9634422
29924,4.9634422
29925,4.9634422
29926,4.9634422
29927,4.9634422
29928,4.9634422
29929,4.9634422
29930,4.9634422
29931,4.9634422
29932,4.9634422
29933,4.9634422
29934,4.9634422
29935,4.9634422
29936,4.9634422
29937,4.9634422
29938,4.9634422
29939,4.9634422
29940,4.9634422
29941,4.9634422
29942,4.9634422
29943,4.9634422
29944,4.9634422
29945,4.9634422
29946,4.9634422
29947,4.9634422
29948,4.9634422
29949,4.9634422
29950,4.9634422
29951,4.9634422
29952,4.9634422
29953,4.9634422
29954,4.9634422
29955,4.9634422
29956,4.9634422
29957,4.9634422
29958,4.9634422
29959,4.9634422
29960,4.9634422
29961,4.9634422
29962,4.9634422
29963,4.9634422
29964,4.9634422
29965,4.9634422
29966,4.9634422
29967,4.9634422
29968,4.9634422
29969,4.9634422
29970,4.9634422
29971,4.9634422
29972,4.9634422
29973,4.9634422
29974,4.9634422
29975,4.9634422
29976,4.9634422
29977,4.9634422
29978,4.9634422
29979,4.9634422
29980,4.9634422
29981,4.9634422
29982,4.9634422
29983,4.9634422
29984,4.9634422
29985,4.9634422
29986,4.9634422
29987,4.9634422
29988,4.9634422
29989,4.9634422
29990,4.9634422
29991,4.9634422
29992,4.9634422
29993,4.9634422
29994,4.9634422
29995,4.9634422
29996,4.9634422
29997,4.9634422
29998,4.9634422
29999,4.9634422
30000,4.9634422
30001,4.9634422
30002,4.9634422
30003,4.9634422
30004,4.9634422
30005,4.9634422
30006,4.9634422
30007,4.9634422
30008,4.9634422
30009,4.9634422
30010,4.9634422
30011,4.9634422
30012,4.9634422
30013,4.9634422
30014,4.9634422
30015,4.9634422
30016,4.963699
30017,4.963699
30018,4.963699
30019,4.963699
30020,4.963699
30021,4.963699
30022,4.963699
30023,4.963699
30024,4.963699
30025,4.963699
30026,4.963699
30027,4.963699
30028,4.963699
30029,4.963699
30030,4.963699
30031,4.963699
30032,4.963699
30033,4.963699
30034,4.963699
30035,4.963699
30036,4.963699
30037,4.963699
30038,4.963699
30039,4.963699
30040,4.963699
30041,4.963699
30042,4.963699
30043,4.963699
30044,4.963699
30045,4.963699
30046,4.963699
30047,4.963699
30048,4.963699
30049,4.963699
30050,4.963699
30051,4.963699
30052,4.963699
30053,4.963699
30054,4.963699
30055,4.963699
30056,4.963699
30057,4.963699
30058,4.963699
30059,4.963699
30060,4.963699
30061,4.963699
30062,4.963699
30063,4.963699
30064,4.963699
30065,4.963699
30066,4.963699
30067,4.963699
30068,4.963699
30069,4.963699
30070,4.963699
30071,4.963699
30072,4.963699
30073,4.963699
30074,4.963699
30075,4.963699
30076,4.963699
30077,4.963699
30078,4.963699
30079,4.963699
30080,4.963699
30081,4.963699
30082,4.963699
30083,4.963699
30084,4.963699
30085,4.963699
30086,4.963699
30087,4.963699
30088,4.963699
30089,4.963699
30090,4.963699
30091,4.963699
30092,4.963699
30093,4.963699
30094,4.963699
30095,4.963699
30096,4.963699
30097,4.963699
30098,4.963699
30099,4.963699
30100,4.963699
30101,4.963699
30102,4.963699
30103,4.963699
30104,4.963699
30105,4.9638374
30106,4.9638374
30107,4.9638374
30108,4.9638374
30109,4.9638374
30110,4.9638374
30111,4.9638374
30112,4.9638374
30113,4.9638374
30114,4.9638374
30115,4.9638374
30116,4.9638374
30117,4.9638374
30118,4.9638374
30119,4.9638374
30120,4.9638374
30121,4.9638374
30122,4.9638374
30123,4.9638374
30124,4.9638374
30125,4.9638374
30126,4.9638374
30127,4.9638374
30128,4.9638539
30129,4.9645091
30130,4.9645091
30131,4.9645091
30132,4.9645091
30133,4.9645091
30134,4.9645091
30135,4.9645091
30136,4.9645091
30137,4.9645091
30138,4.9645091
30139,4.9645091
30140,4.9645091
30141,4.9645091
30142,4.9645091
30143,4.9645091
30144,4.9645091
30145,4.9645091
30146,4.9647805
30147,4.9647805
30148,4.9647805
30149,4.9647805
30150,4.9647805
30151,4.9647805
30152,4.9647805
30153,4.9647805
30154,4.9647805
30155,4.9647805
30156,4.9647805
30157,4.9647805
30158,4.9649281
30159,4.9649281
30160,4.965029
30161,4.965029
30162,4.965029
30163,4.965029
30164,4.965029
30165,4.965029
30166,4.965029
30167,4.965029
30168,4.965029
30169,4.965029
30170,4.965029
30171,4.965029
30172,4.965029
30173,4.965029
30174,4.965029
30175,4.965029
30176,4.965029
30177,4.965029
30178,4.965029
30179,4.965029
30180,4.965029
30181,4.965029
30182,4.965029
30183,4.965029
30184,4.965029
30185,4.965029
30186,4.965029
30187,4.965029
30188,4.965029
30189,4.9655956
30190,4.9655956
30191,4.9655956
30192,4.9655956
30193,4.9655956
30194,4.9655956
30195,4.9659085
30196,4.9659085
30197,4.9659085
30198,4.9659085
30199,4.9659085
30200,4.9659085
30201,4.9659085
30202,4.9659085
30203,4.9659085
30204,4.9659085
30205,4.9659085
30206,4.9659085
30207,4.9667194
30208,4.9667194
30209,4.9667194
30210,4.9667194
30211,4.9667194
30212,4.9667194
30213,4.9667194
30214,4.9667194
30215,4.9667194
30216,4.9667194
30217,4.9667194
30218,4.9667194
30219,4.9667194
30220,4.9667194
30221,4.9667194
30222,4.9667194
30223,4.9667194
30224,4.9667194
30225,4.9669357
30226,4.9669357
30227,4.9673572
30228,4.9673572
30229,4.9673572
30230,4.9675126
30231,4.9675126
30232,4.9675126
30233,4.9675126
30234,4.9678174
30235,4.9678174
30236,4.9678174
30237,4.9681332
30238,4.9681332
30239,4.968506
30240,4.968506
30241,4.968506
30242,4.968506
30243,4.969036
30244,4.969036
30245,4.9690593
30246,4.9701334
30247,4.9701334
30248,4.9701334
30249,4.9701334
30250,4.9701334
30251,4.9701334
30252,4.9701334
30253,4.9701334
30254,4.9701334
30255,4.9701334
30256,4.9701334
30257,4.9701334
30258,4.9701334
30259,4.9701334
30260,4.9701334
30261,4.9704147
30262,4.9705952
30263,4.9705952
30264,4.9709963
30265,4.9709963
30266,4.9709963
30267,4.9709963
30268,4.9709963
30269,4.9714287
30270,4.9714287
30271,4.9714287
30272,4.9714287
30273,4.9714287
30274,4.9714287
30275,4.9714287
30276,4.9718219
30277,4.9727624
30278,4.9727624
30279,4.9727624
30280,4.9727624
30281,4.9727624
30282,4.9727624
30283,4.973246
30284,4.973246
30285,4.973246
30286,4.973246
30287,4.973246
30288,4.973246
30289,4.973246
30290,4.973246
30291,4.973246
30292,4.973246
30293,4.973246
30294,4.9741647
30295,4.9741647
30296,4.9741647
30297,4.9741647
30298,4.9741647
30299,4.9742696
30300,4.9746793
30301,4.9746793
30302,4.9754834
30303,4.9758212
30304,4.9758212
30305,4.9758212
30306,4.9758212
30307,4.9758212
30308,4.9758212
30309,4.9758212
30310,4.9766562
30311,4.9766562
30312,4.9766562
30313,4.9769743
30314,4.9769743
30315,4.9769743
30316,4.9771724
30317,4.9771724
30318,4.9771724
30319,4.9771724
30320,4.9774766
30321,4.9774766
30322,4.9774766
30323,4.978634
30324,4.978634
30325,4.978634
30326,4.9794853
30327,4.9794853
30328,4.9797975
30329,4.9797975
30330,4.9797975
30331,4.9799533
30332,4.9799533
30333,4.9800694
30334,4.9812865
30335,4.9812865
30336,4.9812865
30337,4.9812865
30338,4.9818663
30339,4.982221
30340,4.982221
30341,4.9834888
30342,4.983874
30343,4.983874
30344,4.983874
30345,4.9847957
30346,4.9847957
30347,4.9847957
30348,4.9847957
30349,4.9847957
30350,4.9847957
30351,4.9847957
30352,4.9857747
30353,4.9857747
30354,4.9864318
30355,4.9864318
30356,4.98754
30357,4.9876444
30358,4.9884179
30359,4.9884179
30360,4.9884179
30361,4.9892265
30362,4.9892265
30363,4.9892265
30364,4.9892265
30365,4.9892265
30366,4.9892676
30367,4.9895938
30368,4.9895938
30369,4.9895938
30370,4.9895938
30371,4.9895938
30372,4.9905042
30373,4.9905042
30374,4.9905042
30375,4.9905042
30376,4.9905042
30377,4.9908336
30378,4.9908336
30379,4.9908336
30380,4.9921991
30381,4.9922011
30382,4.9922011
30383,4.9922011
30384,4.9922011
30385,4.9922011
30386,4.9922011
30387,4.9922011
30388,4.9922011
30389,4.9933915
30390,4.9935407
30391,4.9935407
30392,4.9935407
30393,4.9935407
30394,4.9948158
30395,4.995171
30396,4.995171
30397,4.995171
30398,4.995171
30399,4.995171
30400,4.9951915
30401,4.9951915
30402,4.9956945
30403,4.9963958
30404,4.9967934
30405,4.9967934
30406,4.9973667
30407,4.9973667
30408,4.9973667
30409,4.9977647
30410,4.9977647
30411,4.9977647
30412,4.9979546
30413,4.9979546
30414,4.9981572
30415,4.998214
30416,4.9984098
30417,4.9984098
30418,4.9984098
30419,4.9984098
30420,4.9984098
30421,4.9984098
30422,4.9984098
30423,4.9984098
30424,4.9984628
30425,4.9984628
30426,4.9984628
30427,4.9984628
30428,4.9984628
30429,4.9987218
30430,4.9994623
30431,5.0000581
30432,5.002878
30433,5.002878
30434,5.0030298
30435,5.0030298
30436,5.0030298
30437,5.0030298
30438,5.0030298
30439,5.0030298
30440,5.0030298
30441,5.0030298
30442,5.0030298
30443,5.0030298
30444,5.0030298
30445,5.0030298
30446,5.0030298
30447,5.0030298
30448,5.0030298
30449,5.0030298
30450,5.0030298
30451,5.0030298
30452,5.0030298
30453,5.0030298
30454,5.0030298
30455,5.0030298
30456,5.0154854
30457,5.0154854
30458,5.0154854
30459,5.0154854
30460,5.0154854
30461,5.0154854
30462,5.0154854
30463,5.0154854
30464,5.0154854
30465,5.0154854
30466,5.0154854
30467,5.0154854
30468,5.0155332
30469,5.0155332
30470,5.0155332
30471,5.0155332
30472,5.0155332
30473,5.0155332
30474,5.0156455
30475,5.0156455
30476,5.0156455
30477,5.0156455
30478,5.0156455
30479,5.0156455
30480,5.0156455
30481,5.0156455
30482,5.0156455
30483,5.0156455
30484,5.0156455
30485,5.0156455
30486,5.0156455
30487,5.0156455
30488,5.0156455
30489,5.0156455
30490,5.0156455
30491,5.0156455
30492,5.0156455
30493,5.0156455
30494,5.0156455
30495,5.0156455
30496,5.0156455
30497,5.0156455
30498,5.0156455
30499,5.0156455
30500,5.0156455
30501,5.0156455
30502,5.0156455
30503,5.0156455
30504,5.0156455
30505,5.0156455
30506,5.0156455
30507,5.0156455
30508,5.0156455
30509,5.0156455
30510,5.0156455
30511,5.0156455
30512,5.0156455
30513,5.0166526
30514,5.0172773
30515,5.0172773
30516,5.0172773
30517,5.0172773
30518,5.0172773
30519,5.0172773
30520,5.0172773
30521,5.0172773
30522,5.0172773
30523,5.0172773
30524,5.0172773
30525,5.0172773
30526,5.0172773
30527,5.0172773
30528,5.0172773
30529,5.0172773
30530,5.0172773
30531,5.0172773
30532,5.0172773
30533,5.0172773
30534,5.0172773
30535,5.0172773
30536,5.0172773
30537,5.0172773
30538,5.0172773
30539,5.0172773
30540,5.0172773
30541,5.0172773
30542,5.0172773
30543,5.0172773
30544,5.0172773
30545,5.0172773
30546,5.0172773
30547,5.0172773
30548,5.0172773
30549,5.0172773
30550,5.0172773
30551,5.0172773
30552,5.0172773
30553,5.0172773
30554,5.0172773
30555,5.0172773
30556,5.0172773
30557,5.0172773
30558,5.0172773
30559,5.0172773
30560,5.0172773
30561,5.0172773
30562,5.0172773
30563,5.0172773
30564,5.0172773
30565,5.0172773
30566,5.0172773
30567,5.0172773
30568,5.0172773
30569,5.0172773
30570,5.0172773
30571,5.0172773
30572,5.0172773
30573,5.0172773
30574,5.0172773
30575,5.0172773
30576,5.0172773
30577,5.0172773
30578,5.0172773
30579,5.0172773
30580,5.0172773
30581,5.0172773
30582,5.0172773
30583,5.0172773
30584,5.0172773
30585,5.0172773
30586,5.0172773
30587,5.0172773
30588,5.0172773
30589,5.0172773
30590,5.0172773
30591,5.0172773
30592,5.0172773
30593,5.0172773
30594,5.0172773
30595,5.0172773
30596,5.0172773
30597,5.0172773
30598,5.0172773
30599,5.0172773
30600,5.0172773
30601,5.0172773
30602,5.0172773
30603,5.0172773
30604,5.0172773
30605,5.0172773
30606,5.0172773
30607,5.0172773
30608,5.0172773
30609,5.0172773
30610,5.0172773
30611,5.0172773
30612,5.0172773
30613,5.0172773
30614,5.0172773
30615,5.0172773
30616,5.0172773
30617,5.0172773
30618,5.0172773
30619,5.0172773
30620,5.0172773
30621,5.0172773
30622,5.0172773
30623,5.0172773
30624,5.0172773
30625,5.0172773
30626,5.0172773
30627,5.0172773
30628,5.0172773
30629,5.0172773
30630,5.0172773
30631,5.0172773
30632,5.0172773
30633,5.0172773
30634,5.0172773
30635,5.0172773
30636,5.0172773
30637,5.0172773
30638,5.0172773
30639,5.0172773
30640,5.0172773
30641,5.0172773
30642,5.0172773
30643,5.0172773
30644,5.0172773
30645,5.0172773
30646,5.0172773
30647,5.0172773
30648,5.0172773
30649,5.0172773
30650,5.0172773
30651,5.0172773
30652,5.0172773
30653,5.0172773
30654,5.0172773
30655,5.0172773
30656,5.0172773
30657,5.0172773
30658,5.0172773
30659,5.0172773
30660,5.0172773
30661,5.0172773
30662,5.0172773
30663,5.0172773
30664,5.0172773
30665,5.0172773
30666,5.0172773
30667,5.0172773
30668,5.0172773
30669,5.0172773
30670,5.0172773
30671,5.0172773
30672,5.0172773
30673,5.0172773
30674,5.0172773
30675,5.0172773
30676,5.0172773
30677,5.0172773
30678,5.0172773
30679,5.0172773
30680,5.0172773
30681,5.0172773
30682,5.0172773
30683,5.0172773
30684,5.0172773
30685,5.0172773
30686,5.0172773
30687,5.0172773
30688,5.0172773
30689,5.0172773
30690,5.0172773
30691,5.0172773
30692,5.0172773
30693,5.0172773
30694,5.0172773
30695,5.0172773
30696,5.0172773
30697,5.0172773
30698,5.0172773
30699,5.0172773
30700,5.0172773
30701,5.0172773
30702,5.0172773
30703,5.0172773
30704,5.0172773
30705,5.0172773
30706,5.0172773
30707,5.0172773
30708,5.0172773
30709,5.0172773
30710,5.0172773
30711,5.0172773
30712,5.0172773
30713,5.0172773
30714,5.0172773
30715,5.0172773
30716,5.0172773
30717,5.017556
30718,5.0323642
30719,5.0344349
30720,5.0367067
30721,5.0404945
30722,5.0438543
30723,5.0460802
30724,5.0462276
30725,5.0462276
30726,5.0462276
30727,5.0462276
30728,5.0462276
30729,5.0462276
30730,5.0462276
30731,5.0462276
30732,5.0462276
30733,5.0464933
30734,5.0466016
30735,5.0466016
30736,5.0466016
30737,5.0466016
30738,5.0466016
30739,5.0466016
30740,5.0466016
30741,5.0466016
30742,5.0466016
30743,5.0466016
30744,5.0466016
30745,5.0466016
30746,5.0466016
30747,5.0466016
30748,5.0466016
30749,5.0466016
30750,5.0466016
30751,5.0466016
30752,5.0466016
30753,5.0466016
30754,5.0466016
30755,5.0466016
30756,5.0466016
30757,5.0466016
30758,5.0466016
30759,5.0466016
30760,5.0466016
30761,5.0466016
30762,5.0466016
30763,5.0466016
30764,5.0466016
30765,5.0466016
30766,5.046707
30767,5.046707
30768,5.046707
30769,5.046707
30770,5.0467958
30771,5.0467958
30772,5.0467958
30773,5.0467958
30774,5.0467958
30775,5.0467958
30776,5.0467958
30777,5.0467958
30778,5.0467958
30779,5.0467958
30780,5.0467958
30781,5.0467958
30782,5.0467958
30783,5.0467958
30784,5.0467958
30785,5.0467958
30786,5.0467958
30787,5.0467958
30788,5.0467958
30789,5.0467958
30790,5.0468856
30791,5.0468856
30792,5.0468856
30793,5.0468856
30794,5.0468856
30795,5.0468856
30796,5.0468856
30797,5.0468856
30798,5.0468856
30799,5.0468856
30800,5.0468856
30801,5.0468856
30802,5.0468856
30803,5.0468856
30804,5.0468856
30805,5.0468856
30806,5.0468856
30807,5.0468856
30808,5.0468856
30809,5.0468856
30810,5.0468856
30811,5.0468856
30812,5.0468856
30813,5.0468856
30814,5.0468856
30815,5.0468856
30816,5.0468856
30817,5.0468856
30818,5.0468856
30819,5.0468856
30820,5.0468856
30821,5.0468856
30822,5.0468856
30823,5.0468856
30824,5.0468856
30825,5.0468856
30826,5.0468856
30827,5.0468856
30828,5.0468856
30829,5.0468856
30830,5.0472238
30831,5.0472238
30832,5.0474428
30833,5.0474428
30834,5.0474428
30835,5.0474428
30836,5.0474428
30837,5.0474428
30838,5.0475645
30839,5.0475749
30840,5.0475749
30841,5.0475749
30842,5.0475749
30843,5.0475749
30844,5.0475749
30845,5.0475749
30846,5.0475749
30847,5.0475859
30848,5.047621
30849,5.047621
30850,5.047621
30851,5.047621
30852,5.047621
30853,5.047621
30854,5.047621
30855,5.047621
30856,5.047621
30857,5.047621
30858,5.047621
30859,5.047621
30860,5.047621
30861,5.047621
30862,5.047621
30863,5.047621
30864,5.047621
30865,5.047621
30866,5.047621
30867,5.047621
30868,5.047621
30869,5.047621
30870,5.047621
30871,5.047621
30872,5.047621
30873,5.047621
30874,5.047621
30875,5.047621
30876,5.047621
30877,5.047621
30878,5.047621
30879,5.047621
30880,5.047621
30881,5.047621
30882,5.047621
30883,5.047621
30884,5.047621
30885,5.047621
30886,5.047621
30887,5.047621
30888,5.047621
30889,5.047621
30890,5.047621
30891,5.047621
30892,5.047621
30893,5.047621
30894,5.047621
30895,5.047621
30896,5.047621
30897,5.047621
30898,5.047621
30899,5.047621
30900,5.047621
30901,5.047621
30902,5.047621
30903,5.047621
30904,5.047621
30905,5.047621
30906,5.047621
30907,5.047621
30908,5.047621
30909,5.047621
30910,5.047621
30911,5.047621
30912,5.047621
30913,5.047621
30914,5.0478155
30915,5.0478155
30916,5.0478155
30917,5.0478155
30918,5.0478155
30919,5.0478155
30920,5.0478155
30921,5.0478155
30922,5.0478155
30923,5.0481391
30924,5.0482738
30925,5.0482738
30926,5.0482738
30927,5.0482738
30928,5.0482738
30929,5.0483688
30930,5.0483688
30931,5.0483688
30932,5.0483688
30933,5.0483688
30934,5.0483688
30935,5.0483688
30936,5.0483688
30937,5.0483688
30938,5.0485712
30939,5.0485712
30940,5.0485712
30941,5.0485712
30942,5.0485712
30943,5.0485712
30944,5.0485712
30945,5.0485712
30946,5.0485712
30947,5.048878
30948,5.048878
30949,5.048878
30950,5.048878
30951,5.0489887
30952,5.0489887
30953,5.0489887
30954,5.0489887
30955,5.0489887
30956,5.0489887
30957,5.0489887
30958,5.0489887
30959,5.0489887
30960,5.0489887
30961,5.0489887
30962,5.0489887
30963,5.0489887
30964,5.0489887
30965,5.0489887
30966,5.0489887
30967,5.0489887
30968,5.0489887
30969,5.0489887
30970,5.0489887
30971,5.0489887
30972,5.0489887
30973,5.0489887
30974,5.0489887
30975,5.0489887
30976,5.0489887
30977,5.0489887
30978,5.0489887
30979,5.0489887
30980,5.0489887
30981,5.0489887
30982,5.0489887
30983,5.0489887
30984,5.0489887
30985,5.0489887
30986,5.0489887
30987,5.0489887
30988,5.0489887
30989,5.0489887
30990,5.0489887
30991,5.0489887
30992,5.0489887
30993,5.0489887
30994,5.0492178
30995,5.0492178
30996,5.0492178
30997,5.0492178
30998,5.0492178
30999,5.0492178
31000,5.0492178
31001,5.0492178
31002,5.0492178
31003,5.0492178
31004,5.0492178
31005,5.0492178
31006,5.0492178
31007,5.0492178
31008,5.0492178
31009,5.0492178
31010,5.0492178
31011,5.0496552
31012,5.0496552
31013,5.0496552
31014,5.0496552
31015,5.0496552
31016,5.0496552
31017,5.0496552
31018,5.0496552
31019,5.0496552
31020,5.0496552
31021,5.0496552
31022,5.0496552
31023,5.0496552
31024,5.0496552
31025,5.0496552
31026,5.0496552
31027,5.0496552
31028,5.0496552
31029,5.0496552
31030,5.0496552
31031,5.0496552
31032,5.0496552
31033,5.0496552
31034,5.0496552
31035,5.0496552
31036,5.0496552
31037,5.0496552
31038,5.0496552
31039,5.0496552
31040,5.0496552
31041,5.0496552
31042,5.0496552
31043,5.0496552
31044,5.0496552
31045,5.0496552
31046,5.0496552
31047,5.0496552
31048,5.0496552
31049,5.0496552
31050,5.0496552
31051,5.0496552
31052,5.0496552
31053,5.0496552
31054,5.0496552
31055,5.0496552
31056,5.0496552
31057,5.0496552
31058,5.0496552
31059,5.0496552
31060,5.0496552
31061,5.0496552
31062,5.0496552
31063,5.0496552
31064,5.0496552
31065,5.0496552
31066,5.0496552
31067,5.0496552
31068,5.0496552
31069,5.0496552
31070,5.0496552
31071,5.0496552
31072,5.0496552
31073,5.0496552
31074,5.0496552
31075,5.0496552
31076,5.0496552
31077,5.0496552
31078,5.0496552
31079,5.0496552
31080,5.0496552
31081,5.0496552
31082,5.0496552
31083,5.0496552
31084,5.0496552
31085,5.0496552
31086,5.0496552
31087,5.0496552
31088,5.0496552
31089,5.0496552
31090,5.0496552
31091,5.0496552
31092,5.0496552
31093,5.0496552
31094,5.0496552
31095,5.0496552
31096,5.0496552
31097,5.0496552
31098,5.0496552
31099,5.0496552
31100,5.0496552
31101,5.0496552
31102,5.0496552
31103,5.0496552
31104,5.0496552
31105,5.0496552
31106,5.0496552
31107,5.0496552
31108,5.0496552
31109,5.0496552
31110,5.0496552
31111,5.0496552
31112,5.0496552
31113,5.0496552
31114,5.0496552
31115,5.0496552
31116,5.0496552
31117,5.0496552
31118,5.0496552
31119,5.0496552
31120,5.0496552
31121,5.0498437
31122,5.0498437
31123,5.0498437
31124,5.0498437
31125,5.0498437
31126,5.0498437
31127,5.0498437
31128,5.0498437
31129,5.0498437
31130,5.0498437
31131,5.0498437
31132,5.0498437
31133,5.0498437
31134,5.0498437
31135,5.0498437
31136,5.0498437
31137,5.0498437
31138,5.0498437
31139,5.0498437
31140,5.0498437
31141,5.0498437
31142,5.0498437
31143,5.0498437
31144,5.0498437
31145,5.0498437
31146,5.0498437
31147,5.0498437
31148,5.0498437
31149,5.0498437
31150,5.0498437
31151,5.0498437
31152,5.0498437
31153,5.0498437
31154,5.0498437
31155,5.0498437
31156,5.0498437
31157,5.0498437
31158,5.0498437
31159,5.0498437
31160,5.0498437
31161,5.0498437
31162,5.0498437
31163,5.0498437
31164,5.0498437
31165,5.0498437
31166,5.0498437
31167,5.0498437
31168,5.0498437
31169,5.0498437
31170,5.0498437
31171,5.0498437
31172,5.0498437
31173,5.0498437
31174,5.0498437
31175,5.0498437
31176,5.0498437
31177,5.0498437
31178,5.0498437
31179,5.0498437
31180,5.0498437
31181,5.0498437
31182,5.0498437
31183,5.0498437
31184,5.0498437
31185,5.0498437
31186,5.0498437
31187,5.0498437
31188,5.0498437
31189,5.0498437
31190,5.0498437
31191,5.0498437
31192,5.0498437
31193,5.0498437
31194,5.0498437
31195,5.0498437
31196,5.0498437
31197,5.0498437
31198,5.0498437
31199,5.0498437
31200,5.0498437
31201,5.0498437
31202,5.0498437
31203,5.0498437
31204,5.0498437
31205,5.0498437
31206,5.0498437
31207,5.0498437
31208,5.0498437
31209,5.0498437
31210,5.0498437
31211,5.0498437
31212,5.0498437
31213,5.0498437
31214,5.0498437
31215,5.0498437
31216,5.0498437
31217,5.0498437
31218,5.0498437
31219,5.0498437
31220,5.0498437
31221,5.0498437
31222,5.0498437
31223,5.0498437
31224,5.0498437
31225,5.0498437
31226,5.0498437
31227,5.0498437
31228,5.0498437
31229,5.0498437
31230,5.0498437
31231,5.0498437
31232,5.0498437
31233,5.0498437
31234,5.0498437
31235,5.0498437
31236,5.0498437
31237,5.0498437
31238,5.0498437
31239,5.0498437
31240,5.0498437
31241,5.0498437
31242,5.0498437
31243,5.0498437
31244,5.0498437
31245,5.0498437
31246,5.0498437
31247,5.0498437
31248,5.0498437
31249,5.0498437
31250,5.0498437
31251,5.0498437
31252,5.0498437
31253,5.0498437
31254,5.0498437
31255,5.0498437
31256,5.0498437
31257,5.0498437
31258,5.0498437
31259,5.0498437
31260,5.0498437
31261,5.0498437
31262,5.0498437
31263,5.0498437
31264,5.0498437
31265,5.0498437
31266,5.0498437
31267,5.0498437
31268,5.0498437
31269,5.0498437
31270,5.0498437
31271,5.0498437
31272,5.0498437
31273,5.0498437
31274,5.0498437
31275,5.0498437
31276,5.0498437
31277,5.0498437
31278,5.0498437
31279,5.0498437
31280,5.0498437
31281,5.0498437
31282,5.0498437
31283,5.0498437
31284,5.0498437
31285,5.0498437
31286,5.0498437
31287,5.0498437
31288,5.0498437
31289,5.0498437
31290,5.0498437
31291,5.0498437
31292,5.0498437
31293,5.0498437
31294,5.0498437
31295,5.0498437
31296,5.0498437
31297,5.0498437
31298,5.0498437
31299,5.0498437
31300,5.0498437
31301,5.0498437
31302,5.0498437
31303,5.0498437
31304,5.0498437
31305,5.0498437
31306,5.0498437
31307,5.0498437
31308,5.0498437
31309,5.0498437
31310,5.0498437
31311,5.0498437
31312,5.0498437
31313,5.0498437
31314,5.0498437
31315,5.0498437
31316,5.0498437
31317,5.0498437
31318,5.0498437
31319,5.0498437
31320,5.0498437
31321,5.0498437
31322,5.0498437
31323,5.0498437
31324,5.0498437
31325,5.0498437
31326,5.0498437
31327,5.0498437
31328,5.0498437
31329,5.0498437
31330,5.0498437
31331,5.0498437
31332,5.0498437
31333,5.0498437
31334,5.0498437
31335,5.0498437
31336,5.0498437
31337,5.0498437
31338,5.0498437
31339,5.0498437
31340,5.0498437
31341,5.0498437
31342,5.0498437
31343,5.0498437
31344,5.0498437
31345,5.0498437
31346,5.0498437
31347,5.0498437
31348,5.0498437
31349,5.0498437
31350,5.0498437
31351,5.0498437
31352,5.0498437
31353,5.0498437
31354,5.0498437
31355,5.0498437
31356,5.0498437
31357,5.0498437
31358,5.0498437
31359,5.0498437
31360,5.0498437
31361,5.0498437
31362,5.0498437
31363,5.0498437
31364,5.0498437
31365,5.0498437
31366,5.0498437
31367,5.0498437
31368,5.0498437
31369,5.0498437
31370,5.0498437
31371,5.0498437
31372,5.0498437
31373,5.0498437
31374,5.0498437
31375,5.0498437
31376,5.0498437
31377,5.0498665
31378,5.0498665
31379,5.0498665
31380,5.0498665
31381,5.0498665
31382,5.0498665
31383,5.0498665
31384,5.0498665
31385,5.0498665
31386,5.0498665
31387,5.0498665
31388,5.0498665
31389,5.0498665
31390,5.0498665
31391,5.0498665
31392,5.0498665
31393,5.0498665
31394,5.0498665
31395,5.0498665
31396,5.0498665
31397,5.0498665
31398,5.0498665
31399,5.0498665
31400,5.0498665
31401,5.0498665
31402,5.0498665
31403,5.0498665
31404,5.0498665
31405,5.0498665
31406,5.0498665
31407,5.0498665
31408,5.0498665
31409,5.0498665
31410,5.0498665
31411,5.0498665
31412,5.0498665
31413,5.0498665
31414,5.0498665
31415,5.0498665
31416,5.0498665
31417,5.0498665
31418,5.0498665
31419,5.0498665
31420,5.0498665
31421,5.0498665
31422,5.0498665
31423,5.0498665
31424,5.0498665
31425,5.0498665
31426,5.0498665
31427,5.0498665
31428,5.0498665
31429,5.0498665
31430,5.0498665
31431,5.0498665
31432,5.0498665
31433,5.0498665
31434,5.0498665
31435,5.0498665
31436,5.0498665
31437,5.0498665
31438,5.0498665
31439,5.0498665
31440,5.0498665
31441,5.0498665
31442,5.0498665
31443,5.0498665
31444,5.0498665
31445,5.0498665
31446,5.0498665
31447,5.0498665
31448,5.0498665
31449,5.0498665
31450,5.0498665
31451,5.0498665
31452,5.0498665
31453,5.0498665
31454,5.0498665
31455,5.0498665
31456,5.0498665
31457,5.0498665
31458,5.0498665
31459,5.0498665
31460,5.0498665
31461,5.0498665
31462,5.0498665
31463,5.0498665
31464,5.0498665
31465,5.0498665
31466,5.0498665
31467,5.0498665
31468,5.0498665
31469,5.0498665
31470,5.0498665
31471,5.0498665
31472,5.0498665
31473,5.0498665
31474,5.0498665
31475,5.0498665
31476,5.0498665
31477,5.0498665
31478,5.0498665
31479,5.0498665
31480,5.0498665
31481,5.0498665
31482,5.0498665
31483,5.0498665
31484,5.0498665
31485,5.0498665
31486,5.0498665
31487,5.0498665
31488,5.0498665
31489,5.0498665
31490,5.0498665
31491,5.0498665
31492,5.0498665
31493,5.0498665
31494,5.0498665
31495,5.0498665
31496,5.0498665
31497,5.0498665
31498,5.0498665
31499,5.0498665
31500,5.0498665
31501,5.0498665
31502,5.0498665
31503,5.0498665
31504,5.0498665
31505,5.0498665
31506,5.0498665
31507,5.0498665
31508,5.0498665
31509,5.0498665
31510,5.0498665
31511,5.0498665
31512,5.0498665
31513,5.0498665
31514,5.0498665
31515,5.0498665
31516,5.0498665
31517,5.0498665
31518,5.0498665
31519,5.0498665
31520,5.0498665
31521,5.0498665
31522,5.0498665
31523,5.0498665
31524,5.0498665
31525,5.0498665
31526,5.0498665
31527,5.0498665
31528,5.0498665
31529,5.0498665
31530,5.0498665
31531,5.0498665
31532,5.0498665
31533,5.0498665
31534,5.0498665
31535,5.0498665
31536,5.0498665
31537,5.0498665
31538,5.0498665
31539,5.0498665
31540,5.0498665
31541,5.0498665
31542,5.0498665
31543,5.0498665
31544,5.0498665
31545,5.0498665
31546,5.0498665
31547,5.0498665
31548,5.0498665
31549,5.0498665
31550,5.0498665
31551,5.0498665
31552,5.0498665
31553,5.0498665
31554,5.0498665
31555,5.0498665
31556,5.0498665
31557,5.0498665
31558,5.0498665
31559,5.0498665
31560,5.0498665
31561,5.0498665
31562,5.0498665
31563,5.0498665
31564,5.0498665
31565,5.0498665
31566,5.0498665
31567,5.0498665
31568,5.0498665
31569,5.0498665
31570,5.0498665
31571,5.0498665
31572,5.0498665
31573,5.0498665
31574,5.0498665
31575,5.0498665
31576,5.0498665
31577,5.0498665
31578,5.0498665
31579,5.0498665
31580,5.0498665
31581,5.0498665
31582,5.0498665
31583,5.0498665
31584,5.0498665
31585,5.0498665
31586,5.0498665
31587,5.0498665
31588,5.0498665
31589,5.0498665
31590,5.0498665
31591,5.0498665
31592,5.0498665
31593,5.0498665
31594,5.0498665
31595,5.0498665
31596,5.0498665
31597,5.0498665
31598,5.0498665
31599,5.0498665
31600,5.0498665
31601,5.0498665
31602,5.0498665
31603,5.0498665
31604,5.0498665
31605,5.0498665
31606,5.0498665
31607,5.0498665
31608,5.0498665
31609,5.0498665
31610,5.0498665
31611,5.0498665
31612,5.0498665
31613,5.0498665
31614,5.0498665
31615,5.0498665
31616,5.0498665
31617,5.0498665
31618,5.0498665
31619,5.0498665
31620,5.0498665
31621,5.0498665
31622,5.0498665
31623,5.0498665
31624,5.0498665
31625,5.0498665
31626,5.0498665
31627,5.0498665
31628,5.0498665
31629,5.0498665
31630,5.0498665
31631,5.0498665
31632,5.0498665
31633,5.0498665
31634,5.0498665
31635,5.0498665
31636,5.0498665
31637,5.0498665
31638,5.0498665
31639,5.0498665
31640,5.0498665
31641,5.0498665
31642,5.0498665
31643,5.0498665
31644,5.0498665
31645,5.0498665
31646,5.0498665
31647,5.0498665
31648,5.0498665
31649,5.0498665
31650,5.0498665
31651,5.0498665
31652,5.0498665
31653,5.0498665
31654,5.0498665
31655,5.0498665
31656,5.0498665
31657,5.0498665
31658,5.0498665
31659,5.0498665
31660,5.0498665
31661,5.0498665
31662,5.0498665
31663,5.0498665
31664,5.0498665
31665,5.0498665
31666,5.0498665
31667,5.0498665
31668,5.0498665
31669,5.0498665
31670,5.0498665
31671,5.0498665
31672,5.0498665
31673,5.0498665
31674,5.0498665
31675,5.0498665
31676,5.0498665
31677,5.0498665
31678,5.0498665
31679,5.0498665
31680,5.0498665
31681,5.0498665
31682,5.0498665
31683,5.0498665
31684,5.0498665
31685,5.0498665
31686,5.0498665
31687,5.0498665
31688,5.0498665
31689,5.0498665
31690,5.0498665
31691,5.0498665
31692,5.0498665
31693,5.0498665
31694,5.0498665
31695,5.0498665
31696,5.0498665
31697,5.0498665
31698,5.0498665
31699,5.0498665
31700,5.0498665
31701,5.0498665
31702,5.0498665
31703,5.0498665
31704,5.0498665
31705,5.0498665
31706,5.0498665
31707,5.0498665
31708,5.0498665
31709,5.0498665
31710,5.0498665
31711,5.0498665
31712,5.0498665
31713,5.0498665
31714,5.0498665
31715,5.0498665
31716,5.0498665
31717,5.0498665
31718,5.0498665
31719,5.0498665
31720,5.0498665
31721,5.0498665
31722,5.0498665
31723,5.0498665
31724,5.0498665
31725,5.0498665
31726,5.0498665
31727,5.0498665
31728,5.0498665
31729,5.0498665
31730,5.0498665
31731,5.0498665
31732,5.0498665
31733,5.0498665
31734,5.0498665
31735,5.0498665
31736,5.0498665
31737,5.0498665
31738,5.0498665
31739,5.0498665
31740,5.0498665
31741,5.0498665
31742,5.0498665
31743,5.0498665
31744,5.0498665
31745,5.0498665
31746,5.0498665
31747,5.0498665
31748,5.0498665
31749,5.0498665
31750,5.0498665
31751,5.0498665
31752,5.0498665
31753,5.0498665
31754,5.0498665
31755,5.0498665
31756,5.0498665
31757,5.0498665
31758,5.0498665
31759,5.0498665
31760,5.0498665
31761,5.0498665
31762,5.0498665
31763,5.0498665
31764,5.0498665
31765,5.0498665
31766,5.0498665
31767,5.0498665
31768,5.0498665
31769,5.0498665
31770,5.0498665
31771,5.0498665
31772,5.0498665
31773,5.0498665
31774,5.0498665
31775,5.0498665
31776,5.0498665
31777,5.0498665
31778,5.0498665
31779,5.0498665
31780,5.0498665
31781,5.0498665
31782,5.0498665
31783,5.0498665
31784,5.0498665
31785,5.0498665
31786,5.0498665
31787,5.0498665
31788,5.0498665
31789,5.0498665
31790,5.0498665
31791,5.0498665
31792,5.0498665
31793,5.0498665
31794,5.0498665
31795,5.0498665
31796,5.0498665
31797,5.0498665
31798,5.0498665
31799,5.0498665
31800,5.0498665
31801,5.0498665
31802,5.0498665
31803,5.0498665
31804,5.0498665
31805,5.0498665
31806,5.0498665
31807,5.0498665
31808,5.0498665
31809,5.0498665
31810,5.0498665
31811,5.0498665
31812,5.0498665
31813,5.0498665
31814,5.0498665
31815,5.0498665
31816,5.0498665
31817,5.0498665
31818,5.0498665
31819,5.0498665
31820,5.0498665
31821,5.0498665
31822,5.0498665
31823,5.0498665
31824,5.0498665
31825,5.0498665
31826,5.0498665
31827,5.0498665
31828,5.0498665
31829,5.0498665
31830,5.0498665
31831,5.0498665
31832,5.0498665
31833,5.0498665
31834,5.0498665
31835,5.0498665
31836,5.0498665
31837,5.0498665
31838,5.0498665
31839,5.0498665
31840,5.0498665
31841,5.0498665
31842,5.0498665
31843,5.0498665
31844,5.0498665
31845,5.0498665
31846,5.0498665
31847,5.0498665
31848,5.0498665
31849,5.0498665
31850,5.0498665
31851,5.0498665
31852,5.0498665
31853,5.0498665
31854,5.0498665
31855,5.0498665
31856,5.0498665
31857,5.0498665
31858,5.0498665
31859,5.0498665
31860,5.0498665
31861,5.0498665
31862,5.0498665
31863,5.0498665
31864,5.0498665
31865,5.0498665
31866,5.0498665
31867,5.0498665
31868,5.0498665
31869,5.0498665
31870,5.0498665
31871,5.0498665
31872,5.0498665
31873,5.0498665
31874,5.0498665
31875,5.0498665
31876,5.0498665
31877,5.0498665
31878,5.0498665
31879,5.0498665
31880,5.0498665
31881,5.0498665
31882,5.0498665
31883,5.0498665
31884,5.0498665
31885,5.0498665
31886,5.0498665
31887,5.0498665
31888,5.0498665
31889,5.0498665
31890,5.0498665
31891,5.0498665
31892,5.0498665
31893,5.0498665
31894,5.0498665
31895,5.0498665
31896,5.0498665
31897,5.0498665
31898,5.0498665
31899,5.0498665
31900,5.0498665
31901,5.0498665
31902,5.0498665
31903,5.0498665
31904,5.0498665
31905,5.0498665
31906,5.0498665
31907,5.0498665
31908,5.0498665
31909,5.0498665
31910,5.0498665
31911,5.0498665
31912,5.0498665
31913,5.0498665
31914,5.0498665
31915,5.0498665
31916,5.0498665
31917,5.0498665
31918,5.0498665
31919,5.0498665
31920,5.0498665
31921,5.0498665
31922,5.0498665
31923,5.0498665
31924,5.0498665
31925,5.0498665
31926,5.0498665
31927,5.0498665
31928,5.0498665
31929,5.0498665
31930,5.0498665
31931,5.0498665
31932,5.0498665
31933,5.0498665
31934,5.0498665
31935,5.0498665
31936,5.0498665
31937,5.0498665
31938,5.0498665
31939,5.0498665
31940,5.0498665
31941,5.0498665
31942,5.0498665
31943,5.0498665
31944,5.0498665
31945,5.0498665
31946,5.0498665
31947,5.0498665
31948,5.0498665
31949,5.0498665
31950,5.0498665
31951,5.0498665
31952,5.0498665
31953,5.0498665
31954,5.0498665
31955,5.0498665
31956,5.0498665
31957,5.0498665
31958,5.0498665
31959,5.0498665
31960,5.0498665
31961,5.0498665
31962,5.0498665
31963,5.0498665
31964,5.0498665
31965,5.0498665
31966,5.0498665
31967,5.0498665
31968,5.0498665
31969,5.0498665
31970,5.0498665
31971,5.0498665
31972,5.0498665
31973,5.0498665
31974,5.0498665
31975,5.0498665
31976,5.0498665
31977,5.0498665
31978,5.0498665
31979,5.0498665
31980,5.0498665
31981,5.0498665
31982,5.0498665
31983,5.0498665
31984,5.0498665
31985,5.0498665
31986,5.0498665
31987,5.0498665
31988,5.0498665
31989,5.0498665
31990,5.0498665
31991,5.0498665
31992,5.0498665
31993,5.0498665
31994,5.0498665
31995,5.0498665
31996,5.0498665
31997,5.0498665
31998,5.0498665
31999,5.0498665
32000,5.0498665
32001,5.0498665
32002,5.0498665
32003,5.0498665
32004,5.0498665
32005,5.0498665
32006,5.0498665
32007,5.0498665
32008,5.0498665
32009,5.0498665
32010,5.0498665
32011,5.0498665
32012,5.0498665
32013,5.0498665
32014,5.0498665
32015,5.0498665
32016,5.0498665
32017,5.0498665
32018,5.0498665
32019,5.0498665
32020,5.0498665
32021,5.0498665
32022,5.0498665
32023,5.0498665
32024,5.0498665
32025,5.0498665
32026,5.0498665
32027,5.0498665
32028,5.0498665
32029,5.0498665
32030,5.0498665
32031,5.0498665
32032,5.0498665
32033,5.0498665
32034,5.0498665
32035,5.0498665
32036,5.0498665
32037,5.0498665
32038,5.0498665
32039,5.0498665
32040,5.0498665
32041,5.0498665
32042,5.0498665
32043,5.0498665
32044,5.0498665
32045,5.0498665
32046,5.0498665
32047,5.0498665
32048,5.0498665
32049,5.0498665
32050,5.0498665
32051,5.0498665
32052,5.0498665
32053,5.0498665
32054,5.0498665
32055,5.0498665
32056,5.0498665
32057,5.0498665
32058,5.0498665
32059,5.0498665
32060,5.0498665
32061,5.0498665
32062,5.0498665
32063,5.0498665
32064,5.0498665
32065,5.0498665
32066,5.0498665
32067,5.0498665
32068,5.0498665
32069,5.0498665
32070,5.0498665
32071,5.0498665
32072,5.0498665
32073,5.0498665
32074,5.0498665
32075,5.0498665
32076,5.0498665
32077,5.0498665
32078,5.0498665
32079,5.0498665
32080,5.0498665
32081,5.0498665
32082,5.0498665
32083,5.0498665
32084,5.0498665
32085,5.0498665
32086,5.0498665
32087,5.0498665
32088,5.0498665
32089,5.0498665
32090,5.0498665
32091,5.0498665
32092,5.0498665
32093,5.0498665
32094,5.0498665
32095,5.0498665
32096,5.0498665
32097,5.0498665
32098,5.0498665
32099,5.0498665
32100,5.0498665
32101,5.0498665
32102,5.0498665
32103,5.0498665
32104,5.0498665
32105,5.0498665
32106,5.0498665
32107,5.0498665
32108,5.0498665
32109,5.0498665
32110,5.0498665
32111,5.0498665
32112,5.0498665
32113,5.0498665
32114,5.0498665
32115,5.0498665
32116,5.0498665
32117,5.0498665
32118,5.0498665
32119,5.0498665
32120,5.0498665
32121,5.0498665
32122,5.0498665
32123,5.0498665
32124,5.0498665
32125,5.0498665
32126,5.0498665
32127,5.0498665
32128,5.0498665
32129,5.0498665
32130,5.0498665
32131,5.0498665
32132,5.0498665
32133,5.0498665
32134,5.0498665
32135,5.0498665
32136,5.0498665
32137,5.0498665
32138,5.0498665
32139,5.0498665
32140,5.0498665
32141,5.0498665
32142,5.0498665
32143,5.0498665
32144,5.0498665
32145,5.0498665
32146,5.0498665
32147,5.0498665
32148,5.0498665
32149,5.0498665
32150,5.0498665
32151,5.0498665
32152,5.0498665
32153,5.0498665
32154,5.0498665
32155,5.0498665
32156,5.0498665
32157,5.0498665
32158,5.0498665
32159,5.0498665
32160,5.0498665
32161,5.0498665
32162,5.0498665
32163,5.0498665
32164,5.0498665
32165,5.0498665
32166,5.0498665
32167,5.0498665
32168,5.0498665
32169,5.0498665
32170,5.0498665
32171,5.0498665
32172,5.0498665
32173,5.0498665
32174,5.0498665
32175,5.0498665
32176,5.0498665
32177,5.0498665
32178,5.0498665
32179,5.0498665
32180,5.0498665
32181,5.0498665
32182,5.0498665
32183,5.0498665
32184,5.0498665
32185,5.0498665
32186,5.0498665
32187,5.0498665
32188,5.0498665
32189,5.0498665
32190,5.0498665
32191,5.0498665
32192,5.0498665
32193,5.0498665
32194,5.0498665
32195,5.0498665
32196,5.0498665
32197,5.0498665
32198,5.0498665
32199,5.0498665
32200,5.0498665
32201,5.0498665
32202,5.0498665
32203,5.0498665
32204,5.0498665
32205,5.0498665
32206,5.0498665
32207,5.0498665
32208,5.0498665
32209,5.0498665
32210,5.0498665
32211,5.0498665
32212,5.0498665
32213,5.0498665
32214,5.0498665
32215,5.0498665
32216,5.0498665
32217,5.0498665
32218,5.0498665
32219,5.0498665
32220,5.0498665
32221,5.0498665
32222,5.0498665
32223,5.0498665
32224,5.0498665
32225,5.0498665
32226,5.0498665
32227,5.0498665
32228,5.0498665
32229,5.0498665
32230,5.0498665
32231,5.0498665
32232,5.0498665
32233,5.0498665
32234,5.0498665
32235,5.0498665
32236,5.0498665
32237,5.0498665
32238,5.0498665
32239,5.0498665
32240,5.0498665
32241,5.0498665
32242,5.0498665
32243,5.0498665
32244,5.0498665
32245,5.0498665
32246,5.0498665
32247,5.0498665
32248,5.0498665
32249,5.0498665
32250,5.0498665
32251,5.0498665
32252,5.0498665
32253,5.0498665
32254,5.0498665
32255,5.0498665
32256,5.0498665
32257,5.0498665
32258,5.0498665
32259,5.0498665
32260,5.0498665
32261,5.0498665
32262,5.0498665
32263,5.0498665
32264,5.0498665
32265,5.0498665
32266,5.0498665
32267,5.0498665
32268,5.0498665
32269,5.0498665
32270,5.0498665
32271,5.0498665
32272,5.0498665
32273,5.0498665
32274,5.0498665
32275,5.0498665
32276,5.0498665
32277,5.0498665
32278,5.0498665
32279,5.0498665
32280,5.0498665
32281,5.0498665
32282,5.0498665
32283,5.0498665
32284,5.0498665
32285,5.0498665
32286,5.0498665
32287,5.0498665
32288,5.0498665
32289,5.0498665
32290,5.0498665
32291,5.0498665
32292,5.0498665
32293,5.0498665
32294,5.0498665
32295,5.0498665
32296,5.0498665
32297,5.0498665
32298,5.0498665
32299,5.0498665
32300,5.0498665
32301,5.0498665
32302,5.0498665
32303,5.0498665
32304,5.0498665
32305,5.0498665
32306,5.0498665
32307,5.0498665
32308,5.0498665
32309,5.0498665
32310,5.0498665
32311,5.0498665
32312,5.0498665
32313,5.0498665
32314,5.0498665
32315,5.0498665
32316,5.0498665
32317,5.0498665
32318,5.0498665
32319,5.0498665
32320,5.0498665
32321,5.0498665
32322,5.0498665
32323,5.0498665
32324,5.0498665
32325,5.0498665
32326,5.0498665
32327,5.0498665
32328,5.0498665
32329,5.0498665
32330,5.0498665
32331,5.0498665
32332,5.0498665
32333,5.0498665
32334,5.0498665
32335,5.0498665
32336,5.0498665
32337,5.0498665
32338,5.0498665
32339,5.0498665
32340,5.0498665
32341,5.0498665
32342,5.0498665
32343,5.0498665
32344,5.0498665
32345,5.0498665
32346,5.0498665
32347,5.0498665
32348,5.0498665
32349,5.0498665
32350,5.0498665
32351,5.0498665
32352,5.0498665
32353,5.0498665
32354,5.0498665
32355,5.0498665
32356,5.0498665
32357,5.0498665
32358,5.0498665
32359,5.0498665
32360,5.0498665
32361,5.0498665
32362,5.0498665
32363,5.0498665
32364,5.0498665
32365,5.0498665
32366,5.0498665
32367,5.0498665
32368,5.0498665
32369,5.0498665
32370,5.0498665
32371,5.0498665
32372,5.0498665
32373,5.0498665
32374,5.0498665
32375,5.0498665
32376,5.0498665
32377,5.0498665
32378,5.0498665
32379,5.0498665
32380,5.0498665
32381,5.0498665
32382,5.0498665
32383,5.0498665
32384,5.0498665
32385,5.0498665
32386,5.0498665
32387,5.0498665
32388,5.0498665
32389,5.0498665
32390,5.0498665
32391,5.0498665
32392,5.0498665
32393,5.0498665
32394,5.0498665
32395,5.0498665
32396,5.0498665
32397,5.0498665
32398,5.0498665
32399,5.0498665
32400,5.0498665
32401,5.0498665
32402,5.0498665
32403,5.0498665
32404,5.0498665
32405,5.0498665
32406,5.0498665
32407,5.0498665
32408,5.0498665
32409,5.0498665
32410,5.0498665
32411,5.0498665
32412,5.0498665
32413,5.0498665
32414,5.0498665
32415,5.0498665
32416,5.0498665
32417,5.0498665
32418,5.0498665
32419,5.0498665
32420,5.0498665
32421,5.0498665
32422,5.0498665
32423,5.0498665
32424,5.0498665
32425,5.0498665
32426,5.0498665
32427,5.0498665
32428,5.0498665
32429,5.0498665
32430,5.0498665
32431,5.0498665
32432,5.0498665
32433,5.0498665
32434,5.0498665
32435,5.0498665
32436,5.0498665
32437,5.0498665
32438,5.0498665
32439,5.0498665
32440,5.0498665
32441,5.0498665
32442,5.0498665
32443,5.0498665
32444,5.0498665
32445,5.0498665
32446,5.0498665
32447,5.0498665
32448,5.0498665
32449,5.0498665
32450,5.0498665
32451,5.0498665
32452,5.0498665
32453,5.0498665
32454,5.0498665
32455,5.0498665
32456,5.0498665
32457,5.0498665
32458,5.0498665
32459,5.0498665
32460,5.0498665
32461,5.0498665
32462,5.0498665
32463,5.0498665
32464,5.0498665
32465,5.0498665
32466,5.0498665
32467,5.0498665
32468,5.0498665
32469,5.0498665
32470,5.0498665
32471,5.0498665
32472,5.0498665
32473,5.0498665
32474,5.0498665
32475,5.0498665
32476,5.0498665
32477,5.0498665
32478,5.0498665
32479,5.0498665
32480,5.0498665
32481,5.0498665
32482,5.0498665
32483,5.0498665
32484,5.0498665
32485,5.0498665
32486,5.0498665
32487,5.0498665
32488,5.0498665
32489,5.0498665
32490,5.0498665
32491,5.0498665
32492,5.0498665
32493,5.0498665
32494,5.0498665
32495,5.0498665
32496,5.0498665
32497,5.0498665
32498,5.0498665
32499,5.0498665
32500,5.0498665
32501,5.0498665
32502,5.0498665
32503,5.0498665
32504,5.0498665
32505,5.0498665
32506,5.0498665
32507,5.0498665
32508,5.0498665
32509,5.0498665
32510,5.0498665
32511,5.0498665
32512,5.0498665
32513,5.0498665
32514,5.0498665
32515,5.0498665
32516,5.0498665
32517,5.0498665
32518,5.0498665
32519,5.0498665
32520,5.0498665
32521,5.0498665
32522,5.0498665
32523,5.0498665
32524,5.0498665
32525,5.0498665
32526,5.0498665
32527,5.0498665
32528,5.0498665
32529,5.0498665
32530,5.0498665
32531,5.0498665
32532,5.0498665
32533,5.0498665
32534,5.0498665
32535,5.0498665
32536,5.0498665
32537,5.0498665
32538,5.0498665
32539,5.0498665
32540,5.0498665
32541,5.0498665
32542,5.0498665
32543,5.0498665
32544,5.0498665
32545,5.0498665
32546,5.0498665
32547,5.0498665
32548,5.0498665
32549,5.0498665
32550,5.0498665
32551,5.0498665
32552,5.0498665
32553,5.0498665
32554,5.0498665
32555,5.0498665
32556,5.0498665
32557,5.0498665
32558,5.0498665
32559,5.0498665
32560,5.0498665
32561,5.0498665
32562,5.0498665
32563,5.0498665
32564,5.0498665
32565,5.0498665
32566,5.0498665
32567,5.0498665
32568,5.0498665
32569,5.0498665
32570,5.0498665
32571,5.0498665
32572,5.0498665
32573,5.0498665
32574,5.0498665
32575,5.0498665
32576,5.0498665
32577,5.0498665
32578,5.0498665
32579,5.0498665
32580,5.0498665
32581,5.0498665
32582,5.0498665
32583,5.0498665
32584,5.0498665
32585,5.0498665
32586,5.0498665
32587,5.0498665
32588,5.0498665
32589,5.0498665
32590,5.0498665
32591,5.0498665
32592,5.0498665
32593,5.0498665
32594,5.0498665
32595,5.0498665
32596,5.0498665
32597,5.0498665
32598,5.0498665
32599,5.0498665
32600,5.0498665
32601,5.0498665
32602,5.0498665
32603,5.0498665
32604,5.0498665
32605,5.0498665
32606,5.0498665
32607,5.0498665
32608,5.0498665
32609,5.0498665
32610,5.0498665
32611,5.0498665
32612,5.0498665
32613,5.0498665
32614,5.0498665
32615,5.0498665
32616,5.0498665
32617,5.0498665
32618,5.0498665
32619,5.0498665
32620,5.0498665
32621,5.0498665
32622,5.0498665
32623,5.0498665
32624,5.0498665
32625,5.0498665
32626,5.0498665
32627,5.051781
32628,5.0518285
32629,5.0518285
32630,5.0524654
32631,5.0524654
32632,5.0539816
32633,5.0577749
32634,5.0601067
32635,5.0613437
32636,5.0613437
32637,5.0619096
32638,5.0619096
32639,5.063895
32640,5.063895
32641,5.063895
32642,5.0674037
32643,5.0674037
32644,5.0674037
32645,5.0674037
32646,5.0674037
32647,5.0674037
32648,5.0674037
32649,5.0674037
32650,5.0712291
32651,5.0715503
32652,5.0732397
32653,5.076139
32654,5.076139
32655,5.076139
32656,5.076139
32657,5.076139
32658,5.076139
32659,5.076139
32660,5.076139
32661,5.0770338
32662,5.0770338
32663,5.0770338
32664,5.0770338
32665,5.0770338
32666,5.0770338
32667,5.0776737
32668,5.0776737
32669,5.0782245
32670,5.0782245
32671,5.0804942
32672,5.0804942
32673,5.0805729
32674,5.0813791
32675,5.0825051
32676,5.0832019
32677,5.0832019
32678,5.0832019
32679,5.0832019
32680,5.0832019
32681,5.0832019
32682,5.0839593
32683,5.0839697
32684,5.0839697
32685,5.0839697
32686,5.0845187
32687,5.0845187
32688,5.0845187
32689,5.0845187
32690,5.0845187
32691,5.0845187
32692,5.0845187
32693,5.0845187
32694,5.0845187
32695,5.0863099
32696,5.0863099
32697,5.0863099
32698,5.0863099
32699,5.0863099
32700,5.0863099
32701,5.0863099
32702,5.0886724
32703,5.0889642
32704,5.0890256
32705,5.0890256
32706,5.0891842
32707,5.0891842
32708,5.0907081
32709,5.0911947
32710,5.0911947
32711,5.0911947
32712,5.0930792
32713,5.0930792
32714,5.0942385
32715,5.0942385
32716,5.0947924
32717,5.0947924
32718,5.0966622
32719,5.0966622
32720,5.0966622
32721,5.0979158
32722,5.0979158
32723,5.0979158
32724,5.0979158
32725,5.0979158
32726,5.0979158
32727,5.1006466
32728,5.101381
32729,5.1020488
32730,5.1020488
32731,5.1034923
32732,5.1034923
32733,5.1034923
32734,5.1034923
32735,5.1034923
32736,5.1048479
32737,5.1048479
32738,5.1063156
32739,5.1063612
32740,5.1066343
32741,5.1066343
32742,5.1066343
32743,5.1066343
32744,5.1089255
32745,5.108949
32746,5.1107786
32747,5.1107786
32748,5.1107786
32749,5.1107786
32750,5.1107786
32751,5.1107786
32752,5.1107786
32753,5.1107786
32754,5.1107786
32755,5.1124601
32756,5.1133246
32757,5.1140335
32758,5.1158361
32759,5.117494
32760,5.1177486
32761,5.1177486
32762,5.1188755
32763,5.1204844
32764,5.1223205
32765,5.1229441
32766,5.1261935
32767,5.1261935
32768,5.1277666
32769,5.1278727
32770,5.1301611
32771,5.1322985
32772,5.1329909
32773,5.1346068
32774,5.1346068
32775,5.1346068
32776,5.1361714
32777,5.1361714
32778,5.1385986
32779,5.1398833
32780,5.1420282
32781,5.1420282
32782,5.1424731
32783,5.1454104
32784,5.1465858
32785,5.1476616
32786,5.1486626
32787,5.1489035
32788,5.1502987
32789,5.1513618
32790,5.1523057
32791,5.1523057
32792,5.1523057
32793,5.1551166
32794,5.1568443
32795,5.1571923
32796,5.159447
32797,5.159447
32798,5.1606489
32799,5.1626524
32800,5.1643745
32801,5.1645564
32802,5.1645564
32803,5.1657229
32804,5.1673919
32805,5.1673919
32806,5.1677783
32807,5.1680354
32808,5.1705432
32809,5.1747306
32810,5.1768565
32811,5.1786101
32812,5.181699
32813,5.181699
32814,5.181699
32815,5.1832059
32816,5.1840919
32817,5.1841066
32818,5.1841066
32819,5.1841066
32820,5.1841269
32821,5.1845559
32822,5.1846084
32823,5.1846084
32824,5.1856489
32825,5.186935
32826,5.1879448
32827,5.1879448
32828,5.1879448
32829,5.1879448
32830,5.1881299
32831,5.1887371
32832,5.1899869
32833,5.1911763
32834,5.1911763
32835,5.1929052
32836,5.1950449
32837,5.1950449
32838,5.1950449
32839,5.1967112
32840,5.1967112
32841,5.1967112
32842,5.1970388
32843,5.1980833
32844,5.1983536
32845,5.1983536
32846,5.1983536
32847,5.1983536
32848,5.1992727
32849,5.1992727
32850,5.1992727
32851,5.199494
32852,5.2009631
32853,5.2014735
32854,5.2014735
32855,5.2025893
32856,5.2025893
32857,5.2033932
32858,5.2037799
32859,5.2037799
32860,5.2049221
32861,5.2051876
32862,5.2051876
32863,5.2051876
32864,5.2051876
32865,5.2051876
32866,5.2057593
32867,5.2057593
32868,5.2063648
32869,5.2063648
32870,5.2063648
32871,5.2063648
32872,5.2063648
32873,5.2065078
32874,5.2065078
32875,5.2084743
32876,5.2084743
32877,5.2084743
32878,5.2092214
32879,5.2092214
32880,5.2092214
32881,5.2101616
32882,5.2101616
32883,5.2101616
32884,5.2101616
32885,5.2101616
32886,5.2101616
32887,5.2101616
32888,5.2101616
32889,5.2101616
32890,5.2101616
32891,5.2101616
32892,5.2101616
32893,5.2101616
32894,5.2101616
32895,5.2101616
32896,5.2101616
32897,5.2101616
32898,5.2101616
32899,5.2101616
32900,5.2101616
32901,5.2101616
32902,5.2110049
32903,5.2110049
32904,5.2110049
32905,5.2110049
32906,5.2123748
32907,5.2124465
32908,5.2129636
32909,5.2129636
32910,5.2129636
32911,5.2129636
32912,5.2129636
32913,5.2129636
32914,5.2129636
32915,5.2129636
32916,5.2129636
32917,5.213944
32918,5.213944
32919,5.2146117
32920,5.2146117
32921,5.2146117
32922,5.2146117
32923,5.2146117
32924,5.2146117
32925,5.2146117
32926,5.2146117
32927,5.2146117
32928,5.2146117
32929,5.2146117
32930,5.2146117
32931,5.2146117
32932,5.2146117
32933,5.2146117
32934,5.2146117
32935,5.2146117
32936,5.2146117
32937,5.2146117
32938,5.2146117
32939,5.2146117
32940,5.2146117
32941,5.2146117
32942,5.2146117
32943,5.2146117
32944,5.2146117
32945,5.2146117
32946,5.2146117
32947,5.2146117
32948,5.2146117
32949,5.2146117
32950,5.2146117
32951,5.2146117
32952,5.2146117
32953,5.2146117
32954,5.2146117
32955,5.2146117
32956,5.2148655
32957,5.2148655
32958,5.2148655
32959,5.2148655
32960,5.2148655
32961,5.2148655
32962,5.2148655
32963,5.2148655
32964,5.2148655
32965,5.2148655
32966,5.2151021
32967,5.2151021
32968,5.2151021
32969,5.2151021
32970,5.2151021
32971,5.2152569
32972,5.2152569
32973,5.2152569
32974,5.2152569
32975,5.2152569
32976,5.2152569
32977,5.2152569
32978,5.2152569
32979,5.2152569
32980,5.2152569
32981,5.2175358
32982,5.2175358
32983,5.2175358
32984,5.2175358
32985,5.2175358
32986,5.2175358
32987,5.2175358
32988,5.2175358
32989,5.2175358
32990,5.2175358
32991,5.2175358
32992,5.2175358
32993,5.2175358
32994,5.2175358
32995,5.2175358
32996,5.2175358
32997,5.2175358
32998,5.2175358
32999,5.2175358
33000,5.2175358
33001,5.2175358
33002,5.2179198
33003,5.2179198
33004,5.2179198
33005,5.2179198
33006,5.2179198
33007,5.2185116
33008,5.2185116
33009,5.2185116
33010,5.2185116
33011,5.2185116
33012,5.2185116
33013,5.2195318
33014,5.2195736
33015,5.2195736
33016,5.2195736
33017,5.2195736
33018,5.2195736
33019,5.2195736
33020,5.2199986
33021,5.2201845
33022,5.2201845
33023,5.2201845
33024,5.2203486
33025,5.2203486
33026,5.2203486
33027,5.2209827
33028,5.2209827
33029,5.2209827
33030,5.2209827
33031,5.2209827
33032,5.2225559
33033,5.2225559
33034,5.2245259
33035,5.2245259
33036,5.2255433
33037,5.2265874
33038,5.2272221
33039,5.2272221
33040,5.2283497
33041,5.2283497
33042,5.2291071
33043,5.2291071
33044,5.2291145
33045,5.2298702
33046,5.2298702
33047,5.2304819
33048,5.2318754
33049,5.2318754
33050,5.2323775
33051,5.2323775
33052,5.2323775
33053,5.2323775
33054,5.2323775
33055,5.2323775
33056,5.2323775
33057,5.2324518
33058,5.2324518
33059,5.2324518
33060,5.2339659
33061,5.2340561
33062,5.2340561
33063,5.2352573
33064,5.2352573
33065,5.2352573
33066,5.2353801
33067,5.2372098
33068,5.2386065
33069,5.2386065
33070,5.238778
33071,5.238778
33072,5.238778
33073,5.238778
33074,5.238778
33075,5.2392546
33076,5.239415
33077,5.2399319
33078,5.2411244
33079,5.24218
33080,5.24218
33081,5.24218
33082,5.2451478
33083,5.2467616
33084,5.2480438
33085,5.2487964
33086,5.2487964
33087,5.2487964
33088,5.2492918
33089,5.2510879
33090,5.2510879
33091,5.2522208
33092,5.2522208
33093,5.253535
33094,5.253535
33095,5.253535
33096,5.253535
33097,5.253535
33098,5.253535
33099,5.2542368
33100,5.2563722
33101,5.2583708
33102,5.2583708
33103,5.2617638
33104,5.2617638
33105,5.2617638
33106,5.2635268
33107,5.2643829
33108,5.2643829
33109,5.2643829
33110,5.2643829
33111,5.2649243
33112,5.2649243
33113,5.2666347
33114,5.2666347
33115,5.2667217
33116,5.2667217
33117,5.2667217
33118,5.2667217
33119,5.2667217
33120,5.2667217
33121,5.2667217
33122,5.2667217
33123,5.2670649
33124,5.2670649
33125,5.2670649
33126,5.2670649
33127,5.2670649
33128,5.2670649
33129,5.2670649
33130,5.2670649
33131,5.2695039
33132,5.2695039
33133,5.2695039
33134,5.2695039
33135,5.2695039
33136,5.2699096
33137,5.2699096
33138,5.2699975
33139,5.270122
33140,5.270122
33141,5.270122
33142,5.270122
33143,5.270122
33144,5.270122
33145,5.270122
33146,5.270122
33147,5.270122
33148,5.271354
33149,5.271354
33150,5.271354
33151,5.271354
33152,5.271354
33153,5.271354
33154,5.271354
33155,5.2714952
33156,5.2714952
33157,5.2714952
33158,5.2714952
33159,5.2714952
33160,5.2714952
33161,5.2714952
33162,5.2714952
33163,5.2714952
33164,5.2714952
33165,5.2714952
33166,5.2714952
33167,5.2714952
33168,5.2714952
33169,5.2714952
33170,5.2714952
33171,5.2714952
33172,5.2714952
33173,5.2714952
33174,5.2714952
33175,5.2714952
33176,5.2714952
33177,5.2714952
33178,5.2714952
33179,5.2714952
33180,5.2714952
33181,5.2714952
33182,5.2714952
33183,5.2714952
33184,5.2714952
33185,5.2714952
33186,5.2714952
33187,5.2714952
33188,5.2714952
33189,5.2714952
33190,5.2714952
33191,5.2714952
33192,5.2714952
33193,5.2714952
33194,5.2714952
33195,5.2714952
33196,5.2714952
33197,5.2714952
33198,5.2714952
33199,5.2714952
33200,5.2714952
33201,5.2714952
33202,5.2714952
33203,5.2714952
33204,5.2714952
33205,5.2714952
33206,5.2714952
33207,5.2714952
33208,5.2719383
33209,5.2719383
33210,5.2719383
33211,5.2719383
33212,5.2719383
33213,5.2719383
33214,5.2719383
33215,5.2719383
33216,5.2719383
33217,5.2719383
33218,5.2719383
33219,5.2719383
33220,5.2719383
33221,5.2719383
33222,5.2719383
33223,5.2719383
33224,5.2719383
33225,5.2719383
33226,5.2719383
33227,5.2719383
33228,5.2719383
33229,5.2719383
33230,5.2719383
33231,5.2719383
33232,5.2719383
33233,5.2719383
33234,5.2719383
33235,5.2719383
33236,5.2719383
33237,5.2719383
33238,5.2719383
33239,5.2719383
33240,5.2719383
33241,5.2719383
33242,5.2719383
33243,5.2719383
33244,5.2719383
33245,5.2722177
33246,5.2722177
33247,5.2733806
33248,5.2739463
33249,5.275647
33250,5.2760699
33251,5.2765245
33252,5.2767794
33253,5.2785177
33254,5.2797147
33255,5.2812959
33256,5.282645
33257,5.2851399
33258,5.2856511
33259,5.2892606
33260,5.292302
33261,5.2945935
33262,5.2951978
33263,5.2951978
33264,5.2961334
33265,5.2981576
33266,5.299607
33267,5.3022034
33268,5.3048612
33269,5.3070296
33270,5.3096645
33271,5.3122324
33272,5.3145124
33273,5.3164493
33274,5.3180057
33275,5.3180057
33276,5.3199209
33277,5.3215711
33278,5.3235503
33279,5.3260814
33280,5.326702
33281,5.3287409
33282,5.3311845
33283,5.334597
33284,5.3368745
33285,5.3380418
33286,5.3380418
33287,5.3383189
33288,5.3388026
33289,5.3389886
33290,5.3398704
33291,5.3408615
33292,5.3409406
33293,5.3413419
33294,5.3413879
33295,5.3425409
33296,5.3427224
33297,5.3427224
33298,5.3427224
33299,5.3427224
33300,5.3427224
33301,5.3427224
33302,5.3441916
33303,5.3441916
33304,5.3441916
33305,5.3443468
33306,5.3443468
33307,5.3443468
33308,5.3443468
33309,5.3443468
33310,5.3453684
33311,5.3453684
33312,5.3453684
33313,5.3458017
33314,5.3458017
33315,5.3462324
33316,5.3470033
33317,5.347107
33318,5.3475133
33319,5.3478055
33320,5.3491267
33321,5.3496586
33322,5.3496586
33323,5.3496586
33324,5.3500973
33325,5.3500973
33326,5.3500973
33327,5.350874
33328,5.3522235
33329,5.3529503
33330,5.353238
33331,5.353238
33332,5.3535891
33333,5.3558159
33334,5.3570794
33335,5.3580401
33336,5.3584233
33337,5.3594248
33338,5.3617849
33339,5.3635856
33340,5.3652987
33341,5.3679789
33342,5.3683005
33343,5.3707357
33344,5.3707357
33345,5.371235
33346,5.371235
33347,5.371235
33348,5.3722387
33349,5.3722387
33350,5.3722387
33351,5.3722387
33352,5.3741386
33353,5.3741386
33354,5.3746333
33355,5.3758823
33356,5.376842
33357,5.376842
33358,5.3771794
33359,5.377829
33360,5.3796265
33361,5.3796265
33362,5.3801407
33363,5.3801407
33364,5.3801407
33365,5.3804054
33366,5.3804054
33367,5.3804054
33368,5.380854
33369,5.3809887
33370,5.3824209
33371,5.3830505
33372,5.3835369
33373,5.3835369
33374,5.3835369
33375,5.3854279
33376,5.3855583
33377,5.3855583
33378,5.3855583
33379,5.3855583
33380,5.3855583
33381,5.3868859
33382,5.3868859
33383,5.3868859
33384,5.3868859
33385,5.3871307
33386,5.3871307
33387,5.3883511
33388,5.3884877
33389,5.3904365
33390,5.3904365
33391,5.3904365
33392,5.3904365
33393,5.3904365
33394,5.3904365
33395,5.3904365
33396,5.3907934
33397,5.3913236
33398,5.3917109
33399,5.3918072
33400,5.3921044
33401,5.3921044
33402,5.3937907
33403,5.3937907
33404,5.394577
33405,5.394577
33406,5.3949127
33407,5.394928
33408,5.3953212
33409,5.3953212
33410,5.3956829
33411,5.3956829
33412,5.3977746
33413,5.3977746
33414,5.3977746
33415,5.3977746
33416,5.3977746
33417,5.399269
33418,5.399269
33419,5.3994983
33420,5.400029
33421,5.4001744
33422,5.4001744
33423,5.4001744
33424,5.4001744
33425,5.4001744
33426,5.4001744
33427,5.4005424
33428,5.4009746
33429,5.4014573
33430,5.4014573
33431,5.4017097
33432,5.4017097
33433,5.4021173
33434,5.4021173
33435,5.4021173
33436,5.4021173
33437,5.4021173
33438,5.4023176
33439,5.4023176
33440,5.4023176
33441,5.4023176
33442,5.4023176
33443,5.4025411
33444,5.4026456
33445,5.4026456
33446,5.4026456
33447,5.4029491
33448,5.4029491
33449,5.4029491
33450,5.4030038
33451,5.4035287
33452,5.4042261
33453,5.4042261
33454,5.4043962
33455,5.40537
33456,5.4066009
33457,5.4066009
33458,5.4066009
33459,5.4066009
33460,5.4081619
33461,5.4091492
33462,5.4096701
33463,5.4096701
33464,5.4096701
33465,5.4101612
33466,5.4126951
33467,5.4136308
33468,5.4141166
33469,5.4146003
33470,5.4147548
33471,5.4147548
33472,5.4147548
33473,5.4147548
33474,5.4147548
33475,5.4147548
33476,5.4147548
33477,5.4159706
33478,5.4159706
33479,5.4160988
33480,5.4160988
33481,5.4171391
33482,5.4171391
33483,5.4175434
33484,5.4175434
33485,5.4175434
33486,5.4175434
33487,5.4175434
33488,5.4175752
33489,5.4175752
33490,5.4175752
33491,5.4175752
33492,5.4175752
33493,5.4175752
33494,5.4175752
33495,5.4180818
33496,5.4180818
33497,5.4192314
33498,5.4192314
33499,5.419856
33500,5.4202661
33501,5.420459
33502,5.4211432
33503,5.4213668
33504,5.4215864
33505,5.4241051
33506,5.4241051
33507,5.4241051
33508,5.4273867
33509,5.4304143
33510,5.4339689
33511,5.4352431
33512,5.4365186
33513,5.4410761
33514,5.4416641
33515,5.443605
33516,5.4437842
33517,5.4447999
33518,5.4474514
33519,5.4511009
33520,5.452768
33521,5.4594573
33522,5.4597667
33523,5.4628342
33524,5.462984
33525,5.462984
33526,5.4659138
33527,5.466063
33528,5.4661658
33529,5.4691223
33530,5.4715937
33531,5.473145
33532,5.4759032
33533,5.4760061
33534,5.4780052
33535,5.4793481
33536,5.4813204
33537,5.484354
33538,5.4846741
33539,5.4857341
33540,5.4857957
33541,5.4882991
33542,5.4901652
33543,5.491543
33544,5.493998
33545,5.4963874
33546,5.4982596
33547,5.4982596
33548,5.5017996
33549,5.503831
33550,5.5102188
33551,5.5116219
33552,5.5117065
33553,5.5120738
33554,5.5138956
33555,5.5184802
33556,5.5211899
33557,5.5217561
33558,5.5244729
33559,5.5296255
33560,5.5348732
33561,5.5375758
33562,5.5392345
33563,5.5422078
33564,5.5466472
33565,5.5479167
33566,5.5519907
33567,5.5546983
33568,5.5589152
33569,5.5627496
33570,5.5658544
33571,5.5702058
33572,5.5738822
33573,5.5749694
33574,5.5772172
33575,5.579916
33576,5.5817705
33577,5.5858622
33578,5.5875592
33579,5.5910734
33580,5.5935023
33581,5.5981416
33582,5.6069777
33583,5.6096477
33584,5.6136034
33585,5.6200744
33586,5.6266909
33587,5.6302643
33588,5.6333974
33589,5.6375173
33590,5.643174
33591,5.6489997
33592,5.6516882
33593,5.655106
33594,5.6570509
33595,5.6631766
33596,5.6640843
33597,5.6740946
33598,5.674931
33599,5.6792838
33600,5.6834482
33601,5.6870403
33602,5.6883086
33603,5.6923771
33604,5.6940587
33605,5.701568
33606,5.7056817
33607,5.7124794
33608,5.7127928
33609,5.7162305
33610,5.7187592
33611,5.7228121
33612,5.7279928
33613,5.7295234
33614,5.7310814
33615,5.7324424
33616,5.7353551
33617,5.7401282
33618,5.7419752
33619,5.7477471
33620,5.7514293
33621,5.7524452
33622,5.7574327
33623,5.7589087
33624,5.7642959
33625,5.7681412
33626,5.7719606
33627,5.7760971
33628,5.7846181
33629,5.7859294
33630,5.7915281
33631,5.7943581
33632,5.7986232
33633,5.8019686
33634,5.8083139
33635,5.811645
33636,5.8122018
33637,5.8150959
33638,5.8203098
33639,5.8254893
33640,5.8304445
33641,5.8356133
33642,5.8414566
33643,5.8434193
33644,5.8496508
33645,5.8541482
33646,5.8593928
33647,5.8614576
33648,5.8630576
33649,5.8638695
33650,5.8693577
33651,5.8783811
33652,5.8860034
33653,5.8899229
33654,5.8930714
33655,5.8967683
33656,5.9009262
33657,5.9059502
33658,5.9101746
33659,5.9201703
33660,5.9203659
33661,5.9306975
33662,5.932303
33663,5.9388485
33664,5.943878
33665,5.9486512
33666,5.9516427
33667,5.958841
33668,5.9606
33669,5.9652545
33670,5.9764457
33671,5.9855321
33672,5.9892315
33673,5.9950965
33674,6.0039694
33675,6.0093929
33676,6.0175688
33677,6.0266782
33678,6.032419
33679,6.0374414
33680,6.0389472
33681,6.0395072
33682,6.0397437
33683,6.0461389
33684,6.0517364
33685,6.056114
33686,6.0574594
33687,6.061897
33688,6.063927
33689,6.0693828
33690,6.0745762
33691,6.0824211
33692,6.0896334
33693,6.0991891
33694,6.0998492
33695,6.1073438
33696,6.1188503
33697,6.1258772
33698,6.1282168
33699,6.1347134
33700,6.1373856
33701,6.1457191
33702,6.1464264
33703,6.1482753
33704,6.1490169
33705,6.1552447
33706,6.1635815
33707,6.1696405
33708,6.172022
33709,6.1769703
33710,6.1812257
33711,6.1861035
33712,6.1877209
33713,6.1936644
33714,6.1955101
33715,6.1987669
33716,6.2053864
33717,6.2064356
33718,6.2091353
33719,6.2137439
33720,6.2141238
33721,6.2202668
33722,6.2246495
33723,6.2286192
33724,6.2331833
33725,6.2382823
33726,6.2435602
33727,6.2463032
33728,6.2531996
33729,6.2596006
33730,6.2636793
33731,6.2702361
33732,6.2740866
33733,6.2791238
33734,6.2799309
33735,6.2844135
33736,6.2861554
33737,6.291549
33738,6.2965786
33739,6.3021786
33740,6.3065546
33741,6.3126994
33742,6.3191027
33743,6.3224337
33744,6.3253249
33745,6.3259032
33746,6.3335097
33747,6.3361638
33748,6.3374005
33749,6.3409208
33750,6.3427504
33751,6.353132
33752,6.3555689
33753,6.3604393
33754,6.3634005
33755,6.3670765
33756,6.3696527
33757,6.3734534
33758,6.3761449
33759,6.3813281
33760,6.3834694
33761,6.3876632
33762,6.3999504
33763,6.4046986
33764,6.4089321
33765,6.4136101
33766,6.4168459
33767,6.4249633
33768,6.4299536
33769,6.4439499
33770,6.4499103
33771,6.4524321
33772,6.45446
33773,6.4591496
33774,6.4641819
33775,6.4673513
33776,6.4773193
33777,6.4808084
33778,6.4868067
33779,6.4899986
33780,6.4988925
33781,6.502733
33782,6.5122242
33783,6.5163056
33784,6.5236874
33785,6.5279217
33786,6.5351393
33787,6.5460259
33788,6.5540926
33789,6.5556859
33790,6.560688
33791,6.5630658
33792,6.565294
33793,6.5689114
33794,6.5729091
33795,6.5773113
33796,6.57817
33797,6.5807598
33798,6.5816224
33799,6.5899851
33800,6.5954215
33801,6.5993234
33802,6.6067408
33803,6.6094615
33804,6.6135229
33805,6.6145382
33806,6.6189996
33807,6.6198142
33808,6.6224951
33809,6.6233723
33810,6.6251672
33811,6.6337916
33812,6.6362906
33813,6.6479016
33814,6.6495862
33815,6.6512692
33816,6.6613903
33817,6.6676294
33818,6.6775411
33819,6.6780648
33820,6.6806532
33821,6.6865065
33822,6.691663
33823,6.6961464
33824,6.7033899
33825,6.7100106
33826,6.716381
33827,6.7184684
33828,6.7225635
33829,6.7350885
33830,6.7388106
33831,6.7444486
33832,6.7497446
33833,6.7553781
33834,6.7597916
33835,6.7622231
33836,6.7634495
33837,6.7674841
33838,6.7685523
33839,6.7761593
33840,6.7841628
33841,6.7871971
33842,6.7934103
33843,6.8020788
33844,6.8067065
33845,6.8145954
33846,6.8199628
33847,6.821882
33848,6.8240527
33849,6.8333201
33850,6.8381766
33851,6.8423237
33852,6.8478015
33853,6.8533519
33854,6.8584897
33855,6.86433
33856,6.870736
33857,6.8735112
33858,6.8774735
33859,6.8809288
33860,6.8835039
33861,6.8869374
33862,6.8929059
33863,6.9027206
33864,6.9061119
33865,6.9133108
33866,6.9187476
33867,6.9222145
33868,6.9278856
33869,6.935579
33870,6.936731
33871,6.9417416
33872,6.9450956
33873,6.9491234
33874,6.9541395
33875,6.9586472
33876,6.9643956
33877,6.9652482
33878,6.9723041
33879,6.9725983
33880,6.9741111
33881,6.9782618
33882,6.9812332
33883,6.988998
33884,6.9986167
33885,7.0005746
33886,7.0107565
33887,7.0138792
33888,7.0189902
33889,7.0250161
33890,7.0281743
33891,7.0327786
33892,7.0377498
33893,7.0448506
33894,7.0462217
33895,7.0495211
33896,7.0516923
33897,7.0531884
33898,7.053618
33899,7.0579558
33900,7.0646907
33901,7.0713534
33902,7.0738418
33903,7.0785667
33904,7.0798506
33905,7.0808304
33906,7.0808304
33907,7.0810859
33908,7.0811531
33909,7.0823572
33910,7.0840435
33911,7.0840435
33912,7.0864722
33913,7.092183
33914,7.0953573
33915,7.0976234
33916,7.1012152
33917,7.1016595
33918,7.1037247
33919,7.1042962
33920,7.1045007
33921,7.1091563
33922,7.1094394
33923,7.1097324
33924,7.1119894
33925,7.1119894
33926,7.1121642
33927,7.1130163
33928,7.1135306
33929,7.1136267
33930,7.114853
33931,7.1179447
33932,7.1182832
33933,7.1212211
33934,7.1213284
33935,7.126955
33936,7.1296655
33937,7.1333016
33938,7.1344333
33939,7.1412561
33940,7.1472787
33941,7.1492996
33942,7.1553543
33943,7.1621037
33944,7.1661677
33945,7.1670329
33946,7.1719737
33947,7.1762571
33948,7.1814993
33949,7.1816933
33950,7.1875842
33951,7.1887539
33952,7.1892433
33953,7.1898815
33954,7.1933285
33955,7.1976259
33956,7.2007339
33957,7.2041146
33958,7.2094072
33959,7.2131171
33960,7.2148849
33961,7.2199051
33962,7.2247497
33963,7.2255972
33964,7.2255972
33965,7.2270634
33966,7.2290994
33967,7.2297146
33968,7.2334949
33969,7.2334949
33970,7.233643
33971,7.2355021
33972,7.2355021
33973,7.2393452
33974,7.2406093
33975,7.241052
33976,7.2414536
33977,7.2456686
33978,7.247498
33979,7.2475597
33980,7.2482337
33981,7.249165
33982,7.249165
33983,7.2497436
33984,7.2523821
33985,7.2543126
33986,7.2545863
33987,7.2545863
33988,7.2545863
33989,7.2545863
33990,7.2551266
33991,7.2551266
33992,7.2579294
33993,7.2579294
33994,7.2580265
33995,7.2580265
33996,7.2601904
33997,7.2601904
33998,7.2601904
33999,7.2601904
34000,7.2603122
34001,7.2615719
34002,7.2615719
34003,7.2615719
34004,7.2621072
34005,7.2625895
34006,7.2625895
34007,7.2625895
34008,7.2632693
34009,7.264651
34010,7.268402
34011,7.2699069
34012,7.2699069
34013,7.2704856
34014,7.2704856
34015,7.2704856
34016,7.271294
34017,7.271294
34018,7.2733273
34019,7.2742353
34020,7.2755624
34021,7.2772551
34022,7.2774597
34023,7.2774597
34024,7.2774597
34025,7.2781835
34026,7.2789424
34027,7.2793757
34028,7.2816941
34029,7.2832648
34030,7.2832648
34031,7.2832648
34032,7.2844021
34033,7.286729
34034,7.289132
34035,7.2913026
34036,7.2913851
34037,7.2913851
34038,7.297291
34039,7.2977309
34040,7.3008276
34041,7.3026722
34042,7.3033378
34043,7.3033378
34044,7.3065041
34045,7.3065793
34046,7.3101189
34047,7.3107808
34048,7.3114021
34049,7.3126639
34050,7.3165837
34051,7.3202785
34052,7.3205788
34053,7.322494
34054,7.3226543
34055,7.3261187
34056,7.3267101
34057,7.3267101
34058,7.3270111
34059,7.328988
34060,7.328988
34061,7.3302142
34062,7.3343778
34063,7.334588
34064,7.3375038
34065,7.3375038
34066,7.339086
34067,7.341697
34068,7.3419868
34069,7.3426672
34070,7.3431833
34071,7.3486272
34072,7.3536172
34073,7.3605066
34074,7.3640127
34075,7.3653927
34076,7.3670756
34077,7.3691557
34078,7.3714578
34079,7.3755172
34080,7.3832086
34081,7.3888712
34082,7.3941421
34083,7.4006237
34084,7.4078707
34085,7.4098054
34086,7.413044
34087,7.4156111
34088,7.4215635
34089,7.4268076
34090,7.4354411
34091,7.4411814
34092,7.4468685
34093,7.4480985
34094,7.4480985
34095,7.4518958
34096,7.4572693
34097,7.4624142
34098,7.4665334
34099,7.4745818
34100,7.4745818
34101,7.4787379
34102,7.4830705
34103,7.4870289
34104,7.4900109
34105,7.4930071
34106,7.5009188
34107,7.5053959
34108,7.5064095
34109,7.5079423
34110,7.5109837
34111,7.5133713
34112,7.5161353
34113,7.5191876
34114,7.521986
34115,7.5240558
34116,7.5266654
34117,7.5292815
34118,7.5337388
34119,7.53751
34120,7.5432622
34121,7.5506649
34122,7.5546978
34123,7.5551959
34124,7.562025
34125,7.5688241
34126,7.5759763
34127,7.5831791
34128,7.5863418
34129,7.5965868
34130,7.598563
34131,7.6027861
34132,7.6082365
34133,7.6112332
34134,7.6187229
34135,7.6209063
34136,7.6263017
34137,7.6346697
34138,7.6371573
34139,7.6393406
34140,7.6405548
34141,7.6472979
34142,7.6472979
34143,7.6480689
34144,7.6540421
34145,7.6547831
34146,7.6588535
34147,7.6645594
34148,7.6649235
34149,7.6669952
34150,7.6669952
34151,7.6669952
34152,7.673404
34153,7.6736854
34154,7.6736854
34155,7.6743775
34156,7.6756084
34157,7.6756084
34158,7.6828126
34159,7.6886099
34160,7.6900933
34161,7.6939487
34162,7.6942828
34163,7.6960481
34164,7.7008637
34165,7.7031074
34166,7.7051207
34167,7.7054611
34168,7.7113297
34169,7.7122115
34170,7.7169553
34171,7.7178113
34172,7.7224428
34173,7.7256852
34174,7.7343397
34175,7.7394038
34176,7.7409511
34177,7.7422822
34178,7.7450239
34179,7.7462517
34180,7.7462517
34181,7.7507533
34182,7.7537005
34183,7.7602613
34184,7.7645089
34185,7.7651174
34186,7.7689559
34187,7.7756305
34188,7.7816154
34189,7.7840745
34190,7.7860267
34191,7.7936823
34192,7.7987149
34193,7.8070986
34194,7.8077991
34195,7.8148093
34196,7.821768
34197,7.8280458
34198,7.8299177
34199,7.8329844
34200,7.844644
34201,7.8520182
34202,7.8608787
34203,7.868391
34204,7.8763923
34205,7.8833975
34206,7.8882855
34207,7.8893555
34208,7.8937734
34209,7.8969108
34210,7.8981399
34211,7.8995281
34212,7.9008083
34213,7.9024909
34214,7.9084701
34215,7.9088381
34216,7.9120454
34217,7.9168563
34218,7.9168563
34219,7.9196958
34220,7.9242409
34221,7.9249871
34222,7.9270994
34223,7.933237
34224,7.94238
34225,7.9435492
34226,7.9515293
34227,7.9548931
34228,7.9567083
34229,7.967309
34230,7.9712667
34231,7.9733506
34232,7.9737321
34233,7.9764918
34234,7.9805659
34235,7.9854684
34236,7.9891394
34237,7.9935271
34238,7.998904
34239,8.0019673
34240,8.0110171
34241,8.0168784
34242,8.0257061
34243,8.0290304
34244,8.0316202
34245,8.0339028
34246,8.0450694
34247,8.0453558
34248,8.0462356
34249,8.0498856
34250,8.0558036
34251,8.0593282
34252,8.0611509
34253,8.0667178
34254,8.0691406
34255,8.0705035
34256,8.0773546
34257,8.0836043
34258,8.0842725
34259,8.0865309
34260,8.0933631
34261,8.098872
34262,8.1008027
34263,8.1045798
34264,8.1053341
34265,8.1055057
34266,8.1090285
34267,8.1104709
34268,8.1124872
34269,8.1199064
34270,8.1237917
34271,8.131117
34272,8.1373371
34273,8.1409676
34274,8.1468107
34275,8.1483195
34276,8.1494148
34277,8.1559846
34278,8.1628817
34279,8.1652601
34280,8.1671371
34281,8.1677337
34282,8.1689719
34283,8.1740687
34284,8.1750381
34285,8.1833462
34286,8.1886142
34287,8.19311
34288,8.1965973
34289,8.1974753
34290,8.1974753
34291,8.1991461
34292,8.1994388
34293,8.2005575
34294,8.2016897
34295,8.2029248
34296,8.2059891
34297,8.2073748
34298,8.211338
34299,8.2120701
34300,8.213085
34301,8.2144893
34302,8.2162396
34303,8.2179103
34304,8.218805
34305,8.2211448
34306,8.223572
34307,8.2267097
34308,8.22866
34309,8.2328497
34310,8.237742
34311,8.2401304
34312,8.2432309
34313,8.2454272
34314,8.2462863
34315,8.2463073
34316,8.2494724
34317,8.2503343
34318,8.2519701
34319,8.2535736
34320,8.2559133
34321,8.2573171
34322,8.2605603
34323,8.2638231
34324,8.2678777
34325,8.2729639
34326,8.2763672
34327,8.278937
34328,8.2803815
34329,8.2807384
34330,8.2811977
34331,8.2824121
34332,8.2831726
34333,8.2844822
34334,8.2862129
34335,8.2862833
34336,8.2889183
34337,8.2889183
34338,8.2893961
34339,8.2909893
34340,8.2919117
34341,8.2927452
34342,8.294996
34343,8.2955792
34344,8.3020279
34345,8.3071734
34346,8.3121679
34347,8.3154468
34348,8.3220885
34349,8.324193
34350,8.3245457
34351,8.3320206
34352,8.3361277
34353,8.3365861
34354,8.3371152
34355,8.3385339
34356,8.3392013
34357,8.3418462
34358,8.3422414
34359,8.3426335
34360,8.346853
34361,8.3479811
34362,8.349265
34363,8.3535881
34364,8.3564274
34365,8.3567214
34366,8.3604609
34367,8.3675642
34368,8.3691999
34369,8.3723838
34370,8.378007
34371,8.38508
34372,8.3860582
34373,8.3885585
34374,8.3903638
34375,8.3982563
34376,8.4024323
34377,8.4036908
34378,8.4085675
34379,8.415843
34380,8.4203088
34381,8.4279076
34382,8.4315737
34383,8.4356927
34384,8.4396969
34385,8.4479072
34386,8.4513679
34387,8.4582801
34388,8.4595457
34389,8.4613645
34390,8.4637019
34391,8.4640744
34392,8.4665029
34393,8.4706265
34394,8.4707379
34395,8.4768208
34396,8.4824817
34397,8.485965
34398,8.4898582
34399,8.4991949
34400,8.4999086
34401,8.5036457
34402,8.5093865
34403,8.5151631
34404,8.5163926
34405,8.5222568
34406,8.5361481
34407,8.5370097
34408,8.5401825
34409,8.5447098
34410,8.5508123
34411,8.5509793
34412,8.5524654
34413,8.5551239
34414,8.5558807
34415,8.5632309
34416,8.568537
34417,8.5711731
34418,8.5751727
34419,8.5790592
34420,8.5846652
34421,8.6012157
34422,8.6070061
34423,8.6107477
34424,8.6167669
34425,8.6237251
34426,8.6287051
34427,8.6327314
34428,8.636046
34429,8.6515902
34430,8.654266
34431,8.6601824
34432,8.6639161
34433,8.6712582
34434,8.6763654
34435,8.679639
34436,8.6822266
34437,8.6826547
34438,8.6877287
34439,8.6877746
34440,8.6963052
34441,8.6993821
34442,8.712062
34443,8.717366
34444,8.7249714
34445,8.7303027
34446,8.7335792
34447,8.746583
34448,8.746583
34449,8.7496074
34450,8.7512362
34451,8.7531962
34452,8.7641236
34453,8.7687987
34454,8.7717564
34455,8.7844786
34456,8.7866253
34457,8.7966141
34458,8.8062132
34459,8.8109467
34460,8.8165628
34461,8.8241026
34462,8.8306783
34463,8.8353964
34464,8.8487935
34465,8.851668
34466,8.8653847
34467,8.8781848
34468,8.892195
34469,8.8934074
34470,8.899475
34471,8.901278
34472,8.9059399
34473,8.9076132
34474,8.9193713
34475,8.9259323
34476,8.9279263
34477,8.9325365
34478,8.9454171
34479,8.956005
34480,8.9685754
34481,8.9760912
34482,8.9865378
34483,8.9912901
34484,8.9974843
34485,9.0059746
34486,9.008852
34487,9.0126084
34488,9.013839
34489,9.019963
34490,9.026351
34491,9.0342257
34492,9.0421636
34493,9.0459943
34494,9.0542571
34495,9.0617117
34496,9.0646412
34497,9.0683233
34498,9.0701164
34499,9.0724836
34500,9.0787192
34501,9.0828923
34502,9.0881557
34503,9.094866
34504,9.1027336
34505,9.1078455
34506,9.1204378
34507,9.1264329
34508,9.126795
34509,9.1346615
34510,9.1474651
34511,9.1530328
34512,9.155912
34513,9.158216
34514,9.16227
34515,9.1657868
34516,9.1737305
34517,9.175284
34518,9.1771611
34519,9.1808126
34520,9.1808126
34521,9.1825648
34522,9.1883274
34523,9.1889908
34524,9.1921284
34525,9.1973735
34526,9.199637
34527,9.2025862
34528,9.2035278
34529,9.2048534
34530,9.2077207
34531,9.2128862
34532,9.2176992
34533,9.2237257
34534,9.2283339
34535,9.2294929
34536,9.2347549
34537,9.2371631
34538,9.241246
34539,9.2431913
34540,9.2492009
34541,9.2530108
34542,9.2566235
34543,9.2588308
34544,9.2590201
34545,9.2603681
34546,9.2638703
34547,9.2673663
34548,9.2687141
34549,9.2703562
34550,9.27366
34551,9.278188
34552,9.2814146
34553,9.2839611
34554,9.2843118
34555,9.2872142
34556,9.2918172
34557,9.2930463
34558,9.295592
34559,9.300764
34560,9.3036756
34561,9.3080604
34562,9.3110041
34563,9.3164988
34564,9.3194414
34565,9.3242485
34566,9.328093
34567,9.3319859
34568,9.3351943
34569,9.3357128
34570,9.338622
34571,9.3436399
34572,9.3497361
34573,9.3523286
34574,9.3525025
34575,9.3543655
34576,9.357742
34577,9.3612576
34578,9.3642379
34579,9.3705644
34580,9.3709933
34581,9.3750606
34582,9.3801119
34583,9.3816524
34584,9.385396
34585,9.3900476
34586,9.3908667
34587,9.3963058
34588,9.4045795
34589,9.4087322
34590,9.4087322
34591,9.411986
34592,9.4119988
34593,9.4119988
34594,9.4147493
34595,9.4159839
34596,9.4167309
34597,9.4168366
34598,9.4168366
34599,9.4243397
34600,9.4251917
34601,9.4271484
34602,9.4314088
34603,9.4336166
34604,9.4344056
34605,9.4354568
34606,9.4354568
34607,9.4363895
34608,9.4389099
34609,9.4397796
34610,9.4431575
34611,9.4446748
34612,9.4476775
34613,9.4497321
34614,9.4497321
34615,9.4503695
34616,9.4535159
34617,9.4586806
34618,9.4603788
34619,9.4619008
34620,9.4666897
34621,9.4717238
34622,9.4751617
34623,9.4761398
34624,9.4815229
34625,9.4824036
34626,9.4836039
34627,9.4854005
34628,9.4868936
34629,9.4879359
34630,9.4894433
34631,9.4916841
34632,9.4950321
34633,9.4959462
34634,9.5004871
34635,9.5065804
34636,9.5067393
34637,9.5091217
34638,9.512141
34639,9.5130806
34640,9.5147892
34641,9.5168695
34642,9.5170139
34643,9.5199506
34644,9.5220823
34645,9.524741
34646,9.5335446
34647,9.5428893
34648,9.5450247
34649,9.5548066
34650,9.5556818
34651,9.5574768
34652,9.5575596
34653,9.5595436
34654,9.5659591
34655,9.5709546
34656,9.5723305
34657,9.5735872
34658,9.5740712
34659,9.5794398
34660,9.5818278
34661,9.5820297
34662,9.5820297
34663,9.5820297
34664,9.5822213
34665,9.5840691
34666,9.5846603
34667,9.585381
34668,9.5855065
34669,9.5886491
34670,9.594184
34671,9.5953225
34672,9.5997384
34673,9.6049205
34674,9.6078833
34675,9.6082339
34676,9.6091347
34677,9.6178211
34678,9.6178211
34679,9.6178211
34680,9.6247707
34681,9.6324564
34682,9.634111
34683,9.6359018
34684,9.6409935
34685,9.6474986
34686,9.6521694
34687,9.6625016
34688,9.6707825
34689,9.671462
34690,9.671462
34691,9.6729644
34692,9.6737503
34693,9.6758259
34694,9.6758259
34695,9.6758259
34696,9.6776655
34697,9.6777202
34698,9.6806018
34699,9.6846145
34700,9.6848333
34701,9.6855869
34702,9.6859114
34703,9.6859114
34704,9.6911038
34705,9.6984378
34706,9.6995201
34707,9.7010686
34708,9.7047584
34709,9.706201
34710,9.7109113
34711,9.7148152
34712,9.724263
34713,9.7251944
34714,9.7257927
34715,9.7277626
34716,9.7294068
34717,9.7295328
34718,9.7325996
34719,9.7365533
34720,9.73964
34721,9.7479641
34722,9.7481892
34723,9.7494611
34724,9.7521066
34725,9.7546201
34726,9.7596041
34727,9.7601943
34728,9.764292
34729,9.7668051
34730,9.7700964
34731,9.7753697
34732,9.7769734
34733,9.7820227
34734,9.7885244
34735,9.7920827
34736,9.7947783
34737,9.7969201
34738,9.7999809
34739,9.7999809
34740,9.8019475
34741,9.8075927
34742,9.8113931
34743,9.8118927
34744,9.8136239
34745,9.8136239
34746,9.8166007
34747,9.8194462
34748,9.8268389
34749,9.8281671
34750,9.8329241
34751,9.8334918
34752,9.8352227
34753,9.8380823
34754,9.8492306
34755,9.8518687
34756,9.8556134
34757,9.862954
34758,9.867912
34759,9.8746338
34760,9.8830325
34761,9.8845712
34762,9.8885762
34763,9.8903893
34764,9.8903893
34765,9.8925033
34766,9.9027108
34767,9.9121568
34768,9.9198114
34769,9.923874
34770,9.923874
34771,9.9258111
34772,9.9265726
34773,9.9278087
34774,9.9298335
34775,9.9304412
34776,9.9370647
34777,9.9374975
34778,9.9376983
34779,9.9387426
34780,9.939935
34781,9.9457619
34782,9.9468173
34783,9.947567
34784,9.9477361
34785,9.9532103
34786,9.9561858
34787,9.9561985
34788,9.9568377
34789,9.9580192
34790,9.9598864
34791,9.9603338
34792,9.963326
34793,9.9651914
34794,9.9723948
34795,9.9738429
34796,9.9761643
34797,9.9771336
34798,9.9812816
34799,9.9822737
34800,9.9921239
34801,9.9942078
34802,9.9959266
34803,9.9987517
34804,10.0077888
34805,10.0219703
34806,10.0262318
34807,10.0270565
34808,10.0320876
34809,10.0321888
34810,10.0334287
34811,10.038847
34812,10.038847
34813,10.038847
34814,10.0398997
34815,10.04069
34816,10.0478252
34817,10.0491748
34818,10.0499646
34819,10.055539
34820,10.059919
34821,10.0637473
34822,10.0674234
34823,10.0743137
34824,10.0782116
34825,10.0802549
34826,10.0803031
34827,10.0856813
34828,10.085933
34829,10.0869805
34830,10.0870042
34831,10.0918596
34832,10.0921997
34833,10.1031412
34834,10.1132062
34835,10.113592
34836,10.1172204
34837,10.1213024
34838,10.12414
34839,10.12414
34840,10.1279365
34841,10.1294974
34842,10.1391533
34843,10.1465324
34844,10.1510146
34845,10.1664477
34846,10.1672818
34847,10.1689925
34848,10.1728859
34849,10.1768097
34850,10.1796615
34851,10.1832973
34852,10.1879882
34853,10.1979794
34854,10.2029799
34855,10.2032668
34856,10.2035095
34857,10.2035095
34858,10.2049016
34859,10.2052547
34860,10.2063877
34861,10.2066029
34862,10.2072529
34863,10.2072529
34864,10.2085461
34865,10.2087609
34866,10.2116976
34867,10.2158528
34868,10.2213675
34869,10.2267761
34870,10.2328476
34871,10.2358624
34872,10.2402803
34873,10.2442904
34874,10.2495049
34875,10.2545568
34876,10.2617835
34877,10.2617835
34878,10.2627308
34879,10.2640384
34880,10.2708294
34881,10.275572
34882,10.275572
34883,10.2758546
34884,10.2759909
34885,10.2759909
34886,10.2792212
34887,10.2797297
34888,10.2827222
34889,10.285299
34890,10.2859179
34891,10.2860006
34892,10.2872019
34893,10.2872019
34894,10.2935005
34895,10.3064329
34896,10.3136353
34897,10.3140275
34898,10.3188274
34899,10.325992
34900,10.3278897
34901,10.3302616
34902,10.3302616
34903,10.3306218
34904,10.3361642
34905,10.3392328
34906,10.3462569
34907,10.3486437
34908,10.3508485
34909,10.3508485
34910,10.3528536
34911,10.3543583
34912,10.35569
34913,10.3558338
34914,10.3558338
34915,10.3573876
34916,10.3576233
34917,10.3576233
34918,10.3584902
34919,10.3584902
34920,10.359898
34921,10.3648949
34922,10.3649944
34923,10.3675277
34924,10.3724102
34925,10.3746093
34926,10.3747169
34927,10.3768098
34928,10.3791646
34929,10.381139
34930,10.3830743
34931,10.3843356
34932,10.387049
34933,10.3881199
34934,10.3902461
34935,10.3931527
34936,10.3939902
34937,10.3953565
34938,10.3973609
34939,10.3977982
34940,10.3979202
34941,10.4004903
34942,10.4067793
34943,10.4067793
34944,10.4067793
34945,10.4068599
34946,10.4147268
34947,10.4148763
34948,10.4153937
34949,10.4175623
34950,10.4185917
34951,10.4213433
34952,10.423242
34953,10.4241476
34954,10.425037
34955,10.4252195
34956,10.4255121
34957,10.4262998
34958,10.4262998
34959,10.4274131
34960,10.4274131
34961,10.4279981
34962,10.4280296
34963,10.4296327
34964,10.4350445
34965,10.4361464
34966,10.4368531
34967,10.4381426
34968,10.4394902
34969,10.4394902
34970,10.4402514
34971,10.4435747
34972,10.4454692
34973,10.4460331
34974,10.4480043
34975,10.4500867
34976,10.4500867
34977,10.451751
34978,10.4530689
34979,10.4551829
34980,10.4564995
34981,10.4568125
34982,10.4579895
34983,10.4588142
34984,10.4594205
34985,10.4594205
34986,10.4594205
34987,10.4594205
34988,10.4594205
34989,10.4595819
34990,10.4595862
34991,10.4595862
34992,10.4595862
34993,10.4595862
34994,10.4602409
34995,10.4602409
34996,10.4604169
34997,10.4605099
34998,10.4606769
34999,10.4609103
35000,10.4609103
35001,10.4615226
35002,10.4615628
35003,10.4624317
35004,10.4624317
35005,10.4629046
35006,10.4635189
35007,10.4659635
35008,10.4724962
35009,10.4763103
35010,10.4765905
35011,10.4782516
35012,10.4872403
35013,10.4900914
35014,10.4920013
35015,10.4940211
35016,10.4983646
35017,10.5001555
35018,10.5034399
35019,10.5057305
35020,10.5091876
35021,10.5178618
35022,10.5205929
35023,10.5205929
35024,10.5245169
35025,10.5264539
35026,10.5270045
35027,10.5345215
35028,10.5382154
35029,10.551637
35030,10.5535439
35031,10.5554988
35032,10.5584966
35033,10.5617268
35034,10.5638091
35035,10.5669073
35036,10.574656
35037,10.5780402
35038,10.5817869
35039,10.5843111
35040,10.5844163
35041,10.5869719
35042,10.5955099
35043,10.5980318
35044,10.5998629
35045,10.6010386
35046,10.6048043
35047,10.6156503
35048,10.6224387
35049,10.6250807
35050,10.6280233
35051,10.628712
35052,10.6298793
35053,10.6348495
35054,10.6365713
35055,10.6407048
35056,10.6517689
35057,10.6517689
35058,10.6528697
35059,10.6565102
35060,10.6595188
35061,10.663761
35062,10.6677827
35063,10.6726599
35064,10.6806253
35065,10.6840085
35066,10.6850752
35067,10.6926641
35068,10.6934425
35069,10.7038869
35070,10.7095896
35071,10.7184783
35072,10.725681
35073,10.7314659
35074,10.7314825
35075,10.7315382
35076,10.7474919
35077,10.7666191
35078,10.7697863
35079,10.7720355
35080,10.7738166
35081,10.7766032
35082,10.7808603
35083,10.7836478
35084,10.7843866
35085,10.7895139
35086,10.8059407
35087,10.8059407
35088,10.8134911
35089,10.8195885
35090,10.8231817
35091,10.8405018
35092,10.8412962
35093,10.8412962
35094,10.8414086
35095,10.8461502
35096,10.8490138
35097,10.8602385
35098,10.8704479
35099,10.874917
35100,10.8777765
35101,10.8788062
35102,10.8830753
35103,10.8897696
35104,10.8924785
35105,10.8969922
35106,10.8989581
35107,10.9030293
35108,10.9056752
35109,10.9128837
35110,10.9184203
35111,10.9387087
35112,10.9387087
35113,10.9453132
35114,10.9473432
35115,10.9533297
35116,10.9533297
35117,10.9575214
35118,10.9608866
35119,10.969435
35120,10.9706887
35121,10.9848127
35122,10.9925318
35123,10.9968146
35124,11.0000781
35125,11.0115813
35126,11.0158547
35127,11.018162
35128,11.0222546
35129,11.0324141
35130,11.036606
35131,11.0372444
35132,11.0402787
35133,11.0440145
35134,11.0485696
35135,11.0582261
35136,11.0628025
35137,11.0712837
35138,11.0759155
35139,11.0802386
35140,11.0832608
35141,11.0888338
35142,11.0913186
35143,11.0950979
35144,11.0967222
35145,11.0995647
35146,11.1013043
35147,11.1052216
35148,11.1061939
35149,11.1070319
35150,11.1148855
35151,11.1186332
35152,11.1186332
35153,11.119194
35154,11.1284748
35155,11.1294351
35156,11.1303321
35157,11.1392614
35158,11.1522635
35159,11.1522635
35160,11.1602293
35161,11.1617779
35162,11.1684196
35163,11.1685224
35164,11.1685224
35165,11.1723609
35166,11.1754501
35167,11.1854743
35168,11.1913437
35169,11.1920258
35170,11.1920258
35171,11.1920258
35172,11.197899
35173,11.197899
35174,11.197899
35175,11.1985671
35176,11.2004773
35177,11.2011102
35178,11.2035728
35179,11.2044221
35180,11.2102108
35181,11.2111403
35182,11.2185846
35183,11.2200812
35184,11.2278563
35185,11.2309636
35186,11.2309636
35187,11.2410804
35188,11.2431475
35189,11.2432276
35190,11.2432492
35191,11.2432492
35192,11.2432492
35193,11.2523932
35194,11.2659575
35195,11.2745439
35196,11.2745439
35197,11.2771503
35198,11.2771503
35199,11.2809717
35200,11.2851444
35201,11.2851444
35202,11.2851444
35203,11.2965712
35204,11.2965712
35205,11.2986348
35206,11.3126906
35207,11.3128486
35208,11.3128486
35209,11.322627
35210,11.322627
35211,11.3282454
35212,11.3302755
35213,11.3329122
35214,11.3355661
35215,11.337021
35216,11.337021
35217,11.3370427
35218,11.3395665
35219,11.34548
35220,11.3474358
35221,11.3475205
35222,11.3475205
35223,11.3503666
35224,11.3544878
35225,11.3544878
35226,11.3544878
35227,11.3615027
35228,11.3646001
35229,11.3676386
35230,11.3689301
35231,11.3689301
35232,11.3695286
35233,11.3718057
35234,11.3718057
35235,11.3718057
35236,11.373049
35237,11.373049
35238,11.3784251
35239,11.3963275
35240,11.3986703
35241,11.4013619
35242,11.4086531
35243,11.4086531
35244,11.4086531
35245,11.409157
35246,11.4172106
35247,11.4195598
35248,11.422466
35249,11.422466
35250,11.4325201
35251,11.4325944
35252,11.434399
35253,11.4344021
35254,11.434903
35255,11.434903
35256,11.4349878
35257,11.4380195
35258,11.4426895
35259,11.4434902
35260,11.4436335
35261,11.4438741
35262,11.4486999
35263,11.450219
35264,11.4651202
35265,11.4651202
35266,11.46648
35267,11.46648
35268,11.4696102
35269,11.472728
35270,11.4743813
35271,11.4745544
35272,11.4876756
35273,11.4895263
35274,11.4895395
35275,11.4919008
35276,11.4998516
35277,11.4998516
35278,11.5047485
35279,11.5093093
35280,11.5116068
35281,11.5143008
35282,11.5214074
35283,11.5239205
35284,11.5252978
35285,11.5255498
35286,11.5255498
35287,11.5255498
35288,11.5255498
35289,11.5262482
35290,11.5329001
35291,11.534512
35292,11.534512
35293,11.5365849
35294,11.5474628
35295,11.5544062
35296,11.5573047
35297,11.560107
35298,11.5641213
35299,11.5661503
35300,11.5736641
35301,11.5794272
35302,11.5802584
35303,11.5802584
35304,11.5802584
35305,11.5802584
35306,11.5826394
35307,11.5920577
35308,11.5962872
35309,11.6050538
35310,11.6183038
35311,11.6190852
35312,11.6258302
35313,11.6258302
35314,11.6258901
35315,11.6258901
35316,11.6320008
35317,11.6361718
35318,11.6488646
35319,11.6540194
35320,11.6540194
35321,11.6587221
35322,11.6587221
35323,11.6750406
35324,11.6772982
35325,11.6776183
35326,11.6858925
35327,11.6858925
35328,11.6860154
35329,11.700112
35330,11.700112
35331,11.7063334
35332,11.7098897
35333,11.7098897
35334,11.7123775
35335,11.7152525
35336,11.7154267
35337,11.7195984
35338,11.7212411
35339,11.7255439
35340,11.7255439
35341,11.7256448
35342,11.7370256
35343,11.7526201
35344,11.7554842
35345,11.7579647
35346,11.7632814
35347,11.7672946
35348,11.7685934
35349,11.7698916
35350,11.7724032
35351,11.775729
35352,11.7767094
35353,11.7838486
35354,11.7843604
35355,11.7843604
35356,11.7843604
35357,11.7843604
35358,11.7843604
35359,11.7843604
35360,11.7843604
35361,11.808333
35362,11.808333
35363,11.8085828
35364,11.8191567
35365,11.8191567
35366,11.8191567
35367,11.8219395
35368,11.8219395
35369,11.8219395
35370,11.8219395
35371,11.8306033
35372,11.8344962
35373,11.8513562
35374,11.8568521
35375,11.8584129
35376,11.8788201
35377,11.8919528
35378,11.8959532
35379,11.9011968
35380,11.9024536
35381,11.9043288
35382,11.9048376
35383,11.9102665
35384,11.9113001
35385,11.9130037
35386,11.9156872
35387,11.92128
35388,11.9219679
35389,11.9227198
35390,11.924335
35391,11.925462
35392,11.925462
35393,11.9282059
35394,11.9307606
35395,11.9332966
35396,11.938993
35397,11.947393
35398,11.9495651
35399,11.951919
35400,11.9544136
35401,11.9623167
35402,11.9623167
35403,11.9623167
35404,11.9671642
35405,11.9671642
35406,11.9676064
35407,11.9676064
35408,11.9676064
35409,11.9676064
35410,11.9692778
35411,11.9735024
35412,11.9809228
35413,11.9809228
35414,11.9857575
35415,11.9862954
35416,11.9862954
35417,11.9862954
35418,11.9872045
35419,11.9872045
35420,11.9872045
35421,11.9872045
35422,11.9873143
35423,11.9873143
35424,11.9873143
35425,11.9873143
35426,11.9889405
35427,11.9944382
35428,11.9944382
35429,11.9944382
35430,11.9944382
35431,12.0012406
35432,12.0012406
35433,12.0143192
35434,12.0143192
35435,12.0143365
35436,12.0143365
35437,12.0143365
35438,12.0149045
35439,12.019212
35440,12.0200012
35441,12.0200012
35442,12.0200012
35443,12.0206088
35444,12.0206141
35445,12.0206141
35446,12.0238913
35447,12.0250014
35448,12.0267649
35449,12.0272286
35450,12.0299508
35451,12.0346744
35452,12.0406871
35453,12.0411835
35454,12.0411835
35455,12.0419693
35456,12.0425012
35457,12.04997
35458,12.04997
35459,12.04997
35460,12.04997
35461,12.0510645
35462,12.0536625
35463,12.0536625
35464,12.0536625
35465,12.0579313
35466,12.0579313
35467,12.0579313
35468,12.0580122
35469,12.0582589
35470,12.058777
35471,12.058777
35472,12.0666081
35473,12.0695894
35474,12.0695894
35475,12.0695894
35476,12.0695894
35477,12.0698239
35478,12.0705742
35479,12.0732837
35480,12.0739734
35481,12.0744522
35482,12.0744522
35483,12.0823887
35484,12.0825292
35485,12.0841376
35486,12.0930855
35487,12.0936583
35488,12.0957594
35489,12.0989587
35490,12.0992304
35491,12.1090569
35492,12.1179542
35493,12.1335304
35494,12.1421465
35495,12.1440535
35496,12.1440535
35497,12.1502788
35498,12.1502788
35499,12.1502788
35500,12.1502788
35501,12.1526836
35502,12.1587007
35503,12.1596853
35504,12.1622113
35505,12.1666797
35506,12.1849181
35507,12.1857215
35508,12.1860134
35509,12.1861282
35510,12.1861282
35511,12.1882335
35512,12.1918137
35513,12.1918137
35514,12.1919854
35515,12.1934502
35516,12.1942028
35517,12.1959348
35518,12.1967173
35519,12.1970335
35520,12.1970335
35521,12.1984713
35522,12.2019123
35523,12.2070194
35524,12.2083315
35525,12.2100181
35526,12.2110757
35527,12.225164
35528,12.2276584
35529,12.2284116
35530,12.233653
35531,12.2358641
35532,12.2433328
35533,12.2453229
35534,12.2537104
35535,12.2537104
35536,12.2678167
35537,12.2957066
35538,12.3006988
35539,12.3068848
35540,12.3125981
35541,12.3211799
35542,12.3282396
35543,12.3295253
35544,12.3421776
35545,12.3443075
35546,12.3454271
35547,12.3554352
35548,12.3554352
35549,12.3606639
35550,12.3764543
35551,12.376816
35552,12.376816
35553,12.3818544
35554,12.3818544
35555,12.4047222
35556,12.4047222
35557,12.4121623
35558,12.4269105
35559,12.4443087
35560,12.4453707
35561,12.4625832
35562,12.4760279
35563,12.4870205
35564,12.4983621
35565,12.4983621
35566,12.4983621
35567,12.4990231
35568,12.5034859
35569,12.5140293
35570,12.527612
35571,12.5381164
35572,12.5383985
35573,12.5470198
35574,12.5600158
35575,12.5610787
35576,12.561704
35577,12.5645812
35578,12.5654878
35579,12.5770133
35580,12.5770133
35581,12.5805891
35582,12.5806177
35583,12.5851531
35584,12.5869911
35585,12.5917293
35586,12.6057099
35587,12.6127887
35588,12.6152203
35589,12.6226775
35590,12.6229873
35591,12.6400173
35592,12.6410826
35593,12.6410826
35594,12.6440914
35595,12.6554677
35596,12.6728627
35597,12.6734714
35598,12.67506
35599,12.6792439
35600,12.6911831
35601,12.6948191
35602,12.6973889
35603,12.7076549
35604,12.716567
35605,12.7283736
35606,12.735744
35607,12.7505248
35608,12.7632186
35609,12.7732401
35610,12.795876
35611,12.8066975
35612,12.8081861
35613,12.8326362
35614,12.8503751
35615,12.8705044
35616,12.8844142
35617,12.8975691
35618,12.8991394
35619,12.9055433
35620,12.9073506
35621,12.9089389
35622,12.9209191
35623,12.9281274
35624,12.9281274
35625,12.9341077
35626,12.9379736
35627,12.9393229
35628,12.9509146
35629,12.9511343
35630,12.9619718
35631,12.9767875
35632,12.9775648
35633,12.9780816
35634,12.9781132
35635,12.9783237
35636,12.9783237
35637,12.9837975
35638,12.9926612
35639,12.9991075
35640,13.0102049
35641,13.0110127
35642,13.0142424
35643,13.0143327
35644,13.0149014
35645,13.027674
35646,13.027674
35647,13.0295342
35648,13.0443434
35649,13.0472815
35650,13.0583106
35651,13.0655592
35652,13.0712664
35653,13.0793323
35654,13.0814524
35655,13.0820196
35656,13.0868429
35657,13.0919476
35658,13.0955633
35659,13.1147767
35660,13.1184547
35661,13.1236847
35662,13.1351009
35663,13.1379578
35664,13.1551064
35665,13.1559388
35666,13.1596268
35667,13.1783746
35668,13.1857452
35669,13.1890519
35670,13.1911063
35671,13.1932061
35672,13.2126159
35673,13.2158644
35674,13.2158918
35675,13.2269091
35676,13.2323758
35677,13.2323758
35678,13.2475827
35679,13.2503835
35680,13.2626481
35681,13.2730578
35682,13.2831548
35683,13.2936313
35684,13.2942737
35685,13.307556
35686,13.3140788
35687,13.315067
35688,13.3286295
35689,13.3347182
35690,13.3347182
35691,13.3414195
35692,13.3551031
35693,13.3626905
35694,13.3747713
35695,13.3865627
35696,13.3892805
35697,13.397662
35698,13.4002504
35699,13.4002504
35700,13.4071294
35701,13.4080864
35702,13.4195882
35703,13.4317317
35704,13.4476187
35705,13.4476187
35706,13.4476187
35707,13.452172
35708,13.4613028
35709,13.47734
35710,13.47734
35711,13.4791067
35712,13.4825323
35713,13.4906395
35714,13.4933656
35715,13.4970552
35716,13.5132398
35717,13.5176482
35718,13.5279665
35719,13.5408795
35720,13.5531828
35721,13.5650237
35722,13.5682453
35723,13.5682453
35724,13.568419
35725,13.5766174
35726,13.5805891
35727,13.5827155
35728,13.587491
35729,13.5876367
35730,13.5899765
35731,13.5928159
35732,13.5943237
35733,13.6029499
35734,13.6137776
35735,13.62695
35736,13.6385855
35737,13.647116
35738,13.6485191
35739,13.6491113
35740,13.656164
35741,13.6577489
35742,13.6685835
35743,13.679318
35744,13.684647
35745,13.7004394
35746,13.7005847
35747,13.7073212
35748,13.7140081
35749,13.7277825
35750,13.7281086
35751,13.7398107
35752,13.7533753
35753,13.7533753
35754,13.7626741
35755,13.7632836
35756,13.7642329
35757,13.7764627
35758,13.7882804
35759,13.7922868
35760,13.8088307
35761,13.827982
35762,13.8452991
35763,13.8584767
35764,13.8707837
35765,13.8724625
35766,13.8881737
35767,13.8970451
35768,13.9069499
35769,13.9238688
35770,13.93616
35771,13.9406744
35772,13.9464559
35773,13.9573288
35774,13.9788121
35775,13.9989501
35776,14.0135771
35777,14.0162929
35778,14.0230197
35779,14.0379131
35780,14.0549255
35781,14.0667116
35782,14.0811081
35783,14.0838171
35784,14.0866371
35785,14.1002318
35786,14.103368
35787,14.1056051
35788,14.1117769
35789,14.130311
35790,14.1457954
35791,14.1682946
35792,14.1740373
35793,14.1792635
35794,14.1943033
35795,14.1950868
35796,14.1976038
35797,14.2193346
35798,14.2194319
35799,14.2227903
35800,14.2448516
35801,14.2480129
35802,14.2583821
35803,14.2783236
35804,14.2846712
35805,14.2913017
35806,14.2956576
35807,14.3024846
35808,14.3181104
35809,14.327076
35810,14.3457247
35811,14.3632851
35812,14.3686054
35813,14.3730462
35814,14.385981
35815,14.3995782
35816,14.4012393
35817,14.4023821
35818,14.4034393
35819,14.404558
35820,14.4239713
35821,14.4362225
35822,14.4464409
35823,14.4627547
35824,14.4748173
35825,14.4938626
35826,14.4963681
35827,14.514071
35828,14.5183391
35829,14.5210109
35830,14.5296829
35831,14.5319574
35832,14.5372111
35833,14.5438916
35834,14.5509505
35835,14.5642799
35836,14.5738813
35837,14.5744599
35838,14.5762337
35839,14.5961721
35840,14.6162213
35841,14.6284057
35842,14.6307953
35843,14.6463771
35844,14.6542325
35845,14.6613075
35846,14.6637848
35847,14.6810447
35848,14.6977575
35849,14.6985536
35850,14.6987755
35851,14.7207936
35852,14.7316409
35853,14.7333722
35854,14.7358027
35855,14.7378724
35856,14.7493672
35857,14.750977
35858,14.7765031
35859,14.7826773
35860,14.7848488
35861,14.7860934
35862,14.8102276
35863,14.8247914
35864,14.8269295
35865,14.8319474
35866,14.8521932
35867,14.8718779
35868,14.8721979
35869,14.8729869
35870,14.8787994
35871,14.8966603
35872,14.8995088
35873,14.8999721
35874,14.9200447
35875,14.9204236
35876,14.9204236
35877,14.9209488
35878,14.946114
35879,14.9544421
35880,14.9708928
35881,14.9850938
35882,15.0014796
35883,15.0112
35884,15.0193784
35885,15.0276686
35886,15.0342461
35887,15.0561782
35888,15.0726482
35889,15.083937
35890,15.1023696
35891,15.1245175
35892,15.1452104
35893,15.1600045
35894,15.170106
35895,15.1979715
35896,15.2015882
35897,15.2121478
35898,15.2164653
35899,15.2392949
35900,15.263221
35901,15.2647532
35902,15.2747852
35903,15.2914867
35904,15.2942455
35905,15.318017
35906,15.3346972
35907,15.3373219
35908,15.352818
35909,15.3752814
35910,15.3893014
35911,15.4083981
35912,15.4258612
35913,15.4440174
35914,15.4498758
35915,15.4514047
35916,15.4750354
35917,15.4823147
35918,15.4832975
35919,15.5003003
35920,15.5228315
35921,15.5250862
35922,15.5386461
35923,15.5428686
35924,15.5590212
35925,15.5662369
35926,15.5828004
35927,15.5873058
35928,15.59981
35929,15.6180901
35930,15.6187687
35931,15.64111
35932,15.6548105
35933,15.678589
35934,15.680578
35935,15.6833365
35936,15.6861184
35937,15.6875405
35938,15.699275
35939,15.7225621
35940,15.7423999
35941,15.7478886
35942,15.7658675
35943,15.7869745
35944,15.7881608
35945,15.7986693
35946,15.8173526
35947,15.8179183
35948,15.8387144
35949,15.8584504
35950,15.8817373
35951,15.8918908
35952,15.9078392
35953,15.9202453
35954,15.9295966
35955,15.9500031
35956,15.9635202
35957,15.9764612
35958,15.9815307
35959,15.9988574
35960,16.0115893
35961,16.0294577
35962,16.0467865
35963,16.0481895
35964,16.0607423
35965,16.0867682
35966,16.1052971
35967,16.1061393
35968,16.1088052
35969,16.1306796
35970,16.1516832
35971,16.172244
35972,16.1852488
35973,16.1915494
35974,16.1915494
35975,16.1941974
35976,16.2193494
35977,16.2250929
35978,16.2415748
35979,16.2694885
35980,16.2802133
35981,16.281923
35982,16.3121897
35983,16.3390372
35984,16.3613351
35985,16.3653715
35986,16.3976212
35987,16.3995745
35988,16.4274658
35989,16.4318287
35990,16.4558572
35991,16.4771406
35992,16.4902325
35993,16.5037257
35994,16.506393
35995,16.540447
35996,16.5463606
35997,16.548585
35998,16.5812415
35999,16.6047569
36000,16.605412
