Time(s),Ch245-247
0,0
1,0
2,0
3,0
4,0
5,0
6,0
7,0
8,0
9,0
10,0
11,0
12,0
13,0
14,0
15,0
16,0
17,0
18,0
19,0
20,0
21,0
22,0
23,0
24,0
25,0
26,0
27,0
28,0
29,0
30,0
31,0
32,0
33,0
34,0
35,0
36,0
37,0
38,0
39,0
40,0
41,0
42,0
43,0
44,0
45,0
46,0
47,0
48,0
49,0
50,0
51,0
52,0
53,0
54,0
55,0
56,0
57,0
58,0
59,0
60,0
61,0
62,0
63,0
64,0
65,0
66,0
67,0
68,0
69,0
70,0
71,0
72,0
73,0
74,0
75,0
76,0
77,0
78,0
79,0
80,0
81,0
82,0
83,0
84,0
85,0
86,0
87,0
88,0
89,0
90,0
91,0
92,0
93,0
94,0
95,0
96,0
97,0
98,0
99,0
100,0
101,0
102,0
103,0
104,0
105,0
106,0
107,0
108,0
109,0
110,0
111,0
112,0
113,0
114,0
115,0
116,0
117,0
118,0
119,0
120,0
121,0
122,0
123,0
124,0
125,0
126,0
127,0
128,0
129,0
130,0
131,0
132,0
133,0
134,0
135,0
136,0
137,0
138,0
139,0
140,0
141,0
142,0
143,0
144,0
145,0
146,0
147,0
148,0
149,0
150,0
151,0
152,0
153,0
154,0
155,0
156,0
157,0
158,0
159,0
160,0
161,0
162,0
163,0
164,0
165,0
166,0
167,0
168,0
169,0
170,0
171,0
172,0
173,0
174,0
175,0
176,0
177,0
178,0
179,0
180,0
181,0
182,0
183,0
184,0
185,0
186,0
187,0
188,0
189,0
190,0
191,0
192,0
193,0
194,0
195,0
196,0
197,0
198,0
199,0
200,0
201,0
202,0
203,0
204,0
205,0
206,0
207,0
208,0
209,0
210,0
211,0
212,0
213,0
214,0
215,0
216,0
217,0
218,0
219,0
220,0
221,0
222,0
223,0
224,0
225,0
226,0
227,0
228,0
229,0
230,0
231,0
232,0
233,0
234,0
235,0
236,0
237,0
238,0
239,0
240,0
241,0
242,0
243,0
244,0
245,0
246,0
247,0
248,0
249,0
250,0
251,0
252,0
253,0
254,0
255,0
256,0
257,0
258,0
259,0
260,0
261,0
262,0
263,0
264,0
265,0
266,0
267,0
268,0
269,0
270,0
271,0
272,0
273,0
274,0
275,0
276,0
277,0
278,0
279,0
280,0
281,0
282,0
283,0
284,0
285,0
286,0
287,0
288,0
289,0
290,0
291,0
292,0
293,0
294,0
295,0
296,0
297,0
298,0
299,0
300,0
301,0
302,0
303,0
304,0
305,0
306,0
307,0
308,0
309,0
310,0
311,0
312,0
313,0
314,0
315,0
316,0
317,0
318,0
319,0
320,0
321,0
322,0
323,0
324,0
325,0
326,0
327,0
328,0
329,0
330,0
331,0
332,0
333,0
334,0
335,0
336,0
337,0
338,0
339,0
340,0
341,0
342,0
343,0
344,0
345,0
346,0
347,0
348,0
349,0
350,0
351,0
352,0
353,0
354,0
355,0
356,0
357,0
358,0
359,0
360,0
361,0
362,0
363,0
364,0
365,0
366,0
367,0
368,0
369,0
370,0
371,0
372,0
373,0
374,0
375,0
376,0
377,0
378,0
379,0
380,0
381,0
382,0
383,0
384,0
385,0
386,0
387,0
388,0
389,0
390,0
391,0
392,0
393,0
394,0
395,0
396,0
397,0
398,0
399,0
400,0
401,0
402,0
403,0
404,0
405,0
406,0
407,0
408,0
409,0
410,0
411,0
412,0
413,0
414,0
415,0
416,0
417,0
418,0
419,0
420,0
421,0
422,0
423,0
424,0
425,0
426,0
427,0
428,0
429,0
430,0
431,0
432,0
433,0
434,0
435,0
436,0
437,0
438,0
439,0
440,0
441,0
442,0
443,0
444,0
445,0
446,0
447,0
448,0
449,0
450,0
451,0
452,0
453,0
454,0
455,0
456,0
457,0
458,0
459,0
460,0
461,0
462,0
463,0
464,0
465,0
466,0
467,0
468,0
469,0
470,0
471,0
472,0
473,0
474,0
475,0
476,0
477,0
478,0
479,0
480,0
481,0
482,0
483,0
484,0
485,0
486,0
487,0
488,0
489,0
490,0
491,0
492,0
493,0
494,0
495,0
496,0
497,0
498,0
499,0
500,0
501,0
502,0
503,0
504,0
505,0
506,0
507,0
508,0
509,0
510,0
511,0
512,0
513,0
514,0
515,0
516,0
517,0
518,0
519,0
520,0
521,0
522,0
523,0
524,0
525,0
526,0
527,0
528,0
529,0
530,0
531,0
532,0
533,0
534,0
535,0
536,0
537,0
538,0
539,0
540,0
541,0
542,0
543,0
544,0
545,0
546,0
547,0
548,0
549,0
550,0
551,0
552,0
553,0
554,0
555,0
556,0
557,0
558,0
559,0
560,0
561,0
562,0
563,0
564,0
565,0
566,0
567,0
568,0
569,0
570,0
571,0
572,0
573,0
574,0
575,0
576,0
577,0
578,0
579,0
580,0
581,0
582,0
583,0
584,0
585,0
586,0
587,0
588,0
589,0
590,0
591,0
592,0
593,0
594,0
595,0
596,0
597,0
598,0
599,0
600,0
601,0
602,0
603,0
604,0
605,0
606,0
607,0
608,0
609,0
610,0
611,0
612,0
613,0
614,0
615,0
616,0
617,0
618,0
619,0
620,0
621,0
622,0
623,0
624,0
625,0
626,0
627,0
628,0
629,0
630,0
631,0
632,0
633,0
634,0
635,0
636,0
637,0
638,0
639,0
640,0
641,0
642,0
643,0
644,0
645,0
646,0
647,0
648,0
649,0
650,0
651,0
652,0
653,0
654,0
655,0
656,0
657,0
658,0
659,0
660,0
661,0
662,0
663,0
664,0
665,0
666,0
667,0
668,0
669,0
670,0
671,0
672,0
673,0
674,0
675,0
676,0
677,0
678,0
679,0
680,0
681,0
682,0
683,0
684,0
685,0
686,0
687,0
688,0
689,0
690,0
691,0
692,0
693,0
694,0
695,0
696,0
697,0
698,0
699,0
700,0
701,0
702,0
703,0
704,0
705,0
706,0
707,0
708,0
709,0
710,0
711,0
712,0
713,0
714,0
715,0
716,0
717,0
718,0
719,0
720,0
721,0
722,0
723,0
724,0
725,0
726,0
727,0
728,0
729,0
730,0
731,0
732,0
733,0
734,0
735,0
736,0
737,0
738,0
739,0
740,0
741,0
742,0
743,0
744,0
745,0
746,0
747,0
748,0
749,0
750,0
751,0
752,0
753,0
754,0
755,0
756,0
757,0
758,0
759,0
760,0
761,0
762,0
763,0
764,0
765,0
766,0
767,0
768,0
769,0
770,0
771,0
772,0
773,0
774,0
775,0
776,0
777,0
778,0
779,0
780,0
781,0
782,0
783,0
784,0
785,0
786,0
787,0
788,0
789,0
790,0
791,0
792,0
793,0
794,0
795,0
796,0
797,0
798,0
799,0
800,0
801,0
802,0
803,0
804,0
805,0
806,0
807,0
808,0
809,0
810,0
811,0
812,0
813,0
814,0
815,0
816,0
817,0
818,0
819,0
820,0
821,0
822,0
823,0
824,0
825,0
826,0
827,0
828,0
829,0
830,0
831,0
832,0
833,0
834,0
835,0
836,0
837,0
838,0
839,0
840,0
841,0
842,0
843,0
844,0
845,0
846,0
847,0
848,0
849,0
850,0
851,0
852,0
853,0
854,0
855,0
856,0
857,0
858,0
859,0
860,0
861,0
862,0
863,0
864,0
865,0
866,0
867,0
868,0
869,0
870,0
871,0
872,0
873,0
874,0
875,0
876,0
877,0
878,0
879,0
880,0
881,0
882,0
883,0
884,0
885,0
886,0
887,0
888,0
889,0
890,0
891,0
892,0
893,0
894,0
895,0
896,0
897,0
898,0
899,0
900,0
901,0
902,0
903,0
904,0
905,0
906,0
907,0
908,0
909,0
910,0
911,0
912,0
913,0
914,0
915,0
916,0
917,0
918,0
919,0
920,0
921,0
922,0
923,0
924,0
925,0
926,0
927,0
928,0
929,0
930,0
931,0
932,0
933,0
934,0
935,0
936,0
937,0
938,0
939,0
940,0
941,0
942,0
943,0
944,0
945,0
946,0
947,0
948,0
949,0
950,0
951,0
952,0
953,0
954,0
955,0
956,0
957,0
958,0
959,0
960,0
961,0
962,0
963,0
964,0
965,0
966,0
967,0
968,0
969,0
970,0
971,0
972,0
973,0
974,0
975,0
976,0
977,0
978,0
979,0
980,0
981,0
982,0
983,0
984,0
985,0
986,0
987,0
988,0
989,0
990,0
991,0
992,0
993,0
994,0
995,0
996,0
997,0
998,0
999,0
1000,0
1001,0
1002,0
1003,0
1004,0
1005,0
1006,0
1007,0
1008,0
1009,0
1010,0
1011,0
1012,0
1013,0
1014,0
1015,0
1016,0
1017,0
1018,0
1019,0
1020,0
1021,0
1022,0
1023,0
1024,0
1025,0
1026,0
1027,0
1028,0
1029,0
1030,0
1031,0
1032,0
1033,0
1034,0
1035,0
1036,0
1037,0
1038,0
1039,0
1040,0
1041,0
1042,0
1043,0
1044,0
1045,0
1046,0
1047,0
1048,0
1049,0
1050,0
1051,0
1052,0
1053,0
1054,0
1055,0
1056,0
1057,0
1058,0
1059,0
1060,0
1061,0
1062,0
1063,0
1064,0
1065,0
1066,0
1067,0
1068,0
1069,0
1070,0
1071,0
1072,0
1073,0
1074,0
1075,0
1076,0
1077,0
1078,0
1079,0
1080,0
1081,0
1082,0
1083,0
1084,0
1085,0
1086,0
1087,0
1088,0
1089,0
1090,0
1091,0
1092,0
1093,0
1094,0
1095,0
1096,0
1097,0
1098,0
1099,0
1100,0
1101,0
1102,0
1103,0
1104,0
1105,0
1106,0
1107,0
1108,0
1109,0
1110,0
1111,0
1112,0
1113,0
1114,0
1115,0
1116,0
1117,0
1118,0
1119,0
1120,0
1121,0
1122,0
1123,0
1124,0
1125,0
1126,0
1127,0
1128,0
1129,0
1130,0
1131,0
1132,0
1133,0
1134,0
1135,0
1136,0
1137,0
1138,0
1139,0
1140,0
1141,0
1142,0
1143,0
1144,0
1145,0
1146,0
1147,0
1148,0
1149,0
1150,0
1151,0
1152,0
1153,0
1154,0
1155,0
1156,0
1157,0
1158,0
1159,0
1160,0
1161,0
1162,0
1163,0
1164,0
1165,0
1166,0
1167,0
1168,0
1169,0
1170,0
1171,0
1172,0
1173,0
1174,0
1175,0
1176,0
1177,0
1178,0
1179,0
1180,0
1181,0
1182,0
1183,0
1184,0
1185,0
1186,0
1187,0
1188,0
1189,0
1190,0
1191,0
1192,0
1193,0
1194,0
1195,0
1196,0
1197,0
1198,0
1199,0
1200,0
1201,0
1202,0
1203,0
1204,0
1205,0
1206,0
1207,0
1208,0
1209,0
1210,0
1211,0
1212,0
1213,0
1214,0
1215,0
1216,0
1217,0
1218,0
1219,0
1220,0
1221,0
1222,0
1223,0
1224,0
1225,0
1226,0
1227,0
1228,0
1229,0
1230,0
1231,0
1232,0
1233,0
1234,0
1235,0
1236,0
1237,0
1238,0
1239,0
1240,0
1241,0
1242,0
1243,0
1244,0
1245,0
1246,0
1247,0
1248,0
1249,0
1250,0
1251,0
1252,0
1253,0
1254,0
1255,0
1256,0
1257,0
1258,0
1259,0
1260,0
1261,0
1262,0
1263,0
1264,0
1265,0
1266,0
1267,0
1268,0
1269,0
1270,0
1271,0
1272,0
1273,0
1274,0
1275,0
1276,0
1277,0
1278,0
1279,0
1280,0
1281,0
1282,0
1283,0
1284,0
1285,0
1286,0
1287,0
1288,0
1289,0
1290,0
1291,0
1292,0
1293,0
1294,0
1295,0
1296,0
1297,0
1298,0
1299,0
1300,0
1301,0
1302,0
1303,0
1304,0
1305,0
1306,0
1307,0
1308,0
1309,0
1310,0
1311,0
1312,0
1313,0
1314,0
1315,0
1316,0
1317,0
1318,0
1319,0
1320,0
1321,0
1322,0
1323,0
1324,0
1325,0
1326,0
1327,0
1328,0
1329,0
1330,0
1331,0
1332,0
1333,0
1334,0
1335,0
1336,0
1337,0
1338,0
1339,0
1340,0
1341,0
1342,0
1343,0
1344,0
1345,0
1346,0
1347,0
1348,0
1349,0
1350,0
1351,0
1352,0
1353,0
1354,0
1355,0
1356,0
1357,0
1358,0
1359,0
1360,0
1361,0
1362,0
1363,0
1364,0
1365,0
1366,0
1367,0
1368,0
1369,0
1370,0
1371,0
1372,0
1373,0
1374,0
1375,0
1376,0
1377,0
1378,0
1379,0
1380,0
1381,0
1382,0
1383,0
1384,0
1385,0
1386,0
1387,0
1388,0
1389,0
1390,0
1391,0
1392,0
1393,0
1394,0
1395,0
1396,0
1397,0
1398,0
1399,0
1400,0
1401,0
1402,0
1403,0
1404,0
1405,0
1406,0
1407,0
1408,0
1409,0
1410,0
1411,0
1412,0
1413,0
1414,0
1415,0
1416,0
1417,0
1418,0
1419,0
1420,0
1421,0
1422,0
1423,0
1424,0
1425,0
1426,0
1427,0
1428,0
1429,0
1430,0
1431,0
1432,0
1433,0
1434,0
1435,0
1436,0
1437,0
1438,0
1439,0
1440,0
1441,0
1442,0
1443,0
1444,0
1445,0
1446,0
1447,0
1448,0
1449,0
1450,0
1451,0
1452,0
1453,0
1454,0
1455,0
1456,0
1457,0
1458,0
1459,0
1460,0
1461,0
1462,0
1463,0
1464,0
1465,0
1466,0
1467,0
1468,0
1469,0
1470,0
1471,0
1472,0
1473,0
1474,0
1475,0
1476,0
1477,0
1478,0
1479,0
1480,0
1481,0
1482,0
1483,0
1484,0
1485,0
1486,0
1487,0
1488,0
1489,0
1490,0
1491,0
1492,0
1493,0
1494,0
1495,0
1496,0
1497,0
1498,0
1499,0
1500,0
1501,0
1502,0
1503,0
1504,0
1505,0
1506,0
1507,0
1508,0
1509,0
1510,0
1511,0
1512,0
1513,0
1514,0
1515,0
1516,0
1517,0
1518,0
1519,0
1520,0
1521,0
1522,0
1523,0
1524,0
1525,0
1526,0
1527,0
1528,0
1529,0
1530,0
1531,0
1532,0
1533,0
1534,0
1535,0
1536,0
1537,0
1538,0
1539,0
1540,0
1541,0
1542,0
1543,0
1544,0
1545,0
1546,0
1547,0
1548,0
1549,0
1550,0
1551,0
1552,0
1553,0
1554,0
1555,0
1556,0
1557,0
1558,0
1559,0
1560,0
1561,0
1562,0
1563,0
1564,0
1565,0
1566,0
1567,0
1568,0
1569,0
1570,0
1571,0
1572,0
1573,0
1574,0
1575,0
1576,0
1577,0
1578,0
1579,0
1580,0
1581,0
1582,0
1583,0
1584,0
1585,0
1586,0
1587,0
1588,0
1589,0
1590,0
1591,0
1592,0
1593,0
1594,0
1595,0
1596,0
1597,0
1598,0
1599,0
1600,0
1601,0
1602,0
1603,0
1604,0
1605,0
1606,0
1607,0
1608,0
1609,0
1610,0
1611,0
1612,0
1613,0
1614,0
1615,0
1616,0
1617,0
1618,0
1619,0
1620,0
1621,0
1622,0
1623,0
1624,0
1625,0
1626,0
1627,0
1628,0
1629,0
1630,0
1631,0
1632,0
1633,0
1634,0
1635,0
1636,0
1637,0
1638,0
1639,0
1640,0
1641,0
1642,0
1643,0
1644,0
1645,0
1646,0
1647,0
1648,0
1649,0
1650,0
1651,0
1652,0
1653,0
1654,0
1655,0
1656,0
1657,0
1658,0
1659,0
1660,0
1661,0
1662,0
1663,0
1664,0
1665,0
1666,0
1667,0
1668,0
1669,0
1670,0
1671,0
1672,0
1673,0
1674,0
1675,0
1676,0
1677,0
1678,0
1679,0
1680,0
1681,0
1682,0
1683,0
1684,0
1685,0
1686,0
1687,0
1688,0
1689,0
1690,0
1691,0
1692,0
1693,0
1694,0
1695,0
1696,0
1697,0
1698,0
1699,0
1700,0
1701,0
1702,0
1703,0
1704,0
1705,0
1706,0
1707,0
1708,0
1709,0
1710,0
1711,0
1712,0
1713,0
1714,0
1715,0
1716,0
1717,0
1718,0
1719,0
1720,0
1721,0
1722,0
1723,0
1724,0
1725,0
1726,0
1727,0
1728,0
1729,0
1730,0
1731,0
1732,0
1733,0
1734,0
1735,0
1736,0
1737,0
1738,0
1739,0
1740,0
1741,0
1742,0
1743,0
1744,0
1745,0
1746,0
1747,0
1748,0
1749,0
1750,0
1751,0
1752,0
1753,0
1754,0
1755,0
1756,0
1757,0
1758,0
1759,0
1760,0
1761,0
1762,0
1763,0
1764,0
1765,0
1766,0
1767,0
1768,0
1769,0
1770,0
1771,0
1772,0
1773,0
1774,0
1775,0
1776,0
1777,0
1778,0
1779,0
1780,0
1781,0
1782,0
1783,0
1784,0
1785,0
1786,0
1787,0
1788,0
1789,0
1790,0
1791,0
1792,0
1793,0
1794,0
1795,0
1796,0
1797,0
1798,0
1799,0
1800,0
1801,0
1802,0
1803,0
1804,0
1805,0
1806,0
1807,0
1808,0
1809,0
1810,0
1811,0
1812,0
1813,0
1814,0
1815,0
1816,0
1817,0
1818,0
1819,0
1820,0
1821,0
1822,0
1823,0
1824,0
1825,0
1826,0
1827,0
1828,0
1829,0
1830,0
1831,0
1832,0
1833,0
1834,0
1835,0
1836,0
1837,0
1838,0
1839,0
1840,0
1841,0
1842,0
1843,0
1844,0
1845,0
1846,0
1847,0
1848,0
1849,0
1850,0
1851,0
1852,0
1853,0
1854,0
1855,0
1856,0
1857,0
1858,0
1859,0
1860,0
1861,0
1862,0
1863,0
1864,0
1865,0
1866,0
1867,0
1868,0
1869,0
1870,0
1871,0
1872,0
1873,0
1874,0
1875,0
1876,0
1877,0
1878,0
1879,0
1880,0
1881,0
1882,0
1883,0
1884,0
1885,0
1886,0
1887,0
1888,0
1889,0
1890,0
1891,0
1892,0
1893,0
1894,0
1895,0
1896,0
1897,0
1898,0
1899,0
1900,0
1901,0
1902,0
1903,0
1904,0
1905,0
1906,0
1907,0
1908,0
1909,0
1910,0
1911,0
1912,0
1913,0
1914,0
1915,0
1916,0
1917,0
1918,0
1919,0
1920,0
1921,0
1922,0
1923,0
1924,0
1925,0
1926,0
1927,0
1928,0
1929,0
1930,0
1931,0
1932,0
1933,0
1934,0
1935,0
1936,0
1937,0
1938,0
1939,0
1940,0
1941,0
1942,0
1943,0
1944,0
1945,0
1946,0
1947,0
1948,0
1949,0
1950,0
1951,0
1952,0
1953,0
1954,0
1955,0
1956,0
1957,0
1958,0
1959,0
1960,0
1961,0
1962,0
1963,0
1964,0
1965,0
1966,0
1967,0
1968,0
1969,0
1970,0
1971,0
1972,0
1973,0
1974,0
1975,0
1976,0
1977,0
1978,0
1979,0
1980,0
1981,0
1982,0
1983,0
1984,0
1985,0
1986,0
1987,0
1988,0
1989,0
1990,0
1991,0
1992,0
1993,0
1994,0
1995,0
1996,0
1997,0
1998,0
1999,0
2000,0
2001,0
2002,0
2003,0
2004,0
2005,0
2006,0
2007,0
2008,0
2009,0
2010,0
2011,0
2012,0
2013,0
2014,0
2015,0
2016,0
2017,0
2018,0
2019,0
2020,0
2021,0
2022,0
2023,0
2024,0
2025,0
2026,0
2027,0
2028,0
2029,0
2030,0
2031,0
2032,0
2033,0
2034,0
2035,0
2036,0
2037,0
2038,0
2039,0
2040,0
2041,0
2042,0
2043,0
2044,0
2045,0
2046,0
2047,0
2048,0
2049,0
2050,0
2051,0
2052,0
2053,0
2054,0
2055,0
2056,0
2057,0
2058,0
2059,0
2060,0
2061,0
2062,0
2063,0
2064,0
2065,0
2066,0
2067,0
2068,0
2069,0
2070,0
2071,0
2072,0
2073,0
2074,0
2075,0
2076,0
2077,0
2078,0
2079,0
2080,0
2081,0
2082,0
2083,0
2084,0
2085,0
2086,0
2087,0
2088,0
2089,0
2090,0
2091,0
2092,0
2093,0
2094,0
2095,0
2096,0
2097,0
2098,0
2099,0
2100,0
2101,0
2102,0
2103,0
2104,0
2105,0
2106,0
2107,0
2108,0
2109,0
2110,0
2111,0
2112,0
2113,0
2114,0
2115,0
2116,0
2117,0
2118,0
2119,0
2120,0
2121,0
2122,0
2123,0
2124,0
2125,0
2126,0
2127,0
2128,0
2129,0
2130,0
2131,0
2132,0
2133,0
2134,0
2135,0
2136,0
2137,0
2138,0
2139,0
2140,0
2141,0
2142,0
2143,0
2144,0
2145,0
2146,0
2147,0
2148,0
2149,0
2150,0
2151,0
2152,0
2153,0
2154,0
2155,0
2156,0
2157,0
2158,0
2159,0
2160,0
2161,0
2162,0
2163,0
2164,0
2165,0
2166,0
2167,0
2168,0
2169,0
2170,0
2171,0
2172,0
2173,0
2174,0
2175,0
2176,0
2177,0
2178,0
2179,0
2180,0
2181,0
2182,0
2183,0
2184,0
2185,0
2186,0
2187,0
2188,0
2189,0
2190,0
2191,0
2192,0
2193,0
2194,0
2195,0
2196,0
2197,0
2198,0
2199,0
2200,0
2201,0
2202,0
2203,0
2204,0
2205,0
2206,0
2207,0
2208,0
2209,0
2210,0
2211,0
2212,0
2213,0
2214,0
2215,0
2216,0
2217,0
2218,0
2219,0
2220,0
2221,0
2222,0
2223,0
2224,0
2225,0
2226,0
2227,0
2228,0
2229,0
2230,0
2231,0
2232,0
2233,0
2234,0
2235,0
2236,0
2237,0
2238,0
2239,0
2240,0
2241,0
2242,0
2243,0
2244,0
2245,0
2246,0
2247,0
2248,0
2249,0
2250,0
2251,0
2252,0
2253,0
2254,0
2255,0
2256,0
2257,0
2258,0
2259,0
2260,0
2261,0
2262,0
2263,0
2264,0
2265,0
2266,0
2267,0
2268,0
2269,0
2270,0
2271,0
2272,0
2273,0
2274,0
2275,0
2276,0
2277,0
2278,0
2279,0
2280,0
2281,0
2282,0
2283,0
2284,0
2285,0
2286,0
2287,0
2288,0
2289,0
2290,0
2291,0
2292,0
2293,0
2294,0
2295,0
2296,0
2297,0
2298,0
2299,0
2300,0
2301,0
2302,0
2303,0
2304,0
2305,0
2306,0
2307,0
2308,0
2309,0
2310,0
2311,0
2312,0
2313,0
2314,0
2315,0
2316,0
2317,0
2318,0
2319,0
2320,0
2321,0
2322,0
2323,0
2324,0
2325,0
2326,0
2327,0
2328,0
2329,0
2330,0
2331,0
2332,0
2333,0
2334,0
2335,0
2336,0
2337,0
2338,0
2339,0
2340,0
2341,0
2342,0
2343,0
2344,0
2345,0
2346,0
2347,0
2348,0
2349,0
2350,0
2351,0
2352,0
2353,0
2354,0
2355,0
2356,0
2357,0
2358,0
2359,0
2360,0
2361,0
2362,0
2363,0
2364,0
2365,0
2366,0
2367,0
2368,0
2369,0
2370,0
2371,0
2372,0
2373,0
2374,0
2375,0
2376,0
2377,0
2378,0
2379,0
2380,0
2381,0
2382,0
2383,0
2384,0
2385,0
2386,0
2387,0
2388,0
2389,0
2390,0
2391,0
2392,0
2393,0
2394,0
2395,0
2396,0
2397,0
2398,0
2399,0
2400,0
2401,0
2402,0
2403,0
2404,0
2405,0
2406,0
2407,0
2408,0
2409,0
2410,0
2411,0
2412,0
2413,0
2414,0
2415,0
2416,0
2417,0
2418,0
2419,0
2420,0
2421,0
2422,0
2423,0
2424,0
2425,0
2426,0
2427,0
2428,0
2429,0
2430,0
2431,0
2432,0
2433,0
2434,0
2435,0
2436,0
2437,0
2438,0
2439,0
2440,0
2441,0
2442,0
2443,0
2444,0
2445,0
2446,0
2447,0
2448,0
2449,0
2450,0
2451,0
2452,0
2453,0
2454,0
2455,0
2456,0
2457,0
2458,0
2459,0
2460,0
2461,0
2462,0
2463,0
2464,0
2465,0
2466,0
2467,0
2468,0
2469,0
2470,0
2471,0
2472,0
2473,0
2474,0
2475,0
2476,0
2477,0
2478,0
2479,0
2480,0
2481,0
2482,0
2483,0
2484,0
2485,0
2486,0
2487,0
2488,0
2489,0
2490,0
2491,0
2492,0
2493,0
2494,0
2495,0
2496,0
2497,0
2498,0
2499,0
2500,0
2501,0
2502,0
2503,0
2504,0
2505,0
2506,0
2507,0
2508,0
2509,0
2510,0
2511,0
2512,0
2513,0
2514,0
2515,0
2516,0
2517,0
2518,0
2519,0
2520,0
2521,0
2522,0
2523,0
2524,0
2525,0
2526,0
2527,0
2528,0
2529,0
2530,0
2531,0
2532,0
2533,0
2534,0
2535,0
2536,0
2537,0
2538,0
2539,0
2540,0
2541,0
2542,0
2543,0
2544,0
2545,0
2546,0
2547,0
2548,0
2549,0
2550,0
2551,0
2552,0
2553,0
2554,0
2555,0
2556,0
2557,0
2558,0
2559,0
2560,0
2561,0
2562,0
2563,0
2564,0
2565,0
2566,0
2567,0
2568,0
2569,0
2570,0
2571,0
2572,0
2573,0
2574,0
2575,0
2576,0
2577,0
2578,0
2579,0
2580,0
2581,0
2582,0
2583,0
2584,0
2585,0
2586,0
2587,0
2588,0
2589,0
2590,0
2591,0
2592,0
2593,0
2594,0
2595,0
2596,0
2597,0
2598,0
2599,0
2600,0
2601,0
2602,0
2603,0
2604,0
2605,0
2606,0
2607,0
2608,0
2609,0
2610,0
2611,0
2612,0
2613,0
2614,0
2615,0
2616,0
2617,0
2618,0
2619,0
2620,0
2621,0
2622,0
2623,0
2624,0
2625,0
2626,0
2627,0
2628,0
2629,0
2630,0
2631,0
2632,0
2633,0
2634,0
2635,0
2636,0
2637,0
2638,0
2639,0
2640,0
2641,0
2642,0
2643,0
2644,0
2645,0
2646,0
2647,0
2648,0
2649,0
2650,0
2651,0
2652,0
2653,0
2654,0
2655,0
2656,0
2657,0
2658,0
2659,0
2660,0
2661,0
2662,0
2663,0
2664,0
2665,0
2666,0
2667,0
2668,0
2669,0
2670,0
2671,0
2672,0
2673,0
2674,0
2675,0
2676,0
2677,0
2678,0
2679,0
2680,0
2681,0
2682,0
2683,0
2684,0
2685,0
2686,0
2687,0
2688,0
2689,0
2690,0
2691,0
2692,0
2693,0
2694,0
2695,0
2696,0
2697,0
2698,0
2699,0
2700,0
2701,0
2702,0
2703,0
2704,0
2705,0
2706,0
2707,0
2708,0
2709,0
2710,0
2711,0
2712,0
2713,0
2714,0
2715,0
2716,0
2717,0
2718,0
2719,0
2720,0
2721,0
2722,0
2723,0
2724,0
2725,0
2726,0
2727,0
2728,0
2729,0
2730,0
2731,0
2732,0
2733,0
2734,0
2735,0
2736,0
2737,0
2738,0
2739,0
2740,0
2741,0
2742,0
2743,0
2744,0
2745,0
2746,0
2747,0
2748,0
2749,0
2750,0
2751,0
2752,0
2753,0
2754,0
2755,0
2756,0
2757,0
2758,0
2759,0
2760,0
2761,0
2762,0
2763,0
2764,0
2765,0
2766,0
2767,0
2768,0
2769,0
2770,0
2771,0
2772,0
2773,0
2774,0
2775,0
2776,0
2777,0
2778,0
2779,0
2780,0
2781,0
2782,0
2783,0
2784,0
2785,0
2786,0
2787,0
2788,0
2789,0
2790,0
2791,0
2792,0
2793,0
2794,0
2795,0
2796,0
2797,0
2798,0
2799,0
2800,0
2801,0
2802,0
2803,0
2804,0
2805,0
2806,0
2807,0
2808,0
2809,0
2810,0
2811,0
2812,0
2813,0
2814,0
2815,0
2816,0
2817,0
2818,0
2819,0
2820,0
2821,0
2822,0
2823,0
2824,0
2825,0
2826,0
2827,0
2828,0
2829,0
2830,0
2831,0
2832,0
2833,0
2834,0
2835,0
2836,0
2837,0
2838,0
2839,0
2840,0
2841,0
2842,0
2843,0
2844,0
2845,0
2846,0
2847,0
2848,0
2849,0
2850,0
2851,0
2852,0
2853,0
2854,0
2855,0
2856,0
2857,0
2858,0
2859,0
2860,0
2861,0
2862,0
2863,0
2864,0
2865,0
2866,0
2867,0
2868,0
2869,0
2870,0
2871,0
2872,0
2873,0
2874,0
2875,0
2876,0
2877,0
2878,0
2879,0
2880,0
2881,0
2882,0
2883,0
2884,0
2885,0
2886,0
2887,0
2888,0
2889,0
2890,0
2891,0
2892,0
2893,0
2894,0
2895,0
2896,0
2897,0
2898,0
2899,0
2900,0
2901,0
2902,0
2903,0
2904,0
2905,0
2906,0
2907,0
2908,0
2909,0
2910,0
2911,0
2912,0
2913,0
2914,0
2915,0
2916,0
2917,0
2918,0
2919,0
2920,0
2921,0
2922,0
2923,0
2924,0
2925,0
2926,0
2927,0
2928,0
2929,0
2930,0
2931,0
2932,0
2933,0
2934,0
2935,0
2936,0
2937,0
2938,0
2939,0
2940,0
2941,0
2942,0
2943,0
2944,0
2945,0
2946,0
2947,0
2948,0
2949,0
2950,0
2951,0
2952,0
2953,0
2954,0
2955,0
2956,0
2957,0
2958,0
2959,0
2960,0
2961,0
2962,0
2963,0
2964,0
2965,0
2966,0
2967,0
2968,0
2969,0
2970,0
2971,0
2972,0
2973,0
2974,0
2975,0
2976,0
2977,0
2978,0
2979,0
2980,0
2981,0
2982,0
2983,0
2984,0
2985,0
2986,0
2987,0
2988,0
2989,0
2990,0
2991,0
2992,0
2993,0
2994,0
2995,0
2996,0
2997,0
2998,0
2999,0
3000,0
3001,0
3002,0
3003,0
3004,0
3005,0
3006,0
3007,0
3008,0
3009,0
3010,0
3011,0
3012,0
3013,0
3014,0
3015,0
3016,0
3017,0
3018,0
3019,0
3020,0
3021,0
3022,0
3023,0
3024,0
3025,0
3026,0
3027,0
3028,0
3029,0
3030,0
3031,0
3032,0
3033,0
3034,0
3035,0
3036,0
3037,0
3038,0
3039,0
3040,0
3041,0
3042,0
3043,0
3044,0
3045,0
3046,0
3047,0
3048,0
3049,0
3050,0
3051,0
3052,0
3053,0
3054,0
3055,0
3056,0
3057,0
3058,0
3059,0
3060,0
3061,0
3062,0
3063,0
3064,0
3065,0
3066,0
3067,0
3068,0
3069,0
3070,0
3071,0
3072,0
3073,0
3074,0
3075,0
3076,0
3077,0
3078,0
3079,0
3080,0
3081,0
3082,0
3083,0
3084,0
3085,0
3086,0
3087,0
3088,0
3089,0
3090,0
3091,0
3092,0
3093,0
3094,0
3095,0
3096,0
3097,0
3098,0
3099,0
3100,0
3101,0
3102,0
3103,0
3104,0
3105,0
3106,0
3107,0
3108,0
3109,0
3110,0
3111,0
3112,0
3113,0
3114,0
3115,0
3116,0
3117,0
3118,0
3119,0
3120,0
3121,0
3122,0
3123,0
3124,0
3125,0
3126,0
3127,0
3128,0
3129,0
3130,0
3131,0
3132,0
3133,0
3134,0
3135,0
3136,0
3137,0
3138,0
3139,0
3140,0
3141,0
3142,0
3143,0
3144,0
3145,0
3146,0
3147,0
3148,0
3149,0
3150,0
3151,0
3152,0
3153,0
3154,0
3155,0
3156,0
3157,0
3158,0
3159,0
3160,0
3161,0
3162,0
3163,0
3164,0
3165,0
3166,0
3167,0
3168,0
3169,0
3170,0
3171,0
3172,0
3173,0
3174,0
3175,0
3176,0
3177,0
3178,0
3179,0
3180,0
3181,0
3182,0
3183,0
3184,0
3185,0
3186,0
3187,0
3188,0
3189,0
3190,0
3191,0
3192,0
3193,0
3194,0
3195,0
3196,0
3197,0
3198,0
3199,0
3200,0
3201,0
3202,0
3203,0
3204,0
3205,0
3206,0
3207,0
3208,0
3209,0
3210,0
3211,0
3212,0
3213,0
3214,0
3215,0
3216,0
3217,0
3218,0
3219,0
3220,0
3221,0
3222,0
3223,0
3224,0
3225,0
3226,0
3227,0
3228,0
3229,0
3230,0
3231,0
3232,0
3233,0
3234,0
3235,0
3236,0
3237,0
3238,0
3239,0
3240,0
3241,0
3242,0
3243,0
3244,0
3245,0
3246,0
3247,0
3248,0
3249,0
3250,0
3251,0
3252,0
3253,0
3254,0
3255,0
3256,0
3257,0
3258,0
3259,0
3260,0
3261,0
3262,0
3263,0
3264,0
3265,0
3266,0
3267,0
3268,0
3269,0
3270,0
3271,0
3272,0
3273,0
3274,0
3275,0
3276,0
3277,0
3278,0
3279,0
3280,0
3281,0
3282,0
3283,0
3284,0
3285,0
3286,0
3287,0
3288,0
3289,0
3290,0
3291,0
3292,0
3293,0
3294,0
3295,0
3296,0
3297,0
3298,0
3299,0
3300,0
3301,0
3302,0
3303,0
3304,0
3305,0
3306,0
3307,0
3308,0
3309,0
3310,0
3311,0
3312,0
3313,0
3314,0
3315,0
3316,0
3317,0
3318,0
3319,0
3320,0
3321,0
3322,0
3323,0
3324,0
3325,0
3326,0
3327,0
3328,0
3329,0
3330,0
3331,0
3332,0
3333,0
3334,0
3335,0
3336,0
3337,0
3338,0
3339,0
3340,0
3341,0
3342,0
3343,0
3344,0
3345,0
3346,0
3347,0
3348,0
3349,0
3350,0
3351,0
3352,0
3353,0
3354,0
3355,0
3356,0
3357,0
3358,0
3359,0
3360,0
3361,0
3362,0
3363,0
3364,0
3365,0
3366,0
3367,0
3368,0
3369,0
3370,0
3371,0
3372,0
3373,0
3374,0
3375,0
3376,0
3377,0
3378,0
3379,0
3380,0
3381,0
3382,0
3383,0
3384,0
3385,0
3386,0
3387,0
3388,0
3389,0
3390,0
3391,0
3392,0
3393,0
3394,0
3395,0
3396,0
3397,0
3398,0
3399,0
3400,0
3401,0
3402,0
3403,0
3404,0
3405,0
3406,0
3407,0
3408,0
3409,0
3410,0
3411,0
3412,0
3413,0
3414,0
3415,0
3416,0
3417,0
3418,0
3419,0
3420,0
3421,0
3422,0
3423,0
3424,0
3425,0
3426,0
3427,0
3428,0
3429,0
3430,0
3431,0
3432,0
3433,0
3434,0
3435,0
3436,0
3437,0
3438,0
3439,0
3440,0
3441,0
3442,0
3443,0
3444,0
3445,0
3446,0
3447,0
3448,0
3449,0
3450,0
3451,0
3452,0
3453,0
3454,0
3455,0
3456,0
3457,0
3458,0
3459,0
3460,0
3461,0
3462,0
3463,0
3464,0
3465,0
3466,0
3467,0
3468,0
3469,0
3470,0
3471,0
3472,0
3473,0
3474,0
3475,0
3476,0
3477,0
3478,0
3479,0
3480,0
3481,0
3482,0
3483,0
3484,0
3485,0
3486,0
3487,0
3488,0
3489,0
3490,0
3491,0
3492,0
3493,0
3494,0
3495,0
3496,0
3497,0
3498,0
3499,0
3500,0
3501,0
3502,0
3503,0
3504,0
3505,0
3506,0
3507,0
3508,0
3509,0
3510,0
3511,0
3512,0
3513,0
3514,0
3515,0
3516,0
3517,0
3518,0
3519,0
3520,0
3521,0
3522,0
3523,0
3524,0
3525,0
3526,0
3527,0
3528,0
3529,0
3530,0
3531,0
3532,0
3533,0
3534,0
3535,0
3536,0
3537,0
3538,0
3539,0
3540,0
3541,0
3542,0
3543,0
3544,0
3545,0
3546,0
3547,0
3548,0
3549,0
3550,0
3551,0
3552,0
3553,0
3554,0
3555,0
3556,0
3557,0
3558,0
3559,0
3560,0
3561,0
3562,0
3563,0
3564,0
3565,0
3566,0
3567,0
3568,0
3569,0
3570,0
3571,0
3572,0
3573,0
3574,0
3575,0
3576,0
3577,0
3578,0
3579,0
3580,0
3581,0
3582,0
3583,0
3584,0
3585,0
3586,0
3587,0
3588,0
3589,0
3590,0
3591,0
3592,0
3593,0
3594,0
3595,0
3596,0
3597,0
3598,0
3599,0
3600,0
3601,0
3602,0
3603,0
3604,0
3605,0
3606,0
3607,0
3608,0
3609,0
3610,0
3611,0
3612,0
3613,0
3614,0
3615,0
3616,0
3617,0
3618,0
3619,0
3620,0
3621,0
3622,0
3623,0
3624,0
3625,0
3626,0
3627,0
3628,0
3629,0
3630,0
3631,0
3632,0
3633,0
3634,0
3635,0
3636,0
3637,0
3638,0
3639,0
3640,0
3641,0
3642,0
3643,0
3644,0
3645,0
3646,0
3647,0
3648,0
3649,0
3650,0
3651,0
3652,0
3653,0
3654,0
3655,0
3656,0
3657,0
3658,0
3659,0
3660,0
3661,0
3662,0
3663,0
3664,0
3665,0
3666,0
3667,0
3668,0
3669,0
3670,0
3671,0
3672,0
3673,0
3674,0
3675,0
3676,0
3677,0
3678,0
3679,0
3680,0
3681,0
3682,0
3683,0
3684,0
3685,0
3686,0
3687,0
3688,0
3689,0
3690,0
3691,0
3692,0
3693,0
3694,0
3695,0
3696,0
3697,0
3698,0
3699,0
3700,0
3701,0
3702,0
3703,0
3704,0
3705,0
3706,0
3707,0
3708,0
3709,0
3710,0
3711,0
3712,0
3713,0
3714,0
3715,0
3716,0
3717,0
3718,0
3719,0
3720,0
3721,0
3722,0
3723,0
3724,0
3725,0
3726,0
3727,0
3728,0
3729,0
3730,0
3731,0
3732,0
3733,0
3734,0
3735,0
3736,0
3737,0
3738,0
3739,0
3740,0
3741,0
3742,0
3743,0
3744,0
3745,0
3746,0
3747,0
3748,0
3749,0
3750,0
3751,0
3752,0
3753,0
3754,0
3755,0
3756,0
3757,0
3758,0
3759,0
3760,0
3761,0
3762,0
3763,0
3764,0
3765,0
3766,0
3767,0
3768,0
3769,0
3770,0
3771,0
3772,0
3773,0
3774,0
3775,0
3776,0
3777,0
3778,0
3779,0
3780,0
3781,0
3782,0
3783,0
3784,0
3785,0
3786,0
3787,0
3788,0
3789,0
3790,0
3791,0
3792,0
3793,0
3794,0
3795,0
3796,0
3797,0
3798,0
3799,0
3800,0
3801,0
3802,0
3803,0
3804,0
3805,0
3806,0
3807,0
3808,0
3809,0
3810,0
3811,0
3812,0
3813,0
3814,0
3815,0
3816,0
3817,0
3818,0
3819,0
3820,0
3821,0
3822,0
3823,0
3824,0
3825,0
3826,0
3827,0
3828,0
3829,0
3830,0
3831,0
3832,0
3833,0
3834,0
3835,0
3836,0
3837,0
3838,0
3839,0
3840,0
3841,0
3842,0
3843,0
3844,0
3845,0
3846,0
3847,0
3848,0
3849,0
3850,0
3851,0
3852,0
3853,0
3854,0
3855,0
3856,0
3857,0
3858,0
3859,0
3860,0
3861,0
3862,0
3863,0
3864,0
3865,0
3866,0
3867,0
3868,0
3869,0
3870,0
3871,0
3872,0
3873,0
3874,0
3875,0
3876,0
3877,0
3878,0
3879,0
3880,0
3881,0
3882,0
3883,0
3884,0
3885,0
3886,0
3887,0
3888,0
3889,0
3890,0
3891,0
3892,0
3893,0
3894,0
3895,0
3896,0
3897,0
3898,0
3899,0
3900,0
3901,0
3902,0
3903,0
3904,0
3905,0
3906,0
3907,0
3908,0
3909,0
3910,0
3911,0
3912,0
3913,0
3914,0
3915,0
3916,0
3917,0
3918,0
3919,0
3920,0
3921,0
3922,0
3923,0
3924,0
3925,0
3926,0
3927,0
3928,0
3929,0
3930,0
3931,0
3932,0
3933,0
3934,0
3935,0
3936,0
3937,0
3938,0
3939,0
3940,0
3941,0
3942,0
3943,0
3944,0
3945,0
3946,0
3947,0
3948,0
3949,0
3950,0
3951,0
3952,0
3953,0
3954,0
3955,0
3956,0
3957,0
3958,0
3959,0
3960,0
3961,0
3962,0
3963,0
3964,0
3965,0
3966,0
3967,0
3968,0
3969,0
3970,0
3971,0
3972,0
3973,0
3974,0
3975,0
3976,0
3977,0
3978,0
3979,0
3980,0
3981,0
3982,0
3983,0
3984,0
3985,0
3986,0
3987,0
3988,0
3989,0
3990,0
3991,0
3992,0
3993,0
3994,0
3995,0
3996,0
3997,0
3998,0
3999,0
4000,0
4001,0
4002,0
4003,0
4004,0
4005,0
4006,0
4007,0
4008,0
4009,0
4010,0
4011,0
4012,0
4013,0
4014,0
4015,0
4016,0
4017,0
4018,0
4019,0
4020,0
4021,0
4022,0
4023,0
4024,0
4025,0
4026,0
4027,0
4028,0
4029,0
4030,0
4031,0
4032,0
4033,0
4034,0
4035,0
4036,0
4037,0
4038,0
4039,0
4040,0
4041,0
4042,0
4043,0
4044,0
4045,0
4046,0
4047,0
4048,0
4049,0
4050,0
4051,0
4052,0
4053,0
4054,0
4055,0
4056,0
4057,0
4058,0
4059,0
4060,0
4061,0
4062,0
4063,0
4064,0
4065,0
4066,0
4067,0
4068,0
4069,0
4070,0
4071,0
4072,0
4073,0
4074,0
4075,0
4076,0
4077,0
4078,0
4079,0
4080,0
4081,0
4082,0
4083,0
4084,0
4085,0
4086,0
4087,0
4088,0
4089,0
4090,0
4091,0
4092,0
4093,0
4094,0
4095,0
4096,0
4097,0
4098,0
4099,0
4100,0
4101,0
4102,0
4103,0
4104,0
4105,0
4106,0
4107,0
4108,0
4109,0
4110,0
4111,0
4112,0
4113,0
4114,0
4115,0
4116,0
4117,0
4118,0
4119,0
4120,0
4121,0
4122,0
4123,0
4124,0
4125,0
4126,0
4127,0
4128,0
4129,0
4130,0
4131,0
4132,0
4133,0
4134,0
4135,0
4136,0
4137,0
4138,0
4139,0
4140,0
4141,0
4142,0
4143,0
4144,0
4145,0
4146,0
4147,0
4148,0
4149,0
4150,0
4151,0
4152,0
4153,0
4154,0
4155,0
4156,0
4157,0
4158,0
4159,0
4160,0
4161,0
4162,0
4163,0
4164,0
4165,0
4166,0
4167,0
4168,0
4169,0
4170,0
4171,0
4172,0
4173,0
4174,0
4175,0
4176,0
4177,0
4178,0
4179,0
4180,0
4181,0
4182,0
4183,0
4184,0
4185,0
4186,0
4187,0
4188,0
4189,0
4190,0
4191,0
4192,0
4193,0
4194,0
4195,0
4196,0
4197,0
4198,0
4199,0
4200,0
4201,0
4202,0
4203,0
4204,0
4205,0
4206,0
4207,0
4208,0
4209,0
4210,0
4211,0
4212,0
4213,0
4214,0
4215,0
4216,0
4217,0
4218,0
4219,0
4220,0
4221,0
4222,0
4223,0
4224,0
4225,0
4226,0
4227,0
4228,0
4229,0
4230,0
4231,0
4232,0
4233,0
4234,0
4235,0
4236,0
4237,0
4238,0
4239,0
4240,0
4241,0
4242,0
4243,0
4244,0
4245,0
4246,0
4247,0
4248,0
4249,0
4250,0
4251,0
4252,0
4253,0
4254,0
4255,0
4256,0
4257,0
4258,0
4259,0
4260,0
4261,0
4262,0
4263,0
4264,0
4265,0
4266,0
4267,0
4268,0
4269,0
4270,0
4271,0
4272,0
4273,0
4274,0
4275,0
4276,0
4277,0
4278,0
4279,0
4280,0
4281,0
4282,0
4283,0
4284,0
4285,0
4286,0
4287,0
4288,0
4289,0
4290,0
4291,0
4292,0
4293,0
4294,0
4295,0
4296,0
4297,0
4298,0
4299,0
4300,0
4301,0
4302,0
4303,0
4304,0
4305,0
4306,0
4307,0
4308,0
4309,0
4310,0
4311,0
4312,0
4313,0
4314,0
4315,0
4316,0
4317,0
4318,0
4319,0
4320,0
4321,0
4322,0
4323,0
4324,0
4325,0
4326,0
4327,0
4328,0
4329,0
4330,0
4331,0
4332,0
4333,0
4334,0
4335,0
4336,0
4337,0
4338,0
4339,0
4340,0
4341,0
4342,0
4343,0
4344,0
4345,0
4346,0
4347,0
4348,0
4349,0
4350,0
4351,0
4352,0
4353,0
4354,0
4355,0
4356,0
4357,0
4358,0
4359,0
4360,0
4361,0
4362,0
4363,0
4364,0
4365,0
4366,0
4367,0
4368,0
4369,0
4370,0
4371,0
4372,0
4373,0
4374,0
4375,0
4376,0
4377,0
4378,0
4379,0
4380,0
4381,0
4382,0
4383,0
4384,0
4385,0
4386,0
4387,0
4388,0
4389,0
4390,0
4391,0
4392,0
4393,0
4394,0
4395,0
4396,0
4397,0
4398,0
4399,0
4400,0
4401,0
4402,0
4403,0
4404,0
4405,0
4406,0
4407,0
4408,0
4409,0
4410,0
4411,0
4412,0
4413,0
4414,0
4415,0
4416,0
4417,0
4418,0
4419,0
4420,0
4421,0
4422,0
4423,0
4424,0
4425,0
4426,0
4427,0
4428,0
4429,0
4430,0
4431,0
4432,0
4433,0
4434,0
4435,0
4436,0
4437,0
4438,0
4439,0
4440,0
4441,0
4442,0
4443,0
4444,0
4445,0
4446,0
4447,0
4448,0
4449,0
4450,0
4451,0
4452,0
4453,0
4454,0
4455,0
4456,0
4457,0
4458,0
4459,0
4460,0
4461,0
4462,0
4463,0
4464,0
4465,0
4466,0
4467,0
4468,0
4469,0
4470,0
4471,0
4472,0
4473,0
4474,0
4475,0
4476,0
4477,0
4478,0
4479,0
4480,0
4481,0
4482,0
4483,0
4484,0
4485,0
4486,0
4487,0
4488,0
4489,0
4490,0
4491,0
4492,0
4493,0
4494,0
4495,0
4496,0
4497,0
4498,0
4499,0
4500,0
4501,0
4502,0
4503,0
4504,0
4505,0
4506,0
4507,0
4508,0
4509,0
4510,0
4511,0
4512,0
4513,0
4514,0
4515,0
4516,0
4517,0
4518,0
4519,0
4520,0
4521,0
4522,0
4523,0
4524,0
4525,0
4526,0
4527,0
4528,0
4529,0
4530,0
4531,0
4532,0
4533,0
4534,0
4535,0
4536,0
4537,0
4538,0
4539,0
4540,0
4541,0
4542,0
4543,0
4544,0
4545,0
4546,0
4547,0
4548,0
4549,0
4550,0
4551,0
4552,0
4553,0
4554,0
4555,0
4556,0
4557,0
4558,0
4559,0
4560,0
4561,0
4562,0
4563,0
4564,0
4565,0
4566,0
4567,0
4568,0
4569,0
4570,0
4571,0
4572,0
4573,0
4574,0
4575,0
4576,0
4577,0
4578,0
4579,0
4580,0
4581,0
4582,0
4583,0
4584,0
4585,0
4586,0
4587,0
4588,0
4589,0
4590,0
4591,0
4592,0
4593,0
4594,0
4595,0
4596,0
4597,0
4598,0
4599,0
4600,0
4601,0
4602,0
4603,0
4604,0
4605,0
4606,0
4607,0
4608,0
4609,0
4610,0
4611,0
4612,0
4613,0
4614,0
4615,0
4616,0
4617,0
4618,0
4619,0
4620,0
4621,0
4622,0
4623,0
4624,0
4625,0
4626,0
4627,0
4628,0
4629,0
4630,0
4631,0
4632,0
4633,0
4634,0
4635,0
4636,0
4637,0
4638,0
4639,0
4640,0
4641,0
4642,0
4643,0
4644,0
4645,0
4646,0
4647,0
4648,0
4649,0
4650,0
4651,0
4652,0
4653,0
4654,0
4655,0
4656,0
4657,0
4658,0
4659,0
4660,0
4661,0
4662,0
4663,0
4664,0
4665,0
4666,0
4667,0
4668,0
4669,0
4670,0
4671,0
4672,0
4673,0
4674,0
4675,0
4676,0
4677,0
4678,0
4679,0
4680,0
4681,0
4682,0
4683,0
4684,0
4685,0
4686,0
4687,0
4688,0
4689,0
4690,0
4691,0
4692,0
4693,0
4694,0
4695,0
4696,0
4697,0
4698,0
4699,0
4700,0
4701,0
4702,0
4703,0
4704,0
4705,0
4706,0
4707,0
4708,0
4709,0
4710,0
4711,0
4712,0
4713,0
4714,0
4715,0
4716,0
4717,0
4718,0
4719,0
4720,0
4721,0
4722,0
4723,0
4724,0
4725,0
4726,0
4727,0
4728,0
4729,0
4730,0
4731,0
4732,0
4733,0
4734,0
4735,0
4736,0
4737,0
4738,0
4739,0
4740,0
4741,0
4742,0
4743,0
4744,0
4745,0
4746,0
4747,0
4748,0
4749,0
4750,0
4751,0
4752,0
4753,0
4754,0
4755,0
4756,0
4757,0
4758,0
4759,0
4760,0
4761,0
4762,0
4763,0
4764,0
4765,0
4766,0
4767,0
4768,0
4769,0
4770,0
4771,0
4772,0
4773,0
4774,0
4775,0
4776,0
4777,0
4778,0
4779,0
4780,0
4781,0
4782,0
4783,0
4784,0
4785,0
4786,0
4787,0
4788,0
4789,0
4790,0
4791,0
4792,0
4793,0
4794,0
4795,0
4796,0
4797,0
4798,0
4799,0
4800,0
4801,0
4802,0
4803,0
4804,0
4805,0
4806,0
4807,0
4808,0
4809,0
4810,0
4811,0
4812,0
4813,0
4814,0
4815,0
4816,0
4817,0
4818,0
4819,0
4820,0
4821,0
4822,0
4823,0
4824,0
4825,0
4826,0
4827,0
4828,0
4829,0
4830,0
4831,0
4832,0
4833,0
4834,0
4835,0
4836,0
4837,0
4838,0
4839,0
4840,0
4841,0
4842,0
4843,0
4844,0
4845,0
4846,0
4847,0
4848,0
4849,0
4850,0
4851,0
4852,0
4853,0
4854,0
4855,0
4856,0
4857,0
4858,0
4859,0
4860,0
4861,0
4862,0
4863,0
4864,0
4865,0
4866,0
4867,0
4868,0
4869,0
4870,0
4871,0
4872,0
4873,0
4874,0
4875,0
4876,0
4877,0
4878,0
4879,0
4880,0
4881,0
4882,0
4883,0
4884,0
4885,0
4886,0
4887,0
4888,0
4889,0
4890,0
4891,0
4892,0
4893,0
4894,0
4895,0
4896,0
4897,0
4898,0
4899,0
4900,0
4901,0
4902,0
4903,0
4904,0
4905,0
4906,0
4907,0
4908,0
4909,0
4910,0
4911,0
4912,0
4913,0
4914,0
4915,0
4916,0
4917,0
4918,0
4919,0
4920,0
4921,0
4922,0
4923,0
4924,0
4925,0
4926,0
4927,0
4928,0
4929,0
4930,0
4931,0
4932,0
4933,0
4934,0
4935,0
4936,0
4937,0
4938,0
4939,0
4940,0
4941,0
4942,0
4943,0
4944,0
4945,0
4946,0
4947,0
4948,0
4949,0
4950,0
4951,0
4952,0
4953,0
4954,0
4955,0
4956,0
4957,0
4958,0
4959,0
4960,0
4961,0
4962,0
4963,0
4964,0
4965,0
4966,0
4967,0
4968,0
4969,0
4970,0
4971,0
4972,0
4973,0
4974,0
4975,0
4976,0
4977,0
4978,0
4979,0
4980,0
4981,0
4982,0
4983,0
4984,0
4985,0
4986,0
4987,0
4988,0
4989,0
4990,0
4991,0
4992,0
4993,0
4994,0
4995,0
4996,0
4997,0
4998,0
4999,0
5000,0
5001,0
5002,0
5003,0
5004,0
5005,0
5006,0
5007,0
5008,0
5009,0
5010,0
5011,0
5012,0
5013,0
5014,0
5015,0
5016,0
5017,0
5018,0
5019,0
5020,0
5021,0
5022,0
5023,0
5024,0
5025,0
5026,0
5027,0
5028,0
5029,0
5030,0
5031,0
5032,0
5033,0
5034,0
5035,0
5036,0
5037,0
5038,0
5039,0
5040,0
5041,0
5042,0
5043,0
5044,0
5045,0
5046,0
5047,0
5048,0
5049,0
5050,0
5051,0
5052,0
5053,0
5054,0
5055,0
5056,0
5057,0
5058,0
5059,0
5060,0
5061,0
5062,0
5063,0
5064,0
5065,0
5066,0
5067,0
5068,0
5069,0
5070,0
5071,0
5072,0
5073,0
5074,0
5075,0
5076,0
5077,0
5078,0
5079,0
5080,0
5081,0
5082,0
5083,0
5084,0
5085,0
5086,0
5087,0
5088,0
5089,0
5090,0
5091,0
5092,0
5093,0
5094,0
5095,0
5096,0
5097,0
5098,0
5099,0
5100,0
5101,0
5102,0
5103,0
5104,0
5105,0
5106,0
5107,0
5108,0
5109,0
5110,0
5111,0
5112,0
5113,0
5114,0
5115,0
5116,0
5117,0
5118,0
5119,0
5120,0
5121,0
5122,0
5123,0
5124,0
5125,0
5126,0
5127,0
5128,0
5129,0
5130,0
5131,0
5132,0
5133,0
5134,0
5135,0
5136,0
5137,0
5138,0
5139,0
5140,0
5141,0
5142,0
5143,0
5144,0
5145,0
5146,0
5147,0
5148,0
5149,0
5150,0
5151,0
5152,0
5153,0
5154,0
5155,0
5156,0
5157,0
5158,0
5159,0
5160,0
5161,0
5162,0
5163,0
5164,0
5165,0
5166,0
5167,0
5168,0
5169,0
5170,0
5171,0
5172,0
5173,0
5174,0
5175,0
5176,0
5177,0
5178,0
5179,0
5180,0
5181,0
5182,0
5183,0
5184,0
5185,0
5186,0
5187,0
5188,0
5189,0
5190,0
5191,0
5192,0
5193,0
5194,0
5195,0
5196,0
5197,0
5198,0
5199,0
5200,0
5201,0
5202,0
5203,0
5204,0
5205,0
5206,0
5207,0
5208,0
5209,0
5210,0
5211,0
5212,0
5213,0
5214,0
5215,0
5216,0
5217,0
5218,0
5219,0
5220,0
5221,0
5222,0
5223,0
5224,0
5225,0
5226,0
5227,0
5228,0
5229,0
5230,0
5231,0
5232,0
5233,0
5234,0
5235,0
5236,0
5237,0
5238,0
5239,0
5240,0
5241,0
5242,0
5243,0
5244,0
5245,0
5246,0
5247,0
5248,0
5249,0
5250,0
5251,0
5252,0
5253,0
5254,0
5255,0
5256,0
5257,0
5258,0
5259,0
5260,0
5261,0
5262,0
5263,0
5264,0
5265,0
5266,0
5267,0
5268,0
5269,0
5270,0
5271,0
5272,0
5273,0
5274,0
5275,0
5276,0
5277,0
5278,0
5279,0
5280,0
5281,0
5282,0
5283,0
5284,0
5285,0
5286,0
5287,0
5288,0
5289,0
5290,0
5291,0
5292,0
5293,0
5294,0
5295,0
5296,0
5297,0
5298,0
5299,0
5300,0
5301,0
5302,0
5303,0
5304,0
5305,0
5306,0
5307,0
5308,0
5309,0
5310,0
5311,0
5312,0
5313,0
5314,0
5315,0
5316,0
5317,0
5318,0
5319,0
5320,0
5321,0
5322,0
5323,0
5324,0
5325,0
5326,0
5327,0
5328,0
5329,0
5330,0
5331,0
5332,0
5333,0
5334,0
5335,0
5336,0
5337,0
5338,0
5339,0
5340,0
5341,0
5342,0
5343,0
5344,0
5345,0
5346,0
5347,0
5348,0
5349,0
5350,0
5351,0
5352,0
5353,0
5354,0
5355,0
5356,0
5357,0
5358,0
5359,0
5360,0
5361,0
5362,0
5363,0
5364,0
5365,0
5366,0
5367,0
5368,0
5369,0
5370,0
5371,0
5372,0
5373,0
5374,0
5375,0
5376,0
5377,0
5378,0
5379,0
5380,0
5381,0
5382,0
5383,0
5384,0
5385,0
5386,0
5387,0
5388,0
5389,0
5390,0
5391,0
5392,0
5393,0
5394,0
5395,0
5396,0
5397,0
5398,0
5399,0
5400,0
5401,0
5402,0
5403,0
5404,0
5405,0
5406,0
5407,0
5408,0
5409,0
5410,0
5411,0
5412,0
5413,0
5414,0
5415,0
5416,0
5417,0
5418,0
5419,0
5420,0
5421,0
5422,0
5423,0
5424,0
5425,0
5426,0
5427,0
5428,0
5429,0
5430,0
5431,0
5432,0
5433,0
5434,0
5435,0
5436,0
5437,0
5438,0
5439,0
5440,0
5441,0
5442,0
5443,0
5444,0
5445,0
5446,0
5447,0
5448,0
5449,0
5450,0
5451,0
5452,0
5453,0
5454,0
5455,0
5456,0
5457,0
5458,0
5459,0
5460,0
5461,0
5462,0
5463,0
5464,0
5465,0
5466,0
5467,0
5468,0
5469,0
5470,0
5471,0
5472,0
5473,0
5474,0
5475,0
5476,0
5477,0
5478,0
5479,0
5480,0
5481,0
5482,0
5483,0
5484,0
5485,0
5486,0
5487,0
5488,0
5489,0
5490,0
5491,0
5492,0
5493,0
5494,0
5495,0
5496,0
5497,0
5498,0
5499,0
5500,0
5501,0
5502,0
5503,0
5504,0
5505,0
5506,0
5507,0
5508,0
5509,0
5510,0
5511,0
5512,0
5513,0
5514,0
5515,0
5516,0
5517,0
5518,0
5519,0
5520,0
5521,0
5522,0
5523,0
5524,0
5525,0
5526,0
5527,0
5528,0
5529,0
5530,0
5531,0
5532,0
5533,0
5534,0
5535,0
5536,0
5537,0
5538,0
5539,0
5540,0
5541,0
5542,0
5543,0
5544,0
5545,0
5546,0
5547,0
5548,0
5549,0
5550,0
5551,0
5552,0
5553,0
5554,0
5555,0
5556,0
5557,0
5558,0
5559,0
5560,0
5561,0
5562,0
5563,0
5564,0
5565,0
5566,0
5567,0
5568,0
5569,0
5570,0
5571,0
5572,0
5573,0
5574,0
5575,0
5576,0
5577,0
5578,0
5579,0
5580,0
5581,0
5582,0
5583,0
5584,0
5585,0
5586,0
5587,0
5588,0
5589,0
5590,0
5591,0
5592,0
5593,0
5594,0
5595,0
5596,0
5597,0
5598,0
5599,0
5600,0
5601,0
5602,0
5603,0
5604,0
5605,0
5606,0
5607,0
5608,0
5609,0
5610,0
5611,0
5612,0
5613,0
5614,0
5615,0
5616,0
5617,0
5618,0
5619,0
5620,0
5621,0
5622,0
5623,0
5624,0
5625,0
5626,0
5627,0
5628,0
5629,0
5630,0
5631,0
5632,0
5633,0
5634,0
5635,0
5636,0
5637,0
5638,0
5639,0
5640,0
5641,0
5642,0
5643,0
5644,0
5645,0
5646,0
5647,0
5648,0
5649,0
5650,0
5651,0
5652,0
5653,0
5654,0
5655,0
5656,0
5657,0
5658,0
5659,0
5660,0
5661,0
5662,0
5663,0
5664,0
5665,0
5666,0
5667,0
5668,0
5669,0
5670,0
5671,0
5672,0
5673,0
5674,0
5675,0
5676,0
5677,0
5678,0
5679,0
5680,0
5681,0
5682,0
5683,0
5684,0
5685,0
5686,0
5687,0
5688,0
5689,0
5690,0
5691,0
5692,0
5693,0
5694,0
5695,0
5696,0
5697,0
5698,0
5699,0
5700,0
5701,0
5702,0
5703,0
5704,0
5705,0
5706,0
5707,0
5708,0
5709,0
5710,0
5711,0
5712,0
5713,0
5714,0
5715,0
5716,0
5717,0
5718,0
5719,0
5720,0
5721,0
5722,0
5723,0
5724,0
5725,0
5726,0
5727,0
5728,0
5729,0
5730,0
5731,0
5732,0
5733,0
5734,0
5735,0
5736,0
5737,0
5738,0
5739,0
5740,0
5741,0
5742,0
5743,0
5744,0
5745,0
5746,0
5747,0
5748,0
5749,0
5750,0
5751,0
5752,0
5753,0
5754,0
5755,0
5756,0
5757,0
5758,0
5759,0
5760,0
5761,0
5762,0
5763,0
5764,0
5765,0
5766,0
5767,0
5768,0
5769,0
5770,0
5771,0
5772,0
5773,0
5774,0
5775,0
5776,0
5777,0
5778,0
5779,0
5780,0
5781,0
5782,0
5783,0
5784,0
5785,0
5786,0
5787,0
5788,0
5789,0
5790,0
5791,0
5792,0
5793,0
5794,0
5795,0
5796,0
5797,0
5798,0
5799,0
5800,0
5801,0
5802,0
5803,0
5804,0
5805,0
5806,0
5807,0
5808,0
5809,0
5810,0
5811,0
5812,0
5813,0
5814,0
5815,0
5816,0
5817,0
5818,0
5819,0
5820,0
5821,0
5822,0
5823,0
5824,0
5825,0
5826,0
5827,0
5828,0
5829,0
5830,0
5831,0
5832,0
5833,0
5834,0
5835,0
5836,0
5837,0
5838,0
5839,0
5840,0
5841,0
5842,0
5843,0
5844,0
5845,0
5846,0
5847,0
5848,0
5849,0
5850,0
5851,0
5852,0
5853,0
5854,0
5855,0
5856,0
5857,0
5858,0
5859,0
5860,0
5861,0
5862,0
5863,0
5864,0
5865,0
5866,0
5867,0
5868,0
5869,0
5870,0
5871,0
5872,0
5873,0
5874,0
5875,0
5876,0
5877,0
5878,0
5879,0
5880,0
5881,0
5882,0
5883,0
5884,0
5885,0
5886,0
5887,0
5888,0
5889,0
5890,0
5891,0
5892,0
5893,0
5894,0
5895,0
5896,0
5897,0
5898,0
5899,0
5900,0
5901,0
5902,0
5903,0
5904,0
5905,0
5906,0
5907,0
5908,0
5909,0
5910,0
5911,0
5912,0
5913,0
5914,0
5915,0
5916,0
5917,0
5918,0
5919,0
5920,0
5921,0
5922,0
5923,0
5924,0
5925,0
5926,0
5927,0
5928,0
5929,0
5930,0
5931,0
5932,0
5933,0
5934,0
5935,0
5936,0
5937,0
5938,0
5939,0
5940,0
5941,0
5942,0
5943,0
5944,0
5945,0
5946,0
5947,0
5948,0
5949,0
5950,0
5951,0
5952,0
5953,0
5954,0
5955,0
5956,0
5957,0
5958,0
5959,0
5960,0
5961,0
5962,0
5963,0
5964,0
5965,0
5966,0
5967,0
5968,0
5969,0
5970,0
5971,0
5972,0
5973,0
5974,0
5975,0
5976,0
5977,0
5978,0
5979,0
5980,0
5981,0
5982,0
5983,0
5984,0
5985,0
5986,0
5987,0
5988,0
5989,0
5990,0
5991,0
5992,0
5993,0
5994,0
5995,0
5996,0
5997,0
5998,0
5999,0
6000,0
6001,0
6002,0
6003,0
6004,0
6005,0
6006,0
6007,0
6008,0
6009,0
6010,0
6011,0
6012,0
6013,0
6014,0
6015,0
6016,0
6017,0
6018,0
6019,0
6020,0
6021,0
6022,0
6023,0
6024,0
6025,0
6026,0
6027,0
6028,0
6029,0
6030,0
6031,0
6032,0
6033,0
6034,0
6035,0
6036,0
6037,0
6038,0
6039,0
6040,0
6041,0
6042,0
6043,0
6044,0
6045,0
6046,0
6047,0
6048,0
6049,0
6050,0
6051,0
6052,0
6053,0
6054,0
6055,0
6056,0
6057,0
6058,0
6059,0
6060,0
6061,0
6062,0
6063,0
6064,0
6065,0
6066,0
6067,0
6068,0
6069,0
6070,0
6071,0
6072,0
6073,0
6074,0
6075,0
6076,0
6077,0
6078,0
6079,0
6080,0
6081,0
6082,0
6083,0
6084,0
6085,0
6086,0
6087,0
6088,0
6089,0
6090,0
6091,0
6092,0
6093,0
6094,0
6095,0
6096,0
6097,0
6098,0
6099,0
6100,0
6101,0
6102,0
6103,0
6104,0
6105,0
6106,0
6107,0
6108,0
6109,0
6110,0
6111,0
6112,0
6113,0
6114,0
6115,0
6116,0
6117,0
6118,0
6119,0
6120,0
6121,0
6122,0
6123,0
6124,0
6125,0
6126,0
6127,0
6128,0
6129,0
6130,0
6131,0
6132,0
6133,0
6134,0
6135,0
6136,0
6137,0
6138,0
6139,0
6140,0
6141,0
6142,0
6143,0
6144,0
6145,0
6146,0
6147,0
6148,0
6149,0
6150,0
6151,0
6152,0
6153,0
6154,0
6155,0
6156,0
6157,0
6158,0
6159,0
6160,0
6161,0
6162,0
6163,0
6164,0
6165,0
6166,0
6167,0
6168,0
6169,0
6170,0
6171,0
6172,0
6173,0
6174,0
6175,0
6176,0
6177,0
6178,0
6179,0
6180,0
6181,0
6182,0
6183,0
6184,0
6185,0
6186,0
6187,0
6188,0
6189,0
6190,0
6191,0
6192,0
6193,0
6194,0
6195,0
6196,0
6197,0
6198,0
6199,0
6200,0
6201,0
6202,0
6203,0
6204,0
6205,0
6206,0
6207,0
6208,0
6209,0
6210,0
6211,0
6212,0
6213,0
6214,0
6215,0
6216,0
6217,0
6218,0
6219,0
6220,0
6221,0
6222,0
6223,0
6224,0
6225,0
6226,0
6227,0
6228,0
6229,0
6230,0
6231,0
6232,0
6233,0
6234,0
6235,0
6236,0
6237,0
6238,0
6239,0
6240,0
6241,0
6242,0
6243,0
6244,0
6245,0
6246,0
6247,0
6248,0
6249,0
6250,0
6251,0
6252,0
6253,0
6254,0
6255,0
6256,0
6257,0
6258,0
6259,0
6260,0
6261,0
6262,0
6263,0
6264,0
6265,0
6266,0
6267,0
6268,0
6269,0
6270,0
6271,0
6272,0
6273,0
6274,0
6275,0
6276,0
6277,0
6278,0
6279,0
6280,0
6281,0
6282,0
6283,0
6284,0
6285,0
6286,0
6287,0
6288,0
6289,0
6290,0
6291,0
6292,0
6293,0
6294,0
6295,0
6296,0
6297,0
6298,0
6299,0
6300,0
6301,0
6302,0
6303,0
6304,0
6305,0
6306,0
6307,0
6308,0
6309,0
6310,0
6311,0
6312,0
6313,0
6314,0
6315,0
6316,0
6317,0
6318,0
6319,0
6320,0
6321,0
6322,0
6323,0
6324,0
6325,0
6326,0
6327,0
6328,0
6329,0
6330,0
6331,0
6332,0
6333,0
6334,0
6335,0
6336,0
6337,0
6338,0
6339,0
6340,0
6341,0
6342,0
6343,0
6344,0
6345,0
6346,0
6347,0
6348,0
6349,0
6350,0
6351,0
6352,0
6353,0
6354,0
6355,0
6356,0
6357,0
6358,0
6359,0
6360,0
6361,0
6362,0
6363,0
6364,0
6365,0
6366,0
6367,0
6368,0
6369,0
6370,0
6371,0
6372,0
6373,0
6374,0
6375,0
6376,0
6377,0
6378,0
6379,0
6380,0
6381,0
6382,0
6383,0
6384,0
6385,0
6386,0
6387,0
6388,0
6389,0
6390,0
6391,0
6392,0
6393,0
6394,0
6395,0
6396,0
6397,0
6398,0
6399,0
6400,0
6401,0
6402,0
6403,0
6404,0
6405,0
6406,0
6407,0
6408,0
6409,0
6410,0
6411,0
6412,0
6413,0
6414,0
6415,0
6416,0
6417,0
6418,0
6419,0
6420,0
6421,0
6422,0
6423,0
6424,0
6425,0
6426,0
6427,0
6428,0
6429,0
6430,0
6431,0
6432,0
6433,0
6434,0
6435,0
6436,0
6437,0
6438,0
6439,0
6440,0
6441,0
6442,0
6443,0
6444,0
6445,0
6446,0
6447,0
6448,0
6449,0
6450,0
6451,0
6452,0
6453,0
6454,0
6455,0
6456,0
6457,0
6458,0
6459,0
6460,0
6461,0
6462,0
6463,0
6464,0
6465,0
6466,0
6467,0
6468,0
6469,0
6470,0
6471,0
6472,0
6473,0
6474,0
6475,0
6476,0
6477,0
6478,0
6479,0
6480,0
6481,0
6482,0
6483,0
6484,0
6485,0
6486,0
6487,0
6488,0
6489,0
6490,0
6491,0
6492,0
6493,0
6494,0
6495,0
6496,0
6497,0
6498,0
6499,0
6500,0
6501,0
6502,0
6503,0
6504,0
6505,0
6506,0
6507,0
6508,0
6509,0
6510,0
6511,0
6512,0
6513,0
6514,0
6515,0
6516,0
6517,0
6518,0
6519,0
6520,0
6521,0
6522,0
6523,0
6524,0
6525,0
6526,0
6527,0
6528,0
6529,0
6530,0
6531,0
6532,0
6533,0
6534,0
6535,0
6536,0
6537,0
6538,0
6539,0
6540,0
6541,0
6542,0
6543,0
6544,0
6545,0
6546,0
6547,0
6548,0
6549,0
6550,0
6551,0
6552,0
6553,0
6554,0
6555,0
6556,0
6557,0
6558,0
6559,0
6560,0
6561,0
6562,0
6563,0
6564,0
6565,0
6566,0
6567,0
6568,0
6569,0
6570,0
6571,0
6572,0
6573,0
6574,0
6575,0
6576,0
6577,0
6578,0
6579,0
6580,0
6581,0
6582,0
6583,0
6584,0
6585,0
6586,0
6587,0
6588,0
6589,0
6590,0
6591,0
6592,0
6593,0
6594,0
6595,0
6596,0
6597,0
6598,0
6599,0
6600,0
6601,0
6602,0
6603,0
6604,0
6605,0
6606,0
6607,0
6608,0
6609,0
6610,0
6611,0
6612,0
6613,0
6614,0
6615,0
6616,0
6617,0
6618,0
6619,0
6620,0
6621,0
6622,0
6623,0
6624,0
6625,0
6626,0
6627,0
6628,0
6629,0
6630,0
6631,0
6632,0
6633,0
6634,0
6635,0
6636,0
6637,0
6638,0
6639,0
6640,0
6641,0
6642,0
6643,0
6644,0
6645,0
6646,0
6647,0
6648,0
6649,0
6650,0
6651,0
6652,0
6653,0
6654,0
6655,0
6656,0
6657,0
6658,0
6659,0
6660,0
6661,0
6662,0
6663,0
6664,0
6665,0
6666,0
6667,0
6668,0
6669,0
6670,0
6671,0
6672,0
6673,0
6674,0
6675,0
6676,0
6677,0
6678,0
6679,0
6680,0
6681,0
6682,0
6683,0
6684,0
6685,0
6686,0
6687,0
6688,0
6689,0
6690,0
6691,0
6692,0
6693,0
6694,0
6695,0
6696,0
6697,0
6698,0
6699,0
6700,0
6701,0
6702,0
6703,0
6704,0
6705,0
6706,0
6707,0
6708,0
6709,0
6710,0
6711,0
6712,0
6713,0
6714,0
6715,0
6716,0
6717,0
6718,0
6719,0
6720,0
6721,0
6722,0
6723,0
6724,0
6725,0
6726,0
6727,0
6728,0
6729,0
6730,0
6731,0
6732,0
6733,0
6734,0
6735,0
6736,0
6737,0
6738,0
6739,0
6740,0
6741,0
6742,0
6743,0
6744,0
6745,0
6746,0
6747,0
6748,0
6749,0
6750,0
6751,0
6752,0
6753,0
6754,0
6755,0
6756,0
6757,0
6758,0
6759,0
6760,0
6761,0
6762,0
6763,0
6764,0
6765,0
6766,0
6767,0
6768,0
6769,0
6770,0
6771,0
6772,0
6773,0
6774,0
6775,0
6776,0
6777,0
6778,0
6779,0
6780,0
6781,0
6782,0
6783,0
6784,0
6785,0
6786,0
6787,0
6788,0
6789,0
6790,0
6791,0
6792,0
6793,0
6794,0
6795,0
6796,0
6797,0
6798,0
6799,0
6800,0
6801,0
6802,0
6803,0
6804,0
6805,0
6806,0
6807,0
6808,0
6809,0
6810,0
6811,0
6812,0
6813,0
6814,0
6815,0
6816,0
6817,0
6818,0
6819,0
6820,0
6821,0
6822,0
6823,0
6824,0
6825,0
6826,0
6827,0
6828,0
6829,0
6830,0
6831,0
6832,0
6833,0
6834,0
6835,0
6836,0
6837,0
6838,0
6839,0
6840,0
6841,0
6842,0
6843,0
6844,0
6845,0
6846,0
6847,0
6848,0
6849,0
6850,0
6851,0
6852,0
6853,0
6854,0
6855,0
6856,0
6857,0
6858,0
6859,0
6860,0
6861,0
6862,0
6863,0
6864,0
6865,0
6866,0
6867,0
6868,0
6869,0
6870,0
6871,0
6872,0
6873,0
6874,0
6875,0
6876,0
6877,0
6878,0
6879,0
6880,0
6881,0
6882,0
6883,0
6884,0
6885,0
6886,0
6887,0
6888,0
6889,0
6890,0
6891,0
6892,0
6893,0
6894,0
6895,0
6896,0
6897,0
6898,0
6899,0
6900,0
6901,0
6902,0
6903,0
6904,0
6905,0
6906,0
6907,0
6908,0
6909,0
6910,0
6911,0
6912,0
6913,0
6914,0
6915,0
6916,0
6917,0
6918,0
6919,0
6920,0
6921,0
6922,0
6923,0
6924,0
6925,0
6926,0
6927,0
6928,0
6929,0
6930,0
6931,0
6932,0
6933,0
6934,0
6935,0
6936,0
6937,0
6938,0
6939,0
6940,0
6941,0
6942,0
6943,0
6944,0
6945,0
6946,0
6947,0
6948,0
6949,0
6950,0
6951,0
6952,0
6953,0
6954,0
6955,0
6956,0
6957,0
6958,0
6959,0
6960,0
6961,0
6962,0
6963,0
6964,0
6965,0
6966,0
6967,0
6968,0
6969,0
6970,0
6971,0
6972,0
6973,0
6974,0
6975,0
6976,0
6977,0
6978,0
6979,0
6980,0
6981,0
6982,0
6983,0
6984,0
6985,0
6986,0
6987,0
6988,0
6989,0
6990,0
6991,0
6992,0
6993,0
6994,0
6995,0
6996,0
6997,0
6998,0
6999,0
7000,0
7001,0
7002,0
7003,0
7004,0
7005,0
7006,0
7007,0
7008,0
7009,0
7010,0
7011,0
7012,0
7013,0
7014,0
7015,0
7016,0
7017,0
7018,0
7019,0
7020,0
7021,0
7022,0
7023,0
7024,0
7025,0
7026,0
7027,0
7028,0
7029,0
7030,0
7031,0
7032,0
7033,0
7034,0
7035,0
7036,0
7037,0
7038,0
7039,0
7040,0
7041,0
7042,0
7043,0
7044,0
7045,0
7046,0
7047,0
7048,0
7049,0
7050,0
7051,0
7052,0
7053,0
7054,0
7055,0
7056,0
7057,0
7058,0
7059,0
7060,0
7061,0
7062,0
7063,0
7064,0
7065,0
7066,0
7067,0
7068,0
7069,0
7070,0
7071,0
7072,0
7073,0
7074,0
7075,0
7076,0
7077,0
7078,0
7079,0
7080,0
7081,0
7082,0
7083,0
7084,0
7085,0
7086,0
7087,0
7088,0
7089,0
7090,0
7091,0
7092,0
7093,0
7094,0
7095,0
7096,0
7097,0
7098,0
7099,0
7100,0
7101,0
7102,0
7103,0
7104,0
7105,0
7106,0
7107,0
7108,0
7109,0
7110,0
7111,0
7112,0
7113,0
7114,0
7115,0
7116,0
7117,0
7118,0
7119,0
7120,0
7121,0
7122,0
7123,0
7124,0
7125,0
7126,0
7127,0
7128,0
7129,0
7130,0
7131,0
7132,0
7133,0
7134,0
7135,0
7136,0
7137,0
7138,0
7139,0
7140,0
7141,0
7142,0
7143,0
7144,0
7145,0
7146,0
7147,0
7148,0
7149,0
7150,0
7151,0
7152,0
7153,0
7154,0
7155,0
7156,0
7157,0
7158,0
7159,0
7160,0
7161,0
7162,0
7163,0
7164,0
7165,0
7166,0
7167,0
7168,0
7169,0
7170,0
7171,0
7172,0
7173,0
7174,0
7175,0
7176,0
7177,0
7178,0
7179,0
7180,0
7181,0
7182,0
7183,0
7184,0
7185,0
7186,0
7187,0
7188,0
7189,0
7190,0
7191,0
7192,0
7193,0
7194,0
7195,0
7196,0
7197,0
7198,0
7199,0
7200,0
7201,0
7202,0
7203,0
7204,0
7205,0
7206,0
7207,0
7208,0
7209,0
7210,0
7211,0
7212,0
7213,0
7214,0
7215,0
7216,0
7217,0
7218,0
7219,0
7220,0
7221,0
7222,0
7223,0
7224,0
7225,0
7226,0
7227,0
7228,0
7229,0
7230,0
7231,0
7232,0
7233,0
7234,0
7235,0
7236,0
7237,0
7238,0
7239,0
7240,0
7241,0
7242,0
7243,0
7244,0
7245,0
7246,0
7247,0
7248,0
7249,0
7250,0
7251,0
7252,0
7253,0
7254,0
7255,0
7256,0
7257,0
7258,0
7259,0
7260,0
7261,0
7262,0
7263,0
7264,0
7265,0
7266,0
7267,0
7268,0
7269,0
7270,0
7271,0
7272,0
7273,0
7274,0
7275,0
7276,0
7277,0
7278,0
7279,0
7280,0
7281,0
7282,0
7283,0
7284,0
7285,0
7286,0
7287,0
7288,0
7289,0
7290,0
7291,0
7292,0
7293,0
7294,0
7295,0
7296,0
7297,0
7298,0
7299,0
7300,0
7301,0
7302,0
7303,0
7304,0
7305,0
7306,0
7307,0
7308,0
7309,0
7310,0
7311,0
7312,0
7313,0
7314,0
7315,0
7316,0
7317,0
7318,0
7319,0
7320,0
7321,0
7322,0
7323,0
7324,0
7325,0
7326,0
7327,0
7328,0
7329,0
7330,0
7331,0
7332,0
7333,0
7334,0
7335,0
7336,0
7337,0
7338,0
7339,0
7340,0
7341,0
7342,0
7343,0
7344,0
7345,0
7346,0
7347,0
7348,0
7349,0
7350,0
7351,0
7352,0
7353,0
7354,0
7355,0
7356,0
7357,0
7358,0
7359,0
7360,0
7361,0
7362,0
7363,0
7364,0
7365,0
7366,0
7367,0
7368,0
7369,0
7370,0
7371,0
7372,0
7373,0
7374,0
7375,0
7376,0
7377,0
7378,0
7379,0
7380,0
7381,0
7382,0
7383,0
7384,0
7385,0
7386,0
7387,0
7388,0
7389,0
7390,0
7391,0
7392,0
7393,0
7394,0
7395,0
7396,0
7397,0
7398,0
7399,0
7400,0
7401,0
7402,0
7403,0
7404,0
7405,0
7406,0
7407,0
7408,0
7409,0
7410,0
7411,0
7412,0
7413,0
7414,0
7415,0
7416,0
7417,0
7418,0
7419,0
7420,0
7421,0
7422,0
7423,0
7424,0
7425,0
7426,0
7427,0
7428,0
7429,0
7430,0
7431,0
7432,0
7433,0
7434,0
7435,0
7436,0
7437,0
7438,0
7439,0
7440,0
7441,0
7442,0
7443,0
7444,0
7445,0
7446,0
7447,0
7448,0
7449,0
7450,0
7451,0
7452,0
7453,0
7454,0
7455,0
7456,0
7457,0
7458,0
7459,0
7460,0
7461,0
7462,0
7463,0
7464,0
7465,0
7466,0
7467,0
7468,0
7469,0
7470,0
7471,0
7472,0
7473,0
7474,0
7475,0
7476,0
7477,0
7478,0
7479,0
7480,0
7481,0
7482,0
7483,0
7484,0
7485,0
7486,0
7487,0
7488,0
7489,0
7490,0
7491,0
7492,0
7493,0
7494,0
7495,0
7496,0
7497,0
7498,0
7499,0
7500,0
7501,0
7502,0
7503,0
7504,0
7505,0
7506,0
7507,0
7508,0
7509,0
7510,0
7511,0
7512,0
7513,0
7514,0
7515,0
7516,0
7517,0
7518,0
7519,0
7520,0
7521,0
7522,0
7523,0
7524,0
7525,0
7526,0
7527,0
7528,0
7529,0
7530,0
7531,0
7532,0
7533,0
7534,0
7535,0
7536,0
7537,0
7538,0
7539,0
7540,0
7541,0
7542,0
7543,0
7544,0
7545,0
7546,0
7547,0
7548,0
7549,0
7550,0
7551,0
7552,0
7553,0
7554,0
7555,0
7556,0
7557,0
7558,0
7559,0
7560,0
7561,0
7562,0
7563,0
7564,0
7565,0
7566,0
7567,0
7568,0
7569,0
7570,0
7571,0
7572,0
7573,0
7574,0
7575,0
7576,0
7577,0
7578,0
7579,0
7580,0
7581,0
7582,0
7583,0
7584,0
7585,0
7586,0
7587,0
7588,0
7589,0
7590,0
7591,0
7592,0
7593,0
7594,0
7595,0
7596,0
7597,0
7598,0
7599,0
7600,0
7601,0
7602,0
7603,0
7604,0
7605,0
7606,0
7607,0
7608,0
7609,0
7610,0
7611,0
7612,0
7613,0
7614,0
7615,0
7616,0
7617,0
7618,0
7619,0
7620,0
7621,0
7622,0
7623,0
7624,0
7625,0
7626,0
7627,0
7628,0
7629,0
7630,0
7631,0
7632,0
7633,0
7634,0
7635,0
7636,0
7637,0
7638,0
7639,0
7640,0
7641,0
7642,0
7643,0
7644,0
7645,0
7646,0
7647,0
7648,0
7649,0
7650,0
7651,0
7652,0
7653,0
7654,0
7655,0
7656,0
7657,0
7658,0
7659,0
7660,0
7661,0
7662,0
7663,0
7664,0
7665,0
7666,0
7667,0
7668,0
7669,0
7670,0
7671,0
7672,0
7673,0
7674,0
7675,0
7676,0
7677,0
7678,0
7679,0
7680,0
7681,0
7682,0
7683,0
7684,0
7685,0
7686,0
7687,0
7688,0
7689,0
7690,0
7691,0
7692,0
7693,0
7694,0
7695,0
7696,0
7697,0
7698,0
7699,0
7700,0
7701,0
7702,0
7703,0
7704,0
7705,0
7706,0
7707,0
7708,0
7709,0
7710,0
7711,0
7712,0
7713,0
7714,0
7715,0
7716,0
7717,0
7718,0
7719,0
7720,0
7721,0
7722,0
7723,0
7724,0
7725,0
7726,0
7727,0
7728,0
7729,0
7730,0
7731,0
7732,0
7733,0
7734,0
7735,0
7736,0
7737,0
7738,0
7739,0
7740,0
7741,0
7742,0
7743,0
7744,0
7745,0
7746,0
7747,0
7748,0
7749,0
7750,0
7751,0
7752,0
7753,0
7754,0
7755,0
7756,0
7757,0
7758,0
7759,0
7760,0
7761,0
7762,0
7763,0
7764,0
7765,0
7766,0
7767,0
7768,0
7769,0
7770,0
7771,0
7772,0
7773,0
7774,0
7775,0
7776,0
7777,0
7778,0
7779,0
7780,0
7781,0
7782,0
7783,0
7784,0
7785,0
7786,0
7787,0
7788,0
7789,0
7790,0
7791,0
7792,0
7793,0
7794,0
7795,0
7796,0
7797,0
7798,0
7799,0
7800,0
7801,0
7802,0
7803,0
7804,0
7805,0
7806,0
7807,0
7808,0
7809,0
7810,0
7811,0
7812,0
7813,0
7814,0
7815,0
7816,0
7817,0
7818,0
7819,0
7820,0
7821,0
7822,0
7823,0
7824,0
7825,0
7826,0
7827,0
7828,0
7829,0
7830,0
7831,0
7832,0
7833,0
7834,0
7835,0
7836,0
7837,0
7838,0
7839,0
7840,0
7841,0
7842,0
7843,0
7844,0
7845,0
7846,0
7847,0
7848,0
7849,0
7850,0
7851,0
7852,0
7853,0
7854,0
7855,0
7856,0
7857,0
7858,0
7859,0
7860,0
7861,0
7862,0
7863,0
7864,0
7865,0
7866,0
7867,0
7868,0
7869,0
7870,0
7871,0
7872,0
7873,0
7874,0
7875,0
7876,0
7877,0
7878,0
7879,0
7880,0
7881,0
7882,0
7883,0
7884,0
7885,0
7886,0
7887,0
7888,0
7889,0
7890,0
7891,0
7892,0
7893,0
7894,0
7895,0
7896,0
7897,0
7898,0
7899,0
7900,0
7901,0
7902,0
7903,0
7904,0
7905,0
7906,0
7907,0
7908,0
7909,0
7910,0
7911,0
7912,0
7913,0
7914,0
7915,0
7916,0
7917,0
7918,0
7919,0
7920,0
7921,0
7922,0
7923,0
7924,0
7925,0
7926,0
7927,0
7928,0
7929,0
7930,0
7931,0
7932,0
7933,0
7934,0
7935,0
7936,0
7937,0
7938,0
7939,0
7940,0
7941,0
7942,0
7943,0
7944,0
7945,0
7946,0
7947,0
7948,0
7949,0
7950,0
7951,0
7952,0
7953,0
7954,0
7955,0
7956,0
7957,0
7958,0
7959,0
7960,0
7961,0
7962,0
7963,0
7964,0
7965,0
7966,0
7967,0
7968,0
7969,0
7970,0
7971,0
7972,0
7973,0
7974,0
7975,0
7976,0
7977,0
7978,0
7979,0
7980,0
7981,0
7982,0
7983,0
7984,0
7985,0
7986,0
7987,0
7988,0
7989,0
7990,0
7991,0
7992,0
7993,0
7994,0
7995,0
7996,0
7997,0
7998,0
7999,0
8000,0
8001,0
8002,0
8003,0
8004,0
8005,0
8006,0
8007,0
8008,0
8009,0
8010,0
8011,0
8012,0
8013,0
8014,0
8015,0
8016,0
8017,0
8018,0
8019,0
8020,0
8021,0
8022,0
8023,0
8024,0
8025,0
8026,0
8027,0
8028,0
8029,0
8030,0
8031,0
8032,0
8033,0
8034,0
8035,0
8036,0
8037,0
8038,0
8039,0
8040,0
8041,0
8042,0
8043,0
8044,0
8045,0
8046,0
8047,0
8048,0
8049,0
8050,0
8051,0
8052,0
8053,0
8054,0
8055,0
8056,0
8057,0
8058,0
8059,0
8060,0
8061,0
8062,0
8063,0
8064,0
8065,0
8066,0
8067,0
8068,0
8069,0
8070,0
8071,0
8072,0
8073,0
8074,0
8075,0
8076,0
8077,0
8078,0
8079,0
8080,0
8081,0
8082,0
8083,0
8084,0
8085,0
8086,0
8087,0
8088,0
8089,0
8090,0
8091,0
8092,0
8093,0
8094,0
8095,0
8096,0
8097,0
8098,0
8099,0
8100,0
8101,0
8102,0
8103,0
8104,0
8105,0
8106,0
8107,0
8108,0
8109,0
8110,0
8111,0
8112,0
8113,0
8114,0
8115,0
8116,0
8117,0
8118,0
8119,0
8120,0
8121,0
8122,0
8123,0
8124,0
8125,0
8126,0
8127,0
8128,0
8129,0
8130,0
8131,0
8132,0
8133,0
8134,0
8135,0
8136,0
8137,0
8138,0
8139,0
8140,0
8141,0
8142,0
8143,0
8144,0
8145,0
8146,0
8147,0
8148,0
8149,0
8150,0
8151,0
8152,0
8153,0
8154,0
8155,0
8156,0
8157,0
8158,0
8159,0
8160,0
8161,0
8162,0
8163,0
8164,0
8165,0
8166,0
8167,0
8168,0
8169,0
8170,0
8171,0
8172,0
8173,0
8174,0
8175,0
8176,0
8177,0
8178,0
8179,0
8180,0
8181,0
8182,0
8183,0
8184,0
8185,0
8186,0
8187,0
8188,0
8189,0
8190,0
8191,0
8192,0
8193,0
8194,0
8195,0
8196,0
8197,0
8198,0
8199,0
8200,0
8201,0
8202,0
8203,0
8204,0
8205,0
8206,0
8207,0
8208,0
8209,0
8210,0
8211,0
8212,0
8213,0
8214,0
8215,0
8216,0
8217,0
8218,0
8219,0
8220,0
8221,0
8222,0
8223,0
8224,0
8225,0
8226,0
8227,0
8228,0
8229,0
8230,0
8231,0
8232,0
8233,0
8234,0
8235,0
8236,0
8237,0
8238,0
8239,0
8240,0
8241,0
8242,0
8243,0
8244,0
8245,0
8246,0
8247,0
8248,0
8249,0
8250,0
8251,0
8252,0
8253,0
8254,0
8255,0
8256,0
8257,0
8258,0
8259,0
8260,0
8261,0
8262,0
8263,0
8264,0
8265,0
8266,0
8267,0
8268,0
8269,0
8270,0
8271,0
8272,0
8273,0
8274,0
8275,0
8276,0
8277,0
8278,0
8279,0
8280,0
8281,0
8282,0
8283,0
8284,0
8285,0
8286,0
8287,0
8288,0
8289,0
8290,0
8291,0
8292,0
8293,0
8294,0
8295,0
8296,0
8297,0
8298,0
8299,0
8300,0
8301,0
8302,0
8303,0
8304,0
8305,0
8306,0
8307,0
8308,0
8309,0
8310,0
8311,0
8312,0
8313,0
8314,0
8315,0
8316,0
8317,0
8318,0
8319,0
8320,0
8321,0
8322,0
8323,0
8324,0
8325,0
8326,0
8327,0
8328,0
8329,0
8330,0
8331,0
8332,0
8333,0
8334,0
8335,0
8336,0
8337,0
8338,0
8339,0
8340,0
8341,0
8342,0
8343,0
8344,0
8345,0
8346,0
8347,0
8348,0
8349,0
8350,0
8351,0
8352,0
8353,0
8354,0
8355,0
8356,0
8357,0
8358,0
8359,0
8360,0
8361,0
8362,0
8363,0
8364,0
8365,0
8366,0
8367,0
8368,0
8369,0
8370,0
8371,0
8372,0
8373,0
8374,0
8375,0
8376,0
8377,0
8378,0
8379,0
8380,0
8381,0
8382,0
8383,0
8384,0
8385,0
8386,0
8387,0
8388,0
8389,0
8390,0
8391,0
8392,0
8393,0
8394,0
8395,0
8396,0
8397,0
8398,0
8399,0
8400,0
8401,0
8402,0
8403,0
8404,0
8405,0
8406,0
8407,0
8408,0
8409,0
8410,0
8411,0
8412,0
8413,0
8414,0
8415,0
8416,0
8417,0
8418,0
8419,0
8420,0
8421,0
8422,0
8423,0
8424,0
8425,0
8426,0
8427,0
8428,0
8429,0
8430,0
8431,0
8432,0
8433,0
8434,0
8435,0
8436,0
8437,0
8438,0
8439,0
8440,0
8441,0
8442,0
8443,0
8444,0
8445,0
8446,0
8447,0
8448,0
8449,0
8450,0
8451,0
8452,0
8453,0
8454,0
8455,0
8456,0
8457,0
8458,0
8459,0
8460,0
8461,0
8462,0
8463,0
8464,0
8465,0
8466,0
8467,0
8468,0
8469,0
8470,0
8471,0
8472,0
8473,0
8474,0
8475,0
8476,0
8477,0
8478,0
8479,0
8480,0
8481,0
8482,0
8483,0
8484,0
8485,0
8486,0
8487,0
8488,0
8489,0
8490,0
8491,0
8492,0
8493,0
8494,0
8495,0
8496,0
8497,0
8498,0
8499,0
8500,0
8501,0
8502,0
8503,0
8504,0
8505,0
8506,0
8507,0
8508,0
8509,0
8510,0
8511,0
8512,0
8513,0
8514,0
8515,0
8516,0
8517,0
8518,0
8519,0
8520,0
8521,0
8522,0
8523,0
8524,0
8525,0
8526,0
8527,0
8528,0
8529,0
8530,0
8531,0
8532,0
8533,0
8534,0
8535,0
8536,0
8537,0
8538,0
8539,0
8540,0
8541,0
8542,0
8543,0
8544,0
8545,0
8546,0
8547,0
8548,0
8549,0
8550,0
8551,0
8552,0
8553,0
8554,0
8555,0
8556,0
8557,0
8558,0
8559,0
8560,0
8561,0
8562,0
8563,0
8564,0
8565,0
8566,0
8567,0
8568,0
8569,0
8570,0
8571,0
8572,0
8573,0
8574,0
8575,0
8576,0
8577,0
8578,0
8579,0
8580,0
8581,0
8582,0
8583,0
8584,0
8585,0
8586,0
8587,0
8588,0
8589,0
8590,0
8591,0
8592,0
8593,0
8594,0
8595,0
8596,0
8597,0
8598,0
8599,0
8600,0
8601,0
8602,0
8603,0
8604,0
8605,0
8606,0
8607,0
8608,0
8609,0
8610,0
8611,0
8612,0
8613,0
8614,0
8615,0
8616,0
8617,0
8618,0
8619,0
8620,0
8621,0
8622,0
8623,0
8624,0
8625,0
8626,0
8627,0
8628,0
8629,0
8630,0
8631,0
8632,0
8633,0
8634,0
8635,0
8636,0
8637,0
8638,0
8639,0
8640,0
8641,0
8642,0
8643,0
8644,0
8645,0
8646,0
8647,0
8648,0
8649,0
8650,0
8651,0
8652,0
8653,0
8654,0
8655,0
8656,0
8657,0
8658,0
8659,0
8660,0
8661,0
8662,0
8663,0
8664,0
8665,0
8666,0
8667,0
8668,0
8669,0
8670,0
8671,0
8672,0
8673,0
8674,0
8675,0
8676,0
8677,0
8678,0
8679,0
8680,0
8681,0
8682,0
8683,0
8684,0
8685,0
8686,0
8687,0
8688,0
8689,0
8690,0
8691,0
8692,0
8693,0
8694,0
8695,0
8696,0
8697,0
8698,0
8699,0
8700,0
8701,0
8702,0
8703,0
8704,0
8705,0
8706,0
8707,0
8708,0
8709,0
8710,0
8711,0
8712,0
8713,0
8714,0
8715,0
8716,0
8717,0
8718,0
8719,0
8720,0
8721,0
8722,0
8723,0
8724,0
8725,0
8726,0
8727,0
8728,0
8729,0
8730,0
8731,0
8732,0
8733,0
8734,0
8735,0
8736,0
8737,0
8738,0
8739,0
8740,0
8741,0
8742,0
8743,0
8744,0
8745,0
8746,0
8747,0
8748,0
8749,0
8750,0
8751,0
8752,0
8753,0
8754,0
8755,0
8756,0
8757,0
8758,0
8759,0
8760,0
8761,0
8762,0
8763,0
8764,0
8765,0
8766,0
8767,0
8768,0
8769,0
8770,0
8771,0
8772,0
8773,0
8774,0
8775,0
8776,0
8777,0
8778,0
8779,0
8780,0
8781,0
8782,0
8783,0
8784,0
8785,0
8786,0
8787,0
8788,0
8789,0
8790,0
8791,0
8792,0
8793,0
8794,0
8795,0
8796,0
8797,0
8798,0
8799,0
8800,0
8801,0
8802,0
8803,0
8804,0
8805,0
8806,0
8807,0
8808,0
8809,0
8810,0
8811,0
8812,0
8813,0
8814,0
8815,0
8816,0
8817,0
8818,0
8819,0
8820,0
8821,0
8822,0
8823,0
8824,0
8825,0
8826,0
8827,0
8828,0
8829,0
8830,0
8831,0
8832,0
8833,0
8834,0
8835,0
8836,0
8837,0
8838,0
8839,0
8840,0
8841,0
8842,0
8843,0
8844,0
8845,0
8846,0
8847,0
8848,0
8849,0
8850,0
8851,0
8852,0
8853,0
8854,0
8855,0
8856,0
8857,0
8858,0
8859,0
8860,0
8861,0
8862,0
8863,0
8864,0
8865,0
8866,0
8867,0
8868,0
8869,0
8870,0
8871,0
8872,0
8873,0
8874,0
8875,0
8876,0
8877,0
8878,0
8879,0
8880,0
8881,0
8882,0
8883,0
8884,0
8885,0
8886,0
8887,0
8888,0
8889,0
8890,0
8891,0
8892,0
8893,0
8894,0
8895,0
8896,0
8897,0
8898,0
8899,0
8900,0
8901,0
8902,0
8903,0
8904,0
8905,0
8906,0
8907,0
8908,0
8909,0
8910,0
8911,0
8912,0
8913,0
8914,0
8915,0
8916,0
8917,0
8918,0
8919,0
8920,0
8921,0
8922,0
8923,0
8924,0
8925,0
8926,0
8927,0
8928,0
8929,0
8930,0
8931,0
8932,0
8933,0
8934,0
8935,0
8936,0
8937,0
8938,0
8939,0
8940,0
8941,0
8942,0
8943,0
8944,0
8945,0
8946,0
8947,0
8948,0
8949,0
8950,0
8951,0
8952,0
8953,0
8954,0
8955,0
8956,0
8957,0
8958,0
8959,0
8960,0
8961,0
8962,0
8963,0
8964,0
8965,0
8966,0
8967,0
8968,0
8969,0
8970,0
8971,0
8972,0
8973,0
8974,0
8975,0
8976,0
8977,0
8978,0
8979,0
8980,0
8981,0
8982,0
8983,0
8984,0
8985,0
8986,0
8987,0
8988,0
8989,0
8990,0
8991,0
8992,0
8993,0
8994,0
8995,0
8996,0
8997,0
8998,0
8999,0
9000,0
9001,0
9002,0
9003,0
9004,0
9005,0
9006,0
9007,0
9008,0
9009,0
9010,0
9011,0
9012,0
9013,0
9014,0
9015,0
9016,0
9017,0
9018,0
9019,0
9020,0
9021,0
9022,0
9023,0
9024,0
9025,0
9026,0
9027,0
9028,0
9029,0
9030,0
9031,0
9032,0
9033,0
9034,0
9035,0
9036,0
9037,0
9038,0
9039,0
9040,0
9041,0
9042,0
9043,0
9044,0
9045,0
9046,0
9047,0
9048,0
9049,0
9050,0
9051,0
9052,0
9053,0
9054,0
9055,0
9056,0
9057,0
9058,0
9059,0
9060,0
9061,0
9062,0
9063,0
9064,0
9065,0
9066,0
9067,0
9068,0
9069,0
9070,0
9071,0
9072,0
9073,0
9074,0
9075,0
9076,0
9077,0
9078,0
9079,0
9080,0
9081,0
9082,0
9083,0
9084,0
9085,0
9086,0
9087,0
9088,0
9089,0
9090,0
9091,0
9092,0
9093,0
9094,0
9095,0
9096,0
9097,0
9098,0
9099,0
9100,0
9101,0
9102,0
9103,0
9104,0
9105,0
9106,0
9107,0
9108,0
9109,0
9110,0
9111,0
9112,0
9113,0
9114,0
9115,0
9116,0
9117,0
9118,0
9119,0
9120,0
9121,0
9122,0
9123,0
9124,0
9125,0
9126,0
9127,0
9128,0
9129,0
9130,0
9131,0
9132,0
9133,0
9134,0
9135,0
9136,0
9137,0
9138,0
9139,0
9140,0
9141,0
9142,0
9143,0
9144,0
9145,0
9146,0
9147,0
9148,0
9149,0
9150,0
9151,0
9152,0
9153,0
9154,0
9155,0
9156,0
9157,0
9158,0
9159,0
9160,0
9161,0
9162,0
9163,0
9164,0
9165,0
9166,0
9167,0
9168,0
9169,0
9170,0
9171,0
9172,0
9173,0
9174,0
9175,0
9176,0
9177,0
9178,0
9179,0
9180,0
9181,0
9182,0
9183,0
9184,0
9185,0
9186,0
9187,0
9188,0
9189,0
9190,0
9191,0
9192,0
9193,0
9194,0
9195,0
9196,0
9197,0
9198,0
9199,0
9200,0
9201,0
9202,0
9203,0
9204,0
9205,0
9206,0
9207,0
9208,0
9209,0
9210,0
9211,0
9212,0
9213,0
9214,0
9215,0
9216,0
9217,0
9218,0
9219,0
9220,0
9221,0
9222,0
9223,0
9224,0
9225,0
9226,0
9227,0
9228,0
9229,0
9230,0
9231,0
9232,0
9233,0
9234,0
9235,0
9236,0
9237,0
9238,0
9239,0
9240,0
9241,0
9242,0
9243,0
9244,0
9245,0
9246,0
9247,0
9248,0
9249,0
9250,0
9251,0
9252,0
9253,0
9254,0
9255,0
9256,0
9257,0
9258,0
9259,0
9260,0
9261,0
9262,0
9263,0
9264,0
9265,0
9266,0
9267,0
9268,0
9269,0
9270,0
9271,0
9272,0
9273,0
9274,0
9275,0
9276,0
9277,0
9278,0
9279,0
9280,0
9281,0
9282,0
9283,0
9284,0
9285,0
9286,0
9287,0
9288,0
9289,0
9290,0
9291,0
9292,0
9293,0
9294,0
9295,0
9296,0
9297,0
9298,0
9299,0
9300,0
9301,0
9302,0
9303,0
9304,0
9305,0
9306,0
9307,0
9308,0
9309,0
9310,0
9311,0
9312,0
9313,0
9314,0
9315,0
9316,0
9317,0
9318,0
9319,0
9320,0
9321,0
9322,0
9323,0
9324,0
9325,0
9326,0
9327,0
9328,0
9329,0
9330,0
9331,0
9332,0
9333,0
9334,0
9335,0
9336,0
9337,0
9338,0
9339,0
9340,0
9341,0
9342,0
9343,0
9344,0
9345,0
9346,0
9347,0
9348,0
9349,0
9350,0
9351,0
9352,0
9353,0
9354,0
9355,0
9356,0
9357,0
9358,0
9359,0
9360,0
9361,0
9362,0
9363,0
9364,0
9365,0
9366,0
9367,0
9368,0
9369,0
9370,0
9371,0
9372,0
9373,0
9374,0
9375,0
9376,0
9377,0
9378,0
9379,0
9380,0
9381,0
9382,0
9383,0
9384,0
9385,0
9386,0
9387,0
9388,0
9389,0
9390,0
9391,0
9392,0
9393,0
9394,0
9395,0
9396,0
9397,0
9398,0
9399,0
9400,0
9401,0
9402,0
9403,0
9404,0
9405,0
9406,0
9407,0
9408,0
9409,0
9410,0
9411,0
9412,0
9413,0
9414,0
9415,0
9416,0
9417,0
9418,0
9419,0
9420,0
9421,0
9422,0
9423,0
9424,0
9425,0
9426,0
9427,0
9428,0
9429,0
9430,0
9431,0
9432,0
9433,0
9434,0
9435,0
9436,0
9437,0
9438,0
9439,0
9440,0
9441,0
9442,0
9443,0
9444,0
9445,0
9446,0
9447,0
9448,0
9449,0
9450,0
9451,0
9452,0
9453,0
9454,0
9455,0
9456,0
9457,0
9458,0
9459,0
9460,0
9461,0
9462,0
9463,0
9464,0
9465,0
9466,0
9467,0
9468,0
9469,0
9470,0
9471,0
9472,0
9473,0
9474,0
9475,0
9476,0
9477,0
9478,0
9479,0
9480,0
9481,0
9482,0
9483,0
9484,0
9485,0
9486,0
9487,0
9488,0
9489,0
9490,0
9491,0
9492,0
9493,0
9494,0
9495,0
9496,0
9497,0
9498,0
9499,0
9500,0
9501,0
9502,0
9503,0
9504,0
9505,0
9506,0
9507,0
9508,0
9509,0
9510,0
9511,0
9512,0
9513,0
9514,0
9515,0
9516,0
9517,0
9518,0
9519,0
9520,0
9521,0
9522,0
9523,0
9524,0
9525,0
9526,0
9527,0
9528,0
9529,0
9530,0
9531,0
9532,0
9533,0
9534,0
9535,0
9536,0
9537,0
9538,0
9539,0
9540,0
9541,0
9542,0
9543,0
9544,0
9545,0
9546,0
9547,0
9548,0
9549,0
9550,0
9551,0
9552,0
9553,0
9554,0
9555,0
9556,0
9557,0
9558,0
9559,0
9560,0
9561,0
9562,0
9563,0
9564,0
9565,0
9566,0
9567,0
9568,0
9569,0
9570,0
9571,0
9572,0
9573,0
9574,0
9575,0
9576,0
9577,0
9578,0
9579,0
9580,0
9581,0
9582,0
9583,0
9584,0
9585,0
9586,0
9587,0
9588,0
9589,0
9590,0
9591,0
9592,0
9593,0
9594,0
9595,0
9596,0
9597,0
9598,0
9599,0
9600,0
9601,0
9602,0
9603,0
9604,0
9605,0
9606,0
9607,0
9608,0
9609,0
9610,0
9611,0
9612,0
9613,0
9614,0
9615,0
9616,0
9617,0
9618,0
9619,0
9620,0
9621,0
9622,0
9623,0
9624,0
9625,0
9626,0
9627,0
9628,0
9629,0
9630,0
9631,0
9632,0
9633,0
9634,0
9635,0
9636,0
9637,0
9638,0
9639,0
9640,0
9641,0
9642,0
9643,0
9644,0
9645,0
9646,0
9647,0
9648,0
9649,0
9650,0
9651,0
9652,0
9653,0
9654,0
9655,0
9656,0
9657,0
9658,0
9659,0
9660,0
9661,0
9662,0
9663,0
9664,0
9665,0
9666,0
9667,0
9668,0
9669,0
9670,0
9671,0
9672,0
9673,0
9674,0
9675,0
9676,0
9677,0
9678,0
9679,0
9680,0
9681,0
9682,0
9683,0
9684,0
9685,0
9686,0
9687,0
9688,0
9689,0
9690,0
9691,0
9692,0
9693,0
9694,0
9695,0
9696,0
9697,0
9698,0
9699,0
9700,0
9701,0
9702,0
9703,0
9704,0
9705,0
9706,0
9707,0
9708,0
9709,0
9710,0
9711,0
9712,0
9713,0
9714,0
9715,0
9716,0
9717,0
9718,0
9719,0
9720,0
9721,0
9722,0
9723,0
9724,0
9725,0
9726,0
9727,0
9728,0
9729,0
9730,0
9731,0
9732,0
9733,0
9734,0
9735,0
9736,0
9737,0
9738,0
9739,0
9740,0
9741,0
9742,0
9743,0
9744,0
9745,0
9746,0
9747,0
9748,0
9749,0
9750,0
9751,0
9752,0
9753,0
9754,0
9755,0
9756,0
9757,0
9758,0
9759,0
9760,0
9761,0
9762,0
9763,0
9764,0
9765,0
9766,0
9767,0
9768,0
9769,0
9770,0
9771,0
9772,0
9773,0
9774,0
9775,0
9776,0
9777,0
9778,0
9779,0
9780,0
9781,0
9782,0
9783,0
9784,0
9785,0
9786,0
9787,0
9788,0
9789,0
9790,0
9791,0
9792,0
9793,0
9794,0
9795,0
9796,0
9797,0
9798,0
9799,0
9800,0
9801,0
9802,0
9803,0
9804,0
9805,0
9806,0
9807,0
9808,0
9809,0
9810,0
9811,0
9812,0
9813,0
9814,0
9815,0
9816,0
9817,0
9818,0
9819,0
9820,0
9821,0
9822,0
9823,0
9824,0
9825,0
9826,0
9827,0
9828,0
9829,0
9830,0
9831,0
9832,0
9833,0
9834,0
9835,0
9836,0
9837,0
9838,0
9839,0
9840,0
9841,0
9842,0
9843,0
9844,0
9845,0
9846,0
9847,0
9848,0
9849,0
9850,0
9851,0
9852,0
9853,0
9854,0
9855,0
9856,0
9857,0
9858,0
9859,0
9860,0
9861,0
9862,0
9863,0
9864,0
9865,0
9866,0
9867,0
9868,0
9869,0
9870,0
9871,0
9872,0
9873,0
9874,0
9875,0
9876,0
9877,0
9878,0
9879,0
9880,0
9881,0
9882,0
9883,0
9884,0
9885,0
9886,0
9887,0
9888,0
9889,0
9890,0
9891,0
9892,0
9893,0
9894,0
9895,0
9896,0
9897,0
9898,0
9899,0
9900,0
9901,0
9902,0
9903,0
9904,0
9905,0
9906,0
9907,0
9908,0
9909,0
9910,0
9911,0
9912,0
9913,0
9914,0
9915,0
9916,0
9917,0
9918,0
9919,0
9920,0
9921,0
9922,0
9923,0
9924,0
9925,0
9926,0
9927,0
9928,0
9929,0
9930,0
9931,0
9932,0
9933,0
9934,0
9935,0
9936,0
9937,0
9938,0
9939,0
9940,0
9941,0
9942,0
9943,0
9944,0
9945,0
9946,0
9947,0
9948,0
9949,0
9950,0
9951,0
9952,0
9953,0
9954,0
9955,0
9956,0
9957,0
9958,0
9959,0
9960,0
9961,0
9962,0
9963,0
9964,0
9965,0
9966,0
9967,0
9968,0
9969,0
9970,0
9971,0
9972,0
9973,0
9974,0
9975,0
9976,0
9977,0
9978,0
9979,0
9980,0
9981,0
9982,0
9983,0
9984,0
9985,0
9986,0
9987,0
9988,0
9989,0
9990,0
9991,0
9992,0
9993,0
9994,0
9995,0
9996,0
9997,0
9998,0
9999,0
10000,0
10001,0
10002,0
10003,0
10004,0
10005,0
10006,0
10007,0
10008,0
10009,0
10010,0
10011,0
10012,0
10013,0
10014,0
10015,0
10016,0
10017,0
10018,0
10019,0
10020,0
10021,0
10022,0
10023,0
10024,0
10025,0
10026,0
10027,0
10028,0
10029,0
10030,0
10031,0
10032,0
10033,0
10034,0
10035,0
10036,0
10037,0
10038,0
10039,0
10040,0
10041,0
10042,0
10043,0
10044,0
10045,0
10046,0
10047,0
10048,0
10049,0
10050,0
10051,0
10052,0
10053,0
10054,0
10055,0
10056,0
10057,0
10058,0
10059,0
10060,0
10061,0
10062,0
10063,0
10064,0
10065,0
10066,0
10067,0
10068,0
10069,0
10070,0
10071,0
10072,0
10073,0
10074,0
10075,0
10076,0
10077,0
10078,0
10079,0
10080,0
10081,0
10082,0
10083,0
10084,0
10085,0
10086,0
10087,0
10088,0
10089,0
10090,0
10091,0
10092,0
10093,0
10094,0
10095,0
10096,0
10097,0
10098,0
10099,0
10100,0
10101,0
10102,0
10103,0
10104,0
10105,0
10106,0
10107,0
10108,0
10109,0
10110,0
10111,0
10112,0
10113,0
10114,0
10115,0
10116,0
10117,0
10118,0
10119,0
10120,0
10121,0
10122,0
10123,0
10124,0
10125,0
10126,0
10127,0
10128,0
10129,0
10130,0
10131,0
10132,0
10133,0
10134,0
10135,0
10136,0
10137,0
10138,0
10139,0
10140,0
10141,0
10142,0
10143,0
10144,0
10145,0
10146,0
10147,0
10148,0
10149,0
10150,0
10151,0
10152,0
10153,0
10154,0
10155,0
10156,0
10157,0
10158,0
10159,0
10160,0
10161,0
10162,0
10163,0
10164,0
10165,0
10166,0
10167,0
10168,0
10169,0
10170,0
10171,0
10172,0
10173,0
10174,0
10175,0
10176,0
10177,0
10178,0
10179,0
10180,0
10181,0
10182,0
10183,0
10184,0
10185,0
10186,0
10187,0
10188,0
10189,0
10190,0
10191,0
10192,0
10193,0
10194,0
10195,0
10196,0
10197,0
10198,0
10199,0
10200,0
10201,0
10202,0
10203,0
10204,0
10205,0
10206,0
10207,0
10208,0
10209,0
10210,0
10211,0
10212,0
10213,0
10214,0
10215,0
10216,0
10217,0
10218,0
10219,0
10220,0
10221,0
10222,0
10223,0
10224,0
10225,0
10226,0
10227,0
10228,0
10229,0
10230,0
10231,0
10232,0
10233,0
10234,0
10235,0
10236,0
10237,0
10238,0
10239,0
10240,0
10241,0
10242,0
10243,0
10244,0
10245,0
10246,0
10247,0
10248,0
10249,0
10250,0
10251,0
10252,0
10253,0
10254,0
10255,0
10256,0
10257,0
10258,0
10259,0
10260,0
10261,0
10262,0
10263,0
10264,0
10265,0
10266,0
10267,0
10268,0
10269,0
10270,0
10271,0
10272,0
10273,0
10274,0
10275,0
10276,0
10277,0
10278,0
10279,0
10280,0
10281,0
10282,0
10283,0
10284,0
10285,0
10286,0
10287,0
10288,0
10289,0
10290,0
10291,0
10292,0
10293,0
10294,0
10295,0
10296,0
10297,0
10298,0
10299,0
10300,0
10301,0
10302,0
10303,0
10304,0
10305,0
10306,0
10307,0
10308,0
10309,0
10310,0
10311,0
10312,0
10313,0
10314,0
10315,0
10316,0
10317,0
10318,0
10319,0
10320,0
10321,0
10322,0
10323,0
10324,0
10325,0
10326,0
10327,0
10328,0
10329,0
10330,0
10331,0
10332,0
10333,0
10334,0
10335,0
10336,0
10337,0
10338,0
10339,0
10340,0
10341,0
10342,0
10343,0
10344,0
10345,0
10346,0
10347,0
10348,0
10349,0
10350,0
10351,0
10352,0
10353,0
10354,0
10355,0
10356,0
10357,0
10358,0
10359,0
10360,0
10361,0
10362,0
10363,0
10364,0
10365,0
10366,0
10367,0
10368,0
10369,0
10370,0
10371,0
10372,0
10373,0
10374,0
10375,0
10376,0
10377,0
10378,0
10379,0
10380,0
10381,0
10382,0
10383,0
10384,0
10385,0
10386,0
10387,0
10388,0
10389,0
10390,0
10391,0
10392,0
10393,0
10394,0
10395,0
10396,0
10397,0
10398,0
10399,0
10400,0
10401,0
10402,0
10403,0
10404,0
10405,0
10406,0
10407,0
10408,0
10409,0
10410,0
10411,0
10412,0
10413,0
10414,0
10415,0
10416,0
10417,0
10418,0
10419,0
10420,0
10421,0
10422,0
10423,0
10424,0
10425,0
10426,0
10427,0
10428,0
10429,0
10430,0
10431,0
10432,0
10433,0
10434,0
10435,0
10436,0
10437,0
10438,0
10439,0
10440,0
10441,0
10442,0
10443,0
10444,0
10445,0
10446,0
10447,0
10448,0
10449,0
10450,0
10451,0
10452,0
10453,0
10454,0
10455,0
10456,0
10457,0
10458,0
10459,0
10460,0
10461,0
10462,0
10463,0
10464,0
10465,0
10466,0
10467,0
10468,0
10469,0
10470,0
10471,0
10472,0
10473,0
10474,0
10475,0
10476,0
10477,0
10478,0
10479,0
10480,0
10481,0
10482,0
10483,0
10484,0
10485,0
10486,0
10487,0
10488,0
10489,0
10490,0
10491,0
10492,0
10493,0
10494,0
10495,0
10496,0
10497,0
10498,0
10499,0
10500,0
10501,0
10502,0
10503,0
10504,0
10505,0
10506,0
10507,0
10508,0
10509,0
10510,0
10511,0
10512,0
10513,0
10514,0
10515,0
10516,0
10517,0
10518,0
10519,0
10520,0
10521,0
10522,0
10523,0
10524,0
10525,0
10526,0
10527,0
10528,0
10529,0
10530,0
10531,0
10532,0
10533,0
10534,0
10535,0
10536,0
10537,0
10538,0
10539,0
10540,0
10541,0
10542,0
10543,0
10544,0
10545,0
10546,0
10547,0
10548,0
10549,0
10550,0
10551,0
10552,0
10553,0
10554,0
10555,0
10556,0
10557,0
10558,0
10559,0
10560,0
10561,0
10562,0
10563,0
10564,0
10565,0
10566,0
10567,0
10568,0
10569,0
10570,0
10571,0
10572,0
10573,0
10574,0
10575,0
10576,0
10577,0
10578,0
10579,0
10580,0
10581,0
10582,0
10583,0
10584,0
10585,0
10586,0
10587,0
10588,0
10589,0
10590,0
10591,0
10592,0
10593,0
10594,0
10595,0
10596,0
10597,0
10598,0
10599,0
10600,0
10601,0
10602,0
10603,0
10604,0
10605,0
10606,0
10607,0
10608,0
10609,0
10610,0
10611,0
10612,0
10613,0
10614,0
10615,0
10616,0
10617,0
10618,0
10619,0
10620,0
10621,0
10622,0
10623,0
10624,0
10625,0
10626,0
10627,0
10628,0
10629,0
10630,0
10631,0
10632,0
10633,0
10634,0
10635,0
10636,0
10637,0
10638,0
10639,0
10640,0
10641,0
10642,0
10643,0
10644,0
10645,0
10646,0
10647,0
10648,0
10649,0
10650,0
10651,0
10652,0
10653,0
10654,0
10655,0
10656,0
10657,0
10658,0
10659,0
10660,0
10661,0
10662,0
10663,0
10664,0
10665,0
10666,0
10667,0
10668,0
10669,0
10670,0
10671,0
10672,0
10673,0
10674,0
10675,0
10676,0
10677,0
10678,0
10679,0
10680,0
10681,0
10682,0
10683,0
10684,0
10685,0
10686,0
10687,0
10688,0
10689,0
10690,0
10691,0
10692,0
10693,0
10694,0
10695,0
10696,0
10697,0
10698,0
10699,0
10700,0
10701,0
10702,0
10703,0
10704,0
10705,0
10706,0
10707,0
10708,0
10709,0
10710,0
10711,0
10712,0
10713,0
10714,0
10715,0
10716,0
10717,0
10718,0
10719,0
10720,0
10721,0
10722,0
10723,0
10724,0
10725,0
10726,0
10727,0
10728,0
10729,0
10730,0
10731,0
10732,0
10733,0
10734,0
10735,0
10736,0
10737,0
10738,0
10739,0
10740,0
10741,0
10742,0
10743,0
10744,0
10745,0
10746,0
10747,0
10748,0
10749,0
10750,0
10751,0
10752,0
10753,0
10754,0
10755,0
10756,0
10757,0
10758,0
10759,0
10760,0
10761,0
10762,0
10763,0
10764,0
10765,0
10766,0
10767,0
10768,0
10769,0
10770,0
10771,0
10772,0
10773,0
10774,0
10775,0
10776,0
10777,0
10778,0
10779,0
10780,0
10781,0
10782,0
10783,0
10784,0
10785,0
10786,0
10787,0
10788,0
10789,0
10790,0
10791,0
10792,0
10793,0
10794,0
10795,0
10796,0
10797,0
10798,0
10799,0
10800,0
10801,0
10802,0
10803,0
10804,0
10805,0
10806,0
10807,0
10808,0
10809,0
10810,0
10811,0
10812,0
10813,0
10814,0
10815,0
10816,0
10817,0
10818,0
10819,0
10820,0
10821,0
10822,0
10823,0
10824,0
10825,0
10826,0
10827,0
10828,0
10829,0
10830,0
10831,0
10832,0
10833,0
10834,0
10835,0
10836,0
10837,0
10838,0
10839,0
10840,0
10841,0
10842,0
10843,0
10844,0
10845,0
10846,0
10847,0
10848,0
10849,0
10850,0
10851,0
10852,0
10853,0
10854,0
10855,0
10856,0
10857,0
10858,0
10859,0
10860,0
10861,0
10862,0
10863,0
10864,0
10865,0
10866,0
10867,0
10868,0
10869,0
10870,0
10871,0
10872,0
10873,0
10874,0
10875,0
10876,0
10877,0
10878,0
10879,0
10880,0
10881,0
10882,0
10883,0
10884,0
10885,0
10886,0
10887,0
10888,0
10889,0
10890,0
10891,0
10892,0
10893,0
10894,0
10895,0
10896,0
10897,0
10898,0
10899,0
10900,0
10901,0
10902,0
10903,0
10904,0
10905,0
10906,0
10907,0
10908,0
10909,0
10910,0
10911,0
10912,0
10913,0
10914,0
10915,0
10916,0
10917,0
10918,0
10919,0
10920,0
10921,0
10922,0
10923,0
10924,0
10925,0
10926,0
10927,0
10928,0
10929,0
10930,0
10931,0
10932,0
10933,0
10934,0
10935,0
10936,0
10937,0
10938,0
10939,0
10940,0
10941,0
10942,0
10943,0
10944,0
10945,0
10946,0
10947,0
10948,0
10949,0
10950,0
10951,0
10952,0
10953,0
10954,0
10955,0
10956,0
10957,0
10958,0
10959,0
10960,0
10961,0
10962,0
10963,0
10964,0
10965,0
10966,0
10967,0
10968,0
10969,0
10970,0
10971,0
10972,0
10973,0
10974,0
10975,0
10976,0
10977,0
10978,0
10979,0
10980,0
10981,0
10982,0
10983,0
10984,0
10985,0
10986,0
10987,0
10988,0
10989,0
10990,0
10991,0
10992,0
10993,0
10994,0
10995,0
10996,0
10997,0
10998,0
10999,0
11000,0
11001,0
11002,0
11003,0
11004,0
11005,0
11006,0
11007,0
11008,0
11009,0
11010,0
11011,0
11012,0
11013,0
11014,0
11015,0
11016,0
11017,0
11018,0
11019,0
11020,0
11021,0
11022,0
11023,0
11024,0
11025,0
11026,0
11027,0
11028,0
11029,0
11030,0
11031,0
11032,0
11033,0
11034,0
11035,0
11036,0
11037,0
11038,0
11039,0
11040,0
11041,0
11042,0
11043,0
11044,0
11045,0
11046,0
11047,0
11048,0
11049,0
11050,0
11051,0
11052,0
11053,0
11054,0
11055,0
11056,0
11057,0
11058,0
11059,0
11060,0
11061,0
11062,0
11063,0
11064,0
11065,0
11066,0
11067,0
11068,0
11069,0
11070,0
11071,0
11072,0
11073,0
11074,0
11075,0
11076,0
11077,0
11078,0
11079,0
11080,0
11081,0
11082,0
11083,0
11084,0
11085,0
11086,0
11087,0
11088,0
11089,0
11090,0
11091,0
11092,0
11093,0
11094,0
11095,0
11096,0
11097,0
11098,0
11099,0
11100,0
11101,0
11102,0
11103,0
11104,0
11105,0
11106,0
11107,0
11108,0
11109,0
11110,0
11111,0
11112,0
11113,0
11114,0
11115,0
11116,0
11117,0
11118,0
11119,0
11120,0
11121,0
11122,0
11123,0
11124,0
11125,0
11126,0
11127,0
11128,0
11129,0
11130,0
11131,0
11132,0
11133,0
11134,0
11135,0
11136,0
11137,0
11138,0
11139,0
11140,0
11141,0
11142,0
11143,0
11144,0
11145,0
11146,0
11147,0
11148,0
11149,0
11150,0
11151,0
11152,0
11153,0
11154,0
11155,0
11156,0
11157,0
11158,0
11159,0
11160,0
11161,0
11162,0
11163,0
11164,0
11165,0
11166,0
11167,0
11168,0
11169,0
11170,0
11171,0
11172,0
11173,0
11174,0
11175,0
11176,0
11177,0
11178,0
11179,0
11180,0
11181,0
11182,0
11183,0
11184,0
11185,0
11186,0
11187,0
11188,0
11189,0
11190,0
11191,0
11192,0
11193,0
11194,0
11195,0
11196,0
11197,0
11198,0
11199,0
11200,0
11201,0
11202,0
11203,0
11204,0
11205,0
11206,0
11207,0
11208,0
11209,0
11210,0
11211,0
11212,0
11213,0
11214,0
11215,0
11216,0
11217,0
11218,0
11219,0
11220,0
11221,0
11222,0
11223,0
11224,0
11225,0
11226,0
11227,0
11228,0
11229,0
11230,0
11231,0
11232,0
11233,0
11234,0
11235,0
11236,0
11237,0
11238,0
11239,0
11240,0
11241,0
11242,0
11243,0
11244,0
11245,0
11246,0
11247,0
11248,0
11249,0
11250,0
11251,0
11252,0
11253,0
11254,0
11255,0
11256,0
11257,0
11258,0
11259,0
11260,0
11261,0
11262,0
11263,0
11264,0
11265,0
11266,0
11267,0
11268,0
11269,0
11270,0
11271,0
11272,0
11273,0
11274,0
11275,0
11276,0
11277,0
11278,0
11279,0
11280,0
11281,0
11282,0
11283,0
11284,0
11285,0
11286,0
11287,0
11288,0
11289,0
11290,0
11291,0
11292,0
11293,0
11294,0
11295,0
11296,0
11297,0
11298,0
11299,0
11300,0
11301,0
11302,0
11303,0
11304,0
11305,0
11306,0
11307,0
11308,0
11309,0
11310,0
11311,0
11312,0
11313,0
11314,0
11315,0
11316,0
11317,0
11318,0
11319,0
11320,0
11321,0
11322,0
11323,0
11324,0
11325,0
11326,0
11327,0
11328,0
11329,0
11330,0
11331,0
11332,0
11333,0
11334,0
11335,0
11336,0
11337,0
11338,0
11339,0
11340,0
11341,0
11342,0
11343,0
11344,0
11345,0
11346,0
11347,0
11348,0
11349,0
11350,0
11351,0
11352,0
11353,0
11354,0
11355,0
11356,0
11357,0
11358,0
11359,0
11360,0
11361,0
11362,0
11363,0
11364,0
11365,0
11366,0
11367,0
11368,0
11369,0
11370,0
11371,0
11372,0
11373,0
11374,0
11375,0
11376,0
11377,0
11378,0
11379,0
11380,0
11381,0
11382,0
11383,0
11384,0
11385,0
11386,0
11387,0
11388,0
11389,0
11390,0
11391,0
11392,0
11393,0
11394,0
11395,0
11396,0
11397,0
11398,0
11399,0
11400,0
11401,0
11402,0
11403,0
11404,0
11405,0
11406,0
11407,0
11408,0
11409,0
11410,0
11411,0
11412,0
11413,0
11414,0
11415,0
11416,0
11417,0
11418,0
11419,0
11420,0
11421,0
11422,0
11423,0
11424,0
11425,0
11426,0
11427,0
11428,0
11429,0
11430,0
11431,0
11432,0
11433,0
11434,0
11435,0
11436,0
11437,0
11438,0
11439,0
11440,0
11441,0
11442,0
11443,0
11444,0
11445,0
11446,0
11447,0
11448,0
11449,0
11450,0
11451,0
11452,0
11453,0
11454,0
11455,0
11456,0
11457,0
11458,0
11459,0
11460,0
11461,0
11462,0
11463,0
11464,0
11465,0
11466,0
11467,0
11468,0
11469,0
11470,0
11471,0
11472,0
11473,0
11474,0
11475,0
11476,0
11477,0
11478,0
11479,0
11480,0
11481,0
11482,0
11483,0
11484,0
11485,0
11486,0
11487,0
11488,0
11489,0
11490,0
11491,0
11492,0
11493,0
11494,0
11495,0
11496,0
11497,0
11498,0
11499,0
11500,0
11501,0
11502,0
11503,0
11504,0
11505,0
11506,0
11507,0
11508,0
11509,0
11510,0
11511,0
11512,0
11513,0
11514,0
11515,0
11516,0
11517,0
11518,0
11519,0
11520,0
11521,0
11522,0
11523,0
11524,0
11525,0
11526,0
11527,0
11528,0
11529,0
11530,0
11531,0
11532,0
11533,0
11534,0
11535,0
11536,0
11537,0
11538,0
11539,0
11540,0
11541,0
11542,0
11543,0
11544,0
11545,0
11546,0
11547,0
11548,0
11549,0
11550,0
11551,0
11552,0
11553,0
11554,0
11555,0
11556,0
11557,0
11558,0
11559,0
11560,0
11561,0
11562,0
11563,0
11564,0
11565,0
11566,0
11567,0
11568,0
11569,0
11570,0
11571,0
11572,0
11573,0
11574,0
11575,0
11576,0
11577,0
11578,0
11579,0
11580,0
11581,0
11582,0
11583,0
11584,0
11585,0
11586,0
11587,0
11588,0
11589,0
11590,0
11591,0
11592,0
11593,0
11594,0
11595,0
11596,0
11597,0
11598,0
11599,0
11600,0
11601,0
11602,0
11603,0
11604,0
11605,0
11606,0
11607,0
11608,0
11609,0
11610,0
11611,0
11612,0
11613,0
11614,0
11615,0
11616,0
11617,0
11618,0
11619,0
11620,0
11621,0
11622,0
11623,0
11624,0
11625,0
11626,0
11627,0
11628,0
11629,0
11630,0
11631,0
11632,0
11633,0
11634,0
11635,0
11636,0
11637,0
11638,0
11639,0
11640,0
11641,0
11642,0
11643,0
11644,0
11645,0
11646,0
11647,0
11648,0
11649,0
11650,0
11651,0
11652,0
11653,0
11654,0
11655,0
11656,0
11657,0
11658,0
11659,0
11660,0
11661,0
11662,0
11663,0
11664,0
11665,0
11666,0
11667,0
11668,0
11669,0
11670,0
11671,0
11672,0
11673,0
11674,0
11675,0
11676,0
11677,0
11678,0
11679,0
11680,0
11681,0
11682,0
11683,0
11684,0
11685,0
11686,0
11687,0
11688,0
11689,0
11690,0
11691,0
11692,0
11693,0
11694,0
11695,0
11696,0
11697,0
11698,0
11699,0
11700,0
11701,0
11702,0
11703,0
11704,0
11705,0
11706,0
11707,0
11708,0
11709,0
11710,0
11711,0
11712,0
11713,0
11714,0
11715,0
11716,0
11717,0
11718,0
11719,0
11720,0
11721,0
11722,0
11723,0
11724,0
11725,0
11726,0
11727,0
11728,0
11729,0
11730,0
11731,0
11732,0
11733,0
11734,0
11735,0
11736,0
11737,0
11738,0
11739,0
11740,0
11741,0
11742,0
11743,0
11744,0
11745,0
11746,0
11747,0
11748,0
11749,0
11750,0
11751,0
11752,0
11753,0
11754,0
11755,0
11756,0
11757,0
11758,0
11759,0
11760,0
11761,0
11762,0
11763,0
11764,0
11765,0
11766,0
11767,0
11768,0
11769,0
11770,0
11771,0
11772,0
11773,0
11774,0
11775,0
11776,0
11777,0
11778,0
11779,0
11780,0
11781,0
11782,0
11783,0
11784,0
11785,0
11786,0
11787,0
11788,0
11789,0
11790,0
11791,0
11792,0
11793,0
11794,0
11795,0
11796,0
11797,0
11798,0
11799,0
11800,0
11801,0
11802,0
11803,0
11804,0
11805,0
11806,0
11807,0
11808,0
11809,0
11810,0
11811,0
11812,0
11813,0
11814,0
11815,0
11816,0
11817,0
11818,0
11819,0
11820,0
11821,0
11822,0
11823,0
11824,0
11825,0
11826,0
11827,0
11828,0
11829,0
11830,0
11831,0
11832,0
11833,0
11834,0
11835,0
11836,0
11837,0
11838,0
11839,0
11840,0
11841,0
11842,0
11843,0
11844,0
11845,0
11846,0
11847,0
11848,0
11849,0
11850,0
11851,0
11852,0
11853,0
11854,0
11855,0
11856,0
11857,0
11858,0
11859,0
11860,0
11861,0
11862,0
11863,0
11864,0
11865,0
11866,0
11867,0
11868,0
11869,0
11870,0
11871,0
11872,0
11873,0
11874,0
11875,0
11876,0
11877,0
11878,0
11879,0
11880,0
11881,0
11882,0
11883,0
11884,0
11885,0
11886,0
11887,0
11888,0
11889,0
11890,0
11891,0
11892,0
11893,0
11894,0
11895,0
11896,0
11897,0
11898,0
11899,0
11900,0
11901,0
11902,0
11903,0
11904,0
11905,0
11906,0
11907,0
11908,0
11909,0
11910,0
11911,0
11912,0
11913,0
11914,0
11915,0
11916,0
11917,0
11918,0
11919,0
11920,0
11921,0
11922,0
11923,0
11924,0
11925,0
11926,0
11927,0
11928,0
11929,0
11930,0
11931,0
11932,0
11933,0
11934,0
11935,0
11936,0
11937,0
11938,0
11939,0
11940,0
11941,0
11942,0
11943,0
11944,0
11945,0
11946,0
11947,0
11948,0
11949,0
11950,0
11951,0
11952,0
11953,0
11954,0
11955,0
11956,0
11957,0
11958,0
11959,0
11960,0
11961,0
11962,0
11963,0
11964,0
11965,0
11966,0
11967,0
11968,0
11969,0
11970,0
11971,0
11972,0
11973,0
11974,0
11975,0
11976,0
11977,0
11978,0
11979,0
11980,0
11981,0
11982,0
11983,0
11984,0
11985,0
11986,0
11987,0
11988,0
11989,0
11990,0
11991,0
11992,0
11993,0
11994,0
11995,0
11996,0
11997,0
11998,0
11999,0
12000,0
12001,0
12002,0
12003,0
12004,0
12005,0
12006,0
12007,0
12008,0
12009,0
12010,0
12011,0
12012,0
12013,0
12014,0
12015,0
12016,0
12017,0
12018,0
12019,0
12020,0
12021,0
12022,0
12023,0
12024,0
12025,0
12026,0
12027,0
12028,0
12029,0
12030,0
12031,0
12032,0
12033,0
12034,0
12035,0
12036,0
12037,0
12038,0
12039,0
12040,0
12041,0
12042,0
12043,0
12044,0
12045,0
12046,0
12047,0
12048,0
12049,0
12050,0
12051,0
12052,0
12053,0
12054,0
12055,0
12056,0
12057,0
12058,0
12059,0
12060,0
12061,0
12062,0
12063,0
12064,0
12065,0
12066,0
12067,0
12068,0
12069,0
12070,0
12071,0
12072,0
12073,0
12074,0
12075,0
12076,0
12077,0
12078,0
12079,0
12080,0
12081,0
12082,0
12083,0
12084,0
12085,0
12086,0
12087,0
12088,0
12089,0
12090,0
12091,0
12092,0
12093,0
12094,0
12095,0
12096,0
12097,0
12098,0
12099,0
12100,0
12101,0
12102,0
12103,0
12104,0
12105,0
12106,0
12107,0
12108,0
12109,0
12110,0
12111,0
12112,0
12113,0
12114,0
12115,0
12116,0
12117,0
12118,0
12119,0
12120,0
12121,0
12122,0
12123,0
12124,0
12125,0
12126,0
12127,0
12128,0
12129,0
12130,0
12131,0
12132,0
12133,0
12134,0
12135,0
12136,0
12137,0
12138,0
12139,0
12140,0
12141,0
12142,0
12143,0
12144,0
12145,0
12146,0
12147,0
12148,0
12149,0
12150,0
12151,0
12152,0
12153,0
12154,0
12155,0
12156,0
12157,0
12158,0
12159,0
12160,0
12161,0
12162,0
12163,0
12164,0
12165,0
12166,0
12167,0
12168,0
12169,0
12170,0
12171,0
12172,0
12173,0
12174,0
12175,0
12176,0
12177,0
12178,0
12179,0
12180,0
12181,0
12182,0
12183,0
12184,0
12185,0
12186,0
12187,0
12188,0
12189,0
12190,0
12191,0
12192,0
12193,0
12194,0
12195,0
12196,0
12197,0
12198,0
12199,0
12200,0
12201,0
12202,0
12203,0
12204,0
12205,0
12206,0
12207,0
12208,0
12209,0
12210,0
12211,0
12212,0
12213,0
12214,0
12215,0
12216,0
12217,0
12218,0
12219,0
12220,0
12221,0
12222,0
12223,0
12224,0
12225,0
12226,0
12227,0
12228,0
12229,0
12230,0
12231,0
12232,0
12233,0
12234,0
12235,0
12236,0
12237,0
12238,0
12239,0
12240,0
12241,0
12242,0
12243,0
12244,0
12245,0
12246,0
12247,0
12248,0
12249,0
12250,0
12251,0
12252,0
12253,0
12254,0
12255,0
12256,0
12257,0
12258,0
12259,0
12260,0
12261,0
12262,0
12263,0
12264,0
12265,0
12266,0
12267,0
12268,0
12269,0
12270,0
12271,0
12272,0
12273,0
12274,0
12275,0
12276,0
12277,0
12278,0
12279,0
12280,0
12281,0
12282,0
12283,0
12284,0
12285,0
12286,0
12287,0
12288,0
12289,0
12290,0
12291,0
12292,0
12293,0
12294,0
12295,0
12296,0
12297,0
12298,0
12299,0
12300,0
12301,0
12302,0
12303,0
12304,0
12305,0
12306,0
12307,0
12308,0
12309,0
12310,0
12311,0
12312,0
12313,0
12314,0
12315,0
12316,0
12317,0
12318,0
12319,0
12320,0
12321,0
12322,0
12323,0
12324,0
12325,0
12326,0
12327,0
12328,0
12329,0
12330,0
12331,0
12332,0
12333,0
12334,0
12335,0
12336,0
12337,0
12338,0
12339,0
12340,0
12341,0
12342,0
12343,0
12344,0
12345,0
12346,0
12347,0
12348,0
12349,0
12350,0
12351,0
12352,0
12353,0
12354,0
12355,0
12356,0
12357,0
12358,0
12359,0
12360,0
12361,0
12362,0
12363,0
12364,0
12365,0
12366,0
12367,0
12368,0
12369,0
12370,0
12371,0
12372,0
12373,0
12374,0
12375,0
12376,0
12377,0
12378,0
12379,0
12380,0
12381,0
12382,0
12383,0
12384,0
12385,0
12386,0
12387,0
12388,0
12389,0
12390,0
12391,0
12392,0
12393,0
12394,0
12395,0
12396,0
12397,0
12398,0
12399,0
12400,0
12401,0
12402,0
12403,0
12404,0
12405,0
12406,0
12407,0
12408,0
12409,0
12410,0
12411,0
12412,0
12413,0
12414,0
12415,0
12416,0
12417,0
12418,0
12419,0
12420,0
12421,0
12422,0
12423,0
12424,0
12425,0
12426,0
12427,0
12428,0
12429,0
12430,0
12431,0
12432,0
12433,0
12434,0
12435,0
12436,0
12437,0
12438,0
12439,0
12440,0
12441,0
12442,0
12443,0
12444,0
12445,0
12446,0
12447,0
12448,0
12449,0
12450,0
12451,0
12452,0.0000058
12453,0.0000058
12454,0.0000058
12455,0.0000058
12456,0.0000058
12457,0.0000058
12458,0.0000058
12459,0.0000058
12460,0.0000058
12461,0.0000354
12462,0.0000354
12463,0.000085
12464,0.000085
12465,0.000085
12466,0.000085
12467,0.0002506
12468,0.0005084
12469,0.0007091
12470,0.0007091
12471,0.0007091
12472,0.0007091
12473,0.0007738
12474,0.0009085
12475,0.0010305
12476,0.0015389
12477,0.001736
12478,0.0017402
12479,0.0018557
12480,0.0020885
12481,0.0025051
12482,0.0027392
12483,0.0030048
12484,0.0030048
12485,0.0032356
12486,0.0032356
12487,0.0034267
12488,0.0035117
12489,0.0037468
12490,0.0040941
12491,0.0042848
12492,0.0045487
12493,0.0050052
12494,0.0052901
12495,0.005586
12496,0.0059276
12497,0.0064812
12498,0.0064812
12499,0.0064812
12500,0.0068861
12501,0.0068861
12502,0.0070133
12503,0.0075592
12504,0.0078635
12505,0.0080225
12506,0.0080225
12507,0.0081904
12508,0.0081904
12509,0.008384
12510,0.0088335
12511,0.0091731
12512,0.0098187
12513,0.010039
12514,0.010039
12515,0.010039
12516,0.0101833
12517,0.0105722
12518,0.0106326
12519,0.0110829
12520,0.0116055
12521,0.0121114
12522,0.0126356
12523,0.0131188
12524,0.0137152
12525,0.0141731
12526,0.0149615
12527,0.01552
12528,0.0158015
12529,0.0162985
12530,0.0165735
12531,0.0168603
12532,0.0174281
12533,0.0174281
12534,0.0182014
12535,0.018941
12536,0.019407
12537,0.0197095
12538,0.0197095
12539,0.0203808
12540,0.0207289
12541,0.0208896
12542,0.0215864
12543,0.0224674
12544,0.0224674
12545,0.0230307
12546,0.023608
12547,0.0244651
12548,0.0251284
12549,0.0260023
12550,0.0266785
12551,0.0275865
12552,0.0282557
12553,0.0283044
12554,0.0288899
12555,0.0294449
12556,0.0295826
12557,0.0302009
12558,0.0302828
12559,0.0306594
12560,0.0311642
12561,0.031476
12562,0.0319581
12563,0.032455
12564,0.0332202
12565,0.0337427
12566,0.0339799
12567,0.0339857
12568,0.0349974
12569,0.035855
12570,0.0366503
12571,0.037175
12572,0.0377584
12573,0.0382845
12574,0.0386346
12575,0.0391127
12576,0.0396788
12577,0.0404037
12578,0.0409557
12579,0.0410243
12580,0.0415914
12581,0.0419181
12582,0.0424408
12583,0.0429444
12584,0.0439397
12585,0.0440968
12586,0.0444462
12587,0.0450464
12588,0.0456019
12589,0.0459594
12590,0.0459976
12591,0.0467324
12592,0.0470466
12593,0.0473808
12594,0.0483317
12595,0.0489609
12596,0.0498593
12597,0.0506661
12598,0.051204
12599,0.0517833
12600,0.0521107
12601,0.0527985
12602,0.0532188
12603,0.0532188
12604,0.0540061
12605,0.05448
12606,0.0547797
12607,0.0553599
12608,0.0557086
12609,0.0557086
12610,0.0565042
12611,0.0567134
12612,0.0572649
12613,0.0578953
12614,0.0584861
12615,0.0588174
12616,0.0592797
12617,0.059762
12618,0.0603223
12619,0.0603223
12620,0.0612601
12621,0.0620962
12622,0.0624981
12623,0.0630968
12624,0.0640129
12625,0.0646565
12626,0.0656261
12627,0.0660977
12628,0.0667944
12629,0.0675528
12630,0.0679578
12631,0.0683436
12632,0.0683436
12633,0.069286
12634,0.0701761
12635,0.0709537
12636,0.0709537
12637,0.0713566
12638,0.0713566
12639,0.0721315
12640,0.072724
12641,0.0728638
12642,0.0732696
12643,0.07403
12644,0.0749981
12645,0.075104
12646,0.0755398
12647,0.0762566
12648,0.0766987
12649,0.0774284
12650,0.0778408
12651,0.0785143
12652,0.0788649
12653,0.0792273
12654,0.0792273
12655,0.0797988
12656,0.0801652
12657,0.0807146
12658,0.0814558
12659,0.081756
12660,0.0823925
12661,0.0829315
12662,0.0829315
12663,0.0831083
12664,0.0831725
12665,0.0837043
12666,0.0842041
12667,0.0848724
12668,0.0853838
12669,0.0855421
12670,0.0865398
12671,0.0866324
12672,0.0868564
12673,0.0871565
12674,0.0874447
12675,0.0876669
12676,0.0881353
12677,0.088229
12678,0.088646
12679,0.0890584
12680,0.0897778
12681,0.0902882
12682,0.0910009
12683,0.0912715
12684,0.0920842
12685,0.0925135
12686,0.0929054
12687,0.0933479
12688,0.0936277
12689,0.0941009
12690,0.0950125
12691,0.0956893
12692,0.0956893
12693,0.0965073
12694,0.0972837
12695,0.0976879
12696,0.097916
12697,0.0984404
12698,0.0991039
12699,0.0992561
12700,0.099522
12701,0.0995707
12702,0.1000138
12703,0.1003967
12704,0.1008453
12705,0.1011645
12706,0.1011645
12707,0.1011904
12708,0.10201
12709,0.1023129
12710,0.1028718
12711,0.1035448
12712,0.1041993
12713,0.1042623
12714,0.1044573
12715,0.1048231
12716,0.1057505
12717,0.1061786
12718,0.1066842
12719,0.1068915
12720,0.1075283
12721,0.1081523
12722,0.1083241
12723,0.10885
12724,0.1094519
12725,0.1094519
12726,0.1099994
12727,0.1103228
12728,0.110438
12729,0.110438
12730,0.1106885
12731,0.1111981
12732,0.1115168
12733,0.1118288
12734,0.112415
12735,0.1131104
12736,0.1140138
12737,0.1141371
12738,0.1143576
12739,0.1149366
12740,0.1149366
12741,0.1154484
12742,0.1154484
12743,0.1160125
12744,0.1163332
12745,0.1171099
12746,0.1174132
12747,0.1178148
12748,0.1182778
12749,0.1187357
12750,0.118961
12751,0.1191491
12752,0.1197545
12753,0.1204506
12754,0.1208904
12755,0.1211131
12756,0.1220652
12757,0.1226668
12758,0.1232864
12759,0.124092
12760,0.1248426
12761,0.1252489
12762,0.1259828
12763,0.1263251
12764,0.1271017
12765,0.1276673
12766,0.1285867
12767,0.1292182
12768,0.1300965
12769,0.1303692
12770,0.131162
12771,0.1322158
12772,0.132764
12773,0.1329977
12774,0.1337704
12775,0.1337704
12776,0.1347033
12777,0.1361509
12778,0.1361509
12779,0.1365155
12780,0.1379154
12781,0.1390665
12782,0.1404828
12783,0.141199
12784,0.1418092
12785,0.1423171
12786,0.143249
12787,0.1437729
12788,0.1446739
12789,0.1450347
12790,0.1454144
12791,0.1458757
12792,0.1464577
12793,0.1466715
12794,0.1482035
12795,0.1486588
12796,0.1493728
12797,0.1502644
12798,0.1510806
12799,0.1514318
12800,0.1520809
12801,0.1525325
12802,0.1526886
12803,0.1536966
12804,0.1545624
12805,0.1555488
12806,0.1560936
12807,0.1570633
12808,0.1576016
12809,0.1579749
12810,0.1591535
12811,0.1600011
12812,0.1612621
12813,0.1614723
12814,0.1618084
12815,0.1625577
12816,0.1629471
12817,0.1637847
12818,0.1647483
12819,0.1662679
12820,0.1671174
12821,0.1682218
12822,0.1695806
12823,0.1706053
12824,0.1713193
12825,0.1717151
12826,0.1727972
12827,0.1732042
12828,0.173938
12829,0.1741363
12830,0.1750517
12831,0.1764912
12832,0.1774714
12833,0.1781867
12834,0.1793686
12835,0.1804301
12836,0.1812515
12837,0.1823086
12838,0.1832134
12839,0.1839559
12840,0.1839559
12841,0.1849633
12842,0.1856624
12843,0.1869827
12844,0.1878473
12845,0.1887746
12846,0.1899585
12847,0.1909879
12848,0.1918284
12849,0.1930765
12850,0.1939661
12851,0.1946675
12852,0.1958497
12853,0.1971665
12854,0.1983401
12855,0.1991031
12856,0.1999906
12857,0.2005391
12858,0.2006619
12859,0.201653
12860,0.2025154
12861,0.2034045
12862,0.2034045
12863,0.2044487
12864,0.2059059
12865,0.2065871
12866,0.2073899
12867,0.208451
12868,0.2093819
12869,0.2103326
12870,0.2116836
12871,0.2127555
12872,0.2141959
12873,0.21503
12874,0.2161333
12875,0.217219
12876,0.2175828
12877,0.2186168
12878,0.2202287
12879,0.220916
12880,0.2219641
12881,0.223012
12882,0.2244626
12883,0.2255248
12884,0.2264773
12885,0.2273286
12886,0.227719
12887,0.2292543
12888,0.2304282
12889,0.2318954
12890,0.2329136
12891,0.2342453
12892,0.2342453
12893,0.2342453
12894,0.2349186
12895,0.2359578
12896,0.2369285
12897,0.2379161
12898,0.2392746
12899,0.2414513
12900,0.2429747
12901,0.2453734
12902,0.2459044
12903,0.2481233
12904,0.2494777
12905,0.2508413
12906,0.2524129
12907,0.2537965
12908,0.2549989
12909,0.2558079
12910,0.2570188
12911,0.259554
12912,0.2608493
12913,0.2622473
12914,0.2632828
12915,0.2646088
12916,0.2674741
12917,0.2690259
12918,0.2713553
12919,0.2735093
12920,0.27514
12921,0.2770375
12922,0.2786896
12923,0.2794327
12924,0.280608
12925,0.28229
12926,0.2835503
12927,0.2851828
12928,0.2868636
12929,0.2882266
12930,0.2905387
12931,0.291908
12932,0.2941618
12933,0.2955403
12934,0.2969685
12935,0.2997377
12936,0.3010452
12937,0.3030827
12938,0.3055449
12939,0.3074222
12940,0.3091877
12941,0.3110023
12942,0.3118652
12943,0.3133121
12944,0.3149877
12945,0.317225
12946,0.3184371
12947,0.3203229
12948,0.321578
12949,0.3233219
12950,0.3252068
12951,0.3278117
12952,0.3298694
12953,0.3313047
12954,0.3313047
12955,0.3330523
12956,0.3339506
12957,0.3352847
12958,0.3354922
12959,0.3370299
12960,0.3389046
12961,0.3404031
12962,0.3429385
12963,0.3435747
12964,0.3465791
12965,0.347922
12966,0.3497175
12967,0.3517012
12968,0.3534736
12969,0.3550428
12970,0.3567868
12971,0.3591019
12972,0.3603622
12973,0.3603622
12974,0.3618872
12975,0.363493
12976,0.363493
12977,0.3643881
12978,0.3662651
12979,0.3689518
12980,0.3714854
12981,0.3755626
12982,0.3780462
12983,0.3791028
12984,0.3801805
12985,0.3821561
12986,0.3837172
12987,0.3863718
12988,0.3878978
12989,0.3884335
12990,0.3896937
12991,0.3900633
12992,0.3933313
12993,0.3947018
12994,0.396658
12995,0.3981229
12996,0.3997643
12997,0.4021818
12998,0.4048026
12999,0.4066797
13000,0.4084282
13001,0.4102869
13002,0.4120065
13003,0.4120689
13004,0.4136458
13005,0.4153033
13006,0.4169158
13007,0.4185177
13008,0.4206262
13009,0.4226185
13010,0.424125
13011,0.4248247
13012,0.4258504
13013,0.4279001
13014,0.4296652
13015,0.431265
13016,0.4331891
13017,0.4343807
13018,0.4350664
13019,0.4371933
13020,0.4386155
13021,0.4386155
13022,0.4386155
13023,0.4391196
13024,0.4401581
13025,0.4416348
13026,0.4422988
13027,0.4433092
13028,0.4447366
13029,0.4463949
13030,0.446951
13031,0.4485831
13032,0.4503252
13033,0.4514647
13034,0.4526107
13035,0.4544512
13036,0.4558478
13037,0.4561288
13038,0.4568809
13039,0.4585958
13040,0.4599395
13041,0.4616964
13042,0.4616964
13043,0.4634919
13044,0.4642485
13045,0.464325
13046,0.4648706
13047,0.4660877
13048,0.4680351
13049,0.4704445
13050,0.4711701
13051,0.472438
13052,0.4760196
13053,0.4768447
13054,0.477635
13055,0.477635
13056,0.4786154
13057,0.4793301
13058,0.4807709
13059,0.4821808
13060,0.4838177
13061,0.4853149
13062,0.487108
13063,0.4888446
13064,0.4895742
13065,0.4895742
13066,0.4908823
13067,0.4919283
13068,0.4930939
13069,0.4942241
13070,0.4959134
13071,0.4973501
13072,0.4978342
13073,0.499983
13074,0.5021279
13075,0.5032263
13076,0.504528
13077,0.5045501
13078,0.5050915
13079,0.5064704
13080,0.5080108
13081,0.5080432
13082,0.5080432
13083,0.5090651
13084,0.510189
13085,0.5109988
13086,0.5120446
13087,0.5130131
13088,0.5141394
13089,0.515008
13090,0.5158347
13091,0.5170756
13092,0.5177682
13093,0.5194398
13094,0.519845
13095,0.5210768
13096,0.5221446
13097,0.5236813
13098,0.5244717
13099,0.5260765
13100,0.5260765
13101,0.5269539
13102,0.5278398
13103,0.5282285
13104,0.5299721
13105,0.531177
13106,0.5327284
13107,0.5337011
13108,0.5337011
13109,0.5347041
13110,0.5364477
13111,0.5372937
13112,0.5372937
13113,0.5379321
13114,0.5389161
13115,0.5389161
13116,0.5402989
13117,0.5409441
13118,0.5423237
13119,0.5437923
13120,0.5451082
13121,0.5459361
13122,0.5459361
13123,0.5471256
13124,0.5476347
13125,0.5489305
13126,0.549133
13127,0.5502433
13128,0.5514749
13129,0.5525093
13130,0.5538391
13131,0.5546486
13132,0.5548083
13133,0.5556561
13134,0.5565363
13135,0.5578189
13136,0.5594877
13137,0.5605726
13138,0.5605726
13139,0.5613688
13140,0.561702
13141,0.5627859
13142,0.5634889
13143,0.564247
13144,0.5650286
13145,0.5652894
13146,0.5656221
13147,0.5663538
13148,0.5674867
13149,0.5677784
13150,0.5694472
13151,0.5705444
13152,0.5714607
13153,0.5724637
13154,0.5733608
13155,0.5733608
13156,0.5741333
13157,0.5745651
13158,0.5746447
13159,0.574666
13160,0.5753832
13161,0.577697
13162,0.5789309
13163,0.5795211
13164,0.5801912
13165,0.5814895
13166,0.5823779
13167,0.5829635
13168,0.5838382
13169,0.5839126
13170,0.5853196
13171,0.5853196
13172,0.5868644
13173,0.5882567
13174,0.5891869
13175,0.5909432
13176,0.5921472
13177,0.5931505
13178,0.5940446
13179,0.5956181
13180,0.596882
13181,0.5979994
13182,0.5995083
13183,0.6015483
13184,0.6021278
13185,0.6030879
13186,0.6041247
13187,0.6043659
13188,0.6061483
13189,0.6061483
13190,0.6080003
13191,0.608965
13192,0.6093693
13193,0.6111217
13194,0.6129978
13195,0.6147857
13196,0.6155133
13197,0.616329
13198,0.6177698
13199,0.6192692
13200,0.6202292
13201,0.6222715
13202,0.6243318
13203,0.6264664
13204,0.628839
13205,0.6302493
13206,0.6315686
13207,0.6345533
13208,0.6358307
13209,0.6365511
13210,0.6376836
13211,0.6394613
13212,0.6418234
13213,0.6423869
13214,0.6441816
13215,0.646386
13216,0.6469619
13217,0.6482262
13218,0.6505324
13219,0.6513838
13220,0.6530959
13221,0.6546547
13222,0.656784
13223,0.6576738
13224,0.6583326
13225,0.659074
13226,0.6607432
13227,0.6613519
13228,0.6625906
13229,0.663702
13230,0.665743
13231,0.6670363
13232,0.6686094
13233,0.6703873
13234,0.6719778
13235,0.6733853
13236,0.6743864
13237,0.6752631
13238,0.6767704
13239,0.6775024
13240,0.6782402
13241,0.6791771
13242,0.6806501
13243,0.6818809
13244,0.6842791
13245,0.6859856
13246,0.6880637
13247,0.6901683
13248,0.6914861
13249,0.6937965
13250,0.6949535
13251,0.6957055
13252,0.6972115
13253,0.6991365
13254,0.6999155
13255,0.7008806
13256,0.7025493
13257,0.7047348
13258,0.7059918
13259,0.7081584
13260,0.7104106
13261,0.7129702
13262,0.7137743
13263,0.7159829
13264,0.7183045
13265,0.7200485
13266,0.7229648
13267,0.724914
13268,0.7251075
13269,0.7260292
13270,0.7269648
13271,0.7283386
13272,0.7298734
13273,0.7312442
13274,0.7337218
13275,0.7363935
13276,0.7382649
13277,0.7393288
13278,0.7403096
13279,0.7428639
13280,0.74378
13281,0.7455423
13282,0.747371
13283,0.7483268
13284,0.7504494
13285,0.7513333
13286,0.7524911
13287,0.7536145
13288,0.7554544
13289,0.7568873
13290,0.7591147
13291,0.7612198
13292,0.7639537
13293,0.7648785
13294,0.7655428
13295,0.7667175
13296,0.7680084
13297,0.7689217
13298,0.7707338
13299,0.7707338
13300,0.7713215
13301,0.7730837
13302,0.7750307
13303,0.775893
13304,0.7772781
13305,0.7784246
13306,0.7794371
13307,0.7819318
13308,0.7830474
13309,0.7845693
13310,0.7859144
13311,0.7869941
13312,0.7887021
13313,0.7915737
13314,0.7925426
13315,0.7936521
13316,0.7951001
13317,0.7968115
13318,0.7980578
13319,0.7993276
13320,0.802335
13321,0.803293
13322,0.8042286
13323,0.8055837
13324,0.8067071
13325,0.8074276
13326,0.8106228
13327,0.8147088
13328,0.8169131
13329,0.817819
13330,0.8190153
13331,0.8208741
13332,0.8223196
13333,0.8233236
13334,0.8242088
13335,0.8257687
13336,0.8270347
13337,0.8284491
13338,0.829099
13339,0.8302468
13340,0.8310533
13341,0.8325046
13342,0.8339122
13343,0.8354784
13344,0.8366732
13345,0.8384981
13346,0.8398194
13347,0.8418303
13348,0.8434433
13349,0.8445248
13350,0.845297
13351,0.8469933
13352,0.8478517
13353,0.8508522
13354,0.8522641
13355,0.8534313
13356,0.8546264
13357,0.8557063
13358,0.8564731
13359,0.8580043
13360,0.86064
13361,0.8621026
13362,0.862909
13363,0.8650726
13364,0.8662153
13365,0.8678531
13366,0.8695667
13367,0.8708119
13368,0.8716969
13369,0.8739932
13370,0.8758891
13371,0.8781058
13372,0.8799398
13373,0.8809706
13374,0.8821921
13375,0.8834245
13376,0.8841882
13377,0.8853341
13378,0.8864846
13379,0.8888127
13380,0.8903036
13381,0.8924273
13382,0.8940266
13383,0.8953721
13384,0.8964227
13385,0.897906
13386,0.8992399
13387,0.901472
13388,0.9028999
13389,0.9044996
13390,0.905965
13391,0.9065143
13392,0.9081639
13393,0.9093204
13394,0.9116358
13395,0.9138634
13396,0.9162534
13397,0.9170808
13398,0.9195262
13399,0.9212409
13400,0.9235459
13401,0.9260559
13402,0.9272982
13403,0.9296106
13404,0.9312505
13405,0.9326311
13406,0.9344922
13407,0.9366888
13408,0.9372279
13409,0.9385767
13410,0.9396739
13411,0.9411442
13412,0.9428944
13413,0.9449142
13414,0.9457072
13415,0.9484005
13416,0.950287
13417,0.951881
13418,0.9539417
13419,0.9557741
13420,0.956461
13421,0.9586326
13422,0.9603999
13423,0.9627886
13424,0.9627886
13425,0.9652224
13426,0.9658971
13427,0.9675569
13428,0.969365
13429,0.9712041
13430,0.9725155
13431,0.9733699
13432,0.9755805
13433,0.97648
13434,0.9772435
13435,0.9782173
13436,0.9788224
13437,0.9807488
13438,0.982005
13439,0.982839
13440,0.9843438
13441,0.9859299
13442,0.9871972
13443,0.988077
13444,0.9892512
13445,0.9903342
13446,0.9915235
13447,0.9918606
13448,0.9931713
13449,0.9943049
13450,0.995402
13451,0.9965665
13452,0.9972164
13453,0.9989648
13454,0.9994583
13455,1.000368
13456,1.001243
13457,1.0024454
13458,1.0034836
13459,1.0052289
13460,1.0067334
13461,1.0082687
13462,1.0088316
13463,1.0110842
13464,1.0123588
13465,1.0133539
13466,1.0141669
13467,1.0146009
13468,1.0158149
13469,1.0170078
13470,1.0194303
13471,1.0211842
13472,1.0227615
13473,1.0238113
13474,1.0255564
13475,1.0276585
13476,1.0283494
13477,1.0294796
13478,1.0301133
13479,1.030948
13480,1.0314439
13481,1.0324629
13482,1.0330682
13483,1.0340943
13484,1.0353887
13485,1.0368561
13486,1.0376254
13487,1.0381138
13488,1.0383969
13489,1.0397816
13490,1.0402798
13491,1.0418242
13492,1.0425971
13493,1.043141
13494,1.0438724
13495,1.0447278
13496,1.0465839
13497,1.0478206
13498,1.0486675
13499,1.0503512
13500,1.051936
13501,1.0526188
13502,1.0533317
13503,1.0552472
13504,1.0559143
13505,1.0565817
13506,1.0573116
13507,1.0578159
13508,1.058391
13509,1.0593821
13510,1.0606105
13511,1.0611437
13512,1.0615966
13513,1.0619386
13514,1.0631356
13515,1.0644634
13516,1.0651757
13517,1.0657277
13518,1.0665434
13519,1.0667801
13520,1.0672105
13521,1.0684962
13522,1.069746
13523,1.0703391
13524,1.0708048
13525,1.071757
13526,1.071757
13527,1.0724869
13528,1.0732511
13529,1.0736037
13530,1.0744506
13531,1.075047
13532,1.0761009
13533,1.0771851
13534,1.0773078
13535,1.0776101
13536,1.077894
13537,1.0784781
13538,1.0788426
13539,1.0791455
13540,1.0804326
13541,1.0820406
13542,1.0831168
13543,1.083991
13544,1.0845196
13545,1.084638
13546,1.0855686
13547,1.0862089
13548,1.0867261
13549,1.087547
13550,1.0891899
13551,1.0894612
13552,1.0896353
13553,1.0902906
13554,1.0907732
13555,1.0919498
13556,1.0924363
13557,1.0930497
13558,1.0934906
13559,1.0939784
13560,1.0941033
13561,1.0946043
13562,1.0950528
13563,1.0956985
13564,1.0958552
13565,1.0966325
13566,1.0969411
13567,1.0972921
13568,1.0980481
13569,1.0984027
13570,1.0989686
13571,1.0991933
13572,1.0997861
13573,1.1005497
13574,1.1006949
13575,1.1007367
13576,1.1009734
13577,1.1013646
13578,1.1018073
13579,1.102404
13580,1.1025643
13581,1.1032558
13582,1.1038095
13583,1.1046095
13584,1.1052654
13585,1.1058984
13586,1.1062971
13587,1.1067213
13588,1.1071603
13589,1.1077273
13590,1.1082324
13591,1.108403
13592,1.1090343
13593,1.1090343
13594,1.109854
13595,1.1109764
13596,1.1113118
13597,1.1116717
13598,1.1123706
13599,1.1128686
13600,1.1133342
13601,1.113996
13602,1.1142639
13603,1.1143479
13604,1.1151957
13605,1.1157077
13606,1.1161027
13607,1.1166047
13608,1.1175876
13609,1.1180177
13610,1.1188411
13611,1.1190714
13612,1.1202134
13613,1.120493
13614,1.1207045
13615,1.1212449
13616,1.1217259
13617,1.1222823
13618,1.1232308
13619,1.1239651
13620,1.1246706
13621,1.1250416
13622,1.125186
13623,1.1260842
13624,1.1266062
13625,1.1271467
13626,1.1278891
13627,1.1282136
13628,1.1287559
13629,1.1291703
13630,1.1300401
13631,1.1303255
13632,1.130627
13633,1.1307432
13634,1.1309237
13635,1.1316862
13636,1.1323676
13637,1.1332868
13638,1.1338885
13639,1.134675
13640,1.1354995
13641,1.1360106
13642,1.136518
13643,1.1369041
13644,1.1375394
13645,1.1384608
13646,1.1391542
13647,1.1393607
13648,1.1398846
13649,1.1404312
13650,1.1412189
13651,1.1414645
13652,1.142583
13653,1.1428919
13654,1.1434117
13655,1.1443489
13656,1.1452182
13657,1.145698
13658,1.1459296
13659,1.1463396
13660,1.1464516
13661,1.1468333
13662,1.147161
13663,1.1475233
13664,1.1477352
13665,1.1481789
13666,1.1490475
13667,1.1500004
13668,1.1512727
13669,1.1517274
13670,1.1522284
13671,1.1530968
13672,1.1538158
13673,1.154013
13674,1.1546178
13675,1.1549917
13676,1.1553512
13677,1.1558728
13678,1.1563104
13679,1.1565626
13680,1.1571656
13681,1.157605
13682,1.1579888
13683,1.1587964
13684,1.1590668
13685,1.1592962
13686,1.1597119
13687,1.1601983
13688,1.1608972
13689,1.1613648
13690,1.1617625
13691,1.1627892
13692,1.1633883
13693,1.1637667
13694,1.1645255
13695,1.1655098
13696,1.1659131
13697,1.1667267
13698,1.1673322
13699,1.1676359
13700,1.1683622
13701,1.1688176
13702,1.1697046
13703,1.1708336
13704,1.171139
13705,1.1717004
13706,1.1721154
13707,1.1727016
13708,1.1727223
13709,1.1728585
13710,1.1731318
13711,1.1735485
13712,1.1736853
13713,1.1739855
13714,1.1742224
13715,1.1750035
13716,1.1750035
13717,1.17532
13718,1.17532
13719,1.1757562
13720,1.1760153
13721,1.1762568
13722,1.1766147
13723,1.1771743
13724,1.1776353
13725,1.1776353
13726,1.1776353
13727,1.1776353
13728,1.1776364
13729,1.1776364
13730,1.177793
13731,1.1780796
13732,1.1781163
13733,1.1781532
13734,1.1785928
13735,1.1791613
13736,1.1791613
13737,1.1791613
13738,1.1791965
13739,1.1793765
13740,1.1796631
13741,1.1800174
13742,1.1802133
13743,1.1802622
13744,1.1804713
13745,1.1806316
13746,1.1811159
13747,1.1812776
13748,1.1814252
13749,1.1816654
13750,1.1818712
13751,1.1824088
13752,1.1826977
13753,1.1827604
13754,1.1828518
13755,1.1830528
13756,1.1836754
13757,1.1845213
13758,1.1848131
13759,1.1850643
13760,1.185426
13761,1.1854421
13762,1.1861194
13763,1.1864742
13764,1.186756
13765,1.1870851
13766,1.1871579
13767,1.1877437
13768,1.1880199
13769,1.1880224
13770,1.1880224
13771,1.1881507
13772,1.1891514
13773,1.1894632
13774,1.1895265
13775,1.1895784
13776,1.1896693
13777,1.1897682
13778,1.1900717
13779,1.1900717
13780,1.1902608
13781,1.1911607
13782,1.1912503
13783,1.1914597
13784,1.19183
13785,1.1922463
13786,1.1922928
13787,1.1922928
13788,1.1925091
13789,1.1925478
13790,1.1925478
13791,1.192631
13792,1.1929908
13793,1.1932144
13794,1.1935099
13795,1.1935959
13796,1.1939292
13797,1.1943051
13798,1.1945122
13799,1.194936
13800,1.1952716
13801,1.1954861
13802,1.1957409
13803,1.196171
13804,1.1963548
13805,1.1963548
13806,1.1963548
13807,1.1966389
13808,1.1966643
13809,1.1966861
13810,1.1967289
13811,1.1967935
13812,1.1973785
13813,1.1974232
13814,1.1974232
13815,1.1979922
13816,1.1980947
13817,1.1982613
13818,1.1983493
13819,1.1985567
13820,1.1985567
13821,1.1987255
13822,1.1987255
13823,1.19884
13824,1.1988451
13825,1.1989437
13826,1.1992058
13827,1.1995018
13828,1.1997411
13829,1.1997411
13830,1.2001367
13831,1.2001367
13832,1.2001605
13833,1.2003545
13834,1.2009667
13835,1.2012229
13836,1.2012229
13837,1.2016198
13838,1.2018788
13839,1.2023247
13840,1.2028637
13841,1.2036014
13842,1.2036014
13843,1.2042139
13844,1.2043336
13845,1.2046598
13846,1.2048191
13847,1.2048305
13848,1.2050301
13849,1.2053408
13850,1.2055874
13851,1.2060046
13852,1.2066739
13853,1.2071577
13854,1.2077294
13855,1.2077934
13856,1.2082527
13857,1.2086076
13858,1.209203
13859,1.2092168
13860,1.2092418
13861,1.2096225
13862,1.2098119
13863,1.2104113
13864,1.2108019
13865,1.2108019
13866,1.2111307
13867,1.2117734
13868,1.2119078
13869,1.212151
13870,1.2127827
13871,1.2131148
13872,1.2132467
13873,1.2132773
13874,1.2140924
13875,1.214685
13876,1.2150312
13877,1.2150312
13878,1.2150378
13879,1.2153001
13880,1.2159753
13881,1.216775
13882,1.2170253
13883,1.2170253
13884,1.2173796
13885,1.217681
13886,1.2188708
13887,1.2199095
13888,1.2207856
13889,1.2210499
13890,1.2218488
13891,1.2221338
13892,1.2226535
13893,1.2230928
13894,1.2230928
13895,1.2236246
13896,1.2241575
13897,1.2244671
13898,1.2248431
13899,1.2254704
13900,1.2257781
13901,1.226368
13902,1.226579
13903,1.226579
13904,1.227184
13905,1.2274598
13906,1.2274598
13907,1.2276315
13908,1.2279606
13909,1.2282187
13910,1.2286346
13911,1.2291919
13912,1.2297106
13913,1.2299588
13914,1.2303742
13915,1.2303742
13916,1.2304532
13917,1.2310095
13918,1.2317767
13919,1.2323733
13920,1.232763
13921,1.2334475
13922,1.2340648
13923,1.2345824
13924,1.2350901
13925,1.2354934
13926,1.2357365
13927,1.2359936
13928,1.2359936
13929,1.2359936
13930,1.2360521
13931,1.236173
13932,1.2367955
13933,1.2371144
13934,1.2376071
13935,1.2379138
13936,1.2381143
13937,1.238339
13938,1.2390002
13939,1.2401087
13940,1.2406499
13941,1.2409994
13942,1.2410374
13943,1.2411879
13944,1.2415486
13945,1.2416509
13946,1.2419892
13947,1.2422317
13948,1.2424227
13949,1.2424794
13950,1.2425372
13951,1.2425372
13952,1.2430414
13953,1.2436373
13954,1.2437462
13955,1.2440336
13956,1.2444585
13957,1.2450325
13958,1.2452169
13959,1.245257
13960,1.245573
13961,1.2458686
13962,1.2462093
13963,1.2462565
13964,1.2466726
13965,1.2468214
13966,1.2472824
13967,1.2479426
13968,1.2479724
13969,1.2479724
13970,1.2484096
13971,1.2486325
13972,1.2493313
13973,1.2493313
13974,1.2494034
13975,1.2494574
13976,1.2495173
13977,1.2499287
13978,1.2500324
13979,1.2502885
13980,1.2507091
13981,1.2507942
13982,1.2508811
13983,1.2509212
13984,1.2511863
13985,1.251694
13986,1.2520591
13987,1.252348
13988,1.2525343
13989,1.252674
13990,1.2529031
13991,1.2532688
13992,1.2538723
13993,1.2539405
13994,1.2543611
13995,1.2545509
13996,1.2548011
13997,1.2554202
13998,1.2560569
13999,1.2564611
14000,1.2569128
14001,1.2571614
14002,1.2574419
14003,1.2576322
14004,1.2577208
14005,1.2579451
14006,1.258144
14007,1.258144
14008,1.2586016
14009,1.2586016
14010,1.2586016
14011,1.2587
14012,1.2587
14013,1.2587131
14014,1.2590167
14015,1.2591628
14016,1.2594408
14017,1.2595277
14018,1.2595277
14019,1.2595277
14020,1.2599513
14021,1.2606121
14022,1.2608143
14023,1.2608143
14024,1.2613163
14025,1.2613429
14026,1.2616819
14027,1.2620973
14028,1.2620973
14029,1.2622417
14030,1.2623707
14031,1.2623707
14032,1.2623707
14033,1.2625486
14034,1.2626663
14035,1.2628384
14036,1.2628384
14037,1.2631473
14038,1.2634507
14039,1.2636047
14040,1.2636047
14041,1.2636047
14042,1.2636047
14043,1.2636047
14044,1.2636047
14045,1.2639676
14046,1.2639676
14047,1.2641785
14048,1.2642789
14049,1.2645511
14050,1.2645511
14051,1.2645945
14052,1.2645945
14053,1.2648003
14054,1.264954
14055,1.2650177
14056,1.2650177
14057,1.2650177
14058,1.2651043
14059,1.2651617
14060,1.2651617
14061,1.2651686
14062,1.2653106
14063,1.2657784
14064,1.2657886
14065,1.265803
14066,1.2658326
14067,1.2658326
14068,1.2658558
14069,1.2658558
14070,1.265968
14071,1.265968
14072,1.266235
14073,1.266235
14074,1.2662478
14075,1.2662478
14076,1.266278
14077,1.266278
14078,1.266278
14079,1.266278
14080,1.2663591
14081,1.2668587
14082,1.2670122
14083,1.2670122
14084,1.2674468
14085,1.2675009
14086,1.2675772
14087,1.267884
14088,1.2682497
14089,1.2682497
14090,1.2683046
14091,1.2683931
14092,1.2683931
14093,1.2684549
14094,1.2687972
14095,1.2688189
14096,1.269077
14097,1.2691184
14098,1.2691184
14099,1.2691438
14100,1.2692459
14101,1.2692459
14102,1.2692459
14103,1.2694077
14104,1.2697332
14105,1.2697332
14106,1.2700092
14107,1.2702914
14108,1.270389
14109,1.2709888
14110,1.2712406
14111,1.2714843
14112,1.2717764
14113,1.2718263
14114,1.2719556
14115,1.2719848
14116,1.2721749
14117,1.2723259
14118,1.272632
14119,1.272632
14120,1.2726327
14121,1.2726327
14122,1.2730299
14123,1.2731326
14124,1.2732737
14125,1.2735475
14126,1.273604
14127,1.273604
14128,1.273604
14129,1.2736757
14130,1.2741545
14131,1.2742695
14132,1.2742695
14133,1.2744668
14134,1.2744668
14135,1.2745219
14136,1.2746218
14137,1.2748842
14138,1.2750851
14139,1.2751271
14140,1.2751271
14141,1.275549
14142,1.275549
14143,1.2758337
14144,1.2758337
14145,1.2758583
14146,1.2760304
14147,1.2760304
14148,1.2762931
14149,1.2766722
14150,1.2769529
14151,1.2773514
14152,1.2775246
14153,1.2779369
14154,1.2781922
14155,1.2784474
14156,1.2787107
14157,1.2790346
14158,1.2791548
14159,1.2795572
14160,1.28003
14161,1.2806687
14162,1.2810117
14163,1.2813531
14164,1.2815619
14165,1.2818597
14166,1.2820833
14167,1.2824704
14168,1.282714
14169,1.2828331
14170,1.2828331
14171,1.2829712
14172,1.2830643
14173,1.2832066
14174,1.2834135
14175,1.2834601
14176,1.2838713
14177,1.2841128
14178,1.2842785
14179,1.2842785
14180,1.2845108
14181,1.2845108
14182,1.2846088
14183,1.2846088
14184,1.2850147
14185,1.2850147
14186,1.285129
14187,1.2852574
14188,1.2852574
14189,1.285261
14190,1.2854143
14191,1.2854333
14192,1.2854766
14193,1.2856347
14194,1.285835
14195,1.2860635
14196,1.2862577
14197,1.2862752
14198,1.2862752
14199,1.2863966
14200,1.2864319
14201,1.2864319
14202,1.2866036
14203,1.2870062
14204,1.2870062
14205,1.2871612
14206,1.2875674
14207,1.2879718
14208,1.2880506
14209,1.2880506
14210,1.2883519
14211,1.2883657
14212,1.2887164
14213,1.2892318
14214,1.2896788
14215,1.2899882
14216,1.2903053
14217,1.2904636
14218,1.2906309
14219,1.2906309
14220,1.2909601
14221,1.2911218
14222,1.2912169
14223,1.2914481
14224,1.291824
14225,1.2922578
14226,1.2923964
14227,1.2925267
14228,1.2926534
14229,1.2926534
14230,1.2928109
14231,1.2928276
14232,1.2928276
14233,1.2928276
14234,1.292953
14235,1.2929868
14236,1.2932343
14237,1.293541
14238,1.2938912
14239,1.2940656
14240,1.2943204
14241,1.2943468
14242,1.294675
14243,1.2949133
14244,1.2949406
14245,1.2949406
14246,1.2951879
14247,1.2954903
14248,1.295536
14249,1.2958756
14250,1.2963215
14251,1.2964504
14252,1.296495
14253,1.2966105
14254,1.2966105
14255,1.297013
14256,1.2974522
14257,1.2977835
14258,1.2978553
14259,1.2979011
14260,1.2984445
14261,1.2984445
14262,1.298522
14263,1.2986855
14264,1.2986855
14265,1.2990663
14266,1.2990864
14267,1.2995052
14268,1.2995141
14269,1.2995141
14270,1.2995258
14271,1.3000208
14272,1.3002667
14273,1.3004788
14274,1.3005667
14275,1.3005667
14276,1.3010203
14277,1.3014652
14278,1.3015722
14279,1.3016232
14280,1.3016919
14281,1.3018951
14282,1.3018951
14283,1.3022481
14284,1.3022481
14285,1.3025523
14286,1.3026323
14287,1.303196
14288,1.3036713
14289,1.3038463
14290,1.3039653
14291,1.3040011
14292,1.3041526
14293,1.3042386
14294,1.3044993
14295,1.3046085
14296,1.3051092
14297,1.3051813
14298,1.3053816
14299,1.3057093
14300,1.306093
14301,1.3066783
14302,1.3068505
14303,1.3074173
14304,1.3074657
14305,1.3077334
14306,1.3078772
14307,1.3083468
14308,1.3085901
14309,1.3086021
14310,1.3087388
14311,1.3091119
14312,1.3096447
14313,1.3101666
14314,1.3106674
14315,1.311111
14316,1.3115726
14317,1.3120267
14318,1.3125495
14319,1.3130738
14320,1.3136427
14321,1.313932
14322,1.314354
14323,1.3147856
14324,1.3149753
14325,1.3155191
14326,1.3161278
14327,1.3164374
14328,1.3172077
14329,1.3176614
14330,1.3180946
14331,1.318458
14332,1.318783
14333,1.3191375
14334,1.3195347
14335,1.3200403
14336,1.3205064
14337,1.3210553
14338,1.3210553
14339,1.3217926
14340,1.3225405
14341,1.3228686
14342,1.323516
14343,1.3236473
14344,1.3238231
14345,1.324402
14346,1.3247656
14347,1.3253105
14348,1.3256825
14349,1.3261504
14350,1.326741
14351,1.3269725
14352,1.3275451
14353,1.3277466
14354,1.3281164
14355,1.3288428
14356,1.3294691
14357,1.3297105
14358,1.3303506
14359,1.3306704
14360,1.3311391
14361,1.3320085
14362,1.3328331
14363,1.3336406
14364,1.3342513
14365,1.3345485
14366,1.3351814
14367,1.3358583
14368,1.3361691
14369,1.3367631
14370,1.3373753
14371,1.3379368
14372,1.3389039
14373,1.3394205
14374,1.3397153
14375,1.3398829
14376,1.3403347
14377,1.3409084
14378,1.3409952
14379,1.3419278
14380,1.3426514
14381,1.3433747
14382,1.3441475
14383,1.3446049
14384,1.3457454
14385,1.3465659
14386,1.3472949
14387,1.3480594
14388,1.3489911
14389,1.3494211
14390,1.3504176
14391,1.3512321
14392,1.3522701
14393,1.3528719
14394,1.3540243
14395,1.3551123
14396,1.3558519
14397,1.3566309
14398,1.3574679
14399,1.3583647
14400,1.3591543
14401,1.3603515
14402,1.3615452
14403,1.3621516
14404,1.3629516
14405,1.3641547
14406,1.3653252
14407,1.3662259
14408,1.366959
14409,1.3681838
14410,1.3691782
14411,1.3699101
14412,1.3705917
14413,1.372054
14414,1.3734541
14415,1.3748342
14416,1.3757411
14417,1.3764226
14418,1.37738
14419,1.3784406
14420,1.3792301
14421,1.3804895
14422,1.3811225
14423,1.3824305
14424,1.3831696
14425,1.3841861
14426,1.3854968
14427,1.3865938
14428,1.3874952
14429,1.388245
14430,1.3891653
14431,1.3900037
14432,1.3905483
14433,1.3915202
14434,1.3922905
14435,1.3937764
14436,1.3949937
14437,1.3959481
14438,1.3970112
14439,1.3979135
14440,1.3988203
14441,1.3998115
14442,1.4006962
14443,1.4015288
14444,1.4027797
14445,1.4036642
14446,1.4043349
14447,1.4051132
14448,1.406504
14449,1.4075042
14450,1.4082385
14451,1.4101907
14452,1.41209
14453,1.4130747
14454,1.414388
14455,1.4158058
14456,1.4165918
14457,1.4175761
14458,1.4184904
14459,1.4201131
14460,1.4211316
14461,1.4225005
14462,1.4233592
14463,1.4248365
14464,1.4257692
14465,1.4264996
14466,1.4272182
14467,1.4284957
14468,1.4300104
14469,1.4313986
14470,1.4326421
14471,1.4334687
14472,1.4349513
14473,1.4365059
14474,1.4379831
14475,1.438748
14476,1.4391308
14477,1.4396451
14478,1.4408648
14479,1.4417396
14480,1.442932
14481,1.4442639
14482,1.4450084
14483,1.4459629
14484,1.4468818
14485,1.4471925
14486,1.4475199
14487,1.4480722
14488,1.448688
14489,1.4489308
14490,1.4494526
14491,1.450263
14492,1.4507218
14493,1.4513297
14494,1.4522064
14495,1.4525048
14496,1.4532709
14497,1.4540938
14498,1.4547598
14499,1.4558965
14500,1.4565767
14501,1.4568837
14502,1.4574238
14503,1.4582456
14504,1.4585496
14505,1.4587753
14506,1.4593844
14507,1.4600264
14508,1.4606288
14509,1.4609943
14510,1.4613266
14511,1.4617928
14512,1.4621225
14513,1.4628345
14514,1.4632499
14515,1.4636461
14516,1.4641518
14517,1.4646434
14518,1.4651102
14519,1.4656497
14520,1.4661112
14521,1.4666852
14522,1.4670832
14523,1.4676923
14524,1.4684534
14525,1.4685932
14526,1.4686746
14527,1.4692138
14528,1.4696134
14529,1.4700665
14530,1.4702673
14531,1.4704854
14532,1.4707942
14533,1.4708995
14534,1.4716957
14535,1.4718673
14536,1.4721553
14537,1.4725734
14538,1.4734756
14539,1.4736865
14540,1.4738619
14541,1.474158
14542,1.4744072
14543,1.4750028
14544,1.4751713
14545,1.475309
14546,1.4757957
14547,1.4769326
14548,1.4775942
14549,1.4777341
14550,1.478205
14551,1.478205
14552,1.478205
14553,1.478205
14554,1.4782829
14555,1.4790349
14556,1.4793783
14557,1.4797446
14558,1.4798976
14559,1.4800344
14560,1.4804083
14561,1.4805739
14562,1.4805739
14563,1.4805739
14564,1.4811298
14565,1.4811298
14566,1.4813821
14567,1.4813821
14568,1.4814238
14569,1.4814238
14570,1.4814238
14571,1.4814238
14572,1.4814238
14573,1.4820265
14574,1.4820265
14575,1.4820265
14576,1.4820265
14577,1.4820265
14578,1.4820265
14579,1.4820265
14580,1.4820265
14581,1.4820265
14582,1.4820265
14583,1.4820265
14584,1.4820265
14585,1.4820265
14586,1.4820265
14587,1.4820265
14588,1.482106
14589,1.482106
14590,1.482378
14591,1.482378
14592,1.482378
14593,1.482378
14594,1.482378
14595,1.482378
14596,1.4823884
14597,1.4823884
14598,1.4823884
14599,1.4823884
14600,1.4823884
14601,1.4823884
14602,1.4823884
14603,1.4823884
14604,1.4823884
14605,1.4823884
14606,1.4823884
14607,1.4823884
14608,1.4823884
14609,1.4823884
14610,1.4823884
14611,1.4823884
14612,1.4823884
14613,1.4823884
14614,1.4823884
14615,1.4823884
14616,1.4823884
14617,1.4823884
14618,1.4823884
14619,1.4823884
14620,1.4823884
14621,1.4823884
14622,1.4823884
14623,1.4823884
14624,1.4824932
14625,1.4824932
14626,1.4824932
14627,1.4825077
14628,1.4825077
14629,1.4825077
14630,1.4825077
14631,1.4825457
14632,1.4825457
14633,1.4826169
14634,1.4826869
14635,1.4827735
14636,1.4828316
14637,1.4828316
14638,1.4828316
14639,1.4828316
14640,1.4829114
14641,1.4830335
14642,1.4830335
14643,1.4831747
14644,1.4831778
14645,1.4831778
14646,1.4831778
14647,1.4832516
14648,1.4832516
14649,1.4832516
14650,1.4832516
14651,1.4833143
14652,1.4833143
14653,1.4833143
14654,1.4833854
14655,1.48355
14656,1.4835531
14657,1.4835733
14658,1.4836171
14659,1.4837719
14660,1.4839415
14661,1.4840462
14662,1.4840986
14663,1.4842624
14664,1.4842624
14665,1.4842624
14666,1.4842899
14667,1.4842899
14668,1.4842899
14669,1.4843273
14670,1.484453
14671,1.4845765
14672,1.4846689
14673,1.4848107
14674,1.4849343
14675,1.4851557
14676,1.485219
14677,1.4853085
14678,1.4853643
14679,1.4856701
14680,1.4858792
14681,1.4860321
14682,1.4860664
14683,1.4862807
14684,1.4862866
14685,1.4863216
14686,1.4864207
14687,1.4864848
14688,1.4865635
14689,1.4868603
14690,1.4870097
14691,1.4871851
14692,1.4872627
14693,1.487398
14694,1.4875051
14695,1.4878039
14696,1.4878039
14697,1.4878039
14698,1.4879222
14699,1.4879222
14700,1.4879749
14701,1.4881824
14702,1.4882831
14703,1.4883951
14704,1.488522
14705,1.488522
14706,1.488522
14707,1.488522
14708,1.488522
14709,1.4886552
14710,1.4886552
14711,1.4888188
14712,1.4890442
14713,1.4891688
14714,1.4891688
14715,1.4894045
14716,1.4894045
14717,1.4894045
14718,1.4894605
14719,1.4894605
14720,1.4894605
14721,1.4894737
14722,1.4896284
14723,1.4896849
14724,1.4896849
14725,1.4896849
14726,1.4896849
14727,1.4896849
14728,1.4896849
14729,1.4899484
14730,1.4899484
14731,1.4899484
14732,1.4899484
14733,1.4899484
14734,1.4899484
14735,1.4899484
14736,1.4899484
14737,1.4899484
14738,1.4899484
14739,1.4899484
14740,1.4899484
14741,1.4899484
14742,1.4899484
14743,1.4899484
14744,1.4899484
14745,1.4899484
14746,1.4899484
14747,1.4900318
14748,1.4900529
14749,1.4902987
14750,1.4904605
14751,1.4904605
14752,1.4905193
14753,1.4905248
14754,1.4905313
14755,1.4905313
14756,1.4905313
14757,1.4905313
14758,1.4905313
14759,1.4905313
14760,1.4905313
14761,1.4906119
14762,1.4908196
14763,1.4909053
14764,1.4909492
14765,1.4909566
14766,1.491478
14767,1.491604
14768,1.4919567
14769,1.4926172
14770,1.493489
14771,1.4939711
14772,1.4942604
14773,1.4949082
14774,1.495362
14775,1.495749
14776,1.4962722
14777,1.4972557
14778,1.4980829
14779,1.499005
14780,1.4998612
14781,1.5011081
14782,1.5020466
14783,1.5030144
14784,1.5038661
14785,1.5056401
14786,1.5071
14787,1.5075449
14788,1.5079643
14789,1.5087374
14790,1.5095276
14791,1.5097126
14792,1.5104339
14793,1.5106964
14794,1.5115705
14795,1.5125728
14796,1.5132264
14797,1.5137844
14798,1.5146099
14799,1.5148186
14800,1.5157136
14801,1.5163071
14802,1.5171394
14803,1.518066
14804,1.5186206
14805,1.519432
14806,1.5198522
14807,1.520255
14808,1.5204906
14809,1.5207363
14810,1.5213962
14811,1.5220109
14812,1.5225359
14813,1.5236431
14814,1.5243625
14815,1.5251169
14816,1.5257641
14817,1.5263139
14818,1.5264932
14819,1.5270672
14820,1.5270918
14821,1.5276325
14822,1.5283213
14823,1.5288799
14824,1.5296498
14825,1.5299215
14826,1.5303232
14827,1.5305252
14828,1.5307093
14829,1.5310317
14830,1.531499
14831,1.5316975
14832,1.5318636
14833,1.5322072
14834,1.5330203
14835,1.5337944
14836,1.5345894
14837,1.5351458
14838,1.5354409
14839,1.5361869
14840,1.5366613
14841,1.5368872
14842,1.5370448
14843,1.5379055
14844,1.538642
14845,1.5393832
14846,1.5399135
14847,1.5403557
14848,1.5406093
14849,1.5418084
14850,1.5423277
14851,1.542863
14852,1.5433043
14853,1.5442286
14854,1.5449643
14855,1.5455414
14856,1.5465299
14857,1.5471527
14858,1.5477293
14859,1.5489022
14860,1.5495687
14861,1.5498099
14862,1.5504746
14863,1.5510865
14864,1.551584
14865,1.5524006
14866,1.5526875
14867,1.5527841
14868,1.5530163
14869,1.553278
14870,1.5534086
14871,1.5537247
14872,1.5544158
14873,1.5552414
14874,1.5561083
14875,1.5570786
14876,1.5575149
14877,1.5584337
14878,1.5587556
14879,1.5590486
14880,1.5594425
14881,1.5594425
14882,1.5599001
14883,1.5603526
14884,1.5607261
14885,1.5611833
14886,1.5613787
14887,1.5624208
14888,1.5630435
14889,1.5632424
14890,1.5641831
14891,1.5647754
14892,1.5647754
14893,1.5647754
14894,1.5647754
14895,1.5647754
14896,1.5649185
14897,1.5649954
14898,1.5657336
14899,1.5660589
14900,1.5663116
14901,1.5663116
14902,1.5665168
14903,1.5666087
14904,1.5671693
14905,1.5679551
14906,1.5687349
14907,1.5687349
14908,1.5693884
14909,1.5700181
14910,1.5710704
14911,1.5716722
14912,1.5716722
14913,1.5716722
14914,1.5716722
14915,1.5716722
14916,1.5716722
14917,1.5718317
14918,1.5718317
14919,1.5720259
14920,1.5720259
14921,1.5725836
14922,1.5725836
14923,1.5728092
14924,1.5732024
14925,1.5735674
14926,1.5748611
14927,1.5753054
14928,1.5754189
14929,1.5756806
14930,1.5761111
14931,1.5766673
14932,1.5767766
14933,1.5767766
14934,1.5771232
14935,1.5772236
14936,1.5772288
14937,1.5774477
14938,1.5774477
14939,1.5774477
14940,1.577823
14941,1.5779814
14942,1.5788121
14943,1.5790746
14944,1.5793044
14945,1.5806465
14946,1.5819002
14947,1.582818
14948,1.5840289
14949,1.5845007
14950,1.5850573
14951,1.5854121
14952,1.5865658
14953,1.5869318
14954,1.5872271
14955,1.5872917
14956,1.588289
14957,1.5895714
14958,1.5902739
14959,1.5909929
14960,1.5918356
14961,1.5926757
14962,1.5926886
14963,1.5932961
14964,1.5932961
14965,1.5936717
14966,1.5936717
14967,1.5938805
14968,1.5943872
14969,1.5950534
14970,1.5955246
14971,1.5958371
14972,1.5958371
14973,1.5960013
14974,1.5963411
14975,1.5967529
14976,1.5968416
14977,1.5975435
14978,1.5980662
14979,1.5986572
14980,1.5987687
14981,1.5989257
14982,1.5991456
14983,1.5991786
14984,1.5996324
14985,1.6001361
14986,1.6003652
14987,1.6007345
14988,1.60082
14989,1.6010426
14990,1.6017651
14991,1.6020263
14992,1.6023046
14993,1.6026706
14994,1.6027528
14995,1.6033247
14996,1.6035632
14997,1.6039972
14998,1.6044731
14999,1.6044731
15000,1.6047005
15001,1.6050299
15002,1.6059911
15003,1.6065211
15004,1.6070593
15005,1.6075884
15006,1.6082317
15007,1.6099002
15008,1.6100509
15009,1.6103425
15010,1.6104589
15011,1.6106795
15012,1.6112865
15013,1.6114734
15014,1.611758
15015,1.6121818
15016,1.6132855
15017,1.6137309
15018,1.6138609
15019,1.6144354
15020,1.6147741
15021,1.6148382
15022,1.6150823
15023,1.615527
15024,1.6164439
15025,1.6172304
15026,1.6177972
15027,1.6182806
15028,1.6189441
15029,1.619888
15030,1.6209239
15031,1.6215143
15032,1.6219481
15033,1.6226124
15034,1.6234308
15035,1.6244732
15036,1.6258303
15037,1.6268715
15038,1.6276105
15039,1.6281313
15040,1.6288776
15041,1.6296038
15042,1.6301343
15043,1.6305083
15044,1.6313217
15045,1.6316959
15046,1.6322553
15047,1.6323217
15048,1.6328093
15049,1.6333577
15050,1.6348272
15051,1.6357003
15052,1.6374975
15053,1.6390732
15054,1.6400188
15055,1.6403004
15056,1.6409796
15057,1.6419705
15058,1.642314
15059,1.6429789
15060,1.6435974
15061,1.6445727
15062,1.6449922
15063,1.6455246
15064,1.6461159
15065,1.6468686
15066,1.6474891
15067,1.6489195
15068,1.6491029
15069,1.6492241
15070,1.6494775
15071,1.6497927
15072,1.6500333
15073,1.6503061
15074,1.6506175
15075,1.6511648
15076,1.6518217
15077,1.6522096
15078,1.6529412
15079,1.6531972
15080,1.6541147
15081,1.6549268
15082,1.655901
15083,1.6568651
15084,1.6576408
15085,1.6580974
15086,1.6586726
15087,1.6597351
15088,1.6602303
15089,1.6604627
15090,1.6609405
15091,1.661538
15092,1.6620695
15093,1.6631645
15094,1.6645258
15095,1.6647378
15096,1.6656186
15097,1.6665314
15098,1.667716
15099,1.6681642
15100,1.6685009
15101,1.6694539
15102,1.6697137
15103,1.6705293
15104,1.6713919
15105,1.6721559
15106,1.672828
15107,1.673928
15108,1.6744511
15109,1.6747712
15110,1.6765215
15111,1.6773927
15112,1.6779243
15113,1.6788995
15114,1.6798129
15115,1.6802683
15116,1.6808087
15117,1.6814859
15118,1.6825355
15119,1.6831513
15120,1.6834986
15121,1.6841809
15122,1.6855941
15123,1.6864463
15124,1.6877509
15125,1.6884917
15126,1.6891047
15127,1.689597
15128,1.6898333
15129,1.6900935
15130,1.6909982
15131,1.6921749
15132,1.6932744
15133,1.6946588
15134,1.695709
15135,1.6964446
15136,1.6971253
15137,1.6980526
15138,1.698724
15139,1.6991737
15140,1.699665
15141,1.7004905
15142,1.7019234
15143,1.7032225
15144,1.704218
15145,1.7048818
15146,1.7056639
15147,1.7070714
15148,1.7093389
15149,1.7105926
15150,1.7117797
15151,1.7122597
15152,1.7126381
15153,1.713894
15154,1.7160753
15155,1.7181441
15156,1.720455
15157,1.7211047
15158,1.7213639
15159,1.7218807
15160,1.7229405
15161,1.7252701
15162,1.7273233
15163,1.7288141
15164,1.7292856
15165,1.7295857
15166,1.7304625
15167,1.7321401
15168,1.7333368
15169,1.7343757
15170,1.7345602
15171,1.734774
15172,1.7355697
15173,1.7367818
15174,1.7383998
15175,1.7400386
15176,1.741185
15177,1.7422412
15178,1.743157
15179,1.7436186
15180,1.7439131
15181,1.7445218
15182,1.7451517
15183,1.7463904
15184,1.7478339
15185,1.7493179
15186,1.7509534
15187,1.7520261
15188,1.7532818
15189,1.7541016
15190,1.7549658
15191,1.75546
15192,1.7563168
15193,1.7566157
15194,1.7571904
15195,1.7576726
15196,1.7597429
15197,1.7606788
15198,1.7618328
15199,1.7624739
15200,1.764299
15201,1.7660917
15202,1.7671415
15203,1.7684556
15204,1.769814
15205,1.7709073
15206,1.7712746
15207,1.7717211
15208,1.7721434
15209,1.7722791
15210,1.7724666
15211,1.7727385
15212,1.7727389
15213,1.7729651
15214,1.7743228
15215,1.7759059
15216,1.7762961
15217,1.7766736
15218,1.7775073
15219,1.7778639
15220,1.7783942
15221,1.7789773
15222,1.7800427
15223,1.7803175
15224,1.781792
15225,1.7822269
15226,1.7824065
15227,1.7830969
15228,1.7839692
15229,1.7846862
15230,1.7847768
15231,1.7852213
15232,1.7862065
15233,1.7875468
15234,1.7875468
15235,1.7875468
15236,1.7876241
15237,1.7881317
15238,1.7887851
15239,1.7891997
15240,1.7896251
15241,1.7902402
15242,1.7908493
15243,1.7908869
15244,1.7915677
15245,1.7915677
15246,1.7924346
15247,1.7925858
15248,1.7926918
15249,1.7932281
15250,1.7933246
15251,1.7934886
15252,1.7936077
15253,1.7941591
15254,1.7944175
15255,1.7944175
15256,1.7947409
15257,1.7959427
15258,1.7959847
15259,1.7962473
15260,1.7969804
15261,1.7974082
15262,1.7978726
15263,1.7980609
15264,1.798146
15265,1.7984445
15266,1.7987504
15267,1.7990561
15268,1.7990646
15269,1.7992325
15270,1.7999322
15271,1.8007833
15272,1.8009558
15273,1.8009558
15274,1.8010244
15275,1.8012215
15276,1.801801
15277,1.8021625
15278,1.8022548
15279,1.8027192
15280,1.8030187
15281,1.8039582
15282,1.8040688
15283,1.8042348
15284,1.8042497
15285,1.804424
15286,1.8049107
15287,1.8055247
15288,1.8056762
15289,1.8059993
15290,1.8065825
15291,1.8068048
15292,1.8069385
15293,1.8069385
15294,1.8070971
15295,1.807285
15296,1.8078134
15297,1.8085312
15298,1.8092379
15299,1.8098468
15300,1.8105477
15301,1.8110249
15302,1.8116347
15303,1.8119606
15304,1.8124131
15305,1.8126623
15306,1.8131965
15307,1.813766
15308,1.8140602
15309,1.8145621
15310,1.8152451
15311,1.815504
15312,1.815563
15313,1.8160845
15314,1.8167615
15315,1.8172655
15316,1.8177802
15317,1.8182182
15318,1.8186898
15319,1.8193144
15320,1.8198078
15321,1.8206205
15322,1.82118
15323,1.821599
15324,1.8223048
15325,1.8230181
15326,1.823108
15327,1.8233501
15328,1.8244863
15329,1.8246779
15330,1.8255722
15331,1.8269847
15332,1.8271727
15333,1.8274785
15334,1.8278869
15335,1.8279624
15336,1.8284784
15337,1.8288428
15338,1.8291589
15339,1.8294921
15340,1.8296986
15341,1.8300197
15342,1.8303382
15343,1.8307474
15344,1.8312337
15345,1.8319897
15346,1.8322656
15347,1.8329814
15348,1.8336576
15349,1.834283
15350,1.8350355
15351,1.8356625
15352,1.8360318
15353,1.8367701
15354,1.8371059
15355,1.8371069
15356,1.8374612
15357,1.8378599
15358,1.8382153
15359,1.8389153
15360,1.8392347
15361,1.8398534
15362,1.8403017
15363,1.8409596
15364,1.841507
15365,1.8421815
15366,1.8430488
15367,1.8440758
15368,1.8448471
15369,1.8451079
15370,1.8453191
15371,1.8454138
15372,1.8457776
15373,1.8466301
15374,1.8478962
15375,1.8487516
15376,1.8490629
15377,1.8501276
15378,1.8504862
15379,1.8512612
15380,1.8517978
15381,1.852924
15382,1.8534215
15383,1.8537417
15384,1.8551693
15385,1.8564865
15386,1.856693
15387,1.8570775
15388,1.857285
15389,1.8578054
15390,1.8579804
15391,1.8598577
15392,1.8603152
15393,1.8611796
15394,1.86172
15395,1.8625687
15396,1.8649509
15397,1.8655835
15398,1.8663739
15399,1.8668617
15400,1.8674055
15401,1.8674077
15402,1.8681159
15403,1.8684811
15404,1.8693812
15405,1.8697232
15406,1.8707593
15407,1.8709711
15408,1.8717162
15409,1.8720602
15410,1.8720843
15411,1.8726973
15412,1.873444
15413,1.8739825
15414,1.8739825
15415,1.8747138
15416,1.8748536
15417,1.8756023
15418,1.8759096
15419,1.8761466
15420,1.8771977
15421,1.8771977
15422,1.8776009
15423,1.878357
15424,1.8786836
15425,1.8789416
15426,1.8790139
15427,1.8790139
15428,1.8794616
15429,1.8802684
15430,1.8812502
15431,1.8813509
15432,1.8814949
15433,1.8817231
15434,1.8817273
15435,1.8821403
15436,1.8827967
15437,1.8835598
15438,1.8837068
15439,1.8838786
15440,1.884312
15441,1.8851173
15442,1.8858037
15443,1.8859979
15444,1.8864204
15445,1.8870019
15446,1.8874773
15447,1.8876841
15448,1.8877598
15449,1.8883505
15450,1.8884864
15451,1.8893499
15452,1.8899687
15453,1.8904528
15454,1.8908193
15455,1.8914596
15456,1.8915543
15457,1.8922966
15458,1.8925519
15459,1.892571
15460,1.8930632
15461,1.893293
15462,1.8939658
15463,1.8942166
15464,1.8945195
15465,1.8953544
15466,1.8961164
15467,1.896872
15468,1.8973408
15469,1.8975863
15470,1.89774
15471,1.8978727
15472,1.8979905
15473,1.8981673
15474,1.8982764
15475,1.8983588
15476,1.8984738
15477,1.8988855
15478,1.8990141
15479,1.8992074
15480,1.8995722
15481,1.8999384
15482,1.9002304
15483,1.9006258
15484,1.9006861
15485,1.9006861
15486,1.9007258
15487,1.9011435
15488,1.9018709
15489,1.9021926
15490,1.9023539
15491,1.9024424
15492,1.9024626
15493,1.9024626
15494,1.9026068
15495,1.9028
15496,1.9033837
15497,1.9040518
15498,1.9043874
15499,1.9050927
15500,1.905407
15501,1.905564
15502,1.9058401
15503,1.9063549
15504,1.9065076
15505,1.9067129
15506,1.907034
15507,1.9072439
15508,1.9075906
15509,1.9080762
15510,1.908285
15511,1.9086849
15512,1.909368
15513,1.9093971
15514,1.9095315
15515,1.9097277
15516,1.9097609
15517,1.9099431
15518,1.9100668
15519,1.9102625
15520,1.9104101
15521,1.9105583
15522,1.9106908
15523,1.9109679
15524,1.9115967
15525,1.9119932
15526,1.9122029
15527,1.9123665
15528,1.9126018
15529,1.9128884
15530,1.9129301
15531,1.9131781
15532,1.9134023
15533,1.9134889
15534,1.9137988
15535,1.9139202
15536,1.9142874
15537,1.9147956
15538,1.9150706
15539,1.9151852
15540,1.9158004
15541,1.9165507
15542,1.9170429
15543,1.9173482
15544,1.9175169
15545,1.9181073
15546,1.918558
15547,1.9190586
15548,1.919445
15549,1.9201267
15550,1.9208453
15551,1.9212952
15552,1.9218979
15553,1.922079
15554,1.9226782
15555,1.9233295
15556,1.923705
15557,1.9240549
15558,1.9242237
15559,1.924885
15560,1.9255127
15561,1.925821
15562,1.9262107
15563,1.9266153
15564,1.9268669
15565,1.9270109
15566,1.9272194
15567,1.9278398
15568,1.9284184
15569,1.9287578
15570,1.9291611
15571,1.9294431
15572,1.9296804
15573,1.9301651
15574,1.9308283
15575,1.9313041
15576,1.9318204
15577,1.9323639
15578,1.9328389
15579,1.9335518
15580,1.9336339
15581,1.9337107
15582,1.9338828
15583,1.9344077
15584,1.9352109
15585,1.9358686
15586,1.9364275
15587,1.9369452
15588,1.9372563
15589,1.9375923
15590,1.9379238
15591,1.9384084
15592,1.9390337
15593,1.939455
15594,1.9398289
15595,1.9401818
15596,1.9406645
15597,1.9413808
15598,1.9419953
15599,1.9424492
15600,1.943095
15601,1.9434802
15602,1.9438427
15603,1.9444116
15604,1.9449915
15605,1.9455781
15606,1.946002
15607,1.9462782
15608,1.9466526
15609,1.9470205
15610,1.9475622
15611,1.9480769
15612,1.9484412
15613,1.9486902
15614,1.9491425
15615,1.9497448
15616,1.9500968
15617,1.9504135
15618,1.9510083
15619,1.951282
15620,1.9517284
15621,1.9522365
15622,1.9526689
15623,1.9530027
15624,1.9535647
15625,1.9540242
15626,1.9543981
15627,1.954794
15628,1.955059
15629,1.9557117
15630,1.9561097
15631,1.9564176
15632,1.957389
15633,1.9576638
15634,1.9582579
15635,1.9587503
15636,1.9589732
15637,1.9591856
15638,1.9596971
15639,1.9602537
15640,1.9606145
15641,1.9610017
15642,1.9615022
15643,1.9618732
15644,1.9622078
15645,1.9627283
15646,1.9630889
15647,1.9633013
15648,1.9637084
15649,1.9640103
15650,1.9644617
15651,1.9647929
15652,1.9651907
15653,1.9655223
15654,1.9658552
15655,1.9662874
15656,1.9664486
15657,1.9669275
15658,1.967146
15659,1.9675562
15660,1.9678341
15661,1.968198
15662,1.9686346
15663,1.9690853
15664,1.9697383
15665,1.9701046
15666,1.9703499
15667,1.9705092
15668,1.9712434
15669,1.9716875
15670,1.9721143
15671,1.9726682
15672,1.9729401
15673,1.9732855
15674,1.9737455
15675,1.9740732
15676,1.9744234
15677,1.9747453
15678,1.975001
15679,1.9751814
15680,1.9755136
15681,1.9757616
15682,1.9759968
15683,1.9764478
15684,1.9765901
15685,1.976832
15686,1.9770036
15687,1.9772655
15688,1.9775683
15689,1.9778791
15690,1.9782427
15691,1.9784467
15692,1.9785812
15693,1.9788188
15694,1.9791294
15695,1.9794104
15696,1.9795177
15697,1.9795177
15698,1.9797395
15699,1.9799042
15700,1.9800507
15701,1.9803144
15702,1.9806674
15703,1.981232
15704,1.9814036
15705,1.9815901
15706,1.9818633
15707,1.9822133
15708,1.9823215
15709,1.9826687
15710,1.9831148
15711,1.9835665
15712,1.983621
15713,1.9837932
15714,1.9841499
15715,1.9845251
15716,1.9846328
15717,1.9848273
15718,1.9850483
15719,1.9856303
15720,1.9860022
15721,1.98622
15722,1.9864279
15723,1.98668
15724,1.9868597
15725,1.9873561
15726,1.9878278
15727,1.9878936
15728,1.9880316
15729,1.9881234
15730,1.9884341
15731,1.9886026
15732,1.9888023
15733,1.9892139
15734,1.9893744
15735,1.9895716
15736,1.9898183
15737,1.9899765
15738,1.9904274
15739,1.9904952
15740,1.9906102
15741,1.9906954
15742,1.9907942
15743,1.991008
15744,1.9911325
15745,1.9915074
15746,1.9917465
15747,1.9917738
15748,1.9919954
15749,1.9921817
15750,1.9922049
15751,1.9926391
15752,1.992764
15753,1.9930386
15754,1.9932382
15755,1.993733
15756,1.9940661
15757,1.9944309
15758,1.9945311
15759,1.9948218
15760,1.994907
15761,1.9949816
15762,1.9952481
15763,1.9952748
15764,1.9953833
15765,1.9954148
15766,1.9955603
15767,1.9957865
15768,1.9959966
15769,1.9961011
15770,1.9963369
15771,1.9963369
15772,1.9967449
15773,1.9968708
15774,1.9970134
15775,1.9970832
15776,1.9972117
15777,1.9972117
15778,1.9973704
15779,1.9973741
15780,1.9973741
15781,1.9973741
15782,1.9973741
15783,1.9974246
15784,1.9975893
15785,1.9975893
15786,1.9977849
15787,1.9978946
15788,1.9978946
15789,1.9980191
15790,1.9980191
15791,1.9980191
15792,1.9980191
15793,1.9980191
15794,1.9980191
15795,1.9980191
15796,1.9980191
15797,1.9980456
15798,1.9980456
15799,1.9980456
15800,1.9980456
15801,1.9980456
15802,1.9981144
15803,1.9981144
15804,1.9981422
15805,1.9981799
15806,1.9981799
15807,1.9981799
15808,1.9981799
15809,1.9981799
15810,1.9983771
15811,1.9983771
15812,1.9983771
15813,1.9983771
15814,1.9983771
15815,1.9984996
15816,1.998658
15817,1.998658
15818,1.998658
15819,1.9987593
15820,1.9987593
15821,1.9987593
15822,1.998775
15823,1.998775
15824,1.9991431
15825,1.9992516
15826,1.9992516
15827,1.9992516
15828,1.9992516
15829,1.9992516
15830,1.9992516
15831,1.9992516
15832,1.9992516
15833,1.9992516
15834,1.9993423
15835,1.9993954
15836,1.9993954
15837,1.9993954
15838,1.9993954
15839,1.9993954
15840,1.9993954
15841,1.9993954
15842,1.9993954
15843,1.9993954
15844,1.9993954
15845,1.9993954
15846,1.9993954
15847,1.9993954
15848,1.9993954
15849,1.9995417
15850,1.9995417
15851,1.9995417
15852,1.9995417
15853,1.9995417
15854,1.9995417
15855,1.9995417
15856,1.9995971
15857,1.9995971
15858,1.9995971
15859,1.9995971
15860,1.9995971
15861,1.9995971
15862,1.9997026
15863,1.9997026
15864,1.9997026
15865,1.9997026
15866,1.9997026
15867,1.9997026
15868,1.9997026
15869,1.9997026
15870,1.9997026
15871,1.9997026
15872,1.9997026
15873,1.9997026
15874,1.9997026
15875,1.9997026
15876,1.9997026
15877,1.9997505
15878,1.9997505
15879,1.9998785
15880,1.9998785
15881,1.9998785
15882,1.9998785
15883,1.9998785
15884,1.9998785
15885,1.9998785
15886,1.9998785
15887,1.9998785
15888,1.9998785
15889,1.9998785
15890,1.9998785
15891,1.9998785
15892,1.9998785
15893,1.9999554
15894,1.9999554
15895,2.0000202
15896,2.0000202
15897,2.0000202
15898,2.0000202
15899,2.0000202
15900,2.0000202
15901,2.0000202
15902,2.00029
15903,2.0004222
15904,2.0004222
15905,2.0009303
15906,2.0009303
15907,2.0009303
15908,2.0009303
15909,2.0010761
15910,2.0010761
15911,2.0010761
15912,2.0010761
15913,2.0010761
15914,2.0010761
15915,2.0010761
15916,2.0010761
15917,2.0010761
15918,2.0010761
15919,2.0010761
15920,2.0012362
15921,2.0015969
15922,2.0015969
15923,2.0015969
15924,2.0015969
15925,2.0017098
15926,2.0017098
15927,2.0017098
15928,2.0017098
15929,2.0017532
15930,2.0017532
15931,2.0017532
15932,2.0017532
15933,2.0017532
15934,2.0017532
15935,2.0017532
15936,2.0017532
15937,2.0017532
15938,2.0017532
15939,2.0017532
15940,2.0017532
15941,2.0017532
15942,2.0018141
15943,2.0018141
15944,2.0018141
15945,2.0018381
15946,2.0018381
15947,2.0018381
15948,2.0018381
15949,2.0018381
15950,2.0018381
15951,2.0018381
15952,2.0019304
15953,2.0019304
15954,2.0019304
15955,2.0019304
15956,2.0019304
15957,2.0019304
15958,2.0019304
15959,2.0019304
15960,2.0019304
15961,2.0019304
15962,2.0019304
15963,2.0019304
15964,2.0019304
15965,2.0019304
15966,2.0019304
15967,2.0019304
15968,2.0019304
15969,2.0019304
15970,2.0019424
15971,2.0019424
15972,2.0019424
15973,2.0019424
15974,2.0019424
15975,2.0019424
15976,2.0019424
15977,2.0022376
15978,2.0024973
15979,2.0024973
15980,2.0024973
15981,2.0024973
15982,2.0024973
15983,2.0024973
15984,2.0030574
15985,2.0037303
15986,2.0037303
15987,2.0037303
15988,2.0037303
15989,2.0037303
15990,2.0037303
15991,2.003854
15992,2.003854
15993,2.003854
15994,2.003854
15995,2.003854
15996,2.003854
15997,2.003854
15998,2.003854
15999,2.0041019
16000,2.0042668
16001,2.0042668
16002,2.0045691
16003,2.0045691
16004,2.0045691
16005,2.0045691
16006,2.0045691
16007,2.0045691
16008,2.0045691
16009,2.0046059
16010,2.0054469
16011,2.0054805
16012,2.0056669
16013,2.0056669
16014,2.0058019
16015,2.0060963
16016,2.0060963
16017,2.0060963
16018,2.0060963
16019,2.0064403
16020,2.0068199
16021,2.0068199
16022,2.0068199
16023,2.0070182
16024,2.0071243
16025,2.0071243
16026,2.0074094
16027,2.0074231
16028,2.0074231
16029,2.0074231
16030,2.007674
16031,2.007674
16032,2.007674
16033,2.007674
16034,2.0077421
16035,2.0078103
16036,2.0078103
16037,2.0078103
16038,2.0078103
16039,2.0078103
16040,2.0078103
16041,2.0078103
16042,2.008132
16043,2.0081613
16044,2.0081613
16045,2.0081613
16046,2.0081613
16047,2.008593
16048,2.0087158
16049,2.0090809
16050,2.0100963
16051,2.0100963
16052,2.0101219
16053,2.0107068
16054,2.0110113
16055,2.0113098
16056,2.01146
16057,2.0128124
16058,2.0133138
16059,2.0137108
16060,2.0137405
16061,2.0140067
16062,2.014123
16063,2.0143829
16064,2.0143829
16065,2.0148539
16066,2.0148616
16067,2.0148616
16068,2.0151137
16069,2.0157151
16070,2.0162357
16071,2.0171506
16072,2.0177037
16073,2.0182442
16074,2.018825
16075,2.0198483
16076,2.0204959
16077,2.0214794
16078,2.0223549
16079,2.0239062
16080,2.0240505
16081,2.0251766
16082,2.0261628
16083,2.0268594
16084,2.0274238
16085,2.0280053
16086,2.0297007
16087,2.0309994
16088,2.0313609
16089,2.0319623
16090,2.032513
16091,2.0328149
16092,2.0338233
16093,2.0353988
16094,2.0358033
16095,2.0358742
16096,2.0366063
16097,2.0373979
16098,2.0381225
16099,2.0392656
16100,2.0402784
16101,2.0403634
16102,2.0417036
16103,2.04195
16104,2.0425166
16105,2.0426598
16106,2.0433908
16107,2.0437307
16108,2.0445815
16109,2.0453423
16110,2.0478346
16111,2.0487032
16112,2.0494183
16113,2.0502025
16114,2.0512524
16115,2.0520226
16116,2.0529799
16117,2.0546785
16118,2.0553425
16119,2.056239
16120,2.0573994
16121,2.0580305
16122,2.0588958
16123,2.0601636
16124,2.0607679
16125,2.0617878
16126,2.0621506
16127,2.0637246
16128,2.06556
16129,2.0673905
16130,2.0688791
16131,2.0696581
16132,2.0709344
16133,2.0723083
16134,2.0733872
16135,2.0741571
16136,2.0761417
16137,2.0779971
16138,2.0785362
16139,2.0807194
16140,2.0826625
16141,2.0845722
16142,2.0860305
16143,2.0876267
16144,2.0895906
16145,2.0911289
16146,2.0938915
16147,2.0944492
16148,2.0952327
16149,2.0969146
16150,2.0975732
16151,2.0986254
16152,2.1000448
16153,2.1011997
16154,2.1019889
16155,2.1029034
16156,2.1034652
16157,2.1051071
16158,2.1064801
16159,2.1076312
16160,2.1092997
16161,2.1106532
16162,2.1123967
16163,2.1138688
16164,2.1145467
16165,2.1153458
16166,2.1163512
16167,2.1167751
16168,2.1179192
16169,2.1193826
16170,2.1214455
16171,2.1236164
16172,2.1245478
16173,2.1250602
16174,2.1256311
16175,2.1261568
16176,2.1274965
16177,2.1288492
16178,2.12936
16179,2.1301756
16180,2.1312832
16181,2.1326021
16182,2.1348919
16183,2.1362699
16184,2.1371755
16185,2.13939
16186,2.1409545
16187,2.1417696
16188,2.1420641
16189,2.1440335
16190,2.1454576
16191,2.1462242
16192,2.1471613
16193,2.1476399
16194,2.1483704
16195,2.1499292
16196,2.1510012
16197,2.1516958
16198,2.1534186
16199,2.1542409
16200,2.1557194
16201,2.1575804
16202,2.1602541
16203,2.161241
16204,2.161795
16205,2.1624254
16206,2.1629593
16207,2.1638382
16208,2.1650389
16209,2.1662863
16210,2.167841
16211,2.1684418
16212,2.168699
16213,2.1692941
16214,2.1694031
16215,2.1698383
16216,2.1701554
16217,2.1702664
16218,2.1712217
16219,2.1730966
16220,2.1750361
16221,2.1756853
16222,2.1769039
16223,2.1778238
16224,2.1795001
16225,2.180756
16226,2.1821073
16227,2.1836763
16228,2.1857103
16229,2.1864495
16230,2.1869178
16231,2.1875758
16232,2.1887196
16233,2.191211
16234,2.1926287
16235,2.1943894
16236,2.1947235
16237,2.1953478
16238,2.1968553
16239,2.1978166
16240,2.1989483
16241,2.1999963
16242,2.2008688
16243,2.2022515
16244,2.2032665
16245,2.2047835
16246,2.2056169
16247,2.2065325
16248,2.2068776
16249,2.20799
16250,2.2089513
16251,2.2097946
16252,2.2111388
16253,2.2119209
16254,2.2136143
16255,2.214487
16256,2.2163606
16257,2.219653
16258,2.2217857
16259,2.2237146
16260,2.225311
16261,2.226932
16262,2.2281196
16263,2.2290065
16264,2.2300159
16265,2.2320188
16266,2.2327928
16267,2.2339128
16268,2.2347796
16269,2.2373219
16270,2.2383003
16271,2.2394701
16272,2.2411242
16273,2.2428182
16274,2.2437054
16275,2.2457016
16276,2.246497
16277,2.2467777
16278,2.2479682
16279,2.2486631
16280,2.2505486
16281,2.251935
16282,2.2531482
16283,2.2548833
16284,2.2563185
16285,2.2577212
16286,2.2587605
16287,2.2603606
16288,2.2612412
16289,2.2625709
16290,2.2630964
16291,2.2630964
16292,2.264302
16293,2.2660796
16294,2.2666514
16295,2.2672548
16296,2.2680408
16297,2.2689432
16298,2.2702254
16299,2.2713406
16300,2.2734425
16301,2.274976
16302,2.2768199
16303,2.2779808
16304,2.2792796
16305,2.2797371
16306,2.2808641
16307,2.2822677
16308,2.2833503
16309,2.2847986
16310,2.2850986
16311,2.2865734
16312,2.2875993
16313,2.2886556
16314,2.2889331
16315,2.2901531
16316,2.291629
16317,2.2925382
16318,2.2939976
16319,2.2957871
16320,2.2973943
16321,2.2985065
16322,2.3008893
16323,2.3015166
16324,2.3021514
16325,2.3028175
16326,2.3030412
16327,2.3033008
16328,2.304423
16329,2.3055073
16330,2.3078156
16331,2.3092374
16332,2.3100986
16333,2.3116023
16334,2.3127693
16335,2.3137625
16336,2.3172197
16337,2.3195806
16338,2.3219002
16339,2.3236801
16340,2.3241882
16341,2.326445
16342,2.3288219
16343,2.3304361
16344,2.3324201
16345,2.3333667
16346,2.3352303
16347,2.3358623
16348,2.336881
16349,2.3393991
16350,2.341133
16351,2.3434779
16352,2.3456416
16353,2.3492372
16354,2.3511544
16355,2.3533634
16356,2.3556866
16357,2.3572258
16358,2.3586876
16359,2.3599099
16360,2.3612578
16361,2.3618265
16362,2.3627437
16363,2.364451
16364,2.3664396
16365,2.3679858
16366,2.3699176
16367,2.3720131
16368,2.3746174
16369,2.3756623
16370,2.3764046
16371,2.3775831
16372,2.3782491
16373,2.3792107
16374,2.3807704
16375,2.382023
16376,2.3833629
16377,2.3846551
16378,2.3869199
16379,2.3876112
16380,2.3879501
16381,2.3884345
16382,2.3887163
16383,2.3899065
16384,2.3916302
16385,2.3930525
16386,2.3934921
16387,2.3943059
16388,2.3954533
16389,2.3954533
16390,2.3960566
16391,2.3977356
16392,2.3981172
16393,2.3987626
16394,2.4006421
16395,2.4021036
16396,2.4036978
16397,2.4042915
16398,2.4050829
16399,2.4055167
16400,2.4058098
16401,2.4058098
16402,2.4077447
16403,2.4089172
16404,2.4101186
16405,2.4110241
16406,2.413084
16407,2.4131291
16408,2.4136418
16409,2.4153202
16410,2.4169405
16411,2.4189594
16412,2.4201609
16413,2.421095
16414,2.4225907
16415,2.4248552
16416,2.4262555
16417,2.4273273
16418,2.4287434
16419,2.4303927
16420,2.4312118
16421,2.4312183
16422,2.4314791
16423,2.4316226
16424,2.4332331
16425,2.4341388
16426,2.4356115
16427,2.4370258
16428,2.4380712
16429,2.4388244
16430,2.4390461
16431,2.4392349
16432,2.4401435
16433,2.4404626
16434,2.4408988
16435,2.4418515
16436,2.4431029
16437,2.4438571
16438,2.445647
16439,2.4458497
16440,2.4459444
16441,2.4463568
16442,2.4475285
16443,2.4491505
16444,2.4504624
16445,2.4513702
16446,2.4521052
16447,2.4525579
16448,2.4533143
16449,2.4534349
16450,2.4538132
16451,2.4551464
16452,2.455655
16453,2.4571414
16454,2.4580145
16455,2.4584084
16456,2.4584252
16457,2.4584252
16458,2.4584252
16459,2.4584568
16460,2.4586931
16461,2.4597113
16462,2.4608241
16463,2.4618288
16464,2.4631433
16465,2.4635569
16466,2.4646139
16467,2.4653657
16468,2.4666291
16469,2.4675468
16470,2.4686581
16471,2.4690675
16472,2.4693704
16473,2.4693704
16474,2.4693704
16475,2.4697074
16476,2.4701866
16477,2.4706074
16478,2.4715026
16479,2.4717318
16480,2.4719937
16481,2.4721032
16482,2.4728769
16483,2.473452
16484,2.4738957
16485,2.4744576
16486,2.4748565
16487,2.4750712
16488,2.4751
16489,2.4751396
16490,2.475547
16491,2.4761843
16492,2.4764215
16493,2.4768827
16494,2.4771303
16495,2.4777563
16496,2.4781798
16497,2.4787765
16498,2.4787765
16499,2.4790091
16500,2.4790345
16501,2.4798066
16502,2.4813342
16503,2.4819027
16504,2.4830092
16505,2.4833233
16506,2.4839946
16507,2.4843849
16508,2.4845757
16509,2.4848618
16510,2.4851015
16511,2.4851781
16512,2.4853594
16513,2.4853594
16514,2.4856326
16515,2.4862155
16516,2.4864037
16517,2.4867921
16518,2.4869004
16519,2.4869004
16520,2.4872161
16521,2.4877313
16522,2.4881848
16523,2.4884217
16524,2.4884217
16525,2.4884405
16526,2.4895991
16527,2.4899188
16528,2.4904023
16529,2.4912083
16530,2.4917226
16531,2.4920797
16532,2.4924042
16533,2.4928389
16534,2.4931235
16535,2.4934526
16536,2.4941014
16537,2.4951338
16538,2.4951338
16539,2.4953954
16540,2.4960904
16541,2.4966474
16542,2.4970148
16543,2.4975306
16544,2.4986354
16545,2.4989963
16546,2.5000526
16547,2.5005255
16548,2.5017872
16549,2.5019541
16550,2.5020241
16551,2.5020241
16552,2.5021727
16553,2.5022021
16554,2.5026406
16555,2.5032907
16556,2.503477
16557,2.5035727
16558,2.5035727
16559,2.5036659
16560,2.5036801
16561,2.5037115
16562,2.5039627
16563,2.5044921
16564,2.5045657
16565,2.5053317
16566,2.5054155
16567,2.5059779
16568,2.5062598
16569,2.5066619
16570,2.5066793
16571,2.5067828
16572,2.5067828
16573,2.507085
16574,2.5071468
16575,2.5073689
16576,2.5079696
16577,2.5087998
16578,2.5089758
16579,2.5091872
16580,2.5098132
16581,2.5100998
16582,2.5100998
16583,2.5100998
16584,2.5101288
16585,2.5101288
16586,2.5101288
16587,2.5101288
16588,2.5104616
16589,2.5105424
16590,2.5105424
16591,2.5105424
16592,2.5105561
16593,2.510695
16594,2.5111218
16595,2.5111218
16596,2.511673
16597,2.511673
16598,2.5116951
16599,2.5118446
16600,2.5118446
16601,2.5118446
16602,2.5118446
16603,2.5118604
16604,2.5119109
16605,2.5119109
16606,2.5119109
16607,2.5120932
16608,2.5123085
16609,2.5123202
16610,2.5123277
16611,2.5125471
16612,2.5125471
16613,2.5125471
16614,2.5125471
16615,2.5129274
16616,2.5131673
16617,2.5133078
16618,2.5133078
16619,2.5133078
16620,2.5133771
16621,2.5134984
16622,2.5136127
16623,2.5138715
16624,2.5138914
16625,2.5141201
16626,2.5143132
16627,2.5144444
16628,2.5144444
16629,2.5144444
16630,2.5148235
16631,2.5150626
16632,2.5152524
16633,2.5152717
16634,2.5155303
16635,2.5155303
16636,2.5155303
16637,2.5155303
16638,2.5155303
16639,2.5155644
16640,2.5157407
16641,2.516058
16642,2.5160666
16643,2.5162781
16644,2.5162781
16645,2.5162781
16646,2.5167907
16647,2.5172149
16648,2.5172288
16649,2.5172288
16650,2.5172288
16651,2.5173096
16652,2.5175094
16653,2.5175502
16654,2.517882
16655,2.5179195
16656,2.5181957
16657,2.5183753
16658,2.5183753
16659,2.518491
16660,2.5187009
16661,2.5191013
16662,2.5197115
16663,2.5202382
16664,2.5206794
16665,2.5213624
16666,2.5214612
16667,2.5216634
16668,2.5218233
16669,2.5219592
16670,2.5219592
16671,2.5219592
16672,2.5219592
16673,2.5225033
16674,2.5231535
16675,2.5234506
16676,2.5238934
16677,2.5242531
16678,2.5242556
16679,2.5242556
16680,2.5243682
16681,2.5244353
16682,2.5245403
16683,2.5250371
16684,2.5250784
16685,2.5251078
16686,2.5252961
16687,2.5252961
16688,2.5253168
16689,2.5255304
16690,2.5258621
16691,2.5259236
16692,2.5262599
16693,2.5265027
16694,2.526622
16695,2.5267046
16696,2.5267883
16697,2.5270767
16698,2.5272478
16699,2.5272531
16700,2.5274471
16701,2.5279178
16702,2.5280005
16703,2.5282497
16704,2.5282679
16705,2.5284534
16706,2.5285088
16707,2.5285088
16708,2.528621
16709,2.5289331
16710,2.5291432
16711,2.5292241
16712,2.5292764
16713,2.5294329
16714,2.5298626
16715,2.5299525
16716,2.5301364
16717,2.5302531
16718,2.5302531
16719,2.5302932
16720,2.5305662
16721,2.5307379
16722,2.5308565
16723,2.531041
16724,2.5310537
16725,2.5312095
16726,2.5316186
16727,2.5317146
16728,2.5318711
16729,2.5320139
16730,2.5322804
16731,2.532379
16732,2.5323871
16733,2.5324368
16734,2.532554
16735,2.5325949
16736,2.5326606
16737,2.5327976
16738,2.5329501
16739,2.5330797
16740,2.5335115
16741,2.5337828
16742,2.5340825
16743,2.5342673
16744,2.5343993
16745,2.534726
16746,2.5347501
16747,2.5349547
16748,2.5350309
16749,2.5352249
16750,2.5353616
16751,2.5357575
16752,2.5360316
16753,2.5361964
16754,2.5362816
16755,2.5366859
16756,2.5369914
16757,2.5373316
16758,2.537548
16759,2.5384797
16760,2.5386021
16761,2.5390946
16762,2.5391909
16763,2.539335
16764,2.5395681
16765,2.5400571
16766,2.5403879
16767,2.5405501
16768,2.5407728
16769,2.5409724
16770,2.5411948
16771,2.5415604
16772,2.541651
16773,2.5421053
16774,2.5422228
16775,2.5424559
16776,2.5427106
16777,2.5429522
16778,2.5430844
16779,2.5433823
16780,2.5435593
16781,2.5438953
16782,2.5449922
16783,2.5453031
16784,2.5455278
16785,2.5459899
16786,2.5462635
16787,2.5465556
16788,2.5468169
16789,2.5470161
16790,2.5471275
16791,2.5473152
16792,2.5477786
16793,2.5479316
16794,2.5480551
16795,2.5484072
16796,2.5490983
16797,2.5496683
16798,2.5499641
16799,2.5501652
16800,2.5502146
16801,2.5505026
16802,2.5510309
16803,2.5514602
16804,2.5518273
16805,2.5520283
16806,2.5522292
16807,2.5525186
16808,2.5526594
16809,2.5529228
16810,2.5532095
16811,2.5533806
16812,2.5535857
16813,2.5537694
16814,2.5539697
16815,2.5541542
16816,2.5544135
16817,2.5549489
16818,2.5550584
16819,2.5552171
16820,2.5553607
16821,2.5555478
16822,2.5559488
16823,2.5562251
16824,2.5564975
16825,2.5565229
16826,2.5569167
16827,2.5573896
16828,2.5573896
16829,2.5577558
16830,2.5581359
16831,2.5584675
16832,2.5589338
16833,2.5595714
16834,2.5597466
16835,2.5599444
16836,2.5600832
16837,2.5602104
16838,2.560504
16839,2.5609321
16840,2.5613612
16841,2.5619195
16842,2.5624756
16843,2.5630301
16844,2.5631256
16845,2.5634371
16846,2.5634681
16847,2.5638781
16848,2.5642546
16849,2.5642546
16850,2.5643958
16851,2.5648194
16852,2.5652947
16853,2.5656043
16854,2.5660535
16855,2.5662913
16856,2.5665255
16857,2.5672444
16858,2.5675266
16859,2.5678145
16860,2.5680524
16861,2.5683238
16862,2.5685919
16863,2.5689525
16864,2.5693417
16865,2.569762
16866,2.5701469
16867,2.5705059
16868,2.5711769
16869,2.5718222
16870,2.5719777
16871,2.572166
16872,2.5724197
16873,2.5729331
16874,2.5734056
16875,2.5736042
16876,2.5739846
16877,2.574212
16878,2.5748557
16879,2.5751896
16880,2.5755611
16881,2.5757477
16882,2.5763313
16883,2.5767682
16884,2.5770251
16885,2.5774342
16886,2.5777902
16887,2.5780758
16888,2.5784716
16889,2.578722
16890,2.5789295
16891,2.5792803
16892,2.5797354
16893,2.580002
16894,2.5803388
16895,2.5806042
16896,2.580847
16897,2.5812528
16898,2.5814817
16899,2.5816753
16900,2.5817718
16901,2.582043
16902,2.5822756
16903,2.5828327
16904,2.5837196
16905,2.5843625
16906,2.5848426
16907,2.5852671
16908,2.585603
16909,2.5859105
16910,2.586136
16911,2.5862743
16912,2.5865244
16913,2.5866764
16914,2.5872858
16915,2.5876311
16916,2.5883642
16917,2.5885543
16918,2.5888259
16919,2.5892908
16920,2.5893431
16921,2.5896868
16922,2.5900619
16923,2.590331
16924,2.5907005
16925,2.5911355
16926,2.5917085
16927,2.5925776
16928,2.5927815
16929,2.5930861
16930,2.5932206
16931,2.5934507
16932,2.5936853
16933,2.5939473
16934,2.5942302
16935,2.5944409
16936,2.5946437
16937,2.5947993
16938,2.5949328
16939,2.5952525
16940,2.5957537
16941,2.5961069
16942,2.5965146
16943,2.5968148
16944,2.5973061
16945,2.5976937
16946,2.5979592
16947,2.5979592
16948,2.598347
16949,2.5985271
16950,2.5986707
16951,2.5991393
16952,2.5996528
16953,2.5998988
16954,2.6001334
16955,2.6005884
16956,2.6011292
16957,2.6019048
16958,2.6025831
16959,2.6031963
16960,2.6036059
16961,2.6038701
16962,2.6045783
16963,2.6048196
16964,2.6049965
16965,2.6052068
16966,2.6053797
16967,2.6056374
16968,2.6059062
16969,2.6061142
16970,2.6063103
16971,2.6066884
16972,2.6070309
16973,2.60744
16974,2.6077183
16975,2.6080804
16976,2.6082546
16977,2.6084485
16978,2.6085769
16979,2.6087202
16980,2.6089329
16981,2.6089329
16982,2.6091862
16983,2.6093741
16984,2.6096748
16985,2.6098757
16986,2.6101883
16987,2.6109482
16988,2.6111286
16989,2.6114798
16990,2.6116132
16991,2.6116132
16992,2.6116662
16993,2.6117691
16994,2.6119143
16995,2.6121408
16996,2.6122317
16997,2.6122335
16998,2.6122982
16999,2.6123418
17000,2.6125329
17001,2.6126166
17002,2.6126838
17003,2.6127777
17004,2.6128612
17005,2.613027
17006,2.6134036
17007,2.6137136
17008,2.6139726
17009,2.6143994
17010,2.6146241
17011,2.6148841
17012,2.6150024
17013,2.615141
17014,2.6151626
17015,2.6152545
17016,2.6153513
17017,2.6154926
17018,2.6156749
17019,2.6159659
17020,2.6159867
17021,2.6160902
17022,2.6162798
17023,2.6164866
17024,2.6166576
17025,2.616712
17026,2.6168022
17027,2.6170595
17028,2.6172743
17029,2.6175363
17030,2.6176947
17031,2.6179408
17032,2.6180116
17033,2.6181367
17034,2.6182348
17035,2.6183456
17036,2.6185596
17037,2.6189231
17038,2.6189425
17039,2.6192221
17040,2.6194093
17041,2.6195733
17042,2.6197112
17043,2.6197437
17044,2.6197667
17045,2.6198422
17046,2.6200522
17047,2.6202096
17048,2.6203189
17049,2.6203216
17050,2.6203543
17051,2.6205153
17052,2.6208116
17053,2.6208667
17054,2.6208702
17055,2.6209415
17056,2.6210302
17057,2.6212763
17058,2.6214165
17059,2.6214175
17060,2.6214175
17061,2.6214363
17062,2.6218026
17063,2.6219012
17064,2.6219285
17065,2.6223491
17066,2.6229071
17067,2.6229592
17068,2.6229592
17069,2.6229607
17070,2.6230525
17071,2.6230555
17072,2.6230555
17073,2.6232146
17074,2.6235502
17075,2.6237415
17076,2.6238699
17077,2.6240701
17078,2.6240701
17079,2.6240701
17080,2.6244338
17081,2.6247051
17082,2.6248572
17083,2.624906
17084,2.6251369
17085,2.6251518
17086,2.6252268
17087,2.6252268
17088,2.6256462
17089,2.6259683
17090,2.6262882
17091,2.6265146
17092,2.6266563
17093,2.6266563
17094,2.626856
17095,2.6269196
17096,2.6269196
17097,2.6271875
17098,2.6275666
17099,2.6278293
17100,2.6280984
17101,2.6283395
17102,2.6283395
17103,2.6283395
17104,2.6283395
17105,2.6283395
17106,2.6283658
17107,2.6283658
17108,2.6285253
17109,2.6286478
17110,2.6286478
17111,2.6287815
17112,2.628847
17113,2.6291584
17114,2.6293282
17115,2.6293282
17116,2.6296174
17117,2.6296174
17118,2.6296174
17119,2.6296329
17120,2.6297212
17121,2.6298126
17122,2.6298126
17123,2.6298126
17124,2.6298126
17125,2.6309487
17126,2.6312342
17127,2.6315145
17128,2.6315145
17129,2.6315331
17130,2.6315331
17131,2.6315331
17132,2.6318989
17133,2.6318989
17134,2.6321632
17135,2.6325013
17136,2.6330382
17137,2.6330382
17138,2.6332652
17139,2.6334879
17140,2.6334879
17141,2.6334879
17142,2.6334879
17143,2.6334879
17144,2.6334879
17145,2.6334879
17146,2.6334981
17147,2.6334981
17148,2.6339648
17149,2.6350283
17150,2.6350283
17151,2.6350283
17152,2.6350283
17153,2.6350283
17154,2.6351883
17155,2.6353106
17156,2.6353273
17157,2.6353273
17158,2.6353273
17159,2.6355464
17160,2.6359346
17161,2.636321
17162,2.6363287
17163,2.6363287
17164,2.6367857
17165,2.6367857
17166,2.6367857
17167,2.6371706
17168,2.6376169
17169,2.637827
17170,2.637827
17171,2.637827
17172,2.637827
17173,2.6379451
17174,2.6379451
17175,2.6383985
17176,2.6390774
17177,2.6396422
17178,2.6399355
17179,2.6401006
17180,2.6403996
17181,2.6405399
17182,2.6405933
17183,2.6409225
17184,2.6413442
17185,2.6423795
17186,2.6432689
17187,2.6440775
17188,2.6449844
17189,2.6451008
17190,2.6455747
17191,2.6455747
17192,2.6455747
17193,2.6455747
17194,2.646042
17195,2.646042
17196,2.6461456
17197,2.646479
17198,2.6465375
17199,2.6466053
17200,2.6468281
17201,2.6468281
17202,2.64709
17203,2.647445
17204,2.6475197
17205,2.6475861
17206,2.6478406
17207,2.6478406
17208,2.6478406
17209,2.6484502
17210,2.6484502
17211,2.6485957
17212,2.6490394
17213,2.6490402
17214,2.6491747
17215,2.6491747
17216,2.6493456
17217,2.6493456
17218,2.6496146
17219,2.6496146
17220,2.6498755
17221,2.6502642
17222,2.6508216
17223,2.6512087
17224,2.6512605
17225,2.6512605
17226,2.6512605
17227,2.6512605
17228,2.6512605
17229,2.6512605
17230,2.6512605
17231,2.6512605
17232,2.6512605
17233,2.6512605
17234,2.6512605
17235,2.6512762
17236,2.6515403
17237,2.6517674
17238,2.6517674
17239,2.6517674
17240,2.6517674
17241,2.6517674
17242,2.6518414
17243,2.6518414
17244,2.6520247
17245,2.6524097
17246,2.6524097
17247,2.6524097
17248,2.6526908
17249,2.65299
17250,2.6534751
17251,2.6534751
17252,2.6535094
17253,2.6549903
17254,2.6549903
17255,2.6550566
17256,2.6551236
17257,2.6557981
17258,2.65583
17259,2.65583
17260,2.6563899
17261,2.6567337
17262,2.6568283
17263,2.656974
17264,2.6575835
17265,2.6578934
17266,2.6578934
17267,2.6580876
17268,2.6583095
17269,2.6583095
17270,2.6587216
17271,2.6587216
17272,2.6587216
17273,2.6587216
17274,2.6592987
17275,2.6593943
17276,2.6600537
17277,2.6602272
17278,2.6606867
17279,2.6606867
17280,2.6609246
17281,2.6609246
17282,2.6611523
17283,2.6611523
17284,2.6612869
17285,2.6615837
17286,2.6619068
17287,2.6623978
17288,2.662498
17289,2.6633893
17290,2.6636575
17291,2.6639668
17292,2.6642588
17293,2.6644562
17294,2.6650368
17295,2.665179
17296,2.6660502
17297,2.6661845
17298,2.6667718
17299,2.6670657
17300,2.667132
17301,2.6675632
17302,2.6679764
17303,2.6679764
17304,2.6679764
17305,2.6686608
17306,2.6686608
17307,2.6686608
17308,2.6692959
17309,2.6692959
17310,2.6692959
17311,2.6698127
17312,2.670013
17313,2.670013
17314,2.6706993
17315,2.6716215
17316,2.6720412
17317,2.6720412
17318,2.6720412
17319,2.6720412
17320,2.6720412
17321,2.6720412
17322,2.6733031
17323,2.6738023
17324,2.6741693
17325,2.6741693
17326,2.6741693
17327,2.6741693
17328,2.6741693
17329,2.6741693
17330,2.6741693
17331,2.6741693
17332,2.6741693
17333,2.6744525
17334,2.675314
17335,2.675924
17336,2.676202
17337,2.676202
17338,2.676744
17339,2.676744
17340,2.6769084
17341,2.677192
17342,2.6778541
17343,2.6778541
17344,2.6778541
17345,2.6782865
17346,2.6784381
17347,2.6784381
17348,2.6784381
17349,2.6784381
17350,2.6786327
17351,2.6786327
17352,2.6786327
17353,2.6786327
17354,2.6786327
17355,2.6786327
17356,2.6786327
17357,2.6786754
17358,2.6788534
17359,2.6790849
17360,2.6791031
17361,2.6791031
17362,2.6791031
17363,2.6794363
17364,2.6802341
17365,2.6806011
17366,2.6807726
17367,2.6808887
17368,2.681269
17369,2.6819221
17370,2.6819221
17371,2.6819221
17372,2.6821712
17373,2.6824017
17374,2.6824017
17375,2.6824017
17376,2.6832065
17377,2.68434
17378,2.6850194
17379,2.6857865
17380,2.6869156
17381,2.6875627
17382,2.6881618
17383,2.6888162
17384,2.6889603
17385,2.689496
17386,2.6902388
17387,2.6907583
17388,2.6909581
17389,2.6911171
17390,2.6911171
17391,2.6911171
17392,2.6911171
17393,2.6913965
17394,2.6923701
17395,2.6923892
17396,2.6923892
17397,2.6925796
17398,2.6925796
17399,2.6930258
17400,2.6930258
17401,2.6932176
17402,2.6940991
17403,2.6947394
17404,2.6947876
17405,2.6947876
17406,2.6949996
17407,2.6952272
17408,2.6962411
17409,2.6967911
17410,2.6970072
17411,2.6977601
17412,2.6981233
17413,2.6985906
17414,2.6987623
17415,2.6987623
17416,2.6987623
17417,2.6987623
17418,2.6988061
17419,2.6988061
17420,2.6989398
17421,2.6992062
17422,2.699231
17423,2.699231
17424,2.6993106
17425,2.6996073
17426,2.6996073
17427,2.6997977
17428,2.7000538
17429,2.700321
17430,2.700321
17431,2.700321
17432,2.7004171
17433,2.7004171
17434,2.7004171
17435,2.7004171
17436,2.7004171
17437,2.7004171
17438,2.7004171
17439,2.7007631
17440,2.700786
17441,2.7016045
17442,2.7018008
17443,2.7018008
17444,2.702057
17445,2.7024674
17446,2.7029135
17447,2.7029135
17448,2.703028
17449,2.703028
17450,2.703028
17451,2.703028
17452,2.703083
17453,2.7032877
17454,2.7037182
17455,2.7043207
17456,2.7044676
17457,2.7045929
17458,2.7050731
17459,2.7058521
17460,2.7063748
17461,2.7064543
17462,2.7064543
17463,2.7064543
17464,2.7064543
17465,2.7064543
17466,2.706991
17467,2.7070325
17468,2.7070325
17469,2.7070325
17470,2.7070569
17471,2.7070569
17472,2.7070569
17473,2.7072267
17474,2.7072267
17475,2.707593
17476,2.7081934
17477,2.7081934
17478,2.7081934
17479,2.7081934
17480,2.7087062
17481,2.7089115
17482,2.7089223
17483,2.7092509
17484,2.7097335
17485,2.7099749
17486,2.7100639
17487,2.7100639
17488,2.7103925
17489,2.7104219
17490,2.7106372
17491,2.711918
17492,2.7120615
17493,2.7122368
17494,2.712891
17495,2.712891
17496,2.713156
17497,2.7134516
17498,2.7140204
17499,2.714044
17500,2.7145176
17501,2.7148457
17502,2.7151415
17503,2.7158881
17504,2.7165026
17505,2.7165026
17506,2.7165026
17507,2.716772
17508,2.7171018
17509,2.7173022
17510,2.7173083
17511,2.7180714
17512,2.7181097
17513,2.7181392
17514,2.7182522
17515,2.7185659
17516,2.7187582
17517,2.7190701
17518,2.7190701
17519,2.7190701
17520,2.7190701
17521,2.7191698
17522,2.7192977
17523,2.7193764
17524,2.7202711
17525,2.7205522
17526,2.7212331
17527,2.7215374
17528,2.7216642
17529,2.7217745
17530,2.7221979
17531,2.7229306
17532,2.7233511
17533,2.7243022
17534,2.7244181
17535,2.7249184
17536,2.7258464
17537,2.7272704
17538,2.7284136
17539,2.7298491
17540,2.7307465
17541,2.7312947
17542,2.7324503
17543,2.7332771
17544,2.7338331
17545,2.734037
17546,2.7342595
17547,2.7342595
17548,2.7342997
17549,2.7342997
17550,2.7345653
17551,2.7354672
17552,2.736059
17553,2.7367964
17554,2.7370258
17555,2.7371959
17556,2.7372268
17557,2.7373754
17558,2.737582
17559,2.7379049
17560,2.7379049
17561,2.7379049
17562,2.7380594
17563,2.7380594
17564,2.738109
17565,2.738109
17566,2.7383404
17567,2.7383404
17568,2.7385848
17569,2.7391197
17570,2.7399501
17571,2.7404037
17572,2.7409519
17573,2.7415315
17574,2.741742
17575,2.742003
17576,2.7421419
17577,2.7422674
17578,2.7427623
17579,2.7431352
17580,2.7437121
17581,2.7437121
17582,2.7449407
17583,2.7457871
17584,2.7457871
17585,2.7460971
17586,2.7463094
17587,2.7469205
17588,2.7477448
17589,2.7478498
17590,2.7478498
17591,2.7482778
17592,2.7483481
17593,2.7483481
17594,2.7484041
17595,2.7484041
17596,2.7484041
17597,2.7486273
17598,2.7492114
17599,2.7493602
17600,2.7493808
17601,2.7500682
17602,2.7509049
17603,2.7511159
17604,2.7513548
17605,2.7514768
17606,2.7516186
17607,2.7520307
17608,2.7521644
17609,2.7526708
17610,2.7528304
17611,2.7530891
17612,2.753373
17613,2.753824
17614,2.7543916
17615,2.7547444
17616,2.754893
17617,2.7550462
17618,2.7550462
17619,2.7558938
17620,2.7561859
17621,2.7570654
17622,2.7574261
17623,2.7576991
17624,2.7581068
17625,2.7586872
17626,2.7597179
17627,2.7600497
17628,2.7607005
17629,2.7614257
17630,2.7626631
17631,2.7637052
17632,2.7642495
17633,2.7647308
17634,2.7653113
17635,2.7655952
17636,2.7656552
17637,2.7664846
17638,2.7672047
17639,2.7677948
17640,2.7683606
17641,2.7684607
17642,2.7686724
17643,2.7686724
17644,2.7686724
17645,2.7687466
17646,2.7689328
17647,2.7689328
17648,2.7692192
17649,2.7693302
17650,2.7695017
17651,2.7695017
17652,2.7695683
17653,2.7695683
17654,2.7701673
17655,2.770454
17656,2.7707758
17657,2.7710839
17658,2.7716945
17659,2.7736413
17660,2.7740711
17661,2.7743456
17662,2.775081
17663,2.7754045
17664,2.7760593
17665,2.7766407
17666,2.7767198
17667,2.7769766
17668,2.7770157
17669,2.7770157
17670,2.777263
17671,2.7779069
17672,2.7783147
17673,2.7783147
17674,2.7785293
17675,2.7792941
17676,2.7792959
17677,2.7793913
17678,2.7794669
17679,2.779675
17680,2.7796927
17681,2.7800658
17682,2.780199
17683,2.780199
17684,2.7808475
17685,2.782226
17686,2.782563
17687,2.7830978
17688,2.7838395
17689,2.7841611
17690,2.7846394
17691,2.785359
17692,2.7858403
17693,2.7863857
17694,2.7867818
17695,2.7869837
17696,2.7874664
17697,2.7880069
17698,2.7885225
17699,2.7885225
17700,2.7886945
17701,2.7888664
17702,2.7890688
17703,2.789457
17704,2.7901853
17705,2.7914148
17706,2.7920418
17707,2.792193
17708,2.7923643
17709,2.7923643
17710,2.7924279
17711,2.7924279
17712,2.7924318
17713,2.7924318
17714,2.7924318
17715,2.7924318
17716,2.7924318
17717,2.7925303
17718,2.7926255
17719,2.7926998
17720,2.7929123
17721,2.7929123
17722,2.7929123
17723,2.7929123
17724,2.7929123
17725,2.7929123
17726,2.7929719
17727,2.7929719
17728,2.7930307
17729,2.7930307
17730,2.7930307
17731,2.7930307
17732,2.7930307
17733,2.7930307
17734,2.7930307
17735,2.7930307
17736,2.7930307
17737,2.7930552
17738,2.7930552
17739,2.7930552
17740,2.7930552
17741,2.7930552
17742,2.7930552
17743,2.7930552
17744,2.7930552
17745,2.7930552
17746,2.7930552
17747,2.7930552
17748,2.7930552
17749,2.7930552
17750,2.7930552
17751,2.7930595
17752,2.7930595
17753,2.7930595
17754,2.793082
17755,2.793082
17756,2.793082
17757,2.793082
17758,2.793082
17759,2.7939355
17760,2.7940338
17761,2.794235
17762,2.794235
17763,2.794235
17764,2.794235
17765,2.794235
17766,2.7942696
17767,2.7944557
17768,2.7949916
17769,2.7955017
17770,2.7957042
17771,2.7957042
17772,2.7957042
17773,2.7957042
17774,2.7959611
17775,2.7959611
17776,2.7960065
17777,2.7967426
17778,2.7967426
17779,2.7967426
17780,2.7967426
17781,2.7967426
17782,2.7967426
17783,2.7967426
17784,2.7967426
17785,2.7967426
17786,2.7967426
17787,2.7967426
17788,2.7967426
17789,2.7967426
17790,2.7967426
17791,2.7967426
17792,2.7971843
17793,2.7971843
17794,2.7975245
17795,2.7975245
17796,2.7975245
17797,2.7975245
17798,2.7975245
17799,2.7975245
17800,2.7976875
17801,2.7976875
17802,2.7976875
17803,2.7976875
17804,2.7981215
17805,2.7982144
17806,2.7984154
17807,2.79906
17808,2.79906
17809,2.79906
17810,2.79906
17811,2.79906
17812,2.79906
17813,2.79906
17814,2.79906
17815,2.7992464
17816,2.7993356
17817,2.7993356
17818,2.7997079
17819,2.7998612
17820,2.8003743
17821,2.8006625
17822,2.8009201
17823,2.8009201
17824,2.8009533
17825,2.8011174
17826,2.8017041
17827,2.8018942
17828,2.8018942
17829,2.8018942
17830,2.8018942
17831,2.8018942
17832,2.8026006
17833,2.8030394
17834,2.8037366
17835,2.8038373
17836,2.8044364
17837,2.8046135
17838,2.8062728
17839,2.8071474
17840,2.8082131
17841,2.8094327
17842,2.8110131
17843,2.812252
17844,2.8127147
17845,2.8127147
17846,2.8135791
17847,2.8143111
17848,2.8152313
17849,2.8153613
17850,2.8171766
17851,2.8188487
17852,2.8188487
17853,2.8199554
17854,2.8210498
17855,2.8222773
17856,2.8227955
17857,2.8234053
17858,2.8239479
17859,2.8253604
17860,2.8262097
17861,2.8262743
17862,2.8271622
17863,2.8279169
17864,2.8285585
17865,2.8294285
17866,2.8294285
17867,2.8305582
17868,2.8310271
17869,2.8313594
17870,2.8322135
17871,2.8329009
17872,2.8342125
17873,2.8342125
17874,2.8351453
17875,2.8360271
17876,2.8376418
17877,2.8383365
17878,2.8386384
17879,2.8388996
17880,2.8393357
17881,2.8397674
17882,2.8402699
17883,2.8405909
17884,2.8410382
17885,2.8412283
17886,2.8412283
17887,2.8412728
17888,2.8414751
17889,2.842387
17890,2.8432221
17891,2.8440194
17892,2.8453913
17893,2.8466297
17894,2.8472129
17895,2.8473483
17896,2.8478882
17897,2.8478882
17898,2.8478882
17899,2.8478882
17900,2.8480364
17901,2.8482051
17902,2.8485762
17903,2.8491883
17904,2.8496894
17905,2.8509193
17906,2.8516697
17907,2.8520916
17908,2.8522488
17909,2.852885
17910,2.852885
17911,2.8534636
17912,2.8540621
17913,2.8549407
17914,2.8558478
17915,2.8566362
17916,2.8571712
17917,2.857576
17918,2.8577943
17919,2.8577943
17920,2.8579758
17921,2.8580333
17922,2.8580333
17923,2.8582437
17924,2.8591337
17925,2.8598869
17926,2.8608335
17927,2.8617425
17928,2.8626751
17929,2.8639576
17930,2.8641299
17931,2.8654869
17932,2.867275
17933,2.8674464
17934,2.8687576
17935,2.870409
17936,2.8718873
17937,2.8731467
17938,2.8743013
17939,2.875113
17940,2.8755245
17941,2.8758293
17942,2.876633
17943,2.8779107
17944,2.8793114
17945,2.8801013
17946,2.8806912
17947,2.8816365
17948,2.8817019
17949,2.8821046
17950,2.8830591
17951,2.8837461
17952,2.8846608
17953,2.8853138
17954,2.8861898
17955,2.8864208
17956,2.8869712
17957,2.8882434
17958,2.8891303
17959,2.8894807
17960,2.8896188
17961,2.8906052
17962,2.8919343
17963,2.8921616
17964,2.8933951
17965,2.8946341
17966,2.8956226
17967,2.8963274
17968,2.8976832
17969,2.8976832
17970,2.8984091
17971,2.8992338
17972,2.9008987
17973,2.9008987
17974,2.9008987
17975,2.9008987
17976,2.9014192
17977,2.9019994
17978,2.9033048
17979,2.9034515
17980,2.9038987
17981,2.905124
17982,2.9052541
17983,2.9056327
17984,2.9065149
17985,2.9076795
17986,2.9081038
17987,2.9086979
17988,2.9091879
17989,2.9091879
17990,2.9091879
17991,2.9097291
17992,2.9097729
17993,2.9105717
17994,2.9105717
17995,2.9108724
17996,2.9112697
17997,2.9113568
17998,2.9118015
17999,2.9120538
18000,2.9128466
18001,2.9128466
18002,2.9134684
18003,2.914674
18004,2.9153187
18005,2.9153187
18006,2.9159807
18007,2.9159807
18008,2.9159807
18009,2.9159807
18010,2.9159807
18011,2.9160145
18012,2.916329
18013,2.9170615
18014,2.9173659
18015,2.9175709
18016,2.9178078
18017,2.9178629
18018,2.9186681
18019,2.9190118
18020,2.9190118
18021,2.9190118
18022,2.9191031
18023,2.9199881
18024,2.9209599
18025,2.9215328
18026,2.9225972
18027,2.9227877
18028,2.9232919
18029,2.9234102
18030,2.9246712
18031,2.9255173
18032,2.9259911
18033,2.9268762
18034,2.9275088
18035,2.9277711
18036,2.9283695
18037,2.9287813
18038,2.9298198
18039,2.9306707
18040,2.9313139
18041,2.9322801
18042,2.9330062
18043,2.9330062
18044,2.9335265
18045,2.9344671
18046,2.9350585
18047,2.9358846
18048,2.9369648
18049,2.9375489
18050,2.9378006
18051,2.9381149
18052,2.9384434
18053,2.9392788
18054,2.9395332
18055,2.9406761
18056,2.9427083
18057,2.9438917
18058,2.9451603
18059,2.9465353
18060,2.9478384
18061,2.9489223
18062,2.9501173
18063,2.9510462
18064,2.9516732
18065,2.9522009
18066,2.9524415
18067,2.9531032
18068,2.9542011
18069,2.955499
18070,2.9563477
18071,2.9577037
18072,2.958727
18073,2.9602891
18074,2.961652
18075,2.9636941
18076,2.9653564
18077,2.9677621
18078,2.9684319
18079,2.9699266
18080,2.9709432
18081,2.9721632
18082,2.9731497
18083,2.9741657
18084,2.9754284
18085,2.9772458
18086,2.9789566
18087,2.9804277
18088,2.98118
18089,2.9827278
18090,2.9839729
18091,2.9861453
18092,2.9872735
18093,2.9882106
18094,2.9890489
18095,2.9910036
18096,2.9933855
18097,2.9954935
18098,2.9974898
18099,2.9995214
18100,3.0015939
18101,3.0028953
18102,3.0051308
18103,3.0065084
18104,3.0085434
18105,3.0099308
18106,3.0109108
18107,3.0126603
18108,3.0139507
18109,3.0144819
18110,3.0164222
18111,3.0181395
18112,3.0191145
18113,3.0200441
18114,3.0212607
18115,3.0224593
18116,3.0235098
18117,3.0240722
18118,3.0248035
18119,3.0257412
18120,3.0264346
18121,3.0274914
18122,3.0288305
18123,3.0294518
18124,3.0304446
18125,3.0306635
18126,3.0313515
18127,3.0325939
18128,3.0335796
18129,3.0351301
18130,3.0369916
18131,3.0386066
18132,3.0400421
18133,3.0407642
18134,3.0421693
18135,3.0431725
18136,3.0437443
18137,3.0452526
18138,3.0462182
18139,3.0473765
18140,3.0487479
18141,3.0506271
18142,3.052198
18143,3.0538281
18144,3.0549138
18145,3.0568255
18146,3.0587845
18147,3.0602273
18148,3.0614042
18149,3.0620737
18150,3.0636284
18151,3.0651408
18152,3.0656846
18153,3.0664098
18154,3.0668939
18155,3.0685164
18156,3.0702871
18157,3.0726237
18158,3.0756772
18159,3.076902
18160,3.078694
18161,3.0797648
18162,3.0808406
18163,3.0817395
18164,3.0826068
18165,3.0845876
18166,3.0859045
18167,3.0878804
18168,3.0888625
18169,3.090665
18170,3.0922999
18171,3.0941852
18172,3.0943946
18173,3.0954061
18174,3.0974118
18175,3.0989236
18176,3.0996969
18177,3.1014665
18178,3.1033289
18179,3.1050306
18180,3.1064329
18181,3.107775
18182,3.1089983
18183,3.1103098
18184,3.1113392
18185,3.1117619
18186,3.1139523
18187,3.1155398
18188,3.117345
18189,3.1188227
18190,3.1200054
18191,3.1213021
18192,3.1216876
18193,3.1226694
18194,3.1243357
18195,3.1256363
18196,3.1265681
18197,3.1266307
18198,3.1286105
18199,3.1308992
18200,3.1321544
18201,3.1321614
18202,3.1344819
18203,3.135793
18204,3.1382726
18205,3.1404203
18206,3.1418913
18207,3.1425027
18208,3.143779
18209,3.1448366
18210,3.1461202
18211,3.1479428
18212,3.1499036
18213,3.1517705
18214,3.1519
18215,3.1531152
18216,3.1543869
18217,3.156045
18218,3.1571751
18219,3.1588993
18220,3.1608361
18221,3.162486
18222,3.1647739
18223,3.166892
18224,3.1684392
18225,3.1712608
18226,3.1736153
18227,3.1752252
18228,3.1766481
18229,3.1774735
18230,3.1789235
18231,3.1813696
18232,3.184224
18233,3.1857597
18234,3.1872121
18235,3.1882827
18236,3.1899906
18237,3.1918834
18238,3.1936002
18239,3.1959329
18240,3.1979566
18241,3.199782
18242,3.20285
18243,3.203941
18244,3.2050128
18245,3.2061273
18246,3.2076249
18247,3.2088695
18248,3.2103833
18249,3.2117758
18250,3.2143807
18251,3.2167173
18252,3.2177995
18253,3.2194455
18254,3.222215
18255,3.2237395
18256,3.2259772
18257,3.2290581
18258,3.2313423
18259,3.2339074
18260,3.2351415
18261,3.2381808
18262,3.2398182
18263,3.2412732
18264,3.2426946
18265,3.2437905
18266,3.2459369
18267,3.2473525
18268,3.249967
18269,3.2514211
18270,3.2529363
18271,3.2548817
18272,3.2572499
18273,3.2591025
18274,3.2614681
18275,3.2623931
18276,3.2636839
18277,3.2644973
18278,3.2660421
18279,3.2679915
18280,3.2708866
18281,3.2732957
18282,3.2760205
18283,3.2775965
18284,3.2797191
18285,3.2828042
18286,3.2847511
18287,3.2865888
18288,3.2890263
18289,3.2908627
18290,3.2936741
18291,3.2971643
18292,3.300114
18293,3.3018446
18294,3.3035214
18295,3.3058036
18296,3.3080911
18297,3.310771
18298,3.3133847
18299,3.3154867
18300,3.3177689
18301,3.3205175
18302,3.3225969
18303,3.3249478
18304,3.3280635
18305,3.3307951
18306,3.3328091
18307,3.3354078
18308,3.3380007
18309,3.3396275
18310,3.3410509
18311,3.3423962
18312,3.344304
18313,3.3459286
18314,3.3477495
18315,3.3501872
18316,3.3526166
18317,3.3549638
18318,3.3567044
18319,3.3610111
18320,3.3635571
18321,3.3649629
18322,3.3679967
18323,3.370042
18324,3.3729179
18325,3.376075
18326,3.378014
18327,3.3808686
18328,3.3836357
18329,3.3861726
18330,3.3897099
18331,3.3915959
18332,3.3943419
18333,3.3960196
18334,3.3982689
18335,3.4010392
18336,3.4036251
18337,3.4061944
18338,3.4088587
18339,3.4120012
18340,3.4146761
18341,3.4181554
18342,3.4217675
18343,3.4259513
18344,3.4287
18345,3.4316893
18346,3.4348646
18347,3.4364438
18348,3.4396648
18349,3.4416784
18350,3.44409
18351,3.4484638
18352,3.4514761
18353,3.4543105
18354,3.457689
18355,3.4608515
18356,3.4643651
18357,3.4663014
18358,3.4685883
18359,3.4706343
18360,3.4735067
18361,3.4755422
18362,3.4789315
18363,3.4806703
18364,3.4822843
18365,3.4856084
18366,3.4877198
18367,3.4904188
18368,3.4928285
18369,3.4953987
18370,3.497495
18371,3.5002108
18372,3.5029986
18373,3.5053208
18374,3.5075662
18375,3.5091967
18376,3.5118581
18377,3.5154362
18378,3.5188097
18379,3.520348
18380,3.5228079
18381,3.5245398
18382,3.5276336
18383,3.5297702
18384,3.5307443
18385,3.5323083
18386,3.5339113
18387,3.5347446
18388,3.53554
18389,3.5372628
18390,3.5390846
18391,3.5422926
18392,3.5456845
18393,3.548993
18394,3.5511768
18395,3.5540316
18396,3.5571492
18397,3.5612586
18398,3.5640485
18399,3.5674517
18400,3.5697486
18401,3.5720271
18402,3.5762052
18403,3.5786512
18404,3.5810301
18405,3.5841144
18406,3.58662
18407,3.589849
18408,3.5910835
18409,3.5945045
18410,3.5967452
18411,3.5998305
18412,3.6026749
18413,3.6027766
18414,3.6060203
18415,3.6083711
18416,3.6105263
18417,3.6115842
18418,3.6146205
18419,3.6171191
18420,3.6192634
18421,3.6228164
18422,3.6255689
18423,3.6269091
18424,3.6301146
18425,3.6323195
18426,3.6334636
18427,3.6351443
18428,3.6381259
18429,3.6395865
18430,3.6421323
18431,3.6453411
18432,3.6473838
18433,3.6492485
18434,3.6516577
18435,3.6549619
18436,3.6577559
18437,3.6602616
18438,3.662831
18439,3.6640892
18440,3.665839
18441,3.6683332
18442,3.6708134
18443,3.6726518
18444,3.674458
18445,3.6775101
18446,3.6802399
18447,3.6822225
18448,3.6844808
18449,3.6862837
18450,3.6891085
18451,3.6915712
18452,3.6939973
18453,3.6966535
18454,3.6996381
18455,3.7019186
18456,3.7031487
18457,3.7062355
18458,3.7106655
18459,3.7142447
18460,3.7156568
18461,3.7166225
18462,3.7185747
18463,3.7206697
18464,3.7227952
18465,3.7248826
18466,3.7266697
18467,3.7283352
18468,3.7297536
18469,3.7318547
18470,3.734185
18471,3.7358444
18472,3.7394233
18473,3.7415956
18474,3.7429926
18475,3.745425
18476,3.748116
18477,3.7502682
18478,3.7518637
18479,3.7541074
18480,3.756288
18481,3.7583781
18482,3.76171
18483,3.7633392
18484,3.7656228
18485,3.7674128
18486,3.7681635
18487,3.7696912
18488,3.7718102
18489,3.7742284
18490,3.7753298
18491,3.7777511
18492,3.7798467
18493,3.7808612
18494,3.7827637
18495,3.7854221
18496,3.7873465
18497,3.7887372
18498,3.789687
18499,3.7902893
18500,3.7921842
18501,3.7934396
18502,3.7945953
18503,3.7962168
18504,3.7981428
18505,3.799377
18506,3.8014889
18507,3.802732
18508,3.8044362
18509,3.8063607
18510,3.8081709
18511,3.8092725
18512,3.8112448
18513,3.8121451
18514,3.8137286
18515,3.8147992
18516,3.8168488
18517,3.8181758
18518,3.8197046
18519,3.8217599
18520,3.8229636
18521,3.824134
18522,3.825022
18523,3.826641
18524,3.8278681
18525,3.8290552
18526,3.829943
18527,3.8314652
18528,3.8331614
18529,3.8349986
18530,3.8360421
18531,3.8368415
18532,3.8381711
18533,3.8392121
18534,3.8404351
18535,3.8413936
18536,3.8430192
18537,3.8442889
18538,3.8449695
18539,3.8463609
18540,3.84889
18541,3.8506089
18542,3.8513729
18543,3.8524936
18544,3.854838
18545,3.8556322
18546,3.857307
18547,3.8593628
18548,3.8615492
18549,3.8635369
18550,3.8646834
18551,3.8656969
18552,3.8670023
18553,3.8682984
18554,3.8700801
18555,3.8718094
18556,3.8746189
18557,3.8770614
18558,3.8785366
18559,3.880566
18560,3.8820701
18561,3.8842273
18562,3.8861002
18563,3.8882998
18564,3.8905734
18565,3.8925934
18566,3.8934787
18567,3.895163
18568,3.8964345
18569,3.8990321
18570,3.9012614
18571,3.9033653
18572,3.905363
18573,3.9071228
18574,3.9087645
18575,3.9104878
18576,3.9128234
18577,3.9143813
18578,3.915802
18579,3.9174063
18580,3.9196357
18581,3.9216321
18582,3.9237592
18583,3.9260998
18584,3.9271752
18585,3.928598
18586,3.9301397
18587,3.9318279
18588,3.9337387
18589,3.9356947
18590,3.9376973
18591,3.9396128
18592,3.9412379
18593,3.9437886
18594,3.9449623
18595,3.9468894
18596,3.9496679
18597,3.9523334
18598,3.95357
18599,3.9557254
18600,3.9572819
18601,3.9591601
18602,3.9610177
18603,3.9619011
18604,3.9642377
18605,3.966981
18606,3.9683849
18607,3.9708902
18608,3.9731034
18609,3.9747064
18610,3.9765966
18611,3.9780204
18612,3.9795096
18613,3.9815786
18614,3.9840801
18615,3.9860325
18616,3.987352
18617,3.9893461
18618,3.9922955
18619,3.9948521
18620,3.9969692
18621,3.9990329
18622,4.0008998
18623,4.0028863
18624,4.0045948
18625,4.0065964
18626,4.0082378
18627,4.0110705
18628,4.0134358
18629,4.0152077
18630,4.0169359
18631,4.0181981
18632,4.0201379
18633,4.0218255
18634,4.02279
18635,4.0251454
18636,4.0269838
18637,4.0282504
18638,4.0298506
18639,4.0314075
18640,4.033
18641,4.0340892
18642,4.0359153
18643,4.0376999
18644,4.0394075
18645,4.0409297
18646,4.0424513
18647,4.0434669
18648,4.0448447
18649,4.0474992
18650,4.0490397
18651,4.0505236
18652,4.0534141
18653,4.0550656
18654,4.0564561
18655,4.0587703
18656,4.0613096
18657,4.063269
18658,4.0646667
18659,4.0665147
18660,4.0693188
18661,4.0708328
18662,4.0724899
18663,4.0740716
18664,4.0758709
18665,4.0771448
18666,4.0788054
18667,4.0800937
18668,4.0814865
18669,4.0836544
18670,4.0854039
18671,4.0879442
18672,4.0899869
18673,4.0914898
18674,4.0935005
18675,4.0953806
18676,4.0964125
18677,4.0981656
18678,4.0990516
18679,4.1010632
18680,4.1036983
18681,4.105178
18682,4.1071437
18683,4.109992
18684,4.1116626
18685,4.1133331
18686,4.1150883
18687,4.1166709
18688,4.1177088
18689,4.1188099
18690,4.1213124
18691,4.1225196
18692,4.124962
18693,4.128042
18694,4.1297356
18695,4.1316193
18696,4.1335334
18697,4.1348653
18698,4.1369185
18699,4.1386007
18700,4.1402169
18701,4.1419496
18702,4.145135
18703,4.1468366
18704,4.1489433
18705,4.1511944
18706,4.153568
18707,4.1550704
18708,4.1562082
18709,4.1575069
18710,4.1589692
18711,4.1605727
18712,4.1622295
18713,4.1646809
18714,4.1664074
18715,4.1682892
18716,4.1698121
18717,4.1707355
18718,4.1721794
18719,4.1734999
18720,4.1752995
18721,4.1766429
18722,4.1779935
18723,4.1792221
18724,4.1803179
18725,4.1820022
18726,4.1832436
18727,4.1847287
18728,4.1859135
18729,4.1868679
18730,4.1885198
18731,4.1908648
18732,4.192163
18733,4.1939869
18734,4.1956725
18735,4.196424
18736,4.1976076
18737,4.1986703
18738,4.1999607
18739,4.2011699
18740,4.2028488
18741,4.2050306
18742,4.2060512
18743,4.2068206
18744,4.2081733
18745,4.2099586
18746,4.2110157
18747,4.2130871
18748,4.2146908
18749,4.216286
18750,4.2174984
18751,4.2183052
18752,4.2196334
18753,4.220483
18754,4.221728
18755,4.2227585
18756,4.2236953
18757,4.2260834
18758,4.2281912
18759,4.2291338
18760,4.2300164
18761,4.2315015
18762,4.2329974
18763,4.2342971
18764,4.2365164
18765,4.2381994
18766,4.2403795
18767,4.2427802
18768,4.2446297
18769,4.2464573
18770,4.2475191
18771,4.2496352
18772,4.2500685
18773,4.2509299
18774,4.2519866
18775,4.2540649
18776,4.2557061
18777,4.2565588
18778,4.2575096
18779,4.2592858
18780,4.2602652
18781,4.2615072
18782,4.2622405
18783,4.2632269
18784,4.2645449
18785,4.2668008
18786,4.2677778
18787,4.2695683
18788,4.27055
18789,4.2711739
18790,4.272407
18791,4.2735302
18792,4.2740837
18793,4.275225
18794,4.2768192
18795,4.2780347
18796,4.2794638
18797,4.2804779
18798,4.281702
18799,4.2829322
18800,4.2839981
18801,4.2848733
18802,4.2860684
18803,4.2868188
18804,4.2882339
18805,4.2887639
18806,4.2899025
18807,4.290677
18808,4.2917437
18809,4.2923357
18810,4.2929292
18811,4.2939645
18812,4.295104
18813,4.2958334
18814,4.2960223
18815,4.2965872
18816,4.2971941
18817,4.2978469
18818,4.2989562
18819,4.299807
18820,4.3000351
18821,4.3008188
18822,4.3012978
18823,4.3029018
18824,4.3042921
18825,4.3052691
18826,4.3060411
18827,4.307575
18828,4.3085211
18829,4.3098314
18830,4.3108418
18831,4.3123965
18832,4.3137833
18833,4.3147894
18834,4.3160921
18835,4.3170732
18836,4.3178738
18837,4.3191535
18838,4.3201789
18839,4.3223512
18840,4.3228024
18841,4.3243545
18842,4.3259514
18843,4.3270222
18844,4.3283877
18845,4.3295103
18846,4.3306474
18847,4.332345
18848,4.3332881
18849,4.333857
18850,4.3347024
18851,4.3360244
18852,4.3369019
18853,4.3375449
18854,4.3383778
18855,4.3399657
18856,4.3405174
18857,4.3428998
18858,4.3445884
18859,4.3452835
18860,4.3465316
18861,4.3475181
18862,4.3482565
18863,4.3491875
18864,4.3497299
18865,4.3500911
18866,4.3510342
18867,4.3526975
18868,4.3534017
18869,4.354415
18870,4.3552596
18871,4.3563504
18872,4.3569701
18873,4.35798
18874,4.35939
18875,4.3599689
18876,4.360563
18877,4.361624
18878,4.3618309
18879,4.3621499
18880,4.3636577
18881,4.3648341
18882,4.3661475
18883,4.3669108
18884,4.3680313
18885,4.3694039
18886,4.3705383
18887,4.3711169
18888,4.3724951
18889,4.3731877
18890,4.3736201
18891,4.3741553
18892,4.3757383
18893,4.3763445
18894,4.3770881
18895,4.3784846
18896,4.3809577
18897,4.3818845
18898,4.3841476
18899,4.3868963
18900,4.3894857
18901,4.3910055
18902,4.3915768
18903,4.3931894
18904,4.3948869
18905,4.3960325
18906,4.3971984
18907,4.3988519
18908,4.4005424
18909,4.4008631
18910,4.4018841
18911,4.4028511
18912,4.4037444
18913,4.4051011
18914,4.4067242
18915,4.4080148
18916,4.4091433
18917,4.4099002
18918,4.4112041
18919,4.4135468
18920,4.4148797
18921,4.4169005
18922,4.418296
18923,4.4196084
18924,4.4206798
18925,4.4221803
18926,4.4237569
18927,4.4252278
18928,4.426368
18929,4.4269441
18930,4.4283623
18931,4.4298359
18932,4.4309294
18933,4.4319749
18934,4.4336984
18935,4.4344599
18936,4.4370684
18937,4.4386268
18938,4.4407212
18939,4.4420021
18940,4.443211
18941,4.4444578
18942,4.4465788
18943,4.4478293
18944,4.4492924
18945,4.4516326
18946,4.4532874
18947,4.4552092
18948,4.4568637
18949,4.4584626
18950,4.4600933
18951,4.4617835
18952,4.463344
18953,4.4645399
18954,4.4663827
18955,4.4678035
18956,4.4696914
18957,4.4717722
18958,4.4732643
18959,4.4752687
18960,4.4778667
18961,4.478645
18962,4.4812758
18963,4.482837
18964,4.4843527
18965,4.4856913
18966,4.4875225
18967,4.4899014
18968,4.4920462
18969,4.4941138
18970,4.4967624
18971,4.4991958
18972,4.5019138
18973,4.5041717
18974,4.5070618
18975,4.5093818
18976,4.5118122
18977,4.5136619
18978,4.51477
18979,4.5173348
18980,4.5204856
18981,4.522159
18982,4.5240317
18983,4.5254783
18984,4.5270144
18985,4.5282573
18986,4.5296785
18987,4.5319043
18988,4.5339165
18989,4.5356368
18990,4.5384567
18991,4.5399418
18992,4.5422416
18993,4.543456
18994,4.545133
18995,4.546576
18996,4.5484484
18997,4.5503687
18998,4.5523324
18999,4.5541828
19000,4.555961
19001,4.5575866
19002,4.5595656
19003,4.5609402
19004,4.5623648
19005,4.5641319
19006,4.5662858
19007,4.5679339
19008,4.5701463
19009,4.5711036
19010,4.5728195
19011,4.5746833
19012,4.5762982
19013,4.5781256
19014,4.5798207
19015,4.5817002
19016,4.5824116
19017,4.5844031
19018,4.5857984
19019,4.5873452
19020,4.5886352
19021,4.5906114
19022,4.5913457
19023,4.5929722
19024,4.5956012
19025,4.597736
19026,4.5996748
19027,4.6012648
19028,4.6021897
19029,4.6030788
19030,4.6044911
19031,4.6057176
19032,4.6066761
19033,4.6099958
19034,4.6119342
19035,4.6131599
19036,4.6143135
19037,4.6163357
19038,4.6182352
19039,4.6198515
19040,4.621175
19041,4.6223813
19042,4.6245756
19043,4.6255089
19044,4.6273948
19045,4.6285559
19046,4.6299297
19047,4.6315441
19048,4.6324127
19049,4.6336906
19050,4.634469
19051,4.6353252
19052,4.6369527
19053,4.6386507
19054,4.6401625
19055,4.6419565
19056,4.6436145
19057,4.6462681
19058,4.6474836
19059,4.648713
19060,4.6497603
19061,4.6509597
19062,4.6539
19063,4.6548634
19064,4.6562803
19065,4.6573959
19066,4.6587056
19067,4.6602045
19068,4.661941
19069,4.6633822
19070,4.6645369
19071,4.6655042
19072,4.6661356
19073,4.6672439
19074,4.6692194
19075,4.6706633
19076,4.6719676
19077,4.673686
19078,4.6747152
19079,4.6761028
19080,4.6771989
19081,4.6785671
19082,4.6798932
19083,4.6813446
19084,4.6820906
19085,4.6839379
19086,4.6851239
19087,4.6865321
19088,4.6885175
19089,4.6902796
19090,4.691479
19091,4.6921864
19092,4.6932843
19093,4.6952526
19094,4.6964462
19095,4.6986014
19096,4.7000068
19097,4.7017073
19098,4.7041247
19099,4.7055987
19100,4.7083408
19101,4.7109397
19102,4.7123449
19103,4.7133037
19104,4.7157656
19105,4.7165415
19106,4.718013
19107,4.7196738
19108,4.7209273
19109,4.7219561
19110,4.7231666
19111,4.7243706
19112,4.7257177
19113,4.726822
19114,4.7278038
19115,4.7297708
19116,4.731398
19117,4.7326118
19118,4.7341807
19119,4.7356763
19120,4.7377988
19121,4.7394315
19122,4.7416947
19123,4.7436632
19124,4.7449918
19125,4.7468525
19126,4.7480903
19127,4.749596
19128,4.751422
19129,4.7524472
19130,4.7536967
19131,4.7553818
19132,4.7562714
19133,4.7580789
19134,4.75908
19135,4.7607675
19136,4.7623866
19137,4.7644123
19138,4.7660113
19139,4.7688299
19140,4.7710613
19141,4.7726119
19142,4.7737094
19143,4.7747445
19144,4.776387
19145,4.7772847
19146,4.7778099
19147,4.7794305
19148,4.7802489
19149,4.7826917
19150,4.7838198
19151,4.7852367
19152,4.7861994
19153,4.7866888
19154,4.7873718
19155,4.7886816
19156,4.7896069
19157,4.7912835
19158,4.7929081
19159,4.7937403
19160,4.7952053
19161,4.7966383
19162,4.7975675
19163,4.7986957
19164,4.7999796
19165,4.8010057
19166,4.8015818
19167,4.8025171
19168,4.8033867
19169,4.8042324
19170,4.8052387
19171,4.8061475
19172,4.8068889
19173,4.8076632
19174,4.8088725
19175,4.8095177
19176,4.8101729
19177,4.8109376
19178,4.8115215
19179,4.8121927
19180,4.8131778
19181,4.8143623
19182,4.8150926
19183,4.8159599
19184,4.8164183
19185,4.8173941
19186,4.8182609
19187,4.8189432
19188,4.8202949
19189,4.8217532
19190,4.8226183
19191,4.8239097
19192,4.8242797
19193,4.8252279
19194,4.8260039
19195,4.8265991
19196,4.8278793
19197,4.8289711
19198,4.8297171
19199,4.8303199
19200,4.8310215
19201,4.831671
19202,4.8322976
19203,4.8329889
19204,4.8333685
19205,4.8337996
19206,4.8347117
19207,4.8353444
19208,4.835646
19209,4.835864
19210,4.8365493
19211,4.8369672
19212,4.8373314
19213,4.8379977
19214,4.8385883
19215,4.8387524
19216,4.8392329
19217,4.8395288
19218,4.8397424
19219,4.8401336
19220,4.8405435
19221,4.8413526
19222,4.8417757
19223,4.8423138
19224,4.8425074
19225,4.8426078
19226,4.8430176
19227,4.8432849
19228,4.8434478
19229,4.8435311
19230,4.8437404
19231,4.8439007
19232,4.8441227
19233,4.8442819
19234,4.8444784
19235,4.8451692
19236,4.8457359
19237,4.8462115
19238,4.8468081
19239,4.8477001
19240,4.8484902
19241,4.8489412
19242,4.849649
19243,4.8501247
19244,4.8512996
19245,4.8522492
19246,4.8526825
19247,4.8534906
19248,4.8548372
19249,4.8551329
19250,4.8553605
19251,4.8553606
19252,4.8553606
19253,4.8553837
19254,4.8557224
19255,4.8561299
19256,4.8563134
19257,4.8578766
19258,4.8587451
19259,4.8593946
19260,4.86112
19261,4.8615221
19262,4.8622838
19263,4.8629652
19264,4.8640015
19265,4.8650771
19266,4.8664929
19267,4.8678138
19268,4.8683988
19269,4.8697603
19270,4.8702477
19271,4.8709811
19272,4.8724995
19273,4.8736732
19274,4.8742777
19275,4.8747721
19276,4.8758399
19277,4.8760925
19278,4.8771767
19279,4.8777228
19280,4.8781297
19281,4.8788446
19282,4.8798233
19283,4.8801963
19284,4.8815179
19285,4.8821501
19286,4.8829598
19287,4.8843308
19288,4.8854474
19289,4.8874453
19290,4.8882179
19291,4.8904062
19292,4.8915503
19293,4.8923775
19294,4.8932018
19295,4.8939051
19296,4.8942505
19297,4.895329
19298,4.8955475
19299,4.8971093
19300,4.8978178
19301,4.8993846
19302,4.9003908
19303,4.9013892
19304,4.9026672
19305,4.903665
19306,4.9049642
19307,4.9058702
19308,4.908805
19309,4.9101489
19310,4.9111077
19311,4.9122877
19312,4.9129067
19313,4.9138923
19314,4.9151463
19315,4.9156173
19316,4.9165625
19317,4.9173557
19318,4.9204562
19319,4.9229382
19320,4.9242295
19321,4.9250423
19322,4.9256392
19323,4.9264775
19324,4.928269
19325,4.9294369
19326,4.9310953
19327,4.9331812
19328,4.9365115
19329,4.9382085
19330,4.9386189
19331,4.9399932
19332,4.9411341
19333,4.9415503
19334,4.9433023
19335,4.9448252
19336,4.9456735
19337,4.9463758
19338,4.9471672
19339,4.9477443
19340,4.9485569
19341,4.9497995
19342,4.951003
19343,4.9531744
19344,4.9544215
19345,4.9561011
19346,4.956746
19347,4.9571825
19348,4.9579205
19349,4.9585856
19350,4.9591556
19351,4.9596387
19352,4.960512
19353,4.9608751
19354,4.9612107
19355,4.9616439
19356,4.9621748
19357,4.9637112
19358,4.9655286
19359,4.9665058
19360,4.9677618
19361,4.9685841
19362,4.9692503
19363,4.9706635
19364,4.9712766
19365,4.9734071
19366,4.9752729
19367,4.9773965
19368,4.9789073
19369,4.9798714
19370,4.9803905
19371,4.9816078
19372,4.9824949
19373,4.9837919
19374,4.9852517
19375,4.9862938
19376,4.9876005
19377,4.9899596
19378,4.9914316
19379,4.9926315
19380,4.9927804
19381,4.9938408
19382,4.9947524
19383,4.9957301
19384,4.9971186
19385,4.9984211
19386,4.9991446
19387,5.0007746
19388,5.0026151
19389,5.0043289
19390,5.0052133
19391,5.0070205
19392,5.008902
19393,5.0098646
19394,5.0118857
19395,5.0133282
19396,5.0144481
19397,5.014996
19398,5.0154181
19399,5.0154898
19400,5.0173014
19401,5.0186878
19402,5.0215316
19403,5.0229262
19404,5.0238616
19405,5.0251035
19406,5.0262917
19407,5.0269617
19408,5.0288622
19409,5.030566
19410,5.0320266
19411,5.0324651
19412,5.0332374
19413,5.0339703
19414,5.0347813
19415,5.0384028
19416,5.0408102
19417,5.0429925
19418,5.0441549
19419,5.0448515
19420,5.0461521
19421,5.0472849
19422,5.0479108
19423,5.0494319
19424,5.0506232
19425,5.0510748
19426,5.0524097
19427,5.0532785
19428,5.0553961
19429,5.0567091
19430,5.0576219
19431,5.058262
19432,5.0594736
19433,5.0606551
19434,5.0617274
19435,5.0628607
19436,5.0643659
19437,5.0655227
19438,5.0675622
19439,5.0683999
19440,5.0701949
19441,5.0712165
19442,5.0725327
19443,5.0734869
19444,5.0748143
19445,5.0766791
19446,5.0783194
19447,5.0792941
19448,5.0801695
19449,5.0820727
19450,5.0831371
19451,5.0845955
19452,5.0850457
19453,5.0861785
19454,5.0872913
19455,5.0881791
19456,5.0893606
19457,5.090018
19458,5.090018
19459,5.0911279
19460,5.0918555
19461,5.0927922
19462,5.0935355
19463,5.0945745
19464,5.0954052
19465,5.0962906
19466,5.0985118
19467,5.099508
19468,5.1008785
19469,5.1025341
19470,5.1049814
19471,5.1059659
19472,5.1078095
19473,5.109729
19474,5.1110765
19475,5.1126107
19476,5.1130425
19477,5.1147698
19478,5.1160089
19479,5.1171378
19480,5.1188883
19481,5.1203361
19482,5.1215656
19483,5.1233099
19484,5.1245103
19485,5.1255032
19486,5.1269035
19487,5.1283514
19488,5.1292177
19489,5.1303582
19490,5.1306735
19491,5.1310388
19492,5.1324943
19493,5.1339019
19494,5.13467
19495,5.1354212
19496,5.1359252
19497,5.1363614
19498,5.1375656
19499,5.1382524
19500,5.1393029
19501,5.1407621
19502,5.1422225
19503,5.1426909
19504,5.1435193
19505,5.1458624
19506,5.1468287
19507,5.1487386
19508,5.1497987
19509,5.1513625
19510,5.1516533
19511,5.152909
19512,5.1536713
19513,5.1555748
19514,5.1559134
19515,5.1561464
19516,5.1569355
19517,5.1579787
19518,5.1587184
19519,5.1597276
19520,5.1605956
19521,5.1612662
19522,5.1615535
19523,5.1618524
19524,5.1621817
19525,5.1632227
19526,5.1640126
19527,5.1646366
19528,5.1653856
19529,5.1657221
19530,5.1660445
19531,5.1664731
19532,5.1667496
19533,5.1671484
19534,5.1678562
19535,5.1683102
19536,5.1687208
19537,5.169167
19538,5.1695768
19539,5.1701783
19540,5.1703071
19541,5.1703895
19542,5.1703895
19543,5.1704649
19544,5.1706305
19545,5.1711266
19546,5.1713394
19547,5.1713975
19548,5.1716705
19549,5.1717117
19550,5.1718284
19551,5.1720132
19552,5.1720211
19553,5.1723284
19554,5.1730199
19555,5.1735321
19556,5.1740193
19557,5.1741099
19558,5.1741219
19559,5.1741219
19560,5.1743066
19561,5.1746891
19562,5.1748982
19563,5.1748982
19564,5.1749791
19565,5.1751431
19566,5.1752228
19567,5.1754485
19568,5.1758961
19569,5.1759512
19570,5.1761795
19571,5.176605
19572,5.1767604
19573,5.1768257
19574,5.1769922
19575,5.1771899
19576,5.1772725
19577,5.1774187
19578,5.1774187
19579,5.1775781
19580,5.1775886
19581,5.1778664
19582,5.1779597
19583,5.1782432
19584,5.1782432
19585,5.1782432
19586,5.1783091
19587,5.1785284
19588,5.178727
19589,5.1788025
19590,5.1789992
19591,5.179215
19592,5.1792706
19593,5.1794654
19594,5.1796423
19595,5.1798198
19596,5.1798528
19597,5.1801352
19598,5.1805595
19599,5.181328
19600,5.181506
19601,5.1818451
19602,5.1818842
19603,5.1820061
19604,5.182424
19605,5.1829414
19606,5.1834912
19607,5.1841712
19608,5.1846794
19609,5.184886
19610,5.1850345
19611,5.1853602
19612,5.1853602
19613,5.1853602
19614,5.1860399
19615,5.186287
19616,5.1864951
19617,5.1866454
19618,5.1866454
19619,5.186724
19620,5.1867857
19621,5.1876216
19622,5.1876216
19623,5.1880612
19624,5.1886255
19625,5.1894195
19626,5.1894845
19627,5.1900728
19628,5.1903195
19629,5.1906278
19630,5.1914936
19631,5.1920122
19632,5.1924655
19633,5.1928542
19634,5.1929654
19635,5.1933164
19636,5.1933764
19637,5.1935955
19638,5.1940222
19639,5.1942351
19640,5.1946385
19641,5.1949515
19642,5.1950258
19643,5.1952155
19644,5.1954465
19645,5.1961091
19646,5.1965083
19647,5.1965951
19648,5.1968527
19649,5.1971451
19650,5.1974631
19651,5.197738
19652,5.1981437
19653,5.1984775
19654,5.1990093
19655,5.1993505
19656,5.1996135
19657,5.1998879
19658,5.1999844
19659,5.2001199
19660,5.2003071
19661,5.2004904
19662,5.2006149
19663,5.2010673
19664,5.2012457
19665,5.2013869
19666,5.2017443
19667,5.2019556
19668,5.2021328
19669,5.2022772
19670,5.2025784
19671,5.2026169
19672,5.2026798
19673,5.2027318
19674,5.2028064
19675,5.2031258
19676,5.2034673
19677,5.2037787
19678,5.2038739
19679,5.2043054
19680,5.2043755
19681,5.2045636
19682,5.2047603
19683,5.2048913
19684,5.205256
19685,5.2054226
19686,5.2057543
19687,5.2058123
19688,5.2061452
19689,5.2062194
19690,5.2062548
19691,5.2064443
19692,5.2065125
19693,5.2065892
19694,5.2067253
19695,5.2070148
19696,5.2071609
19697,5.2072512
19698,5.2073266
19699,5.2074738
19700,5.2075648
19701,5.2076962
19702,5.2076962
19703,5.207814
19704,5.2079672
19705,5.2081187
19706,5.2082137
19707,5.2082293
19708,5.2083732
19709,5.2083924
19710,5.2086129
19711,5.2087333
19712,5.2087333
19713,5.2088415
19714,5.2088415
19715,5.2090073
19716,5.2091249
19717,5.2092856
19718,5.2093167
19719,5.2093878
19720,5.2094495
19721,5.2095121
19722,5.209685
19723,5.2097745
19724,5.2099113
19725,5.209928
19726,5.2099928
19727,5.2100658
19728,5.2102682
19729,5.2102729
19730,5.2103412
19731,5.2103727
19732,5.2104362
19733,5.210457
19734,5.2105374
19735,5.2106441
19736,5.2109065
19737,5.21095
19738,5.21095
19739,5.2112769
19740,5.2113624
19741,5.2114835
19742,5.2114981
19743,5.2115557
19744,5.2117329
19745,5.2118539
19746,5.211888
19747,5.2119282
19748,5.2120269
19749,5.212124
19750,5.2122085
19751,5.2125245
19752,5.2126908
19753,5.2127877
19754,5.2129554
19755,5.2131134
19756,5.2131134
19757,5.2131775
19758,5.2131923
19759,5.2132532
19760,5.2134064
19761,5.213684
19762,5.2137862
19763,5.2137862
19764,5.2137862
19765,5.2137862
19766,5.2137862
19767,5.2137862
19768,5.2137862
19769,5.2137862
19770,5.2138042
19771,5.2138042
19772,5.2138068
19773,5.2138068
19774,5.213868
19775,5.213868
19776,5.213868
19777,5.2138697
19778,5.2138697
19779,5.2138697
19780,5.2138697
19781,5.2139786
19782,5.2139786
19783,5.2139786
19784,5.2139786
19785,5.2139999
19786,5.2140376
19787,5.2141587
19788,5.2141587
19789,5.2142121
19790,5.2142121
19791,5.2142121
19792,5.2142121
19793,5.2142353
19794,5.2142958
19795,5.2143675
19796,5.2144037
19797,5.2145392
19798,5.2148483
19799,5.214931
19800,5.2152622
19801,5.2156542
19802,5.2157997
19803,5.2162474
19804,5.2163887
19805,5.2168479
19806,5.2168479
19807,5.2172104
19808,5.2173736
19809,5.2175592
19810,5.217713
19811,5.2179461
19812,5.2181811
19813,5.2185309
19814,5.2187638
19815,5.2187956
19816,5.21894
19817,5.219007
19818,5.219149
19819,5.2194309
19820,5.219488
19821,5.2198866
19822,5.2200269
19823,5.2200467
19824,5.2203827
19825,5.2206118
19826,5.2207211
19827,5.2210469
19828,5.2212293
19829,5.2213857
19830,5.2213857
19831,5.2213857
19832,5.2213857
19833,5.2213857
19834,5.2213857
19835,5.2213857
19836,5.2213857
19837,5.2213921
19838,5.22145
19839,5.22145
19840,5.221462
19841,5.2215576
19842,5.221774
19843,5.221774
19844,5.221774
19845,5.221774
19846,5.221774
19847,5.221774
19848,5.221774
19849,5.221774
19850,5.221774
19851,5.221774
19852,5.221774
19853,5.221774
19854,5.221774
19855,5.2218568
19856,5.2218568
19857,5.2218568
19858,5.2218991
19859,5.2218991
19860,5.2218991
19861,5.2218991
19862,5.2218991
19863,5.2218991
19864,5.2218991
19865,5.2219546
19866,5.2219546
19867,5.2219897
19868,5.2222071
19869,5.222376
19870,5.222376
19871,5.222376
19872,5.2224847
19873,5.2226182
19874,5.2226674
19875,5.2228252
19876,5.2228704
19877,5.2228704
19878,5.2230306
19879,5.2231825
19880,5.2231843
19881,5.2232199
19882,5.2232995
19883,5.2234883
19884,5.2234883
19885,5.2234883
19886,5.2235593
19887,5.2237104
19888,5.2237104
19889,5.2239043
19890,5.2241073
19891,5.2241073
19892,5.2241073
19893,5.2241073
19894,5.2241073
19895,5.2241073
19896,5.2241073
19897,5.2241073
19898,5.2241073
19899,5.2241073
19900,5.2241073
19901,5.2241073
19902,5.2241073
19903,5.2241073
19904,5.2241073
19905,5.2241073
19906,5.2241073
19907,5.2241073
19908,5.224216
19909,5.224216
19910,5.224216
19911,5.224216
19912,5.224216
19913,5.224216
19914,5.224216
19915,5.224216
19916,5.224216
19917,5.224216
19918,5.224216
19919,5.224216
19920,5.224216
19921,5.2242908
19922,5.2245288
19923,5.2246809
19924,5.2246809
19925,5.2247388
19926,5.2247388
19927,5.2247388
19928,5.225142
19929,5.2251462
19930,5.2253549
19931,5.2254327
19932,5.2255706
19933,5.2255706
19934,5.2257078
19935,5.2259748
19936,5.2264202
19937,5.2264539
19938,5.2264539
19939,5.2265867
19940,5.226659
19941,5.2269947
19942,5.2269947
19943,5.2270573
19944,5.2270573
19945,5.2270573
19946,5.2270573
19947,5.2270573
19948,5.2270573
19949,5.2270573
19950,5.2270573
19951,5.2270573
19952,5.2271521
19953,5.2273695
19954,5.2273695
19955,5.2273695
19956,5.2275723
19957,5.2275723
19958,5.2275723
19959,5.2276479
19960,5.2276479
19961,5.227694
19962,5.2277918
19963,5.2278419
19964,5.227912
19965,5.227912
19966,5.2280523
19967,5.2281596
19968,5.2281596
19969,5.2281723
19970,5.2283451
19971,5.2285309
19972,5.2287913
19973,5.2288019
19974,5.2289377
19975,5.2290082
19976,5.2292252
19977,5.2295617
19978,5.229644
19979,5.2298146
19980,5.2298146
19981,5.2298146
19982,5.2298146
19983,5.2298146
19984,5.2298146
19985,5.2298146
19986,5.2298146
19987,5.2298146
19988,5.2298146
19989,5.2298146
19990,5.2298146
19991,5.2298146
19992,5.2298146
19993,5.2298832
19994,5.2302929
19995,5.2304785
19996,5.2306363
19997,5.2312958
19998,5.2314027
19999,5.2314884
20000,5.2314884
20001,5.2315285
20002,5.2315285
20003,5.2316
20004,5.2317079
20005,5.2319508
20006,5.2321639
20007,5.2323129
20008,5.2325252
20009,5.2326614
20010,5.2326614
20011,5.2326614
20012,5.2326715
20013,5.2326715
20014,5.2326715
20015,5.2326715
20016,5.2326715
20017,5.2326715
20018,5.2328951
20019,5.2332862
20020,5.2332862
20021,5.2332862
20022,5.2332862
20023,5.2332862
20024,5.2333886
20025,5.2333886
20026,5.2335008
20027,5.2336029
20028,5.2336029
20029,5.2336029
20030,5.2336536
20031,5.2338344
20032,5.2339105
20033,5.2340669
20034,5.2340669
20035,5.2340874
20036,5.234195
20037,5.234331
20038,5.234331
20039,5.234331
20040,5.234331
20041,5.234331
20042,5.234331
20043,5.2344241
20044,5.2344716
20045,5.2345453
20046,5.2346213
20047,5.2346213
20048,5.2346213
20049,5.2346213
20050,5.2346726
20051,5.2346891
20052,5.2347637
20053,5.2348268
20054,5.2352103
20055,5.2352103
20056,5.2353062
20057,5.2355414
20058,5.2355414
20059,5.2356405
20060,5.2356876
20061,5.2357514
20062,5.2359264
20063,5.236309
20064,5.2363617
20065,5.2366877
20066,5.237012
20067,5.2372431
20068,5.2375615
20069,5.2377284
20070,5.2378253
20071,5.2380058
20072,5.2382494
20073,5.2386217
20074,5.2388942
20075,5.2390893
20076,5.2391234
20077,5.2394723
20078,5.239626
20079,5.239626
20080,5.239626
20081,5.239626
20082,5.239626
20083,5.2398869
20084,5.2400506
20085,5.2402132
20086,5.2403415
20087,5.2405699
20088,5.2407823
20089,5.2409164
20090,5.2409278
20091,5.2409998
20092,5.2410708
20093,5.2413127
20094,5.2414549
20095,5.2414841
20096,5.2414895
20097,5.2415351
20098,5.2416877
20099,5.2419537
20100,5.2424814
20101,5.2428023
20102,5.2429805
20103,5.2431569
20104,5.2433276
20105,5.2435859
20106,5.2437033
20107,5.2438375
20108,5.2438597
20109,5.2440879
20110,5.2441717
20111,5.2443856
20112,5.2445096
20113,5.2447256
20114,5.2450725
20115,5.2452593
20116,5.2454616
20117,5.2456796
20118,5.2460058
20119,5.2463012
20120,5.2465667
20121,5.2468695
20122,5.2471579
20123,5.2474836
20124,5.2478431
20125,5.2482007
20126,5.2484881
20127,5.2486495
20128,5.2488554
20129,5.2490028
20130,5.2491356
20131,5.2494221
20132,5.2495632
20133,5.2497767
20134,5.2499312
20135,5.2505278
20136,5.2510412
20137,5.251482
20138,5.2516434
20139,5.2520888
20140,5.2523127
20141,5.2525405
20142,5.2527329
20143,5.2527916
20144,5.2529324
20145,5.2530531
20146,5.2531546
20147,5.253344
20148,5.2536046
20149,5.2537916
20150,5.2538739
20151,5.2541827
20152,5.2544075
20153,5.2547196
20154,5.2548495
20155,5.2549935
20156,5.2550527
20157,5.2550527
20158,5.2552119
20159,5.255326
20160,5.2555547
20161,5.2555637
20162,5.2555637
20163,5.2555637
20164,5.2556838
20165,5.2559076
20166,5.2562147
20167,5.2564965
20168,5.2566776
20169,5.2569124
20170,5.25706
20171,5.2572274
20172,5.2572506
20173,5.2573267
20174,5.2573943
20175,5.2575892
20176,5.2578337
20177,5.2580127
20178,5.2580271
20179,5.2580271
20180,5.2580271
20181,5.2582386
20182,5.2582386
20183,5.2585636
20184,5.2590383
20185,5.2593469
20186,5.2594926
20187,5.2597638
20188,5.2601049
20189,5.2601394
20190,5.2603615
20191,5.2603797
20192,5.2603797
20193,5.2603797
20194,5.2604489
20195,5.2604489
20196,5.2604632
20197,5.260673
20198,5.2607163
20199,5.2608435
20200,5.2614354
20201,5.2614984
20202,5.2615568
20203,5.2615568
20204,5.2616564
20205,5.2617311
20206,5.2617311
20207,5.2617311
20208,5.2618133
20209,5.2619682
20210,5.2619769
20211,5.2621444
20212,5.262394
20213,5.262394
20214,5.2625304
20215,5.2625874
20216,5.2626152
20217,5.2626811
20218,5.2628369
20219,5.2628692
20220,5.2629087
20221,5.2629428
20222,5.2629428
20223,5.2630037
20224,5.2630037
20225,5.2632549
20226,5.2632549
20227,5.2633316
20228,5.2634354
20229,5.2637992
20230,5.2640892
20231,5.264385
20232,5.2646762
20233,5.2648202
20234,5.2650601
20235,5.2653245
20236,5.2655511
20237,5.2657203
20238,5.2660196
20239,5.2662077
20240,5.2664332
20241,5.2665112
20242,5.2666641
20243,5.2669018
20244,5.267036
20245,5.2672513
20246,5.2673336
20247,5.2677747
20248,5.2679962
20249,5.2681308
20250,5.2683575
20251,5.2686209
20252,5.2688828
20253,5.2689754
20254,5.2690047
20255,5.2690878
20256,5.2692602
20257,5.2692848
20258,5.269443
20259,5.2695481
20260,5.2697423
20261,5.270017
20262,5.2702235
20263,5.2704994
20264,5.2707679
20265,5.270921
20266,5.2710701
20267,5.2712118
20268,5.2714187
20269,5.2716351
20270,5.2719106
20271,5.272141
20272,5.2724089
20273,5.272599
20274,5.2728981
20275,5.2731539
20276,5.2735011
20277,5.2736512
20278,5.2739384
20279,5.2743354
20280,5.2745936
20281,5.2749851
20282,5.2755978
20283,5.2760144
20284,5.2764271
20285,5.2768558
20286,5.2772221
20287,5.2777826
20288,5.2782692
20289,5.2788324
20290,5.2793846
20291,5.2797961
20292,5.2801248
20293,5.2807281
20294,5.2810776
20295,5.2813045
20296,5.2816305
20297,5.2819743
20298,5.282266
20299,5.2827636
20300,5.2832184
20301,5.283805
20302,5.2843104
20303,5.2848075
20304,5.2850883
20305,5.2855681
20306,5.2863798
20307,5.2867912
20308,5.2870491
20309,5.2873748
20310,5.2878209
20311,5.2883217
20312,5.2886559
20313,5.2890271
20314,5.2895536
20315,5.2901438
20316,5.2902368
20317,5.2905178
20318,5.2905178
20319,5.2911224
20320,5.2915363
20321,5.2920759
20322,5.2924956
20323,5.2928962
20324,5.2933207
20325,5.2938818
20326,5.2943409
20327,5.2952197
20328,5.2960427
20329,5.2965097
20330,5.2970272
20331,5.2975622
20332,5.2979029
20333,5.2982003
20334,5.298335
20335,5.2988639
20336,5.2992109
20337,5.2997359
20338,5.3000573
20339,5.3004477
20340,5.3008559
20341,5.3013899
20342,5.3020924
20343,5.3028483
20344,5.3032465
20345,5.3035626
20346,5.3037898
20347,5.3040571
20348,5.3043934
20349,5.3046345
20350,5.3048541
20351,5.3050665
20352,5.3051657
20353,5.3053771
20354,5.3054512
20355,5.305625
20356,5.3059649
20357,5.3062031
20358,5.3066325
20359,5.3069372
20360,5.3074816
20361,5.3078773
20362,5.3083145
20363,5.3086225
20364,5.3088342
20365,5.3092239
20366,5.3095323
20367,5.3097325
20368,5.3099378
20369,5.310061
20370,5.3103629
20371,5.3107471
20372,5.310964
20373,5.3113351
20374,5.3114555
20375,5.3117588
20376,5.3120719
20377,5.3124814
20378,5.3127533
20379,5.3128418
20380,5.3129903
20381,5.3132522
20382,5.3134116
20383,5.3135463
20384,5.3135463
20385,5.3136499
20386,5.3138468
20387,5.3141771
20388,5.3143682
20389,5.3144803
20390,5.3147637
20391,5.3147769
20392,5.3147769
20393,5.3147769
20394,5.3147769
20395,5.3150398
20396,5.3150804
20397,5.3157162
20398,5.3163052
20399,5.3167732
20400,5.3175937
20401,5.3179436
20402,5.3183111
20403,5.3189006
20404,5.3195712
20405,5.3209284
20406,5.3219646
20407,5.3232273
20408,5.3245215
20409,5.3258303
20410,5.3268549
20411,5.3271138
20412,5.3277615
20413,5.328326
20414,5.3287915
20415,5.3293419
20416,5.3300709
20417,5.3302815
20418,5.3310986
20419,5.3319615
20420,5.3325637
20421,5.3335356
20422,5.3342015
20423,5.3352946
20424,5.3356593
20425,5.3360367
20426,5.3368435
20427,5.3379692
20428,5.3387679
20429,5.3397958
20430,5.3411139
20431,5.3420554
20432,5.3430385
20433,5.3439251
20434,5.3444677
20435,5.345364
20436,5.3459465
20437,5.3465389
20438,5.3472992
20439,5.3480304
20440,5.3485829
20441,5.3491244
20442,5.3495963
20443,5.3502458
20444,5.3507279
20445,5.3516393
20446,5.352417
20447,5.3530655
20448,5.3539521
20449,5.3549297
20450,5.3559485
20451,5.3567605
20452,5.3576109
20453,5.3585759
20454,5.3591672
20455,5.3595489
20456,5.3603601
20457,5.3615891
20458,5.3622244
20459,5.3634658
20460,5.3644544
20461,5.364991
20462,5.3661454
20463,5.3670908
20464,5.3678412
20465,5.3689352
20466,5.3700268
20467,5.3712265
20468,5.372177
20469,5.3729127
20470,5.3739866
20471,5.3748598
20472,5.3755324
20473,5.3763874
20474,5.3772655
20475,5.3784247
20476,5.3788377
20477,5.379516
20478,5.3802279
20479,5.3809188
20480,5.3811816
20481,5.3817787
20482,5.3820577
20483,5.3827224
20484,5.3834339
20485,5.3839426
20486,5.3847082
20487,5.3856017
20488,5.386382
20489,5.3872544
20490,5.3881612
20491,5.3885171
20492,5.3896722
20493,5.3902915
20494,5.3910376
20495,5.3918357
20496,5.3923719
20497,5.3928783
20498,5.3934596
20499,5.3941293
20500,5.3945066
20501,5.3952944
20502,5.3964868
20503,5.3972349
20504,5.3981251
20505,5.3983284
20506,5.3993411
20507,5.3999996
20508,5.4008919
20509,5.4016197
20510,5.4021235
20511,5.4030381
20512,5.4037405
20513,5.4041533
20514,5.4048378
20515,5.4054023
20516,5.4055762
20517,5.4060281
20518,5.4067525
20519,5.4074416
20520,5.4076028
20521,5.4083609
20522,5.4089402
20523,5.4093648
20524,5.4100071
20525,5.4105498
20526,5.4111884
20527,5.4120226
20528,5.4128693
20529,5.4134489
20530,5.4138978
20531,5.4142046
20532,5.4148812
20533,5.4153715
20534,5.4167267
20535,5.4173005
20536,5.4176791
20537,5.4183953
20538,5.418714
20539,5.418986
20540,5.4194103
20541,5.4198841
20542,5.4205928
20543,5.4211004
20544,5.4218751
20545,5.4219555
20546,5.422253
20547,5.422387
20548,5.4226705
20549,5.4236018
20550,5.423994
20551,5.4244659
20552,5.4250214
20553,5.4255012
20554,5.425694
20555,5.4261509
20556,5.4261523
20557,5.4267678
20558,5.427108
20559,5.4272253
20560,5.4272253
20561,5.4274004
20562,5.4278765
20563,5.4284499
20564,5.4292518
20565,5.4297091
20566,5.4302909
20567,5.4303168
20568,5.430792
20569,5.430792
20570,5.4312614
20571,5.4316624
20572,5.4321775
20573,5.4324349
20574,5.4328102
20575,5.4334625
20576,5.4338085
20577,5.434094
20578,5.4342319
20579,5.4345977
20580,5.4350433
20581,5.4354997
20582,5.4358319
20583,5.4361142
20584,5.4364008
20585,5.4365185
20586,5.4366292
20587,5.4366292
20588,5.436718
20589,5.4368091
20590,5.4376257
20591,5.4376257
20592,5.4380256
20593,5.4380459
20594,5.4385469
20595,5.4385836
20596,5.4387023
20597,5.4388631
20598,5.4390968
20599,5.4391113
20600,5.4393621
20601,5.4394532
20602,5.4397587
20603,5.4400262
20604,5.4406279
20605,5.4406615
20606,5.4409533
20607,5.4413625
20608,5.4417081
20609,5.442241
20610,5.4429506
20611,5.4436305
20612,5.4438612
20613,5.4448835
20614,5.4448835
20615,5.4455114
20616,5.4459998
20617,5.4463153
20618,5.4466339
20619,5.4471379
20620,5.4474151
20621,5.4483784
20622,5.4487089
20623,5.4491317
20624,5.4492768
20625,5.4495116
20626,5.4495666
20627,5.4500415
20628,5.4501963
20629,5.450249
20630,5.4504295
20631,5.4504295
20632,5.450785
20633,5.4512597
20634,5.4517234
20635,5.4520365
20636,5.4522757
20637,5.4526849
20638,5.4527757
20639,5.4528961
20640,5.4531648
20641,5.4533487
20642,5.4534932
20643,5.4542223
20644,5.4542805
20645,5.4544494
20646,5.454613
20647,5.4547901
20648,5.4550656
20649,5.4550656
20650,5.4554554
20651,5.4556327
20652,5.456128
20653,5.4569893
20654,5.4570844
20655,5.4570844
20656,5.4573401
20657,5.4576577
20658,5.4576959
20659,5.4576959
20660,5.4577808
20661,5.4581816
20662,5.4581816
20663,5.4581816
20664,5.4584203
20665,5.4590409
20666,5.4599513
20667,5.4603287
20668,5.4604764
20669,5.4607249
20670,5.4607249
20671,5.4610422
20672,5.4610564
20673,5.4613171
20674,5.4614507
20675,5.4615565
20676,5.4615769
20677,5.4615769
20678,5.4616399
20679,5.4616399
20680,5.4621187
20681,5.462179
20682,5.4624337
20683,5.4624337
20684,5.4624666
20685,5.4625434
20686,5.4625434
20687,5.4626082
20688,5.4627617
20689,5.4631007
20690,5.463438
20691,5.463438
20692,5.4635848
20693,5.4637879
20694,5.4637879
20695,5.4638185
20696,5.4645112
20697,5.4646448
20698,5.4646549
20699,5.4650326
20700,5.4651814
20701,5.4656835
20702,5.465767
20703,5.465767
20704,5.4661825
20705,5.4666749
20706,5.4666808
20707,5.4670065
20708,5.4676863
20709,5.4690455
20710,5.4693851
20711,5.4693851
20712,5.4697156
20713,5.4697659
20714,5.4708183
20715,5.4714204
20716,5.4717065
20717,5.4718963
20718,5.4720683
20719,5.4720683
20720,5.4720683
20721,5.4724469
20722,5.472597
20723,5.4730546
20724,5.4733534
20725,5.4738044
20726,5.4738044
20727,5.4738807
20728,5.4739734
20729,5.474168
20730,5.474446
20731,5.4744801
20732,5.4753435
20733,5.4754507
20734,5.4755732
20735,5.4755732
20736,5.4755732
20737,5.4755732
20738,5.4755732
20739,5.4765021
20740,5.4769763
20741,5.4771759
20742,5.4773092
20743,5.4776067
20744,5.4778759
20745,5.4780431
20746,5.478102
20747,5.4781511
20748,5.4783826
20749,5.4786396
20750,5.4789862
20751,5.4796093
20752,5.47982
20753,5.4799292
20754,5.4799639
20755,5.4801809
20756,5.4803785
20757,5.480386
20758,5.4806833
20759,5.4809068
20760,5.4811043
20761,5.4813323
20762,5.4816396
20763,5.4817261
20764,5.4817319
20765,5.4817319
20766,5.4817319
20767,5.4817481
20768,5.4818324
20769,5.4822863
20770,5.4822863
20771,5.4822863
20772,5.4822863
20773,5.4823859
20774,5.4824789
20775,5.4827181
20776,5.4829329
20777,5.483144
20778,5.4832246
20779,5.4834979
20780,5.4837776
20781,5.4837776
20782,5.4844334
20783,5.4845398
20784,5.4849522
20785,5.4849522
20786,5.485471
20787,5.4856227
20788,5.4857168
20789,5.4858835
20790,5.4871295
20791,5.4880022
20792,5.4882147
20793,5.4884929
20794,5.4885117
20795,5.4890155
20796,5.4892443
20797,5.4892443
20798,5.4905544
20799,5.4910012
20800,5.4911389
20801,5.4913091
20802,5.4914782
20803,5.4916989
20804,5.4925807
20805,5.4930781
20806,5.4933813
20807,5.4934185
20808,5.493755
20809,5.4941455
20810,5.4945286
20811,5.494713
20812,5.4951938
20813,5.4951938
20814,5.4952992
20815,5.4955629
20816,5.4956731
20817,5.4958039
20818,5.4960079
20819,5.4960079
20820,5.4966885
20821,5.4969667
20822,5.4969667
20823,5.4971369
20824,5.4973462
20825,5.4978951
20826,5.4982354
20827,5.49859
20828,5.4991985
20829,5.4994646
20830,5.5000082
20831,5.5003747
20832,5.5007639
20833,5.5007639
20834,5.5007639
20835,5.5011806
20836,5.5017534
20837,5.5018336
20838,5.502074
20839,5.5020881
20840,5.5023416
20841,5.5034952
20842,5.5036771
20843,5.5039579
20844,5.5039579
20845,5.5043419
20846,5.5043724
20847,5.504981
20848,5.5052561
20849,5.5059818
20850,5.5059818
20851,5.5060082
20852,5.506084
20853,5.5061437
20854,5.5069671
20855,5.5073108
20856,5.5083658
20857,5.5088344
20858,5.5093723
20859,5.5096374
20860,5.5106761
20861,5.5108052
20862,5.5117758
20863,5.5120928
20864,5.5126451
20865,5.5132557
20866,5.513599
20867,5.513715
20868,5.5146244
20869,5.5151057
20870,5.5154908
20871,5.5159617
20872,5.5162982
20873,5.5165209
20874,5.5165209
20875,5.5168071
20876,5.5170713
20877,5.5171014
20878,5.5176347
20879,5.5176347
20880,5.5176853
20881,5.5178297
20882,5.5179939
20883,5.5188006
20884,5.5199465
20885,5.5204349
20886,5.5212654
20887,5.521653
20888,5.5217044
20889,5.5221626
20890,5.5227622
20891,5.5238714
20892,5.5238714
20893,5.5241082
20894,5.5249166
20895,5.525347
20896,5.5260318
20897,5.5263437
20898,5.5271822
20899,5.5280439
20900,5.528841
20901,5.5296811
20902,5.5303087
20903,5.5312017
20904,5.5318062
20905,5.5326193
20906,5.5339139
20907,5.5341276
20908,5.5344634
20909,5.5350094
20910,5.5358826
20911,5.5363716
20912,5.5368515
20913,5.5375065
20914,5.5383014
20915,5.5386844
20916,5.5391519
20917,5.5400243
20918,5.5402278
20919,5.5407507
20920,5.5409932
20921,5.5414224
20922,5.5414579
20923,5.5421535
20924,5.5429756
20925,5.5433942
20926,5.5440844
20927,5.5446819
20928,5.5451408
20929,5.5456592
20930,5.546147
20931,5.5471767
20932,5.54799
20933,5.5482303
20934,5.548452
20935,5.5490426
20936,5.5500926
20937,5.5503256
20938,5.5504556
20939,5.5509983
20940,5.5514809
20941,5.5525629
20942,5.5527929
20943,5.5540963
20944,5.5545815
20945,5.5548719
20946,5.5557107
20947,5.5564432
20948,5.5572535
20949,5.5575887
20950,5.5580096
20951,5.5587251
20952,5.5592514
20953,5.5602358
20954,5.5605661
20955,5.5610479
20956,5.5614575
20957,5.5627344
20958,5.5629963
20959,5.5633836
20960,5.5633836
20961,5.5634411
20962,5.5648912
20963,5.5655914
20964,5.5662203
20965,5.5667861
20966,5.5670359
20967,5.5672805
20968,5.567418
20969,5.5678454
20970,5.569169
20971,5.5699803
20972,5.5705463
20973,5.5711076
20974,5.5718547
20975,5.5723557
20976,5.5725568
20977,5.5737275
20978,5.5741935
20979,5.574624
20980,5.5752314
20981,5.5758348
20982,5.5760548
20983,5.5768096
20984,5.5770137
20985,5.577135
20986,5.577359
20987,5.5780241
20988,5.5781509
20989,5.578488
20990,5.5793142
20991,5.5794786
20992,5.5797848
20993,5.5798723
20994,5.5798723
20995,5.5803655
20996,5.5808111
20997,5.5814109
20998,5.5816117
20999,5.5816117
21000,5.5819069
21001,5.5819069
21002,5.5825621
21003,5.5828058
21004,5.5836214
21005,5.5841862
21006,5.5842585
21007,5.5845452
21008,5.5854185
21009,5.5865564
21010,5.5876508
21011,5.588071
21012,5.5889727
21013,5.5894228
21014,5.5904967
21015,5.5907591
21016,5.5913281
21017,5.592051
21018,5.5922962
21019,5.5923044
21020,5.593096
21021,5.593671
21022,5.5939033
21023,5.5949193
21024,5.5953208
21025,5.595978
21026,5.5960453
21027,5.5963952
21028,5.5966568
21029,5.5976857
21030,5.5982442
21031,5.5987314
21032,5.5999963
21033,5.6004783
21034,5.6020977
21035,5.6029106
21036,5.6038121
21037,5.6039333
21038,5.6039333
21039,5.6042064
21040,5.6043197
21041,5.6043801
21042,5.6043801
21043,5.6043801
21044,5.6045189
21045,5.6046049
21046,5.6046049
21047,5.6047962
21048,5.6050462
21049,5.6050462
21050,5.6054074
21051,5.6060457
21052,5.6060457
21053,5.6064644
21054,5.6066352
21055,5.6066352
21056,5.6068201
21057,5.607118
21058,5.607118
21059,5.6077781
21060,5.6079365
21061,5.6079365
21062,5.6085384
21063,5.6088491
21064,5.6096622
21065,5.6098776
21066,5.6104327
21067,5.6104327
21068,5.6104833
21069,5.6106467
21070,5.6106467
21071,5.6108983
21072,5.6111864
21073,5.6112086
21074,5.6112086
21075,5.6112086
21076,5.611366
21077,5.611972
21078,5.611972
21079,5.6119884
21080,5.6120052
21081,5.6121942
21082,5.6122285
21083,5.6122285
21084,5.6126049
21085,5.6135412
21086,5.6135412
21087,5.6140325
21088,5.6141936
21089,5.6141936
21090,5.6142544
21091,5.6145833
21092,5.6153077
21093,5.6160782
21094,5.6169768
21095,5.6178425
21096,5.6183219
21097,5.6184437
21098,5.6184437
21099,5.618774
21100,5.618774
21101,5.6190289
21102,5.6194363
21103,5.6196502
21104,5.6197486
21105,5.6199011
21106,5.619952
21107,5.6202553
21108,5.6202553
21109,5.6204435
21110,5.6204435
21111,5.6206074
21112,5.6206074
21113,5.6213354
21114,5.6217579
21115,5.621823
21116,5.6220179
21117,5.6222929
21118,5.6225348
21119,5.6226666
21120,5.6228377
21121,5.6228377
21122,5.6234664
21123,5.6236867
21124,5.6241363
21125,5.6244544
21126,5.6246924
21127,5.6254013
21128,5.6255851
21129,5.6257406
21130,5.6257406
21131,5.6260282
21132,5.6262844
21133,5.626326
21134,5.6266858
21135,5.6275686
21136,5.6278212
21137,5.6282249
21138,5.6282647
21139,5.628278
21140,5.6285679
21141,5.6286693
21142,5.6287137
21143,5.6287447
21144,5.6287447
21145,5.6287672
21146,5.6289186
21147,5.6291209
21148,5.6293437
21149,5.6295542
21150,5.6296215
21151,5.6296215
21152,5.6296615
21153,5.6296615
21154,5.6298235
21155,5.6298235
21156,5.6298235
21157,5.630004
21158,5.6302648
21159,5.6302648
21160,5.6302648
21161,5.630265
21162,5.630265
21163,5.630265
21164,5.630265
21165,5.630265
21166,5.630265
21167,5.6302657
21168,5.6302657
21169,5.6302721
21170,5.6302721
21171,5.6302721
21172,5.6306071
21173,5.6309509
21174,5.6310978
21175,5.6310978
21176,5.6311342
21177,5.6314538
21178,5.6318553
21179,5.6318677
21180,5.6318677
21181,5.6318677
21182,5.6320883
21183,5.6323238
21184,5.6325599
21185,5.6325947
21186,5.6325947
21187,5.6328337
21188,5.6328337
21189,5.6332044
21190,5.633528
21191,5.6336219
21192,5.6336219
21193,5.6337281
21194,5.6341333
21195,5.6341333
21196,5.6344913
21197,5.6351349
21198,5.6355971
21199,5.6362354
21200,5.6362822
21201,5.6364264
21202,5.6373911
21203,5.6374938
21204,5.6375846
21205,5.6377863
21206,5.6379749
21207,5.6380197
21208,5.6383357
21209,5.6384038
21210,5.6387225
21211,5.6390067
21212,5.6392373
21213,5.6392373
21214,5.6396093
21215,5.6396093
21216,5.6397693
21217,5.6398291
21218,5.6398291
21219,5.6398469
21220,5.6400618
21221,5.6400618
21222,5.6400618
21223,5.6402637
21224,5.6402637
21225,5.6409702
21226,5.6415856
21227,5.6416659
21228,5.6421944
21229,5.6427115
21230,5.6429366
21231,5.6436873
21232,5.6442088
21233,5.6447034
21234,5.6448563
21235,5.6453063
21236,5.6464402
21237,5.6466666
21238,5.6472325
21239,5.6475406
21240,5.6477769
21241,5.6480229
21242,5.6488616
21243,5.649047
21244,5.6496388
21245,5.6499905
21246,5.6509013
21247,5.6514592
21248,5.6523183
21249,5.6531747
21250,5.6531936
21251,5.6534905
21252,5.6535526
21253,5.653959
21254,5.6543981
21255,5.6550926
21256,5.6559857
21257,5.6564667
21258,5.6568503
21259,5.6571296
21260,5.6580464
21261,5.6588825
21262,5.6598321
21263,5.6601193
21264,5.66075
21265,5.6610057
21266,5.6611855
21267,5.661407
21268,5.6617024
21269,5.6621385
21270,5.6624897
21271,5.6627815
21272,5.6628567
21273,5.6640872
21274,5.6647753
21275,5.6649838
21276,5.6653786
21277,5.6654365
21278,5.6659231
21279,5.6663749
21280,5.6669894
21281,5.667788
21282,5.6681785
21283,5.6692448
21284,5.6696434
21285,5.6699279
21286,5.6705049
21287,5.6711028
21288,5.6718398
21289,5.672417
21290,5.6732027
21291,5.6735921
21292,5.6740751
21293,5.6745347
21294,5.6752495
21295,5.6759256
21296,5.6766023
21297,5.6766514
21298,5.6776066
21299,5.6785178
21300,5.6798335
21301,5.6800645
21302,5.6809601
21303,5.6813519
21304,5.6819014
21305,5.6823609
21306,5.682683
21307,5.6833102
21308,5.6835527
21309,5.6842599
21310,5.6849121
21311,5.6853994
21312,5.6861292
21313,5.6864204
21314,5.6866439
21315,5.6873357
21316,5.687536
21317,5.687933
21318,5.6882186
21319,5.68845
21320,5.6890419
21321,5.6895034
21322,5.6897619
21323,5.6901579
21324,5.690521
21325,5.6911678
21326,5.6916776
21327,5.6922621
21328,5.6927521
21329,5.6932778
21330,5.6939591
21331,5.6945526
21332,5.6949482
21333,5.6951537
21334,5.6955412
21335,5.6960357
21336,5.696565
21337,5.6968553
21338,5.6973018
21339,5.6977194
21340,5.6980619
21341,5.6986451
21342,5.6990999
21343,5.6994312
21344,5.7000747
21345,5.7010249
21346,5.7013075
21347,5.7016659
21348,5.7020178
21349,5.7024083
21350,5.7034002
21351,5.7038461
21352,5.7038957
21353,5.7042623
21354,5.7043531
21355,5.7052088
21356,5.705846
21357,5.7063492
21358,5.7071338
21359,5.707432
21360,5.7075082
21361,5.7079488
21362,5.7080387
21363,5.7080489
21364,5.709004
21365,5.7095779
21366,5.7100842
21367,5.7106028
21368,5.7111783
21369,5.7113028
21370,5.7116232
21371,5.7121608
21372,5.7127567
21373,5.7130094
21374,5.7134747
21375,5.7141436
21376,5.714619
21377,5.7148997
21378,5.7154712
21379,5.7160057
21380,5.7161741
21381,5.7169411
21382,5.7177061
21383,5.7178299
21384,5.7181904
21385,5.7186374
21386,5.7192106
21387,5.719817
21388,5.7202965
21389,5.7207034
21390,5.721608
21391,5.7221747
21392,5.7229276
21393,5.7231886
21394,5.7233433
21395,5.7236609
21396,5.7238148
21397,5.7242355
21398,5.7243738
21399,5.724829
21400,5.725273
21401,5.7258616
21402,5.7263394
21403,5.7269863
21404,5.7273701
21405,5.7277434
21406,5.7280494
21407,5.7286321
21408,5.7294338
21409,5.7298125
21410,5.7300758
21411,5.7306634
21412,5.7311668
21413,5.7316012
21414,5.7318752
21415,5.7323818
21416,5.7323818
21417,5.7328118
21418,5.733404
21419,5.7340138
21420,5.7348395
21421,5.7351569
21422,5.7357112
21423,5.7360445
21424,5.7363369
21425,5.7367142
21426,5.7371326
21427,5.7376687
21428,5.7378092
21429,5.73801
21430,5.7385448
21431,5.739024
21432,5.7393805
21433,5.7398277
21434,5.7401611
21435,5.740713
21436,5.7410236
21437,5.7415558
21438,5.7418954
21439,5.7423976
21440,5.7427578
21441,5.7433025
21442,5.743776
21443,5.7443026
21444,5.7444023
21445,5.7447059
21446,5.7450639
21447,5.7457176
21448,5.746237
21449,5.746237
21450,5.7468452
21451,5.747355
21452,5.7479262
21453,5.7484775
21454,5.7484802
21455,5.7490284
21456,5.7497077
21457,5.7500964
21458,5.7505811
21459,5.7509802
21460,5.7513278
21461,5.7514439
21462,5.7516739
21463,5.7521556
21464,5.7522818
21465,5.7523948
21466,5.7528114
21467,5.7535616
21468,5.7546759
21469,5.7553081
21470,5.755614
21471,5.755912
21472,5.7564812
21473,5.7565837
21474,5.7571062
21475,5.758014
21476,5.758643
21477,5.7593606
21478,5.7595395
21479,5.7598768
21480,5.7603312
21481,5.7611886
21482,5.7620236
21483,5.7622119
21484,5.7626397
21485,5.7628346
21486,5.7630032
21487,5.7634244
21488,5.7639725
21489,5.7646346
21490,5.7649684
21491,5.7652221
21492,5.7658547
21493,5.7664391
21494,5.7671299
21495,5.7676437
21496,5.767809
21497,5.7683915
21498,5.7689162
21499,5.7692136
21500,5.7697145
21501,5.7703372
21502,5.7707359
21503,5.771375
21504,5.7719074
21505,5.772568
21506,5.7732224
21507,5.7741349
21508,5.7743764
21509,5.7749962
21510,5.775677
21511,5.7763386
21512,5.7769657
21513,5.7778196
21514,5.7786027
21515,5.7792093
21516,5.7796838
21517,5.7799702
21518,5.7804289
21519,5.7813047
21520,5.7820199
21521,5.7825898
21522,5.7837635
21523,5.7842195
21524,5.7847448
21525,5.785128
21526,5.7859988
21527,5.7866673
21528,5.7873051
21529,5.7878869
21530,5.7885825
21531,5.789508
21532,5.790377
21533,5.7911621
21534,5.791671
21535,5.7921992
21536,5.7925521
21537,5.7931322
21538,5.7940757
21539,5.7950288
21540,5.7956345
21541,5.7960642
21542,5.7967894
21543,5.7972455
21544,5.7978862
21545,5.7987984
21546,5.7995504
21547,5.8002247
21548,5.8007581
21549,5.8013982
21550,5.801657
21551,5.8020471
21552,5.8026545
21553,5.8034463
21554,5.8039393
21555,5.8045956
21556,5.8051892
21557,5.8054938
21558,5.8060356
21559,5.8063582
21560,5.8071815
21561,5.8074914
21562,5.8079232
21563,5.8083757
21564,5.8089911
21565,5.8095774
21566,5.809947
21567,5.8107014
21568,5.8110187
21569,5.811706
21570,5.8121308
21571,5.8125927
21572,5.8129027
21573,5.8134079
21574,5.8141466
21575,5.8147063
21576,5.815162
21577,5.8159486
21578,5.8164112
21579,5.8168927
21580,5.8177009
21581,5.8187103
21582,5.818713
21583,5.8193557
21584,5.820137
21585,5.8206452
21586,5.8214344
21587,5.8217251
21588,5.8224758
21589,5.8228318
21590,5.8233387
21591,5.8236468
21592,5.8243175
21593,5.8247104
21594,5.8247944
21595,5.8248458
21596,5.8255523
21597,5.8261326
21598,5.8263572
21599,5.8266102
21600,5.8269735
21601,5.8276177
21602,5.828314
21603,5.8290771
21604,5.8295501
21605,5.8297896
21606,5.8310675
21607,5.8314318
21608,5.8317432
21609,5.8321949
21610,5.8326046
21611,5.8331597
21612,5.8332208
21613,5.8334519
21614,5.8339707
21615,5.8340591
21616,5.8344361
21617,5.8346722
21618,5.8352127
21619,5.8353274
21620,5.8357051
21621,5.8362084
21622,5.836553
21623,5.8368064
21624,5.8371122
21625,5.8377443
21626,5.8378828
21627,5.8382834
21628,5.8385719
21629,5.8387384
21630,5.8395295
21631,5.8398959
21632,5.8402002
21633,5.84069
21634,5.8410528
21635,5.8414596
21636,5.8419093
21637,5.8425072
21638,5.8430951
21639,5.8432606
21640,5.8436258
21641,5.8440137
21642,5.8444487
21643,5.8448006
21644,5.8453824
21645,5.8458324
21646,5.8460786
21647,5.8462303
21648,5.8468145
21649,5.8473956
21650,5.8474421
21651,5.8475926
21652,5.8476954
21653,5.84814
21654,5.84814
21655,5.8483893
21656,5.8483898
21657,5.8486603
21658,5.8487429
21659,5.8492965
21660,5.8496184
21661,5.8498232
21662,5.850245
21663,5.8506965
21664,5.8512266
21665,5.8514246
21666,5.8514246
21667,5.8518602
21668,5.8526013
21669,5.8530088
21670,5.8533403
21671,5.8539407
21672,5.8539407
21673,5.8542501
21674,5.8547486
21675,5.8554044
21676,5.8559538
21677,5.8564729
21678,5.856824
21679,5.8572773
21680,5.8576789
21681,5.8578025
21682,5.858125
21683,5.8582388
21684,5.8588556
21685,5.8592188
21686,5.8592188
21687,5.8595321
21688,5.8599921
21689,5.860209
21690,5.860539
21691,5.8607169
21692,5.861279
21693,5.8614724
21694,5.8618841
21695,5.8622807
21696,5.8628253
21697,5.8634551
21698,5.8634551
21699,5.8635012
21700,5.8635856
21701,5.8640614
21702,5.864321
21703,5.8645195
21704,5.8646896
21705,5.8651687
21706,5.8651687
21707,5.8655163
21708,5.866057
21709,5.8662532
21710,5.8665403
21711,5.8668528
21712,5.8668528
21713,5.8669919
21714,5.8670297
21715,5.8671165
21716,5.8677928
21717,5.8677928
21718,5.8677928
21719,5.8679334
21720,5.8684003
21721,5.868571
21722,5.868571
21723,5.868571
21724,5.8686771
21725,5.8689538
21726,5.8691187
21727,5.8694665
21728,5.8695571
21729,5.8698615
21730,5.8700282
21731,5.8700282
21732,5.8702992
21733,5.8703614
21734,5.8705976
21735,5.8705976
21736,5.870947
21737,5.8711495
21738,5.8712243
21739,5.871334
21740,5.8717148
21741,5.8717148
21742,5.8717148
21743,5.8721055
21744,5.8722732
21745,5.8723752
21746,5.8723752
21747,5.8726681
21748,5.8726681
21749,5.8728331
21750,5.8728418
21751,5.873127
21752,5.8736615
21753,5.8736615
21754,5.8736615
21755,5.8740028
21756,5.8740955
21757,5.8740955
21758,5.874289
21759,5.8744028
21760,5.8747266
21761,5.875076
21762,5.8751225
21763,5.8752466
21764,5.8755551
21765,5.8755828
21766,5.8755828
21767,5.8759747
21768,5.8759747
21769,5.8761462
21770,5.8761462
21771,5.8767919
21772,5.8767919
21773,5.8767919
21774,5.8767919
21775,5.8769982
21776,5.8772282
21777,5.8772285
21778,5.8773053
21779,5.8773053
21780,5.8774444
21781,5.8775621
21782,5.8778755
21783,5.8782873
21784,5.8783618
21785,5.8784346
21786,5.8784346
21787,5.8784346
21788,5.8784725
21789,5.8784725
21790,5.878803
21791,5.878873
21792,5.8789432
21793,5.879177
21794,5.8792396
21795,5.8794282
21796,5.8794282
21797,5.8796097
21798,5.879751
21799,5.8801437
21800,5.8802252
21801,5.8802401
21802,5.8804014
21803,5.8806718
21804,5.880812
21805,5.880812
21806,5.880812
21807,5.8808588
21808,5.8808588
21809,5.8811073
21810,5.8811073
21811,5.8812281
21812,5.8812281
21813,5.8812281
21814,5.8817104
21815,5.8817285
21816,5.8820391
21817,5.882178
21818,5.8822895
21819,5.8823656
21820,5.8823656
21821,5.8823656
21822,5.8823656
21823,5.8824552
21824,5.8825053
21825,5.8825053
21826,5.8826233
21827,5.8827548
21828,5.8829081
21829,5.8830797
21830,5.8833102
21831,5.883482
21832,5.8837092
21833,5.8837092
21834,5.8840782
21835,5.8841261
21836,5.8841876
21837,5.8842485
21838,5.8843754
21839,5.8845014
21840,5.8845014
21841,5.8845977
21842,5.8845977
21843,5.8845977
21844,5.8847242
21845,5.8849214
21846,5.8849532
21847,5.8850985
21848,5.8851099
21849,5.8851099
21850,5.8852233
21851,5.8852415
21852,5.8852415
21853,5.8852415
21854,5.8852415
21855,5.8852415
21856,5.8852415
21857,5.8853584
21858,5.8853584
21859,5.8853584
21860,5.8856414
21861,5.8859446
21862,5.8859446
21863,5.8861851
21864,5.8861851
21865,5.8861851
21866,5.8862042
21867,5.8864254
21868,5.8868275
21869,5.8869431
21870,5.8872089
21871,5.8873817
21872,5.8876517
21873,5.8877392
21874,5.8877392
21875,5.8883046
21876,5.8883046
21877,5.8887172
21878,5.889077
21879,5.8895571
21880,5.8895571
21881,5.8896131
21882,5.8896131
21883,5.8897632
21884,5.8898038
21885,5.8898038
21886,5.8898038
21887,5.8900725
21888,5.8902161
21889,5.8902161
21890,5.8902161
21891,5.8902198
21892,5.8903496
21893,5.8906348
21894,5.8906348
21895,5.8909797
21896,5.8911704
21897,5.8911704
21898,5.8914892
21899,5.8915184
21900,5.8917131
21901,5.8917808
21902,5.8917808
21903,5.8921008
21904,5.8922524
21905,5.8924423
21906,5.8927291
21907,5.8932236
21908,5.8936079
21909,5.8939336
21910,5.8941693
21911,5.8941693
21912,5.8941693
21913,5.8941693
21914,5.8942954
21915,5.8943214
21916,5.8943408
21917,5.8944707
21918,5.8949114
21919,5.8950604
21920,5.8950604
21921,5.8952863
21922,5.8955519
21923,5.8955731
21924,5.8961042
21925,5.8963281
21926,5.8967014
21927,5.8968589
21928,5.8969431
21929,5.8971587
21930,5.8973108
21931,5.8974951
21932,5.8979229
21933,5.8984101
21934,5.8987567
21935,5.8990009
21936,5.8994399
21937,5.8994399
21938,5.8995085
21939,5.8995879
21940,5.8995879
21941,5.8996458
21942,5.8997672
21943,5.9000644
21944,5.9000644
21945,5.9000644
21946,5.9001456
21947,5.9003214
21948,5.9003214
21949,5.9003746
21950,5.9003746
21951,5.9004029
21952,5.9004098
21953,5.9005059
21954,5.9005059
21955,5.9005564
21956,5.9006379
21957,5.9009261
21958,5.901026
21959,5.9012005
21960,5.9012319
21961,5.9012319
21962,5.9012319
21963,5.901397
21964,5.9016003
21965,5.9016003
21966,5.9017742
21967,5.9017742
21968,5.9017742
21969,5.9018551
21970,5.9022034
21971,5.9022034
21972,5.9022034
21973,5.9022034
21974,5.9022034
21975,5.9022034
21976,5.9022034
21977,5.9023051
21978,5.9023051
21979,5.9023051
21980,5.9026134
21981,5.9030303
21982,5.9030303
21983,5.9030303
21984,5.9032288
21985,5.9035313
21986,5.9035313
21987,5.9036513
21988,5.9041039
21989,5.904119
21990,5.9043118
21991,5.9043118
21992,5.9045925
21993,5.9048217
21994,5.9048244
21995,5.9048244
21996,5.9049814
21997,5.90503
21998,5.90503
21999,5.9054947
22000,5.9057244
22001,5.906041
22002,5.9064891
22003,5.9067325
22004,5.9069297
22005,5.9069991
22006,5.9071015
22007,5.9071015
22008,5.9072934
22009,5.9077819
22010,5.9082521
22011,5.9084558
22012,5.9084558
22013,5.9088848
22014,5.9090607
22015,5.9093816
22016,5.9094147
22017,5.9094369
22018,5.9096809
22019,5.9099858
22020,5.9103284
22021,5.9105723
22022,5.9109649
22023,5.9111363
22024,5.9113941
22025,5.9114165
22026,5.911663
22027,5.911663
22028,5.9118842
22029,5.9118842
22030,5.9118842
22031,5.9119634
22032,5.9121121
22033,5.9126366
22034,5.9128401
22035,5.9132587
22036,5.9138153
22037,5.9138223
22038,5.9141814
22039,5.9141814
22040,5.9142247
22041,5.9142247
22042,5.9143204
22043,5.9143204
22044,5.9145951
22045,5.9149271
22046,5.9153694
22047,5.9158876
22048,5.9158876
22049,5.9161782
22050,5.9164077
22051,5.9164077
22052,5.9169102
22053,5.917141
22054,5.917141
22055,5.9175549
22056,5.9179333
22057,5.9181864
22058,5.9182909
22059,5.9184697
22060,5.9191108
22061,5.9194068
22062,5.9196154
22063,5.9196154
22064,5.9197738
22065,5.9203067
22066,5.920385
22067,5.9206818
22068,5.9210721
22069,5.9212809
22070,5.9213424
22071,5.9213424
22072,5.9215778
22073,5.9216473
22074,5.9216473
22075,5.9218752
22076,5.9221946
22077,5.9223641
22078,5.9223641
22079,5.9223641
22080,5.9223641
22081,5.9223641
22082,5.9223641
22083,5.9223641
22084,5.9226533
22085,5.9226533
22086,5.9226533
22087,5.9226533
22088,5.9229434
22089,5.9230158
22090,5.9237056
22091,5.9237056
22092,5.923898
22093,5.9242049
22094,5.9242634
22095,5.9250375
22096,5.9252651
22097,5.9257475
22098,5.9260767
22099,5.926345
22100,5.926345
22101,5.926741
22102,5.9270875
22103,5.927683
22104,5.9280119
22105,5.9280119
22106,5.928071
22107,5.9284816
22108,5.9285331
22109,5.9288244
22110,5.9288244
22111,5.9289006
22112,5.9290687
22113,5.9290687
22114,5.9294482
22115,5.9298377
22116,5.9300705
22117,5.9302657
22118,5.9306525
22119,5.9307925
22120,5.931243
22121,5.931243
22122,5.9316269
22123,5.9318544
22124,5.9322792
22125,5.9324805
22126,5.9328276
22127,5.9333149
22128,5.9333149
22129,5.9338432
22130,5.9339173
22131,5.9340784
22132,5.934706
22133,5.9350268
22134,5.9350268
22135,5.9353586
22136,5.9356526
22137,5.9357923
22138,5.936058
22139,5.9363942
22140,5.9366736
22141,5.9368808
22142,5.9368808
22143,5.9369864
22144,5.9369864
22145,5.937348
22146,5.9378727
22147,5.938277
22148,5.9385628
22149,5.9390172
22150,5.9393811
22151,5.9399345
22152,5.9402882
22153,5.9406259
22154,5.9410641
22155,5.941143
22156,5.941143
22157,5.9419494
22158,5.9425282
22159,5.9428524
22160,5.9429131
22161,5.9429131
22162,5.9430386
22163,5.9430386
22164,5.9436738
22165,5.9438776
22166,5.9440158
22167,5.9440387
22168,5.944252
22169,5.944252
22170,5.9446635
22171,5.9448726
22172,5.9451
22173,5.9452401
22174,5.9454246
22175,5.9458052
22176,5.9460536
22177,5.9465881
22178,5.9466867
22179,5.9468819
22180,5.9473704
22181,5.9473988
22182,5.9477784
22183,5.9485329
22184,5.9487166
22185,5.9493555
22186,5.9495283
22187,5.9495283
22188,5.9500643
22189,5.9506206
22190,5.9512429
22191,5.9517337
22192,5.9520607
22193,5.9521683
22194,5.9522706
22195,5.9527747
22196,5.9529155
22197,5.9531328
22198,5.9532453
22199,5.9534707
22200,5.9538028
22201,5.9542737
22202,5.9547798
22203,5.9554601
22204,5.9561518
22205,5.9571366
22206,5.9575286
22207,5.9576256
22208,5.9581048
22209,5.9585748
22210,5.9598685
22211,5.9603248
22212,5.9607766
22213,5.9613692
22214,5.9625528
22215,5.9628376
22216,5.9633656
22217,5.9639699
22218,5.9648448
22219,5.9652378
22220,5.9655831
22221,5.9669418
22222,5.9673113
22223,5.9676824
22224,5.9677631
22225,5.9685208
22226,5.9688909
22227,5.9688909
22228,5.9693215
22229,5.9699277
22230,5.9699277
22231,5.9702323
22232,5.9707181
22233,5.9713925
22234,5.9717069
22235,5.9727665
22236,5.9730951
22237,5.9737708
22238,5.9743055
22239,5.9748669
22240,5.9754753
22241,5.9759905
22242,5.9763271
22243,5.9765882
22244,5.9766782
22245,5.9768496
22246,5.9774456
22247,5.9777902
22248,5.9783313
22249,5.9791728
22250,5.9801166
22251,5.9805405
22252,5.980862
22253,5.9814571
22254,5.9822686
22255,5.9827042
22256,5.9830611
22257,5.9835454
22258,5.983776
22259,5.983776
22260,5.9839664
22261,5.9839664
22262,5.9843342
22263,5.9844853
22264,5.9847389
22265,5.9850129
22266,5.9854068
22267,5.9860907
22268,5.9863835
22269,5.986682
22270,5.9868659
22271,5.987477
22272,5.9876399
22273,5.9878151
22274,5.9882405
22275,5.9888373
22276,5.9888483
22277,5.9893877
22278,5.9898501
22279,5.9902767
22280,5.9904237
22281,5.9912581
22282,5.9914122
22283,5.9919267
22284,5.9923145
22285,5.9929304
22286,5.9931616
22287,5.9934407
22288,5.9935181
22289,5.9935181
22290,5.9937296
22291,5.9941221
22292,5.9942344
22293,5.9954874
22294,5.9954874
22295,5.9962795
22296,5.9968281
22297,5.9974192
22298,5.9975672
22299,5.9977042
22300,5.9981165
22301,5.9981165
22302,5.9983603
22303,5.9986234
22304,5.9986234
22305,5.9993767
22306,5.9994732
22307,5.9997328
22308,5.999783
22309,6.0004145
22310,6.0004145
22311,6.0004145
22312,6.0007363
22313,6.0007715
22314,6.0021339
22315,6.0021339
22316,6.0023843
22317,6.0024002
22318,6.002845
22319,6.0035558
22320,6.00403
22321,6.0042248
22322,6.0042248
22323,6.0042845
22324,6.0043281
22325,6.0043281
22326,6.0043281
22327,6.0044279
22328,6.0047272
22329,6.0047272
22330,6.0047334
22331,6.0047334
22332,6.0048713
22333,6.0050722
22334,6.0050722
22335,6.0050722
22336,6.0050722
22337,6.0052004
22338,6.0052004
22339,6.0061514
22340,6.0061584
22341,6.0069764
22342,6.0070716
22343,6.0072271
22344,6.0073711
22345,6.0074841
22346,6.010386
22347,6.0106596
22348,6.0110471
22349,6.0110471
22350,6.0115349
22351,6.0115349
22352,6.0117108
22353,6.0121763
22354,6.0130485
22355,6.0130485
22356,6.0130485
22357,6.0141037
22358,6.0152304
22359,6.0152304
22360,6.0152304
22361,6.0155727
22362,6.015639
22363,6.0160071
22364,6.016059
22365,6.016059
22366,6.0163852
22367,6.0164984
22368,6.0164984
22369,6.0165547
22370,6.0176013
22371,6.0177324
22372,6.0177324
22373,6.0180996
22374,6.0182577
22375,6.0183513
22376,6.0185784
22377,6.0189242
22378,6.0191322
22379,6.0192991
22380,6.0193621
22381,6.0196633
22382,6.019761
22383,6.0202549
22384,6.0204339
22385,6.0208033
22386,6.0208953
22387,6.0208953
22388,6.0208953
22389,6.0210175
22390,6.0215347
22391,6.0224157
22392,6.0224157
22393,6.0228929
22394,6.0237919
22395,6.024325
22396,6.0244669
22397,6.0245283
22398,6.0249489
22399,6.0253803
22400,6.0256163
22401,6.0258951
22402,6.0263929
22403,6.0263929
22404,6.026599
22405,6.0265994
22406,6.0267682
22407,6.0273854
22408,6.0276145
22409,6.0281573
22410,6.0286573
22411,6.0287314
22412,6.0291751
22413,6.0295286
22414,6.0297189
22415,6.0299481
22416,6.0299481
22417,6.0303257
22418,6.0303645
22419,6.0306019
22420,6.0310124
22421,6.0319707
22422,6.0322944
22423,6.0322944
22424,6.0326374
22425,6.0326374
22426,6.0326839
22427,6.0328485
22428,6.0329457
22429,6.0329457
22430,6.0329742
22431,6.0331448
22432,6.0333512
22433,6.0333512
22434,6.0335367
22435,6.0335893
22436,6.03369
22437,6.0340943
22438,6.0341486
22439,6.0349944
22440,6.0349944
22441,6.0352061
22442,6.0355663
22443,6.0358665
22444,6.0360181
22445,6.0361136
22446,6.0361136
22447,6.0361136
22448,6.036374
22449,6.0364451
22450,6.0364451
22451,6.0365608
22452,6.0367263
22453,6.0368949
22454,6.0369029
22455,6.0376528
22456,6.0386729
22457,6.0399316
22458,6.0401055
22459,6.0405057
22460,6.0410298
22461,6.0411983
22462,6.0415815
22463,6.0417795
22464,6.0421391
22465,6.0425681
22466,6.0431349
22467,6.0431349
22468,6.0432478
22469,6.0433293
22470,6.0435171
22471,6.0438402
22472,6.0438955
22473,6.0440076
22474,6.0440664
22475,6.0441974
22476,6.0445608
22477,6.045333
22478,6.0455874
22479,6.0463018
22480,6.0464416
22481,6.0475124
22482,6.0479168
22483,6.0492557
22484,6.0497522
22485,6.0500363
22486,6.0504802
22487,6.0506499
22488,6.0518105
22489,6.0519976
22490,6.0521099
22491,6.0523848
22492,6.0525337
22493,6.0527522
22494,6.0530396
22495,6.0532902
22496,6.0539132
22497,6.0543026
22498,6.0544666
22499,6.054622
22500,6.0548977
22501,6.0551469
22502,6.0552119
22503,6.0552119
22504,6.0556008
22505,6.0562281
22506,6.056975
22507,6.0572954
22508,6.0574421
22509,6.0575178
22510,6.0577811
22511,6.057833
22512,6.0582286
22513,6.0582386
22514,6.0586601
22515,6.0586886
22516,6.0590414
22517,6.0596085
22518,6.0600643
22519,6.0601717
22520,6.0605764
22521,6.0610227
22522,6.0611672
22523,6.0617449
22524,6.0625501
22525,6.0630574
22526,6.0631465
22527,6.0640058
22528,6.0644469
22529,6.0648432
22530,6.0648623
22531,6.0649542
22532,6.0659493
22533,6.0663451
22534,6.0666497
22535,6.0669034
22536,6.0671472
22537,6.0673644
22538,6.067659
22539,6.067659
22540,6.0676994
22541,6.068044
22542,6.0685333
22543,6.0687796
22544,6.0692482
22545,6.0694094
22546,6.0694094
22547,6.069648
22548,6.0698471
22549,6.0701202
22550,6.0707022
22551,6.0707022
22552,6.0708966
22553,6.0712132
22554,6.0712132
22555,6.0716736
22556,6.0716736
22557,6.0719485
22558,6.0720692
22559,6.0721521
22560,6.0724474
22561,6.0730021
22562,6.0734541
22563,6.0734842
22564,6.0742473
22565,6.0752417
22566,6.0753916
22567,6.0760846
22568,6.0764107
22569,6.0766008
22570,6.0768279
22571,6.0773262
22572,6.0776993
22573,6.0783638
22574,6.0784908
22575,6.0787551
22576,6.079234
22577,6.079234
22578,6.0803178
22579,6.080541
22580,6.081064
22581,6.081064
22582,6.0812039
22583,6.0812603
22584,6.0813268
22585,6.0819232
22586,6.0822327
22587,6.0824379
22588,6.0824379
22589,6.0831817
22590,6.0831817
22591,6.0835234
22592,6.0846096
22593,6.0848985
22594,6.0853089
22595,6.0858251
22596,6.0863657
22597,6.0867125
22598,6.0868632
22599,6.0869768
22600,6.0873299
22601,6.0873514
22602,6.0874812
22603,6.0879072
22604,6.0884467
22605,6.0888707
22606,6.0896559
22607,6.0896559
22608,6.0898359
22609,6.0909929
22610,6.0917049
22611,6.0918272
22612,6.0922935
22613,6.0931611
22614,6.0934038
22615,6.0939308
22616,6.094451
22617,6.0945007
22618,6.0947468
22619,6.094878
22620,6.0954486
22621,6.0960063
22622,6.0962517
22623,6.0968399
22624,6.0989193
22625,6.0992975
22626,6.0996184
22627,6.0998251
22628,6.1008574
22629,6.1023663
22630,6.1024277
22631,6.1029505
22632,6.1036598
22633,6.1045475
22634,6.1053357
22635,6.1056475
22636,6.1059396
22637,6.1063628
22638,6.1072532
22639,6.1086685
22640,6.1098581
22641,6.110788
22642,6.1114246
22643,6.111844
22644,6.1123325
22645,6.1126118
22646,6.1130844
22647,6.1130844
22648,6.1142277
22649,6.1146252
22650,6.1155171
22651,6.1159818
22652,6.1159818
22653,6.1164092
22654,6.1164314
22655,6.1167719
22656,6.1170779
22657,6.1176595
22658,6.1179595
22659,6.118554
22660,6.1189172
22661,6.1196067
22662,6.1199201
22663,6.1203768
22664,6.1207644
22665,6.1208883
22666,6.121729
22667,6.1225406
22668,6.1229111
22669,6.1238488
22670,6.1246375
22671,6.1257988
22672,6.1262404
22673,6.126598
22674,6.1266951
22675,6.1272558
22676,6.1278301
22677,6.1283711
22678,6.1287484
22679,6.1293456
22680,6.129454
22681,6.130608
22682,6.1310557
22683,6.1319718
22684,6.1327536
22685,6.1330842
22686,6.1335905
22687,6.1340366
22688,6.1345314
22689,6.1349708
22690,6.135601
22691,6.1362558
22692,6.1368611
22693,6.1373872
22694,6.1381238
22695,6.1385648
22696,6.1392357
22697,6.1401536
22698,6.1404848
22699,6.1414382
22700,6.1424279
22701,6.1433316
22702,6.1442609
22703,6.1456313
22704,6.1466124
22705,6.1472794
22706,6.1477257
22707,6.1489536
22708,6.1496031
22709,6.150189
22710,6.1504188
22711,6.1510913
22712,6.1518207
22713,6.1521707
22714,6.1534213
22715,6.1537372
22716,6.1544165
22717,6.1548866
22718,6.1555118
22719,6.1561265
22720,6.1564674
22721,6.1574529
22722,6.1583245
22723,6.1590166
22724,6.1593077
22725,6.1599159
22726,6.1606123
22727,6.1610722
22728,6.1614494
22729,6.1617568
22730,6.1623674
22731,6.1626892
22732,6.1629753
22733,6.1635207
22734,6.1637577
22735,6.1642553
22736,6.1643992
22737,6.1648866
22738,6.1655138
22739,6.1661288
22740,6.1667703
22741,6.1671562
22742,6.1680831
22743,6.1685199
22744,6.1688125
22745,6.1693723
22746,6.1699121
22747,6.1704851
22748,6.1713902
22749,6.1728539
22750,6.1750651
22751,6.1759906
22752,6.1769451
22753,6.1775872
22754,6.1780006
22755,6.1790677
22756,6.1793962
22757,6.1799501
22758,6.1802033
22759,6.180932
22760,6.1813226
22761,6.181347
22762,6.1816676
22763,6.1821623
22764,6.182539
22765,6.1831376
22766,6.1838651
22767,6.1849627
22768,6.1859
22769,6.1868259
22770,6.1877076
22771,6.1885648
22772,6.1898485
22773,6.1905593
22774,6.19103
22775,6.1918562
22776,6.1923825
22777,6.1934275
22778,6.1942218
22779,6.1943559
22780,6.1952089
22781,6.1959182
22782,6.1967539
22783,6.1974529
22784,6.1978939
22785,6.1985349
22786,6.1992519
22787,6.200038
22788,6.200905
22789,6.2022211
22790,6.2036773
22791,6.2038137
22792,6.2044746
22793,6.2053431
22794,6.2060417
22795,6.206057
22796,6.2068792
22797,6.2072962
22798,6.2080027
22799,6.2083309
22800,6.2083309
22801,6.2090826
22802,6.2097751
22803,6.2106069
22804,6.2115682
22805,6.2125263
22806,6.2130329
22807,6.2138121
22808,6.2150875
22809,6.2162105
22810,6.2172882
22811,6.218467
22812,6.2195361
22813,6.2206253
22814,6.2213768
22815,6.2221369
22816,6.2229715
22817,6.2236883
22818,6.2249307
22819,6.2258631
22820,6.2264822
22821,6.2272401
22822,6.2280026
22823,6.2287171
22824,6.2299387
22825,6.231167
22826,6.2323917
22827,6.2332965
22828,6.2340737
22829,6.2346942
22830,6.2351797
22831,6.2360819
22832,6.2366662
22833,6.2374059
22834,6.2377518
22835,6.2388873
22836,6.2396479
22837,6.2402032
22838,6.2411884
22839,6.2421294
22840,6.2454845
22841,6.2466334
22842,6.2485019
22843,6.2505736
22844,6.2542489
22845,6.2550717
22846,6.2560688
22847,6.2569375
22848,6.2582319
22849,6.2590472
22850,6.2605293
22851,6.2615405
22852,6.2621899
22853,6.2627475
22854,6.2639509
22855,6.2647139
22856,6.2658229
22857,6.267036
22858,6.269725
22859,6.2713486
22860,6.2732496
22861,6.274931
22862,6.276265
22863,6.277889
22864,6.2791686
22865,6.280176
22866,6.2816642
22867,6.2826173
22868,6.2842228
22869,6.285337
22870,6.2859607
22871,6.2867379
22872,6.2880716
22873,6.289882
22874,6.2913402
22875,6.2924687
22876,6.2930757
22877,6.2934361
22878,6.2949513
22879,6.2960857
22880,6.296947
22881,6.2984978
22882,6.3004863
22883,6.3016046
22884,6.3029258
22885,6.3038908
22886,6.3055526
22887,6.3066845
22888,6.3082855
22889,6.3117163
22890,6.3132896
22891,6.3144163
22892,6.3162295
22893,6.3205102
22894,6.321956
22895,6.3236407
22896,6.3254754
22897,6.3264332
22898,6.3275219
22899,6.3288267
22900,6.3297644
22901,6.3305734
22902,6.3313094
22903,6.3320387
22904,6.3326928
22905,6.3332087
22906,6.3342638
22907,6.335779
22908,6.3368933
22909,6.3382396
22910,6.3400466
22911,6.341685
22912,6.3430535
22913,6.3451642
22914,6.346935
22915,6.3492754
22916,6.3513557
22917,6.3525408
22918,6.3535362
22919,6.3553003
22920,6.3564089
22921,6.357574
22922,6.3592152
22923,6.3613598
22924,6.3627703
22925,6.363714
22926,6.3645893
22927,6.3656544
22928,6.3667569
22929,6.3683407
22930,6.3711375
22931,6.3720182
22932,6.3730065
22933,6.374095
22934,6.3754172
22935,6.3765714
22936,6.377977
22937,6.3785305
22938,6.3798947
22939,6.3811701
22940,6.3829832
22941,6.3874564
22942,6.3890897
22943,6.3908712
22944,6.3920503
22945,6.3932719
22946,6.3941763
22947,6.3953722
22948,6.3964587
22949,6.3979463
22950,6.3991547
22951,6.3999339
22952,6.4005749
22953,6.4011508
22954,6.4025016
22955,6.4034569
22956,6.4049547
22957,6.4064291
22958,6.4080255
22959,6.4100936
22960,6.4111336
22961,6.4123605
22962,6.4129185
22963,6.4137935
22964,6.41455
22965,6.4155086
22966,6.4171734
22967,6.4178952
22968,6.4190511
22969,6.419789
22970,6.4212984
22971,6.4219442
22972,6.4232475
22973,6.4239975
22974,6.4255444
22975,6.4265801
22976,6.4277691
22977,6.4288221
22978,6.4294199
22979,6.4307403
22980,6.4310977
22981,6.432326
22982,6.4330445
22983,6.4346928
22984,6.435422
22985,6.4366325
22986,6.4380331
22987,6.4389786
22988,6.4397281
22989,6.4409905
22990,6.4446413
22991,6.4456352
22992,6.447779
22993,6.4489946
22994,6.4500767
22995,6.4513431
22996,6.4525063
22997,6.4541351
22998,6.4557573
22999,6.4572268
23000,6.4579402
23001,6.4591935
23002,6.4605971
23003,6.4613181
23004,6.463082
23005,6.4641527
23006,6.4664615
23007,6.4683851
23008,6.4695861
23009,6.4705116
23010,6.4717497
23011,6.4723958
23012,6.4736778
23013,6.4742054
23014,6.4749562
23015,6.4761521
23016,6.4771974
23017,6.4781785
23018,6.4790107
23019,6.4799969
23020,6.4805451
23021,6.4816763
23022,6.4822768
23023,6.4829881
23024,6.484097
23025,6.4845757
23026,6.4860432
23027,6.4870619
23028,6.4875632
23029,6.4892456
23030,6.4901903
23031,6.4912814
23032,6.4922993
23033,6.49383
23034,6.495183
23035,6.4958834
23036,6.4979746
23037,6.498244
23038,6.4990726
23039,6.5008261
23040,6.5025631
23041,6.5042518
23042,6.5051769
23043,6.5070257
23044,6.5085244
23045,6.5106213
23046,6.5126872
23047,6.5143405
23048,6.5160369
23049,6.5163435
23050,6.5167634
23051,6.5175407
23052,6.5177752
23053,6.5189729
23054,6.5213081
23055,6.52316
23056,6.5233007
23057,6.5240179
23058,6.5249383
23059,6.5255375
23060,6.5267352
23061,6.5277781
23062,6.5288154
23063,6.5296876
23064,6.5304327
23065,6.5316579
23066,6.5319964
23067,6.533119
23068,6.5336507
23069,6.5348223
23070,6.5355941
23071,6.5363724
23072,6.5367355
23073,6.5377536
23074,6.5386893
23075,6.5393281
23076,6.5403456
23077,6.5422512
23078,6.5427441
23079,6.5439086
23080,6.5455774
23081,6.5469209
23082,6.5484848
23083,6.5492203
23084,6.5501778
23085,6.5506257
23086,6.5514362
23087,6.551909
23088,6.5528103
23089,6.5544162
23090,6.5559565
23091,6.5569482
23092,6.5575134
23093,6.5579872
23094,6.5586099
23095,6.5604913
23096,6.5631552
23097,6.5644817
23098,6.5651159
23099,6.5657439
23100,6.5663082
23101,6.5668404
23102,6.5674407
23103,6.5677574
23104,6.5686461
23105,6.569722
23106,6.5707149
23107,6.571268
23108,6.5717369
23109,6.5730663
23110,6.5740465
23111,6.5756282
23112,6.5770131
23113,6.5778939
23114,6.5786711
23115,6.5793612
23116,6.5796725
23117,6.5817141
23118,6.5825306
23119,6.5841344
23120,6.5845709
23121,6.585476
23122,6.5861665
23123,6.5869769
23124,6.5874718
23125,6.5886714
23126,6.5893989
23127,6.5916142
23128,6.5922957
23129,6.5930744
23130,6.5941971
23131,6.5948933
23132,6.5959707
23133,6.5964637
23134,6.5969734
23135,6.5974661
23136,6.5983946
23137,6.5996102
23138,6.6008442
23139,6.6009484
23140,6.6015431
23141,6.6026198
23142,6.6029623
23143,6.6031759
23144,6.603614
23145,6.6040596
23146,6.6042656
23147,6.6049894
23148,6.6056977
23149,6.6065492
23150,6.6068919
23151,6.6074797
23152,6.6078054
23153,6.608577
23154,6.6100114
23155,6.6105154
23156,6.6115158
23157,6.6119295
23158,6.612237
23159,6.6126772
23160,6.6136641
23161,6.6145344
23162,6.615385
23163,6.6170187
23164,6.6180521
23165,6.6191002
23166,6.6194946
23167,6.6202197
23168,6.6210742
23169,6.6212731
23170,6.6214425
23171,6.6222214
23172,6.6226789
23173,6.623417
23174,6.6240451
23175,6.6245773
23176,6.6252314
23177,6.6258872
23178,6.6266549
23179,6.6266549
23180,6.627184
23181,6.627883
23182,6.6286425
23183,6.6291347
23184,6.6304694
23185,6.6306822
23186,6.6316142
23187,6.6320161
23188,6.6328765
23189,6.633832
23190,6.6345994
23191,6.6353316
23192,6.6364464
23193,6.6367523
23194,6.6370427
23195,6.6373685
23196,6.6383221
23197,6.6385782
23198,6.6389462
23199,6.6402612
23200,6.6403624
23201,6.6413874
23202,6.641583
23203,6.6426761
23204,6.6436075
23205,6.6444475
23206,6.6447778
23207,6.6454691
23208,6.6457033
23209,6.6459385
23210,6.6477858
23211,6.648432
23212,6.6489727
23213,6.6497125
23214,6.6502021
23215,6.6520027
23216,6.6524609
23217,6.6531669
23218,6.6546745
23219,6.6549051
23220,6.6563022
23221,6.656693
23222,6.6569894
23223,6.6573827
23224,6.6582345
23225,6.6592815
23226,6.6609725
23227,6.661395
23228,6.6621677
23229,6.6629797
23230,6.6630861
23231,6.6634998
23232,6.6639343
23233,6.6645616
23234,6.6648791
23235,6.6653426
23236,6.6656932
23237,6.6669679
23238,6.6673967
23239,6.6678562
23240,6.668692
23241,6.6690292
23242,6.6694759
23243,6.6700046
23244,6.6703234
23245,6.6716451
23246,6.6723313
23247,6.6731495
23248,6.6732036
23249,6.6732096
23250,6.6737335
23251,6.6743539
23252,6.674805
23253,6.6751612
23254,6.6751612
23255,6.6756444
23256,6.6764852
23257,6.6766573
23258,6.6779265
23259,6.6781637
23260,6.6784914
23261,6.6788248
23262,6.6794713
23263,6.6805778
23264,6.6812151
23265,6.6812669
23266,6.6813953
23267,6.6825227
23268,6.6828057
23269,6.6830296
23270,6.6833514
23271,6.6834804
23272,6.6839505
23273,6.68409
23274,6.6854937
23275,6.6859581
23276,6.6866015
23277,6.6874602
23278,6.6883328
23279,6.6899082
23280,6.6899082
23281,6.6901707
23282,6.6912897
23283,6.6921597
23284,6.6923545
23285,6.6932581
23286,6.6940335
23287,6.6942508
23288,6.6947893
23289,6.6949469
23290,6.6960457
23291,6.6960457
23292,6.6966183
23293,6.6967402
23294,6.6977216
23295,6.6979004
23296,6.698551
23297,6.6994583
23298,6.7007545
23299,6.7017297
23300,6.7020833
23301,6.7021005
23302,6.7030987
23303,6.7057209
23304,6.705873
23305,6.7066003
23306,6.7066868
23307,6.7073314
23308,6.7083324
23309,6.7083324
23310,6.7098139
23311,6.7114625
23312,6.7116031
23313,6.7137469
23314,6.7142129
23315,6.7148075
23316,6.7149534
23317,6.7157376
23318,6.716087
23319,6.7162356
23320,6.7166256
23321,6.7169037
23322,6.7177217
23323,6.7179463
23324,6.7179463
23325,6.7179582
23326,6.7179582
23327,6.7185129
23328,6.7188626
23329,6.7196993
23330,6.7199821
23331,6.7209535
23332,6.7213825
23333,6.7224655
23334,6.7236612
23335,6.7240196
23336,6.7268226
23337,6.7283388
23338,6.7291733
23339,6.7309212
23340,6.7316226
23341,6.7325259
23342,6.7333461
23343,6.7341043
23344,6.7343973
23345,6.7350928
23346,6.7363051
23347,6.7363368
23348,6.7364379
23349,6.7364679
23350,6.7365417
23351,6.7367408
23352,6.7370472
23353,6.7386218
23354,6.7389544
23355,6.7393795
23356,6.7407524
23357,6.7409291
23358,6.7413709
23359,6.7425415
23360,6.7428369
23361,6.7438276
23362,6.7444697
23363,6.7446052
23364,6.7450406
23365,6.7453905
23366,6.7466845
23367,6.7467548
23368,6.7467618
23369,6.7470367
23370,6.7489722
23371,6.7497632
23372,6.7500232
23373,6.7513785
23374,6.7521739
23375,6.75257
23376,6.7527539
23377,6.752825
23378,6.753444
23379,6.7545556
23380,6.7549896
23381,6.7560045
23382,6.7568443
23383,6.7573461
23384,6.7586747
23385,6.7623388
23386,6.7625412
23387,6.7627466
23388,6.7631911
23389,6.7638048
23390,6.7643244
23391,6.7657611
23392,6.7663344
23393,6.766566
23394,6.7667945
23395,6.7672097
23396,6.7675485
23397,6.7682596
23398,6.7693589
23399,6.7694763
23400,6.7702246
23401,6.7703965
23402,6.7713855
23403,6.7724268
23404,6.7726595
23405,6.773035
23406,6.7742859
23407,6.7747252
23408,6.7752065
23409,6.7764461
23410,6.7769896
23411,6.7769896
23412,6.7773028
23413,6.7798405
23414,6.7804191
23415,6.7811083
23416,6.7820168
23417,6.7823312
23418,6.7825759
23419,6.783411
23420,6.7835298
23421,6.7847515
23422,6.7852899
23423,6.7866385
23424,6.7867548
23425,6.7871151
23426,6.7873405
23427,6.7879507
23428,6.7881133
23429,6.788916
23430,6.7893104
23431,6.7899749
23432,6.7900586
23433,6.7904888
23434,6.7919872
23435,6.7929389
23436,6.7929389
23437,6.7933131
23438,6.7959134
23439,6.7959646
23440,6.7965021
23441,6.7968099
23442,6.7978275
23443,6.79933
23444,6.8005749
23445,6.8011155
23446,6.8015209
23447,6.80262
23448,6.8032607
23449,6.8034593
23450,6.8040383
23451,6.8049843
23452,6.8058382
23453,6.8063042
23454,6.8063977
23455,6.8066073
23456,6.8081869
23457,6.809448
23458,6.8101522
23459,6.8113983
23460,6.8128388
23461,6.8159945
23462,6.8161799
23463,6.8165029
23464,6.8169434
23465,6.8176496
23466,6.8180739
23467,6.8187071
23468,6.8192246
23469,6.819598
23470,6.8202775
23471,6.8221036
23472,6.8221092
23473,6.8224939
23474,6.8228776
23475,6.8232826
23476,6.8248206
23477,6.8268841
23478,6.8297725
23479,6.830548
23480,6.8316879
23481,6.8322181
23482,6.83225
23483,6.8327674
23484,6.8327674
23485,6.8331156
23486,6.8331156
23487,6.8340889
23488,6.835119
23489,6.8356296
23490,6.8359754
23491,6.8364958
23492,6.8371875
23493,6.8374116
23494,6.8384488
23495,6.838895
23496,6.8392863
23497,6.8400026
23498,6.8402849
23499,6.8410359
23500,6.8416336
23501,6.841856
23502,6.8438948
23503,6.8443086
23504,6.8450751
23505,6.8452612
23506,6.8458257
23507,6.8461072
23508,6.8464704
23509,6.8469898
23510,6.8469898
23511,6.8485289
23512,6.8485289
23513,6.8485289
23514,6.8499682
23515,6.8500822
23516,6.8510527
23517,6.8527049
23518,6.8542811
23519,6.8548117
23520,6.8548383
23521,6.8548383
23522,6.8553322
23523,6.8553322
23524,6.8559021
23525,6.8564035
23526,6.8580304
23527,6.8580304
23528,6.8581613
23529,6.8587713
23530,6.8589557
23531,6.8592009
23532,6.8596043
23533,6.8602423
23534,6.8615473
23535,6.8621496
23536,6.8626316
23537,6.8628801
23538,6.8629292
23539,6.8638525
23540,6.8659866
23541,6.8671199
23542,6.8685392
23543,6.8695796
23544,6.8701526
23545,6.870204
23546,6.8704417
23547,6.8718604
23548,6.8720561
23549,6.8720561
23550,6.8733775
23551,6.8733775
23552,6.8739417
23553,6.8742629
23554,6.8745112
23555,6.8758001
23556,6.8758001
23557,6.8766088
23558,6.8773992
23559,6.8778072
23560,6.8780309
23561,6.8791062
23562,6.8796558
23563,6.8798394
23564,6.8800756
23565,6.8827368
23566,6.883349
23567,6.8834311
23568,6.8840489
23569,6.8840489
23570,6.8853683
23571,6.8857093
23572,6.8862932
23573,6.8868633
23574,6.8871859
23575,6.8894972
23576,6.8903973
23577,6.8911588
23578,6.8913396
23579,6.8915831
23580,6.8920825
23581,6.8926158
23582,6.8935356
23583,6.8945903
23584,6.8959214
23585,6.8970908
23586,6.8979636
23587,6.8982824
23588,6.8996451
23589,6.9005651
23590,6.9018085
23591,6.9019975
23592,6.902208
23593,6.9031356
23594,6.9033483
23595,6.9035151
23596,6.9062223
23597,6.9079302
23598,6.9095491
23599,6.9095491
23600,6.9096569
23601,6.9097593
23602,6.9106843
23603,6.911427
23604,6.9119369
23605,6.9130763
23606,6.9137945
23607,6.9155295
23608,6.915926
23609,6.9167536
23610,6.9173536
23611,6.9173843
23612,6.9182331
23613,6.9196767
23614,6.9224706
23615,6.9227809
23616,6.9232672
23617,6.924168
23618,6.9254174
23619,6.9257239
23620,6.9264463
23621,6.9267116
23622,6.927923
23623,6.9281976
23624,6.9281991
23625,6.9289865
23626,6.9290144
23627,6.9295766
23628,6.9296898
23629,6.9330915
23630,6.9336345
23631,6.9338513
23632,6.9345824
23633,6.9346702
23634,6.9351804
23635,6.935643
23636,6.9361505
23637,6.9374925
23638,6.9380632
23639,6.9388192
23640,6.9390203
23641,6.9394291
23642,6.9401372
23643,6.9409896
23644,6.94148
23645,6.9420746
23646,6.9427339
23647,6.9440265
23648,6.9444236
23649,6.945269
23650,6.9457954
23651,6.9465592
23652,6.9474201
23653,6.9476142
23654,6.9487144
23655,6.949648
23656,6.9500253
23657,6.9527178
23658,6.9541556
23659,6.9548493
23660,6.9552408
23661,6.9556838
23662,6.9575742
23663,6.9585335
23664,6.9592968
23665,6.9603856
23666,6.9615333
23667,6.9622065
23668,6.9623819
23669,6.9629439
23670,6.9642439
23671,6.96698
23672,6.9679014
23673,6.9685056
23674,6.9707447
23675,6.9710656
23676,6.9716449
23677,6.9723467
23678,6.9736721
23679,6.9746768
23680,6.9762522
23681,6.9767106
23682,6.9768377
23683,6.9776714
23684,6.9787355
23685,6.9797822
23686,6.9816802
23687,6.9827858
23688,6.9828548
23689,6.9841901
23690,6.9857376
23691,6.9861032
23692,6.9861032
23693,6.9873266
23694,6.9876665
23695,6.9896322
23696,6.9902515
23697,6.9938244
23698,6.9967469
23699,6.9986643
23700,6.9991453
23701,6.9999525
23702,7.001413
23703,7.0026554
23704,7.0050941
23705,7.0075529
23706,7.0086826
23707,7.0117068
23708,7.0123558
23709,7.0128245
23710,7.0137502
23711,7.0148126
23712,7.0157449
23713,7.0167589
23714,7.0184649
23715,7.0197817
23716,7.0209713
23717,7.0224921
23718,7.0225895
23719,7.0232772
23720,7.0250209
23721,7.0277983
23722,7.0287168
23723,7.0314302
23724,7.0321146
23725,7.0325146
23726,7.0329131
23727,7.033217
23728,7.034355
23729,7.0350142
23730,7.0357812
23731,7.0358784
23732,7.0365052
23733,7.0366738
23734,7.0367683
23735,7.0395468
23736,7.0402193
23737,7.0410469
23738,7.0417993
23739,7.0426125
23740,7.0429288
23741,7.0436396
23742,7.0445642
23743,7.0451779
23744,7.0459652
23745,7.046574
23746,7.0477307
23747,7.0485214
23748,7.0493158
23749,7.0502677
23750,7.0534293
23751,7.0538792
23752,7.056437
23753,7.0575175
23754,7.0584539
23755,7.0591396
23756,7.060149
23757,7.0604639
23758,7.0609515
23759,7.0628895
23760,7.0647382
23761,7.0659254
23762,7.0687171
23763,7.0712874
23764,7.0739724
23765,7.0760895
23766,7.0798262
23767,7.0805372
23768,7.0812035
23769,7.0824052
23770,7.085577
23771,7.08596
23772,7.0874907
23773,7.088813
23774,7.0892974
23775,7.0914576
23776,7.0917954
23777,7.0930599
23778,7.0935108
23779,7.0949141
23780,7.0955832
23781,7.0973954
23782,7.0981344
23783,7.0994311
23784,7.1005768
23785,7.1028192
23786,7.1045956
23787,7.1061407
23788,7.10743
23789,7.1095777
23790,7.1107261
23791,7.1119074
23792,7.1135938
23793,7.1158065
23794,7.1171924
23795,7.1178628
23796,7.1192684
23797,7.1200717
23798,7.1209839
23799,7.1237258
23800,7.124381
23801,7.1272248
23802,7.128067
23803,7.1286051
23804,7.1301721
23805,7.1314559
23806,7.132384
23807,7.1337041
23808,7.1351586
23809,7.1366298
23810,7.1374299
23811,7.1386705
23812,7.1395806
23813,7.140487
23814,7.1413416
23815,7.1422244
23816,7.1428131
23817,7.1431248
23818,7.1444687
23819,7.1451842
23820,7.1465202
23821,7.14757
23822,7.1483325
23823,7.1490386
23824,7.1515786
23825,7.151756
23826,7.1564331
23827,7.1571122
23828,7.1578049
23829,7.1591347
23830,7.1599812
23831,7.1611912
23832,7.1622016
23833,7.1628563
23834,7.1643039
23835,7.1648957
23836,7.1676116
23837,7.1686705
23838,7.1691809
23839,7.1696973
23840,7.1708095
23841,7.17184
23842,7.172877
23843,7.1731697
23844,7.1741297
23845,7.1746253
23846,7.1761479
23847,7.1764862
23848,7.1775278
23849,7.1788644
23850,7.1804279
23851,7.1834331
23852,7.1847816
23853,7.186211
23854,7.1871886
23855,7.188074
23856,7.1894476
23857,7.1900041
23858,7.1907217
23859,7.1921796
23860,7.1934507
23861,7.1942634
23862,7.1966278
23863,7.1980151
23864,7.1989969
23865,7.1994344
23866,7.2010269
23867,7.2034485
23868,7.2042468
23869,7.2053164
23870,7.2075873
23871,7.2085992
23872,7.209671
23873,7.2102283
23874,7.2110544
23875,7.2121421
23876,7.212539
23877,7.214376
23878,7.2149071
23879,7.2182982
23880,7.2184861
23881,7.2188192
23882,7.2194664
23883,7.2234418
23884,7.2243295
23885,7.2252003
23886,7.2259782
23887,7.2274061
23888,7.2286004
23889,7.2289662
23890,7.229768
23891,7.2307224
23892,7.2320955
23893,7.2329901
23894,7.2343836
23895,7.2350371
23896,7.2361199
23897,7.2369812
23898,7.2387616
23899,7.2395902
23900,7.2418084
23901,7.2426319
23902,7.243533
23903,7.2443628
23904,7.2472347
23905,7.2486231
23906,7.2492885
23907,7.2499141
23908,7.2507427
23909,7.2515174
23910,7.2531857
23911,7.2549176
23912,7.2559173
23913,7.2576572
23914,7.2579403
23915,7.2589081
23916,7.2592149
23917,7.2595986
23918,7.2617959
23919,7.2634752
23920,7.2655475
23921,7.2660292
23922,7.2671648
23923,7.2675949
23924,7.2684616
23925,7.2692093
23926,7.2703737
23927,7.2703869
23928,7.2706234
23929,7.2715707
23930,7.2721068
23931,7.2727902
23932,7.273388
23933,7.2735428
23934,7.2741813
23935,7.2765102
23936,7.2784597
23937,7.2799113
23938,7.2818024
23939,7.2822895
23940,7.2830158
23941,7.2868305
23942,7.2874413
23943,7.288051
23944,7.2893041
23945,7.2905133
23946,7.2912209
23947,7.2919633
23948,7.2923782
23949,7.2935643
23950,7.2943877
23951,7.2952246
23952,7.2952246
23953,7.2958854
23954,7.2965322
23955,7.2982036
23956,7.299224
23957,7.3006385
23958,7.3015666
23959,7.3029676
23960,7.3032259
23961,7.3045471
23962,7.3054558
23963,7.3060802
23964,7.3069702
23965,7.3073306
23966,7.308865
23967,7.3095732
23968,7.3109305
23969,7.3130151
23970,7.3136594
23971,7.3143938
23972,7.3152468
23973,7.3158278
23974,7.3171105
23975,7.3177834
23976,7.318353
23977,7.3192846
23978,7.3197276
23979,7.3205357
23980,7.3225986
23981,7.3227431
23982,7.3232445
23983,7.3240496
23984,7.3245426
23985,7.3251184
23986,7.3259712
23987,7.3266231
23988,7.3281078
23989,7.3313964
23990,7.3320197
23991,7.3336152
23992,7.3344732
23993,7.3368978
23994,7.3374513
23995,7.3410837
23996,7.341962
23997,7.3444861
23998,7.3450863
23999,7.3458643
24000,7.3481367
24001,7.3488568
24002,7.349973
24003,7.3524319
24004,7.3542779
24005,7.3556405
24006,7.3575199
24007,7.358409
24008,7.360472
24009,7.3607378
24010,7.3611806
24011,7.3617446
24012,7.3625337
24013,7.3634753
24014,7.3643441
24015,7.3656989
24016,7.3663496
24017,7.3675515
24018,7.3686995
24019,7.3700755
24020,7.3712905
24021,7.3715957
24022,7.3717058
24023,7.3719256
24024,7.3728203
24025,7.3743476
24026,7.3758586
24027,7.3770206
24028,7.3771368
24029,7.3777807
24030,7.3786883
24031,7.3793751
24032,7.3799319
24033,7.3811956
24034,7.3816774
24035,7.3830113
24036,7.3835521
24037,7.3848388
24038,7.3859874
24039,7.3867782
24040,7.3877043
24041,7.3897908
24042,7.3914645
24043,7.3916393
24044,7.3927612
24045,7.3934413
24046,7.3970014
24047,7.3988052
24048,7.4001169
24049,7.4018026
24050,7.4040702
24051,7.4044724
24052,7.4055909
24053,7.4063226
24054,7.4075437
24055,7.4094474
24056,7.4102961
24057,7.4118649
24058,7.4121419
24059,7.414346
24060,7.4168124
24061,7.4179854
24062,7.4187517
24063,7.4194764
24064,7.4201374
24065,7.422729
24066,7.4237864
24067,7.4255716
24068,7.4262064
24069,7.427011
24070,7.4277165
24071,7.4294671
24072,7.4302434
24073,7.4327972
24074,7.4329549
24075,7.4329553
24076,7.4329553
24077,7.4333141
24078,7.4336135
24079,7.4348677
24080,7.4361673
24081,7.4372821
24082,7.4375153
24083,7.4389809
24084,7.4396884
24085,7.4404789
24086,7.4414117
24087,7.4416407
24088,7.442426
24089,7.4443293
24090,7.4448173
24091,7.4457516
24092,7.4459619
24093,7.4471808
24094,7.4479754
24095,7.4488642
24096,7.4490689
24097,7.4494412
24098,7.4523295
24099,7.456059
24100,7.4572709
24101,7.4575521
24102,7.4580819
24103,7.4585549
24104,7.4586217
24105,7.4596084
24106,7.4600389
24107,7.4608759
24108,7.4631983
24109,7.4641688
24110,7.4650152
24111,7.4677639
24112,7.4686124
24113,7.472029
24114,7.4723176
24115,7.4759565
24116,7.4766962
24117,7.4782688
24118,7.4789786
24119,7.4799241
24120,7.4804356
24121,7.4810918
24122,7.4841759
24123,7.486113
24124,7.4864242
24125,7.4880659
24126,7.4898707
24127,7.4916627
24128,7.4929582
24129,7.4944623
24130,7.4953184
24131,7.4967226
24132,7.4982031
24133,7.4991288
24134,7.5000804
24135,7.5004575
24136,7.5039317
24137,7.5042341
24138,7.5066157
24139,7.5066157
24140,7.5071014
24141,7.5085067
24142,7.5096386
24143,7.5103702
24144,7.5123028
24145,7.5149344
24146,7.5154288
24147,7.5157816
24148,7.5167532
24149,7.5174313
24150,7.5184125
24151,7.5190853
24152,7.5219491
24153,7.5223179
24154,7.5234945
24155,7.5250623
24156,7.5252623
24157,7.5257249
24158,7.5277113
24159,7.5286557
24160,7.5300702
24161,7.5308009
24162,7.5315616
24163,7.5327648
24164,7.5346628
24165,7.5351702
24166,7.5358415
24167,7.5364237
24168,7.5374301
24169,7.5385203
24170,7.5392965
24171,7.5394541
24172,7.5397416
24173,7.540191
24174,7.5420562
24175,7.5424728
24176,7.5434517
24177,7.5438871
24178,7.5460175
24179,7.5480253
24180,7.5492067
24181,7.5517324
24182,7.5525473
24183,7.5543465
24184,7.555854
24185,7.5564461
24186,7.5572088
24187,7.5576391
24188,7.5579623
24189,7.5605715
24190,7.5608092
24191,7.5617598
24192,7.5624209
24193,7.5633424
24194,7.565242
24195,7.5656569
24196,7.5662299
24197,7.5664696
24198,7.5679056
24199,7.5686656
24200,7.5690224
24201,7.5692183
24202,7.5697088
24203,7.5699185
24204,7.5702336
24205,7.5706529
24206,7.5717658
24207,7.5738006
24208,7.5742308
24209,7.5752764
24210,7.5764704
24211,7.5774016
24212,7.5778697
24213,7.5784139
24214,7.5792147
24215,7.5801848
24216,7.580982
24217,7.5821506
24218,7.5825581
24219,7.5827495
24220,7.5840419
24221,7.5843863
24222,7.5844888
24223,7.58538
24224,7.5860341
24225,7.5867015
24226,7.5906057
24227,7.5910776
24228,7.5917833
24229,7.5925119
24230,7.5939627
24231,7.59497
24232,7.5955618
24233,7.5968774
24234,7.5982024
24235,7.5986401
24236,7.5991997
24237,7.5996423
24238,7.6008767
24239,7.6009813
24240,7.6017694
24241,7.6025725
24242,7.6038978
24243,7.6041846
24244,7.6043417
24245,7.604703
24246,7.6048145
24247,7.6050605
24248,7.6058082
24249,7.6070406
24250,7.6076261
24251,7.6082993
24252,7.6090721
24253,7.6092581
24254,7.6100541
24255,7.6104744
24256,7.6107912
24257,7.6117337
24258,7.6134454
24259,7.6157443
24260,7.6167751
24261,7.6174322
24262,7.6177228
24263,7.6183133
24264,7.6221721
24265,7.6224648
24266,7.6259998
24267,7.6284485
24268,7.629331
24269,7.6297791
24270,7.6301937
24271,7.6316017
24272,7.6333979
24273,7.6345581
24274,7.6352498
24275,7.6362342
24276,7.6372897
24277,7.6380897
24278,7.6392114
24279,7.6408499
24280,7.6416347
24281,7.6431269
24282,7.6441306
24283,7.6446671
24284,7.6454356
24285,7.6480017
24286,7.6481502
24287,7.6497868
24288,7.650546
24289,7.6516976
24290,7.6527649
24291,7.6536901
24292,7.654581
24293,7.6554438
24294,7.6567131
24295,7.6584002
24296,7.6596351
24297,7.6614078
24298,7.6639176
24299,7.6648618
24300,7.6665648
24301,7.6672788
24302,7.6679613
24303,7.6690844
24304,7.6701202
24305,7.671461
24306,7.671758
24307,7.6726812
24308,7.6750914
24309,7.676113
24310,7.6768166
24311,7.6770368
24312,7.6776817
24313,7.6784487
24314,7.6791261
24315,7.6796306
24316,7.6804428
24317,7.6826003
24318,7.6841837
24319,7.6847015
24320,7.6851532
24321,7.6856918
24322,7.6864014
24323,7.6881668
24324,7.6911694
24325,7.692993
24326,7.6946327
24327,7.6955768
24328,7.696235
24329,7.6976515
24330,7.6985618
24331,7.6995966
24332,7.7005483
24333,7.7010489
24334,7.7018561
24335,7.7022228
24336,7.7028123
24337,7.7034309
24338,7.7052087
24339,7.7066307
24340,7.7078051
24341,7.7091957
24342,7.7101972
24343,7.7111257
24344,7.7118161
24345,7.7126626
24346,7.7133587
24347,7.7142557
24348,7.7156583
24349,7.7176057
24350,7.7190688
24351,7.7198343
24352,7.7201886
24353,7.7215286
24354,7.7224893
24355,7.7231047
24356,7.7235047
24357,7.7241491
24358,7.7253749
24359,7.7260777
24360,7.726919
24361,7.7280403
24362,7.7288672
24363,7.7294264
24364,7.7298474
24365,7.7307115
24366,7.731091
24367,7.7317594
24368,7.7325697
24369,7.7333012
24370,7.7338377
24371,7.7346639
24372,7.7351746
24373,7.7353492
24374,7.7369083
24375,7.7374445
24376,7.7379337
24377,7.7385081
24378,7.7390626
24379,7.7412259
24380,7.7421468
24381,7.7428457
24382,7.7435902
24383,7.7442334
24384,7.7454834
24385,7.7457183
24386,7.7461696
24387,7.7465818
24388,7.7473236
24389,7.7478801
24390,7.7495644
24391,7.7507936
24392,7.7514285
24393,7.7525962
24394,7.7537827
24395,7.756265
24396,7.7571662
24397,7.7587229
24398,7.7594825
24399,7.7604751
24400,7.7613313
24401,7.762023
24402,7.7629042
24403,7.7635715
24404,7.7649777
24405,7.7655021
24406,7.7661381
24407,7.7666697
24408,7.7669452
24409,7.7674819
24410,7.768619
24411,7.7695429
24412,7.7710271
24413,7.7720064
24414,7.7726695
24415,7.7732667
24416,7.7741211
24417,7.7753074
24418,7.7768577
24419,7.7783324
24420,7.7797272
24421,7.7823427
24422,7.7836641
24423,7.78478
24424,7.785662
24425,7.7866884
24426,7.7880998
24427,7.7901758
24428,7.7914983
24429,7.792609
24430,7.7930506
24431,7.793833
24432,7.7943673
24433,7.7951486
24434,7.7959511
24435,7.796616
24436,7.7972706
24437,7.799775
24438,7.8008644
24439,7.8016673
24440,7.8026975
24441,7.8034554
24442,7.8043826
24443,7.8052302
24444,7.805762
24445,7.8072732
24446,7.8078976
24447,7.8086807
24448,7.8094218
24449,7.8099003
24450,7.8122317
24451,7.8130033
24452,7.8137152
24453,7.8142162
24454,7.8151767
24455,7.8159396
24456,7.8166371
24457,7.817462
24458,7.8186261
24459,7.820283
24460,7.8214361
24461,7.8226974
24462,7.8237002
24463,7.8246235
24464,7.8258933
24465,7.8268173
24466,7.8281379
24467,7.8288526
24468,7.829525
24469,7.8306996
24470,7.8318891
24471,7.8334881
24472,7.8346439
24473,7.8360856
24474,7.8370965
24475,7.8380127
24476,7.8386515
24477,7.8403044
24478,7.8423473
24479,7.8435994
24480,7.8449135
24481,7.8471303
24482,7.8491513
24483,7.8502696
24484,7.8516345
24485,7.8545582
24486,7.8554393
24487,7.8574356
24488,7.8586593
24489,7.859286
24490,7.8605888
24491,7.8611853
24492,7.8619155
24493,7.8632386
24494,7.8647196
24495,7.8659864
24496,7.8686012
24497,7.8699171
24498,7.8707545
24499,7.8717655
24500,7.8736424
24501,7.8746581
24502,7.8758226
24503,7.8771961
24504,7.8781858
24505,7.879351
24506,7.8808594
24507,7.8823083
24508,7.8829879
24509,7.8853741
24510,7.8861819
24511,7.8870525
24512,7.8886269
24513,7.8913418
24514,7.8931588
24515,7.8940671
24516,7.8954722
24517,7.8966206
24518,7.8973393
24519,7.8980341
24520,7.8987774
24521,7.8994057
24522,7.9002333
24523,7.9011839
24524,7.9023441
24525,7.9034576
24526,7.9044368
24527,7.9056383
24528,7.9069295
24529,7.9078929
24530,7.9088324
24531,7.9100011
24532,7.9117673
24533,7.9126685
24534,7.9138936
24535,7.9149737
24536,7.916461
24537,7.9178036
24538,7.9186554
24539,7.9196502
24540,7.9208526
24541,7.9219084
24542,7.9233239
24543,7.9241261
24544,7.9251563
24545,7.926264
24546,7.9282003
24547,7.9292115
24548,7.9309166
24549,7.9321575
24550,7.933104
24551,7.9346168
24552,7.9351985
24553,7.9359631
24554,7.9373367
24555,7.9382638
24556,7.9393715
24557,7.9416434
24558,7.9424217
24559,7.943644
24560,7.9443149
24561,7.9454948
24562,7.9464863
24563,7.9478672
24564,7.9485046
24565,7.9494189
24566,7.9506598
24567,7.9522465
24568,7.953337
24569,7.9553473
24570,7.9562186
24571,7.9571982
24572,7.9589315
24573,7.9605665
24574,7.9617974
24575,7.9635201
24576,7.9645909
24577,7.9654675
24578,7.9670427
24579,7.9678447
24580,7.9687242
24581,7.9700651
24582,7.9712375
24583,7.9725717
24584,7.9733101
24585,7.9746057
24586,7.9756029
24587,7.9775903
24588,7.9786404
24589,7.9800737
24590,7.9832482
24591,7.9849741
24592,7.9858781
24593,7.9868912
24594,7.9882256
24595,7.9892139
24596,7.9903797
24597,7.991486
24598,7.9926939
24599,7.9939067
24600,7.9946898
24601,7.9956297
24602,7.996517
24603,7.998834
24604,8.0000987
24605,8.0022316
24606,8.0036083
24607,8.0043568
24608,8.0053697
24609,8.0062967
24610,8.0073322
24611,8.0094796
24612,8.01048
24613,8.0115212
24614,8.0128069
24615,8.0142805
24616,8.01631
24617,8.0185926
24618,8.0205766
24619,8.0217634
24620,8.0227505
24621,8.0246766
24622,8.028341
24623,8.0295447
24624,8.0304526
24625,8.0320728
24626,8.0327111
24627,8.0342901
24628,8.0358166
24629,8.0374876
24630,8.0383194
24631,8.0394469
24632,8.0426473
24633,8.0433084
24634,8.0440676
24635,8.0451926
24636,8.0455894
24637,8.0463505
24638,8.0480894
24639,8.0490369
24640,8.0549258
24641,8.0567466
24642,8.0579791
24643,8.0597103
24644,8.0613883
24645,8.0626113
24646,8.0647232
24647,8.0655805
24648,8.0674051
24649,8.0691727
24650,8.0706779
24651,8.0715477
24652,8.0729325
24653,8.073919
24654,8.0747094
24655,8.075417
24656,8.0777567
24657,8.079308
24658,8.0815029
24659,8.0823193
24660,8.0835663
24661,8.0852821
24662,8.0861355
24663,8.0878337
24664,8.0887897
24665,8.0907383
24666,8.0933288
24667,8.0947791
24668,8.0958485
24669,8.0975512
24670,8.0985166
24671,8.0995191
24672,8.100278
24673,8.1010711
24674,8.1017335
24675,8.10319
24676,8.1049118
24677,8.1077057
24678,8.1094279
24679,8.1108561
24680,8.1118236
24681,8.1126379
24682,8.1136049
24683,8.1142429
24684,8.1148829
24685,8.1153962
24686,8.1164864
24687,8.1173039
24688,8.1180059
24689,8.1185947
24690,8.119257
24691,8.1199214
24692,8.1205506
24693,8.1219987
24694,8.1230051
24695,8.1301244
24696,8.1315066
24697,8.1361122
24698,8.1385182
24699,8.1396413
24700,8.1413102
24701,8.1423679
24702,8.1435706
24703,8.1467633
24704,8.1476008
24705,8.1504879
24706,8.1515461
24707,8.1524621
24708,8.1533696
24709,8.1540374
24710,8.15559
24711,8.1574312
24712,8.158707
24713,8.1594707
24714,8.1613836
24715,8.1627979
24716,8.1636333
24717,8.1654601
24718,8.1676449
24719,8.1686343
24720,8.1693353
24721,8.1712675
24722,8.1718683
24723,8.1727095
24724,8.1738778
24725,8.1747061
24726,8.1762176
24727,8.1767474
24728,8.1775055
24729,8.1780747
24730,8.178837
24731,8.1795205
24732,8.1808458
24733,8.1814619
24734,8.1820952
24735,8.1830552
24736,8.1848142
24737,8.1852253
24738,8.1869141
24739,8.1877228
24740,8.1885629
24741,8.189505
24742,8.1912067
24743,8.1919397
24744,8.1934676
24745,8.1942591
24746,8.1952497
24747,8.1965482
24748,8.1968478
24749,8.1974106
24750,8.1981989
24751,8.1989857
24752,8.2000756
24753,8.200872
24754,8.20204
24755,8.2032041
24756,8.2037689
24757,8.2048806
24758,8.2057065
24759,8.2066146
24760,8.2072202
24761,8.2077957
24762,8.2096478
24763,8.2107909
24764,8.213131
24765,8.2141184
24766,8.2148667
24767,8.21542
24768,8.2183024
24769,8.2195336
24770,8.2209404
24771,8.2240723
24772,8.2258304
24773,8.2273816
24774,8.2288193
24775,8.2332425
24776,8.2347294
24777,8.2418652
24778,8.2447201
24779,8.2456553
24780,8.2477991
24781,8.2491303
24782,8.2510577
24783,8.2515074
24784,8.252893
24785,8.2537752
24786,8.2552603
24787,8.2562319
24788,8.2567634
24789,8.25841
24790,8.2590772
24791,8.2599264
24792,8.2602903
24793,8.2623775
24794,8.2630729
24795,8.26433
24796,8.2654749
24797,8.2667056
24798,8.2686652
24799,8.2692945
24800,8.2706982
24801,8.2715028
24802,8.2727855
24803,8.2733952
24804,8.2753891
24805,8.2768201
24806,8.2775167
24807,8.2781878
24808,8.2797767
24809,8.2807093
24810,8.2820583
24811,8.2833574
24812,8.2840076
24813,8.2853755
24814,8.2860708
24815,8.286416
24816,8.2875714
24817,8.2881002
24818,8.2886743
24819,8.2890349
24820,8.2916445
24821,8.2922539
24822,8.2930755
24823,8.293844
24824,8.2946832
24825,8.2956268
24826,8.2962561
24827,8.2971402
24828,8.2979831
24829,8.2984147
24830,8.2992965
24831,8.3000503
24832,8.3028946
24833,8.3042076
24834,8.3045132
24835,8.3057392
24836,8.307048
24837,8.3074471
24838,8.3093899
24839,8.3109147
24840,8.3114465
24841,8.3122623
24842,8.3151719
24843,8.3166696
24844,8.3174654
24845,8.318193
24846,8.3209346
24847,8.3218653
24848,8.3229943
24849,8.324687
24850,8.3255854
24851,8.3259158
24852,8.3270964
24853,8.3280348
24854,8.3287927
24855,8.3317581
24856,8.3348591
24857,8.336121
24858,8.3373463
24859,8.3389037
24860,8.3418154
24861,8.3426754
24862,8.3437974
24863,8.3447116
24864,8.3466741
24865,8.3493828
24866,8.349795
24867,8.3513998
24868,8.35215
24869,8.3525547
24870,8.3539932
24871,8.3556349
24872,8.3570662
24873,8.3581326
24874,8.3610179
24875,8.3624282
24876,8.3644245
24877,8.3652647
24878,8.3671088
24879,8.368407
24880,8.3693264
24881,8.3725684
24882,8.3734324
24883,8.3756411
24884,8.3765258
24885,8.3771765
24886,8.3775722
24887,8.3788805
24888,8.3800483
24889,8.38171
24890,8.3820719
24891,8.3843486
24892,8.3853765
24893,8.3875305
24894,8.3876733
24895,8.3881397
24896,8.3887618
24897,8.3905344
24898,8.3917936
24899,8.3926453
24900,8.3951158
24901,8.3961517
24902,8.3971388
24903,8.3977982
24904,8.399032
24905,8.3997757
24906,8.4005631
24907,8.4012532
24908,8.4025373
24909,8.4053052
24910,8.4056257
24911,8.4061599
24912,8.4067527
24913,8.408232
24914,8.4098586
24915,8.4110721
24916,8.413954
24917,8.4155068
24918,8.4177575
24919,8.4187942
24920,8.4199837
24921,8.4205533
24922,8.4219114
24923,8.4230405
24924,8.4238093
24925,8.4243247
24926,8.4255494
24927,8.4261449
24928,8.4264433
24929,8.4270808
24930,8.4275192
24931,8.4281232
24932,8.4300407
24933,8.4315917
24934,8.4328326
24935,8.4340182
24936,8.4362382
24937,8.4379524
24938,8.4384643
24939,8.4398922
24940,8.4425323
24941,8.4444524
24942,8.4450635
24943,8.4461232
24944,8.449196
24945,8.4502385
24946,8.4507333
24947,8.4512701
24948,8.452521
24949,8.4533497
24950,8.4547203
24951,8.4587496
24952,8.4594517
24953,8.4611451
24954,8.4622396
24955,8.4634078
24956,8.4647749
24957,8.4654546
24958,8.4674609
24959,8.4682755
24960,8.4689805
24961,8.4708439
24962,8.4713536
24963,8.4737963
24964,8.47519
24965,8.4768525
24966,8.4778042
24967,8.4783772
24968,8.4791953
24969,8.4806462
24970,8.4817818
24971,8.483013
24972,8.4840696
24973,8.4847349
24974,8.4853217
24975,8.4878991
24976,8.4897943
24977,8.4910717
24978,8.4923223
24979,8.4940168
24980,8.4980545
24981,8.5009211
24982,8.5027988
24983,8.5034058
24984,8.5040084
24985,8.5055087
24986,8.5058426
24987,8.5064938
24988,8.5080175
24989,8.5089724
24990,8.5094376
24991,8.5102098
24992,8.5112337
24993,8.5121286
24994,8.5140058
24995,8.5153662
24996,8.5161935
24997,8.5175933
24998,8.5193177
24999,8.5203636
25000,8.5214311
25001,8.5236907
25002,8.5242114
25003,8.5245343
25004,8.5259619
25005,8.5272893
25006,8.5298314
25007,8.5322153
25008,8.5330465
25009,8.5339538
25010,8.5356383
25011,8.5360643
25012,8.5370757
25013,8.5378198
25014,8.5393268
25015,8.5416199
25016,8.5426514
25017,8.5442594
25018,8.5456309
25019,8.5465863
25020,8.5478592
25021,8.5485032
25022,8.5495146
25023,8.5504789
25024,8.5516855
25025,8.5524637
25026,8.5533326
25027,8.5555814
25028,8.5566648
25029,8.5574809
25030,8.5586154
25031,8.5604515
25032,8.5617683
25033,8.5624753
25034,8.5628964
25035,8.5646802
25036,8.5663664
25037,8.5703396
25038,8.5706834
25039,8.5727277
25040,8.5735535
25041,8.5745746
25042,8.5761151
25043,8.5774214
25044,8.5784971
25045,8.5791207
25046,8.5806517
25047,8.5817356
25048,8.5822842
25049,8.5833856
25050,8.5853358
25051,8.589165
25052,8.5896902
25053,8.5908705
25054,8.5920053
25055,8.5925934
25056,8.5930865
25057,8.5937067
25058,8.5947186
25059,8.5956074
25060,8.5988057
25061,8.6010603
25062,8.6017524
25063,8.6025703
25064,8.6029589
25065,8.6036243
25066,8.6046396
25067,8.6049618
25068,8.6052962
25069,8.6062368
25070,8.6068611
25071,8.6072285
25072,8.6081092
25073,8.6092051
25074,8.610274
25075,8.6112942
25076,8.6129817
25077,8.6138265
25078,8.6152865
25079,8.6158443
25080,8.6161238
25081,8.6173556
25082,8.6179195
25083,8.6189223
25084,8.6198104
25085,8.6212767
25086,8.6234382
25087,8.6237574
25088,8.6276356
25089,8.6296774
25090,8.630057
25091,8.6306912
25092,8.6352949
25093,8.6358592
25094,8.6361114
25095,8.6382358
25096,8.6412434
25097,8.6417031
25098,8.6435507
25099,8.6449989
25100,8.6463895
25101,8.6490828
25102,8.6502806
25103,8.6507137
25104,8.651046
25105,8.6523383
25106,8.6530832
25107,8.6546175
25108,8.655842
25109,8.6569002
25110,8.6593831
25111,8.6617711
25112,8.6626747
25113,8.6629672
25114,8.6641414
25115,8.6650629
25116,8.6663585
25117,8.6671404
25118,8.6677116
25119,8.6699504
25120,8.6735117
25121,8.6754701
25122,8.6761224
25123,8.6780091
25124,8.6808214
25125,8.6819293
25126,8.6829948
25127,8.6842247
25128,8.6871563
25129,8.6880734
25130,8.6887953
25131,8.6918037
25132,8.6925297
25133,8.6931422
25134,8.6952398
25135,8.6966166
25136,8.6980902
25137,8.6991951
25138,8.7008776
25139,8.7022843
25140,8.7038659
25141,8.7047557
25142,8.705462
25143,8.7067455
25144,8.7076701
25145,8.7079795
25146,8.7086929
25147,8.711536
25148,8.7124282
25149,8.7130713
25150,8.7140241
25151,8.7147264
25152,8.7152931
25153,8.7178338
25154,8.7191271
25155,8.7203175
25156,8.7227957
25157,8.7264049
25158,8.7270696
25159,8.7321945
25160,8.7326815
25161,8.7341874
25162,8.7344427
25163,8.7358583
25164,8.7369837
25165,8.7383284
25166,8.7402555
25167,8.7406856
25168,8.7416325
25169,8.7549226
25170,8.7556979
25171,8.756889
25172,8.757118
25173,8.758783
25174,8.7602898
25175,8.7610427
25176,8.7617723
25177,8.762354
25178,8.7635958
25179,8.7650798
25180,8.7663397
25181,8.7673576
25182,8.7691805
25183,8.7710671
25184,8.7722324
25185,8.774156
25186,8.7749019
25187,8.7793872
25188,8.7804669
25189,8.7826807
25190,8.7834148
25191,8.7844073
25192,8.7862759
25193,8.7910669
25194,8.7919316
25195,8.7941755
25196,8.795836
25197,8.7964219
25198,8.7972319
25199,8.8021363
25200,8.8030336
25201,8.8040225
25202,8.8052144
25203,8.8057862
25204,8.8070674
25205,8.808424
25206,8.8094157
25207,8.8101207
25208,8.8110979
25209,8.8169434
25210,8.8173639
25211,8.8189121
25212,8.8194246
25213,8.8201995
25214,8.8215816
25215,8.8266676
25216,8.8282003
25217,8.8297921
25218,8.8311597
25219,8.8318564
25220,8.833953
25221,8.8349976
25222,8.8358615
25223,8.8372947
25224,8.8392128
25225,8.8417408
25226,8.8439456
25227,8.8460537
25228,8.8466759
25229,8.8483793
25230,8.8502593
25231,8.851299
25232,8.8522765
25233,8.8529946
25234,8.8552976
25235,8.8559682
25236,8.8583106
25237,8.8589889
25238,8.8612485
25239,8.8638583
25240,8.8654277
25241,8.8665576
25242,8.8678774
25243,8.8689401
25244,8.8697682
25245,8.8713339
25246,8.872776
25247,8.8750441
25248,8.8760965
25249,8.8766731
25250,8.8773319
25251,8.8784741
25252,8.8799876
25253,8.8810842
25254,8.88279
25255,8.8837156
25256,8.884739
25257,8.8871531
25258,8.8892234
25259,8.8904032
25260,8.8918003
25261,8.8930997
25262,8.8936085
25263,8.8942656
25264,8.8981023
25265,8.8984857
25266,8.8991367
25267,8.9005901
25268,8.9012491
25269,8.9015076
25270,8.902686
25271,8.9075406
25272,8.9084484
25273,8.9089372
25274,8.9094555
25275,8.9104389
25276,8.9128092
25277,8.9140409
25278,8.9153057
25279,8.9159687
25280,8.9171437
25281,8.9180813
25282,8.9191023
25283,8.9200145
25284,8.9230943
25285,8.9245248
25286,8.9251427
25287,8.9265524
25288,8.9282596
25289,8.9293853
25290,8.9304699
25291,8.932574
25292,8.9335332
25293,8.9342962
25294,8.9352969
25295,8.938255
25296,8.9388811
25297,8.9409905
25298,8.9429186
25299,8.9442033
25300,8.9463554
25301,8.9468048
25302,8.9483448
25303,8.9498699
25304,8.9508473
25305,8.9525205
25306,8.9533833
25307,8.9549834
25308,8.9561317
25309,8.9564677
25310,8.95741
25311,8.9581037
25312,8.9601943
25313,8.9619734
25314,8.9635593
25315,8.9651285
25316,8.9675336
25317,8.9695547
25318,8.9707897
25319,8.9718286
25320,8.9731666
25321,8.9741067
25322,8.9764908
25323,8.9788507
25324,8.9795209
25325,8.9800244
25326,8.9818919
25327,8.9831786
25328,8.9843776
25329,8.9855108
25330,8.9863015
25331,8.987096
25332,8.9879957
25333,8.9894285
25334,8.9916062
25335,8.9936023
25336,8.9942453
25337,8.9951462
25338,8.9970081
25339,8.9987581
25340,8.9998133
25341,9.0008411
25342,9.0024491
25343,9.0033846
25344,9.0042838
25345,9.0050862
25346,9.0070652
25347,9.0074737
25348,9.0123723
25349,9.0130966
25350,9.0138447
25351,9.0154228
25352,9.0190437
25353,9.021165
25354,9.0224036
25355,9.0264807
25356,9.0273083
25357,9.0283243
25358,9.0340756
25359,9.0359171
25360,9.0370989
25361,9.0386721
25362,9.0399772
25363,9.0409375
25364,9.041867
25365,9.0426981
25366,9.0439265
25367,9.044859
25368,9.0450217
25369,9.0458314
25370,9.0463215
25371,9.047866
25372,9.0486343
25373,9.050193
25374,9.0516428
25375,9.0532463
25376,9.0591341
25377,9.0601712
25378,9.0614899
25379,9.0630099
25380,9.0641484
25381,9.0652836
25382,9.0663711
25383,9.0681106
25384,9.0689307
25385,9.0706784
25386,9.0753031
25387,9.0784117
25388,9.0796912
25389,9.0806433
25390,9.0836248
25391,9.0852835
25392,9.0877878
25393,9.0911011
25394,9.092102
25395,9.0937799
25396,9.0950495
25397,9.0961025
25398,9.0973602
25399,9.0986817
25400,9.1005346
25401,9.1018825
25402,9.1026385
25403,9.1033653
25404,9.1053356
25405,9.107569
25406,9.1169302
25407,9.118063
25408,9.1187152
25409,9.1199687
25410,9.1208138
25411,9.1223199
25412,9.124338
25413,9.1268654
25414,9.1285578
25415,9.1303224
25416,9.132618
25417,9.1343076
25418,9.1363814
25419,9.1391802
25420,9.1414011
25421,9.1425444
25422,9.1455555
25423,9.1470553
25424,9.1479826
25425,9.1488109
25426,9.1501738
25427,9.1547572
25428,9.1567836
25429,9.1591889
25430,9.1600552
25431,9.162483
25432,9.164075
25433,9.1656395
25434,9.1678727
25435,9.1721723
25436,9.1738559
25437,9.1751204
25438,9.1779779
25439,9.1794795
25440,9.1808526
25441,9.1840332
25442,9.1873602
25443,9.1896091
25444,9.1906472
25445,9.1944175
25446,9.1952075
25447,9.1972271
25448,9.1995086
25449,9.2010632
25450,9.2039617
25451,9.2053707
25452,9.2075353
25453,9.2094826
25454,9.2127149
25455,9.2142398
25456,9.2162241
25457,9.2175312
25458,9.2187454
25459,9.2205973
25460,9.223498
25461,9.2251673
25462,9.2261556
25463,9.2275582
25464,9.2298096
25465,9.2318788
25466,9.2335462
25467,9.2350509
25468,9.2364144
25469,9.2378459
25470,9.2394031
25471,9.2412339
25472,9.2420969
25473,9.2443433
25474,9.2457245
25475,9.2485856
25476,9.2499187
25477,9.2508183
25478,9.2521016
25479,9.2536795
25480,9.255626
25481,9.2605319
25482,9.2615407
25483,9.2627024
25484,9.2634375
25485,9.2643456
25486,9.2654106
25487,9.2668871
25488,9.2681428
25489,9.2696278
25490,9.2714652
25491,9.2725655
25492,9.2756612
25493,9.2769391
25494,9.2786935
25495,9.2855391
25496,9.2892024
25497,9.2904203
25498,9.2913557
25499,9.2928727
25500,9.2963461
25501,9.2990185
25502,9.3003691
25503,9.3025329
25504,9.304595
25505,9.3054104
25506,9.3067831
25507,9.3086955
25508,9.3102104
25509,9.3133396
25510,9.3142463
25511,9.3151591
25512,9.3178371
25513,9.3200492
25514,9.3217693
25515,9.3241293
25516,9.3257208
25517,9.3280118
25518,9.3292905
25519,9.3318956
25520,9.335422
25521,9.3368898
25522,9.3404432
25523,9.3430118
25524,9.3450182
25525,9.3480966
25526,9.3499461
25527,9.3521243
25528,9.3545114
25529,9.3562724
25530,9.3580284
25531,9.360758
25532,9.3618383
25533,9.3641429
25534,9.3660753
25535,9.3678245
25536,9.3704336
25537,9.3717156
25538,9.3747208
25539,9.3762828
25540,9.3773184
25541,9.3806278
25542,9.3829112
25543,9.3848748
25544,9.3865487
25545,9.3889787
25546,9.3911248
25547,9.3930776
25548,9.3944547
25549,9.3995715
25550,9.402153
25551,9.4047083
25552,9.4062834
25553,9.4080765
25554,9.4104162
25555,9.4128978
25556,9.4154844
25557,9.4166668
25558,9.4212237
25559,9.4232078
25560,9.4257488
25561,9.4310497
25562,9.4322748
25563,9.4335737
25564,9.4347736
25565,9.4357016
25566,9.4370332
25567,9.4380674
25568,9.4415395
25569,9.4436799
25570,9.4463378
25571,9.4478123
25572,9.4508953
25573,9.4524452
25574,9.4546106
25575,9.4605854
25576,9.4627308
25577,9.4639758
25578,9.4683745
25579,9.4699494
25580,9.470673
25581,9.4723352
25582,9.473004
25583,9.4740699
25584,9.4747502
25585,9.4769442
25586,9.4771742
25587,9.4787401
25588,9.4801724
25589,9.4814279
25590,9.4821572
25591,9.4840168
25592,9.4851227
25593,9.4855103
25594,9.4870878
25595,9.4886184
25596,9.4892834
25597,9.4913012
25598,9.4918798
25599,9.4929576
25600,9.4947897
25601,9.4978153
25602,9.4990264
25603,9.5005383
25604,9.5019074
25605,9.5033213
25606,9.5045958
25607,9.5083309
25608,9.5121328
25609,9.5134449
25610,9.5144079
25611,9.5165914
25612,9.518481
25613,9.5191944
25614,9.52014
25615,9.5232563
25616,9.5290394
25617,9.5298715
25618,9.5334603
25619,9.5361192
25620,9.5378932
25621,9.5408143
25622,9.5434584
25623,9.5448575
25624,9.5481801
25625,9.5497315
25626,9.5520017
25627,9.5539079
25628,9.5568748
25629,9.5585244
25630,9.5599913
25631,9.5616126
25632,9.5632403
25633,9.5645021
25634,9.5662939
25635,9.5685928
25636,9.5697149
25637,9.5718675
25638,9.5735595
25639,9.5753944
25640,9.5771939
25641,9.5783585
25642,9.5804517
25643,9.5817648
25644,9.5827164
25645,9.5849107
25646,9.5860957
25647,9.5869706
25648,9.588941
25649,9.590907
25650,9.5916489
25651,9.5937312
25652,9.5956534
25653,9.5979686
25654,9.5998573
25655,9.6029477
25656,9.6040653
25657,9.6052337
25658,9.6090012
25659,9.6111701
25660,9.6125796
25661,9.6162167
25662,9.6195058
25663,9.6218259
25664,9.6239417
25665,9.6326109
25666,9.6352292
25667,9.6372944
25668,9.6398334
25669,9.6405706
25670,9.6414475
25671,9.6428302
25672,9.6459379
25673,9.6470096
25674,9.6498423
25675,9.6517254
25676,9.6531703
25677,9.6549213
25678,9.6571094
25679,9.6586675
25680,9.6611171
25681,9.6632843
25682,9.6640256
25683,9.6655523
25684,9.666218
25685,9.6675097
25686,9.6694275
25687,9.6707438
25688,9.6722602
25689,9.6740426
25690,9.6764972
25691,9.678796
25692,9.6792707
25693,9.6825628
25694,9.6839295
25695,9.6847546
25696,9.6856981
25697,9.6870775
25698,9.6882692
25699,9.6895342
25700,9.6908856
25701,9.6924233
25702,9.6964464
25703,9.6982385
25704,9.7002641
25705,9.7017666
25706,9.7026247
25707,9.704598
25708,9.7068986
25709,9.7081803
25710,9.7092668
25711,9.7105522
25712,9.7116093
25713,9.7154854
25714,9.716423
25715,9.7171572
25716,9.7184554
25717,9.7198261
25718,9.7210332
25719,9.7253911
25720,9.7292479
25721,9.7307034
25722,9.7336004
25723,9.734692
25724,9.7362173
25725,9.7393673
25726,9.7412926
25727,9.7442698
25728,9.7454218
25729,9.7462897
25730,9.7488327
25731,9.750201
25732,9.7539182
25733,9.7559338
25734,9.7574315
25735,9.7605391
25736,9.7629094
25737,9.7649927
25738,9.7706916
25739,9.7729856
25740,9.7742488
25741,9.7760589
25742,9.7771247
25743,9.7781744
25744,9.7798686
25745,9.782012
25746,9.7833573
25747,9.7848929
25748,9.7858688
25749,9.7873028
25750,9.7885206
25751,9.7902692
25752,9.7906402
25753,9.7913701
25754,9.7954946
25755,9.7964949
25756,9.797628
25757,9.8001221
25758,9.8014228
25759,9.8032207
25760,9.8045803
25761,9.806168
25762,9.8084987
25763,9.8115185
25764,9.8142651
25765,9.8175664
25766,9.8200673
25767,9.821517
25768,9.822985
25769,9.8237485
25770,9.8248609
25771,9.8260004
25772,9.8285974
25773,9.8297727
25774,9.8336367
25775,9.8355956
25776,9.8375617
25777,9.8394302
25778,9.8414772
25779,9.8424221
25780,9.8434938
25781,9.8441148
25782,9.8451186
25783,9.8461548
25784,9.8501713
25785,9.8508556
25786,9.8532006
25787,9.8542747
25788,9.855993
25789,9.8627615
25790,9.8651918
25791,9.8661785
25792,9.8672838
25793,9.8681772
25794,9.8703826
25795,9.8714491
25796,9.8722457
25797,9.8743746
25798,9.8752636
25799,9.8762878
25800,9.8782593
25801,9.8794283
25802,9.8803542
25803,9.8821691
25804,9.8829333
25805,9.883811
25806,9.8850379
25807,9.8863088
25808,9.8889957
25809,9.8901935
25810,9.8917138
25811,9.8929251
25812,9.8941601
25813,9.8989892
25814,9.9005444
25815,9.9011499
25816,9.9023099
25817,9.9031989
25818,9.904788
25819,9.9077256
25820,9.9091352
25821,9.909756
25822,9.9105804
25823,9.9115705
25824,9.9139303
25825,9.9144669
25826,9.9149232
25827,9.9157983
25828,9.916655
25829,9.9175655
25830,9.919138
25831,9.9204548
25832,9.9215036
25833,9.9237042
25834,9.9253863
25835,9.9268652
25836,9.9281149
25837,9.9289306
25838,9.9299886
25839,9.9308781
25840,9.9325241
25841,9.9330709
25842,9.9345023
25843,9.9354548
25844,9.9362827
25845,9.9366935
25846,9.9376166
25847,9.9394855
25848,9.940582
25849,9.9416651
25850,9.9424934
25851,9.944191
25852,9.9462959
25853,9.948718
25854,9.9503941
25855,9.9539501
25856,9.9551626
25857,9.9578517
25858,9.9605061
25859,9.9619419
25860,9.9653429
25861,9.9664576
25862,9.9677989
25863,9.9708397
25864,9.9719798
25865,9.9731934
25866,9.9742255
25867,9.976424
25868,9.977318
25869,9.9784487
25870,9.9797931
25871,9.9837652
25872,9.9863412
25873,9.9879229
25874,9.9888621
25875,9.9902439
25876,9.9949024
25877,9.9963752
25878,9.9970452
25879,9.9985767
25880,9.9994876
25881,10.0011412
25882,10.0033561
25883,10.0052611
25884,10.0063698
25885,10.0084215
25886,10.0093791
25887,10.0111123
25888,10.012372
25889,10.0135647
25890,10.0153164
25891,10.0165784
25892,10.017557
25893,10.0189335
25894,10.020923
25895,10.0230416
25896,10.0237437
25897,10.0244726
25898,10.0252299
25899,10.0283253
25900,10.0297385
25901,10.0306612
25902,10.0311152
25903,10.0335705
25904,10.0356423
25905,10.0369238
25906,10.0383729
25907,10.039447
25908,10.040643
25909,10.0422344
25910,10.0431631
25911,10.0447416
25912,10.0459253
25913,10.0479493
25914,10.0485036
25915,10.0499602
25916,10.0512465
25917,10.0530434
25918,10.0534816
25919,10.0545088
25920,10.0557345
25921,10.0567046
25922,10.0573536
25923,10.0578286
25924,10.0585121
25925,10.0609361
25926,10.0618263
25927,10.0622256
25928,10.0630785
25929,10.0643804
25930,10.065792
25931,10.0659895
25932,10.0663561
25933,10.067395
25934,10.0687744
25935,10.0696973
25936,10.0700414
25937,10.0715926
25938,10.0723119
25939,10.0729199
25940,10.0741338
25941,10.0754682
25942,10.0773388
25943,10.0778925
25944,10.0793587
25945,10.0808378
25946,10.0809613
25947,10.082186
25948,10.0825048
25949,10.084657
25950,10.0861047
25951,10.0872097
25952,10.0886034
25953,10.0899637
25954,10.0909978
25955,10.0920742
25956,10.0941586
25957,10.0960272
25958,10.0965648
25959,10.0978658
25960,10.0993862
25961,10.0998619
25962,10.1012559
25963,10.1023187
25964,10.1038198
25965,10.104561
25966,10.1057496
25967,10.1073588
25968,10.1079474
25969,10.1081911
25970,10.1090397
25971,10.1099117
25972,10.1106618
25973,10.1119018
25974,10.1130497
25975,10.1138245
25976,10.1144936
25977,10.1150407
25978,10.1161804
25979,10.1193906
25980,10.1205378
25981,10.123199
25982,10.1247702
25983,10.1253064
25984,10.1283404
25985,10.1289656
25986,10.1295269
25987,10.1306764
25988,10.1316641
25989,10.133141
25990,10.1337452
25991,10.13431
25992,10.1357436
25993,10.1375725
25994,10.1389814
25995,10.140326
25996,10.1408707
25997,10.1422068
25998,10.1426748
25999,10.1450235
26000,10.1462087
26001,10.1473276
26002,10.148343
26003,10.1497818
26004,10.1510842
26005,10.1544452
26006,10.1561552
26007,10.1570258
26008,10.1579574
26009,10.1587518
26010,10.1596274
26011,10.1612004
26012,10.1621069
26013,10.1628911
26014,10.1637805
26015,10.1643668
26016,10.1651267
26017,10.1656924
26018,10.1660349
26019,10.1666071
26020,10.1671727
26021,10.1689289
26022,10.1691956
26023,10.1710721
26024,10.1725602
26025,10.1736542
26026,10.1747805
26027,10.1760204
26028,10.1766446
26029,10.1777585
26030,10.1783544
26031,10.1806004
26032,10.1819936
26033,10.1831999
26034,10.1838699
26035,10.1842421
26036,10.1850162
26037,10.1864786
26038,10.1876176
26039,10.1880643
26040,10.1901268
26041,10.1909932
26042,10.1920983
26043,10.1929555
26044,10.1939726
26045,10.1946153
26046,10.1964817
26047,10.1983129
26048,10.1992845
26049,10.199872
26050,10.2014959
26051,10.2021903
26052,10.2030842
26053,10.2041716
26054,10.2049994
26055,10.2064402
26056,10.2073236
26057,10.2082601
26058,10.2097339
26059,10.2126783
26060,10.2136809
26061,10.2146395
26062,10.2160254
26063,10.2170511
26064,10.2176503
26065,10.2183755
26066,10.2208355
26067,10.2215412
26068,10.2233318
26069,10.224466
26070,10.2259139
26071,10.2269407
26072,10.2301473
26073,10.2311414
26074,10.232512
26075,10.2339221
26076,10.2359504
26077,10.2369748
26078,10.2383999
26079,10.2387121
26080,10.2403376
26081,10.2420819
26082,10.2438201
26083,10.2452643
26084,10.2457088
26085,10.2465685
26086,10.2470068
26087,10.2485486
26088,10.2513052
26089,10.2536447
26090,10.2543373
26091,10.2548458
26092,10.2555667
26093,10.2561711
26094,10.257211
26095,10.2581601
26096,10.2600663
26097,10.2606007
26098,10.2614422
26099,10.2635993
26100,10.2643084
26101,10.2656408
26102,10.2670697
26103,10.2680699
26104,10.269412
26105,10.2703714
26106,10.272538
26107,10.273567
26108,10.2803818
26109,10.2810376
26110,10.2824777
26111,10.283268
26112,10.2844006
26113,10.2850687
26114,10.2857032
26115,10.2860316
26116,10.287747
26117,10.2887134
26118,10.2896567
26119,10.2906878
26120,10.2917959
26121,10.2925066
26122,10.2937081
26123,10.2948276
26124,10.2958842
26125,10.2973119
26126,10.2982185
26127,10.2991416
26128,10.2999969
26129,10.3012694
26130,10.3035005
26131,10.3048049
26132,10.3055341
26133,10.3067344
26134,10.3116941
26135,10.3128848
26136,10.3144088
26137,10.3151811
26138,10.315692
26139,10.3167384
26140,10.3173447
26141,10.3178744
26142,10.3187517
26143,10.3191846
26144,10.3209233
26145,10.3219888
26146,10.3224982
26147,10.3233943
26148,10.3236391
26149,10.3238602
26150,10.3241917
26151,10.3243856
26152,10.3259205
26153,10.3266026
26154,10.3273354
26155,10.3286182
26156,10.3296178
26157,10.329883
26158,10.3306128
26159,10.3309607
26160,10.3319238
26161,10.3326487
26162,10.3336169
26163,10.3349149
26164,10.3358661
26165,10.3363501
26166,10.3366633
26167,10.3368983
26168,10.337254
26169,10.3376175
26170,10.3387986
26171,10.3393306
26172,10.3404409
26173,10.3418904
26174,10.342843
26175,10.3429563
26176,10.3438075
26177,10.3459869
26178,10.346323
26179,10.3470706
26180,10.3480368
26181,10.3487084
26182,10.3496553
26183,10.3499037
26184,10.3507992
26185,10.3517673
26186,10.3524167
26187,10.3530774
26188,10.3540641
26189,10.3547519
26190,10.3554976
26191,10.3558875
26192,10.3560381
26193,10.3569837
26194,10.3574637
26195,10.3578741
26196,10.3585425
26197,10.3588539
26198,10.3591951
26199,10.3604702
26200,10.361454
26201,10.361867
26202,10.3619862
26203,10.362263
26204,10.3632947
26205,10.3644735
26206,10.3651994
26207,10.3655069
26208,10.3658507
26209,10.3663051
26210,10.3669903
26211,10.3676196
26212,10.3684479
26213,10.3689983
26214,10.3705273
26215,10.3713608
26216,10.3729285
26217,10.3747515
26218,10.3761754
26219,10.3768203
26220,10.3775304
26221,10.3782688
26222,10.3804631
26223,10.3811954
26224,10.3820302
26225,10.3829668
26226,10.3843898
26227,10.3854801
26228,10.3867593
26229,10.3877242
26230,10.3892814
26231,10.3902079
26232,10.3910493
26233,10.3917749
26234,10.392469
26235,10.3929268
26236,10.3939872
26237,10.3951475
26238,10.3954917
26239,10.3967272
26240,10.3976569
26241,10.398536
26242,10.3990134
26243,10.3995728
26244,10.4003238
26245,10.4009932
26246,10.4013072
26247,10.4019775
26248,10.4028151
26249,10.4035793
26250,10.4045581
26251,10.405301
26252,10.4061012
26253,10.4075617
26254,10.4079421
26255,10.408527
26256,10.4094257
26257,10.4108559
26258,10.411903
26259,10.4120291
26260,10.4126161
26261,10.4133242
26262,10.4138958
26263,10.4144594
26264,10.4147019
26265,10.4164998
26266,10.4169925
26267,10.4174989
26268,10.4179909
26269,10.4190076
26270,10.4198449
26271,10.4216902
26272,10.4220985
26273,10.422558
26274,10.4231727
26275,10.4245589
26276,10.4253775
26277,10.4261442
26278,10.4269135
26279,10.4275351
26280,10.4280296
26281,10.429215
26282,10.4303611
26283,10.4310665
26284,10.4316501
26285,10.4319314
26286,10.432328
26287,10.4328002
26288,10.4330573
26289,10.4338582
26290,10.4351057
26291,10.4355258
26292,10.4359623
26293,10.43638
26294,10.4368656
26295,10.4374651
26296,10.43908
26297,10.4396978
26298,10.4402024
26299,10.4419385
26300,10.443115
26301,10.4437163
26302,10.4447116
26303,10.4456117
26304,10.4464472
26305,10.4469223
26306,10.4479464
26307,10.448331
26308,10.4486791
26309,10.4497901
26310,10.4509113
26311,10.4513268
26312,10.4518853
26313,10.4523696
26314,10.4531144
26315,10.4539701
26316,10.4549213
26317,10.4559774
26318,10.4565467
26319,10.4569729
26320,10.4582844
26321,10.4594115
26322,10.4604351
26323,10.4614525
26324,10.4625609
26325,10.4639838
26326,10.4648027
26327,10.465704
26328,10.4666452
26329,10.4672741
26330,10.4677773
26331,10.4682658
26332,10.4696684
26333,10.4710888
26334,10.4720974
26335,10.4730622
26336,10.4737565
26337,10.4741796
26338,10.4750051
26339,10.4757317
26340,10.4770504
26341,10.4778721
26342,10.4781059
26343,10.4786903
26344,10.4796599
26345,10.4805689
26346,10.4812319
26347,10.4815888
26348,10.48301
26349,10.4835553
26350,10.4845293
26351,10.4854952
26352,10.48603
26353,10.486642
26354,10.4880686
26355,10.4890925
26356,10.4894973
26357,10.4901943
26358,10.4905697
26359,10.4910917
26360,10.4914579
26361,10.4917981
26362,10.4929649
26363,10.4948624
26364,10.4954891
26365,10.4970872
26366,10.497856
26367,10.4982243
26368,10.4988511
26369,10.4996561
26370,10.5004348
26371,10.500862
26372,10.5014663
26373,10.5017312
26374,10.5026027
26375,10.5029449
26376,10.503703
26377,10.504073
26378,10.5052555
26379,10.506072
26380,10.5072188
26381,10.5078677
26382,10.5083887
26383,10.5090088
26384,10.510057
26385,10.5112172
26386,10.5117843
26387,10.5133928
26388,10.5148921
26389,10.515319
26390,10.5159497
26391,10.5166804
26392,10.5168856
26393,10.5175924
26394,10.5183346
26395,10.5188184
26396,10.5193917
26397,10.5195442
26398,10.5201053
26399,10.5217101
26400,10.5233627
26401,10.5243925
26402,10.5249703
26403,10.5259351
26404,10.5267521
26405,10.5280498
26406,10.5284889
26407,10.536497
26408,10.5370331
26409,10.5376347
26410,10.5379666
26411,10.5390133
26412,10.5401769
26413,10.5406392
26414,10.5415413
26415,10.5424175
26416,10.5443688
26417,10.5452425
26418,10.5459235
26419,10.5460673
26420,10.5470429
26421,10.5479255
26422,10.548555
26423,10.5492085
26424,10.5495451
26425,10.5500114
26426,10.55101
26427,10.5521082
26428,10.5528251
26429,10.5538396
26430,10.5543093
26431,10.5547875
26432,10.5552929
26433,10.5560546
26434,10.5564778
26435,10.556953
26436,10.5576515
26437,10.5581847
26438,10.5590666
26439,10.5598707
26440,10.5604091
26441,10.5609419
26442,10.5614387
26443,10.56192
26444,10.5624852
26445,10.5633942
26446,10.5648838
26447,10.5653413
26448,10.5658574
26449,10.5674142
26450,10.5682911
26451,10.5693504
26452,10.570067
26453,10.5712583
26454,10.5720055
26455,10.5730775
26456,10.5737552
26457,10.5748839
26458,10.5754701
26459,10.5758486
26460,10.5771954
26461,10.5777636
26462,10.5783703
26463,10.5796233
26464,10.5802991
26465,10.5808778
26466,10.5820212
26467,10.5832865
26468,10.5841338
26469,10.5856048
26470,10.5865357
26471,10.5880165
26472,10.5883617
26473,10.5893159
26474,10.5898821
26475,10.5908905
26476,10.5912295
26477,10.5919912
26478,10.5930325
26479,10.5941505
26480,10.5953518
26481,10.5959841
26482,10.5968986
26483,10.5973452
26484,10.59766
26485,10.5987689
26486,10.5994814
26487,10.6000981
26488,10.6013171
26489,10.6021288
26490,10.6026225
26491,10.603834
26492,10.6046337
26493,10.6050256
26494,10.6056367
26495,10.6072761
26496,10.6082792
26497,10.6098556
26498,10.6112804
26499,10.6127096
26500,10.613382
26501,10.6140879
26502,10.6147512
26503,10.6153801
26504,10.6163204
26505,10.6172195
26506,10.6189926
26507,10.620347
26508,10.6210935
26509,10.6225553
26510,10.6230661
26511,10.6239173
26512,10.6251914
26513,10.6256874
26514,10.6266207
26515,10.6271709
26516,10.6284211
26517,10.6293399
26518,10.6305546
26519,10.6314898
26520,10.6325331
26521,10.6337082
26522,10.6343568
26523,10.6353647
26524,10.6360923
26525,10.6367179
26526,10.637504
26527,10.6388604
26528,10.6401948
26529,10.6416662
26530,10.6424574
26531,10.6427899
26532,10.6435133
26533,10.644237
26534,10.6451138
26535,10.6468643
26536,10.6475108
26537,10.6481211
26538,10.6497372
26539,10.6502986
26540,10.6520446
26541,10.6530028
26542,10.6539204
26543,10.6551503
26544,10.6561541
26545,10.6571126
26546,10.6583909
26547,10.6596631
26548,10.6603211
26549,10.6611366
26550,10.66173
26551,10.6632461
26552,10.6641448
26553,10.6653411
26554,10.6661454
26555,10.6669358
26556,10.6683718
26557,10.6689734
26558,10.671443
26559,10.6720411
26560,10.6723095
26561,10.6735444
26562,10.674119
26563,10.6758126
26564,10.6765202
26565,10.6769989
26566,10.677768
26567,10.6787315
26568,10.6795071
26569,10.6808215
26570,10.6812606
26571,10.6822561
26572,10.6835984
26573,10.684532
26574,10.685247
26575,10.6857029
26576,10.686158
26577,10.6871137
26578,10.6877137
26579,10.6882271
26580,10.6896324
26581,10.6903331
26582,10.6917967
26583,10.6927315
26584,10.6932021
26585,10.6946312
26586,10.6952716
26587,10.696668
26588,10.6971849
26589,10.6981076
26590,10.6985074
26591,10.6993833
26592,10.7002902
26593,10.7017273
26594,10.7023809
26595,10.7026946
26596,10.7032103
26597,10.7036381
26598,10.7041239
26599,10.7048783
26600,10.705559
26601,10.7063753
26602,10.706913
26603,10.7074655
26604,10.7082191
26605,10.7089258
26606,10.7096349
26607,10.7103111
26608,10.7108388
26609,10.7112549
26610,10.7117195
26611,10.7124845
26612,10.7131757
26613,10.7141475
26614,10.7146145
26615,10.7152342
26616,10.7157915
26617,10.7171654
26618,10.7184441
26619,10.7192866
26620,10.7200252
26621,10.7205668
26622,10.7211747
26623,10.7220856
26624,10.722691
26625,10.7241371
26626,10.7306924
26627,10.7321118
26628,10.7331025
26629,10.733703
26630,10.7347621
26631,10.7357201
26632,10.7377104
26633,10.7382959
26634,10.7394222
26635,10.7398684
26636,10.7411053
26637,10.7420863
26638,10.7433515
26639,10.7441136
26640,10.7453563
26641,10.7462145
26642,10.7477277
26643,10.7483566
26644,10.7496831
26645,10.750393
26646,10.7509018
26647,10.7515362
26648,10.7523236
26649,10.7535898
26650,10.754667
26651,10.7560786
26652,10.7576291
26653,10.7583599
26654,10.7592634
26655,10.7604451
26656,10.7614162
26657,10.7620542
26658,10.7625421
26659,10.7632125
26660,10.7637605
26661,10.7646045
26662,10.7659938
26663,10.7668763
26664,10.7675242
26665,10.7691911
26666,10.7703462
26667,10.7709186
26668,10.7715835
26669,10.7722657
26670,10.7730324
26671,10.7747651
26672,10.7756556
26673,10.7761494
26674,10.7774329
26675,10.7785451
26676,10.7792788
26677,10.7802506
26678,10.7811385
26679,10.781953
26680,10.7825987
26681,10.783884
26682,10.7847508
26683,10.7858968
26684,10.7864229
26685,10.7873438
26686,10.7884567
26687,10.7895852
26688,10.7904706
26689,10.7913847
26690,10.7928441
26691,10.793741
26692,10.7948032
26693,10.7953445
26694,10.796527
26695,10.7973639
26696,10.7985416
26697,10.7998211
26698,10.8005106
26699,10.8013393
26700,10.8020724
26701,10.8030225
26702,10.8036548
26703,10.8042994
26704,10.8047364
26705,10.8052485
26706,10.8056862
26707,10.8067126
26708,10.8070814
26709,10.807772
26710,10.8084402
26711,10.809278
26712,10.8099855
26713,10.8114075
26714,10.8128043
26715,10.8132833
26716,10.8141949
26717,10.8148199
26718,10.8157561
26719,10.8167745
26720,10.8174277
26721,10.818388
26722,10.8194079
26723,10.8196996
26724,10.8203962
26725,10.8209021
26726,10.8216261
26727,10.8225115
26728,10.8233906
26729,10.8242382
26730,10.825895
26731,10.8268103
26732,10.8274054
26733,10.8282844
26734,10.8288911
26735,10.8294352
26736,10.8302807
26737,10.8309483
26738,10.8312487
26739,10.8321452
26740,10.8326442
26741,10.8332324
26742,10.8345283
26743,10.8350559
26744,10.8363357
26745,10.8373411
26746,10.8378558
26747,10.8383064
26748,10.8389204
26749,10.8398599
26750,10.8404231
26751,10.8410376
26752,10.8413735
26753,10.8423627
26754,10.8431699
26755,10.8438586
26756,10.8440924
26757,10.8445512
26758,10.8455881
26759,10.8459769
26760,10.8463794
26761,10.8471127
26762,10.8474678
26763,10.8478337
26764,10.8482383
26765,10.8486914
26766,10.8499681
26767,10.8504854
26768,10.8516781
26769,10.8518717
26770,10.8541074
26771,10.8547155
26772,10.8551009
26773,10.8560585
26774,10.8564805
26775,10.856715
26776,10.8569536
26777,10.8572259
26778,10.8577785
26779,10.8579319
26780,10.8584213
26781,10.8591578
26782,10.8595297
26783,10.8599776
26784,10.8604795
26785,10.8608198
26786,10.8611615
26787,10.8613911
26788,10.8618415
26789,10.8622505
26790,10.8624562
26791,10.8629527
26792,10.8635336
26793,10.864305
26794,10.8647843
26795,10.8654621
26796,10.8660567
26797,10.8663193
26798,10.8670465
26799,10.8676959
26800,10.8682664
26801,10.8688403
26802,10.8694736
26803,10.8700441
26804,10.8703583
26805,10.8708931
26806,10.8713019
26807,10.8722291
26808,10.8725418
26809,10.8729971
26810,10.8731929
26811,10.8732868
26812,10.8736544
26813,10.8742767
26814,10.8744491
26815,10.8746307
26816,10.8749044
26817,10.8755264
26818,10.8757102
26819,10.876168
26820,10.8763837
26821,10.8765831
26822,10.8766487
26823,10.8766938
26824,10.8769383
26825,10.8772722
26826,10.8775774
26827,10.8780081
26828,10.8785275
26829,10.8790926
26830,10.8794651
26831,10.880192
26832,10.8807087
26833,10.8811967
26834,10.881614
26835,10.8817722
26836,10.8820095
26837,10.8821092
26838,10.8823423
26839,10.8823882
26840,10.8832348
26841,10.8833068
26842,10.8835435
26843,10.8839375
26844,10.8842379
26845,10.8845185
26846,10.8846917
26847,10.885121
26848,10.8851913
26849,10.8861378
26850,10.8864361
26851,10.886899
26852,10.8875461
26853,10.8875461
26854,10.8877426
26855,10.8878209
26856,10.8880784
26857,10.8883104
26858,10.888413
26859,10.8884377
26860,10.8886563
26861,10.8888923
26862,10.8894268
26863,10.8899748
26864,10.8903875
26865,10.8906956
26866,10.8908839
26867,10.891098
26868,10.8918918
26869,10.892171
26870,10.8923104
26871,10.8924103
26872,10.8930581
26873,10.8930581
26874,10.8934336
26875,10.8935127
26876,10.8936393
26877,10.8940127
26878,10.8946255
26879,10.8949745
26880,10.8952938
26881,10.8954894
26882,10.8954894
26883,10.895963
26884,10.8960655
26885,10.8963527
26886,10.8964641
26887,10.8965305
26888,10.896991
26889,10.8970366
26890,10.8973561
26891,10.8979248
26892,10.8981304
26893,10.898564
26894,10.8993209
26895,10.8994167
26896,10.8996133
26897,10.8998385
26898,10.9001372
26899,10.9010275
26900,10.9011733
26901,10.9011799
26902,10.9011799
26903,10.9011799
26904,10.9014757
26905,10.9017421
26906,10.9018007
26907,10.9026137
26908,10.903069
26909,10.9040816
26910,10.9046625
26911,10.9046625
26912,10.9049946
26913,10.905611
26914,10.9060018
26915,10.9064821
26916,10.9066858
26917,10.9066858
26918,10.9077536
26919,10.907826
26920,10.9080376
26921,10.9083572
26922,10.9087094
26923,10.9089895
26924,10.9092349
26925,10.9096486
26926,10.9098858
26927,10.9103513
26928,10.9103513
26929,10.9107029
26930,10.9111198
26931,10.9111198
26932,10.9111198
26933,10.9113209
26934,10.9117192
26935,10.9118057
26936,10.9121669
26937,10.9121669
26938,10.9121669
26939,10.9121669
26940,10.9125731
26941,10.9125731
26942,10.9125893
26943,10.9126581
26944,10.9128443
26945,10.9136163
26946,10.9140189
26947,10.914224
26948,10.9142879
26949,10.9145516
26950,10.9148364
26951,10.9154773
26952,10.9154773
26953,10.9155746
26954,10.9157757
26955,10.9157757
26956,10.9157757
26957,10.9157836
26958,10.9157836
26959,10.9157836
26960,10.9157836
26961,10.9157836
26962,10.9157836
26963,10.9159652
26964,10.9159855
26965,10.9162011
26966,10.9164392
26967,10.9164392
26968,10.9166619
26969,10.9167789
26970,10.9167789
26971,10.9169113
26972,10.9170084
26973,10.9170253
26974,10.9172332
26975,10.9173686
26976,10.9173686
26977,10.9173686
26978,10.9174757
26979,10.9179523
26980,10.918368
26981,10.918368
26982,10.918368
26983,10.9184999
26984,10.9184999
26985,10.9185245
26986,10.9186141
26987,10.9186145
26988,10.9190769
26989,10.9190769
26990,10.9193169
26991,10.9194128
26992,10.9196309
26993,10.919835
26994,10.919835
26995,10.919844
26996,10.9199256
26997,10.9207631
26998,10.9211987
26999,10.9216811
27000,10.9216811
27001,10.9216811
27002,10.9223933
27003,10.9223933
27004,10.9223933
27005,10.9225129
27006,10.9225585
27007,10.9227176
27008,10.9227176
27009,10.9227997
27010,10.9240114
27011,10.9241402
27012,10.9246384
27013,10.9246793
27014,10.9246793
27015,10.9246793
27016,10.9249159
27017,10.9249159
27018,10.9249159
27019,10.9249159
27020,10.924992
27021,10.9250938
27022,10.9250938
27023,10.9250938
27024,10.9252432
27025,10.9252432
27026,10.9253727
27027,10.9253727
27028,10.925868
27029,10.925916
27030,10.9260946
27031,10.9260946
27032,10.9260946
27033,10.9261959
27034,10.9261959
27035,10.9261959
27036,10.9261959
27037,10.926306
27038,10.9269886
27039,10.9270772
27040,10.9277113
27041,10.9279394
27042,10.9280597
27043,10.9280597
27044,10.928204
27045,10.9286249
27046,10.9288259
27047,10.9288259
27048,10.9289283
27049,10.9292079
27050,10.9292079
27051,10.9293152
27052,10.9293152
27053,10.9295493
27054,10.9296785
27055,10.9300118
27056,10.9302235
27057,10.930462
27058,10.9305859
27059,10.9305859
27060,10.931074
27061,10.9313639
27062,10.9314033
27063,10.9314389
27064,10.9322795
27065,10.9322795
27066,10.9322795
27067,10.9322795
27068,10.9323319
27069,10.9325452
27070,10.9325452
27071,10.932572
27072,10.9328842
27073,10.9328842
27074,10.9330193
27075,10.9330193
27076,10.9331996
27077,10.9334201
27078,10.933483
27079,10.9335627
27080,10.9335627
27081,10.9340141
27082,10.9340141
27083,10.9341135
27084,10.9341215
27085,10.9345782
27086,10.9345782
27087,10.9353172
27088,10.9353172
27089,10.9354045
27090,10.9354045
27091,10.9354045
27092,10.9354045
27093,10.9358591
27094,10.9358591
27095,10.9358643
27096,10.9359424
27097,10.9359424
27098,10.9359424
27099,10.9359424
27100,10.9359424
27101,10.9359424
27102,10.9359424
27103,10.9360934
27104,10.9370401
27105,10.9371396
27106,10.9371396
27107,10.9377128
27108,10.9377128
27109,10.9377128
27110,10.9377128
27111,10.9379218
27112,10.9379218
27113,10.9379218
27114,10.938007
27115,10.938007
27116,10.938007
27117,10.9381146
27118,10.9382473
27119,10.9388909
27120,10.9388909
27121,10.9388909
27122,10.9388909
27123,10.9388909
27124,10.9388909
27125,10.9394627
27126,10.9394627
27127,10.9394627
27128,10.939555
27129,10.939555
27130,10.939555
27131,10.939555
27132,10.9397683
27133,10.9398219
27134,10.9399484
27135,10.9404122
27136,10.9406165
27137,10.9406165
27138,10.9407536
27139,10.9407536
27140,10.9407536
27141,10.9407536
27142,10.9407536
27143,10.9413383
27144,10.9413383
27145,10.9417574
27146,10.9417574
27147,10.9417916
27148,10.9417916
27149,10.9417916
27150,10.9417916
27151,10.9417916
27152,10.9422588
27153,10.9424747
27154,10.9425031
27155,10.9425639
27156,10.9425639
27157,10.9425639
27158,10.9427165
27159,10.9427165
27160,10.9427165
27161,10.9432924
27162,10.9432924
27163,10.9432924
27164,10.9432924
27165,10.9432924
27166,10.9432924
27167,10.9439315
27168,10.9440652
27169,10.9440652
27170,10.9442288
27171,10.9442288
27172,10.9442288
27173,10.9442288
27174,10.9442288
27175,10.9442288
27176,10.9442288
27177,10.9442288
27178,10.9442288
27179,10.9442288
27180,10.9442288
27181,10.9443005
27182,10.9443005
27183,10.9452716
27184,10.9452716
27185,10.9455488
27186,10.9455488
27187,10.9455488
27188,10.9455488
27189,10.9459146
27190,10.9460586
27191,10.9460586
27192,10.9475026
27193,10.9515203
27194,10.9515582
27195,10.9518521
27196,10.9519551
27197,10.9519793
27198,10.9526834
27199,10.9526834
27200,10.9527472
27201,10.9529876
27202,10.9532194
27203,10.9532915
27204,10.9536223
27205,10.9536223
27206,10.9537944
27207,10.9545938
27208,10.9545938
27209,10.9549125
27210,10.9553281
27211,10.9555409
27212,10.9555409
27213,10.9555409
27214,10.9555409
27215,10.9556224
27216,10.9556224
27217,10.9557492
27218,10.9560039
27219,10.9562582
27220,10.9566423
27221,10.9566423
27222,10.9566451
27223,10.9568092
27224,10.9568595
27225,10.956903
27226,10.956903
27227,10.9572605
27228,10.9573105
27229,10.957538
27230,10.957793
27231,10.957793
27232,10.9580806
27233,10.9587271
27234,10.9592421
27235,10.9592421
27236,10.9593555
27237,10.9597271
27238,10.9599559
27239,10.9599559
27240,10.9601053
27241,10.96019
27242,10.9604144
27243,10.9604144
27244,10.9605171
27245,10.9605171
27246,10.9605171
27247,10.9605171
27248,10.9605171
27249,10.9608073
27250,10.9608073
27251,10.9609579
27252,10.9612936
27253,10.9622566
27254,10.9623529
27255,10.962621
27256,10.9628692
27257,10.9629751
27258,10.963705
27259,10.963705
27260,10.9640648
27261,10.9641751
27262,10.9642576
27263,10.9648649
27264,10.9648649
27265,10.9653428
27266,10.9653667
27267,10.9654073
27268,10.9656188
27269,10.9656188
27270,10.9657801
27271,10.9662913
27272,10.9664752
27273,10.9666369
27274,10.9667057
27275,10.9669891
27276,10.9671609
27277,10.9673987
27278,10.9678324
27279,10.9678637
27280,10.9679569
27281,10.9681441
27282,10.9682524
27283,10.9696494
27284,10.9701361
27285,10.9701751
27286,10.9703341
27287,10.9705589
27288,10.9705589
27289,10.9705646
27290,10.9706761
27291,10.9709627
27292,10.9709627
27293,10.9714609
27294,10.9714657
27295,10.9717047
27296,10.9717409
27297,10.9719232
27298,10.9720907
27299,10.9722461
27300,10.9724531
27301,10.9726394
27302,10.9729642
27303,10.9732779
27304,10.9736003
27305,10.9736469
27306,10.9737733
27307,10.9737733
27308,10.974313
27309,10.9744081
27310,10.9744081
27311,10.9744081
27312,10.9744081
27313,10.9744517
27314,10.9745147
27315,10.9748266
27316,10.9749115
27317,10.9751173
27318,10.975643
27319,10.9759306
27320,10.9763166
27321,10.9764562
27322,10.9764562
27323,10.9767909
27324,10.977423
27325,10.977423
27326,10.9775141
27327,10.9778415
27328,10.9783734
27329,10.9785342
27330,10.979052
27331,10.9792709
27332,10.9792924
27333,10.9797593
27334,10.9799709
27335,10.98038
27336,10.9805522
27337,10.9806879
27338,10.9806879
27339,10.9807187
27340,10.9807187
27341,10.981704
27342,10.9818684
27343,10.9822221
27344,10.9823718
27345,10.9826855
27346,10.9828066
27347,10.9828768
27348,10.98293
27349,10.9831101
27350,10.9840853
27351,10.9842086
27352,10.9842918
27353,10.9842918
27354,10.9844564
27355,10.9844801
27356,10.9845472
27357,10.9845811
27358,10.9846975
27359,10.9846975
27360,10.984923
27361,10.9852379
27362,10.985451
27363,10.9855462
27364,10.9857247
27365,10.9857579
27366,10.9859204
27367,10.9861754
27368,10.986316
27369,10.986316
27370,10.9863746
27371,10.986637
27372,10.9872452
27373,10.9876985
27374,10.9876985
27375,10.9881041
27376,10.988122
27377,10.9887009
27378,10.9887099
27379,10.9893878
27380,10.9898715
27381,10.9898715
27382,10.9898992
27383,10.9901385
27384,10.9902334
27385,10.9903149
27386,10.9903958
27387,10.9908347
27388,10.9908347
27389,10.9911524
27390,10.9915097
27391,10.991593
27392,10.9923623
27393,10.9925899
27394,10.9927285
27395,10.9928703
27396,10.9930299
27397,10.9935769
27398,10.9936547
27399,10.9939668
27400,10.9939668
27401,10.9941323
27402,10.9942967
27403,10.9946428
27404,10.9950924
27405,10.9953504
27406,10.995765
27407,10.9968839
27408,10.9969354
27409,10.9969596
27410,10.9973362
27411,10.9973362
27412,10.9974433
27413,10.9977729
27414,10.9979152
27415,10.998209
27416,10.998209
27417,10.9984094
27418,10.9984603
27419,10.9987469
27420,10.9987469
27421,10.9989948
27422,10.9994147
27423,10.9994147
27424,10.9998487
27425,10.9998861
27426,11.0004606
27427,11.0004606
27428,11.0005828
27429,11.0008279
27430,11.0014731
27431,11.0015754
27432,11.0018614
27433,11.0021838
27434,11.0023968
27435,11.0025725
27436,11.0029192
27437,11.0033096
27438,11.0035428
27439,11.0036003
27440,11.0042718
27441,11.0044213
27442,11.0045893
27443,11.005036
27444,11.0055388
27445,11.0059413
27446,11.0067424
27447,11.0067424
27448,11.0067874
27449,11.007717
27450,11.0081439
27451,11.0081668
27452,11.0081668
27453,11.0085643
27454,11.0088334
27455,11.0093668
27456,11.0095822
27457,11.0106083
27458,11.0108332
27459,11.0109783
27460,11.0111942
27461,11.0115188
27462,11.0115905
27463,11.011755
27464,11.0121091
27465,11.0125358
27466,11.0128015
27467,11.013596
27468,11.0139732
27469,11.0142801
27470,11.0145981
27471,11.0150351
27472,11.015273
27473,11.0155425
27474,11.0159496
27475,11.0160161
27476,11.0163669
27477,11.0171781
27478,11.0175243
27479,11.0176622
27480,11.0181869
27481,11.0187669
27482,11.0198179
27483,11.0203071
27484,11.0204353
27485,11.0209479
27486,11.0212849
27487,11.0219651
27488,11.0223993
27489,11.0225596
27490,11.0231044
27491,11.0233386
27492,11.0237257
27493,11.0239402
27494,11.0244417
27495,11.0250866
27496,11.0254987
27497,11.0259137
27498,11.0263614
27499,11.0266806
27500,11.0277851
27501,11.0280705
27502,11.0301708
27503,11.0306411
27504,11.0306411
27505,11.0307816
27506,11.0313868
27507,11.0321298
27508,11.0326069
27509,11.0329264
27510,11.0331121
27511,11.033343
27512,11.0334736
27513,11.0336966
27514,11.0340396
27515,11.0344754
27516,11.0348543
27517,11.0353591
27518,11.0359167
27519,11.0360902
27520,11.0366718
27521,11.0369434
27522,11.0376032
27523,11.0379383
27524,11.0381808
27525,11.0388143
27526,11.0397741
27527,11.0403381
27528,11.0409029
27529,11.0414691
27530,11.0419994
27531,11.0426467
27532,11.0429274
27533,11.0434547
27534,11.0444108
27535,11.0455875
27536,11.0457608
27537,11.0464852
27538,11.0471013
27539,11.047816
27540,11.0479865
27541,11.0485453
27542,11.0487516
27543,11.0491147
27544,11.049627
27545,11.0499199
27546,11.0506683
27547,11.0508734
27548,11.0510356
27549,11.0511556
27550,11.0513967
27551,11.0520201
27552,11.0524948
27553,11.0532104
27554,11.0538983
27555,11.0545287
27556,11.0549477
27557,11.0556942
27558,11.05625
27559,11.0564119
27560,11.0566491
27561,11.0572403
27562,11.0576283
27563,11.0581586
27564,11.0585145
27565,11.0589758
27566,11.0594773
27567,11.059835
27568,11.0604869
27569,11.0615426
27570,11.0622465
27571,11.062386
27572,11.062747
27573,11.063368
27574,11.0639644
27575,11.06457
27576,11.0650317
27577,11.0651474
27578,11.0654808
27579,11.0665568
27580,11.067199
27581,11.0677441
27582,11.068379
27583,11.0689275
27584,11.0691665
27585,11.0701299
27586,11.0709636
27587,11.0716953
27588,11.0723216
27589,11.0731111
27590,11.0743545
27591,11.0749756
27592,11.0756289
27593,11.0758241
27594,11.0764174
27595,11.0772999
27596,11.0781232
27597,11.0787267
27598,11.0796432
27599,11.0804401
27600,11.0815718
27601,11.082227
27602,11.0828991
27603,11.0841577
27604,11.084542
27605,11.0855954
27606,11.0860467
27607,11.086438
27608,11.0870687
27609,11.0874697
27610,11.0880011
27611,11.0887627
27612,11.0896598
27613,11.0910848
27614,11.0914433
27615,11.091898
27616,11.0924611
27617,11.0929863
27618,11.0939447
27619,11.0949839
27620,11.0955281
27621,11.096926
27622,11.0973403
27623,11.0978477
27624,11.0985648
27625,11.0996236
27626,11.1005533
27627,11.1015271
27628,11.1025976
27629,11.1034095
27630,11.1040349
27631,11.1043089
27632,11.1046928
27633,11.1054718
27634,11.1059843
27635,11.1066495
27636,11.1075318
27637,11.1082846
27638,11.1089632
27639,11.109755
27640,11.1108767
27641,11.1114697
27642,11.1120932
27643,11.1128011
27644,11.1136316
27645,11.1143967
27646,11.1149447
27647,11.1159188
27648,11.11686
27649,11.1177056
27650,11.1182664
27651,11.1188005
27652,11.1202117
27653,11.1210122
27654,11.1217453
27655,11.1227422
27656,11.1232309
27657,11.124002
27658,11.1248404
27659,11.1253775
27660,11.126188
27661,11.1272936
27662,11.1281628
27663,11.1291373
27664,11.1303621
27665,11.1319521
27666,11.1326594
27667,11.133504
27668,11.1346167
27669,11.1352443
27670,11.136044
27671,11.1365436
27672,11.1376803
27673,11.138412
27674,11.1394497
27675,11.1407737
27676,11.1414854
27677,11.1423945
27678,11.1426132
27679,11.1433912
27680,11.1440415
27681,11.1447901
27682,11.1454148
27683,11.1461759
27684,11.1469173
27685,11.1478877
27686,11.1487555
27687,11.1499599
27688,11.1504821
27689,11.1515983
27690,11.1523762
27691,11.1535281
27692,11.1539133
27693,11.154662
27694,11.1553406
27695,11.1561407
27696,11.1566714
27697,11.1573209
27698,11.1579474
27699,11.1581903
27700,11.15907
27701,11.16005
27702,11.1606526
27703,11.1617382
27704,11.1625291
27705,11.1633163
27706,11.1645396
27707,11.1652067
27708,11.1662589
27709,11.1672759
27710,11.1687806
27711,11.1698053
27712,11.1707271
27713,11.1719065
27714,11.1730937
27715,11.1740015
27716,11.1751937
27717,11.1761649
27718,11.1768857
27719,11.1776262
27720,11.1786234
27721,11.1794013
27722,11.1801869
27723,11.1812526
27724,11.1820909
27725,11.1825902
27726,11.1833914
27727,11.1844737
27728,11.1851943
27729,11.1862348
27730,11.187361
27731,11.1885727
27732,11.1895673
27733,11.1903875
27734,11.1912519
27735,11.192248
27736,11.1931305
27737,11.1939164
27738,11.1949752
27739,11.1961256
27740,11.1972068
27741,11.1980501
27742,11.1990687
27743,11.2001692
27744,11.2011305
27745,11.2023674
27746,11.2034207
27747,11.205021
27748,11.2059155
27749,11.2072157
27750,11.2079926
27751,11.2088828
27752,11.2102191
27753,11.2115704
27754,11.2127504
27755,11.2139938
27756,11.2149756
27757,11.2159567
27758,11.2169514
27759,11.2180618
27760,11.2199257
27761,11.2207295
27762,11.2213704
27763,11.2224288
27764,11.2241736
27765,11.2253181
27766,11.2263213
27767,11.2273103
27768,11.2282532
27769,11.2293445
27770,11.2306619
27771,11.2316265
27772,11.2329868
27773,11.2337868
27774,11.2348563
27775,11.236035
27776,11.2371149
27777,11.2379713
27778,11.2389227
27779,11.2404097
27780,11.2419073
27781,11.2432548
27782,11.2453064
27783,11.2465515
27784,11.2475287
27785,11.2488268
27786,11.2498906
27787,11.2509432
27788,11.2520568
27789,11.2534437
27790,11.2548782
27791,11.2558468
27792,11.25687
27793,11.2581211
27794,11.2595834
27795,11.2606873
27796,11.2618614
27797,11.2631417
27798,11.2641848
27799,11.2652352
27800,11.2668412
27801,11.2680642
27802,11.2691315
27803,11.2705759
27804,11.2719393
27805,11.2730932
27806,11.2746731
27807,11.2767898
27808,11.2780876
27809,11.2796595
27810,11.2807794
27811,11.2820012
27812,11.283396
27813,11.2848952
27814,11.2864298
27815,11.2879916
27816,11.2892293
27817,11.2904977
27818,11.292005
27819,11.2931642
27820,11.2944053
27821,11.2961965
27822,11.297586
27823,11.2985869
27824,11.3001009
27825,11.3012754
27826,11.3028636
27827,11.3047898
27828,11.3060837
27829,11.3080336
27830,11.3092109
27831,11.3103435
27832,11.3115154
27833,11.3133605
27834,11.3146457
27835,11.3161077
27836,11.3172662
27837,11.3182382
27838,11.3192266
27839,11.3209238
27840,11.3219411
27841,11.3237602
27842,11.3252128
27843,11.3264965
27844,11.3280652
27845,11.329229
27846,11.3306462
27847,11.3318393
27848,11.3329048
27849,11.3340606
27850,11.3355901
27851,11.3366707
27852,11.3385877
27853,11.3400422
27854,11.34157
27855,11.3429579
27856,11.3441105
27857,11.3457474
27858,11.3471157
27859,11.3480352
27860,11.3492267
27861,11.3506512
27862,11.352155
27863,11.3533715
27864,11.355272
27865,11.3567806
27866,11.3585613
27867,11.3603164
27868,11.3613539
27869,11.3629533
27870,11.3646432
27871,11.3661438
27872,11.3676088
27873,11.3689936
27874,11.3699148
27875,11.3715991
27876,11.3733896
27877,11.3749434
27878,11.3761604
27879,11.3776339
27880,11.3799313
27881,11.3815919
27882,11.3833383
27883,11.385077
27884,11.3871519
27885,11.388748
27886,11.3898938
27887,11.3918327
27888,11.3930245
27889,11.3945803
27890,11.3965141
27891,11.3976468
27892,11.3993417
27893,11.4006419
27894,11.4017879
27895,11.40347
27896,11.4056087
27897,11.4076636
27898,11.4092327
27899,11.4110446
27900,11.4125731
27901,11.4140176
27902,11.4155198
27903,11.4174246
27904,11.418557
27905,11.4204482
27906,11.4223604
27907,11.4241058
27908,11.4259543
27909,11.4277928
27910,11.4289966
27911,11.4308533
27912,11.4321152
27913,11.4336543
27914,11.4352427
27915,11.4364681
27916,11.4378108
27917,11.4396279
27918,11.4421145
27919,11.4434947
27920,11.444486
27921,11.4460749
27922,11.4476823
27923,11.4493361
27924,11.451127
27925,11.4528063
27926,11.4546738
27927,11.4566565
27928,11.4584856
27929,11.4603394
27930,11.4626973
27931,11.464003
27932,11.4657639
27933,11.467811
27934,11.4693921
27935,11.4714996
27936,11.4734179
27937,11.4752511
27938,11.4766984
27939,11.4783126
27940,11.4804521
27941,11.482307
27942,11.4840619
27943,11.4861272
27944,11.48782
27945,11.4896764
27946,11.4913977
27947,11.493371
27948,11.4951062
27949,11.4962992
27950,11.4978657
27951,11.4992549
27952,11.5007009
27953,11.5025933
27954,11.5043714
27955,11.5061534
27956,11.5076874
27957,11.5094191
27958,11.5106525
27959,11.5124381
27960,11.5142824
27961,11.5157447
27962,11.5172718
27963,11.5191951
27964,11.5211144
27965,11.5225674
27966,11.5241735
27967,11.5264768
27968,11.5281994
27969,11.5305766
27970,11.5325495
27971,11.5347134
27972,11.5364588
27973,11.537832
27974,11.5397827
27975,11.5421726
27976,11.5439835
27977,11.5458711
27978,11.5475422
27979,11.5493713
27980,11.5508217
27981,11.5525839
27982,11.5546525
27983,11.5569254
27984,11.5584433
27985,11.5602537
27986,11.5624924
27987,11.564773
27988,11.5667047
27989,11.5684679
27990,11.5705002
27991,11.572424
27992,11.5744783
27993,11.5759344
27994,11.5775471
27995,11.579911
27996,11.5822337
27997,11.5841626
27998,11.5863406
27999,11.5881829
28000,11.5902125
28001,11.592995
28002,11.5952793
28003,11.5971857
28004,11.5994132
28005,11.6013163
28006,11.6039673
28007,11.6060136
28008,11.6076272
28009,11.6093535
28010,11.6110151
28011,11.6125792
28012,11.6183443
28013,11.6206271
28014,11.6228882
28015,11.6248545
28016,11.6263401
28017,11.6278035
28018,11.6297437
28019,11.6318572
28020,11.6338026
28021,11.6356726
28022,11.6373537
28023,11.6393424
28024,11.6411279
28025,11.6429612
28026,11.6452895
28027,11.648099
28028,11.6506002
28029,11.6526848
28030,11.6547157
28031,11.6567659
28032,11.6585983
28033,11.6605198
28034,11.6625697
28035,11.6645231
28036,11.6665643
28037,11.6686385
28038,11.6707274
28039,11.672625
28040,11.6745716
28041,11.6762624
28042,11.6783336
28043,11.6801418
28044,11.683404
28045,11.6863117
28046,11.6883608
28047,11.6905525
28048,11.6929309
28049,11.6948229
28050,11.6972198
28051,11.6992724
28052,11.7010916
28053,11.7029751
28054,11.7051568
28055,11.7068986
28056,11.7083336
28057,11.7099414
28058,11.7120501
28059,11.713976
28060,11.7166138
28061,11.7186591
28062,11.721094
28063,11.7233877
28064,11.7251978
28065,11.7276984
28066,11.7295111
28067,11.7322606
28068,11.7341579
28069,11.7361366
28070,11.7383767
28071,11.7413793
28072,11.7437636
28073,11.745494
28074,11.7480812
28075,11.7501943
28076,11.7523211
28077,11.7542972
28078,11.7562326
28079,11.7586353
28080,11.7602046
28081,11.7622593
28082,11.7669999
28083,11.7689492
28084,11.7705947
28085,11.7730736
28086,11.7758774
28087,11.7778381
28088,11.7794712
28089,11.7820807
28090,11.7838748
28091,11.7865903
28092,11.7882302
28093,11.7918021
28094,11.7941754
28095,11.7959968
28096,11.7986295
28097,11.8018132
28098,11.803438
28099,11.8053227
28100,11.8073421
28101,11.8094192
28102,11.8125687
28103,11.8146882
28104,11.8169031
28105,11.8193844
28106,11.8215598
28107,11.8243951
28108,11.8271212
28109,11.8291154
28110,11.8313149
28111,11.8334925
28112,11.8363208
28113,11.8387934
28114,11.8411881
28115,11.8431282
28116,11.8450384
28117,11.8473062
28118,11.8495658
28119,11.8515965
28120,11.8542852
28121,11.856999
28122,11.8586984
28123,11.860999
28124,11.8635829
28125,11.8657515
28126,11.8683067
28127,11.870868
28128,11.8736475
28129,11.876911
28130,11.8787674
28131,11.880531
28132,11.8830038
28133,11.8854825
28134,11.8874753
28135,11.8895437
28136,11.8921693
28137,11.8943187
28138,11.8964011
28139,11.8981243
28140,11.9008676
28141,11.9038589
28142,11.9061133
28143,11.9075859
28144,11.9093133
28145,11.9122211
28146,11.9142446
28147,11.9164568
28148,11.9190676
28149,11.9208303
28150,11.9230745
28151,11.9256519
28152,11.9275788
28153,11.9304027
28154,11.9323799
28155,11.9343381
28156,11.9366406
28157,11.938853
28158,11.9405677
28159,11.9435331
28160,11.9471414
28161,11.9498609
28162,11.9513644
28163,11.9530132
28164,11.9555055
28165,11.9576176
28166,11.9595748
28167,11.9619898
28168,11.9641263
28169,11.9666904
28170,11.9700222
28171,11.9725347
28172,11.9745863
28173,11.976727
28174,11.9791868
28175,11.9813077
28176,11.9845182
28177,11.9869373
28178,11.9893212
28179,11.9916062
28180,11.99366
28181,11.9960103
28182,11.9983473
28183,12.0004328
28184,12.0031093
28185,12.005308
28186,12.0078009
28187,12.010077
28188,12.0123008
28189,12.014709
28190,12.0169417
28191,12.0197816
28192,12.0218208
28193,12.024926
28194,12.0268766
28195,12.0291365
28196,12.0312829
28197,12.033987
28198,12.0367747
28199,12.0390508
28200,12.0406527
28201,12.0431033
28202,12.0458857
28203,12.0487411
28204,12.0517162
28205,12.053876
28206,12.0558339
28207,12.0588245
28208,12.0609212
28209,12.0634685
28210,12.0658288
28211,12.0676746
28212,12.0699224
28213,12.0724634
28214,12.0751322
28215,12.0770976
28216,12.0800061
28217,12.0829075
28218,12.0856814
28219,12.088573
28220,12.0909895
28221,12.093588
28222,12.0953991
28223,12.0975807
28224,12.1006446
28225,12.1031799
28226,12.1064309
28227,12.1087398
28228,12.1111345
28229,12.1129395
28230,12.1154749
28231,12.1184258
28232,12.1212353
28233,12.1234546
28234,12.1256991
28235,12.127881
28236,12.1302984
28237,12.1327005
28238,12.1348844
28239,12.1370493
28240,12.1405684
28241,12.1429391
28242,12.1456792
28243,12.1491903
28244,12.1524441
28245,12.1548309
28246,12.1572138
28247,12.1591319
28248,12.1624692
28249,12.1646757
28250,12.1666887
28251,12.169899
28252,12.1720733
28253,12.1739589
28254,12.1755838
28255,12.1777818
28256,12.1804059
28257,12.1830979
28258,12.1852417
28259,12.1873197
28260,12.1902277
28261,12.1925911
28262,12.1959898
28263,12.1986421
28264,12.2026538
28265,12.2058737
28266,12.2073094
28267,12.2097606
28268,12.2124452
28269,12.2146081
28270,12.2168986
28271,12.2182843
28272,12.2208849
28273,12.2237848
28274,12.2263124
28275,12.2286135
28276,12.2314715
28277,12.2342079
28278,12.2363672
28279,12.2386423
28280,12.2407362
28281,12.2436427
28282,12.2459501
28283,12.2482639
28284,12.2503373
28285,12.2527587
28286,12.2553538
28287,12.2581792
28288,12.2601152
28289,12.2625442
28290,12.2647371
28291,12.2667448
28292,12.268752
28293,12.2714526
28294,12.2735134
28295,12.2756103
28296,12.2784172
28297,12.2815349
28298,12.283787
28299,12.2863994
28300,12.288802
28301,12.2904012
28302,12.2932322
28303,12.295952
28304,12.2991665
28305,12.3017345
28306,12.3037551
28307,12.3061089
28308,12.3079673
28309,12.3099313
28310,12.3118152
28311,12.3144143
28312,12.3170897
28313,12.3194091
28314,12.3213795
28315,12.3229886
28316,12.3247219
28317,12.3272546
28318,12.3290316
28319,12.3311682
28320,12.3333129
28321,12.3354228
28322,12.3372211
28323,12.3389247
28324,12.3408433
28325,12.3433345
28326,12.3458966
28327,12.3487962
28328,12.3515025
28329,12.3538791
28330,12.3556351
28331,12.357945
28332,12.360206
28333,12.3628363
28334,12.3648374
28335,12.3670844
28336,12.3690414
28337,12.3709482
28338,12.3726876
28339,12.374892
28340,12.3769581
28341,12.3788906
28342,12.3815227
28343,12.383615
28344,12.3853256
28345,12.3874147
28346,12.3889753
28347,12.3915579
28348,12.3938407
28349,12.3961978
28350,12.3982054
28351,12.4009399
28352,12.4032043
28353,12.4050735
28354,12.4071707
28355,12.4094854
28356,12.4113371
28357,12.4141616
28358,12.4161604
28359,12.4183244
28360,12.4208778
28361,12.4232782
28362,12.4256733
28363,12.4276062
28364,12.4297207
28365,12.4319501
28366,12.4337646
28367,12.4362042
28368,12.4385363
28369,12.4409771
28370,12.4432741
28371,12.4459193
28372,12.4493004
28373,12.4518247
28374,12.4542968
28375,12.4561741
28376,12.4580614
28377,12.4604638
28378,12.4633048
28379,12.4652157
28380,12.46723
28381,12.4701464
28382,12.4721941
28383,12.4754836
28384,12.4775715
28385,12.4795661
28386,12.4820787
28387,12.4843069
28388,12.4864103
28389,12.4887757
28390,12.4905868
28391,12.4926571
28392,12.4948308
28393,12.4967779
28394,12.4985868
28395,12.5004128
28396,12.5025877
28397,12.5050445
28398,12.5073863
28399,12.5095943
28400,12.5115342
28401,12.5136202
28402,12.5161261
28403,12.5185329
28404,12.5206733
28405,12.5231546
28406,12.5254187
28407,12.5272317
28408,12.5304321
28409,12.5319643
28410,12.5340122
28411,12.5361056
28412,12.5388861
28413,12.5404609
28414,12.5420872
28415,12.5445069
28416,12.5458854
28417,12.5477488
28418,12.5491764
28419,12.550652
28420,12.5529833
28421,12.5547809
28422,12.5564832
28423,12.5587743
28424,12.5604998
28425,12.5621713
28426,12.563457
28427,12.5645549
28428,12.5659841
28429,12.5669024
28430,12.5678818
28431,12.5692317
28432,12.5705892
28433,12.5716924
28434,12.5731538
28435,12.5744434
28436,12.5767265
28437,12.5781719
28438,12.57943
28439,12.5803161
28440,12.5814855
28441,12.5828602
28442,12.5841768
28443,12.5855086
28444,12.5867571
28445,12.5876264
28446,12.5887733
28447,12.5908695
28448,12.5933211
28449,12.5945102
28450,12.5957239
28451,12.5968113
28452,12.5982344
28453,12.5995549
28454,12.6009295
28455,12.6020766
28456,12.6034842
28457,12.6048528
28458,12.6059253
28459,12.6071933
28460,12.6085304
28461,12.6096928
28462,12.6113119
28463,12.6122639
28464,12.6138463
28465,12.6157049
28466,12.6174014
28467,12.6184105
28468,12.6193209
28469,12.6206849
28470,12.6222357
28471,12.6231284
28472,12.6240205
28473,12.6250976
28474,12.626648
28475,12.6277054
28476,12.6298497
28477,12.6305436
28478,12.6316204
28479,12.6326163
28480,12.6339026
28481,12.636167
28482,12.6375046
28483,12.6388157
28484,12.639687
28485,12.6408731
28486,12.6416013
28487,12.6423948
28488,12.6445379
28489,12.6564512
28490,12.6571045
28491,12.6578823
28492,12.6586158
28493,12.6595181
28494,12.660275
28495,12.6613339
28496,12.6623908
28497,12.6632396
28498,12.6662849
28499,12.6674053
28500,12.6683039
28501,12.6696167
28502,12.6730419
28503,12.6764441
28504,12.6778106
28505,12.6797945
28506,12.6806233
28507,12.6814642
28508,12.682878
28509,12.6838937
28510,12.684856
28511,12.6861081
28512,12.6872364
28513,12.6883286
28514,12.6888699
28515,12.6895729
28516,12.6900825
28517,12.6908318
28518,12.6919697
28519,12.6928903
28520,12.6939713
28521,12.6954265
28522,12.6976228
28523,12.6987449
28524,12.6997537
28525,12.7003305
28526,12.7012217
28527,12.7021898
28528,12.7044829
28529,12.7100272
28530,12.7113112
28531,12.7121002
28532,12.713112
28533,12.7143919
28534,12.7153228
28535,12.7162283
28536,12.7169558
28537,12.7180699
28538,12.7189616
28539,12.7199295
28540,12.7211066
28541,12.7240124
28542,12.7245468
28543,12.7266278
28544,12.7272179
28545,12.7286046
28546,12.7294915
28547,12.7302072
28548,12.7311937
28549,12.7319144
28550,12.7331561
28551,12.7342263
28552,12.7346528
28553,12.7353055
28554,12.7355337
28555,12.7358198
28556,12.7387481
28557,12.7390823
28558,12.7398219
28559,12.7406086
28560,12.7412117
28561,12.7417008
28562,12.7420784
28563,12.7426948
28564,12.7431443
28565,12.7436116
28566,12.7442374
28567,12.7443385
28568,12.7445352
28569,12.7452868
28570,12.7461963
28571,12.7463608
28572,12.7473792
28573,12.7476669
28574,12.7483087
28575,12.7483087
28576,12.7495955
28577,12.7501765
28578,12.7511454
28579,12.7521267
28580,12.7538465
28581,12.7550165
28582,12.7550165
28583,12.7550165
28584,12.7551014
28585,12.7557734
28586,12.7558312
28587,12.7558312
28588,12.7583767
28589,12.7587399
28590,12.7592065
28591,12.7592065
28592,12.7594227
28593,12.7632553
28594,12.7649152
28595,12.7650617
28596,12.7677843
28597,12.7685452
28598,12.7719197
28599,12.7722726
28600,12.7724524
28601,12.7730362
28602,12.7739419
28603,12.7739419
28604,12.774584
28605,12.774957
28606,12.774957
28607,12.774957
28608,12.774957
28609,12.7751815
28610,12.7779203
28611,12.7791473
28612,12.7822821
28613,12.7834285
28614,12.7839362
28615,12.784368
28616,12.784368
28617,12.7848468
28618,12.7870747
28619,12.7891003
28620,12.7895937
28621,12.7915275
28622,12.7926613
28623,12.7930664
28624,12.7941648
28625,12.7966873
28626,12.7969506
28627,12.7983561
28628,12.7988743
28629,12.7988743
28630,12.7991735
28631,12.799729
28632,12.799981
28633,12.8006365
28634,12.8006365
28635,12.8015155
28636,12.8016778
28637,12.8029886
28638,12.8033307
28639,12.8054652
28640,12.8064209
28641,12.8077994
28642,12.8118325
28643,12.8125068
28644,12.8149194
28645,12.8169728
28646,12.8172362
28647,12.8174739
28648,12.818086
28649,12.8183776
28650,12.8192795
28651,12.8203888
28652,12.8207852
28653,12.8210208
28654,12.8210782
28655,12.8216174
28656,12.82239
28657,12.82239
28658,12.8236339
28659,12.8240903
28660,12.8241401
28661,12.8245396
28662,12.8249289
28663,12.8256824
28664,12.8271005
28665,12.8274154
28666,12.8294351
28667,12.8296891
28668,12.8296891
28669,12.8296891
28670,12.8311031
28671,12.8312087
28672,12.8325148
28673,12.8365294
28674,12.8366671
28675,12.8366671
28676,12.8366671
28677,12.8372171
28678,12.8377604
28679,12.838956
28680,12.8390667
28681,12.8390667
28682,12.8390667
28683,12.8394693
28684,12.8397993
28685,12.8412643
28686,12.8415642
28687,12.841579
28688,12.841579
28689,12.842016
28690,12.842016
28691,12.8420575
28692,12.8423794
28693,12.8427455
28694,12.8428355
28695,12.8430982
28696,12.8431209
28697,12.8436058
28698,12.844303
28699,12.8447176
28700,12.845326
28701,12.8455158
28702,12.8457279
28703,12.8459719
28704,12.8462021
28705,12.846446
28706,12.8498824
28707,12.8504552
28708,12.851155
28709,12.85165
28710,12.8534842
28711,12.8544173
28712,12.8557319
28713,12.8558648
28714,12.8595302
28715,12.8608042
28716,12.8621165
28717,12.863484
28718,12.8651878
28719,12.8660923
28720,12.8691238
28721,12.8696016
28722,12.869911
28723,12.869911
28724,12.8702744
28725,12.8706252
28726,12.8721044
28727,12.8760296
28728,12.8773209
28729,12.8786062
28730,12.8815873
28731,12.8821025
28732,12.8862272
28733,12.8862272
28734,12.886585
28735,12.8874979
28736,12.8891981
28737,12.8898276
28738,12.8902949
28739,12.8906193
28740,12.8913453
28741,12.892881
28742,12.8956485
28743,12.8972479
28744,12.8972479
28745,12.8973587
28746,12.899912
28747,12.9006016
28748,12.9061202
28749,12.9126663
28750,12.916518
28751,12.9168897
28752,12.9174735
28753,12.9175574
28754,12.9181373
28755,12.9215289
28756,12.9236939
28757,12.9236939
28758,12.9240707
28759,12.9250425
28760,12.9252618
28761,12.9257614
28762,12.9257614
28763,12.9267012
28764,12.9273423
28765,12.9287015
28766,12.9287703
28767,12.932789
28768,12.9329106
28769,12.9334155
28770,12.9343022
28771,12.9356963
28772,12.9366877
28773,12.9383428
28774,12.9391072
28775,12.9392449
28776,12.9439843
28777,12.9469186
28778,12.9473707
28779,12.9479659
28780,12.9508935
28781,12.9509788
28782,12.9517475
28783,12.9517966
28784,12.9519622
28785,12.9524355
28786,12.9524355
28787,12.9568543
28788,12.9582309
28789,12.9590078
28790,12.9590117
28791,12.9590117
28792,12.9598215
28793,12.9600825
28794,12.9611999
28795,12.962272
28796,12.9623976
28797,12.9633269
28798,12.9633269
28799,12.9648261
28800,12.9658699
28801,12.9675352
28802,12.9687473
28803,12.968989
28804,12.9698441
28805,12.9698441
28806,12.970853
28807,12.9716429
28808,12.9720244
28809,12.9726229
28810,12.9729476
28811,12.973493
28812,12.9755766
28813,12.9763793
28814,12.9763793
28815,12.9763793
28816,12.9766151
28817,12.9783875
28818,12.9785799
28819,12.9794977
28820,12.9818113
28821,12.9818512
28822,12.9818512
28823,12.9826122
28824,12.9833613
28825,12.9884895
28826,12.9887946
28827,12.9889328
28828,12.9906028
28829,12.9910196
28830,12.9980641
28831,12.9983894
28832,12.9985203
28833,13.0002044
28834,13.0012672
28835,13.0016869
28836,13.0027731
28837,13.0034749
28838,13.0062603
28839,13.0083063
28840,13.0083063
28841,13.0090382
28842,13.0096504
28843,13.010594
28844,13.0107049
28845,13.0111752
28846,13.0117755
28847,13.0122949
28848,13.0123624
28849,13.0126198
28850,13.0133146
28851,13.0133528
28852,13.0134168
28853,13.0136034
28854,13.0139151
28855,13.0139151
28856,13.0152069
28857,13.0152372
28858,13.0152542
28859,13.0152542
28860,13.0155419
28861,13.0155419
28862,13.0156995
28863,13.0156995
28864,13.016749
28865,13.0178959
28866,13.0180226
28867,13.0189187
28868,13.0189791
28869,13.0194661
28870,13.022657
28871,13.0230403
28872,13.0235181
28873,13.0246348
28874,13.0246348
28875,13.0246416
28876,13.0251047
28877,13.0251047
28878,13.0252248
28879,13.0253974
28880,13.0259254
28881,13.0259335
28882,13.0260604
28883,13.026961
28884,13.0288836
28885,13.0290939
28886,13.0294069
28887,13.0300797
28888,13.0314191
28889,13.0314735
28890,13.0316986
28891,13.031958
28892,13.0320294
28893,13.0320294
28894,13.0337258
28895,13.0345759
28896,13.0352126
28897,13.0360449
28898,13.0377633
28899,13.0382096
28900,13.0392631
28901,13.03966
28902,13.0396774
28903,13.0401245
28904,13.0404546
28905,13.0408005
28906,13.0412407
28907,13.0421348
28908,13.0440091
28909,13.0453501
28910,13.0490107
28911,13.0494935
28912,13.050126
28913,13.0520217
28914,13.0527137
28915,13.0533824
28916,13.054557
28917,13.0559174
28918,13.0560884
28919,13.0566129
28920,13.0589768
28921,13.061368
28922,13.0619504
28923,13.066694
28924,13.067001
28925,13.0680379
28926,13.0696091
28927,13.0727533
28928,13.0728457
28929,13.0730407
28930,13.0731947
28931,13.0731947
28932,13.0732928
28933,13.0745672
28934,13.0755816
28935,13.07571
28936,13.0758179
28937,13.0759291
28938,13.0759291
28939,13.0764507
28940,13.0769899
28941,13.0771071
28942,13.0774906
28943,13.0786069
28944,13.0803957
28945,13.0803957
28946,13.0805274
28947,13.0823965
28948,13.0823965
28949,13.0830085
28950,13.0835077
28951,13.08647
28952,13.0865303
28953,13.0883457
28954,13.0907427
28955,13.0909501
28956,13.0911917
28957,13.0914153
28958,13.0915753
28959,13.0930271
28960,13.0930812
28961,13.0936066
28962,13.0944228
28963,13.0948275
28964,13.0954544
28965,13.0974295
28966,13.0992791
28967,13.0993095
28968,13.099883
28969,13.1006106
28970,13.1021324
28971,13.1027188
28972,13.1047104
28973,13.106087
28974,13.1105464
28975,13.1110745
28976,13.1111856
28977,13.112193
28978,13.1131316
28979,13.1134707
28980,13.1135019
28981,13.1135019
28982,13.1139302
28983,13.115392
28984,13.1190104
28985,13.1197536
28986,13.1201444
28987,13.1210597
28988,13.1213606
28989,13.1221272
28990,13.1225972
28991,13.1233474
28992,13.1237374
28993,13.1252967
28994,13.1271661
28995,13.128443
28996,13.1301833
28997,13.1306281
28998,13.1317997
28999,13.1325453
29000,13.1329175
29001,13.1334604
29002,13.1337614
29003,13.1342481
29004,13.1343569
29005,13.1363804
29006,13.1364512
29007,13.1366697
29008,13.1374171
29009,13.1376688
29010,13.1376688
29011,13.1387355
29012,13.1388566
29013,13.1418662
29014,13.1443124
29015,13.1446984
29016,13.1451599
29017,13.1464539
29018,13.1467903
29019,13.1485382
29020,13.1498829
29021,13.1500388
29022,13.1503035
29023,13.1503995
29024,13.1512728
29025,13.1522373
29026,13.1540262
29027,13.1549125
29028,13.1563732
29029,13.1564296
29030,13.1579392
29031,13.1585434
29032,13.1688911
29033,13.1692361
29034,13.1700696
29035,13.1707992
29036,13.171492
29037,13.1720898
29038,13.1720898
29039,13.1751488
29040,13.1753744
29041,13.1754093
29042,13.1761294
29043,13.1765116
29044,13.177644
29045,13.177844
29046,13.1780698
29047,13.178179
29048,13.1789857
29049,13.1797181
29050,13.1801851
29051,13.1831185
29052,13.1848273
29053,13.1863341
29054,13.1887279
29055,13.1898872
29056,13.1925404
29057,13.1931232
29058,13.1942031
29059,13.1946186
29060,13.1949181
29061,13.1949779
29062,13.1950327
29063,13.1995431
29064,13.2000014
29065,13.2002418
29066,13.2015587
29067,13.2021552
29068,13.2034572
29069,13.2047182
29070,13.2053673
29071,13.2055532
29072,13.2058967
29073,13.2068914
29074,13.207992
29075,13.2157471
29076,13.217846
29077,13.2180265
29078,13.2192255
29079,13.2200616
29080,13.2211371
29081,13.2219756
29082,13.2225065
29083,13.2225789
29084,13.2239904
29085,13.2244029
29086,13.2246177
29087,13.2270032
29088,13.2274792
29089,13.230082
29090,13.2345245
29091,13.2356329
29092,13.2356879
29093,13.2366008
29094,13.2385188
29095,13.239449
29096,13.2423476
29097,13.2426953
29098,13.2430204
29099,13.2433441
29100,13.2436444
29101,13.2439949
29102,13.2441007
29103,13.2467369
29104,13.2472924
29105,13.2480928
29106,13.2490162
29107,13.2496315
29108,13.2501837
29109,13.2502623
29110,13.2507238
29111,13.2511215
29112,13.251314
29113,13.251611
29114,13.2521183
29115,13.2541633
29116,13.2542975
29117,13.2547455
29118,13.2549504
29119,13.2551628
29120,13.2552038
29121,13.2561797
29122,13.2562988
29123,13.2564797
29124,13.2572422
29125,13.2572713
29126,13.2578436
29127,13.2589803
29128,13.2608468
29129,13.2628441
29130,13.2679419
29131,13.2682811
29132,13.2685321
29133,13.2697497
29134,13.270021
29135,13.2725724
29136,13.2732272
29137,13.2739827
29138,13.2740241
29139,13.274193
29140,13.2751078
29141,13.2752681
29142,13.2758035
29143,13.2765847
29144,13.2766716
29145,13.2769887
29146,13.2772601
29147,13.2783266
29148,13.2786741
29149,13.2788436
29150,13.2847606
29151,13.2847921
29152,13.2849083
29153,13.285164
29154,13.2861637
29155,13.2861637
29156,13.2864942
29157,13.2873321
29158,13.2875233
29159,13.2877632
29160,13.2878677
29161,13.2896674
29162,13.2928477
29163,13.2936216
29164,13.2957519
29165,13.2961758
29166,13.2975472
29167,13.2978839
29168,13.2981051
29169,13.2989779
29170,13.2993549
29171,13.2996324
29172,13.2998098
29173,13.3001783
29174,13.3003075
29175,13.3004162
29176,13.3016801
29177,13.3019901
29178,13.3061265
29179,13.3084031
29180,13.3109286
29181,13.3120269
29182,13.3125539
29183,13.3157861
29184,13.3158805
29185,13.3160644
29186,13.318157
29187,13.3182959
29188,13.3196852
29189,13.3204265
29190,13.321856
29191,13.3224593
29192,13.3225002
29193,13.3228677
29194,13.3232413
29195,13.3247697
29196,13.3250731
29197,13.3297382
29198,13.3307486
29199,13.3307486
29200,13.3328076
29201,13.3344072
29202,13.3347544
29203,13.3375504
29204,13.3375504
29205,13.3376707
29206,13.3405616
29207,13.3421292
29208,13.3425426
29209,13.3427282
29210,13.3433481
29211,13.3434961
29212,13.3437148
29213,13.3438527
29214,13.3461565
29215,13.3481064
29216,13.3494536
29217,13.3499112
29218,13.3503112
29219,13.3506872
29220,13.3512077
29221,13.3522075
29222,13.3536927
29223,13.3589675
29224,13.3595045
29225,13.3602801
29226,13.3604
29227,13.3604476
29228,13.3612551
29229,13.3613615
29230,13.3617227
29231,13.3624082
29232,13.3629583
29233,13.3636548
29234,13.3637479
29235,13.3638398
29236,13.3639449
29237,13.3641953
29238,13.3645341
29239,13.3645565
29240,13.3645565
29241,13.3645907
29242,13.3645907
29243,13.3645907
29244,13.364903
29245,13.3703476
29246,13.3703732
29247,13.370555
29248,13.370555
29249,13.3706739
29250,13.3708092
29251,13.3708092
29252,13.371021
29253,13.3718454
29254,13.3718454
29255,13.3718454
29256,13.3718971
29257,13.3721633
29258,13.3721633
29259,13.3722382
29260,13.3723605
29261,13.373223
29262,13.3738302
29263,13.3743239
29264,13.3743239
29265,13.3743526
29266,13.3747477
29267,13.3747477
29268,13.3754365
29269,13.3754758
29270,13.3754758
29271,13.3764864
29272,13.3773033
29273,13.3773033
29274,13.3776692
29275,13.378245
29276,13.378245
29277,13.3785837
29278,13.3791237
29279,13.3803402
29280,13.3809481
29281,13.3809481
29282,13.3813373
29283,13.3813777
29284,13.3815784
29285,13.3817621
29286,13.3823802
29287,13.3824911
29288,13.3824911
29289,13.3824911
29290,13.3824911
29291,13.3826532
29292,13.3831429
29293,13.385933
29294,13.3866784
29295,13.3866784
29296,13.3870687
29297,13.3876871
29298,13.3878203
29299,13.3878203
29300,13.3894899
29301,13.3894899
29302,13.3895692
29303,13.390064
29304,13.3916712
29305,13.3916712
29306,13.3916712
29307,13.3921582
29308,13.3921582
29309,13.3922578
29310,13.3925327
29311,13.3930453
29312,13.3939403
29313,13.3940216
29314,13.3940216
29315,13.3940216
29316,13.3940216
29317,13.3944043
29318,13.3944043
29319,13.3944089
29320,13.3944089
29321,13.3944089
29322,13.3944089
29323,13.3944089
29324,13.3944089
29325,13.3944089
29326,13.3944089
29327,13.3944089
29328,13.3944089
29329,13.3944089
29330,13.3944089
29331,13.3944089
29332,13.3944089
29333,13.3944089
29334,13.3944089
29335,13.3944089
29336,13.3944089
29337,13.3944089
29338,13.3965549
29339,13.3965549
29340,13.3976067
29341,13.3976067
29342,13.3976067
29343,13.3979138
29344,13.3988419
29345,13.4016112
29346,13.4016112
29347,13.4016112
29348,13.4016112
29349,13.4021287
29350,13.402456
29351,13.4028571
29352,13.4034809
29353,13.4034809
29354,13.4035494
29355,13.4035494
29356,13.4035494
29357,13.4036519
29358,13.4036935
29359,13.4036935
29360,13.4036935
29361,13.4036935
29362,13.4036935
29363,13.4036935
29364,13.4036935
29365,13.4036935
29366,13.4037548
29367,13.4037548
29368,13.4037548
29369,13.4037548
29370,13.4037548
29371,13.4037548
29372,13.4041234
29373,13.4041234
29374,13.4041234
29375,13.4041234
29376,13.4062081
29377,13.4062081
29378,13.4067693
29379,13.4067693
29380,13.4081205
29381,13.4113849
29382,13.4116887
29383,13.4116887
29384,13.4126174
29385,13.4126174
29386,13.4126174
29387,13.414539
29388,13.414539
29389,13.414539
29390,13.414539
29391,13.414539
29392,13.4204438
29393,13.4204438
29394,13.4214297
29395,13.4214297
29396,13.4214297
29397,13.4214297
29398,13.4214297
29399,13.4214548
29400,13.421491
29401,13.421491
29402,13.421491
29403,13.4226957
29404,13.4238141
29405,13.4238141
29406,13.4240596
29407,13.4240596
29408,13.4240596
29409,13.4240596
29410,13.4240596
29411,13.4241945
29412,13.4249427
29413,13.4253204
29414,13.4253204
29415,13.4262969
29416,13.4262969
29417,13.4262969
29418,13.4267542
29419,13.4311422
29420,13.4311422
29421,13.4311422
29422,13.4323476
29423,13.4369151
29424,13.4383176
29425,13.4383176
29426,13.4383176
29427,13.438553
29428,13.4389481
29429,13.4390596
29430,13.4390596
29431,13.4390596
29432,13.4393318
29433,13.4393318
29434,13.4393318
29435,13.4412864
29436,13.4412864
29437,13.4412864
29438,13.4412864
29439,13.4412864
29440,13.4412864
29441,13.4412864
29442,13.4412864
29443,13.4412864
29444,13.4412864
29445,13.4412864
29446,13.4413297
29447,13.4413297
29448,13.4413297
29449,13.4413297
29450,13.4413297
29451,13.4413297
29452,13.4413297
29453,13.4413297
29454,13.4413297
29455,13.4419689
29456,13.4419689
29457,13.4419689
29458,13.4419689
29459,13.4419689
29460,13.4419689
29461,13.4419689
29462,13.4419689
29463,13.4419689
29464,13.4419689
29465,13.4419689
29466,13.44336
29467,13.44336
29468,13.44336
29469,13.44336
29470,13.44336
29471,13.4436576
29472,13.4436576
29473,13.4436576
29474,13.4436576
29475,13.4436576
29476,13.4436576
29477,13.4436576
29478,13.4450423
29479,13.4450423
29480,13.4450423
29481,13.4450423
29482,13.4450423
29483,13.4450423
29484,13.4450423
29485,13.4450423
29486,13.4454391
29487,13.4461779
29488,13.4461779
29489,13.4461779
29490,13.4461779
29491,13.4461914
29492,13.4461914
29493,13.4461914
29494,13.447542
29495,13.447542
29496,13.447542
29497,13.447542
29498,13.447542
29499,13.447542
29500,13.447542
29501,13.447542
29502,13.447542
29503,13.4502049
29504,13.4502049
29505,13.4502049
29506,13.4502049
29507,13.4511154
29508,13.4511154
29509,13.4511154
29510,13.452362
29511,13.452362
29512,13.4525191
29513,13.4525191
29514,13.4526443
29515,13.4526443
29516,13.4526443
29517,13.4526443
29518,13.4526443
29519,13.4526443
29520,13.4526443
29521,13.4526443
29522,13.4526443
29523,13.4526443
29524,13.4526443
29525,13.4541725
29526,13.4543252
29527,13.4543252
29528,13.4543252
29529,13.4543252
29530,13.4546882
29531,13.4546882
29532,13.4546882
29533,13.4546882
29534,13.4546882
29535,13.4546882
29536,13.4546882
29537,13.4546882
29538,13.4546882
29539,13.4546882
29540,13.4546882
29541,13.4546882
29542,13.4546882
29543,13.4550805
29544,13.4550805
29545,13.4550805
29546,13.4550805
29547,13.4550805
29548,13.4596647
29549,13.4600069
29550,13.4600069
29551,13.4600521
29552,13.4600521
29553,13.4600521
29554,13.4629493
29555,13.4629493
29556,13.4629493
29557,13.4629493
29558,13.4667384
29559,13.4667384
29560,13.4667384
29561,13.4667384
29562,13.4667384
29563,13.4667384
29564,13.4667384
29565,13.4667384
29566,13.4667384
29567,13.4667384
29568,13.4667384
29569,13.4667384
29570,13.4667384
29571,13.4667384
29572,13.4667384
29573,13.4667384
29574,13.4667384
29575,13.4667384
29576,13.4667384
29577,13.4667384
29578,13.4667384
29579,13.4668938
29580,13.4668938
29581,13.4668938
29582,13.4668938
29583,13.4668938
29584,13.4668938
29585,13.4668938
29586,13.4668938
29587,13.4668938
29588,13.4668938
29589,13.4668938
29590,13.4668938
29591,13.4668938
29592,13.4668938
29593,13.4668938
29594,13.4668938
29595,13.4668938
29596,13.4668938
29597,13.4668938
29598,13.4668938
29599,13.4668938
29600,13.4668938
29601,13.4668938
29602,13.4668938
29603,13.4668938
29604,13.4668938
29605,13.4668938
29606,13.4668938
29607,13.4668938
29608,13.4668938
29609,13.4668938
29610,13.4668938
29611,13.4668938
29612,13.4668938
29613,13.4668938
29614,13.4668938
29615,13.4668938
29616,13.4668938
29617,13.4675411
29618,13.4675411
29619,13.4675411
29620,13.4676856
29621,13.4676856
29622,13.4676856
29623,13.4676856
29624,13.4676856
29625,13.4676856
29626,13.4676856
29627,13.4676856
29628,13.4676856
29629,13.4676856
29630,13.4676856
29631,13.4676856
29632,13.4679453
29633,13.4679453
29634,13.4679453
29635,13.4679453
29636,13.4679453
29637,13.4679453
29638,13.4679453
29639,13.4679453
29640,13.4679453
29641,13.4679453
29642,13.4685374
29643,13.4685374
29644,13.4685374
29645,13.4685374
29646,13.4685374
29647,13.4685374
29648,13.4685374
29649,13.4704842
29650,13.4704842
29651,13.4704842
29652,13.4704842
29653,13.4704842
29654,13.4708404
29655,13.4708404
29656,13.4708404
29657,13.4708404
29658,13.4708404
29659,13.4708404
29660,13.4708404
29661,13.4708404
29662,13.4708404
29663,13.4708404
29664,13.4708404
29665,13.4708404
29666,13.4712726
29667,13.4712726
29668,13.471554
29669,13.4716931
29670,13.4716931
29671,13.4716931
29672,13.4716931
29673,13.4716931
29674,13.4716931
29675,13.4716931
29676,13.4716931
29677,13.4716931
29678,13.4716931
29679,13.4716931
29680,13.4716931
29681,13.4716931
29682,13.4716931
29683,13.4716931
29684,13.4716931
29685,13.4716931
29686,13.4716931
29687,13.4716931
29688,13.4716931
29689,13.4716931
29690,13.4716931
29691,13.4716931
29692,13.4716931
29693,13.473744
29694,13.473744
29695,13.473744
29696,13.473744
29697,13.473744
29698,13.473744
29699,13.473744
29700,13.473744
29701,13.473744
29702,13.473744
29703,13.473744
29704,13.473807
29705,13.473807
29706,13.473807
29707,13.473807
29708,13.473807
29709,13.473807
29710,13.473807
29711,13.473807
29712,13.473807
29713,13.4739123
29714,13.4739123
29715,13.4739123
29716,13.4739123
29717,13.4739123
29718,13.4739123
29719,13.4739123
29720,13.4739123
29721,13.4739123
29722,13.4739123
29723,13.4739123
29724,13.4739123
29725,13.4739123
29726,13.4739123
29727,13.4739123
29728,13.4739123
29729,13.4739123
29730,13.4748502
29731,13.4748502
29732,13.4748502
29733,13.4756003
29734,13.4756003
29735,13.4756003
29736,13.4756003
29737,13.4756003
29738,13.4756003
29739,13.4756003
29740,13.4756003
29741,13.4756003
29742,13.4756003
29743,13.4756003
29744,13.4756799
29745,13.4756799
29746,13.4756799
29747,13.4756799
29748,13.4762412
29749,13.4762412
29750,13.4762412
29751,13.4762412
29752,13.4762412
29753,13.4762412
29754,13.4762412
29755,13.4762412
29756,13.4762412
29757,13.4762412
29758,13.4762412
29759,13.4762412
29760,13.4762412
29761,13.4762412
29762,13.4762412
29763,13.4762412
29764,13.4762412
29765,13.4762412
29766,13.4762412
29767,13.4762412
29768,13.4762412
29769,13.4762412
29770,13.4762412
29771,13.4762412
29772,13.4762412
29773,13.4762412
29774,13.4762412
29775,13.4762412
29776,13.4762412
29777,13.4762412
29778,13.4762412
29779,13.4762412
29780,13.4762412
29781,13.4762412
29782,13.4762412
29783,13.4762412
29784,13.4762412
29785,13.4762412
29786,13.4762412
29787,13.4762412
29788,13.4762412
29789,13.4762501
29790,13.4762501
29791,13.4762501
29792,13.4762501
29793,13.4762501
29794,13.4762501
29795,13.4762501
29796,13.4762501
29797,13.4762501
29798,13.4762501
29799,13.4762501
29800,13.4771437
29801,13.4783478
29802,13.4783478
29803,13.478588
29804,13.478588
29805,13.478588
29806,13.478588
29807,13.478588
29808,13.478588
29809,13.478588
29810,13.478588
29811,13.478588
29812,13.4799795
29813,13.4799795
29814,13.4799795
29815,13.4799795
29816,13.4799795
29817,13.4799795
29818,13.4800633
29819,13.4843095
29820,13.4843095
29821,13.4843095
29822,13.4843095
29823,13.4843095
29824,13.4843095
29825,13.4843095
29826,13.4843095
29827,13.4843095
29828,13.4843095
29829,13.4843095
29830,13.4843095
29831,13.4843095
29832,13.4843095
29833,13.4843095
29834,13.4843095
29835,13.4843107
29836,13.4843107
29837,13.4854233
29838,13.4854233
29839,13.4854233
29840,13.4854233
29841,13.4854233
29842,13.4854233
29843,13.4854233
29844,13.4854233
29845,13.4857686
29846,13.4857686
29847,13.4857686
29848,13.4859183
29849,13.4859183
29850,13.4859183
29851,13.4859183
29852,13.4859183
29853,13.4859183
29854,13.4859992
29855,13.4859992
29856,13.4859992
29857,13.4860324
29858,13.4860324
29859,13.4860324
29860,13.4860324
29861,13.4860324
29862,13.4869528
29863,13.4869528
29864,13.4869528
29865,13.4869528
29866,13.4869528
29867,13.4869528
29868,13.4869528
29869,13.4869528
29870,13.4904297
29871,13.4904297
29872,13.4904297
29873,13.4911307
29874,13.4911307
29875,13.4911307
29876,13.4911307
29877,13.4911307
29878,13.4911307
29879,13.4911307
29880,13.4913314
29881,13.4913314
29882,13.4913314
29883,13.4916946
29884,13.4924096
29885,13.4924096
29886,13.4924096
29887,13.4924096
29888,13.4924096
29889,13.4925297
29890,13.4925562
29891,13.4925562
29892,13.4925562
29893,13.4925687
29894,13.4925687
29895,13.4925687
29896,13.4925687
29897,13.4925687
29898,13.4925687
29899,13.4925687
29900,13.4925687
29901,13.4925687
29902,13.4925687
29903,13.4925687
29904,13.4925687
29905,13.4925687
29906,13.4925687
29907,13.4925687
29908,13.4927775
29909,13.4927775
29910,13.4927775
29911,13.4927775
29912,13.4927775
29913,13.4927775
29914,13.4927775
29915,13.4929942
29916,13.4929942
29917,13.4929942
29918,13.4929942
29919,13.4929942
29920,13.4929942
29921,13.4929942
29922,13.4929942
29923,13.4929942
29924,13.4929942
29925,13.4929942
29926,13.4929942
29927,13.4929942
29928,13.4929942
29929,13.4929942
29930,13.4929942
29931,13.4929942
29932,13.4929942
29933,13.4929942
29934,13.4951673
29935,13.4951673
29936,13.4951673
29937,13.4954919
29938,13.4954919
29939,13.4961932
29940,13.4961932
29941,13.4961932
29942,13.4961932
29943,13.4961932
29944,13.4961932
29945,13.4961932
29946,13.4964301
29947,13.4964301
29948,13.4964301
29949,13.4964301
29950,13.4964301
29951,13.4964301
29952,13.497296
29953,13.497296
29954,13.497296
29955,13.4995108
29956,13.4995108
29957,13.4995108
29958,13.500156
29959,13.500156
29960,13.500156
29961,13.500156
29962,13.500156
29963,13.500156
29964,13.500156
29965,13.500156
29966,13.5005473
29967,13.5005473
29968,13.5005473
29969,13.5005473
29970,13.5005473
29971,13.5005473
29972,13.5005473
29973,13.5005473
29974,13.5005473
29975,13.5005473
29976,13.5005473
29977,13.5005503
29978,13.5005503
29979,13.5005503
29980,13.5005503
29981,13.5005503
29982,13.5005503
29983,13.5005503
29984,13.5005503
29985,13.5005503
29986,13.5005503
29987,13.5005503
29988,13.5005503
29989,13.5005503
29990,13.5005503
29991,13.5011101
29992,13.5011101
29993,13.5011101
29994,13.5011101
29995,13.5011101
29996,13.5011101
29997,13.5011101
29998,13.5011101
29999,13.5011101
30000,13.5011101
30001,13.5011101
30002,13.5022515
30003,13.5022515
30004,13.5022515
30005,13.5022515
30006,13.5022515
30007,13.5022515
30008,13.5022515
30009,13.5022515
30010,13.5030801
30011,13.5030801
30012,13.5030801
30013,13.5030801
30014,13.5030801
30015,13.503202
30016,13.503202
30017,13.503202
30018,13.503202
30019,13.503202
30020,13.503202
30021,13.503202
30022,13.503202
30023,13.5035262
30024,13.5035262
30025,13.5035262
30026,13.5035262
30027,13.5035262
30028,13.5035262
30029,13.5035262
30030,13.5035262
30031,13.5035658
30032,13.5035658
30033,13.5035658
30034,13.5035658
30035,13.5035658
30036,13.5035658
30037,13.5035658
30038,13.5037629
30039,13.5037629
30040,13.5037629
30041,13.5037629
30042,13.5037629
30043,13.5040303
30044,13.5040303
30045,13.5040303
30046,13.5040303
30047,13.5040303
30048,13.5040303
30049,13.5040303
30050,13.5046365
30051,13.5046365
30052,13.5046365
30053,13.5046959
30054,13.5046959
30055,13.5046959
30056,13.5046959
30057,13.5046959
30058,13.5046959
30059,13.5046959
30060,13.5046959
30061,13.5046959
30062,13.5046959
30063,13.5046959
30064,13.5046959
30065,13.5046959
30066,13.5046959
30067,13.5081804
30068,13.5081804
30069,13.5081804
30070,13.5081804
30071,13.5081804
30072,13.5081804
30073,13.5088296
30074,13.5088296
30075,13.5088296
30076,13.5088296
30077,13.5088296
30078,13.5088296
30079,13.5088296
30080,13.5088296
30081,13.5088296
30082,13.5088296
30083,13.5088296
30084,13.5088296
30085,13.5088296
30086,13.5088296
30087,13.5088296
30088,13.5088296
30089,13.5088296
30090,13.5088296
30091,13.5088296
30092,13.5088296
30093,13.5088296
30094,13.5088296
30095,13.5088296
30096,13.5088296
30097,13.5088296
30098,13.5088296
30099,13.5088296
30100,13.5104121
30101,13.5104121
30102,13.5104121
30103,13.5104121
30104,13.5104121
30105,13.5122443
30106,13.5122443
30107,13.5122443
30108,13.5122443
30109,13.5122443
30110,13.5122443
30111,13.5122443
30112,13.5122443
30113,13.5122733
30114,13.5122733
30115,13.5122733
30116,13.5125691
30117,13.5125691
30118,13.5125691
30119,13.5125691
30120,13.5125691
30121,13.5125691
30122,13.5125691
30123,13.5125691
30124,13.5125691
30125,13.5125691
30126,13.5125691
30127,13.5125691
30128,13.5125691
30129,13.5125691
30130,13.5125691
30131,13.5125691
30132,13.5125691
30133,13.5125691
30134,13.5125691
30135,13.5125691
30136,13.5125691
30137,13.5125691
30138,13.5125691
30139,13.5125691
30140,13.5125691
30141,13.5125691
30142,13.5125691
30143,13.5125691
30144,13.5125691
30145,13.5125691
30146,13.5126839
30147,13.5126839
30148,13.5126839
30149,13.5126839
30150,13.5126839
30151,13.5126839
30152,13.5126839
30153,13.5126839
30154,13.5126839
30155,13.5126839
30156,13.5126839
30157,13.5134837
30158,13.5134837
30159,13.5134837
30160,13.5134837
30161,13.5134837
30162,13.5134837
30163,13.5155777
30164,13.5155777
30165,13.5157901
30166,13.5157901
30167,13.5157901
30168,13.5157901
30169,13.5157901
30170,13.5171389
30171,13.5171389
30172,13.5171389
30173,13.5171389
30174,13.5171389
30175,13.5171389
30176,13.5171389
30177,13.5171389
30178,13.5171389
30179,13.5171389
30180,13.5171389
30181,13.5171389
30182,13.5171389
30183,13.5171389
30184,13.5171389
30185,13.5171389
30186,13.5171389
30187,13.5171389
30188,13.5177812
30189,13.5177812
30190,13.5193439
30191,13.5193439
30192,13.5193439
30193,13.5193439
30194,13.5193439
30195,13.5193439
30196,13.5193439
30197,13.5193439
30198,13.5193439
30199,13.5193439
30200,13.5193439
30201,13.5193439
30202,13.5193439
30203,13.5193439
30204,13.5193439
30205,13.5193439
30206,13.5198987
30207,13.5198987
30208,13.5198987
30209,13.5210484
30210,13.5210484
30211,13.5210484
30212,13.5210484
30213,13.5210484
30214,13.5210484
30215,13.5210484
30216,13.5210484
30217,13.5210484
30218,13.5210484
30219,13.5210484
30220,13.5211934
30221,13.5211934
30222,13.5211934
30223,13.5211934
30224,13.5211934
30225,13.5211934
30226,13.5211934
30227,13.5211934
30228,13.5211934
30229,13.5211934
30230,13.5231684
30231,13.5231684
30232,13.523258
30233,13.523258
30234,13.523258
30235,13.523258
30236,13.523258
30237,13.523258
30238,13.523258
30239,13.523258
30240,13.523258
30241,13.523258
30242,13.523258
30243,13.523258
30244,13.523258
30245,13.5233033
30246,13.5233033
30247,13.5236073
30248,13.5236073
30249,13.5236828
30250,13.5236828
30251,13.5236828
30252,13.5250457
30253,13.5250457
30254,13.5250457
30255,13.5250457
30256,13.5250457
30257,13.5250457
30258,13.5250457
30259,13.5250457
30260,13.5253893
30261,13.5253893
30262,13.5253893
30263,13.5253893
30264,13.5257364
30265,13.5257364
30266,13.5257364
30267,13.5257364
30268,13.5257364
30269,13.5257364
30270,13.5257364
30271,13.5257364
30272,13.5257364
30273,13.5257364
30274,13.5257364
30275,13.5257364
30276,13.5257364
30277,13.5257364
30278,13.5257364
30279,13.5257364
30280,13.5257364
30281,13.5257364
30282,13.5257364
30283,13.5257364
30284,13.5272478
30285,13.5287668
30286,13.5287668
30287,13.5287668
30288,13.5287668
30289,13.5287668
30290,13.5287668
30291,13.5287668
30292,13.5287668
30293,13.5287668
30294,13.5287668
30295,13.5287668
30296,13.5287668
30297,13.5287668
30298,13.5290655
30299,13.5290655
30300,13.5290655
30301,13.5290655
30302,13.5290655
30303,13.5290655
30304,13.5290655
30305,13.5290655
30306,13.5290655
30307,13.5290655
30308,13.5290655
30309,13.5290655
30310,13.5290655
30311,13.5290655
30312,13.5290655
30313,13.5290655
30314,13.5290655
30315,13.5290655
30316,13.5290655
30317,13.5290655
30318,13.5290655
30319,13.5290655
30320,13.5290655
30321,13.5293918
30322,13.5293918
30323,13.5293918
30324,13.5293918
30325,13.5293918
30326,13.5293918
30327,13.5293918
30328,13.5293918
30329,13.5293918
30330,13.5293918
30331,13.5293918
30332,13.5293918
30333,13.5305421
30334,13.5305421
30335,13.5305421
30336,13.5305421
30337,13.5305421
30338,13.5305421
30339,13.5305421
30340,13.5305421
30341,13.5305421
30342,13.5305421
30343,13.5305421
30344,13.5305421
30345,13.5309987
30346,13.5309987
30347,13.5326185
30348,13.5326185
30349,13.5326185
30350,13.5326185
30351,13.5326185
30352,13.5326185
30353,13.5326185
30354,13.5326185
30355,13.5326185
30356,13.5326185
30357,13.5326185
30358,13.5326185
30359,13.5326185
30360,13.5326185
30361,13.5326185
30362,13.5326185
30363,13.5326185
30364,13.5326185
30365,13.5326185
30366,13.5326185
30367,13.5326185
30368,13.5326185
30369,13.5326185
30370,13.5326185
30371,13.5326185
30372,13.5326185
30373,13.5326185
30374,13.5326185
30375,13.5326185
30376,13.5326185
30377,13.5326185
30378,13.5326185
30379,13.5326185
30380,13.5326185
30381,13.5327108
30382,13.5327108
30383,13.5327108
30384,13.5327108
30385,13.5340089
30386,13.5340089
30387,13.5340089
30388,13.5340089
30389,13.5340089
30390,13.5340089
30391,13.5340089
30392,13.5340089
30393,13.5340089
30394,13.5340089
30395,13.5340089
30396,13.5340089
30397,13.5340089
30398,13.5340089
30399,13.5340089
30400,13.5340089
30401,13.5340089
30402,13.5340089
30403,13.5340162
30404,13.5340162
30405,13.5353667
30406,13.5361539
30407,13.5361539
30408,13.5361539
30409,13.5361539
30410,13.5361539
30411,13.5361539
30412,13.5361539
30413,13.5361539
30414,13.5362787
30415,13.5362787
30416,13.5362787
30417,13.5362787
30418,13.5362787
30419,13.5362787
30420,13.5366955
30421,13.5366955
30422,13.5366955
30423,13.5366955
30424,13.5366955
30425,13.5370055
30426,13.5379417
30427,13.5379417
30428,13.5379417
30429,13.5413126
30430,13.5413126
30431,13.5413285
30432,13.5413285
30433,13.5413285
30434,13.5413285
30435,13.5413285
30436,13.5413285
30437,13.5413285
30438,13.5413285
30439,13.5413285
30440,13.5413997
30441,13.5413997
30442,13.5414813
30443,13.5417948
30444,13.5417948
30445,13.5417948
30446,13.5417948
30447,13.5417948
30448,13.5417948
30449,13.5417948
30450,13.5417948
30451,13.5417948
30452,13.5417948
30453,13.5419243
30454,13.5419243
30455,13.5419243
30456,13.5435609
30457,13.5444143
30458,13.5444143
30459,13.5445894
30460,13.5445894
30461,13.5445894
30462,13.5445894
30463,13.5445894
30464,13.5445894
30465,13.5445894
30466,13.5445894
30467,13.5445894
30468,13.5445894
30469,13.5445894
30470,13.5447935
30471,13.5447935
30472,13.5447935
30473,13.5447935
30474,13.5447935
30475,13.5447935
30476,13.5447935
30477,13.5447935
30478,13.5447935
30479,13.5447935
30480,13.5447935
30481,13.5447935
30482,13.5447935
30483,13.5447935
30484,13.5447935
30485,13.5447935
30486,13.5447935
30487,13.5447935
30488,13.5447935
30489,13.5447935
30490,13.5447935
30491,13.5447935
30492,13.5447935
30493,13.5447935
30494,13.5447935
30495,13.5447935
30496,13.5447935
30497,13.5447935
30498,13.5447935
30499,13.5447935
30500,13.5447935
30501,13.5447935
30502,13.5447935
30503,13.5447935
30504,13.5447935
30505,13.5447935
30506,13.5451834
30507,13.5451834
30508,13.5451834
30509,13.5451834
30510,13.5451834
30511,13.5451834
30512,13.5451834
30513,13.5451901
30514,13.5451901
30515,13.5451901
30516,13.5451901
30517,13.5451901
30518,13.5451901
30519,13.5451901
30520,13.5451901
30521,13.5470568
30522,13.5470568
30523,13.5470568
30524,13.5470568
30525,13.5470568
30526,13.5473432
30527,13.5473432
30528,13.5473432
30529,13.5473432
30530,13.5473432
30531,13.5473432
30532,13.5476833
30533,13.5476833
30534,13.548395
30535,13.548395
30536,13.548395
30537,13.548395
30538,13.548395
30539,13.548395
30540,13.548395
30541,13.548395
30542,13.548395
30543,13.548395
30544,13.548395
30545,13.548395
30546,13.548395
30547,13.548395
30548,13.548395
30549,13.548395
30550,13.548395
30551,13.548395
30552,13.548395
30553,13.548395
30554,13.548395
30555,13.548395
30556,13.548395
30557,13.548395
30558,13.548395
30559,13.5484505
30560,13.5484505
30561,13.5484505
30562,13.5484505
30563,13.5484505
30564,13.5484505
30565,13.5484505
30566,13.5484505
30567,13.5484505
30568,13.5484505
30569,13.5484505
30570,13.5484505
30571,13.5484505
30572,13.5484505
30573,13.5484505
30574,13.5484505
30575,13.5484505
30576,13.5484505
30577,13.5484505
30578,13.5484505
30579,13.5484505
30580,13.5484505
30581,13.5484505
30582,13.5484505
30583,13.5484505
30584,13.5484505
30585,13.5484505
30586,13.5484505
30587,13.5484505
30588,13.5484505
30589,13.5484505
30590,13.5484505
30591,13.5484505
30592,13.5484505
30593,13.5484505
30594,13.5484505
30595,13.5484505
30596,13.5484505
30597,13.5484505
30598,13.5484505
30599,13.5484505
30600,13.5484505
30601,13.5484505
30602,13.5484505
30603,13.5484505
30604,13.5484505
30605,13.5484505
30606,13.5484505
30607,13.5484505
30608,13.5484505
30609,13.5484505
30610,13.5484505
30611,13.5484505
30612,13.5484505
30613,13.5484505
30614,13.5484505
30615,13.5484505
30616,13.5484505
30617,13.5484505
30618,13.5486826
30619,13.5486826
30620,13.5486826
30621,13.5486826
30622,13.5486826
30623,13.5486826
30624,13.5486826
30625,13.5486826
30626,13.5486826
30627,13.5486826
30628,13.5486826
30629,13.5486826
30630,13.5486826
30631,13.5486826
30632,13.5486826
30633,13.5486826
30634,13.5486826
30635,13.5486826
30636,13.5486826
30637,13.5486826
30638,13.5486826
30639,13.5487353
30640,13.5489523
30641,13.5489523
30642,13.5489523
30643,13.5491119
30644,13.5491119
30645,13.5491119
30646,13.5491119
30647,13.5491119
30648,13.5491119
30649,13.5491119
30650,13.5491119
30651,13.5491119
30652,13.5491119
30653,13.5491119
30654,13.5491119
30655,13.5491119
30656,13.5491119
30657,13.5491119
30658,13.5491119
30659,13.5491119
30660,13.5491119
30661,13.5491119
30662,13.5491119
30663,13.5491119
30664,13.5491119
30665,13.5491119
30666,13.5491119
30667,13.5491119
30668,13.5491119
30669,13.5491119
30670,13.5491119
30671,13.5491119
30672,13.5491119
30673,13.5491119
30674,13.5491119
30675,13.5492561
30676,13.5492561
30677,13.5492561
30678,13.5492561
30679,13.5492561
30680,13.5492561
30681,13.5492561
30682,13.5492561
30683,13.5492561
30684,13.5492561
30685,13.5492561
30686,13.5492561
30687,13.5492561
30688,13.5492561
30689,13.5492561
30690,13.5492561
30691,13.5492561
30692,13.5492561
30693,13.5492561
30694,13.5492561
30695,13.5492561
30696,13.5492561
30697,13.5492561
30698,13.5492561
30699,13.5492561
30700,13.5492561
30701,13.5492561
30702,13.5492561
30703,13.5492561
30704,13.5492561
30705,13.5492561
30706,13.5492561
30707,13.5492561
30708,13.5492561
30709,13.5492561
30710,13.5492561
30711,13.5492561
30712,13.5492561
30713,13.5492561
30714,13.5492561
30715,13.5492561
30716,13.549912
30717,13.5519397
30718,13.5556673
30719,13.5567503
30720,13.5593437
30721,13.5622851
30722,13.5650985
30723,13.567239
30724,13.567239
30725,13.567239
30726,13.567239
30727,13.567239
30728,13.567239
30729,13.567239
30730,13.567239
30731,13.567239
30732,13.567239
30733,13.567239
30734,13.567239
30735,13.567239
30736,13.567239
30737,13.567239
30738,13.567239
30739,13.567239
30740,13.567239
30741,13.567239
30742,13.567239
30743,13.567239
30744,13.567239
30745,13.567239
30746,13.567239
30747,13.567239
30748,13.5673478
30749,13.5673478
30750,13.5673478
30751,13.5673478
30752,13.5673478
30753,13.5673478
30754,13.5673478
30755,13.5673478
30756,13.5673512
30757,13.5675154
30758,13.5675154
30759,13.5675154
30760,13.5679119
30761,13.5679119
30762,13.5679119
30763,13.5679119
30764,13.5679119
30765,13.5679119
30766,13.5679119
30767,13.5681826
30768,13.5681826
30769,13.5681826
30770,13.5681826
30771,13.5681826
30772,13.5681826
30773,13.5681826
30774,13.5681826
30775,13.5681826
30776,13.568215
30777,13.5682745
30778,13.5683696
30779,13.5683696
30780,13.5683696
30781,13.5683696
30782,13.5683696
30783,13.5683696
30784,13.5683696
30785,13.5683696
30786,13.5683696
30787,13.5683696
30788,13.5683696
30789,13.5683696
30790,13.5683696
30791,13.5683696
30792,13.5683696
30793,13.5683696
30794,13.5683869
30795,13.5683869
30796,13.5683869
30797,13.5683869
30798,13.5683869
30799,13.5683869
30800,13.5683869
30801,13.5683869
30802,13.5683869
30803,13.5683869
30804,13.5683869
30805,13.5683869
30806,13.5683869
30807,13.5683869
30808,13.5683869
30809,13.5683869
30810,13.5683869
30811,13.5683869
30812,13.5683869
30813,13.5683869
30814,13.5684996
30815,13.5687599
30816,13.5687599
30817,13.5687599
30818,13.5687599
30819,13.5687599
30820,13.5688634
30821,13.5688634
30822,13.5689593
30823,13.5690624
30824,13.5690624
30825,13.5690624
30826,13.5690624
30827,13.5690624
30828,13.5690624
30829,13.5690624
30830,13.569069
30831,13.569069
30832,13.569069
30833,13.569069
30834,13.569069
30835,13.5695238
30836,13.5695238
30837,13.5695238
30838,13.5697571
30839,13.5701026
30840,13.5701026
30841,13.5701026
30842,13.570131
30843,13.570131
30844,13.570131
30845,13.570131
30846,13.570131
30847,13.570131
30848,13.570131
30849,13.5701557
30850,13.5701557
30851,13.5701557
30852,13.5701557
30853,13.5702416
30854,13.5702416
30855,13.5702674
30856,13.5702674
30857,13.5702857
30858,13.5702857
30859,13.5706365
30860,13.5707525
30861,13.5707973
30862,13.5707973
30863,13.5707973
30864,13.5707973
30865,13.5707973
30866,13.5707973
30867,13.5707973
30868,13.5707973
30869,13.571154
30870,13.571154
30871,13.571154
30872,13.571154
30873,13.5714149
30874,13.5714787
30875,13.5714805
30876,13.5715399
30877,13.5721107
30878,13.5721107
30879,13.5721107
30880,13.5721175
30881,13.5721175
30882,13.5721377
30883,13.5723434
30884,13.5723434
30885,13.5723434
30886,13.5723448
30887,13.5723448
30888,13.5723448
30889,13.5723448
30890,13.5723448
30891,13.5723672
30892,13.5724011
30893,13.5726922
30894,13.5726922
30895,13.5726922
30896,13.5726922
30897,13.5726922
30898,13.5726922
30899,13.5726922
30900,13.5726922
30901,13.5726922
30902,13.5726922
30903,13.5726922
30904,13.5726922
30905,13.5726922
30906,13.5726922
30907,13.5726922
30908,13.5726922
30909,13.5727418
30910,13.5727418
30911,13.5727418
30912,13.5727418
30913,13.5727418
30914,13.5737043
30915,13.5737043
30916,13.5737269
30917,13.5737269
30918,13.5737269
30919,13.5737269
30920,13.5737269
30921,13.5737316
30922,13.5738078
30923,13.5739343
30924,13.5739343
30925,13.5739757
30926,13.5739757
30927,13.5739757
30928,13.5739757
30929,13.5740848
30930,13.5741726
30931,13.5742842
30932,13.5742842
30933,13.5744022
30934,13.5744356
30935,13.5744356
30936,13.5744356
30937,13.5744356
30938,13.5744356
30939,13.5744356
30940,13.5744356
30941,13.5744356
30942,13.5746431
30943,13.574795
30944,13.574795
30945,13.574795
30946,13.574795
30947,13.574795
30948,13.574795
30949,13.574795
30950,13.574795
30951,13.5748927
30952,13.5748927
30953,13.5748927
30954,13.5748927
30955,13.5748927
30956,13.5748927
30957,13.5749486
30958,13.5749486
30959,13.5749486
30960,13.5749486
30961,13.5749486
30962,13.5749626
30963,13.5749626
30964,13.5749626
30965,13.5750877
30966,13.5753098
30967,13.5753254
30968,13.5753254
30969,13.5753254
30970,13.5753254
30971,13.5753254
30972,13.5753254
30973,13.5754392
30974,13.5754392
30975,13.5754392
30976,13.5754392
30977,13.5754392
30978,13.5754392
30979,13.5754392
30980,13.5754708
30981,13.5754708
30982,13.5754708
30983,13.5754708
30984,13.5754708
30985,13.5754708
30986,13.5754708
30987,13.5754708
30988,13.5764695
30989,13.5764695
30990,13.5764695
30991,13.5765758
30992,13.5765758
30993,13.5765758
30994,13.5767981
30995,13.5768945
30996,13.5768945
30997,13.5768945
30998,13.5768945
30999,13.5768945
31000,13.5768945
31001,13.5768945
31002,13.5768945
31003,13.5769487
31004,13.5769487
31005,13.5769487
31006,13.5769487
31007,13.5769487
31008,13.5769487
31009,13.5769487
31010,13.5769487
31011,13.5770523
31012,13.5770523
31013,13.5770523
31014,13.5770849
31015,13.5770948
31016,13.5770948
31017,13.5770948
31018,13.5770948
31019,13.5771358
31020,13.5771358
31021,13.5771358
31022,13.5771358
31023,13.5771358
31024,13.5771358
31025,13.5771974
31026,13.5771974
31027,13.5771974
31028,13.5771974
31029,13.5771974
31030,13.5771974
31031,13.5771974
31032,13.5771974
31033,13.5771974
31034,13.5771974
31035,13.5771974
31036,13.5771974
31037,13.5771974
31038,13.5771974
31039,13.5771974
31040,13.5771974
31041,13.5771974
31042,13.5771974
31043,13.5771974
31044,13.5771974
31045,13.5771974
31046,13.5771974
31047,13.577229
31048,13.577229
31049,13.577229
31050,13.577229
31051,13.577229
31052,13.577229
31053,13.577229
31054,13.577229
31055,13.577229
31056,13.577229
31057,13.577229
31058,13.577229
31059,13.577229
31060,13.577229
31061,13.5774847
31062,13.5774847
31063,13.5774847
31064,13.5774847
31065,13.5774847
31066,13.5774847
31067,13.5774847
31068,13.5775989
31069,13.5776871
31070,13.5776871
31071,13.5776871
31072,13.5776871
31073,13.5776871
31074,13.5778036
31075,13.5778036
31076,13.5778036
31077,13.5778036
31078,13.5778036
31079,13.5778036
31080,13.5778036
31081,13.5778036
31082,13.5778036
31083,13.5778036
31084,13.5778036
31085,13.5778036
31086,13.5778036
31087,13.5778036
31088,13.5778036
31089,13.5778036
31090,13.5778036
31091,13.5778036
31092,13.5778036
31093,13.5778036
31094,13.5778036
31095,13.5778036
31096,13.5778036
31097,13.5778036
31098,13.5778036
31099,13.5779178
31100,13.5779178
31101,13.5779178
31102,13.5779178
31103,13.5779178
31104,13.5779178
31105,13.5779178
31106,13.5779178
31107,13.5779178
31108,13.5779178
31109,13.5779178
31110,13.5779178
31111,13.5779178
31112,13.5779178
31113,13.5779178
31114,13.5779178
31115,13.5779178
31116,13.5781375
31117,13.5781375
31118,13.5781375
31119,13.5781375
31120,13.5781375
31121,13.5782622
31122,13.5782816
31123,13.5782816
31124,13.5782816
31125,13.5782816
31126,13.5782816
31127,13.5782816
31128,13.5782816
31129,13.5782816
31130,13.5782816
31131,13.5782816
31132,13.5782816
31133,13.5782816
31134,13.5782816
31135,13.5782816
31136,13.5782816
31137,13.5782816
31138,13.5782816
31139,13.5782816
31140,13.5782816
31141,13.5783045
31142,13.5783469
31143,13.5783469
31144,13.5783469
31145,13.5783469
31146,13.5783469
31147,13.5783469
31148,13.5783469
31149,13.5784399
31150,13.5784399
31151,13.5784399
31152,13.5784399
31153,13.5784399
31154,13.5784399
31155,13.5784399
31156,13.5784399
31157,13.5784399
31158,13.5784399
31159,13.5784399
31160,13.5784399
31161,13.5784399
31162,13.5784399
31163,13.5784399
31164,13.5784399
31165,13.5796804
31166,13.5801682
31167,13.5801682
31168,13.5801682
31169,13.5801682
31170,13.5801682
31171,13.5801682
31172,13.5801682
31173,13.5801682
31174,13.5801682
31175,13.5801682
31176,13.5801682
31177,13.5801682
31178,13.5801682
31179,13.5801682
31180,13.5801682
31181,13.5801682
31182,13.5801682
31183,13.5801682
31184,13.5801682
31185,13.5801682
31186,13.5801682
31187,13.5801682
31188,13.5801682
31189,13.5801682
31190,13.5801682
31191,13.5801682
31192,13.5801682
31193,13.5801682
31194,13.5801682
31195,13.5801682
31196,13.5801682
31197,13.5801931
31198,13.5801931
31199,13.5801931
31200,13.5801931
31201,13.5801931
31202,13.5801931
31203,13.5801931
31204,13.5801931
31205,13.5811236
31206,13.5813284
31207,13.5813284
31208,13.5813284
31209,13.5813284
31210,13.5813284
31211,13.5813284
31212,13.5813284
31213,13.5813284
31214,13.5813284
31215,13.5813284
31216,13.5813284
31217,13.5813284
31218,13.5813284
31219,13.5813284
31220,13.5813284
31221,13.5816852
31222,13.5816852
31223,13.5816852
31224,13.5816852
31225,13.5816852
31226,13.5818842
31227,13.5818842
31228,13.5819569
31229,13.5819569
31230,13.5819569
31231,13.5819569
31232,13.5819569
31233,13.5819569
31234,13.5819569
31235,13.5819569
31236,13.5819569
31237,13.5819569
31238,13.5819569
31239,13.5819569
31240,13.5819569
31241,13.5819569
31242,13.5819569
31243,13.5819569
31244,13.5819569
31245,13.5819569
31246,13.5819569
31247,13.5824921
31248,13.5824921
31249,13.5824921
31250,13.5824921
31251,13.5824921
31252,13.5824921
31253,13.5824921
31254,13.582513
31255,13.582513
31256,13.582513
31257,13.5826176
31258,13.5826502
31259,13.5826502
31260,13.5826502
31261,13.582739
31262,13.582739
31263,13.582739
31264,13.582739
31265,13.5828308
31266,13.5828308
31267,13.5828609
31268,13.5829534
31269,13.5829534
31270,13.5829534
31271,13.5829534
31272,13.5829534
31273,13.5829534
31274,13.5829534
31275,13.5829534
31276,13.5829722
31277,13.5829722
31278,13.5829722
31279,13.5829722
31280,13.5830422
31281,13.5832368
31282,13.5832891
31283,13.5832891
31284,13.5834405
31285,13.5834556
31286,13.5834556
31287,13.5834556
31288,13.5834556
31289,13.5835897
31290,13.5835897
31291,13.583599
31292,13.583599
31293,13.5836152
31294,13.5836152
31295,13.5836152
31296,13.5838468
31297,13.5838468
31298,13.5839578
31299,13.5839578
31300,13.5839578
31301,13.5839578
31302,13.5839578
31303,13.5839578
31304,13.5839578
31305,13.5839578
31306,13.5839578
31307,13.5839578
31308,13.5839578
31309,13.5839578
31310,13.5839578
31311,13.5839578
31312,13.5839578
31313,13.5839578
31314,13.5839578
31315,13.5841082
31316,13.5841082
31317,13.5841423
31318,13.5841423
31319,13.5843478
31320,13.5843478
31321,13.5843478
31322,13.5843478
31323,13.5843478
31324,13.5843478
31325,13.5843478
31326,13.5843875
31327,13.5843875
31328,13.5843875
31329,13.5845976
31330,13.5845976
31331,13.5845976
31332,13.5845976
31333,13.5848505
31334,13.5849359
31335,13.5849359
31336,13.5849359
31337,13.5849359
31338,13.5849359
31339,13.5849838
31340,13.5849838
31341,13.5852191
31342,13.5856423
31343,13.5856423
31344,13.5856423
31345,13.5856444
31346,13.5856444
31347,13.5856444
31348,13.5856707
31349,13.5857062
31350,13.5857159
31351,13.5857159
31352,13.5857159
31353,13.5857159
31354,13.5857159
31355,13.5859399
31356,13.5861479
31357,13.5861479
31358,13.5861479
31359,13.5861479
31360,13.5864282
31361,13.5864282
31362,13.5865825
31363,13.5870593
31364,13.5870593
31365,13.5870593
31366,13.5870922
31367,13.5870922
31368,13.5870922
31369,13.5872221
31370,13.5872221
31371,13.5872447
31372,13.5872447
31373,13.5872447
31374,13.5872447
31375,13.5872447
31376,13.5879385
31377,13.5880703
31378,13.5880703
31379,13.5880703
31380,13.5882578
31381,13.5882578
31382,13.5882578
31383,13.5882578
31384,13.5882985
31385,13.5883395
31386,13.5883395
31387,13.5883395
31388,13.5884557
31389,13.5884557
31390,13.5884557
31391,13.5884557
31392,13.5884557
31393,13.5884557
31394,13.5885277
31395,13.5885277
31396,13.5888165
31397,13.5888542
31398,13.5888542
31399,13.5888542
31400,13.5888542
31401,13.5888542
31402,13.5888977
31403,13.5888977
31404,13.5888977
31405,13.5888977
31406,13.5888977
31407,13.5889663
31408,13.5889677
31409,13.5889708
31410,13.5889708
31411,13.5889708
31412,13.5889708
31413,13.5889708
31414,13.5889708
31415,13.5889708
31416,13.5889708
31417,13.5889708
31418,13.5889708
31419,13.5889708
31420,13.5889708
31421,13.5889708
31422,13.5889708
31423,13.5889708
31424,13.589094
31425,13.5891045
31426,13.5891045
31427,13.5893032
31428,13.5893032
31429,13.5893032
31430,13.5893436
31431,13.5893436
31432,13.5893478
31433,13.5893478
31434,13.589395
31435,13.589395
31436,13.5893977
31437,13.5894183
31438,13.5895656
31439,13.5895656
31440,13.5895945
31441,13.5895945
31442,13.5895945
31443,13.5895945
31444,13.5895945
31445,13.5895945
31446,13.5895945
31447,13.5895945
31448,13.5895945
31449,13.5896384
31450,13.5898279
31451,13.5898279
31452,13.5898279
31453,13.5898487
31454,13.5898487
31455,13.5898487
31456,13.5898487
31457,13.5898487
31458,13.5899028
31459,13.5899028
31460,13.5899028
31461,13.5899028
31462,13.5899028
31463,13.5899028
31464,13.5899028
31465,13.5899028
31466,13.5899028
31467,13.5899028
31468,13.5899028
31469,13.5899028
31470,13.5899028
31471,13.5899028
31472,13.5899461
31473,13.5899888
31474,13.5900209
31475,13.5900209
31476,13.5901324
31477,13.5901405
31478,13.5901405
31479,13.5903436
31480,13.5903436
31481,13.5903436
31482,13.5903436
31483,13.5903436
31484,13.5903436
31485,13.5903604
31486,13.5904808
31487,13.5904808
31488,13.5910212
31489,13.5910212
31490,13.5910445
31491,13.5911299
31492,13.591211
31493,13.591211
31494,13.591211
31495,13.5912464
31496,13.5912464
31497,13.591404
31498,13.591404
31499,13.5914063
31500,13.5914063
31501,13.5914266
31502,13.5914266
31503,13.5914266
31504,13.5914266
31505,13.5914266
31506,13.5914266
31507,13.5914266
31508,13.5914266
31509,13.5914266
31510,13.5914396
31511,13.5914396
31512,13.5914396
31513,13.5914396
31514,13.5914396
31515,13.5914435
31516,13.5914435
31517,13.5915337
31518,13.5915337
31519,13.5915337
31520,13.5915337
31521,13.5915404
31522,13.5915415
31523,13.5915764
31524,13.5915764
31525,13.5915764
31526,13.5915764
31527,13.5916526
31528,13.5916953
31529,13.5916953
31530,13.5916953
31531,13.591829
31532,13.591829
31533,13.5919301
31534,13.5923074
31535,13.5924631
31536,13.5925862
31537,13.5925862
31538,13.5928002
31539,13.5928331
31540,13.5928944
31541,13.5929827
31542,13.5929827
31543,13.5932356
31544,13.5932356
31545,13.5932356
31546,13.5932356
31547,13.5935191
31548,13.5935191
31549,13.593583
31550,13.593583
31551,13.593583
31552,13.593583
31553,13.593583
31554,13.593583
31555,13.5938835
31556,13.594112
31557,13.594112
31558,13.5941611
31559,13.5941611
31560,13.5942652
31561,13.5942652
31562,13.5942652
31563,13.5942652
31564,13.5942652
31565,13.5942652
31566,13.5942652
31567,13.5945585
31568,13.5947249
31569,13.5950015
31570,13.5950685
31571,13.5952512
31572,13.5953029
31573,13.5953433
31574,13.5953904
31575,13.5953904
31576,13.5953904
31577,13.5955868
31578,13.5956524
31579,13.5956524
31580,13.5958599
31581,13.5959364
31582,13.5960752
31583,13.5960752
31584,13.5965766
31585,13.5965766
31586,13.5965766
31587,13.5965766
31588,13.596727
31589,13.596918
31590,13.596918
31591,13.5970044
31592,13.5972414
31593,13.5975355
31594,13.5975355
31595,13.5975355
31596,13.5975355
31597,13.5977163
31598,13.5977163
31599,13.5977163
31600,13.5977163
31601,13.5977939
31602,13.5978808
31603,13.5978808
31604,13.5978808
31605,13.5978808
31606,13.5978808
31607,13.5978808
31608,13.5982275
31609,13.5982664
31610,13.598322
31611,13.598322
31612,13.598322
31613,13.5992058
31614,13.5993598
31615,13.5994502
31616,13.5994502
31617,13.5997429
31618,13.5999417
31619,13.6000557
31620,13.600136
31621,13.6002137
31622,13.6002137
31623,13.6002137
31624,13.6002137
31625,13.6002137
31626,13.6002137
31627,13.6003054
31628,13.6005102
31629,13.600819
31630,13.6009265
31631,13.6009394
31632,13.6012847
31633,13.6018369
31634,13.6019838
31635,13.6019838
31636,13.6023884
31637,13.6024283
31638,13.6024283
31639,13.6027915
31640,13.6029013
31641,13.6030365
31642,13.6030365
31643,13.6030365
31644,13.6030597
31645,13.6035829
31646,13.6037885
31647,13.6038793
31648,13.6042801
31649,13.6046906
31650,13.6046906
31651,13.6047476
31652,13.6050836
31653,13.6051952
31654,13.6053767
31655,13.6053767
31656,13.6053869
31657,13.6054252
31658,13.6054502
31659,13.605547
31660,13.6055593
31661,13.6056428
31662,13.6056694
31663,13.6056694
31664,13.6057481
31665,13.6057481
31666,13.6058934
31667,13.6060874
31668,13.6060874
31669,13.6061655
31670,13.6061655
31671,13.6063548
31672,13.6064569
31673,13.6064919
31674,13.6064919
31675,13.6066411
31676,13.6067438
31677,13.6069638
31678,13.6070144
31679,13.6070239
31680,13.6070239
31681,13.6071168
31682,13.6071422
31683,13.6071422
31684,13.6071422
31685,13.6071422
31686,13.607498
31687,13.6077247
31688,13.607913
31689,13.607913
31690,13.6080462
31691,13.6080743
31692,13.608363
31693,13.6086149
31694,13.6087174
31695,13.6088172
31696,13.6090492
31697,13.6091524
31698,13.609875
31699,13.6100378
31700,13.610191
31701,13.6103817
31702,13.6106287
31703,13.6106841
31704,13.6109306
31705,13.6109465
31706,13.6109899
31707,13.6110996
31708,13.6111469
31709,13.6111469
31710,13.6111469
31711,13.6112158
31712,13.6116432
31713,13.6116716
31714,13.6118361
31715,13.6119225
31716,13.6120247
31717,13.6120247
31718,13.6122463
31719,13.6124259
31720,13.6125859
31721,13.6126205
31722,13.6126205
31723,13.612689
31724,13.6127154
31725,13.6130289
31726,13.6130736
31727,13.6132001
31728,13.6132664
31729,13.6134031
31730,13.6134509
31731,13.6137053
31732,13.6140787
31733,13.6141212
31734,13.6142328
31735,13.6143776
31736,13.6143776
31737,13.6143776
31738,13.6148136
31739,13.6149403
31740,13.6150768
31741,13.6152054
31742,13.6162404
31743,13.6170802
31744,13.6173392
31745,13.6173392
31746,13.6173392
31747,13.6173493
31748,13.6174264
31749,13.6174264
31750,13.6174264
31751,13.6174559
31752,13.6184734
31753,13.6185777
31754,13.6185927
31755,13.6187474
31756,13.6188341
31757,13.6192749
31758,13.6193069
31759,13.6193069
31760,13.6197132
31761,13.6197584
31762,13.6198543
31763,13.6199273
31764,13.6201007
31765,13.6204346
31766,13.6206107
31767,13.6218987
31768,13.6221418
31769,13.6221418
31770,13.6223374
31771,13.6223374
31772,13.6223374
31773,13.6223895
31774,13.6224944
31775,13.6226487
31776,13.6229712
31777,13.6229937
31778,13.6231928
31779,13.6231928
31780,13.6231928
31781,13.6231928
31782,13.6231928
31783,13.6232792
31784,13.623357
31785,13.6235415
31786,13.6238957
31787,13.6238957
31788,13.6238957
31789,13.6240899
31790,13.6245847
31791,13.6245847
31792,13.6245847
31793,13.6245847
31794,13.6245847
31795,13.6245847
31796,13.6248548
31797,13.6249539
31798,13.6249539
31799,13.6250064
31800,13.6250064
31801,13.6250064
31802,13.6250064
31803,13.6250064
31804,13.6256821
31805,13.6259136
31806,13.6259136
31807,13.6260586
31808,13.6260791
31809,13.6265131
31810,13.6265244
31811,13.6265244
31812,13.6267017
31813,13.6267897
31814,13.6268961
31815,13.6269405
31816,13.627055
31817,13.627055
31818,13.6272035
31819,13.6273569
31820,13.6275633
31821,13.6279803
31822,13.6279943
31823,13.6281358
31824,13.6284107
31825,13.6285964
31826,13.6285964
31827,13.62887
31828,13.6288822
31829,13.6291405
31830,13.629274
31831,13.629274
31832,13.629274
31833,13.6295278
31834,13.6295531
31835,13.6299377
31836,13.630064
31837,13.6301054
31838,13.6301836
31839,13.6302286
31840,13.6302286
31841,13.630526
31842,13.6307895
31843,13.6310017
31844,13.6310023
31845,13.6312238
31846,13.6315341
31847,13.6315994
31848,13.6316945
31849,13.6321255
31850,13.6324103
31851,13.6327549
31852,13.6327549
31853,13.6333305
31854,13.6336799
31855,13.63376
31856,13.6340494
31857,13.6340494
31858,13.634298
31859,13.6344298
31860,13.6348108
31861,13.6355061
31862,13.6362318
31863,13.636368
31864,13.6370246
31865,13.6370941
31866,13.6371443
31867,13.6371482
31868,13.6371482
31869,13.6371676
31870,13.6372116
31871,13.6373517
31872,13.6374238
31873,13.6374238
31874,13.6375077
31875,13.6376037
31876,13.6376147
31877,13.6378135
31878,13.6379818
31879,13.6379818
31880,13.638014
31881,13.638014
31882,13.638014
31883,13.6380766
31884,13.6384589
31885,13.6385217
31886,13.6385338
31887,13.6385338
31888,13.6388654
31889,13.6388654
31890,13.6388654
31891,13.6391757
31892,13.6392632
31893,13.6394507
31894,13.6397319
31895,13.6397656
31896,13.6397656
31897,13.6399923
31898,13.6402941
31899,13.6403864
31900,13.6405789
31901,13.6405912
31902,13.6406021
31903,13.6406374
31904,13.6410245
31905,13.6412167
31906,13.6412167
31907,13.6412167
31908,13.6412167
31909,13.6412622
31910,13.6412622
31911,13.6415314
31912,13.6421873
31913,13.64247
31914,13.6425723
31915,13.642649
31916,13.6428211
31917,13.6430916
31918,13.6431707
31919,13.6432765
31920,13.6436472
31921,13.643662
31922,13.6441561
31923,13.6444894
31924,13.6445829
31925,13.6449525
31926,13.6450127
31927,13.6452807
31928,13.6455187
31929,13.6458156
31930,13.64606
31931,13.6461754
31932,13.646552
31933,13.6469384
31934,13.6472517
31935,13.6474435
31936,13.6476544
31937,13.6480261
31938,13.6482163
31939,13.6483316
31940,13.6484203
31941,13.6487258
31942,13.6489736
31943,13.6489736
31944,13.6491246
31945,13.6493267
31946,13.6494822
31947,13.6496062
31948,13.6501779
31949,13.6503162
31950,13.6503679
31951,13.650428
31952,13.6507012
31953,13.6507556
31954,13.6508029
31955,13.6513444
31956,13.6517018
31957,13.6517407
31958,13.6521962
31959,13.6524372
31960,13.6525065
31961,13.6528914
31962,13.6531132
31963,13.6532416
31964,13.6535219
31965,13.6535762
31966,13.6535797
31967,13.6535797
31968,13.6537445
31969,13.6537925
31970,13.6539446
31971,13.6548477
31972,13.654909
31973,13.6552926
31974,13.6554918
31975,13.6560753
31976,13.6567114
31977,13.6570392
31978,13.657051
31979,13.6573559
31980,13.6575497
31981,13.6575553
31982,13.6576662
31983,13.657992
31984,13.6582607
31985,13.659595
31986,13.6598528
31987,13.660011
31988,13.6602974
31989,13.6607147
31990,13.6609968
31991,13.6619301
31992,13.6619873
31993,13.662243
31994,13.6622824
31995,13.662414
31996,13.6625184
31997,13.6625739
31998,13.6629425
31999,13.6630133
32000,13.6630133
32001,13.6630226
32002,13.6630437
32003,13.6631298
32004,13.6633235
32005,13.6637862
32006,13.6638677
32007,13.6641046
32008,13.6650332
32009,13.665262
32010,13.6656113
32011,13.665635
32012,13.6658392
32013,13.6665297
32014,13.667183
32015,13.667183
32016,13.6678254
32017,13.6679567
32018,13.6679575
32019,13.6685233
32020,13.668659
32021,13.6689773
32022,13.6690364
32023,13.6693355
32024,13.6695844
32025,13.6695844
32026,13.6703578
32027,13.6709908
32028,13.6711701
32029,13.671434
32030,13.6716479
32031,13.6722525
32032,13.6726266
32033,13.6728502
32034,13.6730721
32035,13.6734153
32036,13.6745599
32037,13.6750364
32038,13.6754188
32039,13.6756535
32040,13.6757469
32041,13.6761822
32042,13.6762124
32043,13.6765794
32044,13.676725
32045,13.6770352
32046,13.6775197
32047,13.6776896
32048,13.6778157
32049,13.678139
32050,13.678807
32051,13.6793107
32052,13.6797591
32053,13.6797677
32054,13.6800903
32055,13.6803491
32056,13.680477
32057,13.6809259
32058,13.6811355
32059,13.6813549
32060,13.6816681
32061,13.6820407
32062,13.6821579
32063,13.6828796
32064,13.6832536
32065,13.6833462
32066,13.6836167
32067,13.6839513
32068,13.684055
32069,13.6843118
32070,13.684542
32071,13.6848331
32072,13.6851494
32073,13.6854186
32074,13.6856679
32075,13.6859635
32076,13.6862213
32077,13.6863688
32078,13.6864635
32079,13.6869655
32080,13.6869655
32081,13.6870834
32082,13.6872601
32083,13.6877945
32084,13.6883171
32085,13.6884644
32086,13.6886898
32087,13.689101
32088,13.6892783
32089,13.6895915
32090,13.689895
32091,13.6902699
32092,13.6910427
32093,13.6911964
32094,13.6913353
32095,13.6915657
32096,13.6919997
32097,13.6921646
32098,13.6924875
32099,13.692786
32100,13.6931196
32101,13.6934688
32102,13.6943174
32103,13.6946618
32104,13.6953471
32105,13.6956412
32106,13.6961951
32107,13.6965325
32108,13.6965954
32109,13.6969438
32110,13.697016
32111,13.6970527
32112,13.6970527
32113,13.6972775
32114,13.6977001
32115,13.6980115
32116,13.698264
32117,13.6984624
32118,13.6986982
32119,13.6988171
32120,13.6988899
32121,13.6989811
32122,13.6996546
32123,13.7004095
32124,13.7007028
32125,13.7007494
32126,13.7012676
32127,13.7014197
32128,13.7015972
32129,13.7018454
32130,13.7020016
32131,13.702325
32132,13.7025397
32133,13.7027075
32134,13.7029186
32135,13.7031421
32136,13.7035007
32137,13.7037107
32138,13.7038156
32139,13.7040969
32140,13.705077
32141,13.7051157
32142,13.7053342
32143,13.7062063
32144,13.7064806
32145,13.7066186
32146,13.7067883
32147,13.7069647
32148,13.7070179
32149,13.7070179
32150,13.7072198
32151,13.7076872
32152,13.7077171
32153,13.7082357
32154,13.7084544
32155,13.7088295
32156,13.7089887
32157,13.7097914
32158,13.710015
32159,13.7101953
32160,13.7103151
32161,13.7108828
32162,13.7110241
32163,13.7113077
32164,13.7115389
32165,13.7116608
32166,13.7120764
32167,13.7123946
32168,13.7127971
32169,13.713061
32170,13.7135244
32171,13.7139656
32172,13.7143653
32173,13.7149045
32174,13.7151861
32175,13.7155319
32176,13.7159734
32177,13.7162263
32178,13.7165553
32179,13.7170464
32180,13.7174536
32181,13.7179208
32182,13.7181252
32183,13.7184029
32184,13.7189625
32185,13.7190458
32186,13.7192571
32187,13.7194159
32188,13.7200293
32189,13.7203962
32190,13.7205307
32191,13.7209257
32192,13.7210505
32193,13.7212525
32194,13.7214582
32195,13.7216094
32196,13.7220384
32197,13.7222477
32198,13.7223945
32199,13.7225927
32200,13.7226914
32201,13.7230949
32202,13.7235756
32203,13.7238576
32204,13.7239382
32205,13.7240086
32206,13.7241923
32207,13.724198
32208,13.7245326
32209,13.7250686
32210,13.7253595
32211,13.7257399
32212,13.7260403
32213,13.726088
32214,13.726088
32215,13.7263566
32216,13.7266336
32217,13.7268892
32218,13.7269103
32219,13.7271055
32220,13.7273656
32221,13.7275862
32222,13.7277046
32223,13.7277046
32224,13.7278939
32225,13.7283811
32226,13.7288241
32227,13.729069
32228,13.7291911
32229,13.7294481
32230,13.7297287
32231,13.730045
32232,13.7301885
32233,13.7306151
32234,13.7309662
32235,13.7312071
32236,13.7315885
32237,13.7319702
32238,13.7321451
32239,13.7321965
32240,13.7324237
32241,13.7326088
32242,13.7326355
32243,13.7329341
32244,13.7331743
32245,13.7337543
32246,13.733975
32247,13.7344061
32248,13.7348557
32249,13.7353093
32250,13.7355415
32251,13.7356327
32252,13.7357847
32253,13.7359601
32254,13.7360178
32255,13.7361438
32256,13.7362703
32257,13.7362703
32258,13.7363062
32259,13.7364229
32260,13.7365356
32261,13.736783
32262,13.7369757
32263,13.737203
32264,13.7372371
32265,13.7378036
32266,13.7379144
32267,13.7382246
32268,13.738629
32269,13.7387141
32270,13.7393752
32271,13.7397201
32272,13.7400768
32273,13.7403331
32274,13.7407553
32275,13.741172
32276,13.7419276
32277,13.7420057
32278,13.742136
32279,13.7425293
32280,13.7427584
32281,13.7432967
32282,13.7433301
32283,13.7438253
32284,13.7440088
32285,13.744366
32286,13.7445959
32287,13.744768
32288,13.745265
32289,13.7456826
32290,13.7459786
32291,13.7463046
32292,13.7465131
32293,13.747003
32294,13.7471891
32295,13.7474997
32296,13.7476152
32297,13.7484671
32298,13.7487253
32299,13.7488667
32300,13.7489999
32301,13.749249
32302,13.7494856
32303,13.7497131
32304,13.7500123
32305,13.7501514
32306,13.7512151
32307,13.7512426
32308,13.7515045
32309,13.7516096
32310,13.752587
32311,13.7527846
32312,13.7529599
32313,13.7530697
32314,13.7532904
32315,13.7535296
32316,13.7536971
32317,13.753791
32318,13.75404
32319,13.754124
32320,13.7547252
32321,13.7549882
32322,13.7552225
32323,13.7553653
32324,13.7559494
32325,13.756017
32326,13.7561395
32327,13.7563628
32328,13.7565764
32329,13.7567176
32330,13.7571235
32331,13.7572464
32332,13.7572918
32333,13.7574528
32334,13.7575853
32335,13.75766
32336,13.7577635
32337,13.757898
32338,13.7580997
32339,13.758403
32340,13.7585362
32341,13.7591663
32342,13.7592936
32343,13.7593114
32344,13.7594545
32345,13.7596217
32346,13.7597337
32347,13.7599458
32348,13.7604368
32349,13.7605469
32350,13.7605469
32351,13.7607173
32352,13.7608261
32353,13.7609723
32354,13.7611782
32355,13.7615604
32356,13.7617573
32357,13.7617573
32358,13.7617906
32359,13.7620155
32360,13.7621785
32361,13.7623698
32362,13.7631088
32363,13.7632525
32364,13.7638241
32365,13.7639792
32366,13.7642776
32367,13.7645767
32368,13.7647264
32369,13.7647873
32370,13.7652042
32371,13.7654765
32372,13.765677
32373,13.7660434
32374,13.7662194
32375,13.7663006
32376,13.7665522
32377,13.7666469
32378,13.7667097
32379,13.7669862
32380,13.7671228
32381,13.7676071
32382,13.7677235
32383,13.7681579
32384,13.7685977
32385,13.7689272
32386,13.7695868
32387,13.7696898
32388,13.7699563
32389,13.7702276
32390,13.7707175
32391,13.7707567
32392,13.7712024
32393,13.7715889
32394,13.7715889
32395,13.7718873
32396,13.7721167
32397,13.7721312
32398,13.7721312
32399,13.7723158
32400,13.772488
32401,13.7727937
32402,13.7729426
32403,13.7735236
32404,13.7735566
32405,13.773588
32406,13.7737925
32407,13.7741185
32408,13.7744639
32409,13.7745208
32410,13.7748574
32411,13.7750804
32412,13.7754143
32413,13.7755638
32414,13.7758148
32415,13.7760453
32416,13.7762042
32417,13.7765146
32418,13.7770013
32419,13.7773702
32420,13.7777662
32421,13.7779912
32422,13.7783672
32423,13.7784753
32424,13.7784753
32425,13.7786431
32426,13.7786597
32427,13.7786597
32428,13.7794482
32429,13.7795767
32430,13.7796245
32431,13.779727
32432,13.7797746
32433,13.7799313
32434,13.7799313
32435,13.7802809
32436,13.7803929
32437,13.7806114
32438,13.780668
32439,13.7809223
32440,13.7811035
32441,13.7815225
32442,13.7815225
32443,13.7816765
32444,13.7818801
32445,13.7821843
32446,13.7823776
32447,13.7826578
32448,13.7829228
32449,13.7832377
32450,13.78341
32451,13.7836859
32452,13.7839569
32453,13.7840208
32454,13.7843819
32455,13.7844021
32456,13.7845073
32457,13.7848708
32458,13.7852097
32459,13.7853636
32460,13.7855485
32461,13.7860204
32462,13.7861332
32463,13.7864974
32464,13.7869857
32465,13.7873367
32466,13.7876084
32467,13.787746
32468,13.7883216
32469,13.7886244
32470,13.7890316
32471,13.7895794
32472,13.7899332
32473,13.790519
32474,13.7905585
32475,13.7907491
32476,13.7909094
32477,13.7914179
32478,13.7915219
32479,13.7915925
32480,13.791887
32481,13.791923
32482,13.7921132
32483,13.7924142
32484,13.7924142
32485,13.7926474
32486,13.7928456
32487,13.7928539
32488,13.7928539
32489,13.7935839
32490,13.7936975
32491,13.7937511
32492,13.7937604
32493,13.7937996
32494,13.7940847
32495,13.7943783
32496,13.7947135
32497,13.7947135
32498,13.7951635
32499,13.7956384
32500,13.7958581
32501,13.7960631
32502,13.7961165
32503,13.7961813
32504,13.7961813
32505,13.7963654
32506,13.7966002
32507,13.7968846
32508,13.7972313
32509,13.7973859
32510,13.7977335
32511,13.7977476
32512,13.7981651
32513,13.7987469
32514,13.7991764
32515,13.7996476
32516,13.7998438
32517,13.8001106
32518,13.800423
32519,13.8006294
32520,13.8011136
32521,13.801426
32522,13.80165
32523,13.8018182
32524,13.8019763
32525,13.8024033
32526,13.8027139
32527,13.8029924
32528,13.8032034
32529,13.8034219
32530,13.803769
32531,13.8043514
32532,13.8058672
32533,13.8059094
32534,13.8060212
32535,13.8063365
32536,13.8066339
32537,13.8066339
32538,13.8068066
32539,13.8072631
32540,13.8072934
32541,13.807488
32542,13.8079275
32543,13.8081233
32544,13.8083327
32545,13.8085685
32546,13.8087295
32547,13.8089357
32548,13.8090638
32549,13.8090638
32550,13.8093688
32551,13.8094545
32552,13.8094545
32553,13.8097063
32554,13.8097128
32555,13.8100354
32556,13.8106546
32557,13.8107174
32558,13.810872
32559,13.8109874
32560,13.811085
32561,13.8113475
32562,13.8115901
32563,13.8120117
32564,13.8122485
32565,13.8123849
32566,13.8134766
32567,13.8135104
32568,13.8139295
32569,13.8141993
32570,13.814722
32571,13.8153895
32572,13.8158761
32573,13.8159637
32574,13.8163725
32575,13.8166842
32576,13.8169389
32577,13.8171388
32578,13.8172599
32579,13.8176121
32580,13.8178477
32581,13.8179431
32582,13.8179895
32583,13.818365
32584,13.8187717
32585,13.8190366
32586,13.8193763
32587,13.8195686
32588,13.819733
32589,13.8200018
32590,13.8204605
32591,13.8206328
32592,13.8206565
32593,13.820838
32594,13.8209151
32595,13.8214524
32596,13.8216568
32597,13.8222427
32598,13.822469
32599,13.8227599
32600,13.8228272
32601,13.823264
32602,13.8232731
32603,13.8235179
32604,13.8238179
32605,13.8238179
32606,13.8239453
32607,13.8239912
32608,13.8244337
32609,13.8247413
32610,13.8249703
32611,13.8251248
32612,13.8254015
32613,13.8254533
32614,13.8256545
32615,13.8256795
32616,13.8259693
32617,13.8259693
32618,13.8259693
32619,13.8260714
32620,13.826388
32621,13.826733
32622,13.8270536
32623,13.8272806
32624,13.8276608
32625,13.8279316
32626,13.8291672
32627,13.8300945
32628,13.8311299
32629,13.8328058
32630,13.8340684
32631,13.834159
32632,13.8360982
32633,13.8371916
32634,13.8409267
32635,13.8416208
32636,13.8430377
32637,13.843825
32638,13.8442805
32639,13.8465229
32640,13.849564
32641,13.8521919
32642,13.8549788
32643,13.8562136
32644,13.8570287
32645,13.8575758
32646,13.8577817
32647,13.8582714
32648,13.8585151
32649,13.8589758
32650,13.8595272
32651,13.8604897
32652,13.8616113
32653,13.8627528
32654,13.8631475
32655,13.8638476
32656,13.8644348
32657,13.8646918
32658,13.8652242
32659,13.8656345
32660,13.8661195
32661,13.8672902
32662,13.8677029
32663,13.8680347
32664,13.8707333
32665,13.871534
32666,13.8723974
32667,13.8735713
32668,13.8747868
32669,13.8784366
32670,13.8798889
32671,13.8810025
32672,13.8825727
32673,13.8834495
32674,13.8843414
32675,13.8849961
32676,13.8859054
32677,13.886601
32678,13.8872224
32679,13.8881584
32680,13.8894156
32681,13.8932983
32682,13.8940312
32683,13.8949694
32684,13.8955342
32685,13.896163
32686,13.8973326
32687,13.8980674
32688,13.8996238
32689,13.9008581
32690,13.9023757
32691,13.9030697
32692,13.9042879
32693,13.9046996
32694,13.9056882
32695,13.9071315
32696,13.9074193
32697,13.9087701
32698,13.9109342
32699,13.913234
32700,13.9146548
32701,13.9153565
32702,13.9162878
32703,13.9175119
32704,13.9183943
32705,13.9194263
32706,13.920467
32707,13.9221842
32708,13.9228206
32709,13.9240195
32710,13.9256225
32711,13.9258255
32712,13.9285139
32713,13.9301333
32714,13.9327072
32715,13.9345748
32716,13.9367295
32717,13.9388633
32718,13.9399789
32719,13.9426707
32720,13.9455214
32721,13.9470557
32722,13.9490676
32723,13.9505269
32724,13.9521967
32725,13.9531751
32726,13.9548878
32727,13.9567734
32728,13.9593461
32729,13.9616466
32730,13.9629356
32731,13.9649319
32732,13.9665959
32733,13.9677705
32734,13.9689994
32735,13.9701323
32736,13.9719691
32737,13.9734597
32738,13.9741453
32739,13.9761336
32740,13.9772877
32741,13.9786024
32742,13.9804852
32743,13.9822991
32744,13.9828083
32745,13.9835368
32746,13.9846243
32747,13.9858374
32748,13.987209
32749,13.9878038
32750,13.9891754
32751,13.9905424
32752,13.9919485
32753,13.9937358
32754,13.9948158
32755,13.9967055
32756,13.9987251
32757,14.0002025
32758,14.0008775
32759,14.0020255
32760,14.0035656
32761,14.0044915
32762,14.0060339
32763,14.0075837
32764,14.0089055
32765,14.0102263
32766,14.0112049
32767,14.0128963
32768,14.0136258
32769,14.0141741
32770,14.0155778
32771,14.0165022
32772,14.0178027
32773,14.0189941
32774,14.0209484
32775,14.0222165
32776,14.0234803
32777,14.0244706
32778,14.0255956
32779,14.0262222
32780,14.0274103
32781,14.0280646
32782,14.0298028
32783,14.031251
32784,14.0322136
32785,14.0333226
32786,14.0350325
32787,14.0370684
32788,14.0379416
32789,14.0384786
32790,14.0394263
32791,14.0402201
32792,14.0414332
32793,14.0424413
32794,14.04374
32795,14.0449954
32796,14.0459865
32797,14.0467383
32798,14.0480085
32799,14.0491622
32800,14.0504208
32801,14.0514484
32802,14.0522114
32803,14.0529629
32804,14.0540628
32805,14.0546912
32806,14.0569343
32807,14.0576162
32808,14.0591627
32809,14.0603739
32810,14.0620441
32811,14.0629554
32812,14.0642714
32813,14.0648996
32814,14.0663355
32815,14.067689
32816,14.0687453
32817,14.0704608
32818,14.0712134
32819,14.0723082
32820,14.0732476
32821,14.0748584
32822,14.0758881
32823,14.0766443
32824,14.0777331
32825,14.0784307
32826,14.0791816
32827,14.0802155
32828,14.0824668
32829,14.0836006
32830,14.0839126
32831,14.0850878
32832,14.0863613
32833,14.0869865
32834,14.0874161
32835,14.0885519
32836,14.0895761
32837,14.0900157
32838,14.0910568
32839,14.0925318
32840,14.0932549
32841,14.0943303
32842,14.0952519
32843,14.0962729
32844,14.0973891
32845,14.0986903
32846,14.0999939
32847,14.1013773
32848,14.1035095
32849,14.104465
32850,14.1053021
32851,14.1064736
32852,14.1082419
32853,14.1095117
32854,14.1106859
32855,14.1114025
32856,14.1117695
32857,14.1125436
32858,14.1141661
32859,14.114729
32860,14.1164279
32861,14.1175406
32862,14.1186649
32863,14.1198119
32864,14.1204577
32865,14.1216271
32866,14.122303
32867,14.1230269
32868,14.124091
32869,14.1256697
32870,14.1291711
32871,14.1304693
32872,14.131781
32873,14.1323387
32874,14.1331204
32875,14.134468
32876,14.1350676
32877,14.1358388
32878,14.1370552
32879,14.1376709
32880,14.1384459
32881,14.1396329
32882,14.1405129
32883,14.1411882
32884,14.1421993
32885,14.1431668
32886,14.1437536
32887,14.1442452
32888,14.1447378
32889,14.1453832
32890,14.1460914
32891,14.1463477
32892,14.1470108
32893,14.1478441
32894,14.1484846
32895,14.1492114
32896,14.1499351
32897,14.1512218
32898,14.1518858
32899,14.1527724
32900,14.153685
32901,14.1538851
32902,14.1545713
32903,14.1550341
32904,14.1557793
32905,14.1560425
32906,14.1569587
32907,14.1577369
32908,14.1590639
32909,14.1599153
32910,14.160594
32911,14.1609141
32912,14.1614738
32913,14.1622234
32914,14.1635048
32915,14.164448
32916,14.1653181
32917,14.1667593
32918,14.1673628
32919,14.1683905
32920,14.1690353
32921,14.1695573
32922,14.1699103
32923,14.1701037
32924,14.1704132
32925,14.1707803
32926,14.1713042
32927,14.1715197
32928,14.1721676
32929,14.1723792
32930,14.1731983
32931,14.1736267
32932,14.1740412
32933,14.1750235
32934,14.1760573
32935,14.1767042
32936,14.1774281
32937,14.1781437
32938,14.1789083
32939,14.1793848
32940,14.1799629
32941,14.180636
32942,14.1815526
32943,14.1826811
32944,14.1850406
32945,14.1864893
32946,14.1871552
32947,14.1879798
32948,14.188921
32949,14.1895252
32950,14.190752
32951,14.1916474
32952,14.1924975
32953,14.1938592
32954,14.194373
32955,14.1945793
32956,14.1951551
32957,14.195345
32958,14.196262
32959,14.1964895
32960,14.1974041
32961,14.1988149
32962,14.1996406
32963,14.2004828
32964,14.2008736
32965,14.201611
32966,14.2026698
32967,14.2036155
32968,14.2041755
32969,14.2051035
32970,14.2059364
32971,14.2066894
32972,14.2069849
32973,14.2072533
32974,14.2076978
32975,14.2084628
32976,14.2087349
32977,14.2090303
32978,14.2095702
32979,14.209919
32980,14.2103014
32981,14.2110521
32982,14.2116331
32983,14.2120791
32984,14.2128476
32985,14.213772
32986,14.2142906
32987,14.2149935
32988,14.2149935
32989,14.2154794
32990,14.2159921
32991,14.2163984
32992,14.2166356
32993,14.2167065
32994,14.217216
32995,14.2175983
32996,14.2181007
32997,14.2190388
32998,14.2195743
32999,14.2200808
33000,14.2205943
33001,14.2208934
33002,14.221334
33003,14.2214575
33004,14.2218274
33005,14.222355
33006,14.2223898
33007,14.2231885
33008,14.2235246
33009,14.2240954
33010,14.2248142
33011,14.2251593
33012,14.2256205
33013,14.2257768
33014,14.2268956
33015,14.2290631
33016,14.2296689
33017,14.2303049
33018,14.2306336
33019,14.2307442
33020,14.2312917
33021,14.2315339
33022,14.2317619
33023,14.2322329
33024,14.2323424
33025,14.2324908
33026,14.23287
33027,14.2337196
33028,14.2341269
33029,14.2343259
33030,14.2346312
33031,14.2346679
33032,14.2353218
33033,14.2357038
33034,14.2364397
33035,14.2370509
33036,14.2375974
33037,14.2382307
33038,14.2384934
33039,14.2395435
33040,14.2407155
33041,14.2414484
33042,14.2423374
33043,14.2428491
33044,14.2435434
33045,14.243922
33046,14.2440399
33047,14.2449135
33048,14.2455968
33049,14.2457128
33050,14.2459666
33051,14.2464169
33052,14.2467374
33053,14.2470806
33054,14.2470806
33055,14.2474935
33056,14.2477204
33057,14.2485777
33058,14.2490385
33059,14.2492679
33060,14.2497499
33061,14.2502437
33062,14.2509572
33063,14.2511822
33064,14.2515219
33065,14.2518938
33066,14.2524378
33067,14.2524589
33068,14.2529686
33069,14.2532818
33070,14.253772
33071,14.2541159
33072,14.2545892
33073,14.254969
33074,14.2549839
33075,14.2558761
33076,14.2566031
33077,14.2572602
33078,14.2581717
33079,14.2588226
33080,14.2596379
33081,14.2597524
33082,14.2599748
33083,14.2608394
33084,14.2610831
33085,14.262101
33086,14.2626135
33087,14.262643
33088,14.2630002
33089,14.2634848
33090,14.2640027
33091,14.2645024
33092,14.2647506
33093,14.2653659
33094,14.2656494
33095,14.2659168
33096,14.266167
33097,14.2662155
33098,14.2667314
33099,14.2672516
33100,14.2679329
33101,14.2690892
33102,14.269191
33103,14.2701504
33104,14.2705156
33105,14.2710104
33106,14.2714574
33107,14.2721643
33108,14.2733178
33109,14.2734175
33110,14.2735147
33111,14.2738006
33112,14.2741801
33113,14.2747693
33114,14.2751428
33115,14.2754402
33116,14.2758993
33117,14.2761425
33118,14.2761425
33119,14.2764229
33120,14.2767799
33121,14.2768872
33122,14.2772217
33123,14.277718
33124,14.2783721
33125,14.2792
33126,14.279538
33127,14.2797776
33128,14.2798621
33129,14.2807025
33130,14.2810732
33131,14.2824654
33132,14.2827572
33133,14.2833874
33134,14.2834125
33135,14.2836107
33136,14.2842437
33137,14.2846237
33138,14.2849861
33139,14.285596
33140,14.2863495
33141,14.2869664
33142,14.2871796
33143,14.2885903
33144,14.2890194
33145,14.2894436
33146,14.2899112
33147,14.2900931
33148,14.2904073
33149,14.2906665
33150,14.2911289
33151,14.2914718
33152,14.2914718
33153,14.2916679
33154,14.2923083
33155,14.2926627
33156,14.293116
33157,14.2938942
33158,14.2941349
33159,14.2943526
33160,14.2946914
33161,14.2949271
33162,14.2958789
33163,14.2962881
33164,14.2965539
33165,14.297076
33166,14.2972714
33167,14.297725
33168,14.2980337
33169,14.2985741
33170,14.2992238
33171,14.3000171
33172,14.3005575
33173,14.3007666
33174,14.3010164
33175,14.3012426
33176,14.3017475
33177,14.3020206
33178,14.3022151
33179,14.3023961
33180,14.3026284
33181,14.3029295
33182,14.3031821
33183,14.3034641
33184,14.3042289
33185,14.3051833
33186,14.306568
33187,14.3067714
33188,14.3072215
33189,14.3073319
33190,14.3073319
33191,14.3076923
33192,14.3082247
33193,14.3087529
33194,14.3091242
33195,14.3096264
33196,14.3109488
33197,14.3115105
33198,14.31189
33199,14.3122623
33200,14.312434
33201,14.3125305
33202,14.3128947
33203,14.3132365
33204,14.3134463
33205,14.314178
33206,14.3146028
33207,14.3148237
33208,14.3153959
33209,14.3158365
33210,14.3164169
33211,14.3168515
33212,14.3171458
33213,14.3176211
33214,14.3179802
33215,14.3187167
33216,14.3189156
33217,14.3191644
33218,14.3194653
33219,14.3198718
33220,14.3204921
33221,14.3206594
33222,14.3207851
33223,14.3211785
33224,14.3217739
33225,14.3219717
33226,14.3222234
33227,14.3224345
33228,14.3226369
33229,14.3226567
33230,14.3228703
33231,14.3233395
33232,14.3237505
33233,14.3246154
33234,14.3257536
33235,14.3261647
33236,14.3262698
33237,14.3271336
33238,14.3272811
33239,14.3279923
33240,14.3281546
33241,14.3285019
33242,14.3285019
33243,14.329517
33244,14.3298758
33245,14.3308952
33246,14.3311623
33247,14.3311629
33248,14.3319163
33249,14.3324393
33250,14.3329871
33251,14.3336577
33252,14.3346354
33253,14.3359851
33254,14.3366232
33255,14.3377845
33256,14.3382944
33257,14.3389353
33258,14.3394014
33259,14.3408212
33260,14.3426275
33261,14.3432428
33262,14.3447766
33263,14.3465574
33264,14.3480022
33265,14.3486578
33266,14.3494449
33267,14.3506257
33268,14.3512217
33269,14.3520967
33270,14.3526695
33271,14.3537283
33272,14.3554285
33273,14.3575493
33274,14.3583774
33275,14.3602689
33276,14.3612232
33277,14.3626115
33278,14.3638693
33279,14.3645681
33280,14.3653647
33281,14.366715
33282,14.3682112
33283,14.3686772
33284,14.3696899
33285,14.3715518
33286,14.3722817
33287,14.3739769
33288,14.3749846
33289,14.3756744
33290,14.3771012
33291,14.3777355
33292,14.3791011
33293,14.3808947
33294,14.3815744
33295,14.3834384
33296,14.3838176
33297,14.3848678
33298,14.3852891
33299,14.3868699
33300,14.3875771
33301,14.3892534
33302,14.3912527
33303,14.3916733
33304,14.392138
33305,14.3935045
33306,14.394465
33307,14.3953728
33308,14.3960434
33309,14.3983501
33310,14.4013256
33311,14.4030255
33312,14.4035805
33313,14.4056834
33314,14.4063491
33315,14.4084458
33316,14.4090309
33317,14.4114559
33318,14.4121013
33319,14.4130969
33320,14.4134301
33321,14.415069
33322,14.4158587
33323,14.4167756
33324,14.4187931
33325,14.4204952
33326,14.421107
33327,14.4222116
33328,14.4231052
33329,14.4240083
33330,14.4249943
33331,14.4254981
33332,14.4262799
33333,14.4283278
33334,14.4301599
33335,14.4311843
33336,14.4341869
33337,14.4348749
33338,14.435714
33339,14.4361556
33340,14.4375289
33341,14.4381519
33342,14.4390368
33343,14.4399876
33344,14.440392
33345,14.4407099
33346,14.44109
33347,14.4412619
33348,14.4420289
33349,14.4447227
33350,14.4467205
33351,14.4479274
33352,14.4484429
33353,14.4498108
33354,14.4507637
33355,14.451434
33356,14.4527965
33357,14.4534458
33358,14.4540933
33359,14.4547067
33360,14.4562795
33361,14.4568025
33362,14.4571344
33363,14.4588781
33364,14.459214
33365,14.4594784
33366,14.4600871
33367,14.4604233
33368,14.4608158
33369,14.4619685
33370,14.4624666
33371,14.4630496
33372,14.4633292
33373,14.4638554
33374,14.4640796
33375,14.465324
33376,14.4655798
33377,14.4658775
33378,14.4662469
33379,14.4685034
33380,14.4690566
33381,14.4699192
33382,14.4703669
33383,14.4709324
33384,14.4712084
33385,14.4717159
33386,14.4724299
33387,14.4743822
33388,14.4763446
33389,14.4780349
33390,14.4784603
33391,14.4785324
33392,14.4786522
33393,14.478855
33394,14.4795732
33395,14.481248
33396,14.4837213
33397,14.4846019
33398,14.4855901
33399,14.4862339
33400,14.4875566
33401,14.4886072
33402,14.489019
33403,14.489914
33404,14.4904444
33405,14.4915099
33406,14.4920978
33407,14.4928043
33408,14.4936139
33409,14.4938358
33410,14.495019
33411,14.4956681
33412,14.4978973
33413,14.4987801
33414,14.5003135
33415,14.5013337
33416,14.5017691
33417,14.5029849
33418,14.5034851
33419,14.5043486
33420,14.5063689
33421,14.5066181
33422,14.5075848
33423,14.5078516
33424,14.50855
33425,14.5089641
33426,14.5101276
33427,14.5112484
33428,14.5121681
33429,14.5125944
33430,14.5130694
33431,14.5140762
33432,14.5146342
33433,14.5150723
33434,14.5156083
33435,14.5159463
33436,14.5167987
33437,14.5189344
33438,14.5195141
33439,14.5200065
33440,14.5205144
33441,14.520869
33442,14.5215618
33443,14.5220882
33444,14.5227504
33445,14.5237251
33446,14.5240018
33447,14.5247212
33448,14.5266231
33449,14.5276315
33450,14.5280184
33451,14.5286821
33452,14.5295402
33453,14.5303885
33454,14.5306832
33455,14.531203
33456,14.5321057
33457,14.5326928
33458,14.5334204
33459,14.5342527
33460,14.5349813
33461,14.5364971
33462,14.5373543
33463,14.5376818
33464,14.538822
33465,14.5393952
33466,14.5398891
33467,14.5403736
33468,14.5415081
33469,14.5417724
33470,14.5430238
33471,14.543539
33472,14.5455493
33473,14.5488059
33474,14.5501473
33475,14.5509748
33476,14.5518279
33477,14.5523838
33478,14.5538806
33479,14.5548385
33480,14.5550191
33481,14.5561068
33482,14.5564236
33483,14.5570216
33484,14.5572923
33485,14.5583469
33486,14.5592463
33487,14.5597688
33488,14.560252
33489,14.5603793
33490,14.5610949
33491,14.5614106
33492,14.5619099
33493,14.5623414
33494,14.5628228
33495,14.5639325
33496,14.5643447
33497,14.5648875
33498,14.5657439
33499,14.5663113
33500,14.5678839
33501,14.5693903
33502,14.5701573
33503,14.5706395
33504,14.572204
33505,14.5727019
33506,14.5731021
33507,14.5738711
33508,14.5749248
33509,14.5758514
33510,14.576839
33511,14.5775801
33512,14.5785986
33513,14.5798208
33514,14.5806812
33515,14.5813067
33516,14.5817944
33517,14.582363
33518,14.5836921
33519,14.5843158
33520,14.5845818
33521,14.5854626
33522,14.5868699
33523,14.5877611
33524,14.5881414
33525,14.5887938
33526,14.5898844
33527,14.590224
33528,14.59069
33529,14.5914453
33530,14.5917584
33531,14.5926381
33532,14.5931585
33533,14.5934477
33534,14.5943894
33535,14.5952529
33536,14.5967184
33537,14.5973525
33538,14.5977218
33539,14.5984818
33540,14.5992498
33541,14.5997974
33542,14.6008218
33543,14.6038679
33544,14.6052988
33545,14.6061664
33546,14.6076963
33547,14.607787
33548,14.608304
33549,14.6087442
33550,14.6093284
33551,14.6096091
33552,14.6110335
33553,14.6130548
33554,14.6158128
33555,14.6171004
33556,14.6176257
33557,14.618876
33558,14.6191683
33559,14.6195709
33560,14.6204219
33561,14.6207372
33562,14.6221712
33563,14.6232412
33564,14.6234899
33565,14.6242578
33566,14.624812
33567,14.6257646
33568,14.6271584
33569,14.6275023
33570,14.6279494
33571,14.6284917
33572,14.629874
33573,14.6308292
33574,14.6314155
33575,14.6322502
33576,14.6340297
33577,14.6351902
33578,14.6368779
33579,14.6394302
33580,14.6400001
33581,14.640451
33582,14.6411634
33583,14.6421845
33584,14.6459715
33585,14.6467112
33586,14.6470505
33587,14.6479614
33588,14.6500558
33589,14.6509731
33590,14.6512735
33591,14.6523902
33592,14.6531739
33593,14.6553941
33594,14.6558736
33595,14.6565797
33596,14.6593845
33597,14.6603805
33598,14.6608861
33599,14.6614027
33600,14.6621396
33601,14.6648589
33602,14.6651772
33603,14.6668972
33604,14.6680609
33605,14.6683773
33606,14.6689337
33607,14.6695298
33608,14.6697667
33609,14.6701637
33610,14.6706211
33611,14.6710043
33612,14.6714667
33613,14.6726308
33614,14.6736302
33615,14.6744544
33616,14.6749625
33617,14.6760154
33618,14.6769405
33619,14.6771475
33620,14.6780147
33621,14.6782399
33622,14.6789006
33623,14.6796748
33624,14.6801531
33625,14.6808669
33626,14.6815774
33627,14.6820568
33628,14.6827067
33629,14.6830829
33630,14.6838588
33631,14.6843959
33632,14.6849291
33633,14.6855075
33634,14.6859076
33635,14.6862806
33636,14.686837
33637,14.6874179
33638,14.6879057
33639,14.688905
33640,14.6894735
33641,14.6905231
33642,14.6916988
33643,14.6923866
33644,14.6928029
33645,14.6934371
33646,14.6941422
33647,14.6953187
33648,14.6957776
33649,14.6962802
33650,14.6968748
33651,14.6972864
33652,14.6988838
33653,14.7003665
33654,14.7007375
33655,14.701429
33656,14.7020361
33657,14.7024816
33658,14.7029589
33659,14.7040851
33660,14.7045355
33661,14.7050138
33662,14.7052689
33663,14.7055875
33664,14.706157
33665,14.7076413
33666,14.7083309
33667,14.7094828
33668,14.7099103
33669,14.7105355
33670,14.7109791
33671,14.7116839
33672,14.712292
33673,14.7127922
33674,14.7134169
33675,14.7140333
33676,14.714973
33677,14.7156669
33678,14.7161418
33679,14.7171574
33680,14.7185441
33681,14.7194015
33682,14.7196118
33683,14.719839
33684,14.7202797
33685,14.721708
33686,14.7223149
33687,14.7227872
33688,14.7250511
33689,14.7258863
33690,14.7263163
33691,14.7271841
33692,14.7283104
33693,14.7286297
33694,14.7294137
33695,14.730249
33696,14.7305051
33697,14.7332433
33698,14.7336066
33699,14.7341923
33700,14.7346818
33701,14.7358533
33702,14.7362783
33703,14.7381957
33704,14.7384975
33705,14.738871
33706,14.7395093
33707,14.7400359
33708,14.7407348
33709,14.7409515
33710,14.7415119
33711,14.7420148
33712,14.742248
33713,14.7430075
33714,14.743538
33715,14.7437413
33716,14.7440664
33717,14.7444555
33718,14.7449618
33719,14.7452127
33720,14.7454322
33721,14.7460191
33722,14.7465959
33723,14.7477919
33724,14.7484239
33725,14.7497325
33726,14.7505884
33727,14.750913
33728,14.7515741
33729,14.7521502
33730,14.7526678
33731,14.7529624
33732,14.7533538
33733,14.7538451
33734,14.7542441
33735,14.7546272
33736,14.7547979
33737,14.7554204
33738,14.7574506
33739,14.7585866
33740,14.7598028
33741,14.761022
33742,14.7615634
33743,14.7618729
33744,14.7624119
33745,14.7629101
33746,14.7637531
33747,14.7643458
33748,14.7648024
33749,14.7658659
33750,14.7661036
33751,14.7665447
33752,14.7670635
33753,14.7675654
33754,14.7690124
33755,14.7704926
33756,14.7711236
33757,14.7719079
33758,14.7726197
33759,14.773047
33760,14.7737209
33761,14.7743133
33762,14.7747207
33763,14.7755103
33764,14.7759658
33765,14.7764308
33766,14.7765677
33767,14.7772632
33768,14.7773664
33769,14.7777365
33770,14.7780821
33771,14.7782922
33772,14.778917
33773,14.7791789
33774,14.7793739
33775,14.7798073
33776,14.7808213
33777,14.7812882
33778,14.7818397
33779,14.7820404
33780,14.7822952
33781,14.7830296
33782,14.7836134
33783,14.7839553
33784,14.7843457
33785,14.7847748
33786,14.7850219
33787,14.7853412
33788,14.7855968
33789,14.7860438
33790,14.7863006
33791,14.7865563
33792,14.7876706
33793,14.7877857
33794,14.7884618
33795,14.7895612
33796,14.7896196
33797,14.7898923
33798,14.7906305
33799,14.7912462
33800,14.7919589
33801,14.7923726
33802,14.7929323
33803,14.7934397
33804,14.7936782
33805,14.7941697
33806,14.7946695
33807,14.794821
33808,14.7953618
33809,14.7956236
33810,14.7971653
33811,14.7972898
33812,14.7976207
33813,14.7983748
33814,14.7989363
33815,14.7990099
33816,14.8000378
33817,14.8002117
33818,14.8008556
33819,14.8012089
33820,14.8016056
33821,14.8018839
33822,14.8022461
33823,14.802986
33824,14.8031868
33825,14.8034715
33826,14.8037739
33827,14.8043454
33828,14.8047571
33829,14.8051345
33830,14.805723
33831,14.8060988
33832,14.8067948
33833,14.8069746
33834,14.807279
33835,14.8075055
33836,14.8081573
33837,14.8091022
33838,14.8093543
33839,14.8097933
33840,14.8101132
33841,14.811657
33842,14.812284
33843,14.8129607
33844,14.813006
33845,14.8149895
33846,14.8154365
33847,14.8173962
33848,14.817885
33849,14.8188936
33850,14.819352
33851,14.8197632
33852,14.8201749
33853,14.8207205
33854,14.821185
33855,14.8217526
33856,14.8222999
33857,14.8224536
33858,14.8232818
33859,14.8238923
33860,14.8241805
33861,14.8243386
33862,14.8250539
33863,14.8251507
33864,14.82548
33865,14.8259621
33866,14.8264456
33867,14.8267033
33868,14.8267904
33869,14.827012
33870,14.8274139
33871,14.8276544
33872,14.8280023
33873,14.8281993
33874,14.8286494
33875,14.8291596
33876,14.8295683
33877,14.8300162
33878,14.8305111
33879,14.8312076
33880,14.8315434
33881,14.8318286
33882,14.832237
33883,14.8330276
33884,14.834061
33885,14.8344268
33886,14.8353798
33887,14.8358419
33888,14.8361263
33889,14.8368618
33890,14.8369726
33891,14.8372445
33892,14.83755
33893,14.838433
33894,14.8386269
33895,14.8388385
33896,14.8399699
33897,14.8402984
33898,14.8404785
33899,14.8409101
33900,14.8411004
33901,14.8414952
33902,14.8419711
33903,14.8429025
33904,14.8438665
33905,14.8441253
33906,14.8450088
33907,14.8480763
33908,14.8486711
33909,14.8490912
33910,14.8493569
33911,14.8498991
33912,14.8508253
33913,14.8510492
33914,14.8516175
33915,14.8520633
33916,14.8526073
33917,14.8532323
33918,14.853932
33919,14.8560538
33920,14.8567031
33921,14.8572
33922,14.8578505
33923,14.858709
33924,14.8593426
33925,14.8596254
33926,14.8608626
33927,14.861034
33928,14.8614454
33929,14.8617959
33930,14.8620243
33931,14.8623533
33932,14.8626621
33933,14.8629715
33934,14.8632008
33935,14.8634419
33936,14.8645302
33937,14.8646448
33938,14.8648613
33939,14.865006
33940,14.8653097
33941,14.865565
33942,14.8664341
33943,14.8667882
33944,14.866814
33945,14.8674318
33946,14.8676555
33947,14.8679589
33948,14.8687103
33949,14.8687409
33950,14.869801
33951,14.870172
33952,14.8710486
33953,14.8713324
33954,14.8724101
33955,14.8724101
33956,14.8725116
33957,14.8733353
33958,14.8742506
33959,14.8748225
33960,14.8755837
33961,14.8760925
33962,14.8771102
33963,14.8774098
33964,14.8775079
33965,14.8778648
33966,14.8783859
33967,14.8794994
33968,14.8805858
33969,14.8811183
33970,14.8815928
33971,14.8817127
33972,14.8819935
33973,14.8821411
33974,14.8841528
33975,14.8849668
33976,14.8854958
33977,14.886561
33978,14.8881942
33979,14.8884174
33980,14.8894126
33981,14.8900114
33982,14.8901389
33983,14.8903227
33984,14.8904451
33985,14.8916304
33986,14.8919139
33987,14.8924132
33988,14.8928469
33989,14.8937273
33990,14.8944223
33991,14.8947972
33992,14.8955018
33993,14.8959593
33994,14.8966009
33995,14.8971416
33996,14.8978067
33997,14.8983696
33998,14.8985785
33999,14.8987313
34000,14.898966
34001,14.8999327
34002,14.9007201
34003,14.9013592
34004,14.9018455
34005,14.9019974
34006,14.9021291
34007,14.9021672
34008,14.902834
34009,14.9033927
34010,14.9048953
34011,14.9052532
34012,14.9055489
34013,14.9068254
34014,14.9068907
34015,14.9072597
34016,14.9081051
34017,14.9085569
34018,14.9087344
34019,14.9092732
34020,14.910513
34021,14.911805
34022,14.9124524
34023,14.913023
34024,14.9140496
34025,14.9144554
34026,14.9145669
34027,14.9148648
34028,14.9155258
34029,14.9162787
34030,14.9166492
34031,14.9168766
34032,14.917694
34033,14.918005
34034,14.918793
34035,14.9190559
34036,14.9190677
34037,14.9191551
34038,14.9204418
34039,14.9214305
34040,14.9217547
34041,14.9223142
34042,14.9235063
34043,14.9235517
34044,14.9239407
34045,14.9245741
34046,14.9249427
34047,14.9252863
34048,14.9257363
34049,14.9261205
34050,14.9275893
34051,14.9277254
34052,14.9287118
34053,14.9289247
34054,14.9293348
34055,14.929926
34056,14.931526
34057,14.931788
34058,14.9322959
34059,14.9329265
34060,14.9331165
34061,14.9337308
34062,14.9343602
34063,14.9345436
34064,14.9356777
34065,14.9367267
34066,14.9369637
34067,14.9372291
34068,14.9384772
34069,14.938826
34070,14.9395883
34071,14.9396413
34072,14.9399055
34073,14.9407032
34074,14.9416047
34075,14.9424279
34076,14.9433393
34077,14.9433604
34078,14.9440661
34079,14.9444986
34080,14.9451659
34081,14.9464402
34082,14.9471892
34083,14.9479716
34084,14.9483552
34085,14.9484299
34086,14.9488853
34087,14.9496819
34088,14.9499059
34089,14.9508045
34090,14.9511877
34091,14.9522965
34092,14.9532265
34093,14.9547476
34094,14.9577697
34095,14.9580362
34096,14.9583426
34097,14.9586969
34098,14.9593781
34099,14.9597988
34100,14.9610197
34101,14.9612774
34102,14.9623002
34103,14.9637238
34104,14.9653183
34105,14.9664368
34106,14.9667057
34107,14.9671943
34108,14.9678714
34109,14.9682657
34110,14.9686934
34111,14.9690189
34112,14.9691331
34113,14.9693632
34114,14.9699479
34115,14.970524
34116,14.9710282
34117,14.9724741
34118,14.9728082
34119,14.973489
34120,14.9739417
34121,14.9744278
34122,14.9752999
34123,14.9768712
34124,14.9774038
34125,14.9781771
34126,14.9786796
34127,14.9794209
34128,14.9804072
34129,14.9810559
34130,14.9820202
34131,14.9837043
34132,14.9839422
34133,14.9870465
34134,14.9895929
34135,14.9901146
34136,14.9907509
34137,14.9924231
34138,14.9927321
34139,14.9930696
34140,14.9940916
34141,14.994824
34142,14.9953985
34143,14.9961674
34144,14.9973261
34145,14.9977103
34146,14.9985014
34147,14.9990308
34148,14.9997887
34149,15.0002929
34150,15.0005753
34151,15.0005753
34152,15.0010308
34153,15.0019531
34154,15.0022374
34155,15.0031744
34156,15.0073536
34157,15.007816
34158,15.0082948
34159,15.0086009
34160,15.009156
34161,15.0094043
34162,15.0100251
34163,15.0116131
34164,15.0123574
34165,15.0135418
34166,15.0149373
34167,15.0166402
34168,15.0178402
34169,15.020834
34170,15.0213879
34171,15.023625
34172,15.0240435
34173,15.0251676
34174,15.0261962
34175,15.0269236
34176,15.0277509
34177,15.0284819
34178,15.0288354
34179,15.0289634
34180,15.0291593
34181,15.0298211
34182,15.0321627
34183,15.03333
34184,15.0334371
34185,15.0340991
34186,15.0345459
34187,15.0349659
34188,15.0361933
34189,15.0368001
34190,15.0376832
34191,15.0405166
34192,15.0424236
34193,15.0435199
34194,15.0439466
34195,15.0445532
34196,15.0454222
34197,15.0457594
34198,15.0461727
34199,15.0463981
34200,15.0474485
34201,15.0485752
34202,15.048923
34203,15.0492417
34204,15.0504662
34205,15.0511773
34206,15.0514093
34207,15.0520549
34208,15.053437
34209,15.0546981
34210,15.055909
34211,15.0561861
34212,15.0573789
34213,15.0579727
34214,15.0621567
34215,15.0629434
34216,15.0634964
34217,15.0642044
34218,15.0642044
34219,15.065003
34220,15.065439
34221,15.0674146
34222,15.0677619
34223,15.0677619
34224,15.0683029
34225,15.0689534
34226,15.0695142
34227,15.0697669
34228,15.0700423
34229,15.0705184
34230,15.0716973
34231,15.0721656
34232,15.0729089
34233,15.0733233
34234,15.0738665
34235,15.0742835
34236,15.0746026
34237,15.0765162
34238,15.0769456
34239,15.0771347
34240,15.0775772
34241,15.078145
34242,15.0788653
34243,15.0793271
34244,15.0798703
34245,15.0804723
34246,15.0808746
34247,15.0810968
34248,15.0811102
34249,15.0812125
34250,15.0817325
34251,15.0826042
34252,15.0827817
34253,15.0829339
34254,15.0830914
34255,15.0832875
34256,15.0834968
34257,15.0836834
34258,15.0847469
34259,15.0855226
34260,15.0860542
34261,15.088683
34262,15.0896874
34263,15.0905105
34264,15.090897
34265,15.0913419
34266,15.0915484
34267,15.0921575
34268,15.0927949
34269,15.0932799
34270,15.0934654
34271,15.0943499
34272,15.0948394
34273,15.0957881
34274,15.0962304
34275,15.0966063
34276,15.0972321
34277,15.097554
34278,15.0982763
34279,15.1006031
34280,15.1010212
34281,15.1023854
34282,15.1037461
34283,15.1069024
34284,15.1102866
34285,15.1116909
34286,15.1125296
34287,15.113138
34288,15.113528
34289,15.1138367
34290,15.1145328
34291,15.1150736
34292,15.1152409
34293,15.1158882
34294,15.1160702
34295,15.1167401
34296,15.1173594
34297,15.1186265
34298,15.1197231
34299,15.1206866
34300,15.1214975
34301,15.1234311
34302,15.1269341
34303,15.1275962
34304,15.1279858
34305,15.1288129
34306,15.1295484
34307,15.1297948
34308,15.13092
34309,15.1316753
34310,15.1318619
34311,15.1328737
34312,15.133655
34313,15.133755
34314,15.1344403
34315,15.1347157
34316,15.1348296
34317,15.1350571
34318,15.1360554
34319,15.1366559
34320,15.1367669
34321,15.138063
34322,15.1384882
34323,15.1389771
34324,15.1392749
34325,15.1397091
34326,15.1403178
34327,15.1405613
34328,15.1414839
34329,15.1422807
34330,15.1427518
34331,15.1445055
34332,15.1455215
34333,15.1460459
34334,15.1462262
34335,15.1481736
34336,15.1485167
34337,15.1490227
34338,15.1494019
34339,15.150598
34340,15.1509054
34341,15.1515928
34342,15.1529234
34343,15.1544445
34344,15.1556788
34345,15.1564159
34346,15.1566972
34347,15.1570052
34348,15.1582989
34349,15.158461
34350,15.1589069
34351,15.159051
34352,15.159656
34353,15.1608662
34354,15.1622732
34355,15.1636349
34356,15.1638957
34357,15.1653011
34358,15.1656125
34359,15.1666285
34360,15.1672563
34361,15.1675341
34362,15.1680351
34363,15.1683639
34364,15.1696186
34365,15.1702839
34366,15.1707752
34367,15.171401
34368,15.1719805
34369,15.1726097
34370,15.1728124
34371,15.1731317
34372,15.1734103
34373,15.1743243
34374,15.1747506
34375,15.1752872
34376,15.1752872
34377,15.1754637
34378,15.1758385
34379,15.1765766
34380,15.1769409
34381,15.1778794
34382,15.1785967
34383,15.1790886
34384,15.1793674
34385,15.1802035
34386,15.1813552
34387,15.1815415
34388,15.1816296
34389,15.1820159
34390,15.1829688
34391,15.1841714
34392,15.1848383
34393,15.1852274
34394,15.1853869
34395,15.1855197
34396,15.1859872
34397,15.1868061
34398,15.1871588
34399,15.1873527
34400,15.1875923
34401,15.18828
34402,15.188763
34403,15.190837
34404,15.1915251
34405,15.1935412
34406,15.1945216
34407,15.1958311
34408,15.197137
34409,15.1976189
34410,15.1979944
34411,15.1979944
34412,15.1979944
34413,15.198287
34414,15.1987655
34415,15.1989423
34416,15.2001879
34417,15.2002851
34418,15.201329
34419,15.2018102
34420,15.2018647
34421,15.2027735
34422,15.2032293
34423,15.2038042
34424,15.2039893
34425,15.2040388
34426,15.2040388
34427,15.2043785
34428,15.2044084
34429,15.2044756
34430,15.2047262
34431,15.2050923
34432,15.2069875
34433,15.2070349
34434,15.2075145
34435,15.209238
34436,15.2092828
34437,15.2098249
34438,15.2100977
34439,15.2105617
34440,15.2113256
34441,15.2118579
34442,15.2122732
34443,15.21263
34444,15.2131159
34445,15.2133813
34446,15.2134776
34447,15.2138619
34448,15.2144143
34449,15.214717
34450,15.214717
34451,15.2148448
34452,15.2153117
34453,15.2160824
34454,15.2170204
34455,15.2170455
34456,15.2173762
34457,15.2175327
34458,15.2176578
34459,15.2179696
34460,15.2180172
34461,15.2184285
34462,15.2187322
34463,15.219421
34464,15.2197961
34465,15.2201052
34466,15.2204424
34467,15.2208209
34468,15.2217095
34469,15.2217095
34470,15.2217095
34471,15.2218453
34472,15.2219872
34473,15.2220356
34474,15.2220737
34475,15.2221912
34476,15.2224276
34477,15.222582
34478,15.2227258
34479,15.2233318
34480,15.2237874
34481,15.2241287
34482,15.2241888
34483,15.2243204
34484,15.2247198
34485,15.2249978
34486,15.226191
34487,15.2273474
34488,15.2276524
34489,15.2278935
34490,15.2286756
34491,15.2293259
34492,15.2293259
34493,15.2296454
34494,15.2307914
34495,15.2319548
34496,15.2319609
34497,15.2331466
34498,15.2332937
34499,15.2334043
34500,15.2338798
34501,15.2350348
34502,15.2352506
34503,15.2355553
34504,15.2358699
34505,15.2365769
34506,15.2365769
34507,15.2370008
34508,15.2370008
34509,15.2370008
34510,15.2379965
34511,15.2401324
34512,15.2401324
34513,15.2407208
34514,15.2408394
34515,15.240938
34516,15.2411797
34517,15.2414106
34518,15.2415855
34519,15.2425135
34520,15.2425427
34521,15.2425623
34522,15.2426921
34523,15.2428661
34524,15.2429466
34525,15.2434539
34526,15.2435287
34527,15.2438735
34528,15.2439011
34529,15.2445255
34530,15.2448142
34531,15.2448951
34532,15.2452247
34533,15.2461584
34534,15.247083
34535,15.2470906
34536,15.2478703
34537,15.2478859
34538,15.2480117
34539,15.2488966
34540,15.249603
34541,15.2511727
34542,15.2512928
34543,15.2523303
34544,15.2536886
34545,15.2537474
34546,15.2539969
34547,15.2548828
34548,15.2558654
34549,15.256454
34550,15.2571672
34551,15.2588751
34552,15.2588751
34553,15.2589737
34554,15.2598759
34555,15.2609655
34556,15.2612466
34557,15.2613957
34558,15.2620334
34559,15.2630197
34560,15.263473
34561,15.2640834
34562,15.2644945
34563,15.2655362
34564,15.265992
34565,15.2663418
34566,15.2670914
34567,15.2671909
34568,15.2673076
34569,15.2673076
34570,15.2675768
34571,15.2675768
34572,15.2676032
34573,15.2676032
34574,15.267992
34575,15.2683482
34576,15.2685967
34577,15.2686878
34578,15.2688894
34579,15.2693087
34580,15.2694003
34581,15.2694003
34582,15.2696276
34583,15.2702023
34584,15.2704628
34585,15.2713272
34586,15.2713819
34587,15.2716391
34588,15.2724077
34589,15.2726549
34590,15.2726549
34591,15.2728406
34592,15.2728531
34593,15.2731969
34594,15.2741259
34595,15.2745017
34596,15.2747303
34597,15.274849
34598,15.2753689
34599,15.2761977
34600,15.2763694
34601,15.2765556
34602,15.2765556
34603,15.2765556
34604,15.2769801
34605,15.2772548
34606,15.277335
34607,15.2774511
34608,15.2774768
34609,15.2775923
34610,15.2776801
34611,15.2776801
34612,15.2779541
34613,15.2786849
34614,15.2791771
34615,15.2794892
34616,15.2798025
34617,15.2806746
34618,15.2811298
34619,15.2811899
34620,15.2814064
34621,15.2817479
34622,15.282171
34623,15.282782
34624,15.2830625
34625,15.2833231
34626,15.2839427
34627,15.2843475
34628,15.285664
34629,15.2862004
34630,15.2865193
34631,15.2868172
34632,15.286986
34633,15.2874241
34634,15.2878096
34635,15.2878232
34636,15.2878232
34637,15.2888278
34638,15.2890625
34639,15.2897404
34640,15.2904261
34641,15.2909596
34642,15.2914278
34643,15.2916782
34644,15.2921508
34645,15.2927328
34646,15.292936
34647,15.294165
34648,15.2944738
34649,15.2951009
34650,15.2951785
34651,15.295613
34652,15.2956178
34653,15.2959118
34654,15.2964709
34655,15.2966926
34656,15.2968815
34657,15.2968815
34658,15.2969974
34659,15.2977134
34660,15.298021
34661,15.2987596
34662,15.2987596
34663,15.2990271
34664,15.299145
34665,15.2999958
34666,15.3004482
34667,15.30067
34668,15.3015871
34669,15.3016304
34670,15.3023695
34671,15.3028628
34672,15.3032164
34673,15.3032529
34674,15.3041683
34675,15.3041683
34676,15.3041683
34677,15.304391
34678,15.3052365
34679,15.3053357
34680,15.3055705
34681,15.3058074
34682,15.3065202
34683,15.3067534
34684,15.3071146
34685,15.3078909
34686,15.3086437
34687,15.3096034
34688,15.3099598
34689,15.3099598
34690,15.310186
34691,15.3102852
34692,15.3106791
34693,15.3121692
34694,15.3146582
34695,15.3146582
34696,15.3146582
34697,15.3149695
34698,15.3156996
34699,15.3157566
34700,15.316125
34701,15.3162884
34702,15.3165235
34703,15.3166596
34704,15.3180836
34705,15.3184774
34706,15.3188394
34707,15.3190007
34708,15.3202802
34709,15.3209371
34710,15.3210275
34711,15.3210318
34712,15.3222497
34713,15.3226172
34714,15.3227193
34715,15.3227193
34716,15.3236487
34717,15.3238596
34718,15.3245064
34719,15.3250584
34720,15.3254402
34721,15.3260442
34722,15.3263065
34723,15.3272116
34724,15.3281416
34725,15.3288968
34726,15.3293309
34727,15.3294044
34728,15.3294696
34729,15.329617
34730,15.3303141
34731,15.3307799
34732,15.3310454
34733,15.3317994
34734,15.3322498
34735,15.3330438
34736,15.3338412
34737,15.3339604
34738,15.3350615
34739,15.3353509
34740,15.3355653
34741,15.3356909
34742,15.3363863
34743,15.3370501
34744,15.3375361
34745,15.338244
34746,15.3387848
34747,15.3392313
34748,15.3396332
34749,15.3397997
34750,15.3403614
34751,15.3405614
34752,15.3408455
34753,15.3416355
34754,15.341981
34755,15.3420062
34756,15.3436926
34757,15.3446919
34758,15.3451151
34759,15.3452816
34760,15.345486
34761,15.3460938
34762,15.346658
34763,15.3475209
34764,15.3481136
34765,15.3483635
34766,15.348783
34767,15.3496161
34768,15.3498643
34769,15.3502423
34770,15.350283
34771,15.3508088
34772,15.3512961
34773,15.3520977
34774,15.352961
34775,15.3534885
34776,15.3540623
34777,15.3547916
34778,15.3549983
34779,15.3551718
34780,15.3557112
34781,15.3557112
34782,15.3562689
34783,15.3563405
34784,15.3565857
34785,15.3567238
34786,15.3570991
34787,15.3571927
34788,15.3581885
34789,15.359024
34790,15.3594172
34791,15.3598575
34792,15.3607518
34793,15.361254
34794,15.3613944
34795,15.3619216
34796,15.3625143
34797,15.3629742
34798,15.3643325
34799,15.3656599
34800,15.366179
34801,15.3668205
34802,15.3668205
34803,15.3680443
34804,15.3684434
34805,15.3698049
34806,15.3703088
34807,15.3707079
34808,15.3710585
34809,15.3720663
34810,15.3722187
34811,15.3724411
34812,15.3724871
34813,15.372699
34814,15.3737199
34815,15.3737358
34816,15.3741968
34817,15.3742567
34818,15.3748845
34819,15.3752425
34820,15.3761278
34821,15.3765394
34822,15.3769844
34823,15.377043
34824,15.377121
34825,15.3778647
34826,15.3780123
34827,15.3784262
34828,15.3784262
34829,15.3787097
34830,15.3796542
34831,15.3802854
34832,15.3807095
34833,15.3815455
34834,15.381902
34835,15.382307
34836,15.3827964
34837,15.383278
34838,15.3836186
34839,15.3840789
34840,15.3847362
34841,15.3847901
34842,15.3849042
34843,15.3851758
34844,15.3855867
34845,15.3860584
34846,15.386587
34847,15.3867048
34848,15.3871045
34849,15.3872629
34850,15.3873174
34851,15.3876594
34852,15.3881184
34853,15.3884249
34854,15.3888555
34855,15.3889335
34856,15.3891728
34857,15.389979
34858,15.3902285
34859,15.3910651
34860,15.3913427
34861,15.3915261
34862,15.3919953
34863,15.392209
34864,15.3924175
34865,15.3932439
34866,15.3945736
34867,15.3949611
34868,15.3953417
34869,15.3957958
34870,15.3964215
34871,15.3977266
34872,15.3983398
34873,15.3994514
34874,15.3994514
34875,15.4000548
34876,15.4000933
34877,15.4000933
34878,15.4005462
34879,15.4006812
34880,15.4014054
34881,15.4016253
34882,15.4020263
34883,15.4020263
34884,15.4024792
34885,15.4026545
34886,15.4032695
34887,15.403806
34888,15.4047033
34889,15.4048297
34890,15.4057811
34891,15.4059778
34892,15.4063651
34893,15.4066023
34894,15.4069653
34895,15.4073288
34896,15.4077895
34897,15.4091357
34898,15.4094768
34899,15.4103965
34900,15.4105823
34901,15.4108154
34902,15.4115049
34903,15.412204
34904,15.4127671
34905,15.413151
34906,15.414301
34907,15.4145104
34908,15.4151643
34909,15.4151643
34910,15.4156861
34911,15.4164846
34912,15.4178742
34913,15.4194426
34914,15.4195111
34915,15.4199049
34916,15.4206425
34917,15.4212001
34918,15.4213629
34919,15.4220672
34920,15.4225672
34921,15.4236542
34922,15.4238576
34923,15.4250389
34924,15.4260885
34925,15.4267575
34926,15.4273358
34927,15.4279318
34928,15.428815
34929,15.4298108
34930,15.4310492
34931,15.4326627
34932,15.4333031
34933,15.4342412
34934,15.4353553
34935,15.4359653
34936,15.4361255
34937,15.4376147
34938,15.4377962
34939,15.4381076
34940,15.4390519
34941,15.4402994
34942,15.4412198
34943,15.4417736
34944,15.4426393
34945,15.4426393
34946,15.4432935
34947,15.4438782
34948,15.4440657
34949,15.4442448
34950,15.4443485
34951,15.4447183
34952,15.4454484
34953,15.4454759
34954,15.4463371
34955,15.4466767
34956,15.4472385
34957,15.4475035
34958,15.4479887
34959,15.448452
34960,15.4490564
34961,15.4499926
34962,15.4509207
34963,15.4512697
34964,15.4521309
34965,15.4523688
34966,15.4527574
34967,15.4533088
34968,15.453524
34969,15.4538591
34970,15.4545266
34971,15.4553295
34972,15.4557772
34973,15.4563036
34974,15.4565006
34975,15.4566754
34976,15.4569783
34977,15.457515
34978,15.4580459
34979,15.4584391
34980,15.4591515
34981,15.4598954
34982,15.4606394
34983,15.4614075
34984,15.4625998
34985,15.4628633
34986,15.4630864
34987,15.4630864
34988,15.4640434
34989,15.4642031
34990,15.4645643
34991,15.4645643
34992,15.4650686
34993,15.4656369
34994,15.4660858
34995,15.4663062
34996,15.4664963
34997,15.4668261
34998,15.4674092
34999,15.46783
35000,15.4680165
35001,15.4685877
35002,15.4690776
35003,15.4701741
35004,15.4720225
35005,15.4736822
35006,15.474138
35007,15.4744914
35008,15.4754895
35009,15.4762943
35010,15.4767931
35011,15.4773676
35012,15.4778324
35013,15.4783186
35014,15.4786697
35015,15.4792503
35016,15.4803208
35017,15.4805863
35018,15.4819895
35019,15.482563
35020,15.4828567
35021,15.4832127
35022,15.4835566
35023,15.484084
35024,15.4844318
35025,15.4847397
35026,15.4851039
35027,15.4854847
35028,15.4866298
35029,15.4876408
35030,15.4881103
35031,15.4887224
35032,15.4889193
35033,15.4889193
35034,15.4893836
35035,15.4897836
35036,15.4901013
35037,15.4910396
35038,15.4915762
35039,15.4919419
35040,15.4932232
35041,15.4935455
35042,15.4942779
35043,15.4944903
35044,15.4945706
35045,15.4950851
35046,15.4955453
35047,15.4960355
35048,15.4962277
35049,15.4971646
35050,15.4974253
35051,15.4975666
35052,15.4975666
35053,15.4984748
35054,15.4995756
35055,15.4997958
35056,15.5002979
35057,15.5003831
35058,15.5007217
35059,15.5010845
35060,15.5018131
35061,15.5024129
35062,15.5027402
35063,15.5032039
35064,15.5038511
35065,15.504029
35066,15.504537
35067,15.5047764
35068,15.504952
35069,15.5054302
35070,15.5058539
35071,15.5064764
35072,15.5066196
35073,15.5072676
35074,15.5075086
35075,15.5079362
35076,15.5085687
35077,15.509109
35078,15.5093642
35079,15.5095661
35080,15.5098087
35081,15.5100241
35082,15.5109299
35083,15.511274
35084,15.5117707
35085,15.5121057
35086,15.5124131
35087,15.5135513
35088,15.5143588
35089,15.5152167
35090,15.5163729
35091,15.517161
35092,15.5178006
35093,15.5182821
35094,15.5185604
35095,15.5192484
35096,15.5204253
35097,15.5211691
35098,15.5215843
35099,15.5220996
35100,15.5222393
35101,15.5228311
35102,15.5228534
35103,15.523801
35104,15.524171
35105,15.525458
35106,15.5263658
35107,15.527014
35108,15.5273776
35109,15.5276867
35110,15.5279575
35111,15.528517
35112,15.5287187
35113,15.5295615
35114,15.5306574
35115,15.5320425
35116,15.532928
35117,15.5334463
35118,15.5342143
35119,15.5345974
35120,15.5350518
35121,15.5362353
35122,15.5368726
35123,15.5373331
35124,15.5377835
35125,15.5381069
35126,15.5388479
35127,15.5389423
35128,15.539016
35129,15.5391633
35130,15.5395452
35131,15.5401038
35132,15.5407655
35133,15.5410934
35134,15.5419981
35135,15.5427568
35136,15.543067
35137,15.5431773
35138,15.5440966
35139,15.5442246
35140,15.5453774
35141,15.5460928
35142,15.5472845
35143,15.548319
35144,15.5488911
35145,15.5492342
35146,15.5503503
35147,15.5509105
35148,15.5514878
35149,15.5520871
35150,15.5528204
35151,15.5533332
35152,15.5536977
35153,15.5539882
35154,15.5551711
35155,15.5558864
35156,15.556848
35157,15.5584337
35158,15.5595978
35159,15.5605484
35160,15.5613564
35161,15.5619262
35162,15.5634874
35163,15.5637798
35164,15.5638235
35165,15.5642603
35166,15.5656464
35167,15.566528
35168,15.5670844
35169,15.5676605
35170,15.5686908
35171,15.5697008
35172,15.5701643
35173,15.5706303
35174,15.571627
35175,15.5721802
35176,15.5731788
35177,15.5736003
35178,15.5739116
35179,15.5745455
35180,15.574768
35181,15.5752253
35182,15.5761907
35183,15.5769801
35184,15.5772365
35185,15.5787466
35186,15.5803216
35187,15.5812816
35188,15.5819544
35189,15.5824393
35190,15.5834395
35191,15.5841876
35192,15.5849447
35193,15.5854399
35194,15.5859643
35195,15.5865219
35196,15.5868752
35197,15.5871613
35198,15.5880541
35199,15.5883665
35200,15.5892912
35201,15.5903671
35202,15.5908636
35203,15.5914354
35204,15.5927457
35205,15.5932459
35206,15.5935828
35207,15.5940788
35208,15.5956242
35209,15.5967655
35210,15.5975949
35211,15.5981161
35212,15.5985844
35213,15.5997196
35214,15.6013352
35215,15.6017094
35216,15.6021164
35217,15.6029459
35218,15.6035039
35219,15.6042859
35220,15.6046694
35221,15.6054589
35222,15.6061693
35223,15.6065834
35224,15.6070639
35225,15.607873
35226,15.6081133
35227,15.6088131
35228,15.609285
35229,15.6098131
35230,15.6111044
35231,15.6116724
35232,15.6122757
35233,15.6126324
35234,15.6131416
35235,15.6134106
35236,15.6141168
35237,15.6144888
35238,15.615243
35239,15.616008
35240,15.616842
35241,15.6174645
35242,15.6179161
35243,15.6185792
35244,15.6191998
35245,15.6198958
35246,15.62042
35247,15.6213547
35248,15.6217429
35249,15.6219763
35250,15.6225626
35251,15.6234549
35252,15.6237434
35253,15.624479
35254,15.6247258
35255,15.6257915
35256,15.6264175
35257,15.627257
35258,15.6274499
35259,15.6292013
35260,15.6303863
35261,15.6312055
35262,15.6318964
35263,15.6326348
35264,15.633202
35265,15.6344168
35266,15.635195
35267,15.6355007
35268,15.6361517
35269,15.6366982
35270,15.6369606
35271,15.6374894
35272,15.6381417
35273,15.6388446
35274,15.6397027
35275,15.6404512
35276,15.6414252
35277,15.6415736
35278,15.6422088
35279,15.6428306
35280,15.6431861
35281,15.6434555
35282,15.6437802
35283,15.6442411
35284,15.6452455
35285,15.6464105
35286,15.6467915
35287,15.6472371
35288,15.6478588
35289,15.6484091
35290,15.6497164
35291,15.6506878
35292,15.6512822
35293,15.652113
35294,15.6526073
35295,15.6531825
35296,15.6537932
35297,15.6543935
35298,15.6545932
35299,15.6552322
35300,15.6556988
35301,15.6561454
35302,15.6568194
35303,15.6573162
35304,15.6576813
35305,15.6580005
35306,15.658276
35307,15.6598868
35308,15.6602114
35309,15.660583
35310,15.6608166
35311,15.6618368
35312,15.6627205
35313,15.6633803
35314,15.6636223
35315,15.6650394
35316,15.6658772
35317,15.666517
35318,15.6675601
35319,15.6685964
35320,15.669022
35321,15.6695135
35322,15.6697396
35323,15.670901
35324,15.6721024
35325,15.6731386
35326,15.6741628
35327,15.6765184
35328,15.6776885
35329,15.6788249
35330,15.6792055
35331,15.679839
35332,15.6803019
35333,15.6810271
35334,15.6817411
35335,15.6825518
35336,15.6830775
35337,15.6835698
35338,15.6846234
35339,15.6852871
35340,15.6859374
35341,15.6864902
35342,15.6870248
35343,15.6885317
35344,15.6894587
35345,15.6903532
35346,15.6912018
35347,15.6924447
35348,15.6930819
35349,15.6940294
35350,15.6947762
35351,15.6962631
35352,15.6966831
35353,15.6975633
35354,15.6978495
35355,15.6986958
35356,15.6995717
35357,15.7007077
35358,15.7019084
35359,15.7027861
35360,15.7031984
35361,15.7038064
35362,15.7041207
35363,15.7046196
35364,15.7056656
35365,15.7062844
35366,15.7066054
35367,15.7075639
35368,15.7080931
35369,15.7095425
35370,15.7102947
35371,15.7106969
35372,15.7116419
35373,15.7134732
35374,15.7139207
35375,15.7143312
35376,15.714723
35377,15.7151346
35378,15.7156734
35379,15.7164269
35380,15.7176168
35381,15.71883
35382,15.7191381
35383,15.7202037
35384,15.7218399
35385,15.7227217
35386,15.7237991
35387,15.7246024
35388,15.7254512
35389,15.7259294
35390,15.7264805
35391,15.7268512
35392,15.7271049
35393,15.7277568
35394,15.7285022
35395,15.7300397
35396,15.7312426
35397,15.7320454
35398,15.7336378
35399,15.7347516
35400,15.7354393
35401,15.7366622
35402,15.7377918
35403,15.739624
35404,15.7403716
35405,15.7422003
35406,15.7425978
35407,15.7439955
35408,15.7444469
35409,15.7449571
35410,15.7455864
35411,15.7458985
35412,15.7468014
35413,15.7474734
35414,15.7482065
35415,15.7490068
35416,15.7494222
35417,15.7498128
35418,15.7501319
35419,15.7506615
35420,15.7513393
35421,15.7519565
35422,15.7539914
35423,15.7550618
35424,15.7556196
35425,15.7563846
35426,15.7571038
35427,15.7576944
35428,15.7583502
35429,15.7587213
35430,15.7595233
35431,15.759924
35432,15.7604963
35433,15.7608038
35434,15.7617803
35435,15.7622862
35436,15.7627135
35437,15.763189
35438,15.7634408
35439,15.7642627
35440,15.7648823
35441,15.7653773
35442,15.7657765
35443,15.7671268
35444,15.7679016
35445,15.7689294
35446,15.7695927
35447,15.7706181
35448,15.7715849
35449,15.7723804
35450,15.7728458
35451,15.7735499
35452,15.7739125
35453,15.774488
35454,15.7757863
35455,15.776093
35456,15.7762805
35457,15.7768474
35458,15.7774721
35459,15.7778897
35460,15.7783847
35461,15.7791119
35462,15.7804727
35463,15.7811514
35464,15.7817665
35465,15.7822045
35466,15.7828136
35467,15.7832927
35468,15.7838531
35469,15.7846609
35470,15.7864317
35471,15.7871958
35472,15.7882425
35473,15.7886268
35474,15.7898153
35475,15.7905148
35476,15.7913138
35477,15.7917828
35478,15.7926671
35479,15.793427
35480,15.7936856
35481,15.7942587
35482,15.7946352
35483,15.795096
35484,15.7953603
35485,15.7960336
35486,15.796356
35487,15.7974824
35488,15.7979252
35489,15.7991076
35490,15.7998175
35491,15.8004103
35492,15.8010436
35493,15.8015432
35494,15.8018217
35495,15.8023848
35496,15.8031053
35497,15.8037924
35498,15.8050604
35499,15.8058005
35500,15.8061916
35501,15.8074398
35502,15.8077861
35503,15.8079438
35504,15.809876
35505,15.8104943
35506,15.8110294
35507,15.8115141
35508,15.8120601
35509,15.8128199
35510,15.8135505
35511,15.8142931
35512,15.8155884
35513,15.8163558
35514,15.8166843
35515,15.8174949
35516,15.818315
35517,15.8188861
35518,15.8191444
35519,15.820261
35520,15.8206156
35521,15.8215085
35522,15.8225001
35523,15.8234164
35524,15.8238667
35525,15.8243771
35526,15.8250605
35527,15.8255042
35528,15.8261475
35529,15.8276645
35530,15.8284731
35531,15.829807
35532,15.8310906
35533,15.8318318
35534,15.8325799
35535,15.8331659
35536,15.8334914
35537,15.8342278
35538,15.8345774
35539,15.8348833
35540,15.8354304
35541,15.8362238
35542,15.837647
35543,15.8385943
35544,15.8391611
35545,15.8399809
35546,15.8408397
35547,15.8411579
35548,15.8417525
35549,15.8440671
35550,15.8446694
35551,15.846184
35552,15.8465306
35553,15.8468481
35554,15.8471826
35555,15.8476905
35556,15.8486049
35557,15.8511462
35558,15.8519697
35559,15.8528144
35560,15.8534995
35561,15.8544422
35562,15.8550923
35563,15.8562496
35564,15.8570425
35565,15.8575687
35566,15.8579373
35567,15.8587055
35568,15.859149
35569,15.8597121
35570,15.8605038
35571,15.8611483
35572,15.8614136
35573,15.8629724
35574,15.864227
35575,15.8664161
35576,15.8675229
35577,15.8679216
35578,15.8686235
35579,15.8698458
35580,15.8700811
35581,15.8705486
35582,15.8710288
35583,15.8719488
35584,15.8727295
35585,15.8731951
35586,15.8746089
35587,15.876042
35588,15.8777186
35589,15.8789273
35590,15.8791874
35591,15.8794673
35592,15.8803877
35593,15.8808378
35594,15.8815747
35595,15.8824424
35596,15.8826838
35597,15.882933
35598,15.8842911
35599,15.8848373
35600,15.8854265
35601,15.8861351
35602,15.8868267
35603,15.8870311
35604,15.8878217
35605,15.888746
35606,15.8892429
35607,15.8900132
35608,15.8905559
35609,15.8911473
35610,15.8917318
35611,15.8923732
35612,15.8929231
35613,15.8944097
35614,15.894673
35615,15.8963535
35616,15.8971919
35617,15.8983098
35618,15.8995723
35619,15.900443
35620,15.9011064
35621,15.9013919
35622,15.9022916
35623,15.902493
35624,15.9027916
35625,15.9030594
35626,15.9036173
35627,15.9038679
35628,15.9049809
35629,15.9053729
35630,15.9060704
35631,15.9066064
35632,15.9077555
35633,15.9083542
35634,15.909133
35635,15.9094811
35636,15.9104462
35637,15.9114915
35638,15.9122737
35639,15.9130341
35640,15.9138546
35641,15.9143773
35642,15.9153042
35643,15.915611
35644,15.916725
35645,15.917018
35646,15.917538
35647,15.9194024
35648,15.9203594
35649,15.9204452
35650,15.9213935
35651,15.9221328
35652,15.9224616
35653,15.9230932
35654,15.9235853
35655,15.9244437
35656,15.9250685
35657,15.9254933
35658,15.9258622
35659,15.9261037
35660,15.926516
35661,15.9267947
35662,15.9275024
35663,15.9289466
35664,15.9296691
35665,15.9301562
35666,15.931892
35667,15.9336738
35668,15.9344513
35669,15.9360156
35670,15.9380218
35671,15.9399367
35672,15.941173
35673,15.9421901
35674,15.9424029
35675,15.9432968
35676,15.9448399
35677,15.945085
35678,15.9459914
35679,15.9462561
35680,15.9467585
35681,15.947271
35682,15.9486131
35683,15.949836
35684,15.9508359
35685,15.9515739
35686,15.9519863
35687,15.9523337
35688,15.9531296
35689,15.9537407
35690,15.9543773
35691,15.955412
35692,15.9559025
35693,15.9564238
35694,15.9569526
35695,15.9571885
35696,15.9579723
35697,15.9582322
35698,15.9584729
35699,15.958816
35700,15.9594787
35701,15.9602389
35702,15.9608195
35703,15.9611531
35704,15.961319
35705,15.9621532
35706,15.9624766
35707,15.9627076
35708,15.9632768
35709,15.9638274
35710,15.9647131
35711,15.9650659
35712,15.9656355
35713,15.9662965
35714,15.9666652
35715,15.9677521
35716,15.9682289
35717,15.968845
35718,15.969981
35719,15.970498
35720,15.9711782
35721,15.9714311
35722,15.9721136
35723,15.9721626
35724,15.9726306
35725,15.9731809
35726,15.9739399
35727,15.9744701
35728,15.9749952
35729,15.9753803
35730,15.9758205
35731,15.9774864
35732,15.9779088
35733,15.9785656
35734,15.9792889
35735,15.9801011
35736,15.980575
35737,15.9813671
35738,15.9818542
35739,15.9821364
35740,15.9822727
35741,15.9824346
35742,15.9831915
35743,15.9844364
35744,15.9846733
35745,15.9852465
35746,15.9855387
35747,15.985847
35748,15.9865171
35749,15.987141
35750,15.9874041
35751,15.9879476
35752,15.9883137
35753,15.9884937
35754,15.9887242
35755,15.9890192
35756,15.9896359
35757,15.9898947
35758,15.9902646
35759,15.9906478
35760,15.9915019
35761,15.9928903
35762,15.9936954
35763,15.9940417
35764,15.9947808
35765,15.995284
35766,15.9982999
35767,15.9989293
35768,15.9992013
35769,15.9997328
35770,16.0001324
35771,16.0014501
35772,16.0017566
35773,16.0018983
35774,16.0021899
35775,16.0030021
35776,16.0037982
35777,16.0041637
35778,16.0044701
35779,16.0051252
35780,16.0060239
35781,16.0071656
35782,16.0072214
35783,16.0075397
35784,16.0080662
35785,16.008167
35786,16.0090607
35787,16.0093662
35788,16.009715
35789,16.0098439
35790,16.0106237
35791,16.0113236
35792,16.0113587
35793,16.0117631
35794,16.0120219
35795,16.0126207
35796,16.0130178
35797,16.0134938
35798,16.0137612
35799,16.0138822
35800,16.0144535
35801,16.014889
35802,16.0153008
35803,16.0160642
35804,16.0165282
35805,16.0171469
35806,16.0174347
35807,16.0176511
35808,16.0177287
35809,16.0192911
35810,16.0196251
35811,16.0199232
35812,16.0201745
35813,16.0207173
35814,16.0210886
35815,16.0213885
35816,16.021544
35817,16.0217507
35818,16.0220391
35819,16.0232862
35820,16.0237442
35821,16.0249056
35822,16.0252517
35823,16.0262541
35824,16.0270176
35825,16.0278169
35826,16.0283253
35827,16.0287229
35828,16.0291256
35829,16.029666
35830,16.0297655
35831,16.0304047
35832,16.0310639
35833,16.0314272
35834,16.0321367
35835,16.0324017
35836,16.0330737
35837,16.0331673
35838,16.0337226
35839,16.0343529
35840,16.0347264
35841,16.0350047
35842,16.0356971
35843,16.0358126
35844,16.0360694
35845,16.0361118
35846,16.0369268
35847,16.0378109
35848,16.0387015
35849,16.0389057
35850,16.0389597
35851,16.0394263
35852,16.040041
35853,16.04056
35854,16.0409647
35855,16.0411347
35856,16.0417595
35857,16.0419143
35858,16.0422746
35859,16.0424595
35860,16.0429429
35861,16.0431397
35862,16.0439134
35863,16.0442626
35864,16.0446873
35865,16.0450438
35866,16.045792
35867,16.0460183
35868,16.0463071
35869,16.0474335
35870,16.0478662
35871,16.0482095
35872,16.0495274
35873,16.049937
35874,16.0502821
35875,16.0506534
35876,16.0514235
35877,16.0523501
35878,16.0530067
35879,16.0536698
35880,16.0544049
35881,16.0550562
35882,16.0553887
35883,16.0558544
35884,16.056351
35885,16.0566643
35886,16.0570888
35887,16.0578153
35888,16.0582674
35889,16.0588621
35890,16.0596591
35891,16.0598636
35892,16.0601364
35893,16.061142
35894,16.0612654
35895,16.0616616
35896,16.0619529
35897,16.0626427
35898,16.0634483
35899,16.0641261
35900,16.0644556
35901,16.064515
35902,16.0648987
35903,16.0654373
35904,16.0660627
35905,16.0663646
35906,16.0667481
35907,16.0672665
35908,16.0675432
35909,16.0680714
35910,16.0682983
35911,16.0689688
35912,16.0689934
35913,16.0691394
35914,16.0702025
35915,16.0711402
35916,16.0713211
35917,16.071616
35918,16.071862
35919,16.0724217
35920,16.0724587
35921,16.0727625
35922,16.0729491
35923,16.0733749
35924,16.0733749
35925,16.073628
35926,16.0740207
35927,16.0742475
35928,16.0745673
35929,16.0745673
35930,16.0748589
35931,16.0749342
35932,16.0753174
35933,16.0759348
35934,16.0766184
35935,16.0772563
35936,16.0785777
35937,16.0786674
35938,16.079433
35939,16.0803414
35940,16.080406
35941,16.0809704
35942,16.081532
35943,16.0817979
35944,16.0819859
35945,16.0820622
35946,16.0822554
35947,16.0824351
35948,16.0828023
35949,16.0842973
35950,16.0846482
35951,16.085184
35952,16.0855522
35953,16.0863303
35954,16.0867486
35955,16.0871615
35956,16.0874026
35957,16.087703
35958,16.0889088
35959,16.0900916
35960,16.0902854
35961,16.0906977
35962,16.0910718
35963,16.0915041
35964,16.0916084
35965,16.0919204
35966,16.0923338
35967,16.0928299
35968,16.09354
35969,16.0939129
35970,16.0945214
35971,16.0952656
35972,16.0957577
35973,16.0963657
35974,16.0965067
35975,16.0971072
35976,16.0976683
35977,16.0983242
35978,16.0989165
35979,16.0991341
35980,16.0996512
35981,16.1003204
35982,16.1008896
35983,16.1013424
35984,16.1018875
35985,16.1024238
35986,16.1030463
35987,16.1038294
35988,16.1039601
35989,16.1054887
35990,16.1061072
35991,16.1066993
35992,16.1072763
35993,16.107662
35994,16.1080555
35995,16.108673
35996,16.1090537
35997,16.1093682
35998,16.1096915
35999,16.109897
36000,16.1101711
