Time,Ch110-112
06:54.0,0
06:55.0,6.4560954e-05
06:56.0,9.443515e-05
06:57.0,0.000147864
06:58.0,0.000119577
06:59.0,0.000120174
07:00.0,0.000170558
07:01.0,0.000149899
07:02.0,0.000147587
07:03.0,0.000109227
07:04.0,0.000104664
07:05.0,8.566476e-05
07:06.0,7.896264e-05
07:07.0,6.0635422e-05
07:08.0,3.1991938e-05
07:09.0,-1.17E-05
07:10.0,-2.89E-05
07:11.0,-5.15E-05
07:12.0,-5.84E-05
07:13.0,-2.42E-05
07:14.0,-5.68E-05
07:15.0,-4.82E-05
07:16.0,-3.07E-05
07:17.0,9.2144e-06
07:18.0,2.6405784e-05
07:19.0,1.536074e-05
07:20.0,1.6958362e-05
07:21.0,1.215308e-05
07:22.0,-1.20E-05
07:23.0,2.092848e-05
07:24.0,1.985284e-05
07:24.9,1.4610807e-05
07:25.9,8.4165724e-05
07:26.9,8.622882e-05
07:27.9,7.699176e-05
07:28.9,7.940433e-05
07:29.9,8.453561e-05
07:30.9,4.9384995e-05
07:31.9,3.500063e-06
07:32.9,2.3905015e-05
07:33.9,2.3123319e-05
07:34.9,4.9271664e-05
07:35.9,6.108931e-05
07:36.9,7.449967e-05
07:37.9,4.3846758e-05
07:38.9,7.594101e-05
07:39.9,5.1636096e-05
07:40.9,5.3797758e-05
07:41.9,7.655632e-05
07:42.9,5.696256e-05
07:43.9,3.90621e-05
07:44.9,1.38039295e-05
07:45.9,1.8279412e-05
07:46.9,-8.44E-07
07:47.9,-3.04E-05
07:48.9,-1.96E-05
07:49.9,-7.93E-05
07:50.9,-0.000111813
07:51.9,-0.000146974
07:52.9,-0.000151801
07:53.9,-0.000162195
07:54.9,-0.000197655
07:55.9,-0.000180875
07:56.9,-0.00016053
07:57.9,-0.000187449
07:58.9,-0.000203671
07:59.9,-0.000225399
08:00.9,-0.000214449
08:01.9,-0.000184778
08:02.9,-0.000220172
08:03.9,-0.000201532
08:04.9,-0.000188763
08:05.9,-0.000170721
08:06.9,-0.000148647
08:07.9,-0.000150321
08:08.9,-0.000143488
08:09.9,-0.0001627
08:10.9,-0.000113876
08:11.9,-9.96E-05
08:12.9,-0.000111199
08:13.9,-0.000147935
08:14.9,-0.0001651
08:15.9,-0.000144641
08:16.9,-0.000146423
08:17.9,-0.000140239
08:18.9,-9.92E-05
08:19.9,-9.72E-05
08:20.9,-5.42E-05
08:21.9,-1.07E-05
08:22.9,-5.10E-05
08:23.9,-6.68E-05
08:24.9,-6.14E-05
08:25.8,-6.26E-05
08:26.8,-5.67E-05
08:27.8,-5.35E-05
08:28.8,-0.000119459
08:29.8,-0.000147464
08:30.8,-0.000147346
08:31.8,-0.000157811
08:32.8,-0.000107955
08:33.8,-8.91E-05
08:34.8,-0.000107681
08:35.8,-0.00015025
08:36.8,-0.000127459
08:37.8,-0.000134011
08:38.8,-0.000148312
08:39.8,-0.000130715
08:40.8,-0.000114538
08:41.8,-8.44E-05
08:42.8,-1.00E-05
08:43.8,-1.86E-05
08:44.8,-2.86E-05
08:45.8,-7.23E-06
08:46.8,-6.62E-06
08:47.8,-0.000110117
08:48.8,-0.000111041
08:49.8,-9.63E-05
08:50.8,-9.40E-05
08:51.8,-6.16E-05
08:52.8,-6.88E-05
08:53.8,-6.94E-05
08:54.8,-6.63E-05
08:55.8,-4.84E-05
08:56.8,-2.45E-05
08:57.8,-5.18E-06
08:58.8,2.0312768e-06
08:59.8,-3.21E-05
09:00.8,-4.39E-05
09:01.8,-5.39E-05
09:02.8,-5.59E-05
09:03.8,-2.21E-05
09:04.8,2.11667e-05
09:05.8,6.329639e-05
09:06.8,6.4392145e-05
09:07.8,6.012505e-05
09:08.8,5.580643e-05
09:09.8,2.8577708e-06
09:10.8,-1.73E-05
09:11.8,1.3576283e-06
09:12.8,-1.32E-05
09:13.8,-1.96E-05
09:14.8,-5.75E-06
09:15.8,-3.10E-05
09:16.8,-5.89E-05
09:17.8,-7.99E-05
09:18.8,-0.000116367
09:19.8,-8.44E-05
09:20.8,-5.85E-05
09:21.8,-4.68E-05
09:22.8,-5.43E-05
09:23.8,-3.71E-05
09:24.8,-2.40E-05
09:25.8,-5.28E-06
09:26.7,-7.18E-05
09:27.7,-0.000102127
09:28.7,-0.000121431
09:29.7,-9.98E-05
09:30.7,-7.66E-05
09:31.7,-0.000102963
09:32.7,-0.000104383
09:33.7,-0.000110765
09:34.7,-0.000162852
09:35.7,-0.000187948
09:36.7,-0.000184117
09:37.7,-0.000165601
09:38.7,-0.000156507
09:39.7,-0.000214268
09:40.7,-0.0002122
09:41.7,-0.000289343
09:42.7,-0.000288119
09:43.7,-0.000216665
09:44.7,-0.000180743
09:45.7,-0.000185998
09:46.7,-0.000186918
09:47.7,-0.000171345
09:48.7,-0.000197765
09:49.7,-0.000194568
09:50.7,-0.000254621
09:51.7,-0.000258495
09:52.7,-0.000314794
09:53.7,-0.000316782
09:54.7,-0.000381486
09:55.7,-0.000384641
09:56.7,-0.000421081
09:57.7,-0.000440576
09:58.7,-0.000453987
09:59.7,-0.000426211
10:00.7,-0.000426178
10:01.7,-0.000417522
10:02.7,-0.000461822
10:03.7,-0.000493752
10:04.7,-0.000498005
10:05.7,-0.000505932
10:06.7,-0.000515181
10:07.7,-0.000528254
10:08.7,-0.000507187
10:09.7,-0.000496909
10:10.7,-0.000483587
10:11.7,-0.000423847
10:12.7,-0.000398168
10:13.7,-0.000401928
10:14.7,-0.000413099
10:15.7,-0.000426645
10:16.7,-0.000433652
10:17.7,-0.000412115
10:18.7,-0.000393862
10:19.7,-0.000383599
10:20.7,-0.000397005
10:21.7,-0.000441221
10:22.7,-0.00044234
10:23.7,-0.000467539
10:24.7,-0.000500138
10:25.7,-0.000498507
10:26.7,-0.000501448
10:27.6,-0.000504171
10:28.6,-0.000473104
10:29.6,-0.000451665
10:30.6,-0.000452893
10:31.6,-0.000439217
10:32.6,-0.000450566
10:33.6,-0.000437543
10:34.6,-0.000451471
10:35.6,-0.000510558
10:36.6,-0.000516848
10:37.6,-0.000492806
10:38.6,-0.000476808
10:39.6,-0.000526403
10:40.6,-0.000549547
10:41.6,-0.000545663
10:42.6,-0.000550371
10:43.6,-0.000605353
10:44.6,-0.000636113
10:45.6,-0.000628183
10:46.6,-0.000638408
10:47.6,-0.000624627
10:48.6,-0.000589586
10:49.6,-0.000643963
10:50.6,-0.000594181
10:51.6,-0.000564198
10:52.6,-0.000542847
10:53.6,-0.000536228
10:54.6,-0.000525722
10:55.6,-0.000551138
10:56.6,-0.000562611
10:57.6,-0.000531554
10:58.6,-0.000544536
10:59.6,-0.000562026
11:00.6,-0.000566445
11:01.6,-0.000549831
11:02.6,-0.000574891
11:03.6,-0.000604915
11:04.6,-0.000637593
11:05.6,-0.000606339
11:06.6,-0.000554439
11:07.6,-0.000531877
11:08.6,-0.000516965
11:09.6,-0.00051328
11:10.6,-0.000492514
11:11.6,-0.000511778
11:12.6,-0.000501432
11:13.6,-0.000571223
11:14.6,-0.000607951
11:15.6,-0.000611572
11:16.6,-0.000656919
11:17.6,-0.000662442
11:18.6,-0.000650596
11:19.6,-0.000648269
11:20.6,-0.000690867
11:21.6,-0.000707103
11:22.6,-0.000718994
11:23.6,-0.000748841
11:24.6,-0.000722008
11:25.6,-0.000722057
11:26.6,-0.000674176
11:27.6,-0.000672433
11:28.6,-0.000690517
11:29.5,-0.000677584
11:30.5,-0.000706052
11:31.5,-0.000760147
11:32.5,-0.000743532
11:33.5,-0.000704541
11:34.5,-0.000691891
11:35.5,-0.000697668
11:36.5,-0.000712737
11:37.5,-0.000710292
11:38.5,-0.000708592
11:39.5,-0.000727287
11:40.5,-0.000730869
11:41.5,-0.000779143
11:42.5,-0.000777386
11:43.5,-0.00076497
11:44.5,-0.000785893
11:45.5,-0.000782751
11:46.5,-0.000810556
11:47.5,-0.000836039
11:48.5,-0.000838431
11:49.5,-0.000900533
11:50.5,-0.000892549
11:51.5,-0.000853344
11:52.5,-0.000847049
11:53.5,-0.000819632
11:54.5,-0.000795437
11:55.5,-0.000850551
11:56.5,-0.000876764
11:57.5,-0.000922579
11:58.5,-0.000906599
11:59.5,-0.000907246
12:00.5,-0.000898245
12:01.5,-0.000876194
12:02.5,-0.000818811
12:03.5,-0.000807666
12:04.5,-0.000790522
12:05.5,-0.000784846
12:06.5,-0.000843652
12:07.5,-0.000814194
12:08.5,-0.000790638
12:09.5,-0.000811226
12:10.5,-0.000810131
12:11.5,-0.000852883
12:12.5,-0.000852241
12:13.5,-0.000851296
12:14.5,-0.000891218
12:15.5,-0.000881289
12:16.5,-0.000833921
12:17.5,-0.000827669
12:18.5,-0.000826628
12:19.5,-0.000827193
12:20.5,-0.00083843
12:21.5,-0.000816868
12:22.5,-0.000831979
12:23.5,-0.000819078
12:24.5,-0.000805996
12:25.5,-0.00081899
12:26.5,-0.000808454
12:27.5,-0.000840672
12:28.5,-0.000832456
12:29.5,-0.000819371
12:30.4,-0.000853558
12:31.4,-0.000854257
12:32.4,-0.000855983
12:33.4,-0.000843742
12:34.4,-0.000814731
12:35.4,-0.000793317
12:36.4,-0.000771398
12:37.4,-0.000776243
12:38.4,-0.000764414
12:39.4,-0.000747864
12:40.4,-0.000723105
12:41.4,-0.00074245
12:42.4,-0.000736075
12:43.4,-0.000741834
12:44.4,-0.000710553
12:45.4,-0.000679963
12:46.4,-0.000663289
12:47.4,-0.000658744
12:48.4,-0.00067405
12:49.4,-0.000707599
12:50.4,-0.000750304
12:51.4,-0.000747223
12:52.4,-0.000733268
12:53.4,-0.00074197
12:54.4,-0.000747072
12:55.4,-0.000762286
12:56.4,-0.000788685
12:57.4,-0.000787583
12:58.4,-0.00079581
12:59.4,-0.000795155
13:00.4,-0.000780369
13:01.4,-0.000745527
13:02.4,-0.000741687
13:03.4,-0.000728623
13:04.4,-0.000718323
13:05.4,-0.000701258
13:06.4,-0.000722131
13:07.4,-0.000706999
13:08.4,-0.000717063
13:09.4,-0.000737344
13:10.4,-0.000732459
13:11.4,-0.000723841
13:12.4,-0.000727424
13:13.4,-0.00072256
13:14.4,-0.000715252
13:15.4,-0.000707159
13:16.4,-0.000697063
13:17.4,-0.000702408
13:18.4,-0.000690889
13:19.4,-0.0006777
13:20.4,-0.000658501
13:21.4,-0.000673051
13:22.4,-0.000691073
13:23.4,-0.000659655
13:24.4,-0.000666047
13:25.4,-0.000696793
13:26.4,-0.000688511
13:27.4,-0.000676077
13:28.4,-0.000656799
13:29.4,-0.000647257
13:30.4,-0.000652078
13:31.3,-0.000670487
13:32.3,-0.000655661
13:33.3,-0.000663585
13:34.3,-0.000670851
13:35.3,-0.000666879
13:36.3,-0.000657777
13:37.3,-0.000625854
13:38.3,-0.000617157
13:39.3,-0.000624858
13:40.3,-0.000622961
13:41.3,-0.000639378
13:42.3,-0.000648631
13:43.3,-0.000609873
13:44.3,-0.000574032
13:45.3,-0.000554317
13:46.3,-0.000564177
13:47.3,-0.000549784
13:48.3,-0.00053438
13:49.3,-0.000545165
13:50.3,-0.000548671
13:51.3,-0.000559509
13:52.3,-0.000551229
13:53.3,-0.000556352
13:54.3,-0.000552519
13:55.3,-0.000538592
13:56.3,-0.000515761
13:57.3,-0.000512389
13:58.3,-0.000505971
13:59.3,-0.000514229
14:00.3,-0.000498154
14:01.3,-0.000491659
14:02.3,-0.000493377
14:03.3,-0.000500501
14:04.3,-0.000500556
14:05.3,-0.000499447
14:06.3,-0.000497118
14:07.3,-0.000490054
14:08.3,-0.000471565
14:09.3,-0.000446833
14:10.3,-0.000445407
14:11.3,-0.000450503
14:12.3,-0.000474545
14:13.3,-0.000489248
14:14.3,-0.000496554
14:15.3,-0.000464456
14:16.3,-0.000451678
14:17.3,-0.000444399
14:18.3,-0.000425431
14:19.3,-0.000424151
14:20.3,-0.000418182
14:21.3,-0.000407188
14:22.3,-0.000394252
14:23.3,-0.000373531
14:24.3,-0.000375111
14:25.3,-0.000373385
14:26.3,-0.000406003
14:27.3,-0.000395567
14:28.3,-0.000383732
14:29.3,-0.000403782
14:30.3,-0.000414325
14:31.3,-0.000445996
14:32.2,-0.000461864
14:33.2,-0.000476059
14:34.2,-0.000474405
14:35.2,-0.00049156
14:36.2,-0.000481542
14:37.2,-0.000476675
14:38.2,-0.000463742
14:39.2,-0.000452284
14:40.2,-0.000431375
14:41.2,-0.000456569
14:42.2,-0.000467117
14:43.2,-0.000448381
14:44.2,-0.000432797
14:45.2,-0.000434474
14:46.2,-0.00047359
14:47.2,-0.000460605
14:48.2,-0.000429337
14:49.2,-0.000430653
14:50.2,-0.000422515
14:51.2,-0.000396091
14:52.2,-0.000413544
14:53.2,-0.000407805
14:54.2,-0.000419138
14:55.2,-0.000404281
14:56.2,-0.000393505
14:57.2,-0.000407617
14:58.2,-0.000413383
14:59.2,-0.000387727
15:00.2,-0.000397056
15:01.2,-0.000376232
15:02.2,-0.000363491
15:03.2,-0.000368636
15:04.2,-0.00037983
15:05.2,-0.00038257
15:06.2,-0.000430188
15:07.2,-0.000416018
15:08.2,-0.000400781
15:09.2,-0.000407199
15:10.2,-0.000396041
15:11.2,-0.000393172
15:12.2,-0.000384765
15:13.2,-0.00041569
15:14.2,-0.00045266
15:15.2,-0.000446248
15:16.2,-0.000446886
15:17.2,-0.000452791
15:18.2,-0.000456969
15:19.2,-0.000473433
15:20.2,-0.000437797
15:21.2,-0.000431941
15:22.2,-0.000403924
15:23.2,-0.000401294
15:24.2,-0.000404967
15:25.2,-0.000423782
15:26.2,-0.000426284
15:27.2,-0.000409579
15:28.2,-0.000385582
15:29.2,-0.000360446
15:30.2,-0.000356988
15:31.2,-0.000335234
15:32.2,-0.000369409
15:33.1,-0.00035989
15:34.1,-0.000347735
15:35.1,-0.000335432
15:36.1,-0.000334689
15:37.1,-0.000354892
15:38.1,-0.00032771
15:39.1,-0.000293622
15:40.1,-0.000272153
15:41.1,-0.000257544
15:42.1,-0.000231957
15:43.1,-0.000236364
15:44.1,-0.000226746
15:45.1,-0.000192426
15:46.1,-0.000172987
15:47.1,-0.000170828
15:48.1,-0.00018757
15:49.1,-0.000171859
15:50.1,-0.000179683
15:51.1,-0.000181387
15:52.1,-0.000207572
15:53.1,-0.000228395
15:54.1,-0.000205149
15:55.1,-0.000184873
15:56.1,-0.000206106
15:57.1,-0.000194375
15:58.1,-0.000193051
15:59.1,-0.000208646
16:00.1,-0.000200931
16:01.1,-0.000190926
16:02.1,-0.00017455
16:03.1,-0.000159963
16:04.1,-0.000179589
16:05.1,-0.000191812
16:06.1,-0.000190563
16:07.1,-0.000187361
16:08.1,-0.000214918
16:09.1,-0.000187181
16:10.1,-0.000166652
16:11.1,-0.000165029
16:12.1,-0.000153555
16:13.1,-0.000151413
16:14.1,-0.000166387
16:15.1,-0.00018287
16:16.1,-0.000179381
16:17.1,-0.000160474
16:18.1,-0.000165245
16:19.1,-0.000172775
16:20.1,-0.000158023
16:21.1,-0.000138782
16:22.1,-0.000132693
16:23.1,-0.000135327
16:24.1,-0.000129609
16:25.1,-0.000144385
16:26.1,-0.00014585
16:27.1,-0.000138897
16:28.1,-0.000148549
16:29.1,-0.000137949
16:30.1,-0.000160907
16:31.1,-0.000170928
16:32.1,-0.000161517
16:33.1,-0.000136647
16:34.0,-8.82E-05
16:35.0,-5.71E-05
16:36.0,-8.33E-05
16:37.0,-8.76E-05
16:38.0,-7.00E-05
16:39.0,-3.77E-05
16:40.0,-2.87E-05
16:41.0,-2.03E-05
16:42.0,-5.40E-05
16:43.0,-7.89E-05
16:44.0,-0.000100819
16:45.0,-0.000122982
16:46.0,-0.000104119
16:47.0,-0.000135553
16:48.0,-0.000155606
16:49.0,-0.000143975
16:50.0,-0.000142887
16:51.0,-0.000143456
16:52.0,-0.000179172
16:53.0,-0.000166031
16:54.0,0
16:55.0,-0.00011636
16:56.0,-9.27E-05
16:57.0,-0.000111967
16:58.0,-0.000111324
16:59.0,-0.000109742
17:00.0,-8.89E-05
17:01.0,-3.99E-05
17:02.0,-1.20E-05
17:03.0,-6.42E-05
17:04.0,-8.15E-05
17:05.0,-8.62E-05
17:06.0,-9.64E-05
17:07.0,-8.96E-05
17:08.0,-6.82E-05
17:09.0,-7.71E-05
17:10.0,-7.18E-05
17:11.0,-6.28E-05
17:12.0,-7.67E-05
17:13.0,-9.98E-05
17:14.0,-8.78E-05
17:15.0,-7.03E-05
17:16.0,-4.61E-05
17:17.0,-9.44E-06
17:18.0,-2.61E-06
17:19.0,7.2751527e-06
17:20.0,4.975085e-05
17:21.0,7.691868e-05
17:22.0,7.1040915e-05
17:23.0,4.2748507e-05
17:24.0,1.47465735e-05
17:25.0,2.3534407e-05
17:26.0,4.5963065e-05
17:27.0,6.406824e-05
17:28.0,8.484951e-05
17:29.0,7.3123345e-05
17:30.0,4.3758555e-05
17:31.0,3.6387326e-05
17:32.0,3.8807993e-05
17:33.0,5.1270774e-05
17:34.0,3.3564807e-05
17:34.9,3.8209684e-05
17:35.9,3.2640575e-05
17:36.9,4.0570023e-05
17:37.9,-9.28E-06
17:38.9,5.5561795e-06
17:39.9,2.0181307e-05
17:40.9,3.47289e-05
17:41.9,1.6999315e-05
17:42.9,-9.61E-06
17:43.9,-1.92E-05
17:44.9,-4.73E-05
17:45.9,-2.28E-05
17:46.9,-2.35E-05
17:47.9,-3.99E-05
17:48.9,-6.12E-05
17:49.9,-5.59E-05
17:50.9,-7.57E-05
17:51.9,-7.59E-05
17:52.9,-0.000115463
17:53.9,-0.000103475
17:54.9,-0.000100737
17:55.9,-8.57E-05
17:56.9,-0.000103081
17:57.9,-9.07E-05
17:58.9,-9.90E-05
17:59.9,-0.000125855
18:00.9,-7.18E-05
18:01.9,-8.06E-05
18:02.9,-0.000102888
18:03.9,-0.000131434
18:04.9,-7.41E-05
18:05.9,-9.59E-05
18:06.9,-0.000101836
18:07.9,-9.92E-05
18:08.9,-7.59E-05
18:09.9,-5.97E-05
18:10.9,-7.10E-05
18:11.9,-9.33E-05
18:12.9,-9.47E-05
18:13.9,-8.96E-05
18:14.9,-0.000118424
18:15.9,-0.000139642
18:16.9,-0.000123297
18:17.9,-0.000137872
18:18.9,-0.000138553
18:19.9,-0.000179738
18:20.9,-0.00021524
18:21.9,-0.00023365
18:22.9,-0.000238654
18:23.9,-0.000291188
18:24.9,-0.000298693
18:25.9,-0.000286373
18:26.9,-0.000279526
18:27.9,-0.000251968
18:28.9,-0.000216618
18:29.9,-0.000224259
18:30.9,-0.00021209
18:31.9,-0.000202348
18:32.9,-0.000167004
18:33.9,-0.000149275
18:34.9,-0.000161337
18:35.8,-0.000182032
18:36.8,-0.000173399
18:37.8,-0.000170496
18:38.8,-0.000173914
18:39.8,-0.000167317
18:40.8,-0.000158701
18:41.8,-0.000124124
18:42.8,-0.000102019
18:43.8,-9.82E-05
18:44.8,-0.000100952
18:45.8,-9.54E-05
18:46.8,-0.000118735
18:47.8,-0.000124838
18:48.8,-0.000129994
18:49.8,-0.000143716
18:50.8,-0.000156303
18:51.8,-0.000156516
18:52.8,-0.000120267
18:53.8,-0.00012928
18:54.8,-0.000139783
18:55.8,-0.000151405
18:56.8,-0.000151358
18:57.8,-0.00013188
18:58.8,-0.000140099
18:59.8,-0.000152514
19:00.8,-0.000112412
19:01.8,-6.54E-05
19:02.8,-6.51E-05
19:03.8,-4.39E-05
19:04.8,-4.46E-05
19:05.8,-7.48E-05
19:06.8,-8.07E-05
19:07.8,-8.06E-05
19:08.8,-7.36E-05
19:09.8,-0.0001253
19:10.8,-0.000139169
19:11.8,-0.000135703
19:12.8,-0.000136724
19:13.8,-0.000136273
19:14.8,-9.96E-05
19:15.8,-0.000113895
19:16.8,-9.26E-05
19:17.8,-8.17E-05
19:18.8,-0.000115088
19:19.8,-0.000100014
19:20.8,-8.87E-05
19:21.8,-8.96E-05
19:22.8,-0.000107186
19:23.8,-0.000131355
19:24.8,-0.000149157
19:25.8,-0.000129735
19:26.8,-0.000103964
19:27.8,-8.64E-05
19:28.8,-7.98E-05
19:29.8,-7.38E-05
19:30.8,-5.67E-05
19:31.8,-4.93E-05
19:32.8,-4.02E-05
19:33.8,-3.05E-05
19:34.8,-3.16E-05
19:35.8,-3.59E-05
19:36.7,-7.36E-06
19:37.7,9.6478025e-06
19:38.7,-2.78E-05
19:39.7,-4.41E-05
19:40.7,-3.92E-05
19:41.7,-3.26E-05
19:42.7,-4.02E-05
19:43.7,-5.52E-05
19:44.7,-4.14E-05
19:45.7,-1.52E-05
19:46.7,-3.26E-06
19:47.7,-8.79E-06
19:48.7,-2.27E-05
19:49.7,-3.46E-05
19:50.7,-2.59E-05
19:51.7,-3.77E-05
19:52.7,-5.76E-05
19:53.7,-5.45E-05
19:54.7,-7.44E-05
19:55.7,-0.000107855
19:56.7,-0.000135657
19:57.7,-0.000140056
19:58.7,-0.000134536
19:59.7,-0.000160132
20:00.7,-0.000169546
20:01.7,-0.000170494
20:02.7,-0.000172877
20:03.7,-0.000150723
20:04.7,-0.000144698
20:05.7,-0.000132195
20:06.7,-0.000119846
20:07.7,-0.000133951
20:08.7,-0.000156786
20:09.7,-0.000159434
20:10.7,-0.000160733
20:11.7,-0.000177141
20:12.7,-0.000178603
20:13.7,-0.000144308
20:14.7,-0.000137225
20:15.7,-0.000115554
20:16.7,-9.11E-05
20:17.7,-9.93E-05
20:18.7,-9.55E-05
20:19.7,-0.000104428
20:20.7,-9.02E-05
20:21.7,-0.000105486
20:22.7,-9.25E-05
20:23.7,-7.81E-05
20:24.7,-9.71E-05
20:25.7,-0.000109935
20:26.7,-8.59E-05
20:27.7,-0.000101613
20:28.7,-0.00011386
20:29.7,-9.61E-05
20:30.7,-8.79E-05
20:31.7,-7.44E-05
20:32.7,-7.72E-05
20:33.7,-5.78E-05
20:34.7,-6.41E-05
20:35.7,-6.29E-05
20:36.7,-4.73E-05
20:37.7,-5.25E-05
20:38.6,-7.97E-05
20:39.6,-8.27E-05
20:40.6,-9.16E-05
20:41.6,-0.000104378
20:42.6,-9.44E-05
20:43.6,-7.87E-05
20:44.6,-6.14E-05
20:45.6,-5.30E-05
20:46.6,-6.48E-05
20:47.6,-8.14E-05
20:48.6,-9.09E-05
20:49.6,-8.07E-05
20:50.6,-5.45E-05
20:51.6,-4.33E-05
20:52.6,-6.31E-05
20:53.6,-6.83E-05
20:54.6,-5.56E-05
20:55.6,-6.39E-05
20:56.6,-7.26E-05
20:57.6,-6.20E-05
20:58.6,-8.13E-05
20:59.6,-9.30E-05
21:00.6,-8.75E-05
21:01.6,-8.84E-05
21:02.6,-7.22E-05
21:03.6,-7.76E-05
21:04.6,-7.75E-05
21:05.6,-7.81E-05
21:06.6,-7.72E-05
21:07.6,-6.24E-05
21:08.6,-5.06E-05
21:09.6,-4.35E-05
21:10.6,-4.79E-05
21:11.6,-5.15E-05
21:12.6,-3.68E-05
21:13.6,-3.75E-05
21:14.6,-3.62E-05
21:15.6,-3.98E-05
21:16.6,-4.57E-05
21:17.6,-4.25E-05
21:18.6,-1.26E-05
21:19.6,-2.85E-05
21:20.6,-4.40E-05
21:21.6,-7.75E-05
21:22.6,-9.43E-05
21:23.6,-8.27E-05
21:24.6,-6.60E-05
21:25.6,-4.70E-05
21:26.6,-2.38E-05
21:27.6,-3.05E-05
21:28.6,-3.09E-05
21:29.6,-3.33E-05
21:30.6,-1.75E-05
21:31.6,-4.04E-05
21:32.6,-4.25E-05
21:33.6,-4.62E-05
21:34.6,-3.05E-05
21:35.6,-3.54E-05
21:36.6,-3.50E-05
21:37.6,-2.01E-05
21:38.6,-7.94E-07
21:39.5,-2.20E-06
21:40.5,-2.50E-05
21:41.5,-3.78E-05
21:42.5,-4.60E-05
21:43.5,-4.40E-05
21:44.5,-1.97E-05
21:45.5,-2.74E-05
21:46.5,-2.88E-05
21:47.5,-2.02E-06
21:48.5,-2.39E-06
21:49.5,-2.84E-05
21:50.5,-2.21E-05
21:51.5,-1.37E-06
21:52.5,-1.96E-05
21:53.5,-2.77E-05
21:54.5,-2.15E-05
21:55.5,-3.50E-05
21:56.5,-4.47E-05
21:57.5,-5.93E-05
21:58.5,-6.11E-05
21:59.5,-5.48E-05
22:00.5,-5.48E-05
22:01.5,-6.23E-05
22:02.5,-3.12E-05
22:03.5,-2.83E-05
22:04.5,-5.38E-05
22:05.5,-5.22E-05
22:06.5,-3.95E-05
22:07.5,-4.65E-05
22:08.5,-4.80E-05
22:09.5,-2.46E-05
22:10.5,-2.67E-05
22:11.5,-3.58E-05
22:12.5,-3.40E-05
22:13.5,-4.90E-05
22:14.5,-4.72E-05
22:15.5,-7.32E-05
22:16.5,-8.67E-05
22:17.5,-0.000116718
22:18.5,-0.0001151
22:19.5,-0.000115412
22:20.5,-0.000117826
22:21.5,-0.000118323
22:22.5,-0.000107457
22:23.5,-8.23E-05
22:24.5,-9.28E-05
22:25.5,-0.000101175
22:26.5,-0.000124185
22:27.5,-0.000126424
22:28.5,-0.000112085
22:29.5,-0.000119244
22:30.5,-0.000115113
22:31.5,-8.49E-05
22:32.5,-7.34E-05
22:33.5,-7.88E-05
22:34.5,-7.85E-05
22:35.5,-6.24E-05
22:36.5,-6.02E-05
22:37.5,-6.89E-05
22:38.5,-7.99E-05
22:39.5,-7.79E-05
22:40.4,-9.15E-05
22:41.4,-9.74E-05
22:42.4,-9.80E-05
22:43.4,-9.04E-05
22:44.4,-8.71E-05
22:45.4,-8.37E-05
22:46.4,-5.29E-05
22:47.4,-2.05E-05
22:48.4,-4.48E-05
22:49.4,-7.51E-05
22:50.4,-7.89E-05
22:51.4,-0.000103207
22:52.4,-0.000108697
22:53.4,-8.65E-05
22:54.4,-9.79E-05
22:55.4,-8.97E-05
22:56.4,-9.07E-05
22:57.4,-9.54E-05
22:58.4,-0.000102137
22:59.4,-0.000106896
23:00.4,-9.61E-05
23:01.4,-9.17E-05
23:02.4,-0.000101528
23:03.4,-9.80E-05
23:04.4,-0.000116842
23:05.4,-0.000105585
23:06.4,-0.000122205
23:07.4,-0.000135991
23:08.4,-0.000154816
23:09.4,-0.000142025
23:10.4,-0.000110048
23:11.4,-0.000118983
23:12.4,-0.000153592
23:13.4,-0.000166982
23:14.4,-0.000167521
23:15.4,-0.000168286
23:16.4,-0.000176285
23:17.4,-0.000178832
23:18.4,-0.000193017
23:19.4,-0.000172578
23:20.4,-0.000154076
23:21.4,-0.000178813
23:22.4,-0.000181352
23:23.4,-0.000195527
23:24.4,-0.0001879
23:25.4,-0.000191458
23:26.4,-0.000186451
23:27.4,-0.000205406
23:28.4,-0.000209368
23:29.4,-0.000205519
23:30.4,-0.000192548
23:31.4,-0.000195301
23:32.4,-0.000198339
23:33.4,-0.000193167
23:34.4,-0.000199462
23:35.4,-0.000184449
23:36.4,-0.000175032
23:37.4,-0.00019397
23:38.4,-0.000205232
23:39.4,-0.000206373
23:40.4,-0.000220747
23:41.3,-0.000226277
23:42.3,-0.000223708
23:43.3,-0.000235291
23:44.3,-0.000251899
23:45.3,-0.00025897
23:46.3,-0.000269533
23:47.3,-0.000278813
23:48.3,-0.000255098
23:49.3,-0.000254288
23:50.3,-0.000247481
23:51.3,-0.000256005
23:52.3,-0.000254164
23:53.3,-0.000254856
23:54.3,-0.000238525
23:55.3,-0.000229222
23:56.3,-0.000229705
23:57.3,-0.000216836
23:58.3,-0.000209243
23:59.3,-0.000188408
24:00.3,-0.00018848
24:01.3,-0.000173786
24:02.3,-0.000169433
24:03.3,-0.000157934
24:04.3,-0.000181051
24:05.3,-0.000202607
24:06.3,-0.000204557
24:07.3,-0.000190038
24:08.3,-0.000181124
24:09.3,-0.000179063
24:10.3,-0.000185914
24:11.3,-0.000174602
24:12.3,-0.000165067
24:13.3,-0.000172898
24:14.3,-0.000177758
24:15.3,-0.000163094
24:16.3,-0.000143573
24:17.3,-0.000131402
24:18.3,-0.000122548
24:19.3,-0.000115949
24:20.3,-0.000119804
24:21.3,-0.000119052
24:22.3,-0.000105947
24:23.3,-0.000112339
24:24.3,-9.03E-05
24:25.3,-9.62E-05
24:26.3,-9.06E-05
24:27.3,-0.000101921
24:28.3,-0.000117835
24:29.3,-0.000125879
24:30.3,-0.000125322
24:31.3,-0.000135451
24:32.3,-0.000148371
24:33.3,-0.000167084
24:34.3,-0.000168662
24:35.3,-0.000169707
24:36.3,-0.000193878
24:37.3,-0.00021506
24:38.3,-0.000204288
24:39.3,-0.000206745
24:40.3,-0.000206547
24:41.3,-0.00021397
24:42.2,-0.00021432
24:43.2,-0.000201042
24:44.2,-0.000209471
24:45.2,-0.000221458
24:46.2,-0.000237425
24:47.2,-0.00025739
24:48.2,-0.000255182
24:49.2,-0.000258092
24:50.2,-0.000248352
24:51.2,-0.000265011
24:52.2,-0.000265253
24:53.2,-0.000270016
24:54.2,-0.000279068
24:55.2,-0.000283588
24:56.2,-0.00030676
24:57.2,-0.000311954
24:58.2,-0.000301026
24:59.2,-0.000271402
25:00.2,-0.000263914
25:01.2,-0.000276399
25:02.2,-0.000281327
25:03.2,-0.000286288
25:04.2,-0.000301122
25:05.2,-0.000304093
25:06.2,-0.000313087
25:07.2,-0.000327664
25:08.2,-0.000324759
25:09.2,-0.000352769
25:10.2,-0.000367885
25:11.2,-0.000370451
25:12.2,-0.000366658
25:13.2,-0.000361584
25:14.2,-0.000361628
25:15.2,-0.000370359
25:16.2,-0.000400224
25:17.2,-0.000398349
25:18.2,-0.000412744
25:19.2,-0.000407789
25:20.2,-0.000405582
25:21.2,-0.000400709
25:22.2,-0.000396521
25:23.2,-0.000410859
25:24.2,-0.000403251
25:25.2,-0.000380084
25:26.2,-0.000380291
25:27.2,-0.000395792
25:28.2,-0.000388802
25:29.2,-0.00037318
25:30.2,-0.000352466
25:31.2,-0.000332731
25:32.2,-0.000321901
25:33.2,-0.000333307
25:34.2,-0.000322543
25:35.2,-0.000340505
25:36.2,-0.00034917
25:37.2,-0.000357201
25:38.2,-0.000338333
25:39.2,-0.000320274
25:40.2,-0.0003211
25:41.2,-0.000336112
25:42.2,-0.000345459
25:43.1,-0.000339461
25:44.1,-0.000334766
25:45.1,-0.000355509
25:46.1,-0.000375984
25:47.1,-0.000383524
25:48.1,-0.000396848
25:49.1,-0.000407214
25:50.1,-0.000398151
25:51.1,-0.000380725
25:52.1,-0.000377257
25:53.1,-0.000381057
25:54.1,-0.000382027
25:55.1,-0.000393804
25:56.1,-0.000392542
25:57.1,-0.000376512
25:58.1,-0.000364875
25:59.1,-0.000353447
26:00.1,-0.000362583
26:01.1,-0.000340838
26:02.1,-0.00032139
26:03.1,-0.000308462
26:04.1,-0.00029654
26:05.1,-0.000293274
26:06.1,-0.000298537
26:07.1,-0.000314611
26:08.1,-0.000327643
26:09.1,-0.000310056
26:10.1,-0.000301614
26:11.1,-0.000303637
26:12.1,-0.000279504
26:13.1,-0.000261842
26:14.1,-0.00026201
26:15.1,-0.000254349
26:16.1,-0.000245955
26:17.1,-0.00025347
26:18.1,-0.000273458
26:19.1,-0.000291079
26:20.1,-0.000276237
26:21.1,-0.000291241
26:22.1,-0.000299559
26:23.1,-0.000314053
26:24.1,-0.000322993
26:25.1,-0.000347423
26:26.1,-0.000355308
26:27.1,-0.000390836
26:28.1,-0.000397002
26:29.1,-0.000354757
26:30.1,-0.000344057
26:31.1,-0.000355464
26:32.1,-0.000341371
26:33.1,-0.00035095
26:34.1,-0.000341581
26:35.1,-0.00035029
26:36.1,-0.000374236
26:37.1,-0.000407672
26:38.1,-0.000414286
26:39.1,-0.000384926
26:40.1,-0.000376821
26:41.1,-0.000403889
26:42.1,-0.000413267
26:43.1,-0.000400844
26:44.0,-0.000402725
26:45.0,-0.000384201
26:46.0,-0.000383419
26:47.0,-0.000388307
26:48.0,-0.000391567
26:49.0,-0.000412222
26:50.0,-0.000416527
26:51.0,-0.000437211
26:52.0,-0.00041852
26:53.0,-0.000408134
26:54.0,0
26:55.0,-1.80E-05
26:56.0,-8.73E-06
26:57.0,4.1583e-06
26:58.0,-1.02E-05
26:59.0,3.6022448e-06
27:00.0,1.8203242e-06
27:01.0,2.4369192e-06
27:02.0,2.7000828e-05
27:03.0,4.0629235e-05
27:04.0,5.8041405e-05
27:05.0,6.371698e-05
27:06.0,5.441126e-05
27:07.0,4.254385e-05
27:08.0,3.4845457e-06
27:09.0,-9.30E-07
27:10.0,-2.96E-05
27:11.0,-4.12E-05
27:12.0,-4.38E-05
27:13.0,-3.52E-05
27:14.0,-2.22E-05
27:15.0,-2.90E-05
27:16.0,4.3507303e-06
27:17.0,6.8263407e-06
27:18.0,-1.45E-05
27:19.0,-3.49E-05
27:20.0,-3.46E-05
27:21.0,-4.85E-05
27:22.0,-5.62E-05
27:23.0,-6.21E-05
27:24.0,-6.54E-05
27:25.0,-6.76E-05
27:26.0,-5.12E-05
27:27.0,-6.42E-05
27:28.0,-5.63E-05
27:29.0,-5.59E-05
27:30.0,-3.23E-05
27:31.0,-3.40E-05
27:32.0,-3.23E-05
27:33.0,-5.19E-05
27:34.0,-4.71E-05
27:35.0,-4.98E-05
27:36.0,-4.33E-05
27:37.0,-4.64E-05
27:38.0,-7.25E-05
27:39.0,-9.24E-05
27:40.0,-9.01E-05
27:41.0,-8.57E-05
27:42.0,-9.74E-05
27:43.0,-8.49E-05
27:44.0,-9.87E-05
27:44.9,-0.000143037
27:45.9,-0.000158798
27:46.9,-0.000163947
27:47.9,-0.00017191
27:48.9,-0.000162455
27:49.9,-0.000175524
27:50.9,-0.000156567
27:51.9,-0.000148878
27:52.9,-0.000133058
27:53.9,-0.000127343
27:54.9,-0.000136754
27:55.9,-0.000127225
27:56.9,-0.000115395
27:57.9,-0.000118365
27:58.9,-0.000115743
27:59.9,-0.000111379
28:00.9,-9.19E-05
28:01.9,-0.000113267
28:02.9,-0.000122427
28:03.9,-0.000117563
28:04.9,-0.000111394
28:05.9,-0.000111294
28:06.9,-0.000109181
28:07.9,-0.000109542
28:08.9,-0.000126934
28:09.9,-0.000138059
28:10.9,-0.00013932
28:11.9,-0.000131256
28:12.9,-0.000135578
28:13.9,-0.000120644
28:14.9,-0.000129252
28:15.9,-0.000129713
28:16.9,-0.000129534
28:17.9,-0.000149078
28:18.9,-0.000146168
28:19.9,-0.000142164
28:20.9,-0.000142033
28:21.9,-0.000155251
28:22.9,-0.0001486
28:23.9,-0.000119534
28:24.9,-0.000107705
28:25.9,-0.000103958
28:26.9,-0.000116311
28:27.9,-0.000111521
28:28.9,-9.63E-05
28:29.9,-0.000105642
28:30.9,-0.000112183
28:31.9,-0.000120883
28:32.9,-0.000114923
28:33.9,-0.000122066
28:34.9,-0.000117167
28:35.9,-9.71E-05
28:36.9,-9.55E-05
28:37.9,-9.13E-05
28:38.9,-8.95E-05
28:39.9,-9.21E-05
28:40.9,-8.68E-05
28:41.9,-9.67E-05
28:42.9,-9.64E-05
28:43.9,-0.000103746
28:44.9,-0.000102591
28:45.9,-0.000133454
28:46.8,-0.000134051
28:47.8,-0.000115401
28:48.8,-0.000121586
28:49.8,-0.000147789
28:50.8,-0.000159177
28:51.8,-0.000168738
28:52.8,-0.000175165
28:53.8,-0.000175974
28:54.8,-0.000177584
28:55.8,-0.000183516
28:56.8,-0.000193174
28:57.8,-0.000167938
28:58.8,-0.000153827
28:59.8,-0.000155496
29:00.8,-0.000142805
29:01.8,-0.000149671
29:02.8,-0.000135636
29:03.8,-0.000152777
29:04.8,-0.000154513
29:05.8,-0.00017195
29:06.8,-0.000162342
29:07.8,-0.00015437
29:08.8,-0.000149908
29:09.8,-0.000155326
29:10.8,-0.000147711
29:11.8,-0.000150391
29:12.8,-0.000159424
29:13.8,-0.000163877
29:14.8,-0.000161556
29:15.8,-0.000155407
29:16.8,-0.000158371
29:17.8,-0.000173319
29:18.8,-0.000171057
29:19.8,-0.000159508
29:20.8,-0.000145379
29:21.8,-0.000125548
29:22.8,-0.000121819
29:23.8,-0.000113882
29:24.8,-0.00011826
29:25.8,-0.000112973
29:26.8,-8.67E-05
29:27.8,-0.000107074
29:28.8,-0.000119696
29:29.8,-0.000121608
29:30.8,-0.000123759
29:31.8,-0.000117192
29:32.8,-0.000130595
29:33.8,-0.000135344
29:34.8,-0.000146739
29:35.8,-0.000151132
29:36.8,-0.000164044
29:37.8,-0.000153229
29:38.8,-0.000157392
29:39.8,-0.000163698
29:40.8,-0.000180703
29:41.8,-0.000179971
29:42.8,-0.000198456
29:43.8,-0.000207753
29:44.8,-0.000216582
29:45.8,-0.000217236
29:46.8,-0.000237071
29:47.7,-0.000219417
29:48.7,-0.000223783
29:49.7,-0.000247322
29:50.7,-0.000276261
29:51.7,-0.000299235
29:52.7,-0.000297041
29:53.7,-0.000271526
29:54.7,-0.000264139
29:55.7,-0.000278126
29:56.7,-0.000294362
29:57.7,-0.000289592
29:58.7,-0.000302539
29:59.7,-0.000300744
30:00.7,-0.00029292
30:01.7,-0.000295674
30:02.7,-0.000294465
30:03.7,-0.000302739
30:04.7,-0.000314031
30:05.7,-0.000310983
30:06.7,-0.000351517
30:07.7,-0.000350774
30:08.7,-0.000349241
30:09.7,-0.000349285
30:10.7,-0.00034516
30:11.7,-0.000359653
30:12.7,-0.000381763
30:13.7,-0.000397715
30:14.7,-0.000401753
30:15.7,-0.00038094
30:16.7,-0.000397644
30:17.7,-0.000388294
30:18.7,-0.000350774
30:19.7,-0.000353875
30:20.7,-0.000367561
30:21.7,-0.000357717
30:22.7,-0.000335945
30:23.7,-0.000322107
30:24.7,-0.000305303
30:25.7,-0.000307037
30:26.7,-0.000329225
30:27.7,-0.000357189
30:28.7,-0.000386176
30:29.7,-0.000372718
30:30.7,-0.000375323
30:31.7,-0.000409702
30:32.7,-0.000428638
30:33.7,-0.000406622
30:34.7,-0.000403452
30:35.7,-0.000386375
30:36.7,-0.000383535
30:37.7,-0.000365679
30:38.7,-0.000350357
30:39.7,-0.000342347
30:40.7,-0.000335648
30:41.7,-0.00036337
30:42.7,-0.00037624
30:43.7,-0.000372136
30:44.7,-0.000364732
30:45.7,-0.000382723
30:46.7,-0.000393317
30:47.7,-0.000375751
30:48.6,-0.000379179
30:49.6,-0.000364678
30:50.6,-0.000364255
30:51.6,-0.000346951
30:52.6,-0.000359726
30:53.6,-0.000339383
30:54.6,-0.000333434
30:55.6,-0.000333961
30:56.6,-0.000354136
30:57.6,-0.000334603
30:58.6,-0.000315786
30:59.6,-0.000320093
31:00.6,-0.000308829
31:01.6,-0.000319305
31:02.6,-0.000321143
31:03.6,-0.000312892
31:04.6,-0.000320947
31:05.6,-0.000312113
31:06.6,-0.000304826
31:07.6,-0.00032422
31:08.6,-0.000295914
31:09.6,-0.000301708
31:10.6,-0.000283294
31:11.6,-0.000289291
31:12.6,-0.000300664
31:13.6,-0.000314191
31:14.6,-0.000347235
31:15.6,-0.000360788
31:16.6,-0.000338967
31:17.6,-0.000346632
31:18.6,-0.000352781
31:19.6,-0.000341712
31:20.6,-0.000313758
31:21.6,-0.000298853
31:22.6,-0.000291205
31:23.6,-0.000291275
31:24.6,-0.000283555
31:25.6,-0.000270523
31:26.6,-0.000261596
31:27.6,-0.000282705
31:28.6,-0.000331509
31:29.6,-0.000346552
31:30.6,-0.000359901
31:31.6,-0.000372355
31:32.6,-0.000369878
31:33.6,-0.000381709
31:34.6,-0.000387379
31:35.6,-0.000415241
31:36.6,-0.000411456
31:37.6,-0.000431928
31:38.6,-0.000426127
31:39.6,-0.000428674
31:40.6,-0.000448851
31:41.6,-0.000436236
31:42.6,-0.000433943
31:43.6,-0.000438268
31:44.6,-0.000436227
31:45.6,-0.000431288
31:46.6,-0.000428343
31:47.6,-0.000410774
31:48.6,-0.00038927
31:49.5,-0.00040365
31:50.5,-0.000396998
31:51.5,-0.000390268
31:52.5,-0.000393083
31:53.5,-0.00038398
31:54.5,-0.000379431
31:55.5,-0.000359409
31:56.5,-0.000328829
31:57.5,-0.000315901
31:58.5,-0.000325226
31:59.5,-0.000334313
32:00.5,-0.00032855
32:01.5,-0.000339095
32:02.5,-0.000367716
32:03.5,-0.000375532
32:04.5,-0.000389144
32:05.5,-0.000427572
32:06.5,-0.000427272
32:07.5,-0.000420834
32:08.5,-0.000412023
32:09.5,-0.000392649
32:10.5,-0.000411151
32:11.5,-0.000433502
32:12.5,-0.000443113
32:13.5,-0.000462379
32:14.5,-0.000471099
32:15.5,-0.000464988
32:16.5,-0.000436296
32:17.5,-0.000428033
32:18.5,-0.000398675
32:19.5,-0.0003834
32:20.5,-0.000379294
32:21.5,-0.000364232
32:22.5,-0.000355399
32:23.5,-0.000354179
32:24.5,-0.000349843
32:25.5,-0.000358847
32:26.5,-0.00036285
32:27.5,-0.000356543
32:28.5,-0.000364236
32:29.5,-0.000360781
32:30.5,-0.00030792
32:31.5,-0.000277083
32:32.5,-0.000285799
32:33.5,-0.000279533
32:34.5,-0.000274483
32:35.5,-0.000269002
32:36.5,-0.000243981
32:37.5,-0.000254414
32:38.5,-0.000259083
32:39.5,-0.000295786
32:40.5,-0.000297039
32:41.5,-0.000280715
32:42.5,-0.000302382
32:43.5,-0.000297581
32:44.5,-0.000306856
32:45.5,-0.000323728
32:46.5,-0.000335516
32:47.5,-0.000312828
32:48.5,-0.000305688
32:49.5,-0.000291755
32:50.4,-0.000313075
32:51.4,-0.000352188
32:52.4,-0.000354548
32:53.4,-0.000363492
32:54.4,-0.000399703
32:55.4,-0.000397071
32:56.4,-0.000386067
32:57.4,-0.000379378
32:58.4,-0.000393005
32:59.4,-0.000404926
33:00.4,-0.000419096
33:01.4,-0.000441013
33:02.4,-0.000444354
33:03.4,-0.000444425
33:04.4,-0.000419015
33:05.4,-0.000413596
33:06.4,-0.000454831
33:07.4,-0.000460967
33:08.4,-0.000462657
33:09.4,-0.000504814
33:10.4,-0.000508724
33:11.4,-0.000531761
33:12.4,-0.000520229
33:13.4,-0.000507643
33:14.4,-0.000485404
33:15.4,-0.000482131
33:16.4,-0.000495197
33:17.4,-0.000493113
33:18.4,-0.000494558
33:19.4,-0.000487202
33:20.4,-0.000449051
33:21.4,-0.000436842
33:22.4,-0.000419348
33:23.4,-0.000404265
33:24.4,-0.00039516
33:25.4,-0.000387475
33:26.4,-0.000373831
33:27.4,-0.0003712
33:28.4,-0.000369673
33:29.4,-0.000360575
33:30.4,-0.000358626
33:31.4,-0.000344563
33:32.4,-0.000344192
33:33.4,-0.000349651
33:34.4,-0.000360105
33:35.4,-0.000370919
33:36.4,-0.000369888
33:37.4,-0.000370354
33:38.4,-0.00039168
33:39.4,-0.000399083
33:40.4,-0.000402627
33:41.4,-0.000411209
33:42.4,-0.00040525
33:43.4,-0.000412675
33:44.4,-0.000409982
33:45.4,-0.000397918
33:46.4,-0.000419428
33:47.4,-0.000426324
33:48.4,-0.000430786
33:49.4,-0.000421175
33:50.4,-0.000406787
33:51.3,-0.000417476
33:52.3,-0.000422423
33:53.3,-0.000431113
33:54.3,-0.000440911
33:55.3,-0.000452515
33:56.3,-0.000451109
33:57.3,-0.000436624
33:58.3,-0.000459714
33:59.3,-0.000424561
34:00.3,-0.000417027
34:01.3,-0.000434097
34:02.3,-0.000449707
34:03.3,-0.00045521
34:04.3,-0.000487396
34:05.3,-0.000518474
34:06.3,-0.000512143
34:07.3,-0.000511007
34:08.3,-0.000528832
34:09.3,-0.0005296
34:10.3,-0.000524237
34:11.3,-0.000539462
34:12.3,-0.000539259
34:13.3,-0.000539114
34:14.3,-0.000550454
34:15.3,-0.000497277
34:16.3,-0.000476155
34:17.3,-0.000468492
34:18.3,-0.000459516
34:19.3,-0.000436718
34:20.3,-0.000408664
34:21.3,-0.000402179
34:22.3,-0.000426184
34:23.3,-0.000443406
34:24.3,-0.000471479
34:25.3,-0.000454167
34:26.3,-0.000474552
34:27.3,-0.000480899
34:28.3,-0.000490099
34:29.3,-0.000504728
34:30.3,-0.000522908
34:31.3,-0.000500523
34:32.3,-0.000471675
34:33.3,-0.000499425
34:34.3,-0.000517748
34:35.3,-0.00053493
34:36.3,-0.000527861
34:37.3,-0.000519982
34:38.3,-0.000518751
34:39.3,-0.000530725
34:40.3,-0.000514061
34:41.3,-0.000521575
34:42.3,-0.000548901
34:43.3,-0.000559258
34:44.3,-0.000558837
34:45.3,-0.000571483
34:46.3,-0.000567347
34:47.3,-0.000590367
34:48.3,-0.000595568
34:49.3,-0.000600155
34:50.3,-0.000610034
34:51.3,-0.000641505
34:52.2,-0.000646445
34:53.2,-0.000653438
34:54.2,-0.000649534
34:55.2,-0.000635143
34:56.2,-0.000669678
34:57.2,-0.000664506
34:58.2,-0.000688787
34:59.2,-0.000693572
35:00.2,-0.000693973
35:01.2,-0.000694778
35:02.2,-0.000698216
35:03.2,-0.000707172
35:04.2,-0.000698478
35:05.2,-0.000703845
35:06.2,-0.00073203
35:07.2,-0.000746799
35:08.2,-0.000752646
35:09.2,-0.000748968
35:10.2,-0.000758259
35:11.2,-0.0007479
35:12.2,-0.000753626
35:13.2,-0.000750632
35:14.2,-0.000753278
35:15.2,-0.000766333
35:16.2,-0.000788604
35:17.2,-0.000787718
35:18.2,-0.000775661
35:19.2,-0.000759121
35:20.2,-0.000736089
35:21.2,-0.000743539
35:22.2,-0.000751327
35:23.2,-0.00075938
35:24.2,-0.000779786
35:25.2,-0.000786827
35:26.2,-0.000779417
35:27.2,-0.000770029
35:28.2,-0.000761978
35:29.2,-0.000734141
35:30.2,-0.00072012
35:31.2,-0.000735095
35:32.2,-0.000773286
35:33.2,-0.000760186
35:34.2,-0.000737269
35:35.2,-0.000748994
35:36.2,-0.000769794
35:37.2,-0.000763634
35:38.2,-0.00075634
35:39.2,-0.000773234
35:40.2,-0.000776575
35:41.2,-0.000778025
35:42.2,-0.000806821
35:43.2,-0.000793259
35:44.2,-0.00081315
35:45.2,-0.0008242
35:46.2,-0.000842827
35:47.2,-0.000861242
35:48.2,-0.000862477
35:49.2,-0.000853621
35:50.2,-0.000838268
35:51.2,-0.000862625
35:52.2,-0.000815654
35:53.1,-0.000809575
35:54.1,-0.000790924
35:55.1,-0.000795204
35:56.1,-0.000823013
35:57.1,-0.000791048
35:58.1,-0.000761348
35:59.1,-0.000739355
36:00.1,-0.000738197
36:01.1,-0.000723942
36:02.1,-0.000732725
36:03.1,-0.000765653
36:04.1,-0.000747808
36:05.1,-0.000734652
36:06.1,-0.000734276
36:07.1,-0.000758403
36:08.1,-0.000766838
36:09.1,-0.000769276
36:10.1,-0.000797579
36:11.1,-0.000782592
36:12.1,-0.00079136
36:13.1,-0.000812282
36:14.1,-0.000827149
36:15.1,-0.000828521
36:16.1,-0.000796838
36:17.1,-0.000817638
36:18.1,-0.000834786
36:19.1,-0.000865626
36:20.1,-0.000877566
36:21.1,-0.000860782
36:22.1,-0.00084368
36:23.1,-0.000840913
36:24.1,-0.000840181
36:25.1,-0.000874355
36:26.1,-0.000862239
36:27.1,-0.000849461
36:28.1,-0.000840275
36:29.1,-0.000860687
36:30.1,-0.000871622
36:31.1,-0.000875826
36:32.1,-0.000891977
36:33.1,-0.000866245
36:34.1,-0.000871815
36:35.1,-0.000851817
36:36.1,-0.000839549
36:37.1,-0.000841331
36:38.1,-0.000836604
36:39.1,-0.000853135
36:40.1,-0.000858215
36:41.1,-0.000839922
36:42.1,-0.000831166
36:43.1,-0.000821391
36:44.1,-0.000836766
36:45.1,-0.000843814
36:46.1,-0.000840172
36:47.1,-0.000882793
36:48.1,-0.000923675
36:49.1,-0.000925645
36:50.1,-0.000920234
36:51.1,-0.000920897
36:52.1,-0.000891397
36:53.1,-0.000862074
36:54.0,0
36:55.0,-2.11E-05
36:56.0,-2.75E-05
36:57.0,-3.90E-05
36:58.0,-2.52E-05
36:59.0,-1.98E-05
37:00.0,-4.10E-05
37:01.0,-8.68E-05
37:02.0,-8.57E-05
37:03.0,-7.95E-05
37:04.0,-9.78E-05
37:05.0,-0.000109176
37:06.0,-0.000101349
37:07.0,-0.000107962
37:08.0,-0.000123425
37:09.0,-0.000169338
37:10.0,-0.00015857
37:11.0,-0.000179825
37:12.0,-0.000209399
37:13.0,-0.000223271
37:14.0,-0.000223216
37:15.0,-0.000218962
37:16.0,-0.000214665
37:17.0,-0.000209113
37:18.0,-0.000235421
37:19.0,-0.00025783
37:20.0,-0.00025708
37:21.0,-0.000246203
37:22.0,-0.000234513
37:23.0,-0.000243194
37:24.0,-0.000235386
37:25.0,-0.000218839
37:26.0,-0.000224396
37:27.0,-0.000233774
37:28.0,-0.000223197
37:29.0,-0.000206407
37:30.0,-0.000186006
37:31.0,-0.000207263
37:32.0,-0.000230454
37:33.0,-0.000195931
37:34.0,-0.000149643
37:35.0,-0.000137872
37:36.0,-0.000167903
37:37.0,-0.000162431
37:38.0,-0.000149162
37:39.0,-0.000153403
37:40.0,-0.000162847
37:41.0,-0.00014935
37:42.0,-0.000150203
37:43.0,-0.000172374
37:44.0,-0.000192869
37:45.0,-0.000186892
37:46.0,-0.000180682
37:47.0,-0.000202848
37:48.0,-0.000230332
37:49.0,-0.000227848
37:50.0,-0.000217888
37:51.0,-0.000262966
37:52.0,-0.000240186
37:53.0,-0.000217021
37:54.0,-0.000235069
37:55.0,-0.000218942
37:55.9,-0.000225187
37:56.9,-0.00022248
37:57.9,-0.00021992
37:58.9,-0.000196843
37:59.9,-0.000214939
38:00.9,-0.000222707
38:01.9,-0.000218865
38:02.9,-0.000209176
38:03.9,-0.00021391
38:04.9,-0.000218571
38:05.9,-0.000202354
38:06.9,-0.000189774
38:07.9,-0.000192515
38:08.9,-0.000182526
38:09.9,-0.000160235
38:10.9,-0.000147902
38:11.9,-0.000142425
38:12.9,-0.000118371
38:13.9,-0.000107466
38:14.9,-8.27E-05
38:15.9,-5.11E-05
38:16.9,-6.35E-05
38:17.9,-5.29E-05
38:18.9,-6.16E-05
38:19.9,-3.81E-05
38:20.9,-8.94E-06
38:21.9,-3.13E-05
38:22.9,-2.63E-05
38:23.9,-2.68E-05
38:24.9,-2.19E-05
38:25.9,-2.40E-05
38:26.9,-3.77E-05
38:27.9,-4.56E-05
38:28.9,-3.41E-05
38:29.9,-4.15E-05
38:30.9,-4.50E-05
38:31.9,-6.58E-05
38:32.9,-2.61E-05
38:33.9,-1.64E-05
38:34.9,-1.15E-05
38:35.9,3.926346e-06
38:36.9,5.374464e-06
38:37.9,3.8762897e-05
38:38.9,4.5500386e-05
38:39.9,3.4569177e-05
38:40.9,2.9308789e-05
38:41.9,2.8162287e-05
38:42.9,3.3678694e-05
38:43.9,1.857059e-06
38:44.9,1.4213805e-05
38:45.9,1.6748992e-05
38:46.9,-1.71E-05
38:47.9,-2.83E-05
38:48.9,-3.95E-05
38:49.9,-3.57E-05
38:50.9,-2.88E-05
38:51.9,-6.10E-05
38:52.9,-7.43E-05
38:53.9,-7.35E-05
38:54.9,-4.46E-05
38:55.9,-5.25E-05
38:56.8,-5.10E-05
38:57.8,-2.90E-05
38:58.8,-5.68E-05
38:59.8,-5.12E-05
39:00.8,-4.93E-05
39:01.8,-6.04E-05
39:02.8,-5.14E-05
39:03.8,-5.31E-05
39:04.8,-3.24E-05
39:05.8,-2.65E-05
39:06.8,-1.29E-05
39:07.8,-3.35E-05
39:08.8,-2.51E-05
39:09.8,-1.84E-05
39:10.8,1.0663724e-05
39:11.8,1.9830984e-05
39:12.8,1.216095e-05
39:13.8,-6.21E-06
39:14.8,5.291156e-06
39:15.8,-6.12E-06
39:16.8,-3.55E-07
39:17.8,-2.70E-06
39:18.8,-1.81E-05
39:19.8,-6.39E-06
39:20.8,-8.19E-06
39:21.8,-4.10E-06
39:22.8,-1.84E-05
39:23.8,-1.03E-05
39:24.8,-2.55E-05
39:25.8,-1.41E-05
39:26.8,-1.64E-05
39:27.8,-9.67E-06
39:28.8,1.32954965e-05
39:29.8,8.375452e-06
39:30.8,1.524455e-05
39:31.8,9.9900635e-06
39:32.8,3.0699397e-07
39:33.8,-9.12E-06
39:34.8,-8.45E-06
39:35.8,-2.92E-06
39:36.8,1.2405047e-05
39:37.8,7.214049e-06
39:38.8,8.750025e-06
39:39.8,2.0938629e-05
39:40.8,3.0049267e-05
39:41.8,3.7214944e-05
39:42.8,2.5054387e-05
39:43.8,3.765954e-05
39:44.8,3.3847056e-05
39:45.8,9.206763e-06
39:46.8,1.9792364e-05
39:47.8,4.4261174e-05
39:48.8,4.022274e-05
39:49.8,2.8290182e-05
39:50.8,1.1837144e-05
39:51.8,1.606717e-05
39:52.8,3.0883228e-05
39:53.8,4.9512295e-05
39:54.8,4.532527e-05
39:55.8,5.1743427e-05
39:56.8,6.19927e-05
39:57.7,8.5419706e-05
39:58.7,0.000115106
39:59.7,0.000158758
40:00.7,0.0001605
40:01.7,0.000155376
40:02.7,0.000131554
40:03.7,9.612239e-05
40:04.7,0.000103263
40:05.7,9.4692004e-05
40:06.7,8.841646e-05
40:07.7,0.000116911
40:08.7,0.000110684
40:09.7,9.302845e-05
40:10.7,9.2694194e-05
40:11.7,5.5700337e-05
40:12.7,4.1302228e-05
40:13.7,6.0487557e-05
40:14.7,8.7366396e-05
40:15.7,0.000101707
40:16.7,0.000138716
40:17.7,0.000178214
40:18.7,0.000198428
40:19.7,0.000181703
40:20.7,0.000167247
40:21.7,0.000143528
40:22.7,0.000144882
40:23.7,0.000162755
40:24.7,0.000160332
40:25.7,0.000152603
40:26.7,0.000167995
40:27.7,0.000180645
40:28.7,0.000216162
40:29.7,0.000239196
40:30.7,0.000243143
40:31.7,0.000204322
40:32.7,0.00016946
40:33.7,0.000167017
40:34.7,0.000192325
40:35.7,0.000197235
40:36.7,0.000178995
40:37.7,0.000156617
40:38.7,0.000142587
40:39.7,0.000150378
40:40.7,0.00013848
40:41.7,0.000146981
40:42.7,0.00018623
40:43.7,0.000201872
40:44.7,0.000200891
40:45.7,0.000183137
40:46.7,0.000152915
40:47.7,0.000169958
40:48.7,0.000181742
40:49.7,0.000163305
40:50.7,0.000134945
40:51.7,0.000129673
40:52.7,0.000150835
40:53.7,0.000161939
40:54.7,0.000188811
40:55.7,0.000202925
40:56.7,0.000172772
40:57.7,0.000182504
40:58.6,0.000195018
40:59.6,0.000171762
41:00.6,0.000169385
41:01.6,0.000146969
41:02.6,0.000138303
41:03.6,0.000117511
41:04.6,0.000103084
41:05.6,0.000103857
41:06.6,8.5747124e-05
41:07.6,8.679939e-05
41:08.6,7.865359e-05
41:09.6,7.265764e-05
41:10.6,0.000101521
41:11.6,0.000115481
41:12.6,0.000106864
41:13.6,0.000102251
41:14.6,9.831028e-05
41:15.6,0.000108422
41:16.6,0.000109357
41:17.6,0.000112992
41:18.6,0.000103628
41:19.6,6.4685155e-05
41:20.6,6.2228086e-05
41:21.6,6.3599975e-05
41:22.6,3.71202e-05
41:23.6,4.9081944e-05
41:24.6,1.9763058e-05
41:25.6,1.355414e-05
41:26.6,-6.14E-06
41:27.6,-3.54E-05
41:28.6,-2.96E-05
41:29.6,5.5081405e-06
41:30.6,1.589507e-05
41:31.6,1.0176164e-05
41:32.6,-5.35E-06
41:33.6,-5.18E-06
41:34.6,5.1816796e-06
41:35.6,9.523016e-06
41:36.6,1.9091805e-05
41:37.6,3.4194356e-05
41:38.6,-7.51E-06
41:39.6,-2.30E-05
41:40.6,-1.59E-05
41:41.6,-4.63E-06
41:42.6,-8.66E-06
41:43.6,-1.17E-06
41:44.6,1.6379216e-05
41:45.6,2.2151477e-05
41:46.6,8.286492e-06
41:47.6,-2.70E-05
41:48.6,-4.29E-05
41:49.6,-3.51E-05
41:50.6,-4.03E-05
41:51.6,-3.90E-05
41:52.6,-5.04E-05
41:53.6,-5.62E-05
41:54.6,-7.65E-05
41:55.6,-7.03E-05
41:56.6,-6.89E-05
41:57.6,-4.57E-05
41:58.6,6.325554e-06
41:59.5,1.3856284e-05
42:00.5,2.337792e-05
42:01.5,3.3578253e-05
42:02.5,4.022162e-05
42:03.5,6.883462e-05
42:04.5,6.4083564e-05
42:05.5,4.8489328e-05
42:06.5,2.1443373e-05
42:07.5,1.5592826e-05
42:08.5,1.0883023e-05
42:09.5,-2.24E-05
42:10.5,-4.20E-06
42:11.5,1.9450807e-05
42:12.5,-1.11E-05
42:13.5,-1.61E-05
42:14.5,1.1885481e-05
42:15.5,2.42724e-05
42:16.5,5.60132e-05
42:17.5,3.7874397e-05
42:18.5,4.2722644e-05
42:19.5,4.999958e-05
42:20.5,8.374151e-06
42:21.5,-7.48E-06
42:22.5,-4.67E-06
42:23.5,1.507439e-05
42:24.5,3.6343125e-05
42:25.5,6.2489955e-05
42:26.5,7.227375e-05
42:27.5,8.816384e-05
42:28.5,6.8890535e-05
42:29.5,6.5157066e-05
42:30.5,8.1007485e-05
42:31.5,8.6958295e-05
42:32.5,9.71217e-05
42:33.5,9.2653565e-05
42:34.5,0.000115212
42:35.5,8.7580534e-05
42:36.5,8.723306e-05
42:37.5,0.000104519
42:38.5,0.000117629
42:39.5,0.000148183
42:40.5,0.000119219
42:41.5,7.244496e-05
42:42.5,4.1205538e-05
42:43.5,1.7546603e-06
42:44.5,-1.71E-05
42:45.5,1.9939907e-06
42:46.5,3.2735323e-05
42:47.5,7.168503e-05
42:48.5,7.3748204e-05
42:49.5,4.8122954e-05
42:50.5,5.8483864e-05
42:51.5,2.8814286e-05
42:52.5,1.6808375e-05
42:53.5,-2.07E-06
42:54.5,-2.43E-05
42:55.5,-2.94E-05
42:56.5,-2.05E-05
42:57.5,-1.07E-05
42:58.5,-2.63E-05
42:59.5,-3.10E-05
43:00.4,-4.10E-05
43:01.4,-6.95E-05
43:02.4,-7.10E-05
43:03.4,-5.63E-05
43:04.4,-4.77E-05
43:05.4,-3.60E-05
43:06.4,-4.35E-05
43:07.4,-5.41E-05
43:08.4,-2.09E-05
43:09.4,3.235356e-06
43:10.4,2.0377336e-05
43:11.4,3.8252958e-05
43:12.4,3.5498982e-05
43:13.4,4.7041278e-05
43:14.4,4.0108014e-05
43:15.4,5.112025e-05
43:16.4,6.464858e-05
43:17.4,5.109907e-05
43:18.4,7.8837395e-05
43:19.4,6.9069734e-05
43:20.4,6.842353e-05
43:21.4,8.019375e-05
43:22.4,7.9402904e-05
43:23.4,2.6715643e-05
43:24.4,2.0755295e-05
43:25.4,4.9895403e-05
43:26.4,4.1141622e-05
43:27.4,3.3675497e-05
43:28.4,1.758759e-05
43:29.4,1.3707212e-05
43:30.4,3.8723705e-05
43:31.4,3.9762224e-05
43:32.4,3.6975136e-05
43:33.4,3.706822e-05
43:34.4,4.319403e-05
43:35.4,2.531185e-05
43:36.4,3.9865496e-05
43:37.4,3.8155464e-05
43:38.4,1.9222352e-06
43:39.4,-1.13E-05
43:40.4,-1.47E-05
43:41.4,-2.33E-06
43:42.4,-6.46E-05
43:43.4,-7.65E-05
43:44.4,-6.54E-05
43:45.4,-3.66E-05
43:46.4,-4.84E-05
43:47.4,-4.90E-05
43:48.4,-3.00E-05
43:49.4,-4.47E-05
43:50.4,-2.22E-05
43:51.4,1.5121384e-05
43:52.4,1.9057024e-05
43:53.4,-7.53E-06
43:54.4,-2.66E-06
43:55.4,-6.60E-06
43:56.4,-2.00E-05
43:57.4,-6.26E-05
43:58.4,-7.58E-05
43:59.4,-8.69E-05
44:00.4,-6.21E-05
44:01.3,-5.23E-05
44:02.3,-3.64E-05
44:03.3,-2.53E-05
44:04.3,-2.50E-05
44:05.3,-4.64E-05
44:06.3,-4.17E-05
44:07.3,-3.09E-05
44:08.3,-6.93E-06
44:09.3,1.1010755e-05
44:10.3,2.5333582e-05
44:11.3,3.7931568e-05
44:12.3,7.926349e-05
44:13.3,5.5402714e-05
44:14.3,2.6477861e-05
44:15.3,-1.54E-05
44:16.3,-5.42E-05
44:17.3,-9.98E-05
44:18.3,-8.80E-05
44:19.3,-6.43E-05
44:20.3,-6.18E-05
44:21.3,-6.61E-05
44:22.3,-2.83E-05
44:23.3,-2.17E-05
44:24.3,-2.65E-05
44:25.3,-1.68E-05
44:26.3,-1.16E-05
44:27.3,2.3009177e-05
44:28.3,2.7721966e-05
44:29.3,2.3842262e-05
44:30.3,3.2083208e-05
44:31.3,8.1881655e-05
44:32.3,6.835704e-05
44:33.3,6.2520005e-05
44:34.3,9.063916e-05
44:35.3,0.000101984
44:36.3,0.00011558
44:37.3,0.000123598
44:38.3,0.000102069
44:39.3,7.776566e-05
44:40.3,8.167276e-05
44:41.3,0.000148777
44:42.3,0.000224151
44:43.3,0.000212298
44:44.3,0.000188114
44:45.3,0.000149997
44:46.3,9.8419536e-05
44:47.3,9.9289326e-05
44:48.3,7.161037e-05
44:49.3,8.6450564e-05
44:50.3,4.9708866e-05
44:51.3,3.8174112e-05
44:52.3,3.1048134e-05
44:53.3,4.054377e-05
44:54.3,6.60633e-05
44:55.3,6.7195026e-05
44:56.3,6.968535e-05
44:57.3,9.3719435e-05
44:58.3,9.283905e-05
44:59.3,6.263863e-05
45:00.3,5.4481105e-05
45:01.3,4.794973e-05
45:02.2,6.567461e-05
45:03.2,9.106771e-05
45:04.2,0.000106221
45:05.2,0.000109121
45:06.2,8.8040186e-05
45:07.2,9.2901086e-05
45:08.2,0.000108933
45:09.2,0.000127535
45:10.2,0.00012999
45:11.2,0.000122099
45:12.2,0.000114734
45:13.2,0.0001236
45:14.2,0.000111489
45:15.2,0.000112539
45:16.2,0.000118045
45:17.2,7.392693e-05
45:18.2,5.4781252e-05
45:19.2,5.6159606e-05
45:20.2,6.817091e-05
45:21.2,8.0813814e-05
45:22.2,7.043021e-05
45:23.2,7.459421e-05
45:24.2,0.000104274
45:25.2,8.4005216e-05
45:26.2,7.622433e-05
45:27.2,4.9963503e-05
45:28.2,8.3267e-06
45:29.2,1.3407964e-05
45:30.2,3.6050808e-06
45:31.2,-1.34E-06
45:32.2,2.022816e-05
45:33.2,1.8978893e-05
45:34.2,8.122661e-06
45:35.2,1.6864078e-06
45:36.2,2.0568496e-05
45:37.2,2.6532649e-05
45:38.2,4.3171014e-05
45:39.2,4.7363585e-05
45:40.2,1.7608145e-05
45:41.2,1.3535927e-06
45:42.2,-1.97E-05
45:43.2,-5.05E-05
45:44.2,-6.67E-05
45:45.2,-7.53E-05
45:46.2,-6.31E-05
45:47.2,-4.97E-05
45:48.2,-5.53E-05
45:49.2,-2.29E-05
45:50.2,-1.26E-05
45:51.2,-3.44E-05
45:52.2,-7.45E-05
45:53.2,-0.00011291
45:54.2,-0.000117088
45:55.2,-0.000126794
45:56.2,-0.000152729
45:57.2,-0.000198799
45:58.2,-0.000180729
45:59.2,-0.000186243
46:00.2,-0.000175273
46:01.2,-0.000171394
46:02.2,-0.000151652
46:03.2,-0.000138648
46:04.1,-0.000133139
46:05.1,-0.000124011
46:06.1,-0.000134612
46:07.1,-8.79E-05
46:08.1,-5.96E-05
46:09.1,-6.77E-05
46:10.1,-3.59E-05
46:11.1,-1.04E-05
46:12.1,-3.22E-06
46:13.1,-2.98E-06
46:14.1,1.3104824e-05
46:15.1,1.1086197e-05
46:16.1,-7.16E-06
46:17.1,1.5136159e-06
46:18.1,-2.77E-06
46:19.1,-3.47E-05
46:20.1,-2.51E-05
46:21.1,-4.92E-06
46:22.1,3.5075012e-05
46:23.1,6.9287103e-06
46:24.1,4.592184e-06
46:25.1,8.262785e-08
46:26.1,2.0254121e-05
46:27.1,2.0813755e-05
46:28.1,-3.76E-06
46:29.1,-2.03E-05
46:30.1,-1.83E-05
46:31.1,2.4860417e-05
46:32.1,4.883478e-05
46:33.1,2.3340317e-05
46:34.1,1.862292e-05
46:35.1,1.9442157e-05
46:36.1,-1.38E-05
46:37.1,-3.04E-05
46:38.1,-4.60E-05
46:39.1,-5.20E-05
46:40.1,-1.91E-05
46:41.1,-1.16E-05
46:42.1,5.720573e-06
46:43.1,1.8114548e-05
46:44.1,2.7161459e-05
46:45.1,3.3511507e-05
46:46.1,6.708964e-05
46:47.1,4.444606e-05
46:48.1,3.6956255e-05
46:49.1,5.832339e-05
46:50.1,7.669536e-05
46:51.1,5.830824e-05
46:52.1,5.5816527e-05
46:53.1,5.8255107e-05
46:54.1,0
46:55.1,-1.98E-05
46:56.1,-4.73E-05
46:57.1,-7.29E-05
46:58.1,-6.20E-05
46:59.1,-4.82E-05
47:00.1,-3.49E-05
47:01.1,-1.23E-05
47:02.1,-3.54E-05
47:03.1,-4.36E-05
47:04.1,-2.29E-05
47:05.0,-1.10E-05
47:06.0,-3.20E-05
47:07.0,-8.46E-05
47:08.0,-0.000103116
47:09.0,-0.000128772
47:10.0,-0.00013808
47:11.0,-0.000144939
47:12.0,-0.000150622
47:13.0,-0.000144143
47:14.0,-0.000165985
47:15.0,-0.000146659
47:16.0,-0.000133386
47:17.0,-9.90E-05
47:18.0,-9.71E-05
47:19.0,-0.000114459
47:20.0,-0.000141377
47:21.0,-0.000134547
47:22.0,-0.00014309
47:23.0,-0.000160355
47:24.0,-0.000152024
47:25.0,-0.00013254
47:26.0,-0.000120692
47:27.0,-0.000129512
47:28.0,-0.000109473
47:29.0,-0.000108963
47:30.0,-0.000157169
47:31.0,-0.000164161
47:32.0,-0.000155594
47:33.0,-0.000137853
47:34.0,-0.000173713
47:35.0,-0.000151442
47:36.0,-0.000183584
47:37.0,-0.000179063
47:38.0,-0.000165316
47:39.0,-0.000148086
47:40.0,-0.000124025
47:41.0,-0.000143867
47:42.0,-0.000174489
47:43.0,-0.000211828
47:44.0,-0.000206544
47:45.0,-0.000236625
47:46.0,-0.000251845
47:47.0,-0.000232489
47:48.0,-0.000217012
47:49.0,-0.000213748
47:50.0,-0.000215565
47:51.0,-0.000241681
47:52.0,-0.000255681
47:53.0,-0.000273924
47:54.0,-0.000282172
47:55.0,-0.000286347
47:56.0,-0.000289938
47:57.0,-0.000314297
47:58.0,-0.000322537
47:59.0,-0.000334377
48:00.0,-0.000337573
48:01.0,-0.0003664
48:02.0,-0.000353034
48:03.0,-0.000337381
48:04.0,-0.00034915
48:05.0,-0.000324694
48:05.9,-0.000346922
48:06.9,-0.000324887
48:07.9,-0.000297957
48:08.9,-0.000351304
48:09.9,-0.000377046
48:10.9,-0.000362046
48:11.9,-0.000375476
48:12.9,-0.000402791
48:13.9,-0.000405059
48:14.9,-0.000440204
48:15.9,-0.000431034
48:16.9,-0.000457377
48:17.9,-0.000450797
48:18.9,-0.000434907
48:19.9,-0.000399795
48:20.9,-0.000393817
48:21.9,-0.00037608
48:22.9,-0.000380021
48:23.9,-0.000383972
48:24.9,-0.000388849
48:25.9,-0.000379327
48:26.9,-0.000374136
48:27.9,-0.000377468
48:28.9,-0.000390582
48:29.9,-0.000396488
48:30.9,-0.000430779
48:31.9,-0.00041269
48:32.9,-0.000415193
48:33.9,-0.000398564
48:34.9,-0.000405569
48:35.9,-0.000386421
48:36.9,-0.000380018
48:37.9,-0.000392174
48:38.9,-0.000407388
48:39.9,-0.000450758
48:40.9,-0.000462098
48:41.9,-0.000441285
48:42.9,-0.000464902
48:43.9,-0.000473451
48:44.9,-0.00046094
48:45.9,-0.000455595
48:46.9,-0.000428751
48:47.9,-0.000423781
48:48.9,-0.000450009
48:49.9,-0.000474681
48:50.9,-0.000446266
48:51.9,-0.00043511
48:52.9,-0.000398611
48:53.9,-0.000369359
48:54.9,-0.000390747
48:55.9,-0.000425669
48:56.9,-0.000432693
48:57.9,-0.000447371
48:58.9,-0.000455181
48:59.9,-0.000450283
49:00.9,-0.000459223
49:01.9,-0.000439331
49:02.9,-0.000430323
49:03.9,-0.000456275
49:04.9,-0.000444887
49:05.9,-0.000431484
49:06.8,-0.000410856
49:07.8,-0.000386958
49:08.8,-0.000377331
49:09.8,-0.00034991
49:10.8,-0.000329661
49:11.8,-0.000339629
49:12.8,-0.000338012
49:13.8,-0.000333978
49:14.8,-0.000322347
49:15.8,-0.000335123
49:16.8,-0.000351859
49:17.8,-0.000379839
49:18.8,-0.00037705
49:19.8,-0.000340846
49:20.8,-0.000352097
49:21.8,-0.000359634
49:22.8,-0.00035323
49:23.8,-0.000343915
49:24.8,-0.000334027
49:25.8,-0.000369643
49:26.8,-0.000358623
49:27.8,-0.000367108
49:28.8,-0.000358633
49:29.8,-0.0003486
49:30.8,-0.000356641
49:31.8,-0.000357849
49:32.8,-0.0003721
49:33.8,-0.000368957
49:34.8,-0.000350901
49:35.8,-0.000343859
49:36.8,-0.000367831
49:37.8,-0.00037487
49:38.8,-0.00037865
49:39.8,-0.00041429
49:40.8,-0.000417182
49:41.8,-0.000398427
49:42.8,-0.000388708
49:43.8,-0.000345003
49:44.8,-0.000364645
49:45.8,-0.000389281
49:46.8,-0.00041554
49:47.8,-0.000390604
49:48.8,-0.000349128
49:49.8,-0.000327022
49:50.8,-0.000312261
49:51.8,-0.000344913
49:52.8,-0.000349825
49:53.8,-0.000354279
49:54.8,-0.000328088
49:55.8,-0.000312993
49:56.8,-0.000299261
49:57.8,-0.000285144
49:58.8,-0.000271185
49:59.8,-0.000252762
50:00.8,-0.000238315
50:01.8,-0.000224357
50:02.8,-0.000236439
50:03.8,-0.000191969
50:04.8,-0.000192552
50:05.8,-0.00019402
50:06.8,-0.000230021
50:07.7,-0.000248424
50:08.7,-0.000224421
50:09.7,-0.000217532
50:10.7,-0.000211879
50:11.7,-0.000227797
50:12.7,-0.000237136
50:13.7,-0.00022406
50:14.7,-0.000218811
50:15.7,-0.000205549
50:16.7,-0.000228929
50:17.7,-0.000207985
50:18.7,-0.000228656
50:19.7,-0.00024475
50:20.7,-0.00022674
50:21.7,-0.000211311
50:22.7,-0.000199708
50:23.7,-0.000156461
50:24.7,-0.000164054
50:25.7,-0.000133223
50:26.7,-0.000106035
50:27.7,-8.73E-05
50:28.7,-0.000109946
50:29.7,-0.000147371
50:30.7,-0.00015273
50:31.7,-0.000192874
50:32.7,-0.000228624
50:33.7,-0.000218131
50:34.7,-0.000213752
50:35.7,-0.000188376
50:36.7,-0.000204446
50:37.7,-0.000210544
50:38.7,-0.000209159
50:39.7,-0.0002033
50:40.7,-0.000230301
50:41.7,-0.000248159
50:42.7,-0.000265695
50:43.7,-0.000291646
50:44.7,-0.000294759
50:45.7,-0.000261536
50:46.7,-0.000258643
50:47.7,-0.000253808
50:48.7,-0.000270099
50:49.7,-0.000289088
50:50.7,-0.000289413
50:51.7,-0.000298013
50:52.7,-0.000320627
50:53.7,-0.000322609
50:54.7,-0.000339657
50:55.7,-0.000353612
50:56.7,-0.000350992
50:57.7,-0.000329181
50:58.7,-0.000326708
50:59.7,-0.000319865
51:00.7,-0.000325133
51:01.7,-0.000345698
51:02.7,-0.000350608
51:03.7,-0.000351296
51:04.7,-0.000357618
51:05.7,-0.000375475
51:06.7,-0.000376209
51:07.7,-0.000356603
51:08.6,-0.000390725
51:09.6,-0.000430107
51:10.6,-0.000450434
51:11.6,-0.000465503
51:12.6,-0.000459226
51:13.6,-0.000455272
51:14.6,-0.000463442
51:15.6,-0.000478277
51:16.6,-0.00048397
51:17.6,-0.000481189
51:18.6,-0.000449262
51:19.6,-0.000405851
51:20.6,-0.000405534
51:21.6,-0.00040234
51:22.6,-0.000402868
51:23.6,-0.000429625
51:24.6,-0.000450689
51:25.6,-0.000435147
51:26.6,-0.000461387
51:27.6,-0.000478192
51:28.6,-0.000474266
51:29.6,-0.000454317
51:30.6,-0.000468975
51:31.6,-0.000464536
51:32.6,-0.000453072
51:33.6,-0.000430464
51:34.6,-0.000423892
51:35.6,-0.000431365
51:36.6,-0.000422253
51:37.6,-0.000422435
51:38.6,-0.000415267
51:39.6,-0.000423716
51:40.6,-0.000409569
51:41.6,-0.00039398
51:42.6,-0.000393811
51:43.6,-0.000412994
51:44.6,-0.000414467
51:45.6,-0.000398807
51:46.6,-0.000415699
51:47.6,-0.000426649
51:48.6,-0.000444938
51:49.6,-0.000470955
51:50.6,-0.000481855
51:51.6,-0.000483869
51:52.6,-0.00049973
51:53.6,-0.000506349
51:54.6,-0.000526865
51:55.6,-0.000522703
51:56.6,-0.000542959
51:57.6,-0.000540662
51:58.6,-0.000579584
51:59.6,-0.000618052
52:00.6,-0.000622952
52:01.6,-0.000590834
52:02.6,-0.000604504
52:03.6,-0.00062533
52:04.6,-0.000623481
52:05.6,-0.000630074
52:06.6,-0.0006353
52:07.6,-0.000681694
52:08.6,-0.00068324
52:09.5,-0.000657083
52:10.5,-0.000660632
52:11.5,-0.000675815
52:12.5,-0.000648713
52:13.5,-0.000650841
52:14.5,-0.0006283
52:15.5,-0.000616882
52:16.5,-0.000628141
52:17.5,-0.000648645
52:18.5,-0.00064965
52:19.5,-0.000668171
52:20.5,-0.000686388
52:21.5,-0.000690986
52:22.5,-0.000668537
52:23.5,-0.00065409
52:24.5,-0.000637038
52:25.5,-0.000607695
52:26.5,-0.000609803
52:27.5,-0.000673679
52:28.5,-0.000687828
52:29.5,-0.000679481
52:30.5,-0.000642082
52:31.5,-0.000608976
52:32.5,-0.000553332
52:33.5,-0.00051888
52:34.5,-0.000507025
52:35.5,-0.000507689
52:36.5,-0.00053452
52:37.5,-0.000488206
52:38.5,-0.000473617
52:39.5,-0.000455491
52:40.5,-0.000469291
52:41.5,-0.000481934
52:42.5,-0.000516471
52:43.5,-0.000585059
52:44.5,-0.00062762
52:45.5,-0.00061248
52:46.5,-0.000599179
52:47.5,-0.000635578
52:48.5,-0.000679622
52:49.5,-0.000691405
52:50.5,-0.000662087
52:51.5,-0.000671382
52:52.5,-0.000675997
52:53.5,-0.000658734
52:54.5,-0.000677285
52:55.5,-0.000647898
52:56.5,-0.000686918
52:57.5,-0.000640348
52:58.5,-0.000626319
52:59.5,-0.00065149
53:00.5,-0.000652334
53:01.5,-0.00063519
53:02.5,-0.000614172
53:03.5,-0.000623103
53:04.5,-0.000654527
53:05.5,-0.000624634
53:06.5,-0.000608479
53:07.5,-0.000621983
53:08.5,-0.000622262
53:09.5,-0.000629726
53:10.4,-0.000606973
53:11.4,-0.000589703
53:12.4,-0.00061253
53:13.4,-0.000613834
53:14.4,-0.000633853
53:15.4,-0.000615007
53:16.4,-0.000569354
53:17.4,-0.00059279
53:18.4,-0.000612474
53:19.4,-0.000628993
53:20.4,-0.000679005
53:21.4,-0.000708422
53:22.4,-0.000721806
53:23.4,-0.000756464
53:24.4,-0.000757951
53:25.4,-0.000769697
53:26.4,-0.000782152
53:27.4,-0.000782897
53:28.4,-0.000715233
53:29.4,-0.000692016
53:30.4,-0.00065741
53:31.4,-0.000628819
53:32.4,-0.000600636
53:33.4,-0.000590736
53:34.4,-0.000627895
53:35.4,-0.000630738
53:36.4,-0.000618516
53:37.4,-0.000612818
53:38.4,-0.000617543
53:39.4,-0.00062513
53:40.4,-0.000630474
53:41.4,-0.000638128
53:42.4,-0.000651358
53:43.4,-0.000646574
53:44.4,-0.000645796
53:45.4,-0.000675576
53:46.4,-0.000633457
53:47.4,-0.000642935
53:48.4,-0.000647856
53:49.4,-0.000649542
53:50.4,-0.000625243
53:51.4,-0.000648202
53:52.4,-0.000638375
53:53.4,-0.000632152
53:54.4,-0.000615537
53:55.4,-0.00060014
53:56.4,-0.000605419
53:57.4,-0.000586203
53:58.4,-0.0005851
53:59.4,-0.000610715
54:00.4,-0.000616106
54:01.4,-0.000633438
54:02.4,-0.000611685
54:03.4,-0.000616011
54:04.4,-0.000627478
54:05.4,-0.000607977
54:06.4,-0.000619966
54:07.4,-0.000626448
54:08.4,-0.000631349
54:09.4,-0.000630665
54:10.4,-0.000613577
54:11.3,-0.000608617
54:12.3,-0.000619057
54:13.3,-0.000608588
54:14.3,-0.000599304
54:15.3,-0.000585747
54:16.3,-0.000592562
54:17.3,-0.000591647
54:18.3,-0.000565823
54:19.3,-0.00059639
54:20.3,-0.000626068
54:21.3,-0.000604985
54:22.3,-0.000597334
54:23.3,-0.000603437
54:24.3,-0.000612469
54:25.3,-0.000640749
54:26.3,-0.000652669
54:27.3,-0.000657367
54:28.3,-0.000656321
54:29.3,-0.000684597
54:30.3,-0.000659283
54:31.3,-0.000654149
54:32.3,-0.000668249
54:33.3,-0.000675422
54:34.3,-0.000683244
54:35.3,-0.00069717
54:36.3,-0.000674969
54:37.3,-0.000658404
54:38.3,-0.000666541
54:39.3,-0.000664954
54:40.3,-0.000661964
54:41.3,-0.000661417
54:42.3,-0.000648311
54:43.3,-0.000679735
54:44.3,-0.000684951
54:45.3,-0.000671638
54:46.3,-0.000672117
54:47.3,-0.000639074
54:48.3,-0.000643171
54:49.3,-0.00065275
54:50.3,-0.000638381
54:51.3,-0.000586819
54:52.3,-0.00057832
54:53.3,-0.000559147
54:54.3,-0.000538853
54:55.3,-0.000556003
54:56.3,-0.000588282
54:57.3,-0.000602774
54:58.3,-0.000597212
54:59.3,-0.000605339
55:00.3,-0.000623374
55:01.3,-0.000605356
55:02.3,-0.000574233
55:03.3,-0.0005662
55:04.3,-0.000591081
55:05.3,-0.000627541
55:06.3,-0.0006209
55:07.3,-0.000616262
55:08.3,-0.00061998
55:09.3,-0.00062069
55:10.3,-0.000601524
55:11.3,-0.000597571
55:12.3,-0.000604805
55:13.2,-0.000617989
55:14.2,-0.000632666
55:15.2,-0.000624994
55:16.2,-0.000627769
55:17.2,-0.000637376
55:18.2,-0.000665382
55:19.2,-0.000671206
55:20.2,-0.000660333
55:21.2,-0.000670249
55:22.2,-0.000685638
55:23.2,-0.000671696
55:24.2,-0.000675185
55:25.2,-0.000651491
55:26.2,-0.000665874
55:27.2,-0.000668867
55:28.2,-0.00065249
55:29.2,-0.000662121
55:30.2,-0.000675678
55:31.2,-0.000682743
55:32.2,-0.000641542
55:33.2,-0.000631181
55:34.2,-0.000661564
55:35.2,-0.000690915
55:36.2,-0.000713971
55:37.2,-0.000681897
55:38.2,-0.00069842
55:39.2,-0.000705563
55:40.2,-0.000723112
55:41.2,-0.000742112
55:42.2,-0.00072824
55:43.2,-0.000738421
55:44.2,-0.000757554
55:45.2,-0.00074855
55:46.2,-0.000725139
55:47.2,-0.000728995
55:48.2,-0.000697739
55:49.2,-0.000709365
55:50.2,-0.000702811
55:51.2,-0.00071087
55:52.2,-0.000769908
55:53.2,-0.000766359
55:54.2,-0.000742862
55:55.2,-0.000758507
55:56.2,-0.000761144
55:57.2,-0.000767263
55:58.2,-0.000766097
55:59.2,-0.000796701
56:00.2,-0.000804443
56:01.2,-0.000825695
56:02.2,-0.000800479
56:03.2,-0.000820251
56:04.2,-0.00082591
56:05.2,-0.000810272
56:06.2,-0.000831168
56:07.2,-0.000825601
56:08.2,-0.000835272
56:09.2,-0.00083549
56:10.2,-0.000815886
56:11.2,-0.000832243
56:12.2,-0.000857078
56:13.2,-0.000849443
56:14.1,-0.000858127
56:15.1,-0.000891295
56:16.1,-0.000879204
56:17.1,-0.000884723
56:18.1,-0.000871277
56:19.1,-0.000870792
56:20.1,-0.000882251
56:21.1,-0.000879484
56:22.1,-0.000847732
56:23.1,-0.000846283
56:24.1,-0.000829079
56:25.1,-0.00084838
56:26.1,-0.000842231
56:27.1,-0.000801743
56:28.1,-0.000785387
56:29.1,-0.000741728
56:30.1,-0.000735688
56:31.1,-0.000735921
56:32.1,-0.000747866
56:33.1,-0.000749542
56:34.1,-0.000734473
56:35.1,-0.000729344
56:36.1,-0.000700004
56:37.1,-0.000676195
56:38.1,-0.000657452
56:39.1,-0.000638232
56:40.1,-0.000641589
56:41.1,-0.00065891
56:42.1,-0.00069767
56:43.1,-0.000720455
56:44.1,-0.000714256
56:45.1,-0.000724792
56:46.1,-0.000728969
56:47.1,-0.000751129
56:48.1,-0.000775548
56:49.1,-0.000753211
56:50.1,-0.000754643
56:51.1,-0.000733988
56:52.1,-0.000727134
56:53.1,-0.000712007
56:54.1,0
56:55.1,3.052266e-05
56:56.1,4.0812294e-05
56:57.1,3.4622077e-05
56:58.1,1.2141383e-05
56:59.1,8.517835e-06
57:00.1,1.6982463e-05
57:01.1,1.0014445e-05
57:02.1,2.4643118e-06
57:03.1,2.4326018e-05
57:04.1,1.5654128e-05
57:05.1,-5.52E-06
57:06.1,-1.98E-05
57:07.1,-6.93E-06
57:08.1,1.3754977e-05
57:09.1,1.9476407e-05
57:10.1,1.971749e-05
57:11.1,1.0038512e-05
57:12.1,2.329875e-06
57:13.1,-3.23E-05
57:14.1,-3.80E-05
57:15.0,-3.15E-05
57:16.0,-1.56E-05
57:17.0,-2.30E-06
57:18.0,-2.22E-05
57:19.0,-3.47E-05
57:20.0,-3.00E-05
57:21.0,-1.92E-05
57:22.0,-1.84E-05
57:23.0,-2.55E-05
57:24.0,-2.97E-05
57:25.0,-3.07E-05
57:26.0,-3.29E-05
57:27.0,-3.57E-05
57:28.0,-5.21E-05
57:29.0,-4.86E-05
57:30.0,-3.82E-05
57:31.0,-3.71E-05
57:32.0,-3.33E-05
57:33.0,-5.18E-05
57:34.0,-4.25E-05
57:35.0,-3.57E-05
57:36.0,-4.62E-05
57:37.0,-4.92E-05
57:38.0,-7.31E-05
57:39.0,-7.96E-05
57:40.0,-8.53E-05
57:41.0,-9.45E-05
57:42.0,-0.000102047
57:43.0,-9.97E-05
57:44.0,-8.97E-05
57:45.0,-0.000115943
57:46.0,-0.000127135
57:47.0,-0.000116642
57:48.0,-0.000125875
57:49.0,-0.00012298
57:50.0,-0.000122755
57:51.0,-0.000117729
57:52.0,-0.000121376
57:53.0,-0.000102751
57:54.0,-0.000104729
57:55.0,-0.000114897
57:56.0,-9.93E-05
57:57.0,-0.000113068
57:58.0,-0.00011676
57:59.0,-0.000126558
58:00.0,-0.000127571
58:01.0,-8.65E-05
58:02.0,-5.17E-05
58:03.0,-2.71E-05
58:04.0,-1.68E-05
58:05.0,-1.27E-05
58:06.0,-7.16E-06
58:07.0,-3.84E-05
58:08.0,-5.84E-05
58:09.0,-6.12E-05
58:10.0,-5.79E-05
58:11.0,-3.78E-05
58:12.0,-3.71E-05
58:13.0,-2.93E-05
58:14.0,-3.87E-05
58:15.0,-6.30E-05
58:15.9,-9.28E-05
58:16.9,-8.66E-05
58:17.9,-6.25E-05
58:18.9,-4.06E-05
58:19.9,-6.14E-05
58:20.9,-5.73E-05
58:21.9,-7.25E-05
58:22.9,-6.54E-05
58:23.9,-8.17E-05
58:24.9,-7.66E-05
58:25.9,-5.98E-05
58:26.9,-8.14E-05
58:27.9,-5.51E-05
58:28.9,-4.97E-05
58:29.9,-8.97E-05
58:30.9,-0.000113755
58:31.9,-0.000136097
58:32.9,-0.000174081
58:33.9,-0.000142776
58:34.9,-0.000128559
58:35.9,-0.000108977
58:36.9,-0.000126006
58:37.9,-0.000140142
58:38.9,-0.000135282
58:39.9,-0.000124662
58:40.9,-0.000130051
58:41.9,-0.000100757
58:42.9,-0.000112354
58:43.9,-0.000115237
58:44.9,-0.000152554
58:45.9,-0.000171625
58:46.9,-0.000182542
58:47.9,-0.000186854
58:48.9,-0.000159428
58:49.9,-0.000176943
58:50.9,-0.000173727
58:51.9,-0.000168432
58:52.9,-0.000192598
58:53.9,-0.000187582
58:54.9,-0.000191429
58:55.9,-0.000214678
58:56.9,-0.000221793
58:57.9,-0.000251039
58:58.9,-0.000235793
58:59.9,-0.000211915
59:00.9,-0.000213361
59:01.9,-0.000216644
59:02.9,-0.00020541
59:03.9,-0.000229356
59:04.9,-0.000219137
59:05.9,-0.000239487
59:06.9,-0.000251003
59:07.9,-0.000282348
59:08.9,-0.000298532
59:09.9,-0.000302828
59:10.9,-0.000295278
59:11.9,-0.000302566
59:12.9,-0.000310894
59:13.9,-0.000326292
59:14.9,-0.000318267
59:15.9,-0.000288365
59:16.8,-0.00025617
59:17.8,-0.000279816
59:18.8,-0.000291581
59:19.8,-0.00032257
59:20.8,-0.000346513
59:21.8,-0.000337288
59:22.8,-0.000321454
59:23.8,-0.000326309
59:24.8,-0.000365404
59:25.8,-0.000345648
59:26.8,-0.000324427
59:27.8,-0.000296495
59:28.8,-0.000286634
59:29.8,-0.000266939
59:30.8,-0.0002473
59:31.8,-0.000243842
59:32.8,-0.000265463
59:33.8,-0.000282924
59:34.8,-0.000273618
59:35.8,-0.000262796
59:36.8,-0.000275008
59:37.8,-0.000264995
59:38.8,-0.000271371
59:39.8,-0.000257682
59:40.8,-0.000268609
59:41.8,-0.000280156
59:42.8,-0.000276349
59:43.8,-0.000262036
59:44.8,-0.000265597
59:45.8,-0.000279097
59:46.8,-0.000276937
59:47.8,-0.000293252
59:48.8,-0.00031208
59:49.8,-0.00032255
59:50.8,-0.000322041
59:51.8,-0.000328361
59:52.8,-0.000306488
59:53.8,-0.000307292
59:54.8,-0.000317059
59:55.8,-0.000321614
59:56.8,-0.00032313
59:57.8,-0.000318558
59:58.8,-0.000303605
59:59.8,-0.00028967
00:00.8,-0.000279045
00:01.8,-0.000283092
00:02.8,-0.000293996
00:03.8,-0.000321216
00:04.8,-0.000324573
00:05.8,-0.000326768
00:06.8,-0.000310959
00:07.8,-0.000301581
00:08.8,-0.000287753
00:09.8,-0.00027426
00:10.8,-0.000253678
00:11.8,-0.000227079
00:12.8,-0.000218612
00:13.8,-0.000196374
00:14.8,-0.000204729
00:15.8,-0.0002026
00:16.8,-0.000193225
00:17.7,-0.000228913
00:18.7,-0.000261501
00:19.7,-0.000276311
00:20.7,-0.000287341
00:21.7,-0.00028449
00:22.7,-0.000258297
00:23.7,-0.000261529
00:24.7,-0.000287888
00:25.7,-0.000279837
00:26.7,-0.000263645
00:27.7,-0.000260036
00:28.7,-0.000258783
00:29.7,-0.000254832
00:30.7,-0.000258263
00:31.7,-0.000228312
00:32.7,-0.00023389
00:33.7,-0.000239522
00:34.7,-0.000278492
00:35.7,-0.000271973
00:36.7,-0.000284155
00:37.7,-0.000293576
00:38.7,-0.000284023
00:39.7,-0.000275789
00:40.7,-0.000246046
00:41.7,-0.000238242
00:42.7,-0.000223568
00:43.7,-0.000225553
00:44.7,-0.000237957
00:45.7,-0.000218691
00:46.7,-0.000223382
00:47.7,-0.000245981
00:48.7,-0.000244811
00:49.7,-0.000265199
00:50.7,-0.000236237
00:51.7,-0.000216595
00:52.7,-0.000262946
00:53.7,-0.000267667
00:54.7,-0.000268777
00:55.7,-0.000278581
00:56.7,-0.000299106
00:57.7,-0.00030333
00:58.7,-0.000291831
00:59.7,-0.000296191
01:00.7,-0.000275742
01:01.7,-0.000288814
01:02.7,-0.000255094
01:03.7,-0.000270111
01:04.7,-0.000267283
01:05.7,-0.000285116
01:06.7,-0.000285305
01:07.7,-0.000332589
01:08.7,-0.000337745
01:09.7,-0.000293467
01:10.7,-0.000280054
01:11.7,-0.000272118
01:12.7,-0.000262419
01:13.7,-0.000258396
01:14.7,-0.000263212
01:15.7,-0.000270345
01:16.7,-0.000283563
01:17.7,-0.000301409
01:18.6,-0.000291907
01:19.6,-0.000283237
01:20.6,-0.000277427
01:21.6,-0.000258772
01:22.6,-0.000243655
01:23.6,-0.000250471
01:24.6,-0.000256906
01:25.6,-0.000243043
01:26.6,-0.000258696
01:27.6,-0.000261237
01:28.6,-0.000262973
01:29.6,-0.000273467
01:30.6,-0.000260286
01:31.6,-0.00026293
01:32.6,-0.000232307
01:33.6,-0.000209431
01:34.6,-0.000186494
01:35.6,-0.000153868
01:36.6,-0.000138321
01:37.6,-0.000148346
01:38.6,-0.000169253
01:39.6,-0.000179755
01:40.6,-0.000195277
01:41.6,-0.000160199
01:42.6,-0.000139714
01:43.6,-0.000109564
01:44.6,-9.49E-05
01:45.6,-9.47E-05
01:46.6,-7.83E-05
01:47.6,-7.12E-05
01:48.6,-5.90E-05
01:49.6,-3.29E-05
01:50.6,-3.93E-05
01:51.6,-5.58E-05
01:52.6,-7.37E-05
01:53.6,-6.29E-05
01:54.6,-9.12E-05
01:55.6,-7.89E-05
01:56.6,-6.93E-05
01:57.6,-9.03E-05
01:58.6,-8.82E-05
01:59.6,-0.000106561
02:00.6,-0.000116941
02:01.6,-0.000141808
02:02.6,-0.00015279
02:03.6,-0.000145409
02:04.6,-0.000110807
02:05.6,-0.000119148
02:06.6,-9.96E-05
02:07.6,-6.18E-05
02:08.6,-3.63E-05
02:09.6,-2.20E-05
02:10.6,-3.72E-05
02:11.6,-4.95E-05
02:12.6,-4.84E-05
02:13.6,-8.04E-05
02:14.6,-7.22E-05
02:15.6,-5.32E-05
02:16.6,-2.14E-05
02:17.6,-1.88E-05
02:18.6,-1.31E-05
02:19.5,-3.78E-06
02:20.5,7.208301e-06
02:21.5,-1.36E-05
02:22.5,-2.24E-05
02:23.5,-2.38E-05
02:24.5,-1.65E-05
02:25.5,-2.81E-06
02:26.5,7.820987e-06
02:27.5,-2.64E-06
02:28.5,5.137346e-06
02:29.5,2.8069979e-05
02:30.5,-1.12E-05
02:31.5,-3.47E-05
02:32.5,-5.67E-05
02:33.5,-7.90E-05
02:34.5,-8.11E-05
02:35.5,-8.58E-05
02:36.5,-7.50E-05
02:37.5,-8.70E-05
02:38.5,-8.83E-05
02:39.5,-0.000104617
02:40.5,-0.000116884
02:41.5,-9.83E-05
02:42.5,-7.90E-05
02:43.5,-9.59E-05
02:44.5,-0.000103223
02:45.5,-0.000129677
02:46.5,-0.000138826
02:47.5,-0.000121269
02:48.5,-0.000120671
02:49.5,-0.000115844
02:50.5,-0.000117336
02:51.5,-0.000110284
02:52.5,-0.000114423
02:53.5,-0.0001309
02:54.5,-0.000121552
02:55.5,-0.000152386
02:56.5,-0.000199635
02:57.5,-0.00021834
02:58.5,-0.000221226
02:59.5,-0.000215326
03:00.5,-0.000224251
03:01.5,-0.000202918
03:02.5,-0.000216386
03:03.5,-0.000256296
03:04.5,-0.000305017
03:05.5,-0.000307873
03:06.5,-0.000306573
03:07.5,-0.00030596
03:08.5,-0.000274191
03:09.5,-0.000265497
03:10.5,-0.000246239
03:11.5,-0.000253054
03:12.5,-0.000282129
03:13.5,-0.000293165
03:14.5,-0.000301387
03:15.5,-0.000313532
03:16.5,-0.000294612
03:17.5,-0.000327065
03:18.5,-0.000348407
03:19.5,-0.000334316
03:20.4,-0.000352592
03:21.4,-0.000369805
03:22.4,-0.000366903
03:23.4,-0.000345469
03:24.4,-0.000345854
03:25.4,-0.000371626
03:26.4,-0.000350836
03:27.4,-0.000356451
03:28.4,-0.000377023
03:29.4,-0.000392692
03:30.4,-0.000403936
03:31.4,-0.000406321
03:32.4,-0.000392058
03:33.4,-0.000363179
03:34.4,-0.000336544
03:35.4,-0.000344423
03:36.4,-0.000335432
03:37.4,-0.000335029
03:38.4,-0.000321042
03:39.4,-0.000299706
03:40.4,-0.000294923
03:41.4,-0.000261885
03:42.4,-0.000265827
03:43.4,-0.000263306
03:44.4,-0.000280568
03:45.4,-0.000260877
03:46.4,-0.000282288
03:47.4,-0.000290595
03:48.4,-0.000298709
03:49.4,-0.000310906
03:50.4,-0.000286654
03:51.4,-0.000289844
03:52.4,-0.00029629
03:53.4,-0.00030132
03:54.4,-0.000309689
03:55.4,-0.000326357
03:56.4,-0.000333759
03:57.4,-0.000336548
03:58.4,-0.000332769
03:59.4,-0.000339563
04:00.4,-0.000342829
04:01.4,-0.000357523
04:02.4,-0.000365994
04:03.4,-0.000331015
04:04.4,-0.00030282
04:05.4,-0.000296782
04:06.4,-0.000323971
04:07.4,-0.000342594
04:08.4,-0.000330947
04:09.4,-0.000342632
04:10.4,-0.000360291
04:11.4,-0.000333185
04:12.4,-0.000320203
04:13.4,-0.000329496
04:14.4,-0.00034133
04:15.4,-0.00035023
04:16.4,-0.000352028
04:17.4,-0.000360163
04:18.4,-0.000344828
04:19.4,-0.000350613
04:20.4,-0.000346938
04:21.4,-0.000339768
04:22.3,-0.00036001
04:23.3,-0.000375644
04:24.3,-0.000388134
04:25.3,-0.000383598
04:26.3,-0.000366718
04:27.3,-0.000385964
04:28.3,-0.000385807
04:29.3,-0.000411819
04:30.3,-0.000435972
04:31.3,-0.00042884
04:32.3,-0.00042973
04:33.3,-0.000416767
04:34.3,-0.000397027
04:35.3,-0.000420704
04:36.3,-0.000421341
04:37.3,-0.000457826
04:38.3,-0.000422571
04:39.3,-0.000377991
04:40.3,-0.000366792
04:41.3,-0.000362347
04:42.3,-0.000354473
04:43.3,-0.000336535
04:44.3,-0.000315967
04:45.3,-0.000340212
04:46.3,-0.000345024
04:47.3,-0.000361667
04:48.3,-0.000347166
04:49.3,-0.000328685
04:50.3,-0.000353102
04:51.3,-0.000367253
04:52.3,-0.000358668
04:53.3,-0.000355567
04:54.3,-0.000350225
04:55.3,-0.000335327
04:56.3,-0.000334376
04:57.3,-0.0003063
04:58.3,-0.000294873
04:59.3,-0.000281654
05:00.3,-0.000275145
05:01.3,-0.000267163
05:02.3,-0.000271221
05:03.3,-0.000280573
05:04.3,-0.000275893
05:05.3,-0.000260149
05:06.3,-0.000276537
05:07.3,-0.000274659
05:08.3,-0.000254948
05:09.3,-0.000278688
05:10.3,-0.000273691
05:11.3,-0.000286075
05:12.3,-0.000286971
05:13.3,-0.000305622
05:14.3,-0.000324392
05:15.3,-0.000329763
05:16.3,-0.000308484
05:17.3,-0.000297385
05:18.3,-0.000311823
05:19.3,-0.000312549
05:20.3,-0.000301787
05:21.3,-0.000300941
05:22.3,-0.000269322
05:23.2,-0.000270159
05:24.2,-0.000246237
05:25.2,-0.000219094
05:26.2,-0.000218674
05:27.2,-0.000216518
05:28.2,-0.000214676
05:29.2,-0.000204473
05:30.2,-0.000193252
05:31.2,-0.000192344
05:32.2,-0.000197663
05:33.2,-0.000212667
05:34.2,-0.000206597
05:35.2,-0.000207441
05:36.2,-0.000202128
05:37.2,-0.000200549
05:38.2,-0.000220263
05:39.2,-0.000248524
05:40.2,-0.000277677
05:41.2,-0.00027516
05:42.2,-0.000251424
05:43.2,-0.000246326
05:44.2,-0.000229542
05:45.2,-0.000226631
05:46.2,-0.000238041
05:47.2,-0.000229179
05:48.2,-0.000205945
05:49.2,-0.000197681
05:50.2,-0.000192741
05:51.2,-0.000183262
05:52.2,-0.000173587
05:53.2,-0.000185164
05:54.2,-0.000210697
05:55.2,-0.000226385
05:56.2,-0.000227043
05:57.2,-0.000224276
05:58.2,-0.000249865
05:59.2,-0.000260546
06:00.2,-0.00022952
06:01.2,-0.000232741
06:02.2,-0.000237363
06:03.2,-0.000258541
06:04.2,-0.00026575
06:05.2,-0.000267102
06:06.2,-0.000249832
06:07.2,-0.000250789
06:08.2,-0.000241134
06:09.2,-0.000260601
06:10.2,-0.0002687
06:11.2,-0.000289271
06:12.2,-0.000282104
06:13.2,-0.000266045
06:14.2,-0.00027968
06:15.2,-0.000318807
06:16.2,-0.000315306
06:17.2,-0.000338626
06:18.2,-0.000368108
06:19.2,-0.00034245
06:20.2,-0.000331037
06:21.2,-0.000302503
06:22.2,-0.000286344
06:23.2,-0.000289073
06:24.1,-0.000304655
06:25.1,-0.000287238
06:26.1,-0.000287018
06:27.1,-0.000262211
06:28.1,-0.000272772
06:29.1,-0.000298081
06:30.1,-0.000269478
06:31.1,-0.000265933
06:32.1,-0.000270057
06:33.1,-0.000274285
06:34.1,-0.000289195
06:35.1,-0.000273603
06:36.1,-0.000260756
06:37.1,-0.000267963
06:38.1,-0.000270795
06:39.1,-0.000276895
06:40.1,-0.000253502
06:41.1,-0.000238253
06:42.1,-0.000247475
06:43.1,-0.000223146
06:44.1,-0.000187622
06:45.1,-0.000194468
06:46.1,-0.00019475
06:47.1,-0.000195906
06:48.1,-0.000198452
06:49.1,-0.000189631
06:50.1,-0.000191992
06:51.1,-0.000186408
06:52.1,-0.000198764
06:53.1,-0.000189886
06:54.1,0
06:55.1,0.000217102
06:56.1,0.000165347
06:57.1,0.000146872
06:58.1,0.000138262
06:59.1,0.000127958
07:00.1,0.000139457
07:01.1,0.000100237
07:02.1,0.000116562
07:03.1,0.000115008
07:04.1,0.000149629
07:05.1,0.000139377
07:06.1,0.000134043
07:07.1,0.00014592
07:08.1,0.00015835
07:09.1,0.000148524
07:10.1,0.000150319
07:11.1,0.000161424
07:12.1,0.000112144
07:13.1,9.605085e-05
07:14.1,9.551855e-05
07:15.1,9.994307e-05
07:16.1,0.00011356
07:17.1,0.000123107
07:18.1,0.000127778
07:19.1,0.000127356
07:20.1,0.000150603
07:21.1,0.000135125
07:22.1,0.000123791
07:23.1,0.00012326
07:24.1,0.00013162
07:25.0,0.000176473
07:26.0,0.000190967
07:27.0,0.000188913
07:28.0,0.000193629
07:29.0,0.000190395
07:30.0,0.000176424
07:31.0,0.000206186
07:32.0,0.000253155
07:33.0,0.000243311
07:34.0,0.000213099
07:35.0,0.000191714
07:36.0,0.000172108
07:37.0,0.000137776
07:38.0,0.000137919
07:39.0,0.000166864
07:40.0,0.000152507
07:41.0,0.00014378
07:42.0,0.000132869
07:43.0,0.000127836
07:44.0,7.386466e-05
07:45.0,6.8423775e-05
07:46.0,4.8888207e-05
07:47.0,4.4878176e-05
07:48.0,5.3274598e-05
07:49.0,5.844147e-05
07:50.0,8.5757856e-05
07:51.0,0.000117164
07:52.0,0.000136067
07:53.0,0.000169295
07:54.0,0.000152949
07:55.0,0.000133419
07:56.0,0.000122289
07:57.0,8.992372e-05
07:58.0,7.852884e-05
07:59.0,8.3569925e-05
08:00.0,7.750452e-05
08:01.0,6.923969e-05
08:02.0,3.6900317e-05
08:03.0,2.4409755e-05
08:04.0,2.8228682e-05
08:05.0,2.0893547e-05
08:06.0,5.5268658e-05
08:07.0,8.0724465e-05
08:08.0,7.098513e-05
08:09.0,8.2166596e-05
08:10.0,9.4278104e-05
08:11.0,7.620554e-05
08:12.0,9.001723e-05
08:13.0,8.0166625e-05
08:14.0,4.930962e-05
08:15.0,6.334635e-05
08:16.0,7.0738206e-05
08:17.0,7.941767e-05
08:18.0,7.202793e-05
08:19.0,7.394209e-05
08:20.0,6.3191204e-05
08:21.0,4.4634653e-05
08:22.0,6.6402354e-05
08:23.0,8.130608e-05
08:24.0,7.8255456e-05
08:25.0,6.660049e-05
08:25.9,7.097934e-05
08:26.9,9.612108e-05
08:27.9,9.833144e-05
08:28.9,0.000117851
08:29.9,0.00011861
08:30.9,0.000108555
08:31.9,8.037502e-05
08:32.9,8.297763e-05
08:33.9,8.933067e-05
08:34.9,8.059633e-05
08:35.9,5.185942e-05
08:36.9,3.7278955e-05
08:37.9,6.547978e-05
08:38.9,5.72496e-05
08:39.9,6.006026e-05
08:40.9,7.048108e-05
08:41.9,7.7540215e-05
08:42.9,7.1186456e-05
08:43.9,5.6839206e-05
08:44.9,4.6324868e-07
08:45.9,-5.48E-06
08:46.9,-4.93E-06
08:47.9,-1.23E-06
08:48.9,-8.42E-06
08:49.9,-8.93E-06
08:50.9,-7.12E-06
08:51.9,-3.16E-05
08:52.9,-5.60E-05
08:53.9,-7.10E-05
08:54.9,-7.63E-05
08:55.9,-7.91E-05
08:56.9,-6.67E-05
08:57.9,-6.99E-05
08:58.9,-7.52E-05
08:59.9,-5.12E-05
09:00.9,-3.02E-05
09:01.9,-1.44E-06
09:02.9,1.6896227e-05
09:03.9,1.3149337e-05
09:04.9,7.1848062e-06
09:05.9,-2.82E-05
09:06.9,-3.36E-05
09:07.9,-1.65E-05
09:08.9,-2.87E-05
09:09.9,5.577443e-06
09:10.9,-6.39E-06
09:11.9,-4.59E-05
09:12.9,-3.44E-05
09:13.9,-1.80E-05
09:14.9,-3.80E-05
09:15.9,-4.69E-05
09:16.9,-6.48E-05
09:17.9,-6.59E-05
09:18.9,-6.11E-05
09:19.9,-8.31E-05
09:20.9,-0.000124641
09:21.9,-0.000115774
09:22.9,-0.000119479
09:23.9,-0.000133399
09:24.9,-0.00014494
09:25.9,-0.000114179
09:26.8,-0.000111589
09:27.8,-0.000135914
09:28.8,-0.000131818
09:29.8,-0.000119853
09:30.8,-0.000105424
09:31.8,-6.75E-05
09:32.8,-5.28E-05
09:33.8,-4.85E-05
09:34.8,-7.44E-05
09:35.8,-5.11E-05
09:36.8,-5.67E-05
09:37.8,-7.60E-05
09:38.8,-0.000100577
09:39.8,-0.000109227
09:40.8,-0.000124425
09:41.8,-0.000155857
09:42.8,-0.000151551
09:43.8,-0.000133477
09:44.8,-0.000105373
09:45.8,-9.78E-05
09:46.8,-0.000100887
09:47.8,-6.95E-05
09:48.8,-4.87E-05
09:49.8,-3.28E-05
09:50.8,-2.21E-05
09:51.8,-2.72E-05
09:52.8,-1.93E-05
09:53.8,-7.54E-05
09:54.8,-8.81E-05
09:55.8,-7.12E-05
09:56.8,-9.50E-05
09:57.8,-0.000102035
09:58.8,-7.33E-05
09:59.8,-8.56E-05
10:00.8,-0.000101986
10:01.8,-0.000151002
10:02.8,-0.000154113
10:03.8,-9.99E-05
10:04.8,-0.000122473
10:05.8,-0.000151711
10:06.8,-0.000138917
10:07.8,-0.000132748
10:08.8,-0.0001089
10:09.8,-6.63E-05
10:10.8,-4.45E-05
10:11.8,-7.10E-05
10:12.8,-2.29E-05
10:13.8,-8.53E-06
10:14.8,-3.17E-05
10:15.8,2.4839353e-06
10:16.8,3.5950863e-05
10:17.8,4.9193968e-05
10:18.8,3.791925e-05
10:19.8,2.4263907e-05
10:20.8,-5.51E-06
10:21.8,-3.58E-05
10:22.8,-4.64E-05
10:23.8,-4.59E-05
10:24.8,-5.18E-05
10:25.8,-2.93E-05
10:26.8,2.8619166e-05
10:27.7,3.194406e-05
10:28.7,-1.93E-05
10:29.7,-1.23E-05
10:30.7,6.7089045e-06
10:31.7,4.8805605e-06
10:32.7,1.1262216e-06
10:33.7,-1.28E-05
10:34.7,2.0059322e-05
10:35.7,6.1494764e-05
10:36.7,8.333581e-05
10:37.7,6.025055e-05
10:38.7,8.479363e-05
10:39.7,0.000118322
10:40.7,0.000154976
10:41.7,0.000180821
10:42.7,0.00019492
10:43.7,0.000227399
10:44.7,0.000273087
10:45.7,0.000261835
10:46.7,0.000254929
10:47.7,0.000286522
10:48.7,0.000285201
10:49.7,0.00030368
10:50.7,0.000324644
10:51.7,0.0003279
10:52.7,0.000310708
10:53.7,0.000312776
10:54.7,0.00031706
10:55.7,0.000362364
10:56.7,0.000387578
10:57.7,0.000406443
10:58.7,0.000431068
10:59.7,0.000417409
11:00.7,0.00040319
11:01.7,0.00042124
11:02.7,0.000411483
11:03.7,0.000422244
11:04.7,0.000402144
11:05.7,0.00040011
11:06.7,0.000384493
11:07.7,0.000368906
11:08.7,0.000353868
11:09.7,0.000351048
11:10.7,0.00033292
11:11.7,0.000338881
11:12.7,0.000326303
11:13.7,0.000347247
11:14.7,0.000349311
11:15.7,0.000294751
11:16.7,0.00026987
11:17.7,0.000273987
11:18.7,0.00027381
11:19.7,0.000262417
11:20.7,0.000234388
11:21.7,0.000175015
11:22.7,0.00015555
11:23.7,0.000149036
11:24.7,0.000138235
11:25.7,0.000152872
11:26.7,0.000158384
11:27.7,0.000141015
11:28.6,0.000151871
11:29.6,0.00016606
11:30.6,0.000180576
11:31.6,0.000181945
11:32.6,0.000210879
11:33.6,0.000214852
11:34.6,0.000222531
11:35.6,0.000203893
11:36.6,0.000186414
11:37.6,0.000178599
11:38.6,0.000202182
11:39.6,0.000173728
11:40.6,0.000149848
11:41.6,0.000130233
11:42.6,0.000125552
11:43.6,0.000153659
11:44.6,0.000160885
11:45.6,0.000129782
11:46.6,0.000116697
11:47.6,0.000152868
11:48.6,0.000177398
11:49.6,0.00018159
11:50.6,0.000200566
11:51.6,0.000194194
11:52.6,0.000207935
11:53.6,0.000210015
11:54.6,0.000206056
11:55.6,0.000202554
11:56.6,0.000183608
11:57.6,0.00017113
11:58.6,0.00012139
11:59.6,0.000126279
12:00.6,0.000191696
12:01.6,0.000197363
12:02.6,0.000214731
12:03.6,0.000192485
12:04.6,0.000179245
12:05.6,0.000168581
12:06.6,0.000186173
12:07.6,0.000211807
12:08.6,0.0002562
12:09.6,0.000241637
12:10.6,0.000243201
12:11.6,0.000281555
12:12.6,0.000299044
12:13.6,0.000305791
12:14.6,0.000282055
12:15.6,0.000251152
12:16.6,0.000214503
12:17.6,0.000191988
12:18.6,0.000207394
12:19.6,0.000188625
12:20.6,0.000164815
12:21.6,0.000182909
12:22.6,0.000143377
12:23.6,0.000121614
12:24.6,0.00010193
12:25.6,0.000146627
12:26.6,0.000153119
12:27.6,0.000159153
12:28.6,0.000125757
12:29.6,0.000111255
12:30.5,0.000109053
12:31.5,0.000129824
12:32.5,0.000118601
12:33.5,0.000104283
12:34.5,9.877514e-05
12:35.5,8.981436e-05
12:36.5,8.7200824e-05
12:37.5,7.2854054e-05
12:38.5,6.718828e-05
12:39.5,7.2920935e-05
12:40.5,0.000111614
12:41.5,0.000118429
12:42.5,0.000133988
12:43.5,0.000137172
12:44.5,0.000125753
12:45.5,0.000129978
12:46.5,0.00010941
12:47.5,0.000110664
12:48.5,0.000157485
12:49.5,0.000144578
12:50.5,0.000161812
12:51.5,0.000186216
12:52.5,0.000183253
12:53.5,0.000184976
12:54.5,0.000149887
12:55.5,0.000134836
12:56.5,0.000129166
12:57.5,0.000110808
12:58.5,8.1550184e-05
12:59.5,0.000108496
13:00.5,0.000135266
13:01.5,0.000147567
13:02.5,0.000164525
13:03.5,0.000175084
13:04.5,0.00017935
13:05.5,0.000177852
13:06.5,0.000199313
13:07.5,0.000237649
13:08.5,0.000246426
13:09.5,0.000229064
13:10.5,0.000202422
13:11.5,0.000157796
13:12.5,0.000161875
13:13.5,0.000133863
13:14.5,0.000112521
13:15.5,0.000113946
13:16.5,0.000104922
13:17.5,8.41054e-05
13:18.5,9.492997e-05
13:19.5,0.000104637
13:20.5,0.000124262
13:21.5,0.00013254
13:22.5,0.000132947
13:23.5,0.000143227
13:24.5,0.000129003
13:25.5,0.000122437
13:26.5,0.000116052
13:27.5,0.000115147
13:28.5,0.000142073
13:29.5,0.000135526
13:30.5,0.00013703
13:31.4,0.000125802
13:32.4,0.000116685
13:33.4,0.00012733
13:34.4,0.000166786
13:35.4,0.000183946
13:36.4,0.000150324
13:37.4,0.00012927
13:38.4,0.000139587
13:39.4,0.000133787
13:40.4,0.000127885
13:41.4,0.000135544
13:42.4,0.000145909
13:43.4,0.000130905
13:44.4,0.000137508
13:45.4,0.000168794
13:46.4,0.000180681
13:47.4,0.000161346
13:48.4,0.000140333
13:49.4,0.00013729
13:50.4,0.000110035
13:51.4,9.913314e-05
13:52.4,7.264046e-05
13:53.4,5.269728e-05
13:54.4,4.6001434e-05
13:55.4,6.734237e-05
13:56.4,6.894346e-05
13:57.4,7.602489e-05
13:58.4,3.604134e-05
13:59.4,3.8348506e-05
14:00.4,4.0453462e-05
14:01.4,3.5223893e-05
14:02.4,7.987892e-05
14:03.4,9.826434e-05
14:04.4,0.000136408
14:05.4,0.000146212
14:06.4,0.000104654
14:07.4,9.435991e-05
14:08.4,7.632672e-05
14:09.4,9.680612e-05
14:10.4,0.000122047
14:11.4,6.711528e-05
14:12.4,5.3567357e-05
14:13.4,3.471933e-05
14:14.4,2.5047562e-05
14:15.4,2.9144967e-05
14:16.4,7.5644195e-05
14:17.4,0.000120789
14:18.4,0.000127868
14:19.4,0.000131065
14:20.4,0.000133959
14:21.4,0.000135791
14:22.4,0.000141965
14:23.4,0.000144719
14:24.4,0.000129436
14:25.4,0.000126809
14:26.4,0.000135928
14:27.4,0.000135763
14:28.4,0.000148311
14:29.4,0.000159686
14:30.4,0.000155794
14:31.4,0.000157314
14:32.3,0.000184734
14:33.3,0.000184643
14:34.3,0.000215512
14:35.3,0.000207196
14:36.3,0.000203541
14:37.3,0.000207993
14:38.3,0.000229651
14:39.3,0.000234217
14:40.3,0.000199255
14:41.3,0.00017362
14:42.3,0.000141702
14:43.3,0.000134463
14:44.3,0.00011474
14:45.3,0.000101005
14:46.3,0.000135156
14:47.3,0.000172361
14:48.3,0.000177442
14:49.3,0.000214488
14:50.3,0.00023445
14:51.3,0.000238967
14:52.3,0.000228697
14:53.3,0.00022417
14:54.3,0.000234818
14:55.3,0.000270416
14:56.3,0.000266175
14:57.3,0.000269148
14:58.3,0.000258798
14:59.3,0.000232164
15:00.3,0.000235891
15:01.3,0.000256416
15:02.3,0.000216569
15:03.3,0.00023262
15:04.3,0.000195698
15:05.3,0.000190742
15:06.3,0.000188528
15:07.3,0.00019263
15:08.3,0.000203029
15:09.3,0.000225603
15:10.3,0.000187056
15:11.3,0.000182214
15:12.3,0.000156332
15:13.3,0.000122728
15:14.3,0.000102269
15:15.3,4.8833423e-05
15:16.3,6.8524634e-05
15:17.3,9.024285e-05
15:18.3,9.893104e-05
15:19.3,0.000105738
15:20.3,9.283882e-05
15:21.3,0.000118547
15:22.3,0.000117271
15:23.3,0.000101734
15:24.3,8.743941e-05
15:25.3,5.3228538e-05
15:26.3,4.0183422e-05
15:27.3,2.67394e-05
15:28.3,2.2241698e-05
15:29.3,6.0190478e-06
15:30.3,-1.37E-05
15:31.3,2.6931211e-05
15:32.3,8.9624584e-05
15:33.2,9.041873e-05
15:34.2,8.909722e-05
15:35.2,9.5738e-05
15:36.2,6.3838146e-05
15:37.2,6.0199454e-05
15:38.2,6.553721e-05
15:39.2,6.930069e-05
15:40.2,7.5967444e-05
15:41.2,8.5735686e-05
15:42.2,9.1698916e-05
15:43.2,5.3889707e-05
15:44.2,4.2055366e-05
15:45.2,6.326224e-05
15:46.2,8.128349e-05
15:47.2,6.668588e-05
15:48.2,5.822828e-05
15:49.2,5.5637025e-05
15:50.2,8.951157e-05
15:51.2,8.675715e-05
15:52.2,0.000106016
15:53.2,0.000114916
15:54.2,0.000115006
15:55.2,7.650802e-05
15:56.2,6.045509e-05
15:57.2,7.825365e-05
15:58.2,6.054376e-05
15:59.2,7.807056e-05
16:00.2,0.000140536
16:01.2,0.000116239
16:02.2,0.000146528
16:03.2,0.000201581
16:04.2,0.000196697
16:05.2,0.000201551
16:06.2,0.000183697
16:07.2,0.000190072
16:08.2,0.000219037
16:09.2,0.00023373
16:10.2,0.000216448
16:11.2,0.000189571
16:12.2,0.000181205
16:13.2,0.000191553
16:14.2,0.000191573
16:15.2,0.000182718
16:16.2,0.000172536
16:17.2,0.000128636
16:18.2,0.00010387
16:19.2,8.4226434e-05
16:20.2,5.930036e-05
16:21.2,5.7999012e-05
16:22.2,7.547676e-05
16:23.2,8.441334e-05
16:24.2,8.949973e-05
16:25.2,0.000126957
16:26.2,0.000140411
16:27.2,0.000166528
16:28.2,0.000156265
16:29.2,0.000124705
16:30.2,0.000111832
16:31.2,8.006366e-05
16:32.2,6.51965e-05
16:33.2,4.7183283e-05
16:34.1,4.1195777e-05
16:35.1,1.484402e-05
16:36.1,6.1859105e-06
16:37.1,3.21385e-05
16:38.1,2.1863092e-05
16:39.1,3.1962652e-05
16:40.1,5.8566835e-05
16:41.1,2.3678422e-05
16:42.1,1.2280987e-05
16:43.1,2.5375448e-05
16:44.1,2.4567466e-05
16:45.1,2.2954966e-05
16:46.1,4.5628178e-05
16:47.1,1.7816687e-05
16:48.1,1.7961205e-05
16:49.1,2.2438935e-05
16:50.1,1.686422e-05
16:51.1,8.649194e-06
16:52.1,6.1631604e-06
16:53.1,2.0793193e-05
16:54.1,0
16:55.1,3.909362e-05
16:56.1,2.8373039e-05
16:57.1,5.947005e-07
16:58.1,-7.53E-06
16:59.1,-7.51E-06
17:00.1,5.335826e-06
17:01.1,-1.31E-05
17:02.1,-2.14E-05
17:03.1,-1.14E-05
17:04.1,1.7483679e-05
17:05.1,2.125407e-05
17:06.1,4.9519072e-05
17:07.1,5.9613205e-05
17:08.1,8.918421e-05
17:09.1,8.8397785e-05
17:10.1,8.728924e-05
17:11.1,8.9343666e-05
17:12.1,8.2396946e-05
17:13.1,6.641607e-05
17:14.1,5.148417e-05
17:15.1,7.71292e-05
17:16.1,5.035835e-05
17:17.1,5.370597e-05
17:18.1,7.016351e-05
17:19.1,7.868408e-05
17:20.1,7.166965e-05
17:21.1,7.1182425e-05
17:22.1,8.346044e-05
17:23.1,7.047674e-05
17:24.1,4.8674858e-05
17:25.1,7.06202e-05
17:26.1,8.830275e-05
17:27.1,0.000101493
17:28.1,8.5516935e-05
17:29.1,0.000111718
17:30.1,0.000153014
17:31.1,0.000172334
17:32.1,0.000177772
17:33.1,0.000165395
17:34.1,0.000139256
17:35.0,0.000164715
17:36.0,0.000206171
17:37.0,0.000187156
17:38.0,0.000141356
17:39.0,0.000136384
17:40.0,0.000154806
17:41.0,0.000143471
17:42.0,0.000139509
17:43.0,0.00012182
17:44.0,0.000126194
17:45.0,0.00013357
17:46.0,0.000152655
17:47.0,0.000140329
17:48.0,0.000135955
17:49.0,0.000146552
17:50.0,0.000151238
17:51.0,0.000153613
17:52.0,0.000156987
17:53.0,0.000130885
17:54.0,0.000102714
17:55.0,0.000107062
17:56.0,0.000110516
17:57.0,0.000133977
17:58.0,0.000146064
17:59.0,0.000152346
18:00.0,0.000146174
18:01.0,0.000145844
18:02.0,0.000143429
18:03.0,0.000155333
18:04.0,0.000131344
18:05.0,0.000147424
18:06.0,0.000175986
18:07.0,0.000178039
18:08.0,0.000190479
18:09.0,0.000202415
18:10.0,0.000173855
18:11.0,0.000158106
18:12.0,0.000147404
18:13.0,0.0001435
18:14.0,0.000164822
18:15.0,0.000160362
18:16.0,0.00016977
18:17.0,0.000181788
18:18.0,0.000166382
18:19.0,0.000185732
18:20.0,0.000203536
18:21.0,0.000220897
18:22.0,0.000228985
18:23.0,0.000213524
18:24.0,0.000250323
18:25.0,0.000241778
18:26.0,0.000244814
18:27.0,0.000267054
18:28.0,0.00026759
18:29.0,0.0002756
18:30.0,0.000252525
18:31.0,0.000234071
18:32.0,0.000229709
18:33.0,0.000233738
18:34.0,0.00026232
18:35.0,0.000292617
18:35.9,0.000318653
18:36.9,0.000297103
18:37.9,0.000294939
18:38.9,0.00027428
18:39.9,0.000306605
18:40.9,0.000317565
18:41.9,0.000322273
18:42.9,0.000345936
18:43.9,0.000357889
18:44.9,0.00034817
18:45.9,0.000351009
18:46.9,0.000364914
18:47.9,0.000353539
18:48.9,0.000337794
18:49.9,0.00035933
18:50.9,0.000342403
18:51.9,0.000346405
18:52.9,0.000382807
18:53.9,0.000382445
18:54.9,0.000373907
18:55.9,0.000363375
18:56.9,0.000380733
18:57.9,0.000408475
18:58.9,0.000419761
18:59.9,0.000434982
19:00.9,0.000414043
19:01.9,0.000425679
19:02.9,0.000440919
19:03.9,0.000439788
19:04.9,0.000439676
19:05.9,0.000452647
19:06.9,0.000466706
19:07.9,0.000486265
19:08.9,0.000485996
19:09.9,0.000481324
19:10.9,0.000490285
19:11.9,0.000494615
19:12.9,0.000491166
19:13.9,0.000463054
19:14.9,0.000454458
19:15.9,0.000467567
19:16.9,0.000449318
19:17.9,0.000435103
19:18.9,0.000463913
19:19.9,0.000452714
19:20.9,0.000435341
19:21.9,0.000448812
19:22.9,0.00044219
19:23.9,0.000430289
19:24.9,0.000410113
19:25.9,0.00041726
19:26.9,0.000407299
19:27.9,0.000410813
19:28.9,0.000422316
19:29.9,0.000437107
19:30.9,0.000435089
19:31.9,0.000427145
19:32.9,0.000441229
19:33.9,0.00045566
19:34.9,0.000457296
19:35.9,0.000446376
19:36.8,0.000457339
19:37.8,0.000450809
19:38.8,0.000449401
19:39.8,0.00043975
19:40.8,0.000424884
19:41.8,0.000417489
19:42.8,0.000427907
19:43.8,0.000428849
19:44.8,0.000434181
19:45.8,0.000454036
19:46.8,0.000462633
19:47.8,0.000458246
19:48.8,0.000449697
19:49.8,0.00040595
19:50.8,0.000408145
19:51.8,0.000415878
19:52.8,0.000400805
19:53.8,0.0003859
19:54.8,0.000396649
19:55.8,0.00040694
19:56.8,0.000394622
19:57.8,0.000401193
19:58.8,0.000402036
19:59.8,0.000404354
20:00.8,0.000398921
20:01.8,0.000382455
20:02.8,0.000375919
20:03.8,0.000364977
20:04.8,0.00034758
20:05.8,0.000332942
20:06.8,0.00030816
20:07.8,0.000295397
20:08.8,0.000296365
20:09.8,0.000276722
20:10.8,0.000288585
20:11.8,0.000281082
20:12.8,0.000296716
20:13.8,0.000313286
20:14.8,0.000321234
20:15.8,0.000321039
20:16.8,0.000306324
20:17.8,0.000300956
20:18.8,0.000315815
20:19.8,0.000328944
20:20.8,0.000348624
20:21.8,0.000370966
20:22.8,0.000358685
20:23.8,0.000348487
20:24.8,0.000361246
20:25.8,0.000391463
20:26.8,0.000408542
20:27.8,0.000403933
20:28.8,0.000411432
20:29.8,0.000414889
20:30.8,0.000434916
20:31.8,0.000424212
20:32.8,0.00042315
20:33.8,0.000420848
20:34.8,0.000410477
20:35.8,0.00040264
20:36.8,0.000403071
20:37.7,0.000424976
20:38.7,0.000430164
20:39.7,0.000421971
20:40.7,0.000418783
20:41.7,0.000421988
20:42.7,0.000430524
20:43.7,0.000431782
20:44.7,0.000424676
20:45.7,0.00041182
20:46.7,0.000389261
20:47.7,0.000375271
20:48.7,0.000373901
20:49.7,0.000379647
20:50.7,0.000371341
20:51.7,0.000327728
20:52.7,0.000312369
20:53.7,0.00030748
20:54.7,0.000301263
20:55.7,0.000294323
20:56.7,0.000301311
20:57.7,0.000305319
20:58.7,0.000299099
20:59.7,0.000304325
21:00.7,0.000302854
21:01.7,0.000301791
21:02.7,0.000309142
21:03.7,0.000299792
21:04.7,0.000301907
21:05.7,0.000298798
21:06.7,0.000324321
21:07.7,0.000325842
21:08.7,0.000330387
21:09.7,0.000337208
21:10.7,0.000340126
21:11.7,0.000329625
21:12.7,0.000317873
21:13.7,0.000310814
21:14.7,0.000287525
21:15.7,0.000293042
21:16.7,0.000339763
21:17.7,0.000333165
21:18.7,0.000327476
21:19.7,0.000324294
21:20.7,0.000317059
21:21.7,0.000324489
21:22.7,0.00033873
21:23.7,0.000351606
21:24.7,0.000358767
21:25.7,0.000357128
21:26.7,0.000362297
21:27.7,0.00038309
21:28.7,0.000398934
21:29.7,0.000401258
21:30.7,0.000398617
21:31.7,0.000418308
21:32.7,0.000421693
21:33.7,0.000409082
21:34.7,0.00041222
21:35.7,0.000375032
21:36.7,0.000364902
21:37.7,0.000371583
21:38.7,0.000359725
21:39.6,0.00035918
21:40.6,0.000349068
21:41.6,0.000323592
21:42.6,0.0003287
21:43.6,0.000311249
21:44.6,0.00028749
21:45.6,0.000267913
21:46.6,0.000264222
21:47.6,0.000254036
21:48.6,0.000239546
21:49.6,0.000230632
21:50.6,0.000233417
21:51.6,0.000221541
21:52.6,0.000232077
21:53.6,0.000233838
21:54.6,0.00023092
21:55.6,0.000233723
21:56.6,0.000218602
21:57.6,0.000209838
21:58.6,0.000224475
21:59.6,0.000213847
22:00.6,0.00022688
22:01.6,0.000221075
22:02.6,0.00020277
22:03.6,0.000197299
22:04.6,0.00020101
22:05.6,0.000214085
22:06.6,0.000211232
22:07.6,0.000215671
22:08.6,0.000198331
22:09.6,0.000198124
22:10.6,0.000218163
22:11.6,0.000235643
22:12.6,0.000226926
22:13.6,0.000231018
22:14.6,0.000206417
22:15.6,0.000189583
22:16.6,0.00018582
22:17.6,0.000197141
22:18.6,0.000216148
22:19.6,0.000230197
22:20.6,0.000232771
22:21.6,0.000237499
22:22.6,0.000221353
22:23.6,0.000227596
22:24.6,0.00023101
22:25.6,0.000228697
22:26.6,0.000227477
22:27.6,0.000228005
22:28.6,0.000233908
22:29.6,0.000248203
22:30.6,0.000255106
22:31.6,0.000263028
22:32.6,0.000277724
22:33.6,0.000281806
22:34.6,0.00028345
22:35.6,0.000295222
22:36.6,0.000312402
22:37.6,0.000327235
22:38.6,0.000333323
22:39.6,0.000340199
22:40.5,0.000352528
22:41.5,0.000377887
22:42.5,0.000379594
22:43.5,0.000369326
22:44.5,0.000381217
22:45.5,0.000387255
22:46.5,0.00038008
22:47.5,0.000341895
22:48.5,0.000318997
22:49.5,0.000321708
22:50.5,0.000322291
22:51.5,0.000318019
22:52.5,0.000334522
22:53.5,0.000344782
22:54.5,0.000345234
22:55.5,0.000333391
22:56.5,0.000319934
22:57.5,0.000299721
22:58.5,0.000279591
22:59.5,0.000281093
23:00.5,0.000292474
23:01.5,0.000282236
23:02.5,0.000269569
23:03.5,0.000276379
23:04.5,0.000267725
23:05.5,0.000256346
23:06.5,0.000252133
23:07.5,0.000254891
23:08.5,0.000252393
23:09.5,0.000246364
23:10.5,0.000255257
23:11.5,0.000241722
23:12.5,0.000226657
23:13.5,0.000213924
23:14.5,0.000200712
23:15.5,0.000202341
23:16.5,0.000192408
23:17.5,0.000180261
23:18.5,0.000158393
23:19.5,0.000152346
23:20.5,0.000148256
23:21.5,0.000157212
23:22.5,0.00014366
23:23.5,0.000137839
23:24.5,0.000126854
23:25.5,0.000133349
23:26.5,0.000145169
23:27.5,0.000155532
23:28.5,0.000156831
23:29.5,0.000157033
23:30.5,0.000159562
23:31.5,0.000167208
23:32.5,0.000175568
23:33.5,0.000170657
23:34.5,0.000157292
23:35.5,0.000133095
23:36.5,0.000120654
23:37.5,0.000119656
23:38.5,0.00013863
23:39.5,0.000120998
23:40.5,0.000100495
23:41.4,7.911276e-05
23:42.4,8.106858e-05
23:43.4,8.075278e-05
23:44.4,0.000103483
23:45.4,0.000105313
23:46.4,9.839282e-05
23:47.4,0.000111619
23:48.4,9.321711e-05
23:49.4,0.000104721
23:50.4,0.000112838
23:51.4,0.000119474
23:52.4,0.000125189
23:53.4,0.000129035
23:54.4,0.000152744
23:55.4,0.000180898
23:56.4,0.000176651
23:57.4,0.000182921
23:58.4,0.000184909
23:59.4,0.000180971
24:00.4,0.000181518
24:01.4,0.000185097
24:02.4,0.000176131
24:03.4,0.000195192
24:04.4,0.000187038
24:05.4,0.000159155
24:06.4,0.000164286
24:07.4,0.000161794
24:08.4,0.000179155
24:09.4,0.000162317
24:10.4,0.00018057
24:11.4,0.000193875
24:12.4,0.000180918
24:13.4,0.000178992
24:14.4,0.000178067
24:15.4,0.000175906
24:16.4,0.000177434
24:17.4,0.000181506
24:18.4,0.000176026
24:19.4,0.000172683
24:20.4,0.000154358
24:21.4,0.000134723
24:22.4,0.00014139
24:23.4,0.000143246
24:24.4,0.000143229
24:25.4,0.000121396
24:26.4,0.000120972
24:27.4,0.000108219
24:28.4,0.000115568
24:29.4,0.000100342
24:30.4,8.5900385e-05
24:31.4,9.559242e-05
24:32.4,0.00010981
24:33.4,0.000123768
24:34.4,0.000112405
24:35.4,0.000109252
24:36.4,9.959914e-05
24:37.4,7.857134e-05
24:38.4,7.325644e-05
24:39.4,3.783373e-05
24:40.4,2.9164972e-05
24:41.4,3.7774233e-05
24:42.3,3.850138e-05
24:43.3,2.8921413e-05
24:44.3,2.0490097e-05
24:45.3,1.8384517e-05
24:46.3,2.9353903e-06
24:47.3,-1.97E-07
24:48.3,1.4584305e-05
24:49.3,1.6032505e-05
24:50.3,2.3878483e-05
24:51.3,2.4593739e-05
24:52.3,2.0336249e-05
24:53.3,1.3785535e-05
24:54.3,-1.86E-06
24:55.3,5.0123745e-06
24:56.3,-4.25E-06
24:57.3,-2.16E-06
24:58.3,-7.48E-06
24:59.3,-4.85E-06
25:00.3,-1.02E-05
25:01.3,-1.89E-05
25:02.3,-3.52E-05
25:03.3,-4.61E-05
25:04.3,-4.60E-05
25:05.3,-3.00E-05
25:06.3,-3.73E-05
25:07.3,-3.36E-05
25:08.3,-9.14E-06
25:09.3,1.01037995e-05
25:10.3,2.1875105e-05
25:11.3,1.732327e-05
25:12.3,3.5292313e-05
25:13.3,4.6723217e-05
25:14.3,4.903322e-05
25:15.3,5.3173302e-05
25:16.3,6.1506755e-05
25:17.3,6.803173e-05
25:18.3,7.285869e-05
25:19.3,8.644282e-05
25:20.3,0.000106043
25:21.3,0.000104417
25:22.3,0.00011194
25:23.3,0.000136994
25:24.3,0.000131942
25:25.3,0.000117449
25:26.3,0.000118424
25:27.3,0.000135028
25:28.3,0.000154709
25:29.3,0.000148363
25:30.3,0.000155429
25:31.3,0.000124297
25:32.3,9.481755e-05
25:33.3,8.423181e-05
25:34.3,8.956604e-05
25:35.3,9.622284e-05
25:36.3,8.636365e-05
25:37.3,8.0054866e-05
25:38.3,9.0582565e-05
25:39.3,9.6984884e-05
25:40.3,8.143616e-05
25:41.3,8.399928e-05
25:42.3,8.260075e-05
25:43.2,8.626371e-05
25:44.2,9.056344e-05
25:45.2,7.053432e-05
25:46.2,6.311173e-05
25:47.2,8.102355e-05
25:48.2,7.5832926e-05
25:49.2,7.2049814e-05
25:50.2,6.328022e-05
25:51.2,5.3135114e-05
25:52.2,3.1664134e-05
25:53.2,4.450102e-05
25:54.2,6.5144646e-05
25:55.2,7.206995e-05
25:56.2,6.877698e-05
25:57.2,7.193509e-05
25:58.2,7.4781296e-05
25:59.2,6.708971e-05
26:00.2,6.344554e-05
26:01.2,7.6378754e-05
26:02.2,7.6425364e-05
26:03.2,7.200347e-05
26:04.2,5.668645e-05
26:05.2,5.1393148e-05
26:06.2,5.61976e-05
26:07.2,5.052544e-05
26:08.2,5.6917386e-05
26:09.2,5.9093913e-05
26:10.2,5.8034933e-05
26:11.2,4.164848e-05
26:12.2,3.4678167e-05
26:13.2,6.6166525e-05
26:14.2,7.3051466e-05
26:15.2,6.988141e-05
26:16.2,6.2058316e-05
26:17.2,6.666611e-05
26:18.2,7.543757e-05
26:19.2,7.50099e-05
26:20.2,8.453167e-05
26:21.2,8.889406e-05
26:22.2,6.763331e-05
26:23.2,7.096333e-05
26:24.2,6.754107e-05
26:25.2,6.125578e-05
26:26.2,4.8369042e-05
26:27.2,5.8847454e-05
26:28.2,6.71574e-05
26:29.2,5.184464e-05
26:30.2,5.170777e-05
26:31.2,4.4147706e-05
26:32.2,6.1295876e-05
26:33.2,5.9889117e-05
26:34.2,5.5760713e-05
26:35.2,6.417835e-05
26:36.2,5.9962465e-05
26:37.2,5.805648e-05
26:38.2,5.648717e-05
26:39.2,4.729758e-05
26:40.2,4.2559994e-05
26:41.2,3.8258713e-05
26:42.2,5.026478e-05
26:43.2,6.806727e-05
26:44.1,4.1410018e-05
26:45.1,1.9018515e-05
26:46.1,1.1754971e-05
26:47.1,4.1581357e-06
26:48.1,-1.73E-05
26:49.1,-1.94E-05
26:50.1,-4.44E-05
26:51.1,-4.32E-05
26:52.1,-5.42E-05
26:53.1,-7.23E-05
26:54.1,0
26:55.1,-0.000375808
26:56.1,-0.000354775
26:57.1,-0.000371131
26:58.1,-0.000404357
26:59.1,-0.000415546
27:00.1,-0.000435075
27:01.1,-0.000451319
27:02.1,-0.000449598
27:03.1,-0.00044684
27:04.1,-0.000446739
27:05.1,-0.0004345
27:06.1,-0.000433307
27:07.1,-0.000432664
27:08.1,-0.000443643
27:09.1,-0.000439027
27:10.1,-0.000426798
27:11.1,-0.000444404
27:12.1,-0.000463645
27:13.1,-0.000470143
27:14.1,-0.000451217
27:15.1,-0.000442842
27:16.1,-0.000429624
27:17.1,-0.00044726
27:18.1,-0.000468431
27:19.1,-0.000470206
27:20.1,-0.000483307
27:21.1,-0.000476721
27:22.1,-0.000475048
27:23.1,-0.000474812
27:24.1,-0.000466829
27:25.1,-0.000462641
27:26.1,-0.000477865
27:27.1,-0.000499469
27:28.1,-0.0005143
27:29.1,-0.000502781
27:30.1,-0.000513678
27:31.1,-0.000501379
27:32.1,-0.000494894
27:33.1,-0.000498929
27:34.1,-0.000493151
27:35.1,-0.000465382
27:36.1,-0.000457244
27:37.1,-0.000463231
27:38.1,-0.000481663
27:39.1,-0.000473676
27:40.1,-0.00048677
27:41.1,-0.000515642
27:42.1,-0.00050838
27:43.1,-0.000504838
27:44.1,-0.000503218
27:45.0,-0.000497115
27:46.0,-0.000477795
27:47.0,-0.000459518
27:48.0,-0.000474389
27:49.0,-0.000468272
27:50.0,-0.000476032
27:51.0,-0.000470658
27:52.0,-0.000486057
27:53.0,-0.00046903
27:54.0,-0.0004722
27:55.0,-0.000486748
27:56.0,-0.0004797
27:57.0,-0.000498538
27:58.0,-0.00050313
27:59.0,-0.00051075
28:00.0,-0.000509683
28:01.0,-0.000499545
28:02.0,-0.000480601
28:03.0,-0.0004741
28:04.0,-0.000490001
28:05.0,-0.000505752
28:06.0,-0.000522852
28:07.0,-0.000511641
28:08.0,-0.000508229
28:09.0,-0.000499642
28:10.0,-0.000509192
28:11.0,-0.000535782
28:12.0,-0.000536466
28:13.0,-0.000554544
28:14.0,-0.000547087
28:15.0,-0.000542583
28:16.0,-0.000542194
28:17.0,-0.000539487
28:18.0,-0.000557275
28:19.0,-0.000562281
28:20.0,-0.00056889
28:21.0,-0.0005612
28:22.0,-0.000552404
28:23.0,-0.000535102
28:24.0,-0.000563761
28:25.0,-0.000574817
28:26.0,-0.000564399
28:27.0,-0.000554317
28:28.0,-0.000530002
28:29.0,-0.000517701
28:30.0,-0.00053478
28:31.0,-0.000548441
28:32.0,-0.00054374
28:33.0,-0.000548776
28:34.0,-0.000522993
28:35.0,-0.000491074
28:36.0,-0.000494762
28:37.0,-0.000497881
28:38.0,-0.000494006
28:39.0,-0.000493309
28:40.0,-0.0005162
28:41.0,-0.000513869
28:42.0,-0.000510816
28:43.0,-0.000510515
28:44.0,-0.000510068
28:45.0,-0.000520928
28:45.9,-0.000541053
28:46.9,-0.000540825
28:47.9,-0.00051946
28:48.9,-0.000518254
28:49.9,-0.000515189
28:50.9,-0.000511415
28:51.9,-0.000505345
28:52.9,-0.000503765
28:53.9,-0.000495057
28:54.9,-0.000510362
28:55.9,-0.000498208
28:56.9,-0.000506341
28:57.9,-0.000515606
28:58.9,-0.000522305
28:59.9,-0.00050759
29:00.9,-0.000494049
29:01.9,-0.000500769
29:02.9,-0.000504092
29:03.9,-0.000502348
29:04.9,-0.000485904
29:05.9,-0.00047579
29:06.9,-0.000465682
29:07.9,-0.000469687
29:08.9,-0.000450472
29:09.9,-0.000449527
29:10.9,-0.000419659
29:11.9,-0.00041031
29:12.9,-0.000413311
29:13.9,-0.000402679
29:14.9,-0.000415945
29:15.9,-0.000431101
29:16.9,-0.000424415
29:17.9,-0.000390371
29:18.9,-0.000390656
29:19.9,-0.000392768
29:20.9,-0.000394079
29:21.9,-0.00038828
29:22.9,-0.000379772
29:23.9,-0.000398994
29:24.9,-0.000406123
29:25.9,-0.00043221
29:26.9,-0.000429495
29:27.9,-0.000432028
29:28.9,-0.000423532
29:29.9,-0.000425155
29:30.9,-0.000413298
29:31.9,-0.000412967
29:32.9,-0.000404803
29:33.9,-0.000406514
29:34.9,-0.000428598
29:35.9,-0.000455303
29:36.9,-0.000460865
29:37.9,-0.00045868
29:38.9,-0.000441469
29:39.9,-0.000414842
29:40.9,-0.00040576
29:41.9,-0.000412274
29:42.9,-0.000390481
29:43.9,-0.000408467
29:44.9,-0.000398349
29:45.9,-0.000374851
29:46.9,-0.000366954
29:47.8,-0.00038062
29:48.8,-0.000388725
29:49.8,-0.000404092
29:50.8,-0.000410812
29:51.8,-0.000416795
29:52.8,-0.000406528
29:53.8,-0.000383793
29:54.8,-0.000375445
29:55.8,-0.000375236
29:56.8,-0.000374641
29:57.8,-0.000367329
29:58.8,-0.000375818
29:59.8,-0.000381295
30:00.8,-0.000383758
30:01.8,-0.000358741
30:02.8,-0.000349992
30:03.8,-0.000336616
30:04.8,-0.000326731
30:05.8,-0.000322919
30:06.8,-0.000309291
30:07.8,-0.000306424
30:08.8,-0.000293252
30:09.8,-0.000302818
30:10.8,-0.00029355
30:11.8,-0.000297619
30:12.8,-0.000312684
30:13.8,-0.000308156
30:14.8,-0.000317207
30:15.8,-0.000328681
30:16.8,-0.000337633
30:17.8,-0.000318952
30:18.8,-0.000324002
30:19.8,-0.000338626
30:20.8,-0.000343088
30:21.8,-0.000329322
30:22.8,-0.000331668
30:23.8,-0.000327765
30:24.8,-0.00032102
30:25.8,-0.000315933
30:26.8,-0.000331956
30:27.8,-0.000354779
30:28.8,-0.000356638
30:29.8,-0.000365046
30:30.8,-0.000352599
30:31.8,-0.000336116
30:32.8,-0.000344797
30:33.8,-0.000349509
30:34.8,-0.000358853
30:35.8,-0.00035921
30:36.8,-0.00038468
30:37.8,-0.000385945
30:38.8,-0.000368339
30:39.8,-0.000395804
30:40.8,-0.000411238
30:41.8,-0.000416118
30:42.8,-0.000443827
30:43.8,-0.000441975
30:44.8,-0.000458831
30:45.8,-0.000478047
30:46.8,-0.000487202
30:47.8,-0.000489323
30:48.7,-0.000484973
30:49.7,-0.000495359
30:50.7,-0.000505459
30:51.7,-0.000532724
30:52.7,-0.000554358
30:53.7,-0.000557869
30:54.7,-0.000572436
30:55.7,-0.000569119
30:56.7,-0.000566551
30:57.7,-0.000569125
30:58.7,-0.000558885
30:59.7,-0.000570469
31:00.7,-0.000585723
31:01.7,-0.000579175
31:02.7,-0.000588338
31:03.7,-0.000574258
31:04.7,-0.000578488
31:05.7,-0.000575117
31:06.7,-0.000575451
31:07.7,-0.000554748
31:08.7,-0.000541541
31:09.7,-0.000518668
31:10.7,-0.000527688
31:11.7,-0.000532076
31:12.7,-0.000519869
31:13.7,-0.000519044
31:14.7,-0.000541346
31:15.7,-0.000532311
31:16.7,-0.000524384
31:17.7,-0.000548407
31:18.7,-0.00055442
31:19.7,-0.000560016
31:20.7,-0.000564841
31:21.7,-0.000572681
31:22.7,-0.000567368
31:23.7,-0.000552896
31:24.7,-0.000530235
31:25.7,-0.000487479
31:26.7,-0.000484389
31:27.7,-0.000501708
31:28.7,-0.000511693
31:29.7,-0.000516675
31:30.7,-0.000510882
31:31.7,-0.000492309
31:32.7,-0.000498193
31:33.7,-0.000515796
31:34.7,-0.000518734
31:35.7,-0.000524835
31:36.7,-0.000513152
31:37.7,-0.000501413
31:38.7,-0.000511907
31:39.7,-0.000524128
31:40.7,-0.000539186
31:41.7,-0.00052654
31:42.7,-0.000518739
31:43.7,-0.000530774
31:44.7,-0.000529651
31:45.7,-0.000508515
31:46.7,-0.000484923
31:47.7,-0.000491164
31:48.7,-0.000484157
31:49.6,-0.000467048
31:50.6,-0.000451717
31:51.6,-0.000466149
31:52.6,-0.00046854
31:53.6,-0.000470673
31:54.6,-0.000460943
31:55.6,-0.000465427
31:56.6,-0.000470097
31:57.6,-0.000472221
31:58.6,-0.000462832
31:59.6,-0.000457529
32:00.6,-0.000445499
32:01.6,-0.000446707
32:02.6,-0.000458247
32:03.6,-0.000469429
32:04.6,-0.000482474
32:05.6,-0.000502189
32:06.6,-0.000497653
32:07.6,-0.000510896
32:08.6,-0.000526108
32:09.6,-0.000545983
32:10.6,-0.000545621
32:11.6,-0.000543966
32:12.6,-0.000549922
32:13.6,-0.000569314
32:14.6,-0.000562775
32:15.6,-0.000563523
32:16.6,-0.00055422
32:17.6,-0.000539886
32:18.6,-0.000542765
32:19.6,-0.000558782
32:20.6,-0.000547631
32:21.6,-0.000560117
32:22.6,-0.000526244
32:23.6,-0.000508387
32:24.6,-0.000500914
32:25.6,-0.000503787
32:26.6,-0.000503767
32:27.6,-0.000511439
32:28.6,-0.000496245
32:29.6,-0.000500964
32:30.6,-0.000505901
32:31.6,-0.000501977
32:32.6,-0.000487924
32:33.6,-0.000482554
32:34.6,-0.000481873
32:35.6,-0.000478369
32:36.6,-0.000483919
32:37.6,-0.000479651
32:38.6,-0.000472305
32:39.6,-0.000467945
32:40.6,-0.000502372
32:41.6,-0.000511897
32:42.6,-0.00052111
32:43.6,-0.000503656
32:44.6,-0.000496279
32:45.6,-0.000497816
32:46.6,-0.00049624
32:47.6,-0.000486288
32:48.6,-0.000494411
32:49.6,-0.000499761
32:50.5,-0.000501422
32:51.5,-0.000510245
32:52.5,-0.000503509
32:53.5,-0.00049059
32:54.5,-0.000484588
32:55.5,-0.000482829
32:56.5,-0.000469286
32:57.5,-0.000467796
32:58.5,-0.000468487
32:59.5,-0.000471005
33:00.5,-0.00047225
33:01.5,-0.000476487
33:02.5,-0.000459746
33:03.5,-0.000456993
33:04.5,-0.000461229
33:05.5,-0.000485985
33:06.5,-0.000489601
33:07.5,-0.00048408
33:08.5,-0.000478652
33:09.5,-0.000447166
33:10.5,-0.000421135
33:11.5,-0.000435324
33:12.5,-0.000434969
33:13.5,-0.000427845
33:14.5,-0.000436685
33:15.5,-0.000440869
33:16.5,-0.000423589
33:17.5,-0.000410256
33:18.5,-0.000405576
33:19.5,-0.000399632
33:20.5,-0.000379082
33:21.5,-0.000393931
33:22.5,-0.000389353
33:23.5,-0.000384157
33:24.5,-0.000375519
33:25.5,-0.000383894
33:26.5,-0.00039576
33:27.5,-0.000399806
33:28.5,-0.000386445
33:29.5,-0.000383285
33:30.5,-0.000384242
33:31.5,-0.00038781
33:32.5,-0.000389414
33:33.5,-0.000391383
33:34.5,-0.000379662
33:35.5,-0.000387103
33:36.5,-0.000372609
33:37.5,-0.000381706
33:38.5,-0.000398391
33:39.5,-0.000384018
33:40.5,-0.000392455
33:41.5,-0.000422488
33:42.5,-0.000417935
33:43.5,-0.000410748
33:44.5,-0.000397507
33:45.5,-0.000386803
33:46.5,-0.000395007
33:47.5,-0.000384567
33:48.5,-0.000368001
33:49.5,-0.000361805
33:50.5,-0.00036341
33:51.4,-0.00035147
33:52.4,-0.000366686
33:53.4,-0.000387896
33:54.4,-0.000392756
33:55.4,-0.000379216
33:56.4,-0.000364028
33:57.4,-0.000340599
33:58.4,-0.000340293
33:59.4,-0.000351081
34:00.4,-0.000348308
34:01.4,-0.000348802
34:02.4,-0.000365621
34:03.4,-0.000369016
34:04.4,-0.000357275
34:05.4,-0.000350866
34:06.4,-0.000345443
34:07.4,-0.00034335
34:08.4,-0.000341331
34:09.4,-0.000325643
34:10.4,-0.000308635
34:11.4,-0.000307909
34:12.4,-0.000293503
34:13.4,-0.000293772
34:14.4,-0.000292923
34:15.4,-0.000306934
34:16.4,-0.000324962
34:17.4,-0.000327717
34:18.4,-0.00029672
34:19.4,-0.000295485
34:20.4,-0.000280316
34:21.4,-0.000277462
34:22.4,-0.000282861
34:23.4,-0.000281087
34:24.4,-0.00029489
34:25.4,-0.000307001
34:26.4,-0.000312442
34:27.4,-0.000316036
34:28.4,-0.000311739
34:29.4,-0.000322607
34:30.4,-0.000324102
34:31.4,-0.000318274
34:32.4,-0.000319695
34:33.4,-0.000312917
34:34.4,-0.000314106
34:35.4,-0.000311203
34:36.4,-0.000296889
34:37.4,-0.000310246
34:38.4,-0.000321491
34:39.4,-0.000319401
34:40.4,-0.000293008
34:41.4,-0.000294805
34:42.4,-0.000306199
34:43.4,-0.000322956
34:44.4,-0.000317875
34:45.4,-0.000300528
34:46.4,-0.000292206
34:47.4,-0.000291986
34:48.4,-0.000294213
34:49.4,-0.000330276
34:50.4,-0.000335587
34:51.4,-0.000330349
34:52.3,-0.000344373
34:53.3,-0.000366792
34:54.3,-0.000379132
34:55.3,-0.00041417
34:56.3,-0.000420281
34:57.3,-0.000410828
34:58.3,-0.000407077
34:59.3,-0.000376231
35:00.3,-0.000373965
35:01.3,-0.000365712
35:02.3,-0.000351903
35:03.3,-0.000338217
35:04.3,-0.000341183
35:05.3,-0.000319914
35:06.3,-0.000298903
35:07.3,-0.000291335
35:08.3,-0.000312287
35:09.3,-0.000311169
35:10.3,-0.000315246
35:11.3,-0.00030216
35:12.3,-0.000308477
35:13.3,-0.000306727
35:14.3,-0.000326453
35:15.3,-0.000348274
35:16.3,-0.000346061
35:17.3,-0.000328695
35:18.3,-0.000289142
35:19.3,-0.000289366
35:20.3,-0.000281056
35:21.3,-0.000289403
35:22.3,-0.00030082
35:23.3,-0.000276631
35:24.3,-0.000275097
35:25.3,-0.000291631
35:26.3,-0.000297028
35:27.3,-0.000317415
35:28.3,-0.000317268
35:29.3,-0.000297551
35:30.3,-0.000308464
35:31.3,-0.000326988
35:32.3,-0.000322167
35:33.3,-0.0003126
35:34.3,-0.00033054
35:35.3,-0.000350121
35:36.3,-0.000355461
35:37.3,-0.00036853
35:38.3,-0.000381068
35:39.3,-0.000356882
35:40.3,-0.000342253
35:41.3,-0.000342295
35:42.3,-0.000348197
35:43.3,-0.000372272
35:44.3,-0.000370639
35:45.3,-0.000369017
35:46.3,-0.000360658
35:47.3,-0.000345586
35:48.3,-0.000345159
35:49.3,-0.000353741
35:50.3,-0.000359641
35:51.3,-0.000359678
35:52.3,-0.000357692
35:53.2,-0.000336365
35:54.2,-0.000332317
35:55.2,-0.000355416
35:56.2,-0.00036523
35:57.2,-0.00037998
35:58.2,-0.000392898
35:59.2,-0.000365475
36:00.2,-0.000349885
36:01.2,-0.000348113
36:02.2,-0.000380818
36:03.2,-0.00037931
36:04.2,-0.000375694
36:05.2,-0.000405813
36:06.2,-0.000409686
36:07.2,-0.000425038
36:08.2,-0.000420099
36:09.2,-0.000447001
36:10.2,-0.00045321
36:11.2,-0.000451864
36:12.2,-0.000472325
36:13.2,-0.000475897
36:14.2,-0.000475074
36:15.2,-0.000476733
36:16.2,-0.000475668
36:17.2,-0.000470615
36:18.2,-0.000449277
36:19.2,-0.000434079
36:20.2,-0.000423788
36:21.2,-0.000415068
36:22.2,-0.000390306
36:23.2,-0.000383023
36:24.2,-0.000384619
36:25.2,-0.000386308
36:26.2,-0.000381631
36:27.2,-0.000369646
36:28.2,-0.000376778
36:29.2,-0.000399018
36:30.2,-0.000398154
36:31.2,-0.000379901
36:32.2,-0.000365544
36:33.2,-0.000347996
36:34.2,-0.000321878
36:35.2,-0.000304401
36:36.2,-0.00029303
36:37.2,-0.000278089
36:38.2,-0.0002832
36:39.2,-0.00028448
36:40.2,-0.000283242
36:41.2,-0.00026746
36:42.2,-0.000250573
36:43.2,-0.000246782
36:44.2,-0.000254436
36:45.2,-0.000226622
36:46.2,-0.000205266
36:47.2,-0.00020694
36:48.2,-0.000225028
36:49.2,-0.000218762
36:50.2,-0.000220884
36:51.2,-0.000224682
36:52.2,-0.000208209
36:53.2,-0.000192255
36:54.1,0
36:55.1,2.799562e-06
36:56.1,1.2807996e-05
36:57.1,2.1135213e-05
36:58.1,3.657497e-05
36:59.1,3.9531187e-05
37:00.1,4.3892327e-05
37:01.1,6.167595e-05
37:02.1,7.225032e-05
37:03.1,7.8886835e-05
37:04.1,9.417446e-05
37:05.1,0.000118264
37:06.1,0.000118097
37:07.1,9.666934e-05
37:08.1,9.265823e-05
37:09.1,0.000109592
37:10.1,0.000100138
37:11.1,9.903147e-05
37:12.1,9.328449e-05
37:13.1,6.000681e-05
37:14.1,5.055556e-05
37:15.1,5.9001017e-05
37:16.1,6.281615e-05
37:17.1,7.154084e-05
37:18.1,4.331874e-05
37:19.1,4.1046795e-05
37:20.1,3.880814e-05
37:21.1,4.4283843e-05
37:22.1,3.97339e-05
37:23.1,2.6574957e-05
37:24.1,2.3512988e-05
37:25.1,2.6563903e-05
37:26.1,3.6376136e-05
37:27.1,3.527268e-05
37:28.1,2.4661862e-05
37:29.1,1.9757044e-06
37:30.1,-2.04E-05
37:31.1,1.3392862e-06
37:32.1,7.2868647e-06
37:33.1,-2.47E-06
37:34.1,-8.38E-06
37:35.1,1.8531618e-05
37:36.1,2.13941e-05
37:37.1,2.1062515e-05
37:38.1,8.122772e-06
37:39.1,3.4843415e-05
37:40.1,3.7829646e-05
37:41.1,2.9895002e-05
37:42.1,6.1735395e-06
37:43.1,2.5149662e-05
37:44.1,4.0539744e-05
37:45.1,5.3770542e-05
37:46.1,5.7006386e-05
37:47.1,5.788004e-05
37:48.1,5.607791e-05
37:49.1,5.559926e-05
37:50.1,6.417405e-05
37:51.1,7.889232e-05
37:52.1,8.456267e-05
37:53.1,9.174702e-05
37:54.1,0.000104662
37:55.0,0.000126257
37:56.0,0.00013077
37:57.0,0.000152029
37:58.0,0.000148955
37:59.0,0.000132012
38:00.0,0.000129501
38:01.0,9.986811e-05
38:02.0,8.819163e-05
38:03.0,9.418292e-05
38:04.0,9.901268e-05
38:05.0,9.711058e-05
38:06.0,7.437315e-05
38:07.0,7.52869e-05
38:08.0,7.8234545e-05
38:09.0,6.6245855e-05
38:10.0,4.559095e-05
38:11.0,4.5486533e-05
38:12.0,5.7378704e-05
38:13.0,4.3855453e-05
38:14.0,2.6627622e-05
38:15.0,2.691366e-05
38:16.0,4.4286233e-05
38:17.0,5.8517828e-05
38:18.0,7.1545954e-05
38:19.0,6.3091626e-05
38:20.0,6.434949e-05
38:21.0,8.566215e-05
38:22.0,9.766402e-05
38:23.0,7.460768e-05
38:24.0,7.872098e-05
38:25.0,9.427245e-05
38:26.0,0.000113715
38:27.0,0.000132401
38:28.0,0.000135847
38:29.0,0.00014558
38:30.0,0.000144832
38:31.0,0.000131202
38:32.0,0.000136203
38:33.0,0.00013223
38:34.0,0.00013784
38:35.0,0.000115299
38:36.0,0.000104725
38:37.0,0.000105586
38:38.0,0.000107631
38:39.0,0.000114872
38:40.0,0.000110115
38:41.0,0.000116529
38:42.0,0.000109194
38:43.0,9.38471e-05
38:44.0,6.978607e-05
38:45.0,7.029299e-05
38:46.0,7.193598e-05
38:47.0,6.5561755e-05
38:48.0,9.1655456e-05
38:49.0,7.7857156e-05
38:50.0,5.0948664e-05
38:51.0,7.3430834e-05
38:52.0,7.873699e-05
38:53.0,8.9532296e-05
38:54.0,0.000118719
38:55.0,0.000130174
38:56.0,0.000148147
38:56.9,0.000152803
38:57.9,0.000127454
38:58.9,0.000136392
38:59.9,0.000136954
39:00.9,0.000118801
39:01.9,0.000111064
39:02.9,0.000131729
39:03.9,0.000143407
39:04.9,0.000142675
39:05.9,0.000141516
39:06.9,0.000129631
39:07.9,0.000119382
39:08.9,0.0001265
39:09.9,0.000137471
39:10.9,0.000145931
39:11.9,0.000157053
39:12.9,0.000164353
39:13.9,0.000170965
39:14.9,0.000155854
39:15.9,0.00014679
39:16.9,0.000161232
39:17.9,0.000169312
39:18.9,0.000185689
39:19.9,0.000189543
39:20.9,0.000192438
39:21.9,0.000198665
39:22.9,0.00019072
39:23.9,0.000176781
39:24.9,0.000155929
39:25.9,0.000146227
39:26.9,0.000145208
39:27.9,0.000118465
39:28.9,0.000102546
39:29.9,9.9562385e-05
39:30.9,8.492399e-05
39:31.9,8.086125e-05
39:32.9,7.773846e-05
39:33.9,6.413997e-05
39:34.9,5.2954645e-05
39:35.9,5.456764e-05
39:36.9,6.708446e-05
39:37.9,5.9327427e-05
39:38.9,4.3699627e-05
39:39.9,2.9124034e-05
39:40.9,-1.40E-06
39:41.9,-2.61E-05
39:42.9,-4.76E-05
39:43.9,-5.46E-05
39:44.9,-4.25E-05
39:45.9,-3.08E-05
39:46.9,-2.64E-05
39:47.9,-1.55E-05
39:48.9,6.065199e-06
39:49.9,1.1209714e-05
39:50.9,1.6605336e-05
39:51.9,1.0260343e-05
39:52.9,1.9573874e-06
39:53.9,-2.55E-05
39:54.9,-2.27E-05
39:55.9,-2.30E-05
39:56.9,-3.17E-05
39:57.8,-2.28E-05
39:58.8,-2.07E-05
39:59.8,-1.28E-05
40:00.8,-2.44E-05
40:01.8,-1.09E-05
40:02.8,-1.23E-06
40:03.8,-1.92E-05
40:04.8,-2.98E-05
40:05.8,-2.56E-05
40:06.8,-1.67E-05
40:07.8,-1.13E-05
40:08.8,-1.27E-05
40:09.8,-2.37E-06
40:10.8,5.16553e-06
40:11.8,-1.65E-05
40:12.8,-1.56E-05
40:13.8,8.522815e-06
40:14.8,-6.17E-06
40:15.8,9.468203e-06
40:16.8,2.2988404e-05
40:17.8,3.2018885e-05
40:18.8,2.3527415e-05
40:19.8,2.7656604e-05
40:20.8,3.7833273e-05
40:21.8,2.4753912e-05
40:22.8,3.0397248e-05
40:23.8,3.677791e-05
40:24.8,4.725048e-05
40:25.8,5.3355623e-05
40:26.8,6.678376e-05
40:27.8,6.3244486e-05
40:28.8,5.4358392e-05
40:29.8,5.944048e-05
40:30.8,5.4006432e-05
40:31.8,6.174298e-05
40:32.8,5.9492522e-05
40:33.8,6.21992e-05
40:34.8,9.075463e-05
40:35.8,0.000119154
40:36.8,0.000114818
40:37.8,0.00010095
40:38.8,7.905662e-05
40:39.8,8.9503934e-05
40:40.8,9.7652555e-05
40:41.8,0.000120211
40:42.8,0.000122551
40:43.8,0.000115838
40:44.8,0.000119189
40:45.8,0.000153014
40:46.8,0.000180473
40:47.8,0.0001888
40:48.8,0.000201216
40:49.8,0.000205468
40:50.8,0.000201828
40:51.8,0.000219389
40:52.8,0.000232766
40:53.8,0.00022259
40:54.8,0.000186524
40:55.8,0.000171489
40:56.8,0.000157716
40:57.8,0.000161851
40:58.7,0.00017
40:59.7,0.00018778
41:00.7,0.000200053
41:01.7,0.000196629
41:02.7,0.000224936
41:03.7,0.000232438
41:04.7,0.000234293
41:05.7,0.000246426
41:06.7,0.000241328
41:07.7,0.000226678
41:08.7,0.000211203
41:09.7,0.000207406
41:10.7,0.000225064
41:11.7,0.000225832
41:12.7,0.00023546
41:13.7,0.000252825
41:14.7,0.000219042
41:15.7,0.000194359
41:16.7,0.000196639
41:17.7,0.000189163
41:18.7,0.000200176
41:19.7,0.000218822
41:20.7,0.000256068
41:21.7,0.000282536
41:22.7,0.000283767
41:23.7,0.000292281
41:24.7,0.000319631
41:25.7,0.000316825
41:26.7,0.000317833
41:27.7,0.000328729
41:28.7,0.000359985
41:29.7,0.000375142
41:30.7,0.000343239
41:31.7,0.000314731
41:32.7,0.00032737
41:33.7,0.000320303
41:34.7,0.000332893
41:35.7,0.000308755
41:36.7,0.000317693
41:37.7,0.000318541
41:38.7,0.000324407
41:39.7,0.000319965
41:40.7,0.000322981
41:41.7,0.000313317
41:42.7,0.00034776
41:43.7,0.000369943
41:44.7,0.000395762
41:45.7,0.000404955
41:46.7,0.000379824
41:47.7,0.000353492
41:48.7,0.00034039
41:49.7,0.0003296
41:50.7,0.000321138
41:51.7,0.000325104
41:52.7,0.000331244
41:53.7,0.000324632
41:54.7,0.000333475
41:55.7,0.000341395
41:56.7,0.000336466
41:57.7,0.000349346
41:58.7,0.000351202
41:59.6,0.000353665
42:00.6,0.000330969
42:01.6,0.000329694
42:02.6,0.000328822
42:03.6,0.000336801
42:04.6,0.000338444
42:05.6,0.000351488
42:06.6,0.000347647
42:07.6,0.000353022
42:08.6,0.000354566
42:09.6,0.000381294
42:10.6,0.000396367
42:11.6,0.000386969
42:12.6,0.000397024
42:13.6,0.000399656
42:14.6,0.000408219
42:15.6,0.000420196
42:16.6,0.000403157
42:17.6,0.000404524
42:18.6,0.000387055
42:19.6,0.000369433
42:20.6,0.000354238
42:21.6,0.000355449
42:22.6,0.000364555
42:23.6,0.000360703
42:24.6,0.000355802
42:25.6,0.000330429
42:26.6,0.000343286
42:27.6,0.000347237
42:28.6,0.000355621
42:29.6,0.000362754
42:30.6,0.000332028
42:31.6,0.000330691
42:32.6,0.000349845
42:33.6,0.000344705
42:34.6,0.000321889
42:35.6,0.000327891
42:36.6,0.00031766
42:37.6,0.000296476
42:38.6,0.000290011
42:39.6,0.000283083
42:40.6,0.000276641
42:41.6,0.000279241
42:42.6,0.000275595
42:43.6,0.000303163
42:44.6,0.000297742
42:45.6,0.000263079
42:46.6,0.000279047
42:47.6,0.000264946
42:48.6,0.000263667
42:49.6,0.000268133
42:50.6,0.000268522
42:51.6,0.000274478
42:52.6,0.000287473
42:53.6,0.000288058
42:54.6,0.000262435
42:55.6,0.000255645
42:56.6,0.000234023
42:57.6,0.00021839
42:58.6,0.000234934
42:59.6,0.000216494
43:00.5,0.000191746
43:01.5,0.000162096
43:02.5,0.000168093
43:03.5,0.000187036
43:04.5,0.000194007
43:05.5,0.00018182
43:06.5,0.000170031
43:07.5,0.000182971
43:08.5,0.000181426
43:09.5,0.000189014
43:10.5,0.000167676
43:11.5,0.0001852
43:12.5,0.000177452
43:13.5,0.000171878
43:14.5,0.000179095
43:15.5,0.000186166
43:16.5,0.000195539
43:17.5,0.000204858
43:18.5,0.000209523
43:19.5,0.000246029
43:20.5,0.00020644
43:21.5,0.000200424
43:22.5,0.000199093
43:23.5,0.000191994
43:24.5,0.000224597
43:25.5,0.000227249
43:26.5,0.000218359
43:27.5,0.000210452
43:28.5,0.000199644
43:29.5,0.000201195
43:30.5,0.00021047
43:31.5,0.00023809
43:32.5,0.000233404
43:33.5,0.000252407
43:34.5,0.000234953
43:35.5,0.000259505
43:36.5,0.000272826
43:37.5,0.000276596
43:38.5,0.00026842
43:39.5,0.000254749
43:40.5,0.000244726
43:41.5,0.000255563
43:42.5,0.000271707
43:43.5,0.000273383
43:44.5,0.000272131
43:45.5,0.000273153
43:46.5,0.000263236
43:47.5,0.000219138
43:48.5,0.000203118
43:49.5,0.000176893
43:50.5,0.000142268
43:51.5,0.000126861
43:52.5,0.000130449
43:53.5,0.000144099
43:54.5,0.000166468
43:55.5,0.000150202
43:56.5,0.000137075
43:57.5,0.000124156
43:58.5,0.000128872
43:59.5,0.000129251
44:00.5,0.000139619
44:01.4,0.000134058
44:02.4,0.000115475
44:03.4,7.171597e-05
44:04.4,9.419346e-05
44:05.4,8.0895705e-05
44:06.4,8.0114085e-05
44:07.4,0.000108558
44:08.4,0.000123891
44:09.4,0.000116419
44:10.4,0.000122618
44:11.4,0.000165888
44:12.4,0.000175259
44:13.4,0.000176904
44:14.4,0.000160758
44:15.4,0.00013266
44:16.4,0.000108153
44:17.4,0.000106486
44:18.4,0.000113548
44:19.4,0.000102361
44:20.4,9.728175e-05
44:21.4,8.762377e-05
44:22.4,0.000123313
44:23.4,0.000137052
44:24.4,0.000144391
44:25.4,0.000135687
44:26.4,0.000148407
44:27.4,0.000168111
44:28.4,0.000190816
44:29.4,0.000193236
44:30.4,0.000184352
44:31.4,0.000165731
44:32.4,0.000162087
44:33.4,0.00015614
44:34.4,0.000126109
44:35.4,0.000131098
44:36.4,0.000130164
44:37.4,0.000139288
44:38.4,0.000163321
44:39.4,0.000173818
44:40.4,0.000163677
44:41.4,0.000176746
44:42.4,0.000166972
44:43.4,0.000170072
44:44.4,0.000164524
44:45.4,0.00018733
44:46.4,0.000212808
44:47.4,0.000216947
44:48.4,0.00021817
44:49.4,0.000218477
44:50.4,0.000217793
44:51.4,0.000216574
44:52.4,0.000226902
44:53.4,0.000225035
44:54.4,0.00022235
44:55.4,0.000215551
44:56.4,0.000220787
44:57.4,0.000237883
44:58.4,0.000259466
44:59.4,0.000252275
45:00.4,0.000252662
45:01.4,0.000258576
45:02.3,0.000282974
45:03.3,0.000285913
45:04.3,0.00029589
45:05.3,0.000323472
45:06.3,0.000306338
45:07.3,0.000305911
45:08.3,0.000307803
45:09.3,0.00030761
45:10.3,0.000303062
45:11.3,0.000302394
45:12.3,0.000295498
45:13.3,0.00029534
45:14.3,0.000276771
45:15.3,0.000234177
45:16.3,0.000217585
45:17.3,0.000213619
45:18.3,0.000203683
45:19.3,0.00019428
45:20.3,0.000222292
45:21.3,0.000236807
45:22.3,0.00019009
45:23.3,0.00017548
45:24.3,0.000194562
45:25.3,0.0002198
45:26.3,0.00023724
45:27.3,0.000253989
45:28.3,0.000233024
45:29.3,0.000222566
45:30.3,0.000248253
45:31.3,0.000237729
45:32.3,0.000234369
45:33.3,0.00024266
45:34.3,0.000237521
45:35.3,0.000218034
45:36.3,0.000212036
45:37.3,0.000203499
45:38.3,0.000219071
45:39.3,0.000219361
45:40.3,0.00023238
45:41.3,0.000239519
45:42.3,0.000246836
45:43.3,0.000243044
45:44.3,0.0002098
45:45.3,0.000195678
45:46.3,0.000217663
45:47.3,0.000227347
45:48.3,0.000224321
45:49.3,0.000226403
45:50.3,0.000228617
45:51.3,0.00025005
45:52.3,0.000274526
45:53.3,0.000314918
45:54.3,0.000335437
45:55.3,0.000345035
45:56.3,0.000352526
45:57.3,0.000350288
45:58.3,0.000375099
45:59.3,0.000372969
46:00.3,0.000380808
46:01.3,0.000395759
46:02.3,0.000409413
46:03.2,0.000407115
46:04.2,0.000410345
46:05.2,0.000398266
46:06.2,0.000404095
46:07.2,0.000382298
46:08.2,0.000356877
46:09.2,0.000344258
46:10.2,0.000312484
46:11.2,0.000300748
46:12.2,0.000304386
46:13.2,0.000311121
46:14.2,0.000336337
46:15.2,0.000335358
46:16.2,0.000281031
46:17.2,0.000263881
46:18.2,0.000262088
46:19.2,0.000251491
46:20.2,0.000266183
46:21.2,0.000267557
46:22.2,0.00030423
46:23.2,0.000333855
46:24.2,0.000332279
46:25.2,0.000330482
46:26.2,0.000345626
46:27.2,0.000357469
46:28.2,0.000368009
46:29.2,0.000398762
46:30.2,0.000404299
46:31.2,0.000408672
46:32.2,0.000405318
46:33.2,0.000408914
46:34.2,0.000398592
46:35.2,0.000381755
46:36.2,0.000393669
46:37.2,0.000416265
46:38.2,0.000423354
46:39.2,0.000410286
46:40.2,0.000426213
46:41.2,0.000442186
46:42.2,0.000461196
46:43.2,0.000461161
46:44.2,0.000457892
46:45.2,0.000478126
46:46.2,0.000515915
46:47.2,0.000519285
46:48.2,0.000494456
46:49.2,0.000488009
46:50.2,0.000470736
46:51.2,0.000456415
46:52.2,0.000440509
46:53.2,0.000429445
46:54.2,0
46:55.2,-5.36E-05
46:56.2,-6.01E-05
46:57.2,-6.57E-05
46:58.2,-6.19E-05
46:59.2,-4.47E-05
47:00.2,-1.90E-05
47:01.2,-2.83E-05
47:02.2,-3.35E-05
47:03.2,-3.72E-05
47:04.2,-4.63E-05
47:05.1,-2.86E-05
47:06.1,-7.51E-06
47:07.1,-1.72E-06
47:08.1,-5.59E-06
47:09.1,-7.04E-06
47:10.1,3.460367e-06
47:11.1,-3.66E-05
47:12.1,-4.59E-05
47:13.1,-4.12E-05
47:14.1,-3.26E-05
47:15.1,-2.19E-05
47:16.1,-1.71E-05
47:17.1,-2.17E-05
47:18.1,-2.78E-05
47:19.1,-1.45E-05
47:20.1,-1.53E-05
47:21.1,2.5310615e-06
47:22.1,6.9581074e-06
47:23.1,1.7264168e-05
47:24.1,-5.18E-06
47:25.1,4.175072e-06
47:26.1,2.7838618e-05
47:27.1,3.8089365e-05
47:28.1,3.591643e-05
47:29.1,3.900873e-05
47:30.1,4.3239444e-05
47:31.1,7.620279e-05
47:32.1,8.182893e-05
47:33.1,9.850853e-05
47:34.1,9.4690135e-05
47:35.1,4.805981e-05
47:36.1,1.1337792e-05
47:37.1,-1.27E-05
47:38.1,-9.49E-06
47:39.1,-4.92E-06
47:40.1,-2.52E-05
47:41.1,-4.84E-05
47:42.1,-7.76E-05
47:43.1,-8.95E-05
47:44.1,-6.73E-05
47:45.1,-3.46E-05
47:46.1,-3.49E-05
47:47.1,-3.76E-05
47:48.1,-4.82E-05
47:49.1,-6.48E-05
47:50.1,-7.19E-05
47:51.1,-6.91E-05
47:52.1,-7.27E-05
47:53.1,-7.23E-05
47:54.1,-9.19E-05
47:55.1,-9.16E-05
47:56.1,-6.84E-05
47:57.1,-6.87E-05
47:58.1,-6.87E-05
47:59.1,-5.31E-05
48:00.1,-2.94E-05
48:01.1,-2.15E-05
48:02.1,-2.52E-05
48:03.1,-2.89E-05
48:04.1,-4.81E-05
48:05.1,-4.59E-05
48:06.0,-5.30E-05
48:07.0,-5.84E-05
48:08.0,-4.79E-05
48:09.0,-5.49E-05
48:10.0,-3.95E-05
48:11.0,-3.42E-05
48:12.0,-4.16E-05
48:13.0,-4.56E-05
48:14.0,-2.31E-05
48:15.0,-1.40E-05
48:16.0,5.194268e-07
48:17.0,-1.72E-05
48:18.0,-3.11E-05
48:19.0,-2.78E-05
48:20.0,-3.69E-05
48:21.0,-4.13E-05
48:22.0,-2.43E-05
48:23.0,-3.58E-05
48:24.0,-2.36E-05
48:25.0,-1.68E-05
48:26.0,-1.73E-05
48:27.0,-8.72E-06
48:28.0,-2.01E-05
48:29.0,-1.09E-05
48:30.0,4.891141e-06
48:31.0,-1.01E-06
48:32.0,-8.66E-06
48:33.0,-6.20E-06
48:34.0,-2.54E-05
48:35.0,-1.27E-05
48:36.0,-1.19E-05
48:37.0,-1.60E-05
48:38.0,-2.67E-05
48:39.0,-3.28E-05
48:40.0,-3.12E-05
48:41.0,-3.81E-05
48:42.0,-3.58E-05
48:43.0,-4.51E-05
48:44.0,-4.33E-05
48:45.0,-4.96E-05
48:46.0,-2.95E-05
48:47.0,-4.55E-06
48:48.0,-3.73E-05
48:49.0,-5.24E-05
48:50.0,-6.73E-05
48:51.0,-6.26E-05
48:52.0,-6.11E-05
48:53.0,-3.31E-05
48:54.0,-3.45E-05
48:55.0,-4.21E-05
48:56.0,-5.65E-05
48:57.0,-4.60E-05
48:58.0,-3.64E-05
48:59.0,-2.44E-05
49:00.0,-1.89E-05
49:01.0,-1.95E-05
49:02.0,-2.06E-05
49:03.0,-8.92E-06
49:04.0,1.6471158e-05
49:05.0,2.9983274e-05
49:06.0,4.2273947e-05
49:06.9,6.0659386e-05
49:07.9,5.4344728e-05
49:08.9,3.53953e-05
49:09.9,5.1241896e-05
49:10.9,7.101063e-05
49:11.9,5.3806838e-05
49:12.9,4.0593455e-05
49:13.9,3.867099e-05
49:14.9,3.0819985e-05
49:15.9,2.4450335e-05
49:16.9,2.0212434e-05
49:17.9,2.2928658e-05
49:18.9,2.6272155e-05
49:19.9,5.631829e-05
49:20.9,6.309366e-05
49:21.9,5.7288053e-05
49:22.9,9.0197536e-05
49:23.9,9.8684606e-05
49:24.9,0.000122898
49:25.9,0.000136668
49:26.9,0.000179148
49:27.9,0.000191274
49:28.9,0.000206769
49:29.9,0.000203467
49:30.9,0.00021053
49:31.9,0.00021474
49:32.9,0.000207743
49:33.9,0.000221137
49:34.9,0.0002395
49:35.9,0.000247648
49:36.9,0.000256471
49:37.9,0.000248553
49:38.9,0.000245414
49:39.9,0.000254505
49:40.9,0.000249022
49:41.9,0.000253185
49:42.9,0.000260098
49:43.9,0.000246975
49:44.9,0.000232968
49:45.9,0.00026289
49:46.9,0.000286597
49:47.9,0.000281767
49:48.9,0.000284397
49:49.9,0.000307111
49:50.9,0.000332674
49:51.9,0.000333694
49:52.9,0.000332607
49:53.9,0.000335151
49:54.9,0.000341078
49:55.9,0.000326354
49:56.9,0.000323225
49:57.9,0.000334674
49:58.9,0.000322012
49:59.9,0.000323755
50:00.9,0.00031353
50:01.9,0.000317564
50:02.9,0.000328613
50:03.9,0.000337158
50:04.9,0.000312276
50:05.9,0.000304027
50:06.9,0.000319213
50:07.8,0.000312877
50:08.8,0.000323514
50:09.8,0.000321238
50:10.8,0.000306292
50:11.8,0.000294914
50:12.8,0.000287687
50:13.8,0.000279042
50:14.8,0.000291073
50:15.8,0.000317206
50:16.8,0.000343953
50:17.8,0.000349561
50:18.8,0.000346557
50:19.8,0.000358377
50:20.8,0.000357903
50:21.8,0.000372637
50:22.8,0.000383286
50:23.8,0.000382445
50:24.8,0.000383476
50:25.8,0.000391763
50:26.8,0.000408446
50:27.8,0.000410157
50:28.8,0.000417906
50:29.8,0.000413783
50:30.8,0.000417779
50:31.8,0.00042813
50:32.8,0.000428145
50:33.8,0.000439624
50:34.8,0.000439167
50:35.8,0.000446796
50:36.8,0.000455705
50:37.8,0.000428163
50:38.8,0.00041508
50:39.8,0.000451983
50:40.8,0.000478038
50:41.8,0.000481885
50:42.8,0.000487894
50:43.8,0.000489693
50:44.8,0.000483851
50:45.8,0.000464448
50:46.8,0.00045284
50:47.8,0.000460761
50:48.8,0.000460201
50:49.8,0.000466622
50:50.8,0.000468731
50:51.8,0.00047343
50:52.8,0.000460364
50:53.8,0.000468477
50:54.8,0.000468853
50:55.8,0.000494984
50:56.8,0.000507463
50:57.8,0.000505593
50:58.8,0.000488767
50:59.8,0.000472043
51:00.8,0.000454344
51:01.8,0.000452518
51:02.8,0.000469548
51:03.8,0.000457942
51:04.8,0.000457437
51:05.8,0.000464087
51:06.8,0.000464425
51:07.8,0.000461754
51:08.7,0.000468146
51:09.7,0.000476859
51:10.7,0.000478467
51:11.7,0.000488363
51:12.7,0.000497598
51:13.7,0.00049531
51:14.7,0.000536683
51:15.7,0.000551325
51:16.7,0.000569703
51:17.7,0.000576451
51:18.7,0.000546235
51:19.7,0.000544979
51:20.7,0.000558195
51:21.7,0.000564938
51:22.7,0.00056138
51:23.7,0.000540971
51:24.7,0.000552598
51:25.7,0.00058053
51:26.7,0.000602367
51:27.7,0.000608204
51:28.7,0.000600875
51:29.7,0.000585912
51:30.7,0.000584218
51:31.7,0.000575066
51:32.7,0.000560915
51:33.7,0.000557012
51:34.7,0.000581047
51:35.7,0.000580757
51:36.7,0.000580329
51:37.7,0.000575473
51:38.7,0.00057952
51:39.7,0.000586952
51:40.7,0.000585583
51:41.7,0.000560486
51:42.7,0.000555962
51:43.7,0.00055517
51:44.7,0.000546176
51:45.7,0.000535595
51:46.7,0.00054811
51:47.7,0.000556728
51:48.7,0.000544312
51:49.7,0.000547093
51:50.7,0.000557919
51:51.7,0.000553489
51:52.7,0.000559414
51:53.7,0.000536819
51:54.7,0.000550963
51:55.7,0.000579184
51:56.7,0.000599314
51:57.7,0.000585728
51:58.7,0.000581164
51:59.7,0.000601121
52:00.7,0.000597438
52:01.7,0.000606722
52:02.7,0.000588962
52:03.7,0.000579128
52:04.7,0.000582858
52:05.7,0.000575328
52:06.7,0.00057131
52:07.7,0.000566064
52:08.7,0.000557821
52:09.6,0.000562462
52:10.6,0.000571539
52:11.6,0.000567721
52:12.6,0.000574037
52:13.6,0.000559419
52:14.6,0.00058904
52:15.6,0.000597099
52:16.6,0.000594766
52:17.6,0.000602665
52:18.6,0.000618465
52:19.6,0.000617063
52:20.6,0.000641147
52:21.6,0.000653227
52:22.6,0.000666228
52:23.6,0.000673078
52:24.6,0.000668686
52:25.6,0.000645686
52:26.6,0.00063136
52:27.6,0.000641904
52:28.6,0.000634188
52:29.6,0.000624602
52:30.6,0.000617925
52:31.6,0.000609234
52:32.6,0.000586051
52:33.6,0.000549219
52:34.6,0.000567526
52:35.6,0.00059098
52:36.6,0.000613136
52:37.6,0.000664023
52:38.6,0.000673119
52:39.6,0.000653165
52:40.6,0.000647763
52:41.6,0.000642948
52:42.6,0.000632827
52:43.6,0.000643951
52:44.6,0.000646643
52:45.6,0.000635936
52:46.6,0.000613152
52:47.6,0.000630779
52:48.6,0.000640921
52:49.6,0.000641305
52:50.6,0.000664444
52:51.6,0.000673785
52:52.6,0.000673769
52:53.6,0.000683765
52:54.6,0.000691053
52:55.6,0.000693673
52:56.6,0.000706403
52:57.6,0.000690653
52:58.6,0.000677357
52:59.6,0.000669271
53:00.6,0.00067846
53:01.6,0.000675989
53:02.6,0.000676931
53:03.6,0.000664692
53:04.6,0.000652178
53:05.6,0.000631657
53:06.6,0.000638574
53:07.6,0.000637613
53:08.6,0.000624232
53:09.6,0.000629273
53:10.5,0.000650679
53:11.5,0.000643289
53:12.5,0.000645026
53:13.5,0.000647164
53:14.5,0.000646151
53:15.5,0.000643049
53:16.5,0.000631805
53:17.5,0.00062667
53:18.5,0.000636069
53:19.5,0.000650266
53:20.5,0.000661412
53:21.5,0.000662569
53:22.5,0.000672935
53:23.5,0.000706267
53:24.5,0.00069977
53:25.5,0.000695153
53:26.5,0.000691246
53:27.5,0.000660641
53:28.5,0.00066091
53:29.5,0.000648536
53:30.5,0.000636796
53:31.5,0.000660417
53:32.5,0.000677214
53:33.5,0.000692357
53:34.5,0.000687383
53:35.5,0.000690376
53:36.5,0.000690589
53:37.5,0.000690463
53:38.5,0.000668138
53:39.5,0.000672509
53:40.5,0.000664028
53:41.5,0.000643752
53:42.5,0.000626089
53:43.5,0.000630246
53:44.5,0.000642438
53:45.5,0.000649623
53:46.5,0.000643758
53:47.5,0.000634006
53:48.5,0.000646503
53:49.5,0.000662069
53:50.5,0.00064745
53:51.5,0.000664172
53:52.5,0.000672621
53:53.5,0.000686959
53:54.5,0.000698647
53:55.5,0.000707878
53:56.5,0.000690881
53:57.5,0.000712897
53:58.5,0.000709495
53:59.5,0.000693898
54:00.5,0.00071365
54:01.5,0.000731824
54:02.5,0.000752872
54:03.5,0.000740532
54:04.5,0.000753998
54:05.5,0.000744639
54:06.5,0.000724971
54:07.5,0.000740995
54:08.5,0.00074475
54:09.5,0.000745712
54:10.5,0.000756472
54:11.4,0.000766489
54:12.4,0.000747806
54:13.4,0.000754524
54:14.4,0.000774584
54:15.4,0.000783415
54:16.4,0.000772006
54:17.4,0.000758905
54:18.4,0.000775027
54:19.4,0.00077478
54:20.4,0.000789173
54:21.4,0.000824439
54:22.4,0.000845389
54:23.4,0.000862614
54:24.4,0.000875895
54:25.4,0.000894803
54:26.4,0.000878963
54:27.4,0.000863759
54:28.4,0.000853728
54:29.4,0.000852868
54:30.4,0.00085776
54:31.4,0.000868495
54:32.4,0.000853563
54:33.4,0.000863488
54:34.4,0.000898877
54:35.4,0.0009256
54:36.4,0.000924138
54:37.4,0.000920683
54:38.4,0.000901928
54:39.4,0.000905366
54:40.4,0.000917393
54:41.4,0.000907923
54:42.4,0.000904103
54:43.4,0.00090774
54:44.4,0.000900937
54:45.4,0.000899736
54:46.4,0.000878802
54:47.4,0.000870073
54:48.4,0.000852033
54:49.4,0.000838446
54:50.4,0.000836003
54:51.4,0.000841085
54:52.4,0.000836321
54:53.4,0.000819668
54:54.4,0.000813576
54:55.4,0.000817493
54:56.4,0.000795572
54:57.4,0.000772185
54:58.4,0.000757707
54:59.4,0.000775484
55:00.4,0.000760915
55:01.4,0.000746701
55:02.4,0.000729661
55:03.4,0.000720888
55:04.4,0.000701287
55:05.4,0.000695225
55:06.4,0.000668438
55:07.4,0.00066829
55:08.4,0.000700776
55:09.4,0.000693574
55:10.4,0.000707003
55:11.4,0.000717328
55:12.3,0.000714495
55:13.3,0.000691499
55:14.3,0.000700183
55:15.3,0.000705349
55:16.3,0.000673644
55:17.3,0.000649189
55:18.3,0.000633226
55:19.3,0.000666931
55:20.3,0.000656299
55:21.3,0.000638787
55:22.3,0.000638373
55:23.3,0.000637046
55:24.3,0.000620878
55:25.3,0.000632927
55:26.3,0.000667537
55:27.3,0.00067532
55:28.3,0.000662056
55:29.3,0.000671824
55:30.3,0.000646442
55:31.3,0.000624277
55:32.3,0.000634461
55:33.3,0.000622612
55:34.3,0.000620905
55:35.3,0.000636049
55:36.3,0.000658971
55:37.3,0.000687028
55:38.3,0.000664084
55:39.3,0.000661965
55:40.3,0.000662838
55:41.3,0.000681262
55:42.3,0.000718298
55:43.3,0.000707154
55:44.3,0.000664963
55:45.3,0.000647597
55:46.3,0.000646364
55:47.3,0.00065794
55:48.3,0.000638938
55:49.3,0.0006552
55:50.3,0.000651641
55:51.3,0.000654689
55:52.3,0.00065242
55:53.3,0.000638467
55:54.3,0.000651792
55:55.3,0.000641422
55:56.3,0.000657812
55:57.3,0.000683054
55:58.3,0.000679756
55:59.3,0.000672937
56:00.3,0.000661336
56:01.3,0.000661699
56:02.3,0.00067056
56:03.3,0.000669888
56:04.3,0.000665612
56:05.3,0.000636373
56:06.3,0.000609982
56:07.3,0.000573839
56:08.3,0.000558857
56:09.3,0.000557106
56:10.3,0.000541875
56:11.3,0.000555073
56:12.3,0.000558185
56:13.3,0.000563184
56:14.2,0.000540181
56:15.2,0.000535806
56:16.2,0.000540472
56:17.2,0.000553805
56:18.2,0.000565472
56:19.2,0.000582131
56:20.2,0.000563016
56:21.2,0.000576915
56:22.2,0.000593926
56:23.2,0.000590832
56:24.2,0.000573176
56:25.2,0.00054002
56:26.2,0.000525317
56:27.2,0.000509916
56:28.2,0.000466914
56:29.2,0.000454797
56:30.2,0.000465051
56:31.2,0.000453991
56:32.2,0.000450529
56:33.2,0.000468902
56:34.2,0.000474992
56:35.2,0.000453774
56:36.2,0.000440767
56:37.2,0.000405498
56:38.2,0.000398766
56:39.2,0.000413332
56:40.2,0.000412208
56:41.2,0.000398786
56:42.2,0.000407195
56:43.2,0.000409762
56:44.2,0.00042301
56:45.2,0.00044602
56:46.2,0.000425168
56:47.2,0.000427883
56:48.2,0.000435117
56:49.2,0.000416021
56:50.2,0.000433665
56:51.2,0.00044214
56:52.2,0.000457525
56:53.2,0.000452987
56:54.2,0
56:55.2,2.3498314e-05
56:56.2,2.8888926e-06
56:57.2,1.7984588e-05
56:58.2,1.8889552e-05
56:59.2,2.1203274e-05
57:00.2,2.1676708e-05
57:01.2,-1.08E-05
57:02.2,-3.57E-05
57:03.2,-3.89E-05
57:04.2,-2.85E-05
57:05.2,-9.04E-06
57:06.2,-3.62E-06
57:07.2,3.4560544e-06
57:08.2,1.1598431e-05
57:09.2,2.0618681e-05
57:10.2,3.455841e-05
57:11.2,5.0409813e-05
57:12.2,5.101346e-05
57:13.2,4.8238533e-05
57:14.2,5.3731623e-05
57:15.1,7.217537e-05
57:16.1,8.334869e-05
57:17.1,6.871563e-05
57:18.1,4.554649e-05
57:19.1,5.437546e-05
57:20.1,5.0273917e-05
57:21.1,6.679016e-05
57:22.1,5.1971798e-05
57:23.1,2.4321054e-05
57:24.1,5.160412e-07
57:25.1,-8.08E-06
57:26.1,-6.83E-06
57:27.1,-8.29E-06
57:28.1,-4.62E-05
57:29.1,-6.31E-05
57:30.1,-8.14E-05
57:31.1,-8.02E-05
57:32.1,-8.14E-05
57:33.1,-7.70E-05
57:34.1,-5.65E-05
57:35.1,-2.98E-05
57:36.1,-1.50E-05
57:37.1,3.3202655e-06
57:38.1,-8.03E-06
57:39.1,-1.05E-05
57:40.1,-8.24E-07
57:41.1,2.3520063e-06
57:42.1,5.8178575e-06
57:43.1,1.026967e-05
57:44.1,1.1773366e-05
57:45.1,1.3408005e-05
57:46.1,1.9474732e-05
57:47.1,3.955487e-05
57:48.1,6.123074e-05
57:49.1,6.4420645e-05
57:50.1,7.836428e-05
57:51.1,0.000107244
57:52.1,0.000102144
57:53.1,0.000123708
57:54.1,0.00014155
57:55.1,0.000136899
57:56.1,0.000126884
57:57.1,0.000108626
57:58.1,0.000113977
57:59.1,0.000105184
58:00.1,8.8792236e-05
58:01.1,0.00010531
58:02.1,0.000136969
58:03.1,0.000138441
58:04.1,0.000156222
58:05.1,0.000120931
58:06.1,0.000104367
58:07.1,8.123324e-05
58:08.1,7.641555e-05
58:09.1,5.177325e-05
58:10.1,3.1783282e-05
58:11.1,5.0091247e-05
58:12.1,6.2859675e-05
58:13.1,4.6776495e-05
58:14.1,2.0735995e-05
58:15.1,2.298092e-05
58:16.0,3.4553625e-05
58:17.0,3.9598584e-05
58:18.0,4.299163e-05
58:19.0,3.1662825e-05
58:20.0,1.5851345e-05
58:21.0,1.000518e-05
58:22.0,1.3442031e-05
58:23.0,1.5432232e-05
58:24.0,3.153291e-05
58:25.0,4.501924e-05
58:26.0,5.7215202e-05
58:27.0,6.4874184e-05
58:28.0,2.3640834e-05
58:29.0,-1.17E-05
58:30.0,-4.74E-05
58:31.0,-2.12E-05
58:32.0,-1.66E-05
58:33.0,-1.71E-05
58:34.0,-1.90E-05
58:35.0,-2.72E-05
58:36.0,-3.22E-05
58:37.0,-5.12E-05
58:38.0,-4.72E-05
58:39.0,-6.54E-05
58:40.0,-8.52E-05
58:41.0,-8.49E-05
58:42.0,-0.000102674
58:43.0,-0.000115286
58:44.0,-0.000129168
58:45.0,-0.000114699
58:46.0,-0.000117304
58:47.0,-0.0001295
58:48.0,-0.000120032
58:49.0,-0.00013318
58:50.0,-0.000125633
58:51.0,-0.000144581
58:52.0,-0.000146389
58:53.0,-0.000136774
58:54.0,-0.000101085
58:55.0,-0.000103774
58:56.0,-9.19E-05
58:57.0,-8.23E-05
58:58.0,-9.02E-05
58:59.0,-5.52E-05
59:00.0,-2.24E-05
59:01.0,-4.92E-06
59:02.0,3.282432e-06
59:03.0,2.0852109e-05
59:04.0,1.8441033e-05
59:05.0,3.5684647e-05
59:06.0,1.838095e-05
59:07.0,1.0743899e-05
59:08.0,-2.37E-05
59:09.0,-3.84E-05
59:10.0,-3.25E-05
59:11.0,-3.72E-05
59:12.0,-4.66E-05
59:13.0,-3.17E-05
59:14.0,-2.45E-05
59:15.0,3.975394e-06
59:16.0,1.6620526e-05
59:16.9,1.2765049e-05
59:17.9,5.7955763e-06
59:18.9,-6.00E-06
59:19.9,-2.89E-05
59:20.9,-4.45E-05
59:21.9,-3.99E-05
59:22.9,-5.04E-05
59:23.9,-6.58E-05
59:24.9,-6.92E-05
59:25.9,-6.41E-05
59:26.9,-7.52E-05
59:27.9,-6.39E-05
59:28.9,-3.30E-05
59:29.9,-4.81E-05
59:30.9,-5.66E-05
59:31.9,-2.40E-05
59:32.9,7.1460086e-06
59:33.9,1.1411622e-05
59:34.9,4.1670166e-05
59:35.9,4.2453226e-05
59:36.9,7.99424e-05
59:37.9,7.857065e-05
59:38.9,7.7328616e-05
59:39.9,0.000100548
59:40.9,9.438085e-05
59:41.9,6.503972e-05
59:42.9,7.437707e-05
59:43.9,9.724749e-05
59:44.9,9.552776e-05
59:45.9,0.000108219
59:46.9,0.000144358
59:47.9,0.00014781
59:48.9,0.00012549
59:49.9,0.000100372
59:50.9,9.8170145e-05
59:51.9,0.00012005
59:52.9,0.000145403
59:53.9,0.000151364
59:54.9,0.000167758
59:55.9,0.000166644
59:56.9,0.000169074
59:57.9,0.000160098
59:58.9,0.000160725
59:59.9,0.000176853
00:00.9,0.000173147
00:01.9,0.000177404
00:02.9,0.000168686
00:03.9,0.000167134
00:04.9,0.000168348
00:05.9,0.000170132
00:06.9,0.000151134
00:07.9,0.00016496
00:08.9,0.000169066
00:09.9,0.000162957
00:10.9,0.000175197
00:11.9,0.000181285
00:12.9,0.000161922
00:13.9,0.000171361
00:14.9,0.000180219
00:15.9,0.00019394
00:16.9,0.000193267
00:17.8,0.000170235
00:18.8,0.000173158
00:19.8,0.000152157
00:20.8,0.000154552
00:21.8,0.000161982
00:22.8,0.000154709
00:23.8,0.000136481
00:24.8,0.000121677
00:25.8,0.000114295
00:26.8,9.813113e-05
00:27.8,9.580485e-05
00:28.8,0.000107462
00:29.8,0.000113449
00:30.8,0.000128797
00:31.8,0.000152794
00:32.8,0.000155994
00:33.8,0.000164334
00:34.8,0.000153042
00:35.8,0.000142983
00:36.8,0.000141028
00:37.8,0.000121124
00:38.8,0.000121354
00:39.8,0.000108057
00:40.8,0.000136159
00:41.8,0.000149359
00:42.8,0.000153523
00:43.8,0.000141232
00:44.8,0.000170381
00:45.8,0.0001919
00:46.8,0.000202692
00:47.8,0.00019456
00:48.8,0.00020293
00:49.8,0.000208226
00:50.8,0.000219651
00:51.8,0.000208652
00:52.8,0.000199404
00:53.8,0.000208507
00:54.8,0.000205552
00:55.8,0.000197468
00:56.8,0.00018546
00:57.8,0.000186518
00:58.8,0.000189832
00:59.8,0.000188108
01:00.8,0.000181779
01:01.8,0.000176615
01:02.8,0.00018235
01:03.8,0.00020346
01:04.8,0.000215484
01:05.8,0.000227731
01:06.8,0.000236291
01:07.8,0.000249681
01:08.8,0.000247371
01:09.8,0.000235397
01:10.8,0.000240287
01:11.8,0.000261042
01:12.8,0.000244003
01:13.8,0.000225717
01:14.8,0.000224686
01:15.8,0.00023401
01:16.8,0.000236584
01:17.8,0.000235269
01:18.7,0.000216188
01:19.7,0.000237558
01:20.7,0.000264271
01:21.7,0.000267434
01:22.7,0.000260023
01:23.7,0.000254086
01:24.7,0.000235992
01:25.7,0.000260197
01:26.7,0.000247558
01:27.7,0.000265017
01:28.7,0.000271342
01:29.7,0.000274857
01:30.7,0.000280675
01:31.7,0.000264614
01:32.7,0.00027936
01:33.7,0.00028521
01:34.7,0.000285536
01:35.7,0.00026992
01:36.7,0.000243304
01:37.7,0.000228733
01:38.7,0.000225897
01:39.7,0.000222226
01:40.7,0.000241194
01:41.7,0.00023591
01:42.7,0.000213316
01:43.7,0.000204121
01:44.7,0.000212411
01:45.7,0.000200648
01:46.7,0.000179945
01:47.7,0.000160298
01:48.7,0.000149858
01:49.7,0.000147244
01:50.7,0.000146563
01:51.7,0.000168494
01:52.7,0.000173242
01:53.7,0.000157093
01:54.7,0.000173915
01:55.7,0.000156331
01:56.7,0.000132224
01:57.7,0.000124568
01:58.7,0.00013519
01:59.7,0.00016092
02:00.7,0.000169739
02:01.7,0.00018344
02:02.7,0.000196897
02:03.7,0.000175943
02:04.7,0.000158329
02:05.7,0.000145006
02:06.7,0.000140763
02:07.7,0.000154426
02:08.7,0.000155949
02:09.7,0.000168251
02:10.7,0.000168159
02:11.7,0.00016003
02:12.7,0.000149001
02:13.7,0.000105557
02:14.7,9.552423e-05
02:15.7,9.0491616e-05
02:16.7,7.2596005e-05
02:17.7,7.642687e-05
02:18.7,4.761176e-05
02:19.6,2.87007e-05
02:20.6,3.1432566e-05
02:21.6,5.1741765e-05
02:22.6,4.8408376e-05
02:23.6,1.4871279e-05
02:24.6,-1.27E-07
02:25.6,4.2230527e-06
02:26.6,1.8319755e-05
02:27.6,3.2631593e-07
02:28.6,-1.79E-05
02:29.6,-7.93E-06
02:30.6,-1.41E-05
02:31.6,-8.34E-06
02:32.6,2.0511314e-05
02:33.6,3.756075e-05
02:34.6,2.8541483e-05
02:35.6,2.7979213e-05
02:36.6,1.9020295e-05
02:37.6,-4.16E-06
02:38.6,-2.04E-06
02:39.6,-5.86E-08
02:40.6,-1.51E-05
02:41.6,-2.96E-06
02:42.6,2.3760595e-05
02:43.6,5.8708527e-05
02:44.6,8.032461e-05
02:45.6,7.775e-05
02:46.6,8.107552e-05
02:47.6,9.0164285e-05
02:48.6,0.000102434
02:49.6,0.000108801
02:50.6,0.000137619
02:51.6,0.000153196
02:52.6,0.000163251
02:53.6,0.000169582
02:54.6,0.000184283
02:55.6,0.000179378
02:56.6,0.000191483
02:57.6,0.00024374
02:58.6,0.000245208
02:59.6,0.000214886
03:00.6,0.000223263
03:01.6,0.00021826
03:02.6,0.000184923
03:03.6,0.000210243
03:04.6,0.000223143
03:05.6,0.000237683
03:06.6,0.000248209
03:07.6,0.000246372
03:08.6,0.000250923
03:09.6,0.00023383
03:10.6,0.00023122
03:11.6,0.000207499
03:12.6,0.000209365
03:13.6,0.000221235
03:14.6,0.000223373
03:15.6,0.000204257
03:16.6,0.000194602
03:17.6,0.000205955
03:18.6,0.000194428
03:19.6,0.000155328
03:20.5,0.000147791
03:21.5,0.000142491
03:22.5,0.000125342
03:23.5,0.000121006
03:24.5,0.00012567
03:25.5,0.000123568
03:26.5,9.615573e-05
03:27.5,7.1922885e-05
03:28.5,6.190945e-05
03:29.5,8.523043e-05
03:30.5,7.503287e-05
03:31.5,5.2127823e-05
03:32.5,4.8943406e-05
03:33.5,4.8928334e-05
03:34.5,4.094697e-05
03:35.5,6.524774e-05
03:36.5,7.236481e-05
03:37.5,7.960494e-05
03:38.5,7.328286e-05
03:39.5,9.225869e-05
03:40.5,8.981187e-05
03:41.5,8.851239e-05
03:42.5,7.3738105e-05
03:43.5,8.570662e-05
03:44.5,7.288961e-05
03:45.5,6.090624e-05
03:46.5,6.574264e-05
03:47.5,6.8419635e-05
03:48.5,6.538715e-05
03:49.5,2.930014e-05
03:50.5,4.7185997e-05
03:51.5,6.989001e-05
03:52.5,8.0055754e-05
03:53.5,8.085642e-05
03:54.5,7.373253e-05
03:55.5,9.491189e-05
03:56.5,6.6502645e-05
03:57.5,3.9488314e-05
03:58.5,4.3532407e-05
03:59.5,3.8665028e-05
04:00.5,1.478338e-05
04:01.5,4.491912e-05
04:02.5,4.736751e-05
04:03.5,4.9204282e-05
04:04.5,5.515917e-05
04:05.5,4.8181777e-05
04:06.5,2.602101e-05
04:07.5,3.1376625e-05
04:08.5,1.8065697e-05
04:09.5,2.075467e-05
04:10.5,4.8947837e-05
04:11.5,4.9918133e-05
04:12.5,4.8234262e-05
04:13.5,8.180158e-05
04:14.5,6.70796e-05
04:15.5,7.8619145e-05
04:16.5,5.143767e-05
04:17.5,2.972363e-05
04:18.5,1.910433e-05
04:19.5,2.8359617e-07
04:20.5,8.519898e-06
04:21.5,1.713015e-05
04:22.4,3.355307e-05
04:23.4,1.3632843e-05
04:24.4,9.862316e-06
04:25.4,1.9288787e-05
04:26.4,1.5613623e-05
04:27.4,-9.97E-06
04:28.4,-3.42E-05
04:29.4,-2.84E-05
04:30.4,-4.68E-05
04:31.4,-7.62E-05
04:32.4,-9.56E-05
04:33.4,-9.91E-05
04:34.4,-0.000118942
04:35.4,-0.000108849
04:36.4,-8.86E-05
04:37.4,-8.96E-05
04:38.4,-6.86E-05
04:39.4,-6.23E-05
04:40.4,-5.79E-05
04:41.4,-5.53E-05
04:42.4,-6.35E-05
04:43.4,-6.26E-05
04:44.4,-4.55E-05
04:45.4,-4.36E-05
04:46.4,-5.97E-05
04:47.4,-7.25E-05
04:48.4,-6.28E-05
04:49.4,-8.66E-05
04:50.4,-0.0001034
04:51.4,-0.000101934
04:52.4,-9.86E-05
04:53.4,-8.90E-05
04:54.4,-9.51E-05
04:55.4,-8.32E-05
04:56.4,-7.02E-05
04:57.4,-7.24E-05
04:58.4,-8.51E-05
04:59.4,-0.000103076
05:00.4,-9.95E-05
05:01.4,-0.000117014
05:02.4,-0.000124497
05:03.4,-0.000110628
05:04.4,-0.000103844
05:05.4,-0.000107846
05:06.4,-0.000138244
05:07.4,-0.00016262
05:08.4,-0.000194991
05:09.4,-0.00018386
05:10.4,-0.000157884
05:11.4,-0.000160608
05:12.4,-0.000157384
05:13.4,-0.00015945
05:14.4,-0.000151916
05:15.4,-0.000158486
05:16.4,-0.000170799
05:17.4,-0.00017631
05:18.4,-0.000152731
05:19.4,-0.000146001
05:20.4,-0.000133267
05:21.4,-0.00011495
05:22.4,-0.000111236
05:23.3,-0.000132657
05:24.3,-0.000147722
05:25.3,-0.000133659
05:26.3,-0.000129848
05:27.3,-0.000113141
05:28.3,-9.43E-05
05:29.3,-8.84E-05
05:30.3,-8.52E-05
05:31.3,-5.43E-05
05:32.3,-7.16E-05
05:33.3,-6.97E-05
05:34.3,-3.93E-05
05:35.3,-3.47E-05
05:36.3,-4.01E-05
05:37.3,-2.31E-05
05:38.3,-2.37E-05
05:39.3,-1.51E-05
05:40.3,-6.40E-06
05:41.3,-4.36E-05
05:42.3,-6.97E-05
05:43.3,-9.47E-05
05:44.3,-9.63E-05
05:45.3,-7.99E-05
05:46.3,-7.83E-05
05:47.3,-8.24E-05
05:48.3,-8.36E-05
05:49.3,-0.000101742
05:50.3,-0.000138536
05:51.3,-0.000156313
05:52.3,-0.000179511
05:53.3,-0.000185644
05:54.3,-0.000158777
05:55.3,-0.0001779
05:56.3,-0.000178701
05:57.3,-0.000192476
05:58.3,-0.000203227
05:59.3,-0.000185265
06:00.3,-0.000180383
06:01.3,-0.000189334
06:02.3,-0.00019096
06:03.3,-0.00019624
06:04.3,-0.000206654
06:05.3,-0.000218389
06:06.3,-0.000235625
06:07.3,-0.000242747
06:08.3,-0.000241336
06:09.3,-0.000205375
06:10.3,-0.00019988
06:11.3,-0.000199767
06:12.3,-0.00018216
06:13.3,-0.000193734
06:14.3,-0.000216608
06:15.3,-0.000239891
06:16.3,-0.000243498
06:17.3,-0.000228963
06:18.3,-0.000249039
06:19.3,-0.000230848
06:20.3,-0.000237499
06:21.3,-0.000229565
06:22.3,-0.000220741
06:23.3,-0.00023239
06:24.2,-0.000274867
06:25.2,-0.000271586
06:26.2,-0.000275315
06:27.2,-0.000264975
06:28.2,-0.0002518
06:29.2,-0.000240208
06:30.2,-0.000229795
06:31.2,-0.000246879
06:32.2,-0.000248117
06:33.2,-0.000250304
06:34.2,-0.000245823
06:35.2,-0.00023963
06:36.2,-0.000221273
06:37.2,-0.000220562
06:38.2,-0.000244077
06:39.2,-0.000247196
06:40.2,-0.000261552
06:41.2,-0.000268236
06:42.2,-0.000212459
06:43.2,-0.000169037
06:44.2,-0.000179734
06:45.2,-0.000191483
06:46.2,-0.000204769
06:47.2,-0.000198968
06:48.2,-0.000222684
06:49.2,-0.000222712
06:50.2,-0.000198059
06:51.2,-0.000189623
06:52.2,-0.000209276
06:53.2,-0.000187027
06:54.2,0
06:55.2,5.7157777e-05
06:56.2,4.542041e-05
06:57.2,2.491198e-05
06:58.2,-1.81E-06
06:59.2,1.2390932e-06
07:00.2,-1.98E-05
07:01.2,-2.19E-05
07:02.2,9.666083e-06
07:03.2,1.137332e-06
07:04.2,1.0792986e-05
07:05.2,2.6150268e-05
07:06.2,5.0900703e-06
07:07.2,-3.63E-05
07:08.2,-7.10E-05
07:09.2,-7.15E-05
07:10.2,-5.94E-05
07:11.2,-6.60E-05
07:12.2,-5.46E-05
07:13.2,-4.31E-05
07:14.2,-2.65E-05
07:15.2,-5.69E-05
07:16.2,-6.08E-05
07:17.2,-6.77E-05
07:18.2,-9.18E-05
07:19.2,-0.000107438
07:20.2,-8.33E-05
07:21.2,-0.000114606
07:22.2,-0.000115068
07:23.2,-9.51E-05
07:24.2,-0.000126586
07:25.1,-0.000124951
07:26.1,-0.000128943
07:27.1,-0.000162167
07:28.1,-0.000138848
07:29.1,-0.000137535
07:30.1,-0.000154766
07:31.1,-0.000190832
07:32.1,-0.0002007
07:33.1,-0.000187094
07:34.1,-0.000170594
07:35.1,-0.000170796
07:36.1,-0.000181182
07:37.1,-0.000167695
07:38.1,-0.000157516
07:39.1,-0.000152843
07:40.1,-0.000155879
07:41.1,-0.00011302
07:42.1,-0.000120485
07:43.1,-0.000118655
07:44.1,-0.00011121
07:45.1,-0.000115292
07:46.1,-0.000129481
07:47.1,-0.000159133
07:48.1,-0.000171763
07:49.1,-0.00016246
07:50.1,-0.000168116
07:51.1,-0.000188341
07:52.1,-0.000214249
07:53.1,-0.000213513
07:54.1,-0.000199656
07:55.1,-0.000168906
07:56.1,-0.000163525
07:57.1,-0.000159997
07:58.1,-0.000158798
07:59.1,-0.000130119
08:00.1,-0.000139833
08:01.1,-0.000131041
08:02.1,-0.00014167
08:03.1,-0.000146869
08:04.1,-0.000167807
08:05.1,-0.000197671
08:06.1,-0.000195284
08:07.1,-0.000178232
08:08.1,-0.000139306
08:09.1,-0.000128774
08:10.1,-0.00011159
08:11.1,-0.000109886
08:12.1,-0.000118904
08:13.1,-6.95E-05
08:14.1,-6.00E-05
08:15.1,-3.67E-05
08:16.1,-4.41E-05
08:17.1,-4.08E-05
08:18.1,-4.83E-05
08:19.1,-2.29E-05
08:20.1,4.9110527e-06
08:21.1,-1.70E-05
08:22.1,-7.11E-05
08:23.1,-3.18E-05
08:24.1,-3.88E-05
08:25.1,-5.35E-05
08:26.0,-5.63E-05
08:27.0,-4.01E-05
08:28.0,-4.58E-05
08:29.0,-4.58E-05
08:30.0,-2.34E-05
08:31.0,-6.33E-05
08:32.0,-8.71E-05
08:33.0,-8.35E-05
08:34.0,-8.29E-05
08:35.0,-0.000101915
08:36.0,-0.000103818
08:37.0,-0.000119767
08:38.0,-0.000114996
08:39.0,-0.000139767
08:40.0,-0.000121978
08:41.0,-7.77E-05
08:42.0,-7.44E-05
08:43.0,-7.94E-05
08:44.0,-5.76E-05
08:45.0,-4.88E-05
08:46.0,-4.44E-05
08:47.0,-6.42E-05
08:48.0,-4.88E-05
08:49.0,-6.63E-05
08:50.0,-8.78E-05
08:51.0,-0.000120488
08:52.0,-0.00014444
08:53.0,-0.000133479
08:54.0,-0.000128861
08:55.0,-0.00014106
08:56.0,-0.000161851
08:57.0,-0.000139877
08:58.0,-0.000136578
08:59.0,-0.000129489
09:00.0,-0.000152972
09:01.0,-0.000137519
09:02.0,-0.000133803
09:03.0,-9.70E-05
09:04.0,-0.000103559
09:05.0,-0.000126812
09:06.0,-0.00010797
09:07.0,-0.000101069
09:08.0,-0.000128729
09:09.0,-0.000139857
09:10.0,-0.000133163
09:11.0,-0.000111686
09:12.0,-8.42E-05
09:13.0,-7.11E-05
09:14.0,-6.21E-05
09:15.0,-5.39E-05
09:16.0,-6.64E-05
09:17.0,-3.01E-05
09:18.0,-7.83E-06
09:19.0,-7.25E-06
09:20.0,-4.86E-05
09:21.0,-3.35E-05
09:22.0,-2.06E-05
09:23.0,-4.27E-05
09:24.0,-5.61E-05
09:25.0,-4.81E-05
09:26.0,-8.11E-05
09:26.9,-9.54E-05
09:27.9,-8.77E-05
09:28.9,-7.74E-05
09:29.9,-6.42E-05
09:30.9,-7.62E-05
09:31.9,-8.93E-05
09:32.9,-0.000108354
09:33.9,-8.39E-05
09:34.9,-2.67E-05
09:35.9,-3.91E-05
09:36.9,-2.38E-05
09:37.9,1.1150093e-05
09:38.9,3.0088147e-05
09:39.9,-1.67E-05
09:40.9,-1.38E-05
09:41.9,-1.52E-05
09:42.9,-1.77E-05
09:43.9,-2.23E-05
09:44.9,-2.60E-06
09:45.9,-4.11E-06
09:46.9,-1.71E-06
09:47.9,-4.18E-06
09:48.9,1.9613753e-05
09:49.9,4.7637328e-05
09:50.9,5.5110384e-05
09:51.9,4.8371978e-05
09:52.9,2.6609961e-05
09:53.9,3.6803947e-05
09:54.9,3.3340806e-05
09:55.9,2.0425969e-05
09:56.9,6.8073855e-06
09:57.9,1.9309e-05
09:58.9,2.8781205e-05
09:59.9,1.1443198e-05
10:00.9,1.036761e-05
10:01.9,-1.82E-05
10:02.9,-3.99E-05
10:03.9,-4.33E-05
10:04.9,-6.49E-05
10:05.9,-6.42E-05
10:06.9,-8.22E-05
10:07.9,-8.02E-05
10:08.9,-0.000110378
10:09.9,-9.61E-05
10:10.9,-0.000101905
10:11.9,-0.00011901
10:12.9,-0.000132635
10:13.9,-0.000169904
10:14.9,-0.000163592
10:15.9,-0.000170186
10:16.9,-0.000178415
10:17.9,-0.000166282
10:18.9,-0.000167603
10:19.9,-0.000160758
10:20.9,-0.000139673
10:21.9,-0.000129982
10:22.9,-0.000141102
10:23.9,-0.000131336
10:24.9,-0.000132931
10:25.9,-0.000143682
10:26.9,-0.000165319
10:27.8,-0.000153994
10:28.8,-0.000147311
10:29.8,-0.00013871
10:30.8,-0.000138262
10:31.8,-0.00016342
10:32.8,-0.000191632
10:33.8,-0.000182563
10:34.8,-0.000167983
10:35.8,-0.000161126
10:36.8,-0.000154545
10:37.8,-0.000169187
10:38.8,-0.000217096
10:39.8,-0.000215082
10:40.8,-0.000233571
10:41.8,-0.000244696
10:42.8,-0.000243125
10:43.8,-0.00023878
10:44.8,-0.000267334
10:45.8,-0.000255109
10:46.8,-0.000268528
10:47.8,-0.000264109
10:48.8,-0.000293193
10:49.8,-0.000289116
10:50.8,-0.000289422
10:51.8,-0.000293614
10:52.8,-0.00029048
10:53.8,-0.000297447
10:54.8,-0.000339967
10:55.8,-0.000374687
10:56.8,-0.000379826
10:57.8,-0.00037196
10:58.8,-0.000336952
10:59.8,-0.000328536
11:00.8,-0.000310782
11:01.8,-0.000323352
11:02.8,-0.000341161
11:03.8,-0.000334897
11:04.8,-0.000351962
11:05.8,-0.00036748
11:06.8,-0.000337945
11:07.8,-0.000310538
11:08.8,-0.000297098
11:09.8,-0.00027833
11:10.8,-0.000262266
11:11.8,-0.000271428
11:12.8,-0.000272932
11:13.8,-0.000265184
11:14.8,-0.000273372
11:15.8,-0.000263084
11:16.8,-0.000287332
11:17.8,-0.00025702
11:18.8,-0.000232633
11:19.8,-0.00024459
11:20.8,-0.000245071
11:21.8,-0.000265398
11:22.8,-0.000267149
11:23.8,-0.000267197
11:24.8,-0.000245576
11:25.8,-0.000210821
11:26.8,-0.000211105
11:27.8,-0.000172661
11:28.7,-0.000171556
11:29.7,-0.000149353
11:30.7,-0.000110433
11:31.7,-8.17E-05
11:32.7,-8.10E-05
11:33.7,-9.42E-05
11:34.7,-7.57E-05
11:35.7,-7.68E-05
11:36.7,-7.92E-05
11:37.7,-7.73E-05
11:38.7,-9.27E-05
11:39.7,-9.53E-05
11:40.7,-9.67E-05
11:41.7,-9.49E-05
11:42.7,-9.51E-05
11:43.7,-0.00010616
11:44.7,-9.55E-05
11:45.7,-9.34E-05
11:46.7,-9.91E-05
11:47.7,-6.89E-05
11:48.7,-4.55E-05
11:49.7,-5.35E-05
11:50.7,-4.09E-05
11:51.7,-4.37E-05
11:52.7,-2.94E-05
11:53.7,-2.49E-05
11:54.7,-3.06E-05
11:55.7,-2.84E-05
11:56.7,-5.32E-05
11:57.7,-6.85E-05
11:58.7,-5.98E-05
11:59.7,-7.23E-05
12:00.7,-7.42E-05
12:01.7,-9.08E-05
12:02.7,-0.000103234
12:03.7,-0.000118975
12:04.7,-0.000118765
12:05.7,-0.000129524
12:06.7,-0.000140644
12:07.7,-0.000167601
12:08.7,-0.000174487
12:09.7,-0.000150659
12:10.7,-0.000139334
12:11.7,-0.000156025
12:12.7,-0.000163531
12:13.7,-0.000181941
12:14.7,-0.000201516
12:15.7,-0.00019382
12:16.7,-0.000167102
12:17.7,-0.000159346
12:18.7,-0.000184793
12:19.7,-0.000196881
12:20.7,-0.000165497
12:21.7,-0.000151456
12:22.7,-0.000139518
12:23.7,-0.000135251
12:24.7,-0.000157226
12:25.7,-0.000169989
12:26.7,-0.000160955
12:27.7,-0.000157294
12:28.7,-0.000162627
12:29.6,-0.00017726
12:30.6,-0.000192862
12:31.6,-0.00018524
12:32.6,-0.00018935
12:33.6,-0.000198349
12:34.6,-0.000220775
12:35.6,-0.000204472
12:36.6,-0.000208045
12:37.6,-0.000234727
12:38.6,-0.000228409
12:39.6,-0.000237803
12:40.6,-0.000242228
12:41.6,-0.000276721
12:42.6,-0.00032704
12:43.6,-0.000341375
12:44.6,-0.000328926
12:45.6,-0.000318023
12:46.6,-0.000307009
12:47.6,-0.000307451
12:48.6,-0.000342498
12:49.6,-0.000355992
12:50.6,-0.000343507
12:51.6,-0.000341755
12:52.6,-0.000344159
12:53.6,-0.000344848
12:54.6,-0.000366451
12:55.6,-0.000366046
12:56.6,-0.000372868
12:57.6,-0.000365452
12:58.6,-0.000356717
12:59.6,-0.000354307
13:00.6,-0.000382755
13:01.6,-0.000390732
13:02.6,-0.000401145
13:03.6,-0.000434272
13:04.6,-0.000440075
13:05.6,-0.000439656
13:06.6,-0.000431231
13:07.6,-0.000420443
13:08.6,-0.000409432
13:09.6,-0.0003776
13:10.6,-0.000370068
13:11.6,-0.000374252
13:12.6,-0.000355706
13:13.6,-0.000385891
13:14.6,-0.000378961
13:15.6,-0.000341236
13:16.6,-0.000351715
13:17.6,-0.000322344
13:18.6,-0.000332543
13:19.6,-0.000355933
13:20.6,-0.00038121
13:21.6,-0.000375966
13:22.6,-0.000377464
13:23.6,-0.000370005
13:24.6,-0.000390876
13:25.6,-0.00036968
13:26.6,-0.000367401
13:27.6,-0.000367365
13:28.6,-0.000336354
13:29.6,-0.000302789
13:30.6,-0.000260793
13:31.5,-0.000270587
13:32.5,-0.000302879
13:33.5,-0.00031301
13:34.5,-0.000313292
13:35.5,-0.00028338
13:36.5,-0.000302132
13:37.5,-0.000310218
13:38.5,-0.000309229
13:39.5,-0.00036153
13:40.5,-0.000376817
13:41.5,-0.000376711
13:42.5,-0.0003891
13:43.5,-0.000415959
13:44.5,-0.000423291
13:45.5,-0.000441957
13:46.5,-0.000435963
13:47.5,-0.000447644
13:48.5,-0.000463549
13:49.5,-0.000463601
13:50.5,-0.00047386
13:51.5,-0.000470783
13:52.5,-0.000480247
13:53.5,-0.000440654
13:54.5,-0.000447056
13:55.5,-0.000443569
13:56.5,-0.000403298
13:57.5,-0.00038092
13:58.5,-0.000367956
13:59.5,-0.000355125
14:00.5,-0.000351916
14:01.5,-0.00037663
14:02.5,-0.000349336
14:03.5,-0.00032326
14:04.5,-0.000315091
14:05.5,-0.000310343
14:06.5,-0.000328396
14:07.5,-0.000313207
14:08.5,-0.000287488
14:09.5,-0.000290656
14:10.5,-0.000287841
14:11.5,-0.000318829
14:12.5,-0.000336919
14:13.5,-0.000338509
14:14.5,-0.000348542
14:15.5,-0.000365159
14:16.5,-0.000333915
14:17.5,-0.000340053
14:18.5,-0.000360641
14:19.5,-0.000378452
14:20.5,-0.000384097
14:21.5,-0.000389683
14:22.5,-0.00039875
14:23.5,-0.000380481
14:24.5,-0.000387516
14:25.5,-0.000409009
14:26.5,-0.000381704
14:27.5,-0.000371648
14:28.5,-0.000355619
14:29.5,-0.000346102
14:30.5,-0.000328459
14:31.5,-0.0003413
14:32.4,-0.000355759
14:33.4,-0.000370228
14:34.4,-0.000370652
14:35.4,-0.000344878
14:36.4,-0.000331812
14:37.4,-0.000340841
14:38.4,-0.00033433
14:39.4,-0.000340341
14:40.4,-0.00031036
14:41.4,-0.000303821
14:42.4,-0.000316695
14:43.4,-0.000300319
14:44.4,-0.000281818
14:45.4,-0.000241752
14:46.4,-0.000196655
14:47.4,-0.000196599
14:48.4,-0.000204712
14:49.4,-0.000176297
14:50.4,-0.000196971
14:51.4,-0.000211695
14:52.4,-0.000227723
14:53.4,-0.000245793
14:54.4,-0.000235175
14:55.4,-0.000202511
14:56.4,-0.000222995
14:57.4,-0.000235356
14:58.4,-0.000218772
14:59.4,-0.00022936
15:00.4,-0.000255066
15:01.4,-0.000260693
15:02.4,-0.000283328
15:03.4,-0.000298705
15:04.4,-0.000313667
15:05.4,-0.000276872
15:06.4,-0.000243689
15:07.4,-0.000207358
15:08.4,-0.000232341
15:09.4,-0.000252334
15:10.4,-0.000268724
15:11.4,-0.000252527
15:12.4,-0.000241054
15:13.4,-0.000234551
15:14.4,-0.000211121
15:15.4,-0.000197561
15:16.4,-0.000197077
15:17.4,-0.000188782
15:18.4,-0.000195629
15:19.4,-0.00020129
15:20.4,-0.000204968
15:21.4,-0.00020587
15:22.4,-0.000230479
15:23.4,-0.000203979
15:24.4,-0.000181049
15:25.4,-0.000186199
15:26.4,-0.000192661
15:27.4,-0.000202587
15:28.4,-0.000224254
15:29.4,-0.000248445
15:30.4,-0.000244387
15:31.4,-0.000230354
15:32.4,-0.00021154
15:33.3,-0.000193453
15:34.3,-0.000149294
15:35.3,-0.000144141
15:36.3,-0.000154703
15:37.3,-0.000162604
15:38.3,-0.000172319
15:39.3,-0.000147886
15:40.3,-0.000129252
15:41.3,-0.00011234
15:42.3,-0.000121354
15:43.3,-0.000124676
15:44.3,-0.00010266
15:45.3,-7.12E-05
15:46.3,-9.22E-05
15:47.3,-7.18E-05
15:48.3,-5.87E-05
15:49.3,-6.63E-05
15:50.3,-8.50E-05
15:51.3,-8.81E-05
15:52.3,-0.000112137
15:53.3,-0.000108998
15:54.3,-0.000123884
15:55.3,-0.000126984
15:56.3,-9.15E-05
15:57.3,-5.33E-05
15:58.3,-5.93E-05
15:59.3,-7.44E-05
16:00.3,-6.70E-05
16:01.3,-8.32E-05
16:02.3,-9.51E-05
16:03.3,-9.69E-05
16:04.3,-9.35E-05
16:05.3,-0.000103933
16:06.3,-0.000102549
16:07.3,-7.67E-05
16:08.3,-9.72E-05
16:09.3,-8.68E-05
16:10.3,-7.79E-05
16:11.3,-8.06E-05
16:12.3,-6.20E-05
16:13.3,-6.85E-05
16:14.3,-6.66E-05
16:15.3,-4.17E-05
16:16.3,-3.58E-05
16:17.3,-3.18E-05
16:18.3,-5.35E-05
16:19.3,-2.06E-05
16:20.3,7.929827e-06
16:21.3,-1.24E-05
16:22.3,-1.20E-05
16:23.3,6.4905307e-06
16:24.3,6.349996e-06
16:25.3,-1.46E-05
16:26.3,9.235326e-06
16:27.3,2.4529258e-05
16:28.3,4.6157442e-05
16:29.3,5.951324e-05
16:30.3,5.7433328e-05
16:31.3,9.586386e-05
16:32.3,0.000105027
16:33.3,0.000106547
16:34.2,0.000116259
16:35.2,0.000149784
16:36.2,0.000163512
16:37.2,0.000160364
16:38.2,0.000152177
16:39.2,0.000174573
16:40.2,0.000170238
16:41.2,0.000193793
16:42.2,0.000179994
16:43.2,0.000168794
16:44.2,0.000188631
16:45.2,0.000193422
16:46.2,0.000182598
16:47.2,0.000192941
16:48.2,0.000213806
16:49.2,0.000206908
16:50.2,0.000201464
16:51.2,0.00021868
16:52.2,0.000256767
16:53.2,0.00024755
16:54.2,0
16:55.2,0.000267538
16:56.2,0.000214437
16:57.2,0.000227906
16:58.2,0.000253224
16:59.2,0.000232046
17:00.2,0.000225755
17:01.2,0.000201949
17:02.2,0.000185275
17:03.2,0.000188004
17:04.2,0.000159209
17:05.2,0.000157577
17:06.2,0.000155577
17:07.2,0.000131362
17:08.2,0.000150814
17:09.2,0.000130816
17:10.2,0.000112602
17:11.2,0.000123866
17:12.2,0.000124186
17:13.2,0.00013733
17:14.2,0.000122117
17:15.2,0.000105047
17:16.2,0.000112995
17:17.2,0.000126173
17:18.2,0.000146781
17:19.2,0.00013851
17:20.2,0.000134592
17:21.2,0.000144242
17:22.2,0.000125423
17:23.2,7.1491886e-05
17:24.2,9.518044e-05
17:25.2,7.154163e-05
17:26.2,4.2423893e-05
17:27.2,5.9307575e-05
17:28.2,8.24904e-05
17:29.2,5.7032645e-05
17:30.2,5.802293e-05
17:31.2,5.7385994e-05
17:32.2,3.8033922e-05
17:33.2,2.1286345e-05
17:34.2,4.0221108e-05
17:35.1,3.1257245e-05
17:36.1,2.1222573e-05
17:37.1,2.7635338e-05
17:38.1,1.363619e-05
17:39.1,1.603041e-05
17:40.1,3.300226e-05
17:41.1,3.0327656e-05
17:42.1,4.1581436e-05
17:43.1,5.8365786e-05
17:44.1,4.6970064e-05
17:45.1,3.249572e-05
17:46.1,3.7476053e-05
17:47.1,5.9670056e-05
17:48.1,0.000104866
17:49.1,0.000135538
17:50.1,0.000168365
17:51.1,0.000192983
17:52.1,0.000182587
17:53.1,0.00021475
17:54.1,0.000276919
17:55.1,0.000302423
17:56.1,0.00029178
17:57.1,0.000300846
17:58.1,0.000348913
17:59.1,0.000346895
18:00.1,0.000340339
18:01.1,0.000336899
18:02.1,0.000336523
18:03.1,0.000358475
18:04.1,0.00036741
18:05.1,0.000342431
18:06.1,0.000401102
18:07.1,0.000419797
18:08.1,0.000405601
18:09.1,0.00043213
18:10.1,0.000459404
18:11.1,0.000479831
18:12.1,0.000481964
18:13.1,0.000486955
18:14.1,0.000464188
18:15.1,0.000445854
18:16.1,0.000480946
18:17.1,0.000510358
18:18.1,0.000499724
18:19.1,0.000487094
18:20.1,0.000473644
18:21.1,0.000464155
18:22.1,0.000462731
18:23.1,0.000453999
18:24.1,0.000459247
18:25.1,0.000464879
18:26.1,0.00046141
18:27.1,0.000455387
18:28.1,0.00046219
18:29.1,0.00045514
18:30.1,0.000434084
18:31.1,0.000390027
18:32.1,0.000382477
18:33.1,0.000382977
18:34.1,0.00038365
18:35.1,0.000378539
18:36.0,0.000383975
18:37.0,0.000397723
18:38.0,0.000416234
18:39.0,0.000438673
18:40.0,0.000468834
18:41.0,0.00047344
18:42.0,0.000488103
18:43.0,0.000495181
18:44.0,0.000484688
18:45.0,0.00050532
18:46.0,0.000528035
18:47.0,0.000536619
18:48.0,0.000555898
18:49.0,0.000522435
18:50.0,0.000509519
18:51.0,0.00049469
18:52.0,0.000494726
18:53.0,0.000485484
18:54.0,0.000508155
18:55.0,0.000516512
18:56.0,0.000511068
18:57.0,0.000521439
18:58.0,0.000507622
18:59.0,0.00048564
19:00.0,0.000513741
19:01.0,0.000505097
19:02.0,0.00050137
19:03.0,0.000506415
19:04.0,0.000512269
19:05.0,0.000512848
19:06.0,0.000509499
19:07.0,0.00051522
19:08.0,0.00049837
19:09.0,0.000496935
19:10.0,0.000508249
19:11.0,0.000489212
19:12.0,0.000488006
19:13.0,0.000495766
19:14.0,0.000493681
19:15.0,0.000497287
19:16.0,0.000486817
19:17.0,0.000510462
19:18.0,0.000531601
19:19.0,0.000542541
19:20.0,0.000536784
19:21.0,0.00054618
19:22.0,0.000548026
19:23.0,0.000534399
19:24.0,0.000504923
19:25.0,0.000518275
19:26.0,0.00053029
19:27.0,0.000535711
19:28.0,0.000547401
19:29.0,0.000550063
19:30.0,0.000561961
19:31.0,0.000557301
19:32.0,0.000548683
19:33.0,0.000589624
19:34.0,0.000598045
19:35.0,0.000588378
19:36.0,0.000582482
19:36.9,0.000606739
19:37.9,0.000598635
19:38.9,0.000589679
19:39.9,0.000577945
19:40.9,0.000575926
19:41.9,0.000567001
19:42.9,0.000559519
19:43.9,0.000558391
19:44.9,0.00054935
19:45.9,0.000551165
19:46.9,0.000579593
19:47.9,0.000561044
19:48.9,0.000567956
19:49.9,0.000573825
19:50.9,0.000604699
19:51.9,0.00061297
19:52.9,0.000602811
19:53.9,0.000574506
19:54.9,0.000581835
19:55.9,0.000575638
19:56.9,0.000542096
19:57.9,0.000535842
19:58.9,0.000518676
19:59.9,0.000518103
20:00.9,0.000529296
20:01.9,0.000549504
20:02.9,0.000577123
20:03.9,0.000556534
20:04.9,0.000553585
20:05.9,0.000540222
20:06.9,0.000546187
20:07.9,0.000551012
20:08.9,0.000558031
20:09.9,0.000558281
20:10.9,0.000560643
20:11.9,0.000546468
20:12.9,0.000505742
20:13.9,0.000488506
20:14.9,0.000509387
20:15.9,0.000528192
20:16.9,0.000528627
20:17.9,0.00054464
20:18.9,0.000557287
20:19.9,0.000531021
20:20.9,0.000535964
20:21.9,0.000546306
20:22.9,0.000551294
20:23.9,0.00055767
20:24.9,0.000557831
20:25.9,0.000552403
20:26.9,0.000587147
20:27.9,0.000581762
20:28.9,0.000609993
20:29.9,0.000591763
20:30.9,0.000570934
20:31.9,0.000539274
20:32.9,0.000548957
20:33.9,0.000552504
20:34.9,0.000534046
20:35.9,0.00052008
20:36.9,0.000538761
20:37.8,0.000555264
20:38.8,0.000549053
20:39.8,0.00052422
20:40.8,0.000520085
20:41.8,0.000503876
20:42.8,0.000519187
20:43.8,0.000524608
20:44.8,0.000506755
20:45.8,0.000488206
20:46.8,0.0004809
20:47.8,0.000508382
20:48.8,0.000499763
20:49.8,0.000508097
20:50.8,0.000526193
20:51.8,0.000524915
20:52.8,0.000508223
20:53.8,0.000542871
20:54.8,0.000538581
20:55.8,0.000539189
20:56.8,0.000526015
20:57.8,0.000518581
20:58.8,0.000529677
20:59.8,0.000528432
21:00.8,0.000530968
21:01.8,0.000538617
21:02.8,0.000564359
21:03.8,0.000561133
21:04.8,0.000551002
21:05.8,0.00054664
21:06.8,0.000561041
21:07.8,0.000561978
21:08.8,0.000549516
21:09.8,0.00055008
21:10.8,0.000547171
21:11.8,0.00054569
21:12.8,0.000532262
21:13.8,0.000538853
21:14.8,0.000550019
21:15.8,0.000532604
21:16.8,0.000521705
21:17.8,0.000504679
21:18.8,0.000513303
21:19.8,0.000519497
21:20.8,0.000539702
21:21.8,0.000519625
21:22.8,0.000500381
21:23.8,0.00049383
21:24.8,0.000525407
21:25.8,0.000534882
21:26.8,0.000537384
21:27.8,0.000548084
21:28.8,0.000552967
21:29.8,0.000550003
21:30.8,0.000546192
21:31.8,0.000562514
21:32.8,0.000570196
21:33.8,0.000577656
21:34.8,0.000555169
21:35.8,0.000530628
21:36.8,0.000524774
21:37.8,0.000541341
21:38.7,0.000550567
21:39.7,0.000549579
21:40.7,0.0005232
21:41.7,0.000561291
21:42.7,0.000589747
21:43.7,0.000615223
21:44.7,0.000612639
21:45.7,0.000625145
21:46.7,0.000615681
21:47.7,0.00058089
21:48.7,0.000592897
21:49.7,0.000592162
21:50.7,0.000598613
21:51.7,0.000595398
21:52.7,0.000590508
21:53.7,0.000611685
21:54.7,0.000636548
21:55.7,0.000635346
21:56.7,0.000625615
21:57.7,0.000617507
21:58.7,0.000634403
21:59.7,0.000651845
22:00.7,0.000652331
22:01.7,0.000652611
22:02.7,0.000660082
22:03.7,0.000701434
22:04.7,0.000698587
22:05.7,0.000685027
22:06.7,0.000696076
22:07.7,0.000705057
22:08.7,0.000726041
22:09.7,0.000755324
22:10.7,0.000735673
22:11.7,0.000748724
22:12.7,0.00076402
22:13.7,0.000754322
22:14.7,0.000753647
22:15.7,0.000736746
22:16.7,0.000713905
22:17.7,0.000723207
22:18.7,0.000716766
22:19.7,0.000725116
22:20.7,0.000716519
22:21.7,0.000706778
22:22.7,0.000714101
22:23.7,0.000745225
22:24.7,0.00075398
22:25.7,0.000766811
22:26.7,0.000777419
22:27.7,0.00076782
22:28.7,0.000736708
22:29.7,0.000717731
22:30.7,0.000734146
22:31.7,0.00072019
22:32.7,0.00070088
22:33.7,0.000712503
22:34.7,0.000712463
22:35.7,0.000702258
22:36.7,0.000705091
22:37.7,0.000729862
22:38.7,0.000736821
22:39.7,0.000732141
22:40.6,0.00072382
22:41.6,0.000704244
22:42.6,0.000701052
22:43.6,0.000699452
22:44.6,0.000694256
22:45.6,0.000708841
22:46.6,0.000717007
22:47.6,0.000720838
22:48.6,0.000701604
22:49.6,0.000691794
22:50.6,0.000699067
22:51.6,0.000720578
22:52.6,0.000753789
22:53.6,0.000786432
22:54.6,0.000779126
22:55.6,0.000759589
22:56.6,0.000776758
22:57.6,0.00079557
22:58.6,0.00078053
22:59.6,0.000768233
23:00.6,0.000761481
23:01.6,0.000768886
23:02.6,0.000763181
23:03.6,0.000772688
23:04.6,0.000775152
23:05.6,0.00074778
23:06.6,0.000712729
23:07.6,0.000719939
23:08.6,0.000718982
23:09.6,0.000722219
23:10.6,0.000722721
23:11.6,0.000713073
23:12.6,0.000710224
23:13.6,0.000688441
23:14.6,0.000684348
23:15.6,0.000688073
23:16.6,0.000681013
23:17.6,0.00066612
23:18.6,0.000684754
23:19.6,0.000682028
23:20.6,0.000684148
23:21.6,0.000667609
23:22.6,0.000644289
23:23.6,0.000620022
23:24.6,0.000606117
23:25.6,0.000616326
23:26.6,0.000612418
23:27.6,0.000612671
23:28.6,0.000640806
23:29.6,0.000646388
23:30.6,0.000627687
23:31.6,0.000639625
23:32.6,0.000655023
23:33.6,0.000655015
23:34.6,0.000650781
23:35.6,0.000680954
23:36.6,0.000660662
23:37.6,0.000659509
23:38.6,0.000672163
23:39.6,0.000652016
23:40.6,0.000663928
23:41.5,0.000670788
23:42.5,0.000685683
23:43.5,0.000722356
23:44.5,0.000726118
23:45.5,0.000719366
23:46.5,0.000700106
23:47.5,0.000711672
23:48.5,0.000747309
23:49.5,0.000738241
23:50.5,0.000747635
23:51.5,0.000759481
23:52.5,0.000736344
23:53.5,0.000717834
23:54.5,0.000699505
23:55.5,0.000693628
23:56.5,0.000673355
23:57.5,0.000691373
23:58.5,0.000697312
23:59.5,0.000707316
24:00.5,0.000720494
24:01.5,0.000752623
24:02.5,0.000747867
24:03.5,0.000715002
24:04.5,0.000737587
24:05.5,0.000741288
24:06.5,0.000726322
24:07.5,0.000733262
24:08.5,0.000727355
24:09.5,0.000736733
24:10.5,0.000734953
24:11.5,0.000738425
24:12.5,0.000717379
24:13.5,0.000706615
24:14.5,0.000740375
24:15.5,0.000728209
24:16.5,0.000719474
24:17.5,0.000719811
24:18.5,0.000702758
24:19.5,0.000679601
24:20.5,0.000643527
24:21.5,0.000666083
24:22.5,0.00067374
24:23.5,0.000649471
24:24.5,0.000637194
24:25.5,0.000663343
24:26.5,0.000688426
24:27.5,0.000670377
24:28.5,0.00063836
24:29.5,0.000626056
24:30.5,0.000625635
24:31.5,0.000638581
24:32.5,0.000635008
24:33.5,0.000634471
24:34.5,0.000626108
24:35.5,0.000614962
24:36.5,0.000631389
24:37.5,0.000624995
24:38.5,0.00063073
24:39.5,0.000626028
24:40.5,0.000630582
24:41.5,0.000637425
24:42.4,0.000632373
24:43.4,0.000632605
24:44.4,0.000616765
24:45.4,0.000627669
24:46.4,0.000630642
24:47.4,0.000611226
24:48.4,0.000600058
24:49.4,0.00058711
24:50.4,0.000596858
24:51.4,0.000603455
24:52.4,0.000593324
24:53.4,0.000573442
24:54.4,0.000566827
24:55.4,0.000550274
24:56.4,0.000513811
24:57.4,0.000498438
24:58.4,0.000486396
24:59.4,0.000483542
25:00.4,0.000490339
25:01.4,0.000485828
25:02.4,0.000477511
25:03.4,0.000478662
25:04.4,0.000498179
25:05.4,0.000496674
25:06.4,0.000535901
25:07.4,0.000547335
25:08.4,0.000585233
25:09.4,0.000612303
25:10.4,0.000621642
25:11.4,0.000610074
25:12.4,0.000613449
25:13.4,0.000629739
25:14.4,0.000635207
25:15.4,0.000629592
25:16.4,0.000623527
25:17.4,0.000606265
25:18.4,0.000592478
25:19.4,0.000591794
25:20.4,0.000582925
25:21.4,0.0005967
25:22.4,0.000610093
25:23.4,0.000627235
25:24.4,0.000645533
25:25.4,0.000616079
25:26.4,0.000607204
25:27.4,0.000617668
25:28.4,0.000619717
25:29.4,0.00064182
25:30.4,0.000661951
25:31.4,0.000682693
25:32.4,0.000674085
25:33.4,0.000669386
25:34.4,0.00066778
25:35.4,0.000675843
25:36.4,0.000706103
25:37.4,0.000736773
25:38.4,0.000731268
25:39.4,0.000717479
25:40.4,0.000706185
25:41.4,0.000713407
25:42.4,0.000693073
25:43.3,0.000697884
25:44.3,0.000716729
25:45.3,0.000745201
25:46.3,0.000751797
25:47.3,0.000758915
25:48.3,0.000785607
25:49.3,0.000811866
25:50.3,0.000810584
25:51.3,0.000805458
25:52.3,0.000777958
25:53.3,0.000771884
25:54.3,0.000752448
25:55.3,0.000759563
25:56.3,0.000787258
25:57.3,0.000764989
25:58.3,0.000741401
25:59.3,0.000741318
26:00.3,0.00074245
26:01.3,0.000737595
26:02.3,0.000740009
26:03.3,0.000724855
26:04.3,0.000707032
26:05.3,0.000713625
26:06.3,0.000705504
26:07.3,0.000703752
26:08.3,0.000700034
26:09.3,0.000717257
26:10.3,0.000718964
26:11.3,0.000724213
26:12.3,0.000702806
26:13.3,0.000704804
26:14.3,0.000715299
26:15.3,0.000711998
26:16.3,0.000714209
26:17.3,0.000714748
26:18.3,0.000732651
26:19.3,0.000736581
26:20.3,0.000737671
26:21.3,0.000741349
26:22.3,0.000727145
26:23.3,0.000744203
26:24.3,0.000754743
26:25.3,0.000755887
26:26.3,0.000766259
26:27.3,0.00074886
26:28.3,0.000742667
26:29.3,0.000757953
26:30.3,0.000744775
26:31.3,0.000718572
26:32.3,0.000718591
26:33.3,0.000729002
26:34.3,0.000732855
26:35.3,0.000750908
26:36.3,0.000754714
26:37.3,0.000748226
26:38.3,0.000769445
26:39.3,0.000789988
26:40.3,0.000781908
26:41.3,0.000776963
26:42.3,0.00077169
26:43.3,0.000763966
26:44.2,0.000769889
26:45.2,0.000785182
26:46.2,0.000776201
26:47.2,0.00076066
26:48.2,0.00075458
26:49.2,0.000764577
26:50.2,0.000770927
26:51.2,0.000772397
26:52.2,0.000772172
26:53.2,0.00076423
26:54.2,0
26:55.2,-0.000120974
26:56.2,-0.000110905
26:57.2,-0.00011017
26:58.2,-0.000131945
26:59.2,-0.000142595
27:00.2,-0.000141804
27:01.2,-0.000169948
27:02.2,-0.000157882
27:03.2,-0.000116949
27:04.2,-9.29E-05
27:05.2,-9.49E-05
27:06.2,-0.000106872
27:07.2,-0.000115239
27:08.2,-0.000101486
27:09.2,-0.000111465
27:10.2,-0.00012049
27:11.2,-0.000119942
27:12.2,-0.000148191
27:13.2,-0.000142847
27:14.2,-0.00012437
27:15.2,-0.000128635
27:16.2,-0.000134208
27:17.2,-0.000128542
27:18.2,-0.000115778
27:19.2,-0.000137416
27:20.2,-0.000126333
27:21.2,-0.000108051
27:22.2,-0.000100395
27:23.2,-9.52E-05
27:24.2,-0.000125891
27:25.2,-0.000122559
27:26.2,-0.000144467
27:27.2,-0.000131937
27:28.2,-0.000115001
27:29.2,-0.000114256
27:30.2,-0.000117483
27:31.2,-0.000143714
27:32.2,-0.000134957
27:33.2,-0.000147164
27:34.2,-0.000161009
27:35.2,-0.000151576
27:36.2,-0.000140729
27:37.2,-0.000146502
27:38.2,-0.000140623
27:39.2,-0.00015485
27:40.2,-0.000125988
27:41.2,-0.000122785
27:42.2,-0.000132115
27:43.2,-0.000120111
27:44.2,-0.000113727
27:45.1,-0.000117061
27:46.1,-0.000122853
27:47.1,-0.000131039
27:48.1,-0.000147409
27:49.1,-0.000159184
27:50.1,-0.000164911
27:51.1,-0.000151997
27:52.1,-0.000163857
27:53.1,-0.000169711
27:54.1,-0.000147494
27:55.1,-0.000155415
27:56.1,-0.00018246
27:57.1,-0.000170478
27:58.1,-0.000164047
27:59.1,-0.000156856
28:00.1,-0.000169938
28:01.1,-0.000175779
28:02.1,-0.000144042
28:03.1,-0.00015994
28:04.1,-0.000170267
28:05.1,-0.000151188
28:06.1,-0.000139011
28:07.1,-0.000119354
28:08.1,-0.000117514
28:09.1,-0.000102252
28:10.1,-0.000108606
28:11.1,-0.000112771
28:12.1,-0.0001154
28:13.1,-0.000102331
28:14.1,-0.000111101
28:15.1,-8.98E-05
28:16.1,-7.83E-05
28:17.1,-8.22E-05
28:18.1,-7.07E-05
28:19.1,-7.16E-05
28:20.1,-7.85E-05
28:21.1,-7.27E-05
28:22.1,-8.58E-05
28:23.1,-9.03E-05
28:24.1,-0.000100168
28:25.1,-0.000108211
28:26.1,-8.37E-05
28:27.1,-6.86E-05
28:28.1,-5.56E-05
28:29.1,-4.56E-05
28:30.1,-2.98E-05
28:31.1,-3.05E-06
28:32.1,-7.11E-07
28:33.1,-9.69E-06
28:34.1,-6.78E-06
28:35.1,-8.92E-06
28:36.1,1.1033945e-05
28:37.1,2.2240809e-05
28:38.1,3.8017715e-05
28:39.1,5.5674052e-05
28:40.1,5.8396377e-05
28:41.1,4.449629e-05
28:42.1,4.214296e-05
28:43.1,3.8275328e-05
28:44.1,3.361532e-05
28:45.1,4.533964e-05
28:46.0,6.376854e-05
28:47.0,7.531397e-05
28:48.0,6.471754e-05
28:49.0,6.714839e-05
28:50.0,8.859556e-05
28:51.0,7.838495e-05
28:52.0,5.6363704e-05
28:53.0,3.6941994e-05
28:54.0,4.5682147e-05
28:55.0,2.8693472e-05
28:56.0,3.3974728e-05
28:57.0,2.8934006e-05
28:58.0,2.185349e-05
28:59.0,2.2823195e-05
29:00.0,3.755239e-05
29:01.0,3.731435e-05
29:02.0,4.2892065e-05
29:03.0,6.1075516e-05
29:04.0,4.6952664e-05
29:05.0,2.1526841e-05
29:06.0,2.2922857e-05
29:07.0,1.0768548e-05
29:08.0,1.0759721e-05
29:09.0,1.3591004e-05
29:10.0,4.05247e-05
29:11.0,2.8452363e-05
29:12.0,2.7731088e-05
29:13.0,1.8078947e-05
29:14.0,3.038967e-05
29:15.0,3.435477e-05
29:16.0,2.875896e-05
29:17.0,1.8568935e-05
29:18.0,4.9802766e-05
29:19.0,6.0329847e-05
29:20.0,5.2929467e-05
29:21.0,7.40833e-05
29:22.0,4.8312886e-05
29:23.0,1.1180976e-05
29:24.0,2.5280595e-05
29:25.0,2.5900015e-05
29:26.0,5.219603e-07
29:27.0,-1.95E-05
29:28.0,-9.23E-06
29:29.0,8.939624e-06
29:30.0,3.021486e-05
29:31.0,3.3318815e-05
29:32.0,1.9410243e-05
29:33.0,-4.60E-06
29:34.0,2.47163e-06
29:35.0,4.3583714e-06
29:36.0,-1.79E-05
29:37.0,2.0436953e-06
29:38.0,2.8349055e-05
29:39.0,4.9623544e-05
29:40.0,7.066993e-05
29:41.0,8.801651e-05
29:42.0,0.000103151
29:43.0,0.000111923
29:44.0,0.000118502
29:45.0,0.000140298
29:46.0,0.000144108
29:46.9,0.000151651
29:47.9,0.000147277
29:48.9,0.000135113
29:49.9,0.000123277
29:50.9,0.000128114
29:51.9,0.000121014
29:52.9,0.000111385
29:53.9,0.000116299
29:54.9,0.000131796
29:55.9,0.000144806
29:56.9,0.000121945
29:57.9,0.000117949
29:58.9,7.903565e-05
29:59.9,7.112136e-05
30:00.9,8.345277e-05
30:01.9,7.809341e-05
30:02.9,6.887252e-05
30:03.9,8.376468e-05
30:04.9,8.4265404e-05
30:05.9,0.000100857
30:06.9,0.000110627
30:07.9,0.000130491
30:08.9,0.000149136
30:09.9,0.000144615
30:10.9,0.000110243
30:11.9,0.000116649
30:12.9,0.000122282
30:13.9,9.840542e-05
30:14.9,8.3820414e-05
30:15.9,5.4949607e-05
30:16.9,4.340518e-05
30:17.9,4.52897e-05
30:18.9,3.53951e-05
30:19.9,4.308387e-05
30:20.9,5.7558373e-05
30:21.9,5.679884e-05
30:22.9,7.6749384e-05
30:23.9,0.000104352
30:24.9,0.000106646
30:25.9,0.000115452
30:26.9,8.247674e-05
30:27.9,9.7264645e-05
30:28.9,8.892539e-05
30:29.9,0.000109372
30:30.9,0.000109337
30:31.9,0.000115915
30:32.9,0.000124545
30:33.9,0.000111817
30:34.9,0.000111511
30:35.9,0.000120526
30:36.9,0.000127264
30:37.9,0.00011386
30:38.9,9.3795396e-05
30:39.9,0.000101216
30:40.9,9.898102e-05
30:41.9,8.334367e-05
30:42.9,6.346463e-05
30:43.9,2.2996112e-05
30:44.9,7.345033e-07
30:45.9,-1.12E-05
30:46.9,-1.07E-05
30:47.9,2.3521911e-06
30:48.8,1.100452e-05
30:49.8,6.041656e-05
30:50.8,6.826852e-05
30:51.8,5.6277102e-05
30:52.8,6.6301036e-05
30:53.8,6.64138e-05
30:54.8,5.6446937e-05
30:55.8,3.2419266e-05
30:56.8,4.5928955e-05
30:57.8,6.524017e-05
30:58.8,4.4140485e-05
30:59.8,3.708608e-05
31:00.8,4.6742203e-05
31:01.8,6.8134366e-05
31:02.8,7.6674e-05
31:03.8,4.0725554e-05
31:04.8,1.9055211e-05
31:05.8,5.616838e-06
31:06.8,6.221973e-06
31:07.8,-2.12E-05
31:08.8,6.7218966e-06
31:09.8,-5.72E-07
31:10.8,-6.09E-06
31:11.8,1.3342869e-06
31:12.8,2.0373884e-06
31:13.8,-1.82E-05
31:14.8,-2.20E-05
31:15.8,-3.70E-05
31:16.8,-2.70E-05
31:17.8,-3.01E-05
31:18.8,-1.91E-05
31:19.8,-1.84E-05
31:20.8,-3.51E-05
31:21.8,-1.50E-05
31:22.8,8.58437e-06
31:23.8,1.4729325e-05
31:24.8,3.112247e-05
31:25.8,2.0572244e-05
31:26.8,4.4768563e-05
31:27.8,6.1161474e-05
31:28.8,8.40369e-05
31:29.8,0.000105751
31:30.8,0.000110214
31:31.8,0.000104148
31:32.8,0.000123451
31:33.8,0.000130516
31:34.8,0.000130209
31:35.8,0.000124782
31:36.8,0.000130453
31:37.8,0.00017129
31:38.8,0.000186282
31:39.8,0.000174012
31:40.8,0.000173521
31:41.8,0.000169198
31:42.8,0.000166018
31:43.8,0.000157845
31:44.8,0.000163277
31:45.8,0.000185882
31:46.8,0.000216235
31:47.8,0.000222841
31:48.8,0.000186875
31:49.7,0.000200924
31:50.7,0.000225233
31:51.7,0.000205219
31:52.7,0.00019157
31:53.7,0.000216946
31:54.7,0.000209633
31:55.7,0.0002131
31:56.7,0.000189742
31:57.7,0.000177653
31:58.7,0.000162136
31:59.7,0.000141684
32:00.7,0.000107914
32:01.7,0.000100752
32:02.7,0.00012997
32:03.7,0.000134846
32:04.7,0.000123462
32:05.7,0.000137102
32:06.7,0.000116928
32:07.7,8.93367e-05
32:08.7,0.000121446
32:09.7,0.000116315
32:10.7,0.000125643
32:11.7,0.00012979
32:12.7,0.000132594
32:13.7,0.000151602
32:14.7,0.000158002
32:15.7,0.000185138
32:16.7,0.000188928
32:17.7,0.000173023
32:18.7,0.000161565
32:19.7,0.000181043
32:20.7,0.000203533
32:21.7,0.000223101
32:22.7,0.000227292
32:23.7,0.000225564
32:24.7,0.00020417
32:25.7,0.000210824
32:26.7,0.00022878
32:27.7,0.000234155
32:28.7,0.000244431
32:29.7,0.000251358
32:30.7,0.000240089
32:31.7,0.000253557
32:32.7,0.000244452
32:33.7,0.000232614
32:34.7,0.000203615
32:35.7,0.000213842
32:36.7,0.000225371
32:37.7,0.000236623
32:38.7,0.000256538
32:39.7,0.000269456
32:40.7,0.000268009
32:41.7,0.000255379
32:42.7,0.000268054
32:43.7,0.000269364
32:44.7,0.00027041
32:45.7,0.000258106
32:46.7,0.000243954
32:47.7,0.000232037
32:48.7,0.000216114
32:49.7,0.000212425
32:50.6,0.00019626
32:51.6,0.000222199
32:52.6,0.000253283
32:53.6,0.000255496
32:54.6,0.000240318
32:55.6,0.000268616
32:56.6,0.000276449
32:57.6,0.000266567
32:58.6,0.000255938
32:59.6,0.000249315
33:00.6,0.000249978
33:01.6,0.000238659
33:02.6,0.000237474
33:03.6,0.000267565
33:04.6,0.000282861
33:05.6,0.000285247
33:06.6,0.000272569
33:07.6,0.00027751
33:08.6,0.000283135
33:09.6,0.000273204
33:10.6,0.000287794
33:11.6,0.000300274
33:12.6,0.000311585
33:13.6,0.000329418
33:14.6,0.000311178
33:15.6,0.000306906
33:16.6,0.000277017
33:17.6,0.000263843
33:18.6,0.000267728
33:19.6,0.000268058
33:20.6,0.000266493
33:21.6,0.000286649
33:22.6,0.000317673
33:23.6,0.000350972
33:24.6,0.000325647
33:25.6,0.000313367
33:26.6,0.000304989
33:27.6,0.000304717
33:28.6,0.000318165
33:29.6,0.000335851
33:30.6,0.000325451
33:31.6,0.000302371
33:32.6,0.000302175
33:33.6,0.000329835
33:34.6,0.000366074
33:35.6,0.000357551
33:36.6,0.00036522
33:37.6,0.000360653
33:38.6,0.000353725
33:39.6,0.000348441
33:40.6,0.000331605
33:41.6,0.000345476
33:42.6,0.000360242
33:43.6,0.000348946
33:44.6,0.00033273
33:45.6,0.00032823
33:46.6,0.000329035
33:47.6,0.000326289
33:48.6,0.000340896
33:49.6,0.000309528
33:50.6,0.000309682
33:51.5,0.000329679
33:52.5,0.000305168
33:53.5,0.000278285
33:54.5,0.000295065
33:55.5,0.000314772
33:56.5,0.000302404
33:57.5,0.00029689
33:58.5,0.00028363
33:59.5,0.000279583
34:00.5,0.000282784
34:01.5,0.000267527
34:02.5,0.000263033
34:03.5,0.000247384
34:04.5,0.000252542
34:05.5,0.000251154
34:06.5,0.000270917
34:07.5,0.000298049
34:08.5,0.000312973
34:09.5,0.000343684
34:10.5,0.000365088
34:11.5,0.000390591
34:12.5,0.000386518
34:13.5,0.000375633
34:14.5,0.00037219
34:15.5,0.000359858
34:16.5,0.000363905
34:17.5,0.00037865
34:18.5,0.000391591
34:19.5,0.000414207
34:20.5,0.000393881
34:21.5,0.000386685
34:22.5,0.000372904
34:23.5,0.000381544
34:24.5,0.000380343
34:25.5,0.000409993
34:26.5,0.000413672
34:27.5,0.000397121
34:28.5,0.00036487
34:29.5,0.000340615
34:30.5,0.000328628
34:31.5,0.00032523
34:32.5,0.00033852
34:33.5,0.000354117
34:34.5,0.000345574
34:35.5,0.000356393
34:36.5,0.00035818
34:37.5,0.000372569
34:38.5,0.000386028
34:39.5,0.000394774
34:40.5,0.00037808
34:41.5,0.000360551
34:42.5,0.000337132
34:43.5,0.000356666
34:44.5,0.000365573
34:45.5,0.000349076
34:46.5,0.000356814
34:47.5,0.000384018
34:48.5,0.000394875
34:49.5,0.00040138
34:50.5,0.000414467
34:51.5,0.000427394
34:52.4,0.000413021
34:53.4,0.000402573
34:54.4,0.000388885
34:55.4,0.000391418
34:56.4,0.000369307
34:57.4,0.000358597
34:58.4,0.000341412
34:59.4,0.000320329
35:00.4,0.000303403
35:01.4,0.000320477
35:02.4,0.000332045
35:03.4,0.000331442
35:04.4,0.000320205
35:05.4,0.000301903
35:06.4,0.000313452
35:07.4,0.000305123
35:08.4,0.000301439
35:09.4,0.000284238
35:10.4,0.000268325
35:11.4,0.000262894
35:12.4,0.00024093
35:13.4,0.00024245
35:14.4,0.000250869
35:15.4,0.000273003
35:16.4,0.0002713
35:17.4,0.000273696
35:18.4,0.000265919
35:19.4,0.000258624
35:20.4,0.000275391
35:21.4,0.000268627
35:22.4,0.000287327
35:23.4,0.000306316
35:24.4,0.00029281
35:25.4,0.000270344
35:26.4,0.000259363
35:27.4,0.000239122
35:28.4,0.000231152
35:29.4,0.000218213
35:30.4,0.000212464
35:31.4,0.000231944
35:32.4,0.00027903
35:33.4,0.00028352
35:34.4,0.000277367
35:35.4,0.00029894
35:36.4,0.000309624
35:37.4,0.000314121
35:38.4,0.000324819
35:39.4,0.000333657
35:40.4,0.000314646
35:41.4,0.000320415
35:42.4,0.000333949
35:43.4,0.000324199
35:44.4,0.000319061
35:45.4,0.000299172
35:46.4,0.000299383
35:47.4,0.000306966
35:48.4,0.000296765
35:49.4,0.000325388
35:50.4,0.000357099
35:51.4,0.000360543
35:52.4,0.000347865
35:53.3,0.000355755
35:54.3,0.000332034
35:55.3,0.000299983
35:56.3,0.000283959
35:57.3,0.000268862
35:58.3,0.000267574
35:59.3,0.00024242
36:00.3,0.000232348
36:01.3,0.00021899
36:02.3,0.000251688
36:03.3,0.000245017
36:04.3,0.000216364
36:05.3,0.000195727
36:06.3,0.000202807
36:07.3,0.000185592
36:08.3,0.000206997
36:09.3,0.000205555
36:10.3,0.000217336
36:11.3,0.000226502
36:12.3,0.000211561
36:13.3,0.000200757
36:14.3,0.00018588
36:15.3,0.000176702
36:16.3,0.000195416
36:17.3,0.000206572
36:18.3,0.000234373
36:19.3,0.000250661
36:20.3,0.000236237
36:21.3,0.000241011
36:22.3,0.000232304
36:23.3,0.000235882
36:24.3,0.000240535
36:25.3,0.000244486
36:26.3,0.000225707
36:27.3,0.000229918
36:28.3,0.00025481
36:29.3,0.000258773
36:30.3,0.000248558
36:31.3,0.000272542
36:32.3,0.000264075
36:33.3,0.000264067
36:34.3,0.00026209
36:35.3,0.000244663
36:36.3,0.000232606
36:37.3,0.000240783
36:38.3,0.00023275
36:39.3,0.000259397
36:40.3,0.000254137
36:41.3,0.000251432
36:42.3,0.000230956
36:43.3,0.000244461
36:44.3,0.000256667
36:45.3,0.000267401
36:46.3,0.000260191
36:47.3,0.000260577
36:48.3,0.000259111
36:49.3,0.000260307
36:50.3,0.000255537
36:51.3,0.000254292
36:52.3,0.000269763
36:53.3,0.000267351
36:54.2,0
36:55.2,-7.68E-06
36:56.2,-1.35E-05
36:57.2,6.116628e-06
36:58.2,1.691532e-05
36:59.2,2.6801785e-05
37:00.2,1.46608845e-05
37:01.2,7.471359e-06
37:02.2,2.0247482e-05
37:03.2,4.4983353e-05
37:04.2,4.9227816e-05
37:05.2,4.649229e-05
37:06.2,4.6781657e-05
37:07.2,6.398457e-05
37:08.2,8.221696e-05
37:09.2,7.8337616e-05
37:10.2,7.223127e-05
37:11.2,6.6420376e-05
37:12.2,5.5322475e-05
37:13.2,5.6171568e-05
37:14.2,6.538949e-05
37:15.2,4.726177e-05
37:16.2,3.8882277e-05
37:17.2,3.218399e-05
37:18.2,2.3475834e-05
37:19.2,1.4757142e-05
37:20.2,3.603231e-05
37:21.2,5.265219e-05
37:22.2,2.5161553e-05
37:23.2,9.004234e-06
37:24.2,2.1777505e-05
37:25.2,-1.28E-05
37:26.2,-2.33E-05
37:27.2,-6.09E-05
37:28.2,-7.58E-05
37:29.2,-7.58E-05
37:30.2,-9.81E-05
37:31.2,-0.000104382
37:32.2,-0.00011161
37:33.2,-0.000152819
37:34.2,-0.000143948
37:35.2,-0.000151026
37:36.2,-0.000163373
37:37.2,-0.000177719
37:38.2,-0.000182964
37:39.2,-0.00021481
37:40.2,-0.000223055
37:41.2,-0.000188903
37:42.2,-0.000163358
37:43.2,-0.00016217
37:44.2,-0.000176308
37:45.2,-0.000196771
37:46.2,-0.000195867
37:47.2,-0.00020348
37:48.2,-0.000242
37:49.2,-0.000245741
37:50.2,-0.000224973
37:51.2,-0.000229614
37:52.2,-0.000212675
37:53.2,-0.000187772
37:54.2,-0.00018727
37:55.1,-0.000186217
37:56.1,-0.000198713
37:57.1,-0.000196333
37:58.1,-0.000205188
37:59.1,-0.000214751
38:00.1,-0.000231164
38:01.1,-0.000232011
38:02.1,-0.000227047
38:03.1,-0.00024724
38:04.1,-0.000261675
38:05.1,-0.000251059
38:06.1,-0.000226908
38:07.1,-0.000207948
38:08.1,-0.000197972
38:09.1,-0.000185626
38:10.1,-0.000156975
38:11.1,-0.000138021
38:12.1,-0.000109519
38:13.1,-0.000115725
38:14.1,-9.77E-05
38:15.1,-9.20E-05
38:16.1,-0.000134408
38:17.1,-0.000159404
38:18.1,-0.000155947
38:19.1,-0.000170165
38:20.1,-0.000184836
38:21.1,-0.000173287
38:22.1,-0.000173664
38:23.1,-0.000185781
38:24.1,-0.00017681
38:25.1,-0.000158108
38:26.1,-0.00015
38:27.1,-0.000166057
38:28.1,-0.000152233
38:29.1,-0.000119797
38:30.1,-0.000111783
38:31.1,-0.000119239
38:32.1,-0.000112796
38:33.1,-7.96E-05
38:34.1,-8.90E-05
38:35.1,-0.000101051
38:36.1,-0.000103636
38:37.1,-9.69E-05
38:38.1,-6.17E-05
38:39.1,-8.23E-05
38:40.1,-7.12E-05
38:41.1,-7.99E-05
38:42.1,-8.22E-05
38:43.1,-8.79E-05
38:44.1,-8.31E-05
38:45.1,-0.000103997
38:46.1,-0.000110462
38:47.1,-0.000121853
38:48.1,-0.000140214
38:49.1,-0.000137494
38:50.1,-0.0001315
38:51.1,-0.000129429
38:52.1,-0.000125073
38:53.1,-0.000125335
38:54.1,-0.000125694
38:55.1,-0.000160145
38:56.0,-0.000193539
38:57.0,-0.000184784
38:58.0,-0.000172898
38:59.0,-0.000172014
39:00.0,-0.000157873
39:01.0,-0.000162599
39:02.0,-0.00015351
39:03.0,-0.00017209
39:04.0,-0.00016589
39:05.0,-0.000161229
39:06.0,-0.000125733
39:07.0,-7.85E-05
39:08.0,-8.66E-05
39:09.0,-6.85E-05
39:10.0,-7.26E-05
39:11.0,-9.56E-05
39:12.0,-0.000101072
39:13.0,-0.000107014
39:14.0,-0.00011366
39:15.0,-0.000121714
39:16.0,-0.000116876
39:17.0,-0.000121475
39:18.0,-0.000153434
39:19.0,-0.000142182
39:20.0,-0.000131845
39:21.0,-0.000129669
39:22.0,-0.000117269
39:23.0,-0.000105004
39:24.0,-9.92E-05
39:25.0,-0.000127229
39:26.0,-0.000104971
39:27.0,-0.000111374
39:28.0,-0.00013507
39:29.0,-0.000135801
39:30.0,-0.000123005
39:31.0,-0.000101778
39:32.0,-9.32E-05
39:33.0,-8.75E-05
39:34.0,-7.75E-05
39:35.0,-6.57E-05
39:36.0,-6.76E-05
39:37.0,-7.69E-05
39:38.0,-6.97E-05
39:39.0,-7.01E-05
39:40.0,-6.39E-05
39:41.0,-6.15E-05
39:42.0,-6.52E-05
39:43.0,-7.39E-05
39:44.0,-6.61E-05
39:45.0,-5.55E-05
39:46.0,-5.73E-05
39:47.0,-5.80E-05
39:48.0,-4.37E-05
39:49.0,-3.41E-05
39:50.0,-7.63E-06
39:51.0,9.686e-06
39:52.0,3.3235283e-05
39:53.0,4.755728e-05
39:54.0,3.8857277e-05
39:55.0,2.8093347e-05
39:56.0,3.3203392e-05
39:57.0,4.599322e-05
39:57.9,4.364906e-05
39:58.9,3.072936e-05
39:59.9,5.2854728e-05
40:00.9,5.1143896e-05
40:01.9,5.426929e-05
40:02.9,6.426627e-05
40:03.9,8.004154e-05
40:04.9,8.52644e-05
40:05.9,7.231745e-05
40:06.9,5.7257443e-05
40:07.9,3.696115e-05
40:08.9,4.7605503e-05
40:09.9,4.5977416e-05
40:10.9,7.452514e-05
40:11.9,8.557924e-05
40:12.9,0.000110294
40:13.9,0.000124102
40:14.9,0.000114477
40:15.9,8.9806505e-05
40:16.9,9.915313e-05
40:17.9,0.000104203
40:18.9,9.698144e-05
40:19.9,6.8078894e-05
40:20.9,6.0859857e-05
40:21.9,6.449497e-05
40:22.9,5.9626636e-05
40:23.9,3.1361345e-05
40:24.9,2.7146352e-05
40:25.9,3.2766708e-05
40:26.9,-4.23E-06
40:27.9,-2.40E-05
40:28.9,-2.58E-05
40:29.9,-3.85E-05
40:30.9,-3.29E-05
40:31.9,-5.01E-05
40:32.9,-6.41E-05
40:33.9,-8.02E-05
40:34.9,-7.25E-05
40:35.9,-7.33E-05
40:36.9,-6.63E-05
40:37.9,-6.62E-05
40:38.9,-6.10E-05
40:39.9,-0.000100612
40:40.9,-0.000120378
40:41.9,-0.000105542
40:42.9,-0.000115484
40:43.9,-0.00011404
40:44.9,-9.95E-05
40:45.9,-8.52E-05
40:46.9,-7.79E-05
40:47.9,-7.78E-05
40:48.9,-5.82E-05
40:49.9,-4.74E-05
40:50.9,-4.81E-05
40:51.9,-5.40E-05
40:52.9,-4.33E-05
40:53.9,-2.73E-05
40:54.9,-3.88E-05
40:55.9,-3.84E-05
40:56.9,-8.13E-05
40:57.9,-8.62E-05
40:58.8,-8.27E-05
40:59.8,-8.79E-05
41:00.8,-0.000104876
41:01.8,-0.000129314
41:02.8,-0.00013623
41:03.8,-0.000137484
41:04.8,-0.000122405
41:05.8,-0.000125308
41:06.8,-0.000124661
41:07.8,-0.000116634
41:08.8,-0.000125506
41:09.8,-0.00011656
41:10.8,-0.000113096
41:11.8,-0.000106506
41:12.8,-0.000117335
41:13.8,-0.000126179
41:14.8,-0.000117078
41:15.8,-0.000128073
41:16.8,-9.75E-05
41:17.8,-0.000104249
41:18.8,-0.000111432
41:19.8,-0.000120083
41:20.8,-0.000111547
41:21.8,-0.000129285
41:22.8,-0.00011503
41:23.8,-0.000125816
41:24.8,-0.000134917
41:25.8,-0.000129371
41:26.8,-0.000117262
41:27.8,-0.00010414
41:28.8,-0.000115688
41:29.8,-9.39E-05
41:30.8,-7.78E-05
41:31.8,-8.94E-05
41:32.8,-0.000104835
41:33.8,-0.000104103
41:34.8,-0.000103156
41:35.8,-0.000124266
41:36.8,-0.000133769
41:37.8,-0.000133567
41:38.8,-0.000132005
41:39.8,-0.000144009
41:40.8,-0.000164949
41:41.8,-0.000185249
41:42.8,-0.000203924
41:43.8,-0.000212451
41:44.8,-0.000212814
41:45.8,-0.000204738
41:46.8,-0.000217165
41:47.8,-0.000227787
41:48.8,-0.000198902
41:49.8,-0.000189264
41:50.8,-0.000175794
41:51.8,-0.000198694
41:52.8,-0.000174487
41:53.8,-0.000157139
41:54.8,-0.000157831
41:55.8,-0.000177323
41:56.8,-0.000191876
41:57.8,-0.000212557
41:58.8,-0.000214028
41:59.7,-0.000205481
42:00.7,-0.000230477
42:01.7,-0.000225263
42:02.7,-0.000215951
42:03.7,-0.000184846
42:04.7,-0.000189448
42:05.7,-0.000176565
42:06.7,-0.000166265
42:07.7,-0.000177884
42:08.7,-0.000196859
42:09.7,-0.000212056
42:10.7,-0.000202209
42:11.7,-0.00016549
42:12.7,-0.000151445
42:13.7,-0.000140725
42:14.7,-0.000121232
42:15.7,-0.000125199
42:16.7,-0.000149529
42:17.7,-0.000129919
42:18.7,-0.000123875
42:19.7,-0.000107052
42:20.7,-0.00011029
42:21.7,-9.82E-05
42:22.7,-6.36E-05
42:23.7,-6.70E-05
42:24.7,-6.64E-05
42:25.7,-6.16E-05
42:26.7,-4.31E-05
42:27.7,-3.49E-05
42:28.7,-6.10E-05
42:29.7,-6.46E-05
42:30.7,-2.20E-05
42:31.7,-2.71E-05
42:32.7,-2.05E-05
42:33.7,-2.07E-05
42:34.7,-3.59E-05
42:35.7,-2.56E-05
42:36.7,1.20391405e-05
42:37.7,4.88769e-06
42:38.7,-7.42E-06
42:39.7,-2.32E-05
42:40.7,-9.92E-06
42:41.7,1.0565134e-06
42:42.7,2.2230608e-05
42:43.7,2.9428398e-05
42:44.7,2.6268674e-05
42:45.7,5.304767e-05
42:46.7,4.2601245e-05
42:47.7,4.0795276e-05
42:48.7,-4.97E-06
42:49.7,-1.19E-05
42:50.7,-1.36E-06
42:51.7,2.0348e-05
42:52.7,2.4275852e-05
42:53.7,5.8283895e-06
42:54.7,-2.10E-05
42:55.7,-1.51E-05
42:56.7,-1.71E-05
42:57.7,-1.92E-05
42:58.7,-4.36E-05
42:59.7,-5.45E-05
43:00.6,-5.09E-05
43:01.6,-4.28E-05
43:02.6,-2.84E-05
43:03.6,-9.93E-06
43:04.6,-1.09E-06
43:05.6,-4.12E-06
43:06.6,-1.17E-05
43:07.6,-5.49E-05
43:08.6,-6.28E-05
43:09.6,-5.70E-05
43:10.6,-4.92E-05
43:11.6,-2.67E-05
43:12.6,-7.11E-06
43:13.6,-7.24E-06
43:14.6,-1.22E-05
43:15.6,-3.88E-05
43:16.6,-7.22E-05
43:17.6,-6.19E-05
43:18.6,-5.04E-05
43:19.6,-7.80E-05
43:20.6,-8.29E-05
43:21.6,-8.26E-05
43:22.6,-0.00010014
43:23.6,-0.000105126
43:24.6,-8.27E-05
43:25.6,-4.15E-05
43:26.6,-5.22E-05
43:27.6,-5.23E-05
43:28.6,-7.41E-05
43:29.6,-9.45E-05
43:30.6,-0.000109568
43:31.6,-0.000145787
43:32.6,-0.000153023
43:33.6,-0.000135179
43:34.6,-0.000119657
43:35.6,-0.000114698
43:36.6,-0.000133057
43:37.6,-0.000121707
43:38.6,-0.00012745
43:39.6,-0.00012558
43:40.6,-0.000121304
43:41.6,-0.000145034
43:42.6,-0.000129078
43:43.6,-0.000130382
43:44.6,-0.000135398
43:45.6,-0.000127214
43:46.6,-0.000132001
43:47.6,-0.000137283
43:48.6,-0.000144484
43:49.6,-0.000134235
43:50.6,-0.00011772
43:51.6,-0.000140418
43:52.6,-0.000155615
43:53.6,-0.000152489
43:54.6,-0.000122268
43:55.6,-0.000147307
43:56.6,-0.000139281
43:57.6,-0.000121928
43:58.6,-0.000114401
43:59.6,-0.000117054
44:00.6,-0.000125044
44:01.5,-0.000136317
44:02.5,-0.000149419
44:03.5,-0.000160192
44:04.5,-0.000168106
44:05.5,-0.000170229
44:06.5,-0.000170649
44:07.5,-0.000178444
44:08.5,-0.000190145
44:09.5,-0.000184222
44:10.5,-0.000178815
44:11.5,-0.000194818
44:12.5,-0.000194828
44:13.5,-0.000207242
44:14.5,-0.000196158
44:15.5,-0.000232557
44:16.5,-0.000255152
44:17.5,-0.000240816
44:18.5,-0.000249256
44:19.5,-0.000245692
44:20.5,-0.000231831
44:21.5,-0.000224652
44:22.5,-0.000248118
44:23.5,-0.000271874
44:24.5,-0.000274344
44:25.5,-0.000286488
44:26.5,-0.000284897
44:27.5,-0.000269098
44:28.5,-0.000269524
44:29.5,-0.000277136
44:30.5,-0.000293736
44:31.5,-0.000293384
44:32.5,-0.000317512
44:33.5,-0.000321256
44:34.5,-0.000309773
44:35.5,-0.000281077
44:36.5,-0.000282564
44:37.5,-0.000307399
44:38.5,-0.000285056
44:39.5,-0.000278424
44:40.5,-0.00026515
44:41.5,-0.000254036
44:42.5,-0.000252311
44:43.5,-0.000265438
44:44.5,-0.00025773
44:45.5,-0.000250878
44:46.5,-0.000240492
44:47.5,-0.000230102
44:48.5,-0.000215355
44:49.5,-0.000201584
44:50.5,-0.00020331
44:51.5,-0.000206377
44:52.5,-0.000212836
44:53.5,-0.000229701
44:54.5,-0.000227263
44:55.5,-0.000212109
44:56.5,-0.000201942
44:57.5,-0.00020009
44:58.5,-0.000187371
44:59.5,-0.000161987
45:00.5,-0.000157133
45:01.5,-0.00014095
45:02.4,-0.000129155
45:03.4,-0.000114824
45:04.4,-0.00012986
45:05.4,-0.000119431
45:06.4,-0.00014088
45:07.4,-0.000137741
45:08.4,-0.000104746
45:09.4,-9.14E-05
45:10.4,-9.35E-05
45:11.4,-0.000113324
45:12.4,-0.000136498
45:13.4,-0.00012468
45:14.4,-0.000101578
45:15.4,-9.54E-05
45:16.4,-0.000104412
45:17.4,-9.72E-05
45:18.4,-9.94E-05
45:19.4,-0.000111462
45:20.4,-0.000104214
45:21.4,-0.000108783
45:22.4,-0.000102283
45:23.4,-0.000113209
45:24.4,-0.000131304
45:25.4,-0.000149748
45:26.4,-0.000147896
45:27.4,-0.000154546
45:28.4,-0.000164437
45:29.4,-0.000156577
45:30.4,-0.000158693
45:31.4,-0.000152407
45:32.4,-0.000155003
45:33.4,-0.000146832
45:34.4,-0.000157184
45:35.4,-0.000145591
45:36.4,-0.000136455
45:37.4,-0.000145107
45:38.4,-0.000148767
45:39.4,-0.000121362
45:40.4,-0.000103356
45:41.4,-0.000115365
45:42.4,-0.000109204
45:43.4,-8.92E-05
45:44.4,-0.000111564
45:45.4,-0.000120614
45:46.4,-0.000111055
45:47.4,-0.000102827
45:48.4,-0.000115892
45:49.4,-0.000100312
45:50.4,-0.00011492
45:51.4,-0.000126673
45:52.4,-0.000144419
45:53.4,-0.000157446
45:54.4,-0.000142801
45:55.4,-0.000149734
45:56.4,-0.000158212
45:57.4,-0.000153208
45:58.4,-0.000146315
45:59.4,-0.000154507
46:00.4,-0.000158512
46:01.4,-0.000150793
46:02.4,-0.000165365
46:03.3,-0.000180166
46:04.3,-0.000191654
46:05.3,-0.000191422
46:06.3,-0.000192859
46:07.3,-0.000192968
46:08.3,-0.000192644
46:09.3,-0.000236275
46:10.3,-0.000263492
46:11.3,-0.000304701
46:12.3,-0.00030257
46:13.3,-0.000280272
46:14.3,-0.000276345
46:15.3,-0.000286009
46:16.3,-0.000295854
46:17.3,-0.000310667
46:18.3,-0.000317665
46:19.3,-0.00031843
46:20.3,-0.000308747
46:21.3,-0.0003267
46:22.3,-0.000344724
46:23.3,-0.000337442
46:24.3,-0.000366919
46:25.3,-0.000389373
46:26.3,-0.000402569
46:27.3,-0.000390794
46:28.3,-0.000381737
46:29.3,-0.000398977
46:30.3,-0.000446771
46:31.3,-0.000462066
46:32.3,-0.000462603
46:33.3,-0.000469787
46:34.3,-0.00048539
46:35.3,-0.000487547
46:36.3,-0.000473901
46:37.3,-0.000485159
46:38.3,-0.00048968
46:39.3,-0.000491544
46:40.3,-0.000476755
46:41.3,-0.000478386
46:42.3,-0.000478037
46:43.3,-0.000479604
46:44.3,-0.000463882
46:45.3,-0.000442511
46:46.3,-0.000427169
46:47.3,-0.000399841
46:48.3,-0.000365075
46:49.3,-0.00037159
46:50.3,-0.000392729
46:51.3,-0.000394812
46:52.3,-0.00039863
46:53.3,-0.000400562
46:54.3,0
46:55.3,-1.57E-05
46:56.3,-1.48E-05
46:57.3,-1.35E-05
46:58.3,2.4325218e-06
46:59.3,2.1109738e-05
47:00.3,1.1576489e-05
47:01.3,-1.06E-05
47:02.3,1.4270408e-06
47:03.3,5.273588e-06
47:04.2,3.7285105e-07
47:05.2,3.4066231e-06
47:06.2,1.37033985e-05
47:07.2,1.606349e-05
47:08.2,1.2705518e-05
47:09.2,5.6532353e-06
47:10.2,1.9284396e-05
47:11.2,7.0884885e-06
47:12.2,1.6556425e-05
47:13.2,4.8041646e-05
47:14.2,3.3720095e-05
47:15.2,4.3868935e-05
47:16.2,4.0823055e-05
47:17.2,1.4875335e-05
47:18.2,1.3143577e-05
47:19.2,-5.43E-06
47:20.2,8.740847e-06
47:21.2,2.0093601e-05
47:22.2,2.719503e-05
47:23.2,4.2284966e-05
47:24.2,4.9576956e-05
47:25.2,2.8533414e-05
47:26.2,1.0927609e-05
47:27.2,1.6609452e-05
47:28.2,2.8460524e-06
47:29.2,-2.66E-05
47:30.2,-1.08E-05
47:31.2,6.339995e-06
47:32.2,-5.42E-06
47:33.2,1.7555751e-06
47:34.2,-1.26E-05
47:35.2,-2.76E-05
47:36.2,7.630797e-06
47:37.2,-5.18E-07
47:38.2,-1.22E-05
47:39.2,-2.73E-05
47:40.2,-4.64E-05
47:41.2,-4.81E-05
47:42.2,-6.85E-05
47:43.2,-7.31E-05
47:44.2,-7.34E-05
47:45.2,-8.45E-05
47:46.2,-8.45E-05
47:47.2,-7.69E-05
47:48.2,-8.12E-05
47:49.2,-6.62E-05
47:50.2,-5.95E-05
47:51.2,-6.80E-05
47:52.2,-7.59E-05
47:53.2,-7.74E-05
47:54.2,-3.80E-05
47:55.2,-1.25E-05
47:56.2,-4.83E-05
47:57.2,-5.69E-05
47:58.2,-5.26E-05
47:59.2,-6.89E-05
48:00.2,-4.54E-05
48:01.2,-4.73E-05
48:02.2,-4.86E-05
48:03.2,-5.32E-05
48:04.2,-4.97E-05
48:05.2,-5.27E-05
48:06.1,-4.96E-05
48:07.1,-6.69E-05
48:08.1,-5.38E-05
48:09.1,-4.19E-05
48:10.1,-2.30E-05
48:11.1,-4.06E-05
48:12.1,-3.62E-05
48:13.1,-2.96E-05
48:14.1,-4.45E-05
48:15.1,-5.22E-05
48:16.1,-3.54E-05
48:17.1,-2.46E-05
48:18.1,-3.72E-05
48:19.1,-4.83E-05
48:20.1,-4.70E-05
48:21.1,-6.57E-05
48:22.1,-5.86E-05
48:23.1,-6.33E-05
48:24.1,-5.80E-05
48:25.1,-6.23E-05
48:26.1,-5.20E-05
48:27.1,-3.16E-05
48:28.1,-4.33E-05
48:29.1,-5.77E-05
48:30.1,-5.68E-05
48:31.1,-4.73E-05
48:32.1,-4.62E-05
48:33.1,-4.18E-05
48:34.1,-6.00E-05
48:35.1,-6.27E-05
48:36.1,-4.91E-05
48:37.1,-4.76E-05
48:38.1,-4.68E-05
48:39.1,-6.96E-05
48:40.1,-6.57E-05
48:41.1,-6.85E-05
48:42.1,-6.88E-05
48:43.1,-6.03E-05
48:44.1,-6.18E-05
48:45.1,-6.40E-05
48:46.1,-5.82E-05
48:47.1,-5.11E-05
48:48.1,-1.94E-05
48:49.1,-4.70E-06
48:50.1,-1.28E-05
48:51.1,-1.41E-05
48:52.1,-2.77E-06
48:53.1,1.1769153e-05
48:54.1,-5.92E-06
48:55.1,-2.78E-06
48:56.1,-1.28E-06
48:57.1,4.3571694e-07
48:58.1,-5.98E-06
48:59.1,-1.52E-05
49:00.1,-1.67E-06
49:01.1,-3.68E-06
49:02.1,1.3981671e-06
49:03.1,-1.51E-05
49:04.1,-9.66E-06
49:05.1,3.3894753e-06
49:06.1,2.7036913e-05
49:07.0,1.7536682e-05
49:08.0,-1.28E-05
49:09.0,-9.97E-06
49:10.0,-1.04E-05
49:11.0,-3.18E-05
49:12.0,-3.88E-05
49:13.0,-4.01E-05
49:14.0,-6.47E-05
49:15.0,-6.61E-05
49:16.0,-6.31E-05
49:17.0,-5.10E-05
49:18.0,-7.20E-05
49:19.0,-9.89E-05
49:20.0,-0.000106335
49:21.0,-9.87E-05
49:22.0,-9.96E-05
49:23.0,-9.09E-05
49:24.0,-8.09E-05
49:25.0,-8.84E-05
49:26.0,-9.85E-05
49:27.0,-0.00011436
49:28.0,-0.000115918
49:29.0,-0.000118609
49:30.0,-0.000133527
49:31.0,-0.000157954
49:32.0,-0.000147483
49:33.0,-0.000156884
49:34.0,-0.000158669
49:35.0,-0.000165827
49:36.0,-0.000148991
49:37.0,-0.000139176
49:38.0,-0.000146137
49:39.0,-0.000166468
49:40.0,-0.000171059
49:41.0,-0.000183297
49:42.0,-0.000203473
49:43.0,-0.000199199
49:44.0,-0.000202117
49:45.0,-0.000191735
49:46.0,-0.000205724
49:47.0,-0.000210328
49:48.0,-0.000217588
49:49.0,-0.000212768
49:50.0,-0.000190323
49:51.0,-0.000176582
49:52.0,-0.000212662
49:53.0,-0.000244099
49:54.0,-0.000232118
49:55.0,-0.000199542
49:56.0,-0.000213634
49:57.0,-0.000219866
49:58.0,-0.000228947
49:59.0,-0.000264785
50:00.0,-0.000273437
50:01.0,-0.000322741
50:02.0,-0.000346271
50:03.0,-0.000345145
50:04.0,-0.000340131
50:05.0,-0.000349762
50:06.0,-0.000350637
50:07.0,-0.000353788
50:07.9,-0.000366576
50:08.9,-0.000341943
50:09.9,-0.0003375
50:10.9,-0.000331031
50:11.9,-0.000323547
50:12.9,-0.000333182
50:13.9,-0.000297382
50:14.9,-0.00029121
50:15.9,-0.000300518
50:16.9,-0.000313727
50:17.9,-0.000343281
50:18.9,-0.000303916
50:19.9,-0.000303114
50:20.9,-0.000283608
50:21.9,-0.000262919
50:22.9,-0.000280007
50:23.9,-0.000292509
50:24.9,-0.000314482
50:25.9,-0.000322386
50:26.9,-0.000307714
50:27.9,-0.000287729
50:28.9,-0.000280203
50:29.9,-0.000252777
50:30.9,-0.000268844
50:31.9,-0.000297126
50:32.9,-0.000311912
50:33.9,-0.00032103
50:34.9,-0.000335427
50:35.9,-0.000327064
50:36.9,-0.000337869
50:37.9,-0.000333096
50:38.9,-0.000349881
50:39.9,-0.000335278
50:40.9,-0.000322364
50:41.9,-0.000336795
50:42.9,-0.000340917
50:43.9,-0.000347716
50:44.9,-0.00035647
50:45.9,-0.000386832
50:46.9,-0.000391311
50:47.9,-0.000385257
50:48.9,-0.000414324
50:49.9,-0.000400684
50:50.9,-0.000396246
50:51.9,-0.000388627
50:52.9,-0.000384544
50:53.9,-0.000388781
50:54.9,-0.000387356
50:55.9,-0.000384048
50:56.9,-0.000338843
50:57.9,-0.000351985
50:58.9,-0.000351745
50:59.9,-0.00038179
51:00.9,-0.000403114
51:01.9,-0.000406313
51:02.9,-0.000417493
51:03.9,-0.00042536
51:04.9,-0.000429982
51:05.9,-0.000429166
51:06.9,-0.000421925
51:07.9,-0.00042146
51:08.8,-0.000414189
51:09.8,-0.000398575
51:10.8,-0.000413638
51:11.8,-0.000429902
51:12.8,-0.000429766
51:13.8,-0.000429051
51:14.8,-0.000427093
51:15.8,-0.000425423
51:16.8,-0.000456691
51:17.8,-0.000468067
51:18.8,-0.000455497
51:19.8,-0.000461038
51:20.8,-0.000485477
51:21.8,-0.000493471
51:22.8,-0.000501173
51:23.8,-0.000516594
51:24.8,-0.000516207
51:25.8,-0.000519094
51:26.8,-0.000527491
51:27.8,-0.000537406
51:28.8,-0.000534814
51:29.8,-0.000520153
51:30.8,-0.000507124
51:31.8,-0.000504747
51:32.8,-0.000494818
51:33.8,-0.000504156
51:34.8,-0.000523263
51:35.8,-0.000530344
51:36.8,-0.000539718
51:37.8,-0.000534901
51:38.8,-0.000527823
51:39.8,-0.000517311
51:40.8,-0.000519195
51:41.8,-0.000530396
51:42.8,-0.000522421
51:43.8,-0.00056233
51:44.8,-0.000580393
51:45.8,-0.000565192
51:46.8,-0.000557335
51:47.8,-0.000578456
51:48.8,-0.000574698
51:49.8,-0.000552668
51:50.8,-0.000519181
51:51.8,-0.000513462
51:52.8,-0.000529741
51:53.8,-0.000524455
51:54.8,-0.00048004
51:55.8,-0.000477561
51:56.8,-0.000507477
51:57.8,-0.000518472
51:58.8,-0.000513461
51:59.8,-0.00048463
52:00.8,-0.000475041
52:01.8,-0.000466524
52:02.8,-0.000444495
52:03.8,-0.000459688
52:04.8,-0.000479978
52:05.8,-0.000486279
52:06.8,-0.000469268
52:07.8,-0.000462496
52:08.8,-0.000417616
52:09.7,-0.000438303
52:10.7,-0.000456804
52:11.7,-0.000471756
52:12.7,-0.000507246
52:13.7,-0.000519384
52:14.7,-0.000535633
52:15.7,-0.000536666
52:16.7,-0.000552984
52:17.7,-0.000576362
52:18.7,-0.000573217
52:19.7,-0.000546303
52:20.7,-0.000533
52:21.7,-0.000556818
52:22.7,-0.000578082
52:23.7,-0.000567356
52:24.7,-0.000603223
52:25.7,-0.000641099
52:26.7,-0.000648417
52:27.7,-0.00064096
52:28.7,-0.000651067
52:29.7,-0.000651162
52:30.7,-0.000655358
52:31.7,-0.000628631
52:32.7,-0.00060561
52:33.7,-0.000595218
52:34.7,-0.000610869
52:35.7,-0.00060332
52:36.7,-0.000616959
52:37.7,-0.0006199
52:38.7,-0.000622743
52:39.7,-0.000650073
52:40.7,-0.000641844
52:41.7,-0.00063644
52:42.7,-0.000672538
52:43.7,-0.000674635
52:44.7,-0.000700698
52:45.7,-0.000698514
52:46.7,-0.000686641
52:47.7,-0.000674291
52:48.7,-0.000650026
52:49.7,-0.00064502
52:50.7,-0.000653412
52:51.7,-0.000667569
52:52.7,-0.00064964
52:53.7,-0.00068143
52:54.7,-0.000713833
52:55.7,-0.000753656
52:56.7,-0.000768811
52:57.7,-0.000726685
52:58.7,-0.000713801
52:59.7,-0.000704985
53:00.7,-0.000708055
53:01.7,-0.000693263
53:02.7,-0.000680529
53:03.7,-0.000685663
53:04.7,-0.000680484
53:05.7,-0.000690157
53:06.7,-0.000698923
53:07.7,-0.000686741
53:08.7,-0.000678695
53:09.7,-0.000677919
53:10.6,-0.000653527
53:11.6,-0.000637276
53:12.6,-0.000634261
53:13.6,-0.000640344
53:14.6,-0.000633252
53:15.6,-0.000601325
53:16.6,-0.000575364
53:17.6,-0.000587563
53:18.6,-0.00057428
53:19.6,-0.000586829
53:20.6,-0.000590449
53:21.6,-0.000586055
53:22.6,-0.000572148
53:23.6,-0.000555707
53:24.6,-0.000548509
53:25.6,-0.000556652
53:26.6,-0.000582797
53:27.6,-0.000591397
53:28.6,-0.000589401
53:29.6,-0.000580905
53:30.6,-0.000588813
53:31.6,-0.000557895
53:32.6,-0.000545112
53:33.6,-0.000549853
53:34.6,-0.000545714
53:35.6,-0.000544462
53:36.6,-0.000536341
53:37.6,-0.000551359
53:38.6,-0.000573868
53:39.6,-0.000586548
53:40.6,-0.000584202
53:41.6,-0.000576626
53:42.6,-0.000591084
53:43.6,-0.000595123
53:44.6,-0.000640137
53:45.6,-0.000653467
53:46.6,-0.000646142
53:47.6,-0.000636237
53:48.6,-0.000635555
53:49.6,-0.000670378
53:50.6,-0.000675994
53:51.6,-0.000682165
53:52.6,-0.00065383
53:53.6,-0.000647413
53:54.6,-0.000641744
53:55.6,-0.000627029
53:56.6,-0.000629191
53:57.6,-0.000635746
53:58.6,-0.000606562
53:59.6,-0.000581006
54:00.6,-0.000568476
54:01.6,-0.000551905
54:02.6,-0.000543849
54:03.6,-0.000563757
54:04.6,-0.000583131
54:05.6,-0.000624082
54:06.6,-0.000631035
54:07.6,-0.000637282
54:08.6,-0.000619458
54:09.6,-0.000620497
54:10.6,-0.00065394
54:11.5,-0.000598307
54:12.5,-0.000588238
54:13.5,-0.000605858
54:14.5,-0.000602885
54:15.5,-0.000566751
54:16.5,-0.000552475
54:17.5,-0.000563514
54:18.5,-0.0005394
54:19.5,-0.000527002
54:20.5,-0.000573318
54:21.5,-0.00061369
54:22.5,-0.000655751
54:23.5,-0.000618371
54:24.5,-0.000594571
54:25.5,-0.000579535
54:26.5,-0.000565923
54:27.5,-0.000544061
54:28.5,-0.000536853
54:29.5,-0.000558593
54:30.5,-0.00057222
54:31.5,-0.000578198
54:32.5,-0.000599873
54:33.5,-0.000621566
54:34.5,-0.000668483
54:35.5,-0.000698732
54:36.5,-0.000715921
54:37.5,-0.000725107
54:38.5,-0.000717669
54:39.5,-0.000684758
54:40.5,-0.000694292
54:41.5,-0.000725918
54:42.5,-0.000755759
54:43.5,-0.000735639
54:44.5,-0.000744507
54:45.5,-0.000729984
54:46.5,-0.000751767
54:47.5,-0.000752676
54:48.5,-0.000753894
54:49.5,-0.000763042
54:50.5,-0.000734321
54:51.5,-0.000742865
54:52.5,-0.000763569
54:53.5,-0.000737466
54:54.5,-0.000692936
54:55.5,-0.000656416
54:56.5,-0.000666985
54:57.5,-0.000670135
54:58.5,-0.000651161
54:59.5,-0.000626566
55:00.5,-0.000622712
55:01.5,-0.000623345
55:02.5,-0.000617176
55:03.5,-0.000617756
55:04.5,-0.000642422
55:05.5,-0.000651548
55:06.5,-0.00063876
55:07.5,-0.000627533
55:08.5,-0.000603816
55:09.5,-0.000625387
55:10.5,-0.000629727
55:11.5,-0.000616558
55:12.4,-0.000656588
55:13.4,-0.000694556
55:14.4,-0.000720549
55:15.4,-0.000748695
55:16.4,-0.000808367
55:17.4,-0.000815442
55:18.4,-0.000785944
55:19.4,-0.000787989
55:20.4,-0.0008091
55:21.4,-0.000872093
55:22.4,-0.000889809
55:23.4,-0.00089629
55:24.4,-0.000911189
55:25.4,-0.000914171
55:26.4,-0.000884903
55:27.4,-0.000849756
55:28.4,-0.000830812
55:29.4,-0.000824749
55:30.4,-0.000825932
55:31.4,-0.000865618
55:32.4,-0.000911594
55:33.4,-0.000898456
55:34.4,-0.000901511
55:35.4,-0.000918296
55:36.4,-0.000928397
55:37.4,-0.000920253
55:38.4,-0.000937384
55:39.4,-0.000956212
55:40.4,-0.000920119
55:41.4,-0.000917914
55:42.4,-0.000931578
55:43.4,-0.000923642
55:44.4,-0.00095213
55:45.4,-0.000969818
55:46.4,-0.000964453
55:47.4,-0.000953836
55:48.4,-0.000963869
55:49.4,-0.000938094
55:50.4,-0.000928269
55:51.4,-0.000918168
55:52.4,-0.000889322
55:53.4,-0.000875786
55:54.4,-0.000879476
55:55.4,-0.000881037
55:56.4,-0.000862983
55:57.4,-0.000900103
55:58.4,-0.000931599
55:59.4,-0.000937722
56:00.4,-0.000935424
56:01.4,-0.000924244
56:02.4,-0.00093737
56:03.4,-0.000951076
56:04.4,-0.000911729
56:05.4,-0.000893842
56:06.4,-0.000881472
56:07.4,-0.000879586
56:08.4,-0.000880993
56:09.4,-0.000878222
56:10.4,-0.000883389
56:11.4,-0.000912878
56:12.4,-0.000935461
56:13.3,-0.000929063
56:14.3,-0.000928171
56:15.3,-0.000898336
56:16.3,-0.000892989
56:17.3,-0.000905115
56:18.3,-0.000914673
56:19.3,-0.000919145
56:20.3,-0.000906
56:21.3,-0.000924717
56:22.3,-0.000900886
56:23.3,-0.000890695
56:24.3,-0.000872489
56:25.3,-0.000851511
56:26.3,-0.000843943
56:27.3,-0.000860984
56:28.3,-0.000853512
56:29.3,-0.000867329
56:30.3,-0.000849053
56:31.3,-0.000809917
56:32.3,-0.000803398
56:33.3,-0.000779546
56:34.3,-0.000786364
56:35.3,-0.000780831
56:36.3,-0.000790951
56:37.3,-0.00077583
56:38.3,-0.000772653
56:39.3,-0.000798655
56:40.3,-0.000801587
56:41.3,-0.000822341
56:42.3,-0.00083398
56:43.3,-0.000835912
56:44.3,-0.000824902
56:45.3,-0.000836777
56:46.3,-0.000850332
56:47.3,-0.000844989
56:48.3,-0.000829284
56:49.3,-0.000850167
56:50.3,-0.000861521
56:51.3,-0.000851454
56:52.3,-0.000838362
56:53.3,-0.000857394
56:54.3,0
56:55.3,2.0269807e-05
56:56.3,6.8514705e-06
56:57.3,-1.74E-05
56:58.3,-8.91E-06
56:59.3,-3.16E-05
57:00.3,-3.63E-05
57:01.3,-5.37E-05
57:02.3,-4.21E-05
57:03.3,-4.69E-05
57:04.3,-5.29E-05
57:05.3,-5.37E-05
57:06.3,-3.43E-05
57:07.3,-3.31E-05
57:08.3,-5.43E-05
57:09.3,-5.22E-05
57:10.3,-2.70E-05
57:11.3,-3.45E-05
57:12.3,-2.64E-05
57:13.3,-1.06E-05
57:14.3,-2.11E-05
57:15.2,-2.91E-05
57:16.2,2.9510607e-05
57:17.2,1.5182881e-05
57:18.2,-9.94E-06
57:19.2,-8.43E-06
57:20.2,-1.44E-05
57:21.2,-6.07E-06
57:22.2,8.561098e-06
57:23.2,4.6107676e-08
57:24.2,7.5494177e-07
57:25.2,-7.01E-06
57:26.2,4.5114757e-06
57:27.2,1.9840122e-06
57:28.2,1.6534193e-05
57:29.2,-1.81E-05
57:30.2,-3.08E-05
57:31.2,-3.49E-05
57:32.2,-9.20E-06
57:33.2,8.7366025e-06
57:34.2,1.8631687e-05
57:35.2,3.1537027e-05
57:36.2,2.426642e-05
57:37.2,2.1730626e-05
57:38.2,2.2789494e-05
57:39.2,3.3424374e-05
57:40.2,2.472538e-05
57:41.2,3.98142e-05
57:42.2,-7.25E-07
57:43.2,9.903907e-07
57:44.2,-1.04E-06
57:45.2,-3.41E-06
57:46.2,-5.61E-06
57:47.2,-1.14E-05
57:48.2,1.313279e-06
57:49.2,5.3715107e-06
57:50.2,-1.04E-05
57:51.2,-2.71E-05
57:52.2,-2.21E-05
57:53.2,-8.75E-06
57:54.2,-1.43E-05
57:55.2,-2.71E-06
57:56.2,-5.94E-06
57:57.2,-9.29E-06
57:58.2,-3.12E-05
57:59.2,-3.90E-05
58:00.2,-1.19E-05
58:01.2,2.610706e-06
58:02.2,-1.77E-06
58:03.2,6.9697894e-06
58:04.2,1.6485225e-06
58:05.2,1.1995684e-05
58:06.2,5.008835e-06
58:07.2,-2.89E-05
58:08.2,-2.71E-05
58:09.2,-3.56E-05
58:10.2,-3.99E-05
58:11.2,-5.13E-05
58:12.2,-4.80E-05
58:13.2,-5.47E-05
58:14.2,-4.90E-05
58:15.2,-6.51E-05
58:16.1,-7.01E-05
58:17.1,-9.42E-05
58:18.1,-0.000114383
58:19.1,-0.000102841
58:20.1,-0.000103982
58:21.1,-9.34E-05
58:22.1,-0.000113012
58:23.1,-9.78E-05
58:24.1,-7.87E-05
58:25.1,-7.38E-05
58:26.1,-9.92E-05
58:27.1,-0.000101779
58:28.1,-9.75E-05
58:29.1,-8.91E-05
58:30.1,-8.46E-05
58:31.1,-5.12E-05
58:32.1,-6.32E-05
58:33.1,-7.34E-05
58:34.1,-8.03E-05
58:35.1,-8.01E-05
58:36.1,-7.53E-05
58:37.1,-5.94E-05
58:38.1,-5.67E-05
58:39.1,-3.99E-05
58:40.1,-4.78E-05
58:41.1,-4.38E-05
58:42.1,-5.28E-05
58:43.1,-5.85E-05
58:44.1,-6.65E-05
58:45.1,-8.24E-05
58:46.1,-0.000102499
58:47.1,-0.000122734
58:48.1,-0.000108375
58:49.1,-8.81E-05
58:50.1,-7.75E-05
58:51.1,-5.84E-05
58:52.1,-5.92E-05
58:53.1,-6.93E-05
58:54.1,-8.62E-05
58:55.1,-8.80E-05
58:56.1,-9.35E-05
58:57.1,-9.99E-05
58:58.1,-0.000101483
58:59.1,-9.64E-05
59:00.1,-7.59E-05
59:01.1,-5.01E-05
59:02.1,-5.84E-05
59:03.1,-5.16E-05
59:04.1,-5.46E-05
59:05.1,-4.77E-05
59:06.1,-6.32E-05
59:07.1,-7.04E-05
59:08.1,-7.38E-05
59:09.1,-8.30E-05
59:10.1,-8.03E-05
59:11.1,-7.13E-05
59:12.1,-7.18E-05
59:13.1,-8.06E-05
59:14.1,-6.54E-05
59:15.1,-4.39E-05
59:16.1,-5.08E-05
59:17.0,-4.62E-05
59:18.0,-2.08E-05
59:19.0,-1.92E-05
59:20.0,-1.04E-05
59:21.0,-1.26E-05
59:22.0,-8.62E-06
59:23.0,-1.26E-05
59:24.0,-4.46E-06
59:25.0,-6.80E-06
59:26.0,-1.09E-06
59:27.0,-4.08E-06
59:28.0,-1.90E-06
59:29.0,5.5247688e-06
59:30.0,2.965149e-05
59:31.0,4.045348e-05
59:32.0,4.406716e-05
59:33.0,5.4959295e-05
59:34.0,6.147371e-05
59:35.0,4.7614907e-05
59:36.0,5.45398e-05
59:37.0,6.2523344e-05
59:38.0,5.6977387e-05
59:39.0,5.390891e-05
59:40.0,3.862719e-05
59:41.0,3.750963e-05
59:42.0,3.7002726e-05
59:43.0,3.8568214e-05
59:44.0,3.072495e-05
59:45.0,5.0726456e-05
59:46.0,4.4398188e-05
59:47.0,6.385793e-05
59:48.0,6.3552354e-05
59:49.0,6.972026e-05
59:50.0,5.4806813e-05
59:51.0,3.218221e-05
59:52.0,2.813072e-05
59:53.0,5.5382493e-06
59:54.0,-2.00E-05
59:55.0,-1.12E-05
59:56.0,-1.74E-05
59:57.0,-4.93E-05
59:58.0,-5.07E-05
59:59.0,-2.95E-05
00:00.0,-2.44E-05
00:01.0,-1.69E-05
00:02.0,-2.50E-05
00:03.0,-3.08E-05
00:04.0,-3.95E-05
00:05.0,-3.76E-05
00:06.0,-2.91E-05
00:07.0,-4.24E-05
00:08.0,-6.55E-05
00:09.0,-7.08E-05
00:10.0,-5.50E-05
00:11.0,-3.96E-05
00:12.0,-2.35E-05
00:13.0,-2.23E-05
00:14.0,-3.77E-05
00:15.0,-7.08E-06
00:16.0,-3.98E-06
00:17.0,1.9761767e-06
00:17.9,3.2240832e-06
00:18.9,1.0463191e-05
00:19.9,5.798846e-06
00:20.9,-2.64E-06
00:21.9,-2.43E-06
00:22.9,-2.19E-05
00:23.9,-3.63E-05
00:24.9,-2.80E-05
00:25.9,-3.11E-05
00:26.9,-4.14E-05
00:27.9,-3.63E-05
00:28.9,-4.73E-05
00:29.9,-4.00E-05
00:30.9,-7.38E-05
00:31.9,-0.000102857
00:32.9,-9.65E-05
00:33.9,-0.000112783
00:34.9,-0.000133907
00:35.9,-0.000166086
00:36.9,-0.000186771
00:37.9,-0.000197254
00:38.9,-0.000201335
00:39.9,-0.000193234
00:40.9,-0.000166458
00:41.9,-0.000168146
00:42.9,-0.000168664
00:43.9,-0.000166896
00:44.9,-0.000176691
00:45.9,-0.000192943
00:46.9,-0.000181591
00:47.9,-0.000183078
00:48.9,-0.000187074
00:49.9,-0.000202397
00:50.9,-0.000221133
00:51.9,-0.00022424
00:52.9,-0.000218083
00:53.9,-0.000210588
00:54.9,-0.000229733
00:55.9,-0.000240396
00:56.9,-0.000216522
00:57.9,-0.000191055
00:58.9,-0.000191259
00:59.9,-0.000159237
01:00.9,-0.000152892
01:01.9,-0.000153316
01:02.9,-0.00014321
01:03.9,-0.000133394
01:04.9,-0.000130357
01:05.9,-0.000104564
01:06.9,-7.94E-05
01:07.9,-7.44E-05
01:08.9,-7.62E-05
01:09.9,-8.92E-05
01:10.9,-8.82E-05
01:11.9,-8.57E-05
01:12.9,-0.000104063
01:13.9,-0.000121145
01:14.9,-0.00012805
01:15.9,-0.000101251
01:16.9,-9.91E-05
01:17.9,-8.65E-05
01:18.8,-8.34E-05
01:19.8,-8.60E-05
01:20.8,-7.77E-05
01:21.8,-7.93E-05
01:22.8,-8.41E-05
01:23.8,-7.59E-05
01:24.8,-9.21E-05
01:25.8,-0.000110865
01:26.8,-0.000107351
01:27.8,-0.000111261
01:28.8,-0.000109588
01:29.8,-0.00012502
01:30.8,-0.000125814
01:31.8,-0.000114039
01:32.8,-0.000109916
01:33.8,-0.00011074
01:34.8,-0.000107742
01:35.8,-0.000122462
01:36.8,-0.000128732
01:37.8,-0.000134227
01:38.8,-0.000131483
01:39.8,-0.000135626
01:40.8,-0.000151418
01:41.8,-0.000163334
01:42.8,-0.000160092
01:43.8,-0.000152528
01:44.8,-0.000157676
01:45.8,-0.000162008
01:46.8,-0.00015924
01:47.8,-0.000147792
01:48.8,-0.000129575
01:49.8,-0.000143053
01:50.8,-0.000149832
01:51.8,-0.000136121
01:52.8,-0.000134022
01:53.8,-9.32E-05
01:54.8,-9.40E-05
01:55.8,-9.50E-05
01:56.8,-0.000103426
01:57.8,-8.62E-05
01:58.8,-8.60E-05
01:59.8,-7.81E-05
02:00.8,-8.32E-05
02:01.8,-7.62E-05
02:02.8,-6.69E-05
02:03.8,-6.04E-05
02:04.8,-5.23E-05
02:05.8,-5.32E-05
02:06.8,-6.26E-05
02:07.8,-7.08E-05
02:08.8,-5.86E-05
02:09.8,-4.93E-05
02:10.8,-5.26E-05
02:11.8,-5.58E-05
02:12.8,-5.17E-05
02:13.8,-4.67E-05
02:14.8,-3.72E-05
02:15.8,-3.91E-05
02:16.8,-3.57E-05
02:17.8,-2.36E-05
02:18.8,-1.84E-05
02:19.7,-2.07E-05
02:20.7,-3.15E-06
02:21.7,3.1000718e-06
02:22.7,-4.80E-07
02:23.7,-1.91E-06
02:24.7,3.7730822e-06
02:25.7,1.2819648e-05
02:26.7,1.3397066e-05
02:27.7,3.1844793e-05
02:28.7,3.1681957e-05
02:29.7,2.0910804e-05
02:30.7,3.0860774e-05
02:31.7,4.0022594e-05
02:32.7,3.4256085e-05
02:33.7,2.7461816e-05
02:34.7,2.1878004e-05
02:35.7,4.1424668e-05
02:36.7,7.333092e-05
02:37.7,6.525049e-05
02:38.7,5.749229e-05
02:39.7,6.394747e-05
02:40.7,7.0912625e-05
02:41.7,7.551084e-05
02:42.7,6.167098e-05
02:43.7,5.4270462e-05
02:44.7,6.035132e-05
02:45.7,5.344988e-05
02:46.7,3.262234e-05
02:47.7,2.7071945e-05
02:48.7,4.013461e-05
02:49.7,4.804588e-05
02:50.7,4.772469e-05
02:51.7,5.053833e-05
02:52.7,6.449432e-05
02:53.7,6.145842e-05
02:54.7,7.052284e-05
02:55.7,6.781107e-05
02:56.7,6.8216104e-05
02:57.7,7.018655e-05
02:58.7,8.083907e-05
02:59.7,8.3809355e-05
03:00.7,9.1365786e-05
03:01.7,9.9276054e-05
03:02.7,9.2704286e-05
03:03.7,8.055637e-05
03:04.7,8.1012025e-05
03:05.7,9.236645e-05
03:06.7,0.000114962
03:07.7,9.5880176e-05
03:08.7,8.082246e-05
03:09.7,6.6369226e-05
03:10.7,5.4933258e-05
03:11.7,5.1564344e-05
03:12.7,7.280473e-05
03:13.7,7.895541e-05
03:14.7,7.6582575e-05
03:15.7,8.0776554e-05
03:16.7,5.806765e-05
03:17.7,2.064718e-05
03:18.7,7.437434e-06
03:19.7,-1.54E-06
03:20.6,-7.29E-06
03:21.6,-1.82E-05
03:22.6,-2.67E-05
03:23.6,-2.24E-05
03:24.6,-2.35E-05
03:25.6,-3.52E-05
03:26.6,-4.79E-05
03:27.6,-4.21E-05
03:28.6,-3.31E-05
03:29.6,-3.21E-05
03:30.6,-2.32E-05
03:31.6,-2.19E-05
03:32.6,-2.09E-05
03:33.6,-2.23E-05
03:34.6,-2.01E-05
03:35.6,-2.85E-05
03:36.6,-3.01E-05
03:37.6,-3.33E-05
03:38.6,-2.58E-05
03:39.6,-1.02E-05
03:40.6,-1.45E-05
03:41.6,-1.48E-05
03:42.6,-1.30E-05
03:43.6,-1.98E-05
03:44.6,-1.10E-06
03:45.6,-1.76E-05
03:46.6,-2.98E-05
03:47.6,-2.34E-05
03:48.6,-4.55E-06
03:49.6,2.1325425e-06
03:50.6,1.4750763e-05
03:51.6,2.0665673e-05
03:52.6,1.5511861e-05
03:53.6,1.7729084e-05
03:54.6,2.15665e-05
03:55.6,1.1783481e-05
03:56.6,-1.07E-06
03:57.6,-6.74E-06
03:58.6,1.31484e-05
03:59.6,2.3859118e-05
04:00.6,3.093568e-05
04:01.6,2.8423328e-05
04:02.6,3.1158324e-05
04:03.6,3.859494e-05
04:04.6,3.412945e-05
04:05.6,2.8918552e-05
04:06.6,1.2284465e-06
04:07.6,-6.77E-06
04:08.6,-9.96E-06
04:09.6,-8.57E-06
04:10.6,3.1603638e-06
04:11.6,1.5992231e-05
04:12.6,3.2686908e-06
04:13.6,4.3753544e-06
04:14.6,1.4383325e-05
04:15.6,2.4024068e-05
04:16.6,2.6775608e-05
04:17.6,1.8523855e-05
04:18.6,5.508875e-05
04:19.6,7.670004e-05
04:20.6,6.79621e-05
04:21.5,8.528193e-05
04:22.5,8.989657e-05
04:23.5,7.94106e-05
04:24.5,8.6372114e-05
04:25.5,9.534585e-05
04:26.5,7.9601305e-05
04:27.5,8.0145495e-05
04:28.5,8.536056e-05
04:29.5,8.495365e-05
04:30.5,8.6561355e-05
04:31.5,7.649093e-05
04:32.5,8.2806255e-05
04:33.5,8.384892e-05
04:34.5,7.574235e-05
04:35.5,6.0095557e-05
04:36.5,6.723503e-05
04:37.5,8.408745e-05
04:38.5,8.309706e-05
04:39.5,8.0942795e-05
04:40.5,7.4491494e-05
04:41.5,6.891985e-05
04:42.5,7.540241e-05
04:43.5,8.735612e-05
04:44.5,7.8553174e-05
04:45.5,7.2012546e-05
04:46.5,6.3548374e-05
04:47.5,5.2059404e-05
04:48.5,5.2812826e-05
04:49.5,6.463209e-05
04:50.5,6.852325e-05
04:51.5,8.838297e-05
04:52.5,9.191248e-05
04:53.5,8.0579535e-05
04:54.5,7.439703e-05
04:55.5,7.665806e-05
04:56.5,6.179916e-05
04:57.5,7.0580194e-05
04:58.5,7.31382e-05
04:59.5,8.921887e-05
05:00.5,9.579486e-05
05:01.5,9.471618e-05
05:02.5,0.0001005
05:03.5,8.250188e-05
05:04.5,7.353824e-05
05:05.5,8.915865e-05
05:06.5,8.419576e-05
05:07.5,9.2939204e-05
05:08.5,9.702986e-05
05:09.5,0.000113014
05:10.5,0.000110631
05:11.5,0.000107782
05:12.5,0.000105992
05:13.5,0.000120644
05:14.5,0.000131547
05:15.5,0.000129072
05:16.5,0.000140279
05:17.5,0.000148288
05:18.5,0.000153228
05:19.5,0.000150985
05:20.5,0.000160318
05:21.5,0.000176193
05:22.5,0.000166665
05:23.4,0.000169271
05:24.4,0.000163216
05:25.4,0.000176238
05:26.4,0.000185102
05:27.4,0.000185973
05:28.4,0.000186105
05:29.4,0.000195667
05:30.4,0.000191849
05:31.4,0.000191774
05:32.4,0.000187668
05:33.4,0.000181118
05:34.4,0.000197921
05:35.4,0.000200193
05:36.4,0.00022093
05:37.4,0.000235493
05:38.4,0.000258147
05:39.4,0.000230739
05:40.4,0.000235284
05:41.4,0.000220289
05:42.4,0.000211228
05:43.4,0.000230902
05:44.4,0.000228719
05:45.4,0.000217201
05:46.4,0.000193733
05:47.4,0.000198808
05:48.4,0.000217339
05:49.4,0.000228205
05:50.4,0.00023952
05:51.4,0.000228115
05:52.4,0.000234412
05:53.4,0.00021156
05:54.4,0.000196889
05:55.4,0.000185568
05:56.4,0.000183025
05:57.4,0.000193292
05:58.4,0.000218252
05:59.4,0.000235578
06:00.4,0.000244785
06:01.4,0.000233323
06:02.4,0.000225569
06:03.4,0.000222183
06:04.4,0.000218263
06:05.4,0.000210445
06:06.4,0.000205859
06:07.4,0.000197256
06:08.4,0.000195918
06:09.4,0.000185833
06:10.4,0.000173323
06:11.4,0.00017077
06:12.4,0.000178847
06:13.4,0.00016421
06:14.4,0.000159826
06:15.4,0.000148091
06:16.4,0.000156628
06:17.4,0.000160776
06:18.4,0.000158438
06:19.4,0.000157692
06:20.4,0.000150624
06:21.4,0.000149832
06:22.4,0.00014729
06:23.4,0.000159301
06:24.3,0.000167109
06:25.3,0.000174541
06:26.3,0.000194274
06:27.3,0.000207569
06:28.3,0.000207804
06:29.3,0.000231336
06:30.3,0.000235795
06:31.3,0.000233692
06:32.3,0.000220528
06:33.3,0.000220131
06:34.3,0.000224046
06:35.3,0.000230114
06:36.3,0.000225912
06:37.3,0.000234077
06:38.3,0.00023776
06:39.3,0.000219583
06:40.3,0.000230799
06:41.3,0.000249964
06:42.3,0.00023261
06:43.3,0.000214427
06:44.3,0.000217122
06:45.3,0.000210776
06:46.3,0.000216293
06:47.3,0.000225665
06:48.3,0.000232285
06:49.3,0.000237969
06:50.3,0.000249251
06:51.3,0.000257009
06:52.3,0.000251687
06:53.3,0.000236769
06:54.3,0
06:55.3,-0.000146947
06:56.3,-0.000110954
06:57.3,-0.000111089
06:58.3,-0.000116693
06:59.3,-0.000112642
07:00.3,-0.000119469
07:01.3,-0.000124259
07:02.3,-0.000119655
07:03.3,-9.69E-05
07:04.3,-9.20E-05
07:05.3,-0.000100929
07:06.3,-9.29E-05
07:07.3,-8.64E-05
07:08.3,-8.04E-05
07:09.3,-8.71E-05
07:10.3,-9.64E-05
07:11.3,-9.10E-05
07:12.3,-9.17E-05
07:13.3,-0.000100906
07:14.3,-0.000114548
07:15.3,-0.000114138
07:16.3,-0.000100599
07:17.3,-9.76E-05
07:18.3,-0.000102767
07:19.3,-0.000108426
07:20.3,-0.000108626
07:21.3,-0.000109245
07:22.3,-0.000122676
07:23.3,-0.000128078
07:24.3,-0.000123449
07:25.2,-0.000126215
07:26.2,-0.00013743
07:27.2,-0.00012553
07:28.2,-0.000132456
07:29.2,-0.000141048
07:30.2,-0.000142568
07:31.2,-0.000140153
07:32.2,-0.000132734
07:33.2,-0.000120692
07:34.2,-0.000112456
07:35.2,-8.95E-05
07:36.2,-9.73E-05
07:37.2,-9.88E-05
07:38.2,-0.00010059
07:39.2,-0.000108977
07:40.2,-0.00011758
07:41.2,-0.000135047
07:42.2,-0.000137304
07:43.2,-0.000139408
07:44.2,-0.000134132
07:45.2,-0.000127265
07:46.2,-0.00013319
07:47.2,-0.000133556
07:48.2,-0.000116455
07:49.2,-0.000121752
07:50.2,-0.000120617
07:51.2,-0.000108121
07:52.2,-0.000114318
07:53.2,-0.000111971
07:54.2,-0.000112678
07:55.2,-9.21E-05
07:56.2,-9.04E-05
07:57.2,-9.36E-05
07:58.2,-8.96E-05
07:59.2,-8.19E-05
08:00.2,-7.32E-05
08:01.2,-8.51E-05
08:02.2,-8.64E-05
08:03.2,-7.90E-05
08:04.2,-8.82E-05
08:05.2,-9.04E-05
08:06.2,-7.52E-05
08:07.2,-6.37E-05
08:08.2,-7.14E-05
08:09.2,-8.71E-05
08:10.2,-7.54E-05
08:11.2,-6.71E-05
08:12.2,-6.66E-05
08:13.2,-8.28E-05
08:14.2,-9.79E-05
08:15.2,-0.000105372
08:16.2,-0.000104857
08:17.2,-9.38E-05
08:18.2,-9.75E-05
08:19.2,-9.35E-05
08:20.2,-9.86E-05
08:21.2,-8.53E-05
08:22.2,-8.78E-05
08:23.2,-0.000108784
08:24.2,-9.59E-05
08:25.2,-7.95E-05
08:26.1,-7.89E-05
08:27.1,-8.06E-05
08:28.1,-9.46E-05
08:29.1,-0.000110685
08:30.1,-0.00013375
08:31.1,-0.000145064
08:32.1,-0.000158788
08:33.1,-0.000158709
08:34.1,-0.000157861
08:35.1,-0.000162203
08:36.1,-0.000161858
08:37.1,-0.000180262
08:38.1,-0.000210311
08:39.1,-0.000192071
08:40.1,-0.000200291
08:41.1,-0.000225282
08:42.1,-0.000233566
08:43.1,-0.00023687
08:44.1,-0.000234201
08:45.1,-0.000225747
08:46.1,-0.000215009
08:47.1,-0.000211964
08:48.1,-0.000209739
08:49.1,-0.000198214
08:50.1,-0.00020215
08:51.1,-0.000197018
08:52.1,-0.00020175
08:53.1,-0.000199336
08:54.1,-0.000196046
08:55.1,-0.000209574
08:56.1,-0.000216823
08:57.1,-0.000214555
08:58.1,-0.000216809
08:59.1,-0.000215517
09:00.1,-0.000217728
09:01.1,-0.000219169
09:02.1,-0.000232793
09:03.1,-0.00022566
09:04.1,-0.000242952
09:05.1,-0.000244259
09:06.1,-0.000248241
09:07.1,-0.000243817
09:08.1,-0.000245156
09:09.1,-0.000241494
09:10.1,-0.000245135
09:11.1,-0.000236227
09:12.1,-0.000257027
09:13.1,-0.000250586
09:14.1,-0.000251374
09:15.1,-0.000250811
09:16.1,-0.000254549
09:17.1,-0.000258666
09:18.1,-0.000262958
09:19.1,-0.000258623
09:20.1,-0.000255226
09:21.1,-0.000260822
09:22.1,-0.000267757
09:23.1,-0.000273787
09:24.1,-0.000272709
09:25.1,-0.000266155
09:26.1,-0.000268979
09:27.0,-0.000258456
09:28.0,-0.000265328
09:29.0,-0.000280884
09:30.0,-0.000282311
09:31.0,-0.000287771
09:32.0,-0.000302637
09:33.0,-0.000294371
09:34.0,-0.000287731
09:35.0,-0.000272041
09:36.0,-0.000267944
09:37.0,-0.000277614
09:38.0,-0.000291176
09:39.0,-0.000301238
09:40.0,-0.000314776
09:41.0,-0.000311835
09:42.0,-0.000325343
09:43.0,-0.000330362
09:44.0,-0.000327925
09:45.0,-0.000348547
09:46.0,-0.000353274
09:47.0,-0.000347659
09:48.0,-0.000346894
09:49.0,-0.000347905
09:50.0,-0.000362914
09:51.0,-0.0003689
09:52.0,-0.000374341
09:53.0,-0.000361814
09:54.0,-0.000385277
09:55.0,-0.000389021
09:56.0,-0.000403166
09:57.0,-0.00039914
09:58.0,-0.000390033
09:59.0,-0.000382682
10:00.0,-0.00039171
10:01.0,-0.000387182
10:02.0,-0.000373703
10:03.0,-0.000375901
10:04.0,-0.000378726
10:05.0,-0.000382891
10:06.0,-0.000388166
10:07.0,-0.000388908
10:08.0,-0.000378754
10:09.0,-0.000372025
10:10.0,-0.000368064
10:11.0,-0.000370656
10:12.0,-0.000380053
10:13.0,-0.000384409
10:14.0,-0.000384568
10:15.0,-0.000384845
10:16.0,-0.000369345
10:17.0,-0.000370396
10:18.0,-0.00037709
10:19.0,-0.000370867
10:20.0,-0.00037499
10:21.0,-0.000375276
10:22.0,-0.000374928
10:23.0,-0.000379089
10:24.0,-0.000405395
10:25.0,-0.000406638
10:26.0,-0.000413429
10:27.0,-0.000444659
10:27.9,-0.000446354
10:28.9,-0.00043753
10:29.9,-0.000416074
10:30.9,-0.000419999
10:31.9,-0.000442981
10:32.9,-0.000459844
10:33.9,-0.000452351
10:34.9,-0.000454573
10:35.9,-0.000459555
10:36.9,-0.000464308
10:37.9,-0.000469335
10:38.9,-0.00047237
10:39.9,-0.000477269
10:40.9,-0.000476973
10:41.9,-0.000475886
10:42.9,-0.000473708
10:43.9,-0.000471042
10:44.9,-0.00046866
10:45.9,-0.000460262
10:46.9,-0.000460093
10:47.9,-0.000461868
10:48.9,-0.000452615
10:49.9,-0.000458041
10:50.9,-0.00045132
10:51.9,-0.000441547
10:52.9,-0.000428877
10:53.9,-0.00042749
10:54.9,-0.000421428
10:55.9,-0.000413052
10:56.9,-0.000404338
10:57.9,-0.000398954
10:58.9,-0.000397982
10:59.9,-0.00040418
11:00.9,-0.000404133
11:01.9,-0.000394607
11:02.9,-0.000373461
11:03.9,-0.00037613
11:04.9,-0.000391106
11:05.9,-0.000391675
11:06.9,-0.000375528
11:07.9,-0.000381652
11:08.9,-0.000381552
11:09.9,-0.000379939
11:10.9,-0.000373174
11:11.9,-0.000374197
11:12.9,-0.000365132
11:13.9,-0.000363161
11:14.9,-0.000358194
11:15.9,-0.00032999
11:16.9,-0.000325388
11:17.9,-0.00032048
11:18.9,-0.000319007
11:19.9,-0.000309906
11:20.9,-0.000304455
11:21.9,-0.000299138
11:22.9,-0.000311544
11:23.9,-0.000318117
11:24.9,-0.000333583
11:25.9,-0.000323313
11:26.9,-0.000327812
11:27.9,-0.000338392
11:28.8,-0.000341463
11:29.8,-0.000343906
11:30.8,-0.000346565
11:31.8,-0.000342437
11:32.8,-0.000333221
11:33.8,-0.000343593
11:34.8,-0.000374299
11:35.8,-0.000386966
11:36.8,-0.000384528
11:37.8,-0.000374909
11:38.8,-0.000373652
11:39.8,-0.000374327
11:40.8,-0.000360539
11:41.8,-0.000365543
11:42.8,-0.000358878
11:43.8,-0.000355296
11:44.8,-0.000361589
11:45.8,-0.000373952
11:46.8,-0.000382002
11:47.8,-0.00041224
11:48.8,-0.000409109
11:49.8,-0.000417832
11:50.8,-0.000433045
11:51.8,-0.000445342
11:52.8,-0.000455037
11:53.8,-0.000456617
11:54.8,-0.000458789
11:55.8,-0.00043659
11:56.8,-0.000435023
11:57.8,-0.000465148
11:58.8,-0.000450953
11:59.8,-0.000462168
12:00.8,-0.000481147
12:01.8,-0.000482175
12:02.8,-0.000502198
12:03.8,-0.000514953
12:04.8,-0.000512432
12:05.8,-0.00050578
12:06.8,-0.000490525
12:07.8,-0.000476113
12:08.8,-0.000484594
12:09.8,-0.000484774
12:10.8,-0.000481345
12:11.8,-0.000482002
12:12.8,-0.000493129
12:13.8,-0.000499563
12:14.8,-0.0005017
12:15.8,-0.000491499
12:16.8,-0.000495497
12:17.8,-0.000490143
12:18.8,-0.000486741
12:19.8,-0.000485624
12:20.8,-0.000475185
12:21.8,-0.000471232
12:22.8,-0.0004751
12:23.8,-0.000506471
12:24.8,-0.000507568
12:25.8,-0.000512849
12:26.8,-0.00052071
12:27.8,-0.000523589
12:28.8,-0.000525871
12:29.7,-0.000529819
12:30.7,-0.000545524
12:31.7,-0.000566997
12:32.7,-0.000552855
12:33.7,-0.0005498
12:34.7,-0.000552194
12:35.7,-0.000545573
12:36.7,-0.000558961
12:37.7,-0.000561794
12:38.7,-0.00056558
12:39.7,-0.000550031
12:40.7,-0.000537341
12:41.7,-0.000535321
12:42.7,-0.000543608
12:43.7,-0.000543371
12:44.7,-0.000554148
12:45.7,-0.000546515
12:46.7,-0.000537968
12:47.7,-0.000538151
12:48.7,-0.000539264
12:49.7,-0.000544578
12:50.7,-0.000548256
12:51.7,-0.000553265
12:52.7,-0.000557765
12:53.7,-0.000575342
12:54.7,-0.000568931
12:55.7,-0.00054665
12:56.7,-0.00053609
12:57.7,-0.000550818
12:58.7,-0.000549122
12:59.7,-0.000537827
13:00.7,-0.0005244
13:01.7,-0.000521867
13:02.7,-0.000518274
13:03.7,-0.000525324
13:04.7,-0.000529576
13:05.7,-0.000541354
13:06.7,-0.000547108
13:07.7,-0.000551224
13:08.7,-0.000566361
13:09.7,-0.000573941
13:10.7,-0.000590278
13:11.7,-0.000590329
13:12.7,-0.000580923
13:13.7,-0.00057776
13:14.7,-0.000579679
13:15.7,-0.0005702
13:16.7,-0.00056145
13:17.7,-0.000549958
13:18.7,-0.000555284
13:19.7,-0.000562561
13:20.7,-0.000551819
13:21.7,-0.000564988
13:22.7,-0.000555636
13:23.7,-0.000563845
13:24.7,-0.000573504
13:25.7,-0.000573063
13:26.7,-0.000560944
13:27.7,-0.000560814
13:28.7,-0.000541187
13:29.7,-0.000544838
13:30.6,-0.000560626
13:31.6,-0.000582407
13:32.6,-0.00059018
13:33.6,-0.000572116
13:34.6,-0.000571255
13:35.6,-0.000567771
13:36.6,-0.000572413
13:37.6,-0.000584909
13:38.6,-0.000582813
13:39.6,-0.000587149
13:40.6,-0.00059129
13:41.6,-0.000598102
13:42.6,-0.000583369
13:43.6,-0.000596857
13:44.6,-0.000603589
13:45.6,-0.000602866
13:46.6,-0.000599144
13:47.6,-0.000582127
13:48.6,-0.000578011
13:49.6,-0.000572711
13:50.6,-0.00055016
13:51.6,-0.000532548
13:52.6,-0.000532828
13:53.6,-0.000544806
13:54.6,-0.000545765
13:55.6,-0.000541696
13:56.6,-0.000547123
13:57.6,-0.000545833
13:58.6,-0.000565513
13:59.6,-0.00057349
14:00.6,-0.0005677
14:01.6,-0.000577713
14:02.6,-0.000564986
14:03.6,-0.000561154
14:04.6,-0.00056414
14:05.6,-0.000571131
14:06.6,-0.00058832
14:07.6,-0.000587694
14:08.6,-0.000589461
14:09.6,-0.000586575
14:10.6,-0.000589139
14:11.6,-0.000604717
14:12.6,-0.000604331
14:13.6,-0.000601471
14:14.6,-0.00059726
14:15.6,-0.000588902
14:16.6,-0.000584273
14:17.6,-0.000589712
14:18.6,-0.000585604
14:19.6,-0.00059318
14:20.6,-0.000597656
14:21.6,-0.000602362
14:22.6,-0.000581522
14:23.6,-0.000588853
14:24.6,-0.000596951
14:25.6,-0.000599262
14:26.6,-0.000583074
14:27.6,-0.000582362
14:28.6,-0.00056266
14:29.6,-0.000556428
14:30.6,-0.000548949
14:31.6,-0.000542635
14:32.5,-0.000527271
14:33.5,-0.000518611
14:34.5,-0.000515868
14:35.5,-0.000525861
14:36.5,-0.000528118
14:37.5,-0.000519478
14:38.5,-0.000524842
14:39.5,-0.000528462
14:40.5,-0.000541659
14:41.5,-0.000551668
14:42.5,-0.000547714
14:43.5,-0.000542519
14:44.5,-0.00055716
14:45.5,-0.000588605
14:46.5,-0.000601837
14:47.5,-0.000589713
14:48.5,-0.000584427
14:49.5,-0.000589501
14:50.5,-0.000594983
14:51.5,-0.000585184
14:52.5,-0.000590496
14:53.5,-0.000595808
14:54.5,-0.000596034
14:55.5,-0.000609935
14:56.5,-0.000620061
14:57.5,-0.000614007
14:58.5,-0.000622775
14:59.5,-0.000601435
15:00.5,-0.000599882
15:01.5,-0.000609162
15:02.5,-0.000605853
15:03.5,-0.000598653
15:04.5,-0.00059523
15:05.5,-0.000605827
15:06.5,-0.000607057
15:07.5,-0.000598261
15:08.5,-0.000595201
15:09.5,-0.000596204
15:10.5,-0.000592189
15:11.5,-0.000581763
15:12.5,-0.000591016
15:13.5,-0.000600269
15:14.5,-0.000596912
15:15.5,-0.000595337
15:16.5,-0.000579355
15:17.5,-0.000584301
15:18.5,-0.000579981
15:19.5,-0.000584017
15:20.5,-0.000574008
15:21.5,-0.000571122
15:22.5,-0.000586332
15:23.5,-0.000566405
15:24.5,-0.000564719
15:25.5,-0.000558291
15:26.5,-0.000537726
15:27.5,-0.000511596
15:28.5,-0.000521025
15:29.5,-0.000519482
15:30.5,-0.000514277
15:31.5,-0.000504128
15:32.5,-0.000497789
15:33.4,-0.000503277
15:34.4,-0.000504032
15:35.4,-0.000507116
15:36.4,-0.000509286
15:37.4,-0.000497307
15:38.4,-0.000485283
15:39.4,-0.000502727
15:40.4,-0.000508343
15:41.4,-0.000498403
15:42.4,-0.000497319
15:43.4,-0.000496359
15:44.4,-0.000501518
15:45.4,-0.000509121
15:46.4,-0.000505096
15:47.4,-0.000493606
15:48.4,-0.000497113
15:49.4,-0.000502449
15:50.4,-0.000505743
15:51.4,-0.000512152
15:52.4,-0.000526069
15:53.4,-0.000521874
15:54.4,-0.000527174
15:55.4,-0.000521948
15:56.4,-0.000505083
15:57.4,-0.000508271
15:58.4,-0.000514811
15:59.4,-0.000522972
16:00.4,-0.000533611
16:01.4,-0.000534822
16:02.4,-0.000523083
16:03.4,-0.000522127
16:04.4,-0.000528145
16:05.4,-0.000532579
16:06.4,-0.000532088
16:07.4,-0.000534196
16:08.4,-0.000538975
16:09.4,-0.000559435
16:10.4,-0.000542797
16:11.4,-0.000523725
16:12.4,-0.000533531
16:13.4,-0.000539041
16:14.4,-0.000533054
16:15.4,-0.00053177
16:16.4,-0.000501041
16:17.4,-0.000496883
16:18.4,-0.000498164
16:19.4,-0.000510422
16:20.4,-0.000517547
16:21.4,-0.000504241
16:22.4,-0.000489831
16:23.4,-0.000479339
16:24.4,-0.000478318
16:25.4,-0.000465188
16:26.4,-0.000482972
16:27.4,-0.000479132
16:28.4,-0.00046638
16:29.4,-0.000463067
16:30.4,-0.00046273
16:31.4,-0.000481382
16:32.4,-0.000482272
16:33.4,-0.00045434
16:34.3,-0.000450085
16:35.3,-0.000455398
16:36.3,-0.00045343
16:37.3,-0.000470874
16:38.3,-0.000462147
16:39.3,-0.000460538
16:40.3,-0.00045693
16:41.3,-0.000461847
16:42.3,-0.00047414
16:43.3,-0.000473559
16:44.3,-0.000455987
16:45.3,-0.000476892
16:46.3,-0.000477322
16:47.3,-0.000481919
16:48.3,-0.000476557
16:49.3,-0.000479045
16:50.3,-0.000484994
16:51.3,-0.000492242
16:52.3,-0.000482421
16:53.3,-0.000504711
16:54.3,0
16:55.3,0.00071225
16:56.3,0.000636879
16:57.3,0.000644822
16:58.3,0.000641228
16:59.3,0.000621602
17:00.3,0.000613588
17:01.3,0.000609079
17:02.3,0.000613117
17:03.3,0.000622281
17:04.3,0.000620956
17:05.3,0.000621294
17:06.3,0.000598495
17:07.3,0.000599379
17:08.3,0.00060431
17:09.3,0.000611296
17:10.3,0.000610394
17:11.3,0.00061433
17:12.3,0.000616891
17:13.3,0.000623522
17:14.3,0.000637247
17:15.3,0.000646612
17:16.3,0.00064878
17:17.3,0.000641267
17:18.3,0.000629981
17:19.3,0.000629209
17:20.3,0.00061835
17:21.3,0.000646779
17:22.3,0.000660183
17:23.3,0.000645113
17:24.3,0.000628878
17:25.3,0.000616224
17:26.3,0.000625622
17:27.3,0.00061492
17:28.3,0.000633551
17:29.3,0.000626066
17:30.3,0.000621405
17:31.3,0.000622493
17:32.3,0.000625154
17:33.3,0.000618808
17:34.3,0.000611127
17:35.2,0.000601772
17:36.2,0.000592135
17:37.2,0.000594974
17:38.2,0.000607066
17:39.2,0.000613589
17:40.2,0.000647664
17:41.2,0.000675486
17:42.2,0.000686172
17:43.2,0.000714426
17:44.2,0.00072807
17:45.2,0.000735041
17:46.2,0.000739522
17:47.2,0.000753957
17:48.2,0.000744667
17:49.2,0.000732449
17:50.2,0.000730121
17:51.2,0.000724338
17:52.2,0.000721817
17:53.2,0.000700693
17:54.2,0.000705533
17:55.2,0.000704442
17:56.2,0.000714636
17:57.2,0.000726329
17:58.2,0.000704971
17:59.2,0.000706387
18:00.2,0.000712606
18:01.2,0.000713731
18:02.2,0.000708949
18:03.2,0.000720543
18:04.2,0.000708651
18:05.2,0.000696756
18:06.2,0.000656254
18:07.2,0.000647834
18:08.2,0.000640883
18:09.2,0.000629124
18:10.2,0.000643757
18:11.2,0.00063613
18:12.2,0.000624125
18:13.2,0.000619859
18:14.2,0.000612402
18:15.2,0.000624322
18:16.2,0.000629833
18:17.2,0.000623644
18:18.2,0.000620802
18:19.2,0.000629455
18:20.2,0.000619403
18:21.2,0.000632938
18:22.2,0.000621819
18:23.2,0.000630654
18:24.2,0.000631522
18:25.2,0.000612414
18:26.2,0.000572944
18:27.2,0.000573592
18:28.2,0.000594588
18:29.2,0.000588754
18:30.2,0.000582329
18:31.2,0.000543471
18:32.2,0.000561248
18:33.2,0.00055094
18:34.2,0.00053047
18:35.2,0.000544386
18:36.1,0.00054642
18:37.1,0.00052592
18:38.1,0.000516951
18:39.1,0.000524698
18:40.1,0.000533944
18:41.1,0.000518317
18:42.1,0.000497319
18:43.1,0.000502387
18:44.1,0.000508435
18:45.1,0.000536106
18:46.1,0.000537336
18:47.1,0.000521097
18:48.1,0.000520819
18:49.1,0.000528976
18:50.1,0.000540558
18:51.1,0.000536567
18:52.1,0.000550686
18:53.1,0.000529478
18:54.1,0.000524686
18:55.1,0.000522191
18:56.1,0.000507018
18:57.1,0.000490478
18:58.1,0.000493306
18:59.1,0.000508312
19:00.1,0.000515829
19:01.1,0.000491877
19:02.1,0.000490261
19:03.1,0.000494384
19:04.1,0.000503112
19:05.1,0.000498421
19:06.1,0.000494856
19:07.1,0.000487434
19:08.1,0.000497942
19:09.1,0.000485253
19:10.1,0.000474058
19:11.1,0.000473706
19:12.1,0.000450035
19:13.1,0.000428658
19:14.1,0.000420787
19:15.1,0.000410399
19:16.1,0.000429258
19:17.1,0.000419991
19:18.1,0.000385333
19:19.1,0.000351981
19:20.1,0.000362572
19:21.1,0.000382578
19:22.1,0.0003849
19:23.1,0.00038418
19:24.1,0.000372957
19:25.1,0.000371915
19:26.1,0.000392768
19:27.1,0.000381835
19:28.1,0.000395426
19:29.1,0.000431104
19:30.1,0.000454617
19:31.1,0.000454812
19:32.1,0.000464093
19:33.1,0.000469055
19:34.1,0.000435665
19:35.1,0.000407597
19:36.1,0.00040834
19:37.0,0.000400467
19:38.0,0.000420422
19:39.0,0.00042702
19:40.0,0.00040761
19:41.0,0.000401421
19:42.0,0.000408843
19:43.0,0.000411608
19:44.0,0.00040815
19:45.0,0.000416618
19:46.0,0.000407639
19:47.0,0.000407182
19:48.0,0.000399919
19:49.0,0.000403336
19:50.0,0.000381774
19:51.0,0.000353083
19:52.0,0.000361635
19:53.0,0.000376933
19:54.0,0.000380779
19:55.0,0.000380736
19:56.0,0.000381296
19:57.0,0.00043036
19:58.0,0.000442086
19:59.0,0.000430111
20:00.0,0.000410871
20:01.0,0.000426712
20:02.0,0.000448576
20:03.0,0.000464769
20:04.0,0.000492021
20:05.0,0.000486483
20:06.0,0.000489342
20:07.0,0.000472383
20:08.0,0.000457083
20:09.0,0.000472498
20:10.0,0.000499683
20:11.0,0.000531328
20:12.0,0.000513776
20:13.0,0.000519785
20:14.0,0.000513735
20:15.0,0.000511435
20:16.0,0.000504997
20:17.0,0.000509888
20:18.0,0.000513814
20:19.0,0.000511485
20:20.0,0.000496857
20:21.0,0.000517248
20:22.0,0.000500453
20:23.0,0.000501613
20:24.0,0.000481015
20:25.0,0.000481207
20:26.0,0.000475846
20:27.0,0.000496073
20:28.0,0.000507672
20:29.0,0.000508956
20:30.0,0.000494422
20:31.0,0.000474459
20:32.0,0.000451489
20:33.0,0.00045553
20:34.0,0.000454163
20:35.0,0.000469796
20:36.0,0.000479543
20:37.0,0.000477524
20:37.9,0.000486673
20:38.9,0.000507956
20:39.9,0.000523169
20:40.9,0.000508823
20:41.9,0.000499668
20:42.9,0.000490733
20:43.9,0.000499638
20:44.9,0.00050155
20:45.9,0.000500776
20:46.9,0.000508376
20:47.9,0.000529416
20:48.9,0.000530788
20:49.9,0.000525851
20:50.9,0.000511871
20:51.9,0.00048885
20:52.9,0.000518845
20:53.9,0.000516633
20:54.9,0.000510436
20:55.9,0.000514812
20:56.9,0.000516628
20:57.9,0.000518145
20:58.9,0.000516535
20:59.9,0.000506421
21:00.9,0.000500633
21:01.9,0.000494749
21:02.9,0.000487883
21:03.9,0.000496857
21:04.9,0.000498797
21:05.9,0.000492768
21:06.9,0.000518056
21:07.9,0.000549303
21:08.9,0.000529309
21:09.9,0.000537616
21:10.9,0.00053065
21:11.9,0.000542089
21:12.9,0.000559978
21:13.9,0.000568502
21:14.9,0.000559017
21:15.9,0.000552156
21:16.9,0.000552301
21:17.9,0.000568506
21:18.9,0.000581606
21:19.9,0.000582391
21:20.9,0.000574441
21:21.9,0.000587926
21:22.9,0.000586589
21:23.9,0.000577345
21:24.9,0.000576553
21:25.9,0.000576082
21:26.9,0.000582154
21:27.9,0.000596564
21:28.9,0.000607695
21:29.9,0.000625427
21:30.9,0.000626483
21:31.9,0.000604439
21:32.9,0.000614647
21:33.9,0.000635398
21:34.9,0.00062463
21:35.9,0.000611778
21:36.9,0.000631834
21:37.9,0.000641992
21:38.8,0.000657666
21:39.8,0.000655314
21:40.8,0.000650431
21:41.8,0.000652426
21:42.8,0.000642434
21:43.8,0.000605796
21:44.8,0.000568108
21:45.8,0.000557894
21:46.8,0.000555185
21:47.8,0.000551576
21:48.8,0.000575495
21:49.8,0.000588433
21:50.8,0.000596146
21:51.8,0.000597
21:52.8,0.000609027
21:53.8,0.000612733
21:54.8,0.000621617
21:55.8,0.000626242
21:56.8,0.000610768
21:57.8,0.000604963
21:58.8,0.000598083
21:59.8,0.000624788
22:00.8,0.000631283
22:01.8,0.000632036
22:02.8,0.000642475
22:03.8,0.000647519
22:04.8,0.000643598
22:05.8,0.00065198
22:06.8,0.000633631
22:07.8,0.000652586
22:08.8,0.000650843
22:09.8,0.000640602
22:10.8,0.00062399
22:11.8,0.000629498
22:12.8,0.000629549
22:13.8,0.000613696
22:14.8,0.00061741
22:15.8,0.000627323
22:16.8,0.000624203
22:17.8,0.000627912
22:18.8,0.000615172
22:19.8,0.000617806
22:20.8,0.000648244
22:21.8,0.000679686
22:22.8,0.000686423
22:23.8,0.000677766
22:24.8,0.000671749
22:25.8,0.000667329
22:26.8,0.000647269
22:27.8,0.0006371
22:28.8,0.000631637
22:29.8,0.000621408
22:30.8,0.000631807
22:31.8,0.000644234
22:32.8,0.000649485
22:33.8,0.000656327
22:34.8,0.000655635
22:35.8,0.000639367
22:36.8,0.000666142
22:37.8,0.000664246
22:38.8,0.000658357
22:39.8,0.000653175
22:40.7,0.000656573
22:41.7,0.000654247
22:42.7,0.000668245
22:43.7,0.000659393
22:44.7,0.000630141
22:45.7,0.000638606
22:46.7,0.000629671
22:47.7,0.000648045
22:48.7,0.000662523
22:49.7,0.000672198
22:50.7,0.00065689
22:51.7,0.000669382
22:52.7,0.000675902
22:53.7,0.000680692
22:54.7,0.000719829
22:55.7,0.000722151
22:56.7,0.000701207
22:57.7,0.000697268
22:58.7,0.000689195
22:59.7,0.0006692
23:00.7,0.000687352
23:01.7,0.000693157
23:02.7,0.000684552
23:03.7,0.000675859
23:04.7,0.000640652
23:05.7,0.00063371
23:06.7,0.000647645
23:07.7,0.000645873
23:08.7,0.000652145
23:09.7,0.000632854
23:10.7,0.000643737
23:11.7,0.000642511
23:12.7,0.000620764
23:13.7,0.000605194
23:14.7,0.000612387
23:15.7,0.000622696
23:16.7,0.000629982
23:17.7,0.000593055
23:18.7,0.000596143
23:19.7,0.00060222
23:20.7,0.00061068
23:21.7,0.000601357
23:22.7,0.000618876
23:23.7,0.000613415
23:24.7,0.000616201
23:25.7,0.000615507
23:26.7,0.000622043
23:27.7,0.000628567
23:28.7,0.00060359
23:29.7,0.000582045
23:30.7,0.00057554
23:31.7,0.000585735
23:32.7,0.000606038
23:33.7,0.00060335
23:34.7,0.000591015
23:35.7,0.000597582
23:36.7,0.000609485
23:37.7,0.000611194
23:38.7,0.000603923
23:39.7,0.000586361
23:40.7,0.000570032
23:41.6,0.000563508
23:42.6,0.000550605
23:43.6,0.000569043
23:44.6,0.000570856
23:45.6,0.000586428
23:46.6,0.000586384
23:47.6,0.000617857
23:48.6,0.00061962
23:49.6,0.000596005
23:50.6,0.000603588
23:51.6,0.000611749
23:52.6,0.000607575
23:53.6,0.000605054
23:54.6,0.000579711
23:55.6,0.00056358
23:56.6,0.000562792
23:57.6,0.000576732
23:58.6,0.000599044
23:59.6,0.000622598
24:00.6,0.000623731
24:01.6,0.00063258
24:02.6,0.000633814
24:03.6,0.00061163
24:04.6,0.000571944
24:05.6,0.000585783
24:06.6,0.000607435
24:07.6,0.000606102
24:08.6,0.000621063
24:09.6,0.000643079
24:10.6,0.000649737
24:11.6,0.00066421
24:12.6,0.000672404
24:13.6,0.000665331
24:14.6,0.000652948
24:15.6,0.000656522
24:16.6,0.000652204
24:17.6,0.00066323
24:18.6,0.000668506
24:19.6,0.000684969
24:20.6,0.000680084
24:21.6,0.000649563
24:22.6,0.000627334
24:23.6,0.000622276
24:24.6,0.000622139
24:25.6,0.000637143
24:26.6,0.000636493
24:27.6,0.00062585
24:28.6,0.000626902
24:29.6,0.000624746
24:30.6,0.000631873
24:31.6,0.000637849
24:32.6,0.000625788
24:33.6,0.00062271
24:34.6,0.000631321
24:35.6,0.000642036
24:36.6,0.000619276
24:37.6,0.000615871
24:38.6,0.000636535
24:39.6,0.000622922
24:40.6,0.000620914
24:41.6,0.000643504
24:42.5,0.000632099
24:43.5,0.000621546
24:44.5,0.000618909
24:45.5,0.000598182
24:46.5,0.000577528
24:47.5,0.000589991
24:48.5,0.000613668
24:49.5,0.000626048
24:50.5,0.000624545
24:51.5,0.000614654
24:52.5,0.000612158
24:53.5,0.000626578
24:54.5,0.000637149
24:55.5,0.000635496
24:56.5,0.0006461
24:57.5,0.0006806
24:58.5,0.000686585
24:59.5,0.000676157
25:00.5,0.000676545
25:01.5,0.000660758
25:02.5,0.000656508
25:03.5,0.00065707
25:04.5,0.000662804
25:05.5,0.000654184
25:06.5,0.000658179
25:07.5,0.000642799
25:08.5,0.000625511
25:09.5,0.000601614
25:10.5,0.000613028
25:11.5,0.000642206
25:12.5,0.000634262
25:13.5,0.000628294
25:14.5,0.000622227
25:15.5,0.00062153
25:16.5,0.000603162
25:17.5,0.000591575
25:18.5,0.000606211
25:19.5,0.000602424
25:20.5,0.000590694
25:21.5,0.000597979
25:22.5,0.000598484
25:23.5,0.000574668
25:24.5,0.000540525
25:25.5,0.000557798
25:26.5,0.000575208
25:27.5,0.000582273
25:28.5,0.000572606
25:29.5,0.000607842
25:30.5,0.000634032
25:31.5,0.000635517
25:32.5,0.000642525
25:33.5,0.000652023
25:34.5,0.000653985
25:35.5,0.000652519
25:36.5,0.000651609
25:37.5,0.000651832
25:38.5,0.000639603
25:39.5,0.000620201
25:40.5,0.000613881
25:41.5,0.000613288
25:42.5,0.000628292
25:43.4,0.000645069
25:44.4,0.000634044
25:45.4,0.000650353
25:46.4,0.000655624
25:47.4,0.000651594
25:48.4,0.000650157
25:49.4,0.000657092
25:50.4,0.000678938
25:51.4,0.000664306
25:52.4,0.000637482
25:53.4,0.000636254
25:54.4,0.000650375
25:55.4,0.00066497
25:56.4,0.000642365
25:57.4,0.000630091
25:58.4,0.000626822
25:59.4,0.000625538
26:00.4,0.000617048
26:01.4,0.000614191
26:02.4,0.000632829
26:03.4,0.000644455
26:04.4,0.000662167
26:05.4,0.000649307
26:06.4,0.00065202
26:07.4,0.000632886
26:08.4,0.000616492
26:09.4,0.000589684
26:10.4,0.000574271
26:11.4,0.000580601
26:12.4,0.000579326
26:13.4,0.000583848
26:14.4,0.000589811
26:15.4,0.000595317
26:16.4,0.000592635
26:17.4,0.000595437
26:18.4,0.000601124
26:19.4,0.00058412
26:20.4,0.000577988
26:21.4,0.000573058
26:22.4,0.00058434
26:23.4,0.000589907
26:24.4,0.000585407
26:25.4,0.000593732
26:26.4,0.000594106
26:27.4,0.000569498
26:28.4,0.000569558
26:29.4,0.000603183
26:30.4,0.000622663
26:31.4,0.00062591
26:32.4,0.000613135
26:33.4,0.000639112
26:34.4,0.000658351
26:35.4,0.000644801
26:36.4,0.000625737
26:37.4,0.000604244
26:38.4,0.000598776
26:39.4,0.000625355
26:40.4,0.000638356
26:41.4,0.000607012
26:42.4,0.00057641
26:43.4,0.000564875
26:44.3,0.000572193
26:45.3,0.000572861
26:46.3,0.000584143
26:47.3,0.000586163
26:48.3,0.000600713
26:49.3,0.00062943
26:50.3,0.000645509
26:51.3,0.000655679
26:52.3,0.000644799
26:53.3,0.000636299
26:54.3,0
26:55.3,-0.000751164
26:56.3,-0.00069954
26:57.3,-0.000701703
26:58.3,-0.000676825
26:59.3,-0.000667869
27:00.3,-0.000678611
27:01.3,-0.000649835
27:02.3,-0.000646184
27:03.3,-0.000653184
27:04.3,-0.00063704
27:05.3,-0.000635718
27:06.3,-0.000627347
27:07.3,-0.000601683
27:08.3,-0.000593718
27:09.3,-0.000598969
27:10.3,-0.000632143
27:11.3,-0.000607621
27:12.3,-0.000584985
27:13.3,-0.000564699
27:14.3,-0.000582043
27:15.3,-0.000570175
27:16.3,-0.000567403
27:17.3,-0.000571146
27:18.3,-0.000576427
27:19.3,-0.000571685
27:20.3,-0.000580983
27:21.3,-0.000581175
27:22.3,-0.000582362
27:23.3,-0.000597751
27:24.3,-0.00058551
27:25.3,-0.000563177
27:26.3,-0.000558216
27:27.3,-0.000568163
27:28.3,-0.000590853
27:29.3,-0.000614972
27:30.3,-0.000604905
27:31.3,-0.000603897
27:32.3,-0.000578345
27:33.3,-0.000554282
27:34.3,-0.000565853
27:35.3,-0.000576531
27:36.3,-0.0005974
27:37.3,-0.000607058
27:38.3,-0.00061032
27:39.3,-0.000605355
27:40.3,-0.000611221
27:41.3,-0.000610146
27:42.3,-0.00060113
27:43.3,-0.000605752
27:44.3,-0.000611792
27:45.2,-0.000605386
27:46.2,-0.000615299
27:47.2,-0.000617831
27:48.2,-0.000609959
27:49.2,-0.000602207
27:50.2,-0.000608848
27:51.2,-0.000605238
27:52.2,-0.000624727
27:53.2,-0.000599907
27:54.2,-0.000573933
27:55.2,-0.000577718
27:56.2,-0.00060283
27:57.2,-0.000623338
27:58.2,-0.000647892
27:59.2,-0.000653603
28:00.2,-0.000657365
28:01.2,-0.000644741
28:02.2,-0.000638705
28:03.2,-0.000637695
28:04.2,-0.000671667
28:05.2,-0.000682379
28:06.2,-0.000682861
28:07.2,-0.00066034
28:08.2,-0.000636079
28:09.2,-0.000638872
28:10.2,-0.000643223
28:11.2,-0.000621953
28:12.2,-0.00062415
28:13.2,-0.000611029
28:14.2,-0.000584819
28:15.2,-0.000573535
28:16.2,-0.000581
28:17.2,-0.000580606
28:18.2,-0.000554673
28:19.2,-0.000546227
28:20.2,-0.000548717
28:21.2,-0.000581228
28:22.2,-0.000587962
28:23.2,-0.000571194
28:24.2,-0.000566697
28:25.2,-0.000574926
28:26.2,-0.000570661
28:27.2,-0.000567069
28:28.2,-0.000573053
28:29.2,-0.000553548
28:30.2,-0.000541106
28:31.2,-0.000541471
28:32.2,-0.000538672
28:33.2,-0.000549875
28:34.2,-0.000547437
28:35.2,-0.000566914
28:36.2,-0.00057019
28:37.2,-0.000552773
28:38.2,-0.000555655
28:39.2,-0.000547174
28:40.2,-0.000553423
28:41.2,-0.000560765
28:42.2,-0.000556588
28:43.2,-0.000526522
28:44.2,-0.000538637
28:45.2,-0.000532733
28:46.1,-0.000546455
28:47.1,-0.000549021
28:48.1,-0.000538809
28:49.1,-0.000519989
28:50.1,-0.000487235
28:51.1,-0.000466698
28:52.1,-0.000481343
28:53.1,-0.000482838
28:54.1,-0.000486068
28:55.1,-0.000468385
28:56.1,-0.000419562
28:57.1,-0.000423362
28:58.1,-0.000419843
28:59.1,-0.000428637
29:00.1,-0.000423205
29:01.1,-0.000402901
29:02.1,-0.000408507
29:03.1,-0.000419967
29:04.1,-0.000429915
29:05.1,-0.000428334
29:06.1,-0.000419725
29:07.1,-0.000435145
29:08.1,-0.000449355
29:09.1,-0.000442764
29:10.1,-0.000439577
29:11.1,-0.000441375
29:12.1,-0.00044142
29:13.1,-0.000432305
29:14.1,-0.000412429
29:15.1,-0.000417956
29:16.1,-0.000432994
29:17.1,-0.000463148
29:18.1,-0.000447394
29:19.1,-0.000435941
29:20.1,-0.000431916
29:21.1,-0.000431323
29:22.1,-0.000432613
29:23.1,-0.000430135
29:24.1,-0.000454041
29:25.1,-0.000457581
29:26.1,-0.000474472
29:27.1,-0.000494277
29:28.1,-0.00045758
29:29.1,-0.000435254
29:30.1,-0.000444119
29:31.1,-0.000474056
29:32.1,-0.00046571
29:33.1,-0.000450181
29:34.1,-0.000441736
29:35.1,-0.000451317
29:36.1,-0.000437084
29:37.1,-0.000449368
29:38.1,-0.000445185
29:39.1,-0.000459645
29:40.1,-0.000451821
29:41.1,-0.000447342
29:42.1,-0.000456033
29:43.1,-0.000457561
29:44.1,-0.000464053
29:45.1,-0.000467134
29:46.1,-0.000458855
29:47.0,-0.000458534
29:48.0,-0.000468477
29:49.0,-0.000474151
29:50.0,-0.000465143
29:51.0,-0.00046861
29:52.0,-0.000472663
29:53.0,-0.000474462
29:54.0,-0.000466085
29:55.0,-0.000466968
29:56.0,-0.000462234
29:57.0,-0.000459938
29:58.0,-0.000474223
29:59.0,-0.000451263
30:00.0,-0.00044665
30:01.0,-0.000441362
30:02.0,-0.000446473
30:03.0,-0.000441346
30:04.0,-0.000428542
30:05.0,-0.00044844
30:06.0,-0.000450659
30:07.0,-0.000467469
30:08.0,-0.000459897
30:09.0,-0.000453021
30:10.0,-0.000462261
30:11.0,-0.000465394
30:12.0,-0.000485592
30:13.0,-0.000494989
30:14.0,-0.00047186
30:15.0,-0.000472438
30:16.0,-0.000477225
30:17.0,-0.000474703
30:18.0,-0.000481221
30:19.0,-0.000476883
30:20.0,-0.000474547
30:21.0,-0.000474978
30:22.0,-0.00049887
30:23.0,-0.000501766
30:24.0,-0.000497321
30:25.0,-0.000504335
30:26.0,-0.000466043
30:27.0,-0.000472482
30:28.0,-0.000471078
30:29.0,-0.000486397
30:30.0,-0.000489194
30:31.0,-0.000509227
30:32.0,-0.000514622
30:33.0,-0.000529806
30:34.0,-0.000529262
30:35.0,-0.0005328
30:36.0,-0.000511168
30:37.0,-0.000494973
30:38.0,-0.00048079
30:39.0,-0.000467697
30:40.0,-0.000467135
30:41.0,-0.000494438
30:42.0,-0.000510352
30:43.0,-0.00051324
30:44.0,-0.000493828
30:45.0,-0.000481134
30:46.0,-0.00048894
30:47.0,-0.000488667
30:47.9,-0.000504978
30:48.9,-0.00049403
30:49.9,-0.000519188
30:50.9,-0.000540167
30:51.9,-0.000528188
30:52.9,-0.000511288
30:53.9,-0.000496953
30:54.9,-0.00049576
30:55.9,-0.000486753
30:56.9,-0.000481724
30:57.9,-0.000519202
30:58.9,-0.000519093
30:59.9,-0.000521378
31:00.9,-0.000500609
31:01.9,-0.00050208
31:02.9,-0.000496798
31:03.9,-0.000520296
31:04.9,-0.000516187
31:05.9,-0.00051906
31:06.9,-0.000519824
31:07.9,-0.000521598
31:08.9,-0.000517829
31:09.9,-0.000545323
31:10.9,-0.000563774
31:11.9,-0.000567146
31:12.9,-0.000557579
31:13.9,-0.000556421
31:14.9,-0.000563842
31:15.9,-0.000573552
31:16.9,-0.000571932
31:17.9,-0.000556227
31:18.9,-0.000543586
31:19.9,-0.000546399
31:20.9,-0.000550169
31:21.9,-0.000553892
31:22.9,-0.000573806
31:23.9,-0.000587888
31:24.9,-0.000570272
31:25.9,-0.000568201
31:26.9,-0.00056803
31:27.9,-0.000542032
31:28.9,-0.00053139
31:29.9,-0.000516111
31:30.9,-0.000510806
31:31.9,-0.000519102
31:32.9,-0.000542356
31:33.9,-0.0005375
31:34.9,-0.000525137
31:35.9,-0.000524002
31:36.9,-0.000537028
31:37.9,-0.000536081
31:38.9,-0.000524101
31:39.9,-0.000520223
31:40.9,-0.000529184
31:41.9,-0.000509714
31:42.9,-0.000515279
31:43.9,-0.00052065
31:44.9,-0.00052826
31:45.9,-0.000536398
31:46.9,-0.000546794
31:47.9,-0.000552085
31:48.9,-0.00054298
31:49.8,-0.00051171
31:50.8,-0.00053033
31:51.8,-0.000524247
31:52.8,-0.000534755
31:53.8,-0.000524703
31:54.8,-0.000524394
31:55.8,-0.000531908
31:56.8,-0.000542825
31:57.8,-0.000551602
31:58.8,-0.000544054
31:59.8,-0.000544375
32:00.8,-0.000561025
32:01.8,-0.000574407
32:02.8,-0.000577182
32:03.8,-0.000602802
32:04.8,-0.000612464
32:05.8,-0.000605803
32:06.8,-0.00061657
32:07.8,-0.000626595
32:08.8,-0.000624739
32:09.8,-0.000619306
32:10.8,-0.000625704
32:11.8,-0.000634397
32:12.8,-0.000645886
32:13.8,-0.000646912
32:14.8,-0.000658555
32:15.8,-0.000659525
32:16.8,-0.00066172
32:17.8,-0.000664776
32:18.8,-0.000655542
32:19.8,-0.000671329
32:20.8,-0.00068993
32:21.8,-0.000702272
32:22.8,-0.000708242
32:23.8,-0.000715032
32:24.8,-0.000719564
32:25.8,-0.000729516
32:26.8,-0.000729456
32:27.8,-0.000741977
32:28.8,-0.000730002
32:29.8,-0.000715156
32:30.8,-0.000725494
32:31.8,-0.000730668
32:32.8,-0.000721475
32:33.8,-0.000735098
32:34.8,-0.000743672
32:35.8,-0.000735249
32:36.8,-0.000744833
32:37.8,-0.000748503
32:38.8,-0.000747538
32:39.8,-0.00074898
32:40.8,-0.000764957
32:41.8,-0.000776217
32:42.8,-0.000780629
32:43.8,-0.000788888
32:44.8,-0.000781028
32:45.8,-0.000774517
32:46.8,-0.000778464
32:47.8,-0.000762813
32:48.8,-0.000758812
32:49.8,-0.000733776
32:50.7,-0.000727917
32:51.7,-0.000740349
32:52.7,-0.00073805
32:53.7,-0.000744722
32:54.7,-0.000741291
32:55.7,-0.000725961
32:56.7,-0.00071861
32:57.7,-0.00071845
32:58.7,-0.000721557
32:59.7,-0.000723326
33:00.7,-0.000732476
33:01.7,-0.000712083
33:02.7,-0.000710072
33:03.7,-0.000711874
33:04.7,-0.000718852
33:05.7,-0.000726343
33:06.7,-0.000721785
33:07.7,-0.000714561
33:08.7,-0.000708911
33:09.7,-0.000673799
33:10.7,-0.0006864
33:11.7,-0.000705747
33:12.7,-0.000694793
33:13.7,-0.000689135
33:14.7,-0.000670732
33:15.7,-0.000670642
33:16.7,-0.000649876
33:17.7,-0.000654402
33:18.7,-0.000661836
33:19.7,-0.000657508
33:20.7,-0.000655286
33:21.7,-0.000640088
33:22.7,-0.00067246
33:23.7,-0.000676138
33:24.7,-0.000697394
33:25.7,-0.000692707
33:26.7,-0.000686756
33:27.7,-0.000679507
33:28.7,-0.000671932
33:29.7,-0.000666973
33:30.7,-0.000682015
33:31.7,-0.000686922
33:32.7,-0.000691013
33:33.7,-0.00069633
33:34.7,-0.0006962
33:35.7,-0.000696772
33:36.7,-0.000695576
33:37.7,-0.000701598
33:38.7,-0.00067963
33:39.7,-0.000673813
33:40.7,-0.000672942
33:41.7,-0.000710472
33:42.7,-0.000711868
33:43.7,-0.000718321
33:44.7,-0.000725379
33:45.7,-0.000712717
33:46.7,-0.000720539
33:47.7,-0.000722786
33:48.7,-0.000728977
33:49.7,-0.000728847
33:50.7,-0.000733072
33:51.6,-0.000725717
33:52.6,-0.000722815
33:53.6,-0.000717842
33:54.6,-0.000726861
33:55.6,-0.000726624
33:56.6,-0.000719742
33:57.6,-0.00072102
33:58.6,-0.000718047
33:59.6,-0.000724253
34:00.6,-0.000711482
34:01.6,-0.000703233
34:02.6,-0.000710796
34:03.6,-0.000716397
34:04.6,-0.000725115
34:05.6,-0.000737987
34:06.6,-0.000742155
34:07.6,-0.0007429
34:08.6,-0.0007129
34:09.6,-0.000693718
34:10.6,-0.000690781
34:11.6,-0.000704466
34:12.6,-0.000704001
34:13.6,-0.000716137
34:14.6,-0.000712574
34:15.6,-0.000707107
34:16.6,-0.000705213
34:17.6,-0.000707254
34:18.6,-0.000686668
34:19.6,-0.000676094
34:20.6,-0.000683526
34:21.6,-0.000685591
34:22.6,-0.000673486
34:23.6,-0.000646085
34:24.6,-0.000630739
34:25.6,-0.000583776
34:26.6,-0.000549735
34:27.6,-0.000537231
34:28.6,-0.000543094
34:29.6,-0.000507438
34:30.6,-0.000514004
34:31.6,-0.000512701
34:32.6,-0.000490296
34:33.6,-0.000476346
34:34.6,-0.000470519
34:35.6,-0.000477339
34:36.6,-0.000489254
34:37.6,-0.00049659
34:38.6,-0.000512298
34:39.6,-0.00050286
34:40.6,-0.000515576
34:41.6,-0.000524293
34:42.6,-0.000507011
34:43.6,-0.000498905
34:44.6,-0.000492308
34:45.6,-0.000522615
34:46.6,-0.000528019
34:47.6,-0.000548277
34:48.6,-0.000545071
34:49.6,-0.000499249
34:50.6,-0.000499257
34:51.6,-0.000509767
34:52.5,-0.000521094
34:53.5,-0.000510963
34:54.5,-0.000494574
34:55.5,-0.000487072
34:56.5,-0.000494415
34:57.5,-0.00050584
34:58.5,-0.000520207
34:59.5,-0.000525042
35:00.5,-0.00054278
35:01.5,-0.000528785
35:02.5,-0.000534595
35:03.5,-0.000540093
35:04.5,-0.000553936
35:05.5,-0.000575363
35:06.5,-0.00055991
35:07.5,-0.000541135
35:08.5,-0.000516939
35:09.5,-0.000512113
35:10.5,-0.000519995
35:11.5,-0.000511928
35:12.5,-0.000496314
35:13.5,-0.000490911
35:14.5,-0.000501182
35:15.5,-0.000499673
35:16.5,-0.000506867
35:17.5,-0.000500116
35:18.5,-0.000496098
35:19.5,-0.000480328
35:20.5,-0.000461974
35:21.5,-0.000468592
35:22.5,-0.000492834
35:23.5,-0.00050386
35:24.5,-0.000513887
35:25.5,-0.000503312
35:26.5,-0.000496689
35:27.5,-0.000493068
35:28.5,-0.000490883
35:29.5,-0.000531019
35:30.5,-0.000532531
35:31.5,-0.000506804
35:32.5,-0.000528373
35:33.5,-0.000566804
35:34.5,-0.000584811
35:35.5,-0.00055213
35:36.5,-0.000541276
35:37.5,-0.00052993
35:38.5,-0.000550231
35:39.5,-0.000547625
35:40.5,-0.000514097
35:41.5,-0.000508958
35:42.5,-0.00050479
35:43.5,-0.000506686
35:44.5,-0.000507535
35:45.5,-0.000507093
35:46.5,-0.000479194
35:47.5,-0.000496798
35:48.5,-0.000464554
35:49.5,-0.000443447
35:50.5,-0.000437136
35:51.5,-0.000431892
35:52.5,-0.000430689
35:53.4,-0.00043971
35:54.4,-0.00044409
35:55.4,-0.000443949
35:56.4,-0.000437844
35:57.4,-0.000426135
35:58.4,-0.000373918
35:59.4,-0.000368729
36:00.4,-0.000369
36:01.4,-0.000368044
36:02.4,-0.000363523
36:03.4,-0.000370877
36:04.4,-0.000382007
36:05.4,-0.000379697
36:06.4,-0.000411048
36:07.4,-0.000439654
36:08.4,-0.000426183
36:09.4,-0.000460386
36:10.4,-0.000518584
36:11.4,-0.000523593
36:12.4,-0.00052489
36:13.4,-0.000580542
36:14.4,-0.00059874
36:15.4,-0.000593437
36:16.4,-0.000565091
36:17.4,-0.000567432
36:18.4,-0.000592859
36:19.4,-0.000581443
36:20.4,-0.000568464
36:21.4,-0.000560173
36:22.4,-0.000591569
36:23.4,-0.000591875
36:24.4,-0.000603114
36:25.4,-0.000607232
36:26.4,-0.000608353
36:27.4,-0.000616295
36:28.4,-0.000608348
36:29.4,-0.000597635
36:30.4,-0.000581019
36:31.4,-0.000567155
36:32.4,-0.000557447
36:33.4,-0.000569531
36:34.4,-0.000567028
36:35.4,-0.000539585
36:36.4,-0.000555313
36:37.4,-0.000585585
36:38.4,-0.000596409
36:39.4,-0.000641964
36:40.4,-0.000659549
36:41.4,-0.000634625
36:42.4,-0.0006361
36:43.4,-0.000649564
36:44.4,-0.000656093
36:45.4,-0.000638011
36:46.4,-0.000624433
36:47.4,-0.000624119
36:48.4,-0.000658007
36:49.4,-0.000679083
36:50.4,-0.000710387
36:51.4,-0.000721921
36:52.4,-0.000726251
36:53.4,-0.000714918
36:54.3,0
36:55.3,-5.86E-05
36:56.3,-4.96E-05
36:57.3,-5.81E-05
36:58.3,-4.25E-05
36:59.3,-5.95E-05
37:00.3,-7.03E-05
37:01.3,-5.57E-05
37:02.3,-7.35E-05
37:03.3,-8.51E-05
37:04.3,-7.57E-05
37:05.3,-5.55E-05
37:06.3,-4.71E-05
37:07.3,-5.35E-05
37:08.3,-7.00E-05
37:09.3,-8.29E-05
37:10.3,-8.96E-05
37:11.3,-8.14E-05
37:12.3,-7.91E-05
37:13.3,-6.80E-05
37:14.3,-9.88E-05
37:15.3,-0.000110191
37:16.3,-0.000116738
37:17.3,-0.000112926
37:18.3,-0.00010754
37:19.3,-0.000104287
37:20.3,-0.000116218
37:21.3,-0.00011199
37:22.3,-0.000104937
37:23.3,-0.000113885
37:24.3,-0.000113071
37:25.3,-0.000116254
37:26.3,-0.000102807
37:27.3,-0.000118317
37:28.3,-0.00011491
37:29.3,-0.000113072
37:30.3,-0.000109701
37:31.3,-0.000119177
37:32.3,-0.000145024
37:33.3,-0.000182054
37:34.3,-0.000174794
37:35.3,-0.000166189
37:36.3,-0.000172042
37:37.3,-0.00017678
37:38.3,-0.000190919
37:39.3,-0.000183169
37:40.3,-0.000175389
37:41.3,-0.000220426
37:42.3,-0.000237647
37:43.3,-0.000256599
37:44.3,-0.000225274
37:45.3,-0.000233067
37:46.3,-0.000230833
37:47.3,-0.000233894
37:48.3,-0.000214072
37:49.3,-0.000229252
37:50.3,-0.000229098
37:51.3,-0.000251353
37:52.3,-0.000191835
37:53.3,-0.000168738
37:54.3,-0.00016534
37:55.2,-0.000154031
37:56.2,-0.000158633
37:57.2,-0.000154961
37:58.2,-0.000155996
37:59.2,-0.000193665
38:00.2,-0.000205075
38:01.2,-0.00020234
38:02.2,-0.000219063
38:03.2,-0.00021113
38:04.2,-0.0002009
38:05.2,-0.000188862
38:06.2,-0.000197759
38:07.2,-0.000189374
38:08.2,-0.0001683
38:09.2,-0.00017054
38:10.2,-0.000169134
38:11.2,-0.000166936
38:12.2,-0.000153626
38:13.2,-0.000159533
38:14.2,-0.000159912
38:15.2,-0.000148151
38:16.2,-0.000149676
38:17.2,-0.000150753
38:18.2,-0.000139575
38:19.2,-0.000143364
38:20.2,-0.00012685
38:21.2,-0.000137891
38:22.2,-0.000150954
38:23.2,-0.000140657
38:24.2,-0.000149778
38:25.2,-0.000157845
38:26.2,-0.000150789
38:27.2,-0.000146323
38:28.2,-0.000130934
38:29.2,-0.000117485
38:30.2,-0.000116089
38:31.2,-0.00012077
38:32.2,-0.000136085
38:33.2,-0.000116959
38:34.2,-0.000139068
38:35.2,-0.000138986
38:36.2,-0.000142465
38:37.2,-0.000148949
38:38.2,-0.000138386
38:39.2,-0.000152737
38:40.2,-0.000155382
38:41.2,-0.000176521
38:42.2,-0.000195315
38:43.2,-0.000180106
38:44.2,-0.000178451
38:45.2,-0.000239078
38:46.2,-0.000255292
38:47.2,-0.000242964
38:48.2,-0.000250446
38:49.2,-0.000252503
38:50.2,-0.000244282
38:51.2,-0.000245328
38:52.2,-0.000245019
38:53.2,-0.000259723
38:54.2,-0.000259891
38:55.2,-0.000222692
38:56.1,-0.000217109
38:57.1,-0.000225388
38:58.1,-0.000223644
38:59.1,-0.00020817
39:00.1,-0.000210039
39:01.1,-0.000231144
39:02.1,-0.000218973
39:03.1,-0.000226625
39:04.1,-0.00020686
39:05.1,-0.000215009
39:06.1,-0.000205633
39:07.1,-0.000198669
39:08.1,-0.000212971
39:09.1,-0.000225749
39:10.1,-0.000219945
39:11.1,-0.00021245
39:12.1,-0.000187305
39:13.1,-0.000183864
39:14.1,-0.000213441
39:15.1,-0.000205429
39:16.1,-0.000200744
39:17.1,-0.000195909
39:18.1,-0.000167235
39:19.1,-0.000161077
39:20.1,-0.000164051
39:21.1,-0.000161406
39:22.1,-0.000161936
39:23.1,-0.000149769
39:24.1,-0.000165298
39:25.1,-0.000158663
39:26.1,-0.000155775
39:27.1,-0.000177746
39:28.1,-0.000185207
39:29.1,-0.00016576
39:30.1,-0.000176851
39:31.1,-0.00016892
39:32.1,-0.000175742
39:33.1,-0.000175785
39:34.1,-0.000174125
39:35.1,-0.000185653
39:36.1,-0.00019788
39:37.1,-0.000278368
39:38.1,-0.000281077
39:39.1,-0.00025569
39:40.1,-0.000247913
39:41.1,-0.000254946
39:42.1,-0.000257475
39:43.1,-0.000225677
39:44.1,-0.000232453
39:45.1,-0.000209219
39:46.1,-0.000228185
39:47.1,-0.000238884
39:48.1,-0.000234797
39:49.1,-0.000241583
39:50.1,-0.000242062
39:51.1,-0.000239104
39:52.1,-0.000247357
39:53.1,-0.000258647
39:54.1,-0.000247694
39:55.1,-0.000249806
39:56.1,-0.000183613
39:57.1,-0.000191138
39:58.0,-0.000185536
39:59.0,-0.000205808
40:00.0,-0.000199587
40:01.0,-0.000204456
40:02.0,-0.000206589
40:03.0,-0.000209795
40:04.0,-0.000189085
40:05.0,-0.000204684
40:06.0,-0.000192806
40:07.0,-0.000197078
40:08.0,-0.000283857
40:09.0,-0.000309329
40:10.0,-0.000308088
40:11.0,-0.000311816
40:12.0,-0.000308459
40:13.0,-0.000299676
40:14.0,-0.000295709
40:15.0,-0.000293086
40:16.0,-0.000328066
40:17.0,-0.000357072
40:18.0,-0.000337826
40:19.0,-0.000336739
40:20.0,-0.000344546
40:21.0,-0.000374407
40:22.0,-0.000365468
40:23.0,-0.000365851
40:24.0,-0.000366973
40:25.0,-0.000343246
40:26.0,-0.000334339
40:27.0,-0.000359228
40:28.0,-0.000372357
40:29.0,-0.000350803
40:30.0,-0.000378507
40:31.0,-0.000397337
40:32.0,-0.000390158
40:33.0,-0.000369828
40:34.0,-0.000361191
40:35.0,-0.000368772
40:36.0,-0.000385942
40:37.0,-0.000387308
40:38.0,-0.000407682
40:39.0,-0.000427344
40:40.0,-0.000429967
40:41.0,-0.000440361
40:42.0,-0.000434618
40:43.0,-0.000418306
40:44.0,-0.000444321
40:45.0,-0.000460218
40:46.0,-0.000449056
40:47.0,-0.000464731
40:48.0,-0.000452862
40:49.0,-0.000465656
40:50.0,-0.000468607
40:51.0,-0.000481361
40:52.0,-0.000483461
40:53.0,-0.000490613
40:54.0,-0.000482851
40:55.0,-0.000467848
40:56.0,-0.000498338
40:57.0,-0.000546681
40:58.0,-0.000545264
40:58.9,-0.000527322
40:59.9,-0.000516495
41:00.9,-0.000528758
41:01.9,-0.000545045
41:02.9,-0.000544115
41:03.9,-0.000547134
41:04.9,-0.000565854
41:05.9,-0.000554402
41:06.9,-0.000557412
41:07.9,-0.000563308
41:08.9,-0.000551512
41:09.9,-0.000544162
41:10.9,-0.000569636
41:11.9,-0.000604451
41:12.9,-0.000647083
41:13.9,-0.000638343
41:14.9,-0.000686174
41:15.9,-0.000691286
41:16.9,-0.000697017
41:17.9,-0.000689904
41:18.9,-0.000678575
41:19.9,-0.00069169
41:20.9,-0.000683588
41:21.9,-0.000680159
41:22.9,-0.000683105
41:23.9,-0.000670563
41:24.9,-0.000676928
41:25.9,-0.00070174
41:26.9,-0.000678929
41:27.9,-0.00067383
41:28.9,-0.000675925
41:29.9,-0.000656445
41:30.9,-0.000656215
41:31.9,-0.00064994
41:32.9,-0.000654821
41:33.9,-0.000670357
41:34.9,-0.000685234
41:35.9,-0.000690384
41:36.9,-0.000680064
41:37.9,-0.000683607
41:38.9,-0.000666206
41:39.9,-0.000669592
41:40.9,-0.000653348
41:41.9,-0.00063764
41:42.9,-0.00063543
41:43.9,-0.000661509
41:44.9,-0.000671903
41:45.9,-0.000655847
41:46.9,-0.00064183
41:47.9,-0.00063845
41:48.9,-0.000660087
41:49.9,-0.000667889
41:50.9,-0.000644254
41:51.9,-0.000634812
41:52.9,-0.000631056
41:53.9,-0.0006382
41:54.9,-0.000655991
41:55.9,-0.000660241
41:56.9,-0.000655768
41:57.9,-0.000660183
41:58.9,-0.000656518
41:59.8,-0.000652325
42:00.8,-0.000646642
42:01.8,-0.000636623
42:02.8,-0.000639833
42:03.8,-0.000673753
42:04.8,-0.000663346
42:05.8,-0.000686337
42:06.8,-0.000732425
42:07.8,-0.00075599
42:08.8,-0.000747448
42:09.8,-0.000743731
42:10.8,-0.000745698
42:11.8,-0.000704164
42:12.8,-0.000675611
42:13.8,-0.000695406
42:14.8,-0.000686648
42:15.8,-0.000692434
42:16.8,-0.00069533
42:17.8,-0.000680697
42:18.8,-0.000690276
42:19.8,-0.000697365
42:20.8,-0.000699566
42:21.8,-0.000709155
42:22.8,-0.000703808
42:23.8,-0.000682983
42:24.8,-0.00067495
42:25.8,-0.000686277
42:26.8,-0.000681705
42:27.8,-0.000690112
42:28.8,-0.000699897
42:29.8,-0.000641892
42:30.8,-0.000635143
42:31.8,-0.000637378
42:32.8,-0.000647809
42:33.8,-0.000639324
42:34.8,-0.00065088
42:35.8,-0.000669017
42:36.8,-0.000683168
42:37.8,-0.000667038
42:38.8,-0.000659443
42:39.8,-0.000675635
42:40.8,-0.000657366
42:41.8,-0.000620411
42:42.8,-0.000625325
42:43.8,-0.000663342
42:44.8,-0.000689801
42:45.8,-0.000682996
42:46.8,-0.000691118
42:47.8,-0.000674044
42:48.8,-0.000678896
42:49.8,-0.000639268
42:50.8,-0.000620665
42:51.8,-0.000612846
42:52.8,-0.000609995
42:53.8,-0.000624271
42:54.8,-0.000587025
42:55.8,-0.00057639
42:56.8,-0.000572494
42:57.8,-0.000589076
42:58.8,-0.000572853
42:59.8,-0.000544866
43:00.7,-0.000556966
43:01.7,-0.000549345
43:02.7,-0.000561798
43:03.7,-0.000553904
43:04.7,-0.000533927
43:05.7,-0.000543876
43:06.7,-0.000557168
43:07.7,-0.000582957
43:08.7,-0.000599515
43:09.7,-0.000615566
43:10.7,-0.000578204
43:11.7,-0.000562261
43:12.7,-0.000565282
43:13.7,-0.000554392
43:14.7,-0.000549693
43:15.7,-0.000540711
43:16.7,-0.000508322
43:17.7,-0.000521289
43:18.7,-0.000532814
43:19.7,-0.000509085
43:20.7,-0.00050104
43:21.7,-0.000516862
43:22.7,-0.00051097
43:23.7,-0.000464827
43:24.7,-0.000486775
43:25.7,-0.000489084
43:26.7,-0.000448089
43:27.7,-0.000452159
43:28.7,-0.000451789
43:29.7,-0.000445951
43:30.7,-0.000426292
43:31.7,-0.000429409
43:32.7,-0.000438187
43:33.7,-0.000433249
43:34.7,-0.000450776
43:35.7,-0.000443152
43:36.7,-0.000452481
43:37.7,-0.000460245
43:38.7,-0.00045272
43:39.7,-0.00046197
43:40.7,-0.000455444
43:41.7,-0.00044921
43:42.7,-0.000446822
43:43.7,-0.000458244
43:44.7,-0.000458843
43:45.7,-0.000446375
43:46.7,-0.000462689
43:47.7,-0.000459065
43:48.7,-0.000460586
43:49.7,-0.000458071
43:50.7,-0.000459393
43:51.7,-0.000440405
43:52.7,-0.00042966
43:53.7,-0.000450196
43:54.7,-0.000432608
43:55.7,-0.000411774
43:56.7,-0.000410919
43:57.7,-0.000376129
43:58.7,-0.000371189
43:59.7,-0.000388513
44:00.7,-0.000359782
44:01.6,-0.000345437
44:02.6,-0.00033218
44:03.6,-0.000306345
44:04.6,-0.000306457
44:05.6,-0.000295466
44:06.6,-0.000306255
44:07.6,-0.000322198
44:08.6,-0.000332838
44:09.6,-0.000320307
44:10.6,-0.000313173
44:11.6,-0.000305273
44:12.6,-0.000313815
44:13.6,-0.000318793
44:14.6,-0.000324715
44:15.6,-0.000334135
44:16.6,-0.000376861
44:17.6,-0.000376957
44:18.6,-0.00040385
44:19.6,-0.000390553
44:20.6,-0.000365507
44:21.6,-0.000372939
44:22.6,-0.000366252
44:23.6,-0.000359521
44:24.6,-0.000371173
44:25.6,-0.000374445
44:26.6,-0.000380887
44:27.6,-0.000413869
44:28.6,-0.000416063
44:29.6,-0.000415601
44:30.6,-0.000412433
44:31.6,-0.000424064
44:32.6,-0.000423581
44:33.6,-0.000417833
44:34.6,-0.000441001
44:35.6,-0.000455623
44:36.6,-0.000444418
44:37.6,-0.000475176
44:38.6,-0.000491544
44:39.6,-0.000491225
44:40.6,-0.000485091
44:41.6,-0.000462771
44:42.6,-0.000477623
44:43.6,-0.00046812
44:44.6,-0.000469102
44:45.6,-0.000439856
44:46.6,-0.000445284
44:47.6,-0.000451014
44:48.6,-0.000466208
44:49.6,-0.000450508
44:50.6,-0.000452299
44:51.6,-0.000383945
44:52.6,-0.000381075
44:53.6,-0.000372896
44:54.6,-0.000395613
44:55.6,-0.000377448
44:56.6,-0.000368475
44:57.6,-0.000341837
44:58.6,-0.000316824
44:59.6,-0.000297495
45:00.6,-0.000293431
45:01.6,-0.000292389
45:02.5,-0.000291699
45:03.5,-0.000301559
45:04.5,-0.000269747
45:05.5,-0.000249745
45:06.5,-0.000254854
45:07.5,-0.000260848
45:08.5,-0.000217503
45:09.5,-0.000202542
45:10.5,-0.000168415
45:11.5,-0.000170651
45:12.5,-0.000167629
45:13.5,-0.000160369
45:14.5,-0.000177785
45:15.5,-0.000169056
45:16.5,-0.000183392
45:17.5,-0.000211621
45:18.5,-0.00019763
45:19.5,-0.000207525
45:20.5,-0.000231426
45:21.5,-0.000224753
45:22.5,-0.000219203
45:23.5,-0.000212321
45:24.5,-0.000213423
45:25.5,-0.000218363
45:26.5,-0.000212163
45:27.5,-0.00022476
45:28.5,-0.000213827
45:29.5,-0.000226949
45:30.5,-0.000244241
45:31.5,-0.000252267
45:32.5,-0.000244835
45:33.5,-0.000217957
45:34.5,-0.000234873
45:35.5,-0.000258378
45:36.5,-0.000286005
45:37.5,-0.000289569
45:38.5,-0.000283102
45:39.5,-0.000263515
45:40.5,-0.000274976
45:41.5,-0.000267415
45:42.5,-0.000284615
45:43.5,-0.000250005
45:44.5,-0.000251455
45:45.5,-0.000255864
45:46.5,-0.000220075
45:47.5,-0.000198426
45:48.5,-0.000237945
45:49.5,-0.000255508
45:50.5,-0.000272683
45:51.5,-0.000255176
45:52.5,-0.000244901
45:53.5,-0.00023888
45:54.5,-0.000230921
45:55.5,-0.000235474
45:56.5,-0.000239477
45:57.5,-0.000237087
45:58.5,-0.000241435
45:59.5,-0.0002499
46:00.5,-0.000255936
46:01.5,-0.000255912
46:02.5,-0.000266544
46:03.4,-0.00029605
46:04.4,-0.000289665
46:05.4,-0.000291082
46:06.4,-0.000283499
46:07.4,-0.000296174
46:08.4,-0.000318625
46:09.4,-0.000306222
46:10.4,-0.000285598
46:11.4,-0.00027793
46:12.4,-0.000286408
46:13.4,-0.000315919
46:14.4,-0.000312045
46:15.4,-0.000304915
46:16.4,-0.000316674
46:17.4,-0.000326213
46:18.4,-0.000344267
46:19.4,-0.000333694
46:20.4,-0.000308052
46:21.4,-0.000311598
46:22.4,-0.000307904
46:23.4,-0.000286091
46:24.4,-0.000292724
46:25.4,-0.00029047
46:26.4,-0.000263243
46:27.4,-0.000272128
46:28.4,-0.000288335
46:29.4,-0.000268201
46:30.4,-0.000233498
46:31.4,-0.000243153
46:32.4,-0.000240552
46:33.4,-0.0002497
46:34.4,-0.000258519
46:35.4,-0.00024497
46:36.4,-0.000236643
46:37.4,-0.000226553
46:38.4,-0.000222079
46:39.4,-0.000231757
46:40.4,-0.00021
46:41.4,-0.000126946
46:42.4,-0.000119205
46:43.4,-0.00013404
46:44.4,-0.000180504
46:45.4,-0.000182724
46:46.4,-0.000182725
46:47.4,-0.000193962
46:48.4,-0.000202155
46:49.4,-0.000198399
46:50.4,-0.000182622
46:51.4,-0.000179652
46:52.4,-0.000181091
46:53.4,-0.000190821
46:54.4,0
46:55.4,-0.001195877
46:56.4,-0.001085461
46:57.4,-0.001092161
46:58.4,-0.001084357
46:59.4,-0.001101021
47:00.4,-0.001113342
47:01.4,-0.001112405
47:02.4,-0.001123505
47:03.4,-0.001107721
47:04.3,-0.001097849
47:05.3,-0.001103307
47:06.3,-0.001093802
47:07.3,-0.001099121
47:08.3,-0.001093854
47:09.3,-0.001115729
47:10.3,-0.001110878
47:11.3,-0.001112386
47:12.3,-0.001119701
47:13.3,-0.00109919
47:14.3,-0.001097139
47:15.3,-0.00110065
47:16.3,-0.001117054
47:17.3,-0.001131644
47:18.3,-0.001136563
47:19.3,-0.001127611
47:20.3,-0.001106687
47:21.3,-0.001099347
47:22.3,-0.001111285
47:23.3,-0.001124518
47:24.3,-0.001118546
47:25.3,-0.001119188
47:26.3,-0.001111977
47:27.3,-0.001119427
47:28.3,-0.001119921
47:29.3,-0.001123364
47:30.3,-0.001127803
47:31.3,-0.001121214
47:32.3,-0.001137077
47:33.3,-0.001141434
47:34.3,-0.001128463
47:35.3,-0.001111608
47:36.3,-0.001118349
47:37.3,-0.001124365
47:38.3,-0.001133957
47:39.3,-0.001138425
47:40.3,-0.001132952
47:41.3,-0.00112687
47:42.3,-0.001128461
47:43.3,-0.00111041
47:44.3,-0.001121403
47:45.3,-0.001127709
47:46.3,-0.001121453
47:47.3,-0.001113834
47:48.3,-0.001125902
47:49.3,-0.001134206
47:50.3,-0.001128144
47:51.3,-0.001112442
47:52.3,-0.001113075
47:53.3,-0.001137362
47:54.3,-0.001131058
47:55.3,-0.001128383
47:56.3,-0.001129849
47:57.3,-0.001140408
47:58.3,-0.001129235
47:59.3,-0.001124112
48:00.3,-0.001119556
48:01.3,-0.001118395
48:02.3,-0.001113276
48:03.3,-0.001112902
48:04.3,-0.001129537
48:05.2,-0.001127567
48:06.2,-0.001118447
48:07.2,-0.001145389
48:08.2,-0.00114881
48:09.2,-0.001135684
48:10.2,-0.001125194
48:11.2,-0.001112461
48:12.2,-0.00108608
48:13.2,-0.00111501
48:14.2,-0.001126473
48:15.2,-0.001093027
48:16.2,-0.001097817
48:17.2,-0.00111074
48:18.2,-0.00110474
48:19.2,-0.001113683
48:20.2,-0.001126017
48:21.2,-0.001140878
48:22.2,-0.001185092
48:23.2,-0.001159738
48:24.2,-0.001135965
48:25.2,-0.001118391
48:26.2,-0.001124076
48:27.2,-0.001133498
48:28.2,-0.001142148
48:29.2,-0.001125374
48:30.2,-0.001121896
48:31.2,-0.001128369
48:32.2,-0.001123589
48:33.2,-0.001120263
48:34.2,-0.001084245
48:35.2,-0.001051417
48:36.2,-0.001062126
48:37.2,-0.001071914
48:38.2,-0.001070386
48:39.2,-0.001078478
48:40.2,-0.001091777
48:41.2,-0.001095229
48:42.2,-0.001082897
48:43.2,-0.001079277
48:44.2,-0.001084373
48:45.2,-0.00108983
48:46.2,-0.001104721
48:47.2,-0.001099194
48:48.2,-0.001078634
48:49.2,-0.001076204
48:50.2,-0.001076872
48:51.2,-0.001080911
48:52.2,-0.00110878
48:53.2,-0.001096789
48:54.2,-0.001088354
48:55.2,-0.001112769
48:56.2,-0.001087487
48:57.2,-0.001093749
48:58.2,-0.001100295
48:59.2,-0.001099545
49:00.2,-0.001081183
49:01.2,-0.001089411
49:02.2,-0.001082361
49:03.2,-0.001077619
49:04.2,-0.001088845
49:05.2,-0.001079132
49:06.2,-0.001059984
49:07.1,-0.001051424
49:08.1,-0.001098681
49:09.1,-0.001122806
49:10.1,-0.001135618
49:11.1,-0.001087379
49:12.1,-0.001070109
49:13.1,-0.00111188
49:14.1,-0.001124547
49:15.1,-0.001137905
49:16.1,-0.001139574
49:17.1,-0.001142775
49:18.1,-0.00111858
49:19.1,-0.001107423
49:20.1,-0.001111075
49:21.1,-0.001103707
49:22.1,-0.001086891
49:23.1,-0.001111487
49:24.1,-0.001119311
49:25.1,-0.001121552
49:26.1,-0.001124563
49:27.1,-0.00112316
49:28.1,-0.001128012
49:29.1,-0.0011167
49:30.1,-0.001106246
49:31.1,-0.001134306
49:32.1,-0.001120215
49:33.1,-0.001103921
49:34.1,-0.001114063
49:35.1,-0.001133492
49:36.1,-0.001149866
49:37.1,-0.001142948
49:38.1,-0.00113396
49:39.1,-0.00111147
49:40.1,-0.001091578
49:41.1,-0.001087417
49:42.1,-0.001105343
49:43.1,-0.001114763
49:44.1,-0.001120473
49:45.1,-0.001113857
49:46.1,-0.001095836
49:47.1,-0.001118052
49:48.1,-0.001147275
49:49.1,-0.001142143
49:50.1,-0.00112708
49:51.1,-0.001113764
49:52.1,-0.001105705
49:53.1,-0.001096303
49:54.1,-0.00111643
49:55.1,-0.001101071
49:56.1,-0.001111832
49:57.1,-0.001092005
49:58.1,-0.001100439
49:59.1,-0.001096965
50:00.1,-0.001136894
50:01.1,-0.001148107
50:02.1,-0.001152365
50:03.1,-0.001153619
50:04.1,-0.001141636
50:05.1,-0.001156804
50:06.1,-0.001138824
50:07.1,-0.001119593
50:08.0,-0.001110874
50:09.0,-0.001127391
50:10.0,-0.001095325
50:11.0,-0.001105257
50:12.0,-0.00112712
50:13.0,-0.001114983
50:14.0,-0.001113543
50:15.0,-0.001134554
50:16.0,-0.001136061
50:17.0,-0.001128349
50:18.0,-0.001120653
50:19.0,-0.001095501
50:20.0,-0.001102019
50:21.0,-0.001126198
50:22.0,-0.001153339
50:23.0,-0.001124143
50:24.0,-0.001112462
50:25.0,-0.001119055
50:26.0,-0.001089569
50:27.0,-0.001069796
50:28.0,-0.001072836
50:29.0,-0.001124481
50:30.0,-0.001148562
50:31.0,-0.00114509
50:32.0,-0.00117106
50:33.0,-0.001157108
50:34.0,-0.001134927
50:35.0,-0.001137203
50:36.0,-0.001103353
50:37.0,-0.00108949
50:38.0,-0.001071131
50:39.0,-0.001095184
50:40.0,-0.001115659
50:41.0,-0.001146045
50:42.0,-0.00114219
50:43.0,-0.001122154
50:44.0,-0.001130437
50:45.0,-0.00117213
50:46.0,-0.00114944
50:47.0,-0.001107278
50:48.0,-0.001123804
50:49.0,-0.001120161
50:50.0,-0.001078435
50:51.0,-0.001090031
50:52.0,-0.001075969
50:53.0,-0.001100824
50:54.0,-0.001124827
50:55.0,-0.001109351
50:56.0,-0.001127275
50:57.0,-0.001133467
50:58.0,-0.001123253
50:59.0,-0.001147901
51:00.0,-0.001168879
51:01.0,-0.001153886
51:02.0,-0.001166101
51:03.0,-0.001169157
51:04.0,-0.001155951
51:05.0,-0.001171726
51:06.0,-0.001146985
51:07.0,-0.001110831
51:08.0,-0.001123549
51:08.9,-0.001150215
51:09.9,-0.001132048
51:10.9,-0.001124555
51:11.9,-0.001155199
51:12.9,-0.001166723
51:13.9,-0.001148765
51:14.9,-0.001134288
51:15.9,-0.001173345
51:16.9,-0.001173539
51:17.9,-0.00115566
51:18.9,-0.001153607
51:19.9,-0.001159017
51:20.9,-0.001199874
51:21.9,-0.001211878
51:22.9,-0.001190935
51:23.9,-0.001214076
51:24.9,-0.00121913
51:25.9,-0.001202103
51:26.9,-0.001224138
51:27.9,-0.001224655
51:28.9,-0.001246567
51:29.9,-0.001271713
51:30.9,-0.001256106
51:31.9,-0.00120219
51:32.9,-0.001193889
51:33.9,-0.001233846
51:34.9,-0.001242669
51:35.9,-0.001239195
51:36.9,-0.001247079
51:37.9,-0.001242512
51:38.9,-0.001234062
51:39.9,-0.001223203
51:40.9,-0.001224159
51:41.9,-0.001206452
51:42.9,-0.00119184
51:43.9,-0.001225789
51:44.9,-0.001268388
51:45.9,-0.001275272
51:46.9,-0.001269293
51:47.9,-0.001248246
51:48.9,-0.001213517
51:49.9,-0.001204188
51:50.9,-0.001200412
51:51.9,-0.001182137
51:52.9,-0.001190691
51:53.9,-0.001218951
51:54.9,-0.001249467
51:55.9,-0.001246186
51:56.9,-0.001236127
51:57.9,-0.001210627
51:58.9,-0.001226776
51:59.9,-0.001234521
52:00.9,-0.00124506
52:01.9,-0.001238004
52:02.9,-0.001235916
52:03.9,-0.001228087
52:04.9,-0.001233809
52:05.9,-0.00119884
52:06.9,-0.001215658
52:07.9,-0.001237505
52:08.9,-0.001244874
52:09.8,-0.001259936
52:10.8,-0.001249391
52:11.8,-0.001243942
52:12.8,-0.001227982
52:13.8,-0.001238214
52:14.8,-0.001232406
52:15.8,-0.001247356
52:16.8,-0.001236374
52:17.8,-0.001252091
52:18.8,-0.001231252
52:19.8,-0.00122129
52:20.8,-0.001229332
52:21.8,-0.001223119
52:22.8,-0.001232781
52:23.8,-0.001230665
52:24.8,-0.00123406
52:25.8,-0.001225524
52:26.8,-0.00121896
52:27.8,-0.00121207
52:28.8,-0.00121102
52:29.8,-0.001248166
52:30.8,-0.001251429
52:31.8,-0.001259696
52:32.8,-0.001247644
52:33.8,-0.001235749
52:34.8,-0.001235596
52:35.8,-0.001209613
52:36.8,-0.001206243
52:37.8,-0.001230515
52:38.8,-0.001241344
52:39.8,-0.001249101
52:40.8,-0.001239569
52:41.8,-0.001226786
52:42.8,-0.001261987
52:43.8,-0.001244869
52:44.8,-0.001222035
52:45.8,-0.001231586
52:46.8,-0.001212248
52:47.8,-0.001189993
52:48.8,-0.0012214
52:49.8,-0.001232111
52:50.8,-0.001235388
52:51.8,-0.001243776
52:52.8,-0.001207436
52:53.8,-0.001216968
52:54.8,-0.001213922
52:55.8,-0.001218805
52:56.8,-0.001221674
52:57.8,-0.001226477
52:58.8,-0.001226798
52:59.8,-0.001213972
53:00.8,-0.001200455
53:01.8,-0.001204637
53:02.8,-0.001196709
53:03.8,-0.001221743
53:04.8,-0.001209088
53:05.8,-0.001205828
53:06.8,-0.001211804
53:07.8,-0.001214512
53:08.8,-0.001234026
53:09.8,-0.001222779
53:10.7,-0.001220123
53:11.7,-0.001204385
53:12.7,-0.001185626
53:13.7,-0.001180248
53:14.7,-0.001195923
53:15.7,-0.001193303
53:16.7,-0.001166462
53:17.7,-0.001165741
53:18.7,-0.001163416
53:19.7,-0.001189215
53:20.7,-0.001211372
53:21.7,-0.001199865
53:22.7,-0.00118363
53:23.7,-0.001185364
53:24.7,-0.001173023
53:25.7,-0.001171583
53:26.7,-0.001190656
53:27.7,-0.001199778
53:28.7,-0.001183733
53:29.7,-0.001167684
53:30.7,-0.001194467
53:31.7,-0.001206014
53:32.7,-0.001175591
53:33.7,-0.001190035
53:34.7,-0.001201829
53:35.7,-0.001186722
53:36.7,-0.001190713
53:37.7,-0.00120474
53:38.7,-0.001205951
53:39.7,-0.001169756
53:40.7,-0.001168123
53:41.7,-0.001170897
53:42.7,-0.001162653
53:43.7,-0.001179678
53:44.7,-0.001196387
53:45.7,-0.001201155
53:46.7,-0.001211251
53:47.7,-0.001198106
53:48.7,-0.001177802
53:49.7,-0.001175548
53:50.7,-0.001193934
53:51.7,-0.001173778
53:52.7,-0.001176585
53:53.7,-0.001192182
53:54.7,-0.001195862
53:55.7,-0.001178741
53:56.7,-0.00119735
53:57.7,-0.001205718
53:58.7,-0.001221101
53:59.7,-0.001233245
54:00.7,-0.001233305
54:01.7,-0.001211498
54:02.7,-0.001196684
54:03.7,-0.001206911
54:04.7,-0.001221102
54:05.7,-0.00120772
54:06.7,-0.001194826
54:07.7,-0.001192701
54:08.7,-0.001208569
54:09.7,-0.001190487
54:10.7,-0.001193553
54:11.6,-0.001208145
54:12.6,-0.001196673
54:13.6,-0.001195391
54:14.6,-0.001150431
54:15.6,-0.001162356
54:16.6,-0.001182474
54:17.6,-0.001199969
54:18.6,-0.001189477
54:19.6,-0.00115285
54:20.6,-0.001151327
54:21.6,-0.00116406
54:22.6,-0.001165111
54:23.6,-0.001173163
54:24.6,-0.00117059
54:25.6,-0.001161714
54:26.6,-0.001157884
54:27.6,-0.001175662
54:28.6,-0.001190607
54:29.6,-0.00118685
54:30.6,-0.001174836
54:31.6,-0.001157155
54:32.6,-0.001163655
54:33.6,-0.001172344
54:34.6,-0.001173547
54:35.6,-0.00116961
54:36.6,-0.001162453
54:37.6,-0.001171088
54:38.6,-0.001169529
54:39.6,-0.001165815
54:40.6,-0.001168167
54:41.6,-0.001188037
54:42.6,-0.001172655
54:43.6,-0.001171535
54:44.6,-0.001164612
54:45.6,-0.001164932
54:46.6,-0.001162499
54:47.6,-0.00117595
54:48.6,-0.001161859
54:49.6,-0.00118158
54:50.6,-0.00118077
54:51.6,-0.001188285
54:52.6,-0.001165045
54:53.6,-0.00115966
54:54.6,-0.001132856
54:55.6,-0.001157719
54:56.6,-0.00117319
54:57.6,-0.001178966
54:58.6,-0.001175846
54:59.6,-0.001164507
55:00.6,-0.001164165
55:01.6,-0.001149494
55:02.6,-0.001159618
55:03.6,-0.001164226
55:04.6,-0.001179475
55:05.6,-0.001182028
55:06.6,-0.001155494
55:07.6,-0.001147694
55:08.6,-0.001155671
55:09.6,-0.001148496
55:10.6,-0.00115418
55:11.6,-0.001169571
55:12.5,-0.001164158
55:13.5,-0.001159946
55:14.5,-0.001161874
55:15.5,-0.001154836
55:16.5,-0.001141197
55:17.5,-0.001099767
55:18.5,-0.001105871
55:19.5,-0.001111729
55:20.5,-0.00111373
55:21.5,-0.001115471
55:22.5,-0.001106361
55:23.5,-0.001106484
55:24.5,-0.001101737
55:25.5,-0.001093808
55:26.5,-0.001093877
55:27.5,-0.001086777
55:28.5,-0.001083081
55:29.5,-0.001103198
55:30.5,-0.001132856
55:31.5,-0.001124402
55:32.5,-0.001113703
55:33.5,-0.00110902
55:34.5,-0.001092086
55:35.5,-0.001091753
55:36.5,-0.001094299
55:37.5,-0.001096504
55:38.5,-0.001105825
55:39.5,-0.001110799
55:40.5,-0.001124499
55:41.5,-0.001107929
55:42.5,-0.001106679
55:43.5,-0.001096021
55:44.5,-0.00110938
55:45.5,-0.001105483
55:46.5,-0.001084724
55:47.5,-0.001086952
55:48.5,-0.001082175
55:49.5,-0.001075026
55:50.5,-0.00108002
55:51.5,-0.001085256
55:52.5,-0.001080231
55:53.5,-0.001095328
55:54.5,-0.001110286
55:55.5,-0.001116966
55:56.5,-0.00111551
55:57.5,-0.001077318
55:58.5,-0.001082701
55:59.5,-0.001100118
56:00.5,-0.001109504
56:01.5,-0.001093382
56:02.5,-0.001102907
56:03.5,-0.001104625
56:04.5,-0.001108679
56:05.5,-0.001112821
56:06.5,-0.001111238
56:07.5,-0.001091531
56:08.5,-0.001093483
56:09.5,-0.001105683
56:10.5,-0.001104353
56:11.5,-0.001141675
56:12.5,-0.001161027
56:13.4,-0.001164866
56:14.4,-0.00116717
56:15.4,-0.001165268
56:16.4,-0.001173925
56:17.4,-0.001181477
56:18.4,-0.001172675
56:19.4,-0.001148126
56:20.4,-0.001162672
56:21.4,-0.001152238
56:22.4,-0.001172229
56:23.4,-0.001164089
56:24.4,-0.001152737
56:25.4,-0.001155441
56:26.4,-0.001148326
56:27.4,-0.001152373
56:28.4,-0.001152483
56:29.4,-0.001176001
56:30.4,-0.001200551
56:31.4,-0.001182455
56:32.4,-0.001171595
56:33.4,-0.001170834
56:34.4,-0.001185094
56:35.4,-0.001186449
56:36.4,-0.001162157
56:37.4,-0.001144713
56:38.4,-0.001131409
56:39.4,-0.001148198
56:40.4,-0.001162314
56:41.4,-0.001180993
56:42.4,-0.001188338
56:43.4,-0.001168694
56:44.4,-0.001168194
56:45.4,-0.001164538
56:46.4,-0.001160219
56:47.4,-0.001152161
56:48.4,-0.001137556
56:49.4,-0.001142629
56:50.4,-0.001161513
56:51.4,-0.001157901
56:52.4,-0.001153215
56:53.4,-0.001143442
56:54.4,0
56:55.4,0.002783977
56:56.4,0.002531545
56:57.4,0.00254657
56:58.4,0.002522207
56:59.4,0.002550137
57:00.4,0.002568888
57:01.4,0.002585333
57:02.4,0.002582931
57:03.4,0.00259804
57:04.4,0.002582491
57:05.4,0.002560633
57:06.4,0.002574027
57:07.4,0.002561898
57:08.4,0.002527493
57:09.4,0.002528631
57:10.4,0.002525115
57:11.4,0.002526662
57:12.4,0.0025305
57:13.4,0.002536373
57:14.3,0.002528027
57:15.3,0.002540804
57:16.3,0.002529918
57:17.3,0.002508377
57:18.3,0.002525279
57:19.3,0.002536744
57:20.3,0.002529236
57:21.3,0.002529445
57:22.3,0.00252174
57:23.3,0.002520581
57:24.3,0.002507874
57:25.3,0.002495627
57:26.3,0.002496146
57:27.3,0.002489846
57:28.3,0.002492443
57:29.3,0.002502054
57:30.3,0.002521584
57:31.3,0.002515857
57:32.3,0.002514552
57:33.3,0.002499915
57:34.3,0.002491853
57:35.3,0.002496155
57:36.3,0.002485804
57:37.3,0.002501976
57:38.3,0.002514989
57:39.3,0.002516917
57:40.3,0.002519546
57:41.3,0.002515918
57:42.3,0.002512294
57:43.3,0.00252182
57:44.3,0.002530597
57:45.3,0.002539404
57:46.3,0.002537864
57:47.3,0.002509637
57:48.3,0.002513119
57:49.3,0.002510893
57:50.3,0.002502891
57:51.3,0.002516156
57:52.3,0.002509886
57:53.3,0.0025063
57:54.3,0.002513758
57:55.3,0.002520153
57:56.3,0.002518688
57:57.3,0.002510102
57:58.3,0.00250241
57:59.3,0.00250314
58:00.3,0.002534271
58:01.3,0.00256192
58:02.3,0.002570783
58:03.3,0.002578202
58:04.3,0.002568804
58:05.3,0.002570852
58:06.3,0.002542619
58:07.3,0.002550254
58:08.3,0.002546742
58:09.3,0.002530169
58:10.3,0.002544807
58:11.3,0.002575213
58:12.3,0.002586152
58:13.3,0.002561643
58:14.3,0.002559237
58:15.3,0.002569121
58:16.2,0.002572234
58:17.2,0.002557349
58:18.2,0.002554161
58:19.2,0.002560725
58:20.2,0.002548491
58:21.2,0.002551672
58:22.2,0.002545635
58:23.2,0.002545634
58:24.2,0.002550747
58:25.2,0.002539376
58:26.2,0.002528952
58:27.2,0.002545591
58:28.2,0.002568817
58:29.2,0.00255857
58:30.2,0.002556685
58:31.2,0.002544576
58:32.2,0.002535786
58:33.2,0.002547654
58:34.2,0.002531305
58:35.2,0.002525054
58:36.2,0.002528191
58:37.2,0.002537743
58:38.2,0.00255381
58:39.2,0.002559329
58:40.2,0.002583597
58:41.2,0.002598564
58:42.2,0.002603947
58:43.2,0.002600288
58:44.2,0.002599797
58:45.2,0.002624137
58:46.2,0.002623979
58:47.2,0.002610969
58:48.2,0.00258859
58:49.2,0.002585745
58:50.2,0.002578432
58:51.2,0.002578567
58:52.2,0.002570009
58:53.2,0.00257075
58:54.2,0.002571454
58:55.2,0.002560664
58:56.2,0.00256212
58:57.2,0.002564596
58:58.2,0.002564675
58:59.2,0.002571797
59:00.2,0.00256393
59:01.2,0.002547956
59:02.2,0.002545762
59:03.2,0.002533367
59:04.2,0.00252848
59:05.2,0.002549541
59:06.2,0.002556949
59:07.2,0.002550261
59:08.2,0.002516605
59:09.2,0.002503914
59:10.2,0.002496246
59:11.2,0.002516714
59:12.2,0.002507936
59:13.2,0.002473754
59:14.2,0.002483289
59:15.2,0.002475698
59:16.2,0.002453617
59:17.1,0.002449844
59:18.1,0.002451555
59:19.1,0.002460355
59:20.1,0.002472323
59:21.1,0.002507891
59:22.1,0.002508246
59:23.1,0.0024922
59:24.1,0.00248202
59:25.1,0.002505269
59:26.1,0.002553199
59:27.1,0.002543779
59:28.1,0.002547093
59:29.1,0.002540362
59:30.1,0.002539636
59:31.1,0.002553205
59:32.1,0.002555815
59:33.1,0.002545394
59:34.1,0.002552695
59:35.1,0.002566492
59:36.1,0.002558958
59:37.1,0.002551209
59:38.1,0.002546219
59:39.1,0.002543801
59:40.1,0.00255087
59:41.1,0.002554491
59:42.1,0.002552332
59:43.1,0.002555388
59:44.1,0.002527238
59:45.1,0.00252223
59:46.1,0.002524092
59:47.1,0.002523251
59:48.1,0.002522277
59:49.1,0.002533332
59:50.1,0.002525157
59:51.1,0.002525766
59:52.1,0.002514537
59:53.1,0.002532295
59:54.1,0.002523588
59:55.1,0.002517699
59:56.1,0.002530966
59:57.1,0.002526698
59:58.1,0.002513308
59:59.1,0.002509325
00:00.1,0.002521445
00:01.1,0.002527765
00:02.1,0.002515054
00:03.1,0.002509216
00:04.1,0.002509351
00:05.1,0.002536725
00:06.1,0.002564505
00:07.1,0.002570745
00:08.1,0.002563986
00:09.1,0.002563956
00:10.1,0.002561427
00:11.1,0.0025364
00:12.1,0.002536142
00:13.1,0.002545866
00:14.1,0.002548349
00:15.1,0.002565215
00:16.1,0.002546381
00:17.1,0.00253523
00:18.0,0.002537095
00:19.0,0.002522209
00:20.0,0.002526616
00:21.0,0.002549496
00:22.0,0.002569606
00:23.0,0.002571208
00:24.0,0.002551884
00:25.0,0.00255659
00:26.0,0.00255941
00:27.0,0.002554388
00:28.0,0.002544429
00:29.0,0.002550388
00:30.0,0.002533
00:31.0,0.002517615
00:32.0,0.002517573
00:33.0,0.002517639
00:34.0,0.002533311
00:35.0,0.002540343
00:36.0,0.002530063
00:37.0,0.00252822
00:38.0,0.002542312
00:39.0,0.002535136
00:40.0,0.002545564
00:41.0,0.002543261
00:42.0,0.002544541
00:43.0,0.002576778
00:44.0,0.002574208
00:45.0,0.002563895
00:46.0,0.00257071
00:47.0,0.002577892
00:48.0,0.002569361
00:49.0,0.002560622
00:50.0,0.002563172
00:51.0,0.002541907
00:52.0,0.002537567
00:53.0,0.002521194
00:54.0,0.002528322
00:55.0,0.002518129
00:56.0,0.002509705
00:57.0,0.002519518
00:58.0,0.002521852
00:59.0,0.002530178
01:00.0,0.002539264
01:01.0,0.002552625
01:02.0,0.002526423
01:03.0,0.002518742
01:04.0,0.002522781
01:05.0,0.002536992
01:06.0,0.002540736
01:07.0,0.002541166
01:08.0,0.002534416
01:09.0,0.002523965
01:10.0,0.002511997
01:11.0,0.002514309
01:12.0,0.002519517
01:13.0,0.002515853
01:14.0,0.002520698
01:15.0,0.002526626
01:16.0,0.002528087
01:17.0,0.002525482
01:18.0,0.002533112
01:18.9,0.002530197
01:19.9,0.002524662
01:20.9,0.002520712
01:21.9,0.002526196
01:22.9,0.002522296
01:23.9,0.002529257
01:24.9,0.002538143
01:25.9,0.002530038
01:26.9,0.002527678
01:27.9,0.002518501
01:28.9,0.002522457
01:29.9,0.002521192
01:30.9,0.002517039
01:31.9,0.002525313
01:32.9,0.002530718
01:33.9,0.002528091
01:34.9,0.002534672
01:35.9,0.00253714
01:36.9,0.002525364
01:37.9,0.002514689
01:38.9,0.002526745
01:39.9,0.002522395
01:40.9,0.002527368
01:41.9,0.002524521
01:42.9,0.002521919
01:43.9,0.002526328
01:44.9,0.002525341
01:45.9,0.002528909
01:46.9,0.002529144
01:47.9,0.002519338
01:48.9,0.002522971
01:49.9,0.002533334
01:50.9,0.00255455
01:51.9,0.002555289
01:52.9,0.002564246
01:53.9,0.002559857
01:54.9,0.002543993
01:55.9,0.002544682
01:56.9,0.002554552
01:57.9,0.002551819
01:58.9,0.002553399
01:59.9,0.002566584
02:00.9,0.002568685
02:01.9,0.002550351
02:02.9,0.002550075
02:03.9,0.002548961
02:04.9,0.002552011
02:05.9,0.002572233
02:06.9,0.002590224
02:07.9,0.002591161
02:08.9,0.002589865
02:09.9,0.002581401
02:10.9,0.00255962
02:11.9,0.002557594
02:12.9,0.002564506
02:13.9,0.002573333
02:14.9,0.002579922
02:15.9,0.002570923
02:16.9,0.002577106
02:17.9,0.002588018
02:18.9,0.002568489
02:19.8,0.002564012
02:20.8,0.002571307
02:21.8,0.0025798
02:22.8,0.002570815
02:23.8,0.002571521
02:24.8,0.002575662
02:25.8,0.002579839
02:26.8,0.002584043
02:27.8,0.002587771
02:28.8,0.002582181
02:29.8,0.002576789
02:30.8,0.002574977
02:31.8,0.002575647
02:32.8,0.002573051
02:33.8,0.002555739
02:34.8,0.002537072
02:35.8,0.002544249
02:36.8,0.002535232
02:37.8,0.002517942
02:38.8,0.002523183
02:39.8,0.002531305
02:40.8,0.002529256
02:41.8,0.00252828
02:42.8,0.002533753
02:43.8,0.00253211
02:44.8,0.002528719
02:45.8,0.002537872
02:46.8,0.002547492
02:47.8,0.002529376
02:48.8,0.002522233
02:49.8,0.002530363
02:50.8,0.002522867
02:51.8,0.002529288
02:52.8,0.002536519
02:53.8,0.002533612
02:54.8,0.002535794
02:55.8,0.002534785
02:56.8,0.002538063
02:57.8,0.002538196
02:58.8,0.002532461
02:59.8,0.002538371
03:00.8,0.002530846
03:01.8,0.002528492
03:02.8,0.002520027
03:03.8,0.002524965
03:04.8,0.002537308
03:05.8,0.002536779
03:06.8,0.002529844
03:07.8,0.002529688
03:08.8,0.002528941
03:09.8,0.002542477
03:10.8,0.002558486
03:11.8,0.002563774
03:12.8,0.002566706
03:13.8,0.002560032
03:14.8,0.002557844
03:15.8,0.002560914
03:16.8,0.002550312
03:17.8,0.002555857
03:18.8,0.00255675
03:19.8,0.002564686
03:20.7,0.002561212
03:21.7,0.002557103
03:22.7,0.002565663
03:23.7,0.002564363
03:24.7,0.002557377
03:25.7,0.002566078
03:26.7,0.002559233
03:27.7,0.002557756
03:28.7,0.002556148
03:29.7,0.002539861
03:30.7,0.002556782
03:31.7,0.002566495
03:32.7,0.002581711
03:33.7,0.002605747
03:34.7,0.002604521
03:35.7,0.00260728
03:36.7,0.002593727
03:37.7,0.002605132
03:38.7,0.002608399
03:39.7,0.002610798
03:40.7,0.002610376
03:41.7,0.002600377
03:42.7,0.002606308
03:43.7,0.002607102
03:44.7,0.002617104
03:45.7,0.002603036
03:46.7,0.002602317
03:47.7,0.002599261
03:48.7,0.002595724
03:49.7,0.00259898
03:50.7,0.002610458
03:51.7,0.002606041
03:52.7,0.002600053
03:53.7,0.002585811
03:54.7,0.002577238
03:55.7,0.002571472
03:56.7,0.002572112
03:57.7,0.00258603
03:58.7,0.002590856
03:59.7,0.002574866
04:00.7,0.002577497
04:01.7,0.002589483
04:02.7,0.00257918
04:03.7,0.002576996
04:04.7,0.002576651
04:05.7,0.002575144
04:06.7,0.002582216
04:07.7,0.002581358
04:08.7,0.002569349
04:09.7,0.002569311
04:10.7,0.002560185
04:11.7,0.002567319
04:12.7,0.002585431
04:13.7,0.002573372
04:14.7,0.002577658
04:15.7,0.002578817
04:16.7,0.002586941
04:17.7,0.002582571
04:18.7,0.00256852
04:19.7,0.002560275
04:20.7,0.002566098
04:21.6,0.002574269
04:22.6,0.002573671
04:23.6,0.002572427
04:24.6,0.002575224
04:25.6,0.002577958
04:26.6,0.002572126
04:27.6,0.002547348
04:28.6,0.00254427
04:29.6,0.002543708
04:30.6,0.002527696
04:31.6,0.002514521
04:32.6,0.00252246
04:33.6,0.002533302
04:34.6,0.002532177
04:35.6,0.002516566
04:36.6,0.002530356
04:37.6,0.00254696
04:38.6,0.002549703
04:39.6,0.002544301
04:40.6,0.002525899
04:41.6,0.002533158
04:42.6,0.002535733
04:43.6,0.002533844
04:44.6,0.002547303
04:45.6,0.002532057
04:46.6,0.002482932
04:47.6,0.002492149
04:48.6,0.002528094
04:49.6,0.002530048
04:50.6,0.002536299
04:51.6,0.002532473
04:52.6,0.002528627
04:53.6,0.0025354
04:54.6,0.002548937
04:55.6,0.002557851
04:56.6,0.002551938
04:57.6,0.002549657
04:58.6,0.002552354
04:59.6,0.002544161
05:00.6,0.002540937
05:01.6,0.002531353
05:02.6,0.002550004
05:03.6,0.00255328
05:04.6,0.002559343
05:05.6,0.002561067
05:06.6,0.002563225
05:07.6,0.002550317
05:08.6,0.002532753
05:09.6,0.002536615
05:10.6,0.002539028
05:11.6,0.002543327
05:12.6,0.002548014
05:13.6,0.00255217
05:14.6,0.002535869
05:15.6,0.002528419
05:16.6,0.002546363
05:17.6,0.002551392
05:18.6,0.00256298
05:19.6,0.002562482
05:20.6,0.002567071
05:21.6,0.00256795
05:22.5,0.002567619
05:23.5,0.002558811
05:24.5,0.002562568
05:25.5,0.002557008
05:26.5,0.002556696
05:27.5,0.002558863
05:28.5,0.002552092
05:29.5,0.002559171
05:30.5,0.002572183
05:31.5,0.002565208
05:32.5,0.002563175
05:33.5,0.002559087
05:34.5,0.002574165
05:35.5,0.00256617
05:36.5,0.002555867
05:37.5,0.002555508
05:38.5,0.002565909
05:39.5,0.00257228
05:40.5,0.002556574
05:41.5,0.002564712
05:42.5,0.002582249
05:43.5,0.002587112
05:44.5,0.002595159
05:45.5,0.002597069
05:46.5,0.002580389
05:47.5,0.002578489
05:48.5,0.002576698
05:49.5,0.002589763
05:50.5,0.002598623
05:51.5,0.002579975
05:52.5,0.002587327
05:53.5,0.002591765
05:54.5,0.002581098
05:55.5,0.002581772
05:56.5,0.00259597
05:57.5,0.002592919
05:58.5,0.002586996
05:59.5,0.002584066
06:00.5,0.002588553
06:01.5,0.002587029
06:02.5,0.0025859
06:03.5,0.002585589
06:04.5,0.002585915
06:05.5,0.002583014
06:06.5,0.002588722
06:07.5,0.002589065
06:08.5,0.002590338
06:09.5,0.002590353
06:10.5,0.00259325
06:11.5,0.002584422
06:12.5,0.002578632
06:13.5,0.002586772
06:14.5,0.002579356
06:15.5,0.002581621
06:16.5,0.002584884
06:17.5,0.002593787
06:18.5,0.00259463
06:19.5,0.002576793
06:20.5,0.002583533
06:21.5,0.002597216
06:22.5,0.002592825
06:23.5,0.00258815
06:24.4,0.002590273
06:25.4,0.002597193
06:26.4,0.002598345
06:27.4,0.00258592
06:28.4,0.002574462
06:29.4,0.002578816
06:30.4,0.002587436
06:31.4,0.002593331
06:32.4,0.002603309
06:33.4,0.002589844
06:34.4,0.002602933
06:35.4,0.002601986
06:36.4,0.002605302
06:37.4,0.002603505
06:38.4,0.00260042
06:39.4,0.00259578
06:40.4,0.002594839
06:41.4,0.002578362
06:42.4,0.002584311
06:43.4,0.002600301
06:44.4,0.002601021
06:45.4,0.002594826
06:46.4,0.002586519
06:47.4,0.002593094
06:48.4,0.002591531
06:49.4,0.002600813
06:50.4,0.002610879
06:51.4,0.002604113
06:52.4,0.00259949
06:53.4,0.002599691
06:54.4,0
06:55.4,-0.000157603
06:56.4,-0.000140579
06:57.4,-0.000139382
06:58.4,-0.00012756
06:59.4,-0.000133307
07:00.4,-0.000147917
07:01.4,-0.000153014
07:02.4,-0.000144292
07:03.4,-0.000139349
07:04.4,-0.000143622
07:05.4,-0.00014407
07:06.4,-0.00012996
07:07.4,-0.000133252
07:08.4,-0.000137878
07:09.4,-0.000134392
07:10.4,-0.000138609
07:11.4,-0.000139281
07:12.4,-0.000113716
07:13.4,-0.000110995
07:14.4,-9.80E-05
07:15.4,-9.98E-05
07:16.4,-0.000111494
07:17.4,-0.00011529
07:18.4,-0.000103547
07:19.4,-8.90E-05
07:20.4,-8.92E-05
07:21.4,-7.50E-05
07:22.4,-7.23E-05
07:23.4,-7.67E-05
07:24.4,-8.97E-05
07:25.3,-9.94E-05
07:26.3,-9.46E-05
07:27.3,-0.000125892
07:28.3,-0.000138218
07:29.3,-0.000136879
07:30.3,-0.000131594
07:31.3,-0.000131811
07:32.3,-0.000118686
07:33.3,-9.27E-05
07:34.3,-9.86E-05
07:35.3,-9.10E-05
07:36.3,-0.000104249
07:37.3,-0.000116879
07:38.3,-0.000115377
07:39.3,-0.000106935
07:40.3,-9.90E-05
07:41.3,-0.000102415
07:42.3,-9.88E-05
07:43.3,-0.000103564
07:44.3,-9.97E-05
07:45.3,-0.000104248
07:46.3,-0.000105629
07:47.3,-0.000103582
07:48.3,-0.000110861
07:49.3,-9.65E-05
07:50.3,-9.01E-05
07:51.3,-9.07E-05
07:52.3,-0.000107943
07:53.3,-0.000122634
07:54.3,-0.000109991
07:55.3,-0.000119076
07:56.3,-0.000100193
07:57.3,-0.000115556
07:58.3,-0.000130035
07:59.3,-0.000147063
08:00.3,-0.000147855
08:01.3,-0.000139978
08:02.3,-0.000133444
08:03.3,-0.000139504
08:04.3,-0.000136812
08:05.3,-0.000130106
08:06.3,-0.000134404
08:07.3,-0.00013884
08:08.3,-0.000129446
08:09.3,-0.000133319
08:10.3,-0.000134649
08:11.3,-0.000113925
08:12.3,-0.000117384
08:13.3,-0.000129294
08:14.3,-0.000127715
08:15.3,-0.000118369
08:16.3,-6.49E-05
08:17.3,-6.22E-05
08:18.3,-6.99E-05
08:19.3,-7.27E-05
08:20.3,-6.05E-05
08:21.3,-5.35E-05
08:22.3,-4.82E-05
08:23.3,-4.27E-05
08:24.3,-4.53E-05
08:25.3,-4.76E-05
08:26.2,-4.32E-05
08:27.2,-5.52E-05
08:28.2,-4.68E-05
08:29.2,-4.75E-05
08:30.2,-3.25E-05
08:31.2,-3.32E-05
08:32.2,-3.43E-05
08:33.2,-4.15E-05
08:34.2,-4.45E-05
08:35.2,-3.90E-05
08:36.2,-3.90E-05
08:37.2,-4.75E-05
08:38.2,-4.90E-05
08:39.2,-5.13E-05
08:40.2,-3.93E-05
08:41.2,-4.33E-05
08:42.2,-5.11E-05
08:43.2,-5.74E-05
08:44.2,-4.48E-05
08:45.2,-3.56E-05
08:46.2,-4.53E-05
08:47.2,-5.50E-05
08:48.2,-5.34E-05
08:49.2,-4.30E-05
08:50.2,-4.26E-05
08:51.2,-3.91E-05
08:52.2,-4.29E-05
08:53.2,-3.85E-05
08:54.2,-4.45E-05
08:55.2,-4.85E-05
08:56.2,-4.98E-05
08:57.2,-4.84E-05
08:58.2,-4.19E-05
08:59.2,-3.49E-05
09:00.2,-3.48E-05
09:01.2,-4.96E-05
09:02.2,-4.96E-05
09:03.2,-4.00E-05
09:04.2,-4.09E-05
09:05.2,-4.22E-05
09:06.2,-5.10E-05
09:07.2,-5.61E-05
09:08.2,-4.24E-05
09:09.2,-3.83E-05
09:10.2,-3.86E-05
09:11.2,-3.60E-05
09:12.2,-4.21E-05
09:13.2,-4.70E-05
09:14.2,-4.85E-05
09:15.2,-5.47E-05
09:16.2,-5.16E-05
09:17.2,-4.94E-05
09:18.2,-5.05E-05
09:19.2,-5.07E-05
09:20.2,-4.68E-05
09:21.2,-4.12E-05
09:22.2,-2.55E-05
09:23.2,-1.44E-05
09:24.2,-2.47E-05
09:25.2,-2.94E-05
09:26.2,-3.60E-05
09:27.1,-3.57E-05
09:28.1,-4.96E-05
09:29.1,1.0395831e-05
09:30.1,3.0165495e-05
09:31.1,2.299825e-05
09:32.1,1.3152039e-05
09:33.1,9.0869635e-06
09:34.1,3.6875997e-06
09:35.1,-1.85E-06
09:36.1,-1.25E-06
09:37.1,-7.13E-06
09:38.1,-9.17E-06
09:39.1,1.6801736e-05
09:40.1,2.3538207e-05
09:41.1,1.6360544e-05
09:42.1,1.7204075e-05
09:43.1,1.4755866e-05
09:44.1,-3.96E-08
09:45.1,6.912428e-06
09:46.1,1.5776497e-05
09:47.1,1.205937e-05
09:48.1,5.338966e-07
09:49.1,-4.44E-06
09:50.1,-6.70E-06
09:51.1,6.0344046e-06
09:52.1,-1.00E-05
09:53.1,-1.17E-05
09:54.1,-1.72E-06
09:55.1,3.5441806e-06
09:56.1,-2.13E-06
09:57.1,2.5284608e-06
09:58.1,3.6044967e-06
09:59.1,2.0079597e-07
10:00.1,3.3881342e-06
10:01.1,5.0256376e-06
10:02.1,6.181898e-07
10:03.1,-3.23E-06
10:04.1,-5.25E-06
10:05.1,-1.49E-05
10:06.1,-1.24E-05
10:07.1,-1.03E-05
10:08.1,-1.37E-05
10:09.1,-1.54E-05
10:10.1,-4.84E-06
10:11.1,-9.17E-06
10:12.1,-7.84E-06
10:13.1,-2.96E-05
10:14.1,-3.12E-05
10:15.1,-3.62E-05
10:16.1,-3.49E-05
10:17.1,-3.05E-05
10:18.1,-2.51E-05
10:19.1,-3.12E-05
10:20.1,-4.75E-05
10:21.1,-6.03E-05
10:22.1,-4.97E-05
10:23.1,-4.16E-05
10:24.1,-3.99E-05
10:25.1,-4.19E-05
10:26.1,-3.93E-05
10:27.1,-5.47E-05
10:28.0,-4.28E-05
10:29.0,-3.89E-05
10:30.0,-3.65E-05
10:31.0,-3.36E-05
10:32.0,-1.82E-05
10:33.0,-1.41E-05
10:34.0,-1.86E-05
10:35.0,-6.65E-06
10:36.0,-1.19E-05
10:37.0,-1.78E-05
10:38.0,-1.40E-05
10:39.0,-4.47E-06
10:40.0,-2.26E-06
10:41.0,-3.89E-07
10:42.0,-8.66E-06
10:43.0,-2.63E-06
10:44.0,5.2928126e-06
10:45.0,6.544722e-06
10:46.0,-4.31E-06
10:47.0,-8.02E-06
10:48.0,-1.72E-05
10:49.0,-6.05E-06
10:50.0,1.1272913e-05
10:51.0,2.0048772e-05
10:52.0,1.470709e-05
10:53.0,3.804555e-06
10:54.0,3.2680489e-06
10:55.0,1.3054747e-05
10:56.0,2.0927282e-05
10:57.0,2.5923091e-05
10:58.0,9.878742e-06
10:59.0,-1.12E-05
11:00.0,-4.76E-05
11:01.0,-7.00E-05
11:02.0,-6.81E-05
11:03.0,-6.88E-05
11:04.0,-5.68E-05
11:05.0,-3.33E-05
11:06.0,-3.24E-05
11:07.0,-4.43E-05
11:08.0,-5.14E-05
11:09.0,-6.64E-05
11:10.0,-5.54E-05
11:11.0,-6.28E-05
11:12.0,-7.05E-05
11:13.0,-7.21E-05
11:14.0,-5.74E-05
11:15.0,-5.36E-05
11:16.0,-5.48E-05
11:17.0,-5.68E-05
11:18.0,-5.81E-05
11:19.0,-4.69E-05
11:20.0,-4.52E-05
11:21.0,-6.17E-05
11:22.0,-6.17E-05
11:23.0,-5.37E-05
11:24.0,-5.06E-05
11:25.0,-4.38E-05
11:26.0,-5.54E-05
11:27.0,-5.91E-05
11:28.0,-6.00E-05
11:28.9,-5.44E-05
11:29.9,-5.81E-05
11:30.9,-5.22E-05
11:31.9,-6.56E-05
11:32.9,-7.35E-05
11:33.9,-6.36E-05
11:34.9,-5.02E-05
11:35.9,-6.51E-05
11:36.9,-6.81E-05
11:37.9,-5.80E-05
11:38.9,-6.30E-05
11:39.9,-3.95E-05
11:40.9,-2.66E-05
11:41.9,-3.34E-05
11:42.9,-4.77E-05
11:43.9,-3.43E-05
11:44.9,-3.84E-05
11:45.9,-4.33E-05
11:46.9,-4.62E-05
11:47.9,-4.64E-05
11:48.9,-2.18E-05
11:49.9,-1.98E-05
11:50.9,-3.25E-05
11:51.9,-3.02E-05
11:52.9,-3.19E-05
11:53.9,-3.39E-05
11:54.9,-5.20E-05
11:55.9,-4.17E-05
11:56.9,-4.91E-05
11:57.9,-4.24E-05
11:58.9,-2.32E-05
11:59.9,-1.77E-05
12:00.9,-1.11E-05
12:01.9,-1.92E-05
12:02.9,-2.38E-05
12:03.9,-1.69E-05
12:04.9,-4.89E-05
12:05.9,-7.88E-05
12:06.9,-8.16E-05
12:07.9,-7.51E-05
12:08.9,-8.09E-05
12:09.9,-7.66E-05
12:10.9,-8.47E-05
12:11.9,-8.62E-05
12:12.9,-7.26E-05
12:13.9,-7.69E-05
12:14.9,-8.35E-05
12:15.9,-9.40E-05
12:16.9,-9.49E-05
12:17.9,-7.82E-05
12:18.9,-8.68E-05
12:19.9,-8.69E-05
12:20.9,-7.93E-05
12:21.9,-6.64E-05
12:22.9,-7.78E-05
12:23.9,-7.82E-05
12:24.9,-9.32E-05
12:25.9,-9.51E-05
12:26.9,-0.000103045
12:27.9,-8.40E-05
12:28.9,-6.77E-05
12:29.8,-6.57E-05
12:30.8,-7.53E-05
12:31.8,-8.71E-05
12:32.8,-7.47E-05
12:33.8,-8.12E-05
12:34.8,-9.38E-05
12:35.8,-8.41E-05
12:36.8,-7.61E-05
12:37.8,-7.68E-05
12:38.8,-7.30E-05
12:39.8,-7.12E-05
12:40.8,-7.00E-05
12:41.8,-0.000104305
12:42.8,-0.000106441
12:43.8,-0.000105622
12:44.8,-9.93E-05
12:45.8,-0.000116527
12:46.8,-0.000102364
12:47.8,-0.000106941
12:48.8,-9.15E-05
12:49.8,-8.60E-05
12:50.8,-0.000103692
12:51.8,-9.99E-05
12:52.8,-0.000104599
12:53.8,-9.15E-05
12:54.8,-9.01E-05
12:55.8,-9.55E-05
12:56.8,-8.81E-05
12:57.8,-9.40E-05
12:58.8,-9.32E-05
12:59.8,-0.000102582
13:00.8,-0.000106629
13:01.8,-9.27E-05
13:02.8,-9.67E-05
13:03.8,-0.000104765
13:04.8,-0.00010559
13:05.8,-0.00010678
13:06.8,-0.00010634
13:07.8,-8.78E-05
13:08.8,-8.92E-05
13:09.8,-9.52E-05
13:10.8,-9.28E-05
13:11.8,-0.000105549
13:12.8,-0.000109075
13:13.8,-0.000101427
13:14.8,-9.81E-05
13:15.8,-9.50E-05
13:16.8,-0.000102615
13:17.8,-0.000108746
13:18.8,-0.000114267
13:19.8,-0.000120004
13:20.8,-0.000108912
13:21.8,-0.000120699
13:22.8,-0.000127578
13:23.8,-0.000111149
13:24.8,-0.000112929
13:25.8,-0.000112073
13:26.8,-9.66E-05
13:27.8,-7.49E-05
13:28.8,-7.76E-05
13:29.8,-6.88E-05
13:30.7,-8.69E-05
13:31.7,-0.000101138
13:32.7,-0.000109698
13:33.7,-0.000105908
13:34.7,-9.25E-05
13:35.7,-9.47E-05
13:36.7,-0.000110242
13:37.7,-0.000102657
13:38.7,-0.00013208
13:39.7,-0.000122075
13:40.7,-9.54E-05
13:41.7,-9.27E-05
13:42.7,-0.000117174
13:43.7,-0.000119945
13:44.7,-0.000130682
13:45.7,-0.000116717
13:46.7,-0.000115456
13:47.7,-0.000112277
13:48.7,-0.000128671
13:49.7,-0.00012988
13:50.7,-0.000116075
13:51.7,-0.000123232
13:52.7,-0.000116221
13:53.7,-0.000120366
13:54.7,-0.00011976
13:55.7,-0.000101714
13:56.7,-0.00010483
13:57.7,-0.000135866
13:58.7,-0.000115387
13:59.7,-0.000102726
14:00.7,-0.000106337
14:01.7,-9.50E-05
14:02.7,-8.83E-05
14:03.7,-7.74E-05
14:04.7,-7.19E-05
14:05.7,-6.32E-05
14:06.7,-6.89E-05
14:07.7,-7.90E-05
14:08.7,-8.82E-05
14:09.7,-7.18E-05
14:10.7,-8.68E-05
14:11.7,-9.06E-05
14:12.7,-8.27E-05
14:13.7,-0.000108674
14:14.7,-0.000116996
14:15.7,-9.08E-05
14:16.7,-0.000102569
14:17.7,-0.000104392
14:18.7,-0.000102707
14:19.7,-0.000101523
14:20.7,-8.35E-05
14:21.7,-9.66E-05
14:22.7,-9.80E-05
14:23.7,-9.34E-05
14:24.7,-9.74E-05
14:25.7,-9.81E-05
14:26.7,-9.46E-05
14:27.7,-0.000105171
14:28.7,-8.79E-05
14:29.7,-7.08E-05
14:30.7,-0.000100856
14:31.6,-8.53E-05
14:32.6,-7.62E-05
14:33.6,-8.92E-05
14:34.6,-8.52E-05
14:35.6,-8.24E-05
14:36.6,-9.19E-05
14:37.6,-0.000100556
14:38.6,-0.000111689
14:39.6,-0.000114001
14:40.6,-9.76E-05
14:41.6,-5.67E-05
14:42.6,-6.42E-05
14:43.6,-9.00E-05
14:44.6,-8.89E-05
14:45.6,-9.81E-05
14:46.6,-7.86E-05
14:47.6,-5.70E-05
14:48.6,-5.53E-05
14:49.6,-6.75E-05
14:50.6,-5.50E-05
14:51.6,-6.98E-05
14:52.6,-6.63E-05
14:53.6,-4.13E-05
14:54.6,-2.23E-06
14:55.6,2.2974726e-05
14:56.6,3.7877224e-05
14:57.6,4.432235e-05
14:58.6,3.30119e-05
14:59.6,2.7590293e-05
15:00.6,2.9396808e-05
15:01.6,4.8495072e-05
15:02.6,4.5432076e-05
15:03.6,3.5597826e-05
15:04.6,5.0972478e-05
15:05.6,3.820513e-05
15:06.6,2.4214924e-05
15:07.6,2.454576e-05
15:08.6,2.6859276e-05
15:09.6,1.5934109e-05
15:10.6,1.7259099e-05
15:11.6,4.1276708e-05
15:12.6,4.9274902e-05
15:13.6,3.1684245e-05
15:14.6,3.08586e-05
15:15.6,2.90596e-05
15:16.6,4.221982e-05
15:17.6,3.0819483e-05
15:18.6,3.3847457e-05
15:19.6,4.869314e-05
15:20.6,5.5823042e-05
15:21.6,3.6805486e-05
15:22.6,3.2188935e-05
15:23.6,4.057163e-05
15:24.6,2.9853984e-05
15:25.6,2.4343648e-05
15:26.6,1.8805093e-05
15:27.6,4.274048e-05
15:28.6,5.6181016e-05
15:29.6,4.991474e-05
15:30.6,5.868257e-05
15:31.6,5.6305373e-05
15:32.6,4.6782294e-05
15:33.5,3.511311e-05
15:34.5,2.1390395e-05
15:35.5,2.1573127e-05
15:36.5,1.39246895e-05
15:37.5,2.3694147e-05
15:38.5,1.3901597e-05
15:39.5,3.322486e-05
15:40.5,2.8871522e-05
15:41.5,2.6293135e-05
15:42.5,2.5920795e-05
15:43.5,2.2614815e-05
15:44.5,1.4665369e-05
15:45.5,9.358904e-06
15:46.5,-8.10E-06
15:47.5,-1.19E-05
15:48.5,7.339453e-07
15:49.5,1.7424616e-05
15:50.5,6.2592953e-06
15:51.5,1.4639642e-05
15:52.5,3.2828535e-05
15:53.5,4.0461866e-05
15:54.5,3.9671042e-05
15:55.5,3.2805907e-05
15:56.5,2.944415e-05
15:57.5,2.7136546e-05
15:58.5,3.261401e-05
15:59.5,3.455241e-05
16:00.5,5.698618e-05
16:01.5,5.450922e-05
16:02.5,4.4314922e-05
16:03.5,4.195601e-05
16:04.5,4.505858e-05
16:05.5,4.293741e-05
16:06.5,3.8783448e-05
16:07.5,2.8258764e-05
16:08.5,3.253784e-05
16:09.5,4.015325e-05
16:10.5,3.6064346e-05
16:11.5,5.236792e-05
16:12.5,4.1512565e-05
16:13.5,3.6497284e-05
16:14.5,4.9958126e-05
16:15.5,4.5080822e-05
16:16.5,4.5818968e-05
16:17.5,5.178679e-05
16:18.5,6.216982e-05
16:19.5,6.0095223e-05
16:20.5,6.243981e-05
16:21.5,7.728613e-05
16:22.5,8.21509e-05
16:23.5,7.841088e-05
16:24.5,7.905723e-05
16:25.5,9.500065e-05
16:26.5,9.910119e-05
16:27.5,7.74098e-05
16:28.5,6.3664804e-05
16:29.5,5.0649076e-05
16:30.5,5.2548676e-05
16:31.5,6.156113e-05
16:32.5,4.7418267e-05
16:33.5,4.8297858e-05
16:34.4,5.601584e-05
16:35.4,6.192229e-05
16:36.4,6.434418e-05
16:37.4,6.395211e-05
16:38.4,5.9876107e-05
16:39.4,6.373668e-05
16:40.4,4.6269168e-05
16:41.4,2.4537176e-05
16:42.4,3.6799338e-05
16:43.4,5.3233627e-05
16:44.4,5.2008843e-05
16:45.4,6.193003e-05
16:46.4,6.8819114e-05
16:47.4,6.5972694e-05
16:48.4,4.831469e-05
16:49.4,4.0932813e-05
16:50.4,3.506507e-05
16:51.4,4.6987614e-05
16:52.4,3.9497187e-05
16:53.4,5.265692e-05
16:54.4,0
16:55.4,0.001331814
16:56.4,0.001221576
16:57.4,0.001222193
16:58.4,0.00122697
16:59.4,0.001219658
17:00.4,0.001183063
17:01.4,0.00117981
17:02.4,0.001185101
17:03.4,0.001205294
17:04.4,0.001204177
17:05.4,0.001195839
17:06.4,0.001203021
17:07.4,0.001198581
17:08.4,0.001201567
17:09.4,0.001201953
17:10.4,0.001203398
17:11.4,0.001207773
17:12.4,0.001206944
17:13.4,0.001203631
17:14.4,0.001194123
17:15.4,0.001195693
17:16.4,0.001186208
17:17.4,0.001177992
17:18.4,0.001183927
17:19.4,0.0011987
17:20.4,0.001219093
17:21.4,0.001216019
17:22.4,0.001221439
17:23.4,0.001227845
17:24.4,0.00122075
17:25.4,0.001218707
17:26.4,0.00122591
17:27.4,0.001222305
17:28.4,0.001200921
17:29.4,0.001199181
17:30.4,0.001206357
17:31.4,0.001212378
17:32.4,0.001221203
17:33.4,0.001214146
17:34.4,0.001211914
17:35.3,0.001211413
17:36.3,0.001218629
17:37.3,0.001229065
17:38.3,0.001213992
17:39.3,0.001205512
17:40.3,0.001191871
17:41.3,0.001205886
17:42.3,0.001208052
17:43.3,0.001213564
17:44.3,0.001211458
17:45.3,0.001202371
17:46.3,0.001186098
17:47.3,0.001186927
17:48.3,0.001215658
17:49.3,0.001215036
17:50.3,0.00121641
17:51.3,0.001225626
17:52.3,0.001219261
17:53.3,0.001211424
17:54.3,0.001210474
17:55.3,0.001209714
17:56.3,0.00118672
17:57.3,0.001189312
17:58.3,0.00121616
17:59.3,0.001215234
18:00.3,0.001206204
18:01.3,0.001240954
18:02.3,0.001227056
18:03.3,0.00123098
18:04.3,0.001215443
18:05.3,0.001206262
18:06.3,0.001202494
18:07.3,0.001215603
18:08.3,0.001217197
18:09.3,0.001207701
18:10.3,0.001216329
18:11.3,0.001208739
18:12.3,0.00119169
18:13.3,0.001204288
18:14.3,0.00120742
18:15.3,0.001201563
18:16.3,0.00119227
18:17.3,0.00118971
18:18.3,0.001194795
18:19.3,0.00121467
18:20.3,0.001216797
18:21.3,0.001204318
18:22.3,0.001210191
18:23.3,0.001212006
18:24.3,0.0012041
18:25.3,0.001196017
18:26.3,0.001215484
18:27.3,0.001224613
18:28.3,0.001227571
18:29.3,0.001227978
18:30.3,0.001210885
18:31.3,0.001208304
18:32.3,0.001208807
18:33.3,0.001205122
18:34.3,0.00122023
18:35.3,0.001239051
18:36.2,0.001238099
18:37.2,0.001227162
18:38.2,0.001234672
18:39.2,0.001211236
18:40.2,0.001200142
18:41.2,0.001199369
18:42.2,0.001202684
18:43.2,0.001210007
18:44.2,0.001220274
18:45.2,0.001207633
18:46.2,0.001219161
18:47.2,0.001214489
18:48.2,0.001223033
18:49.2,0.001235692
18:50.2,0.001228169
18:51.2,0.00122594
18:52.2,0.001216138
18:53.2,0.001224883
18:54.2,0.001217996
18:55.2,0.001187576
18:56.2,0.001208752
18:57.2,0.001224953
18:58.2,0.001232494
18:59.2,0.001235615
19:00.2,0.001243962
19:01.2,0.001236427
19:02.2,0.00123098
19:03.2,0.001239288
19:04.2,0.001242747
19:05.2,0.001246092
19:06.2,0.001232937
19:07.2,0.001240326
19:08.2,0.001232824
19:09.2,0.001240316
19:10.2,0.001226217
19:11.2,0.00122068
19:12.2,0.001229445
19:13.2,0.001222078
19:14.2,0.001235471
19:15.2,0.001234459
19:16.2,0.001208566
19:17.2,0.001219397
19:18.2,0.00121905
19:19.2,0.001207482
19:20.2,0.001211161
19:21.2,0.001214542
19:22.2,0.001206723
19:23.2,0.001203395
19:24.2,0.001207575
19:25.2,0.001206267
19:26.2,0.001209813
19:27.2,0.001218441
19:28.2,0.001226845
19:29.2,0.001224951
19:30.2,0.001205161
19:31.2,0.001204732
19:32.2,0.001200471
19:33.2,0.001201671
19:34.2,0.001202949
19:35.2,0.00119901
19:36.2,0.001198553
19:37.1,0.001205976
19:38.1,0.001215269
19:39.1,0.001219041
19:40.1,0.001217193
19:41.1,0.001237276
19:42.1,0.001213625
19:43.1,0.001203627
19:44.1,0.001218156
19:45.1,0.001219779
19:46.1,0.001219686
19:47.1,0.001229957
19:48.1,0.001233815
19:49.1,0.001209342
19:50.1,0.001209155
19:51.1,0.001210088
19:52.1,0.001227274
19:53.1,0.001222744
19:54.1,0.001222251
19:55.1,0.001214476
19:56.1,0.001211301
19:57.1,0.001235192
19:58.1,0.001248598
19:59.1,0.001242699
20:00.1,0.001232789
20:01.1,0.001223814
20:02.1,0.001210829
20:03.1,0.001204438
20:04.1,0.001215777
20:05.1,0.00121358
20:06.1,0.001222668
20:07.1,0.001246263
20:08.1,0.001253109
20:09.1,0.001233442
20:10.1,0.001230937
20:11.1,0.001257663
20:12.1,0.001276561
20:13.1,0.001276386
20:14.1,0.001262995
20:15.1,0.001267037
20:16.1,0.001271499
20:17.1,0.001280141
20:18.1,0.001272135
20:19.1,0.001265787
20:20.1,0.001252569
20:21.1,0.001228942
20:22.1,0.001219355
20:23.1,0.001229919
20:24.1,0.001242075
20:25.1,0.001262383
20:26.1,0.00126369
20:27.1,0.00122949
20:28.1,0.00122476
20:29.1,0.001217083
20:30.1,0.001223766
20:31.1,0.001228533
20:32.1,0.001245546
20:33.1,0.001245686
20:34.1,0.001239419
20:35.1,0.001260621
20:36.1,0.001250974
20:37.1,0.00123079
20:38.0,0.001235546
20:39.0,0.001243511
20:40.0,0.00123177
20:41.0,0.001227188
20:42.0,0.001219076
20:43.0,0.001245137
20:44.0,0.001236344
20:45.0,0.001249091
20:46.0,0.00125604
20:47.0,0.0012362
20:48.0,0.001216621
20:49.0,0.00123754
20:50.0,0.001236245
20:51.0,0.001225133
20:52.0,0.001241776
20:53.0,0.001257226
20:54.0,0.00124247
20:55.0,0.001256648
20:56.0,0.00126083
20:57.0,0.001255525
20:58.0,0.001239132
20:59.0,0.001211278
21:00.0,0.001210974
21:01.0,0.001232547
21:02.0,0.001241544
21:03.0,0.001248363
21:04.0,0.001237779
21:05.0,0.00122663
21:06.0,0.001242149
21:07.0,0.001255296
21:08.0,0.001260367
21:09.0,0.001236404
21:10.0,0.001254849
21:11.0,0.001240433
21:12.0,0.001219525
21:13.0,0.001206221
21:14.0,0.00122959
21:15.0,0.001246741
21:16.0,0.001233326
21:17.0,0.001222693
21:18.0,0.001219194
21:19.0,0.001209431
21:20.0,0.001217627
21:21.0,0.001229725
21:22.0,0.001249019
21:23.0,0.001233955
21:24.0,0.001228265
21:25.0,0.001230622
21:26.0,0.001244126
21:27.0,0.001239772
21:28.0,0.00122455
21:29.0,0.001228974
21:30.0,0.001244545
21:31.0,0.001209125
21:32.0,0.001198775
21:33.0,0.001220478
21:34.0,0.001229842
21:35.0,0.001215174
21:36.0,0.001226815
21:37.0,0.001229064
21:38.0,0.001211729
21:38.9,0.001211627
21:39.9,0.001212267
21:40.9,0.00122885
21:41.9,0.001257065
21:42.9,0.001250699
21:43.9,0.001238704
21:44.9,0.001232065
21:45.9,0.001239151
21:46.9,0.001242408
21:47.9,0.001223165
21:48.9,0.00122003
21:49.9,0.001221121
21:50.9,0.001230099
21:51.9,0.001245107
21:52.9,0.001236971
21:53.9,0.001229296
21:54.9,0.001230667
21:55.9,0.001239601
21:56.9,0.001236685
21:57.9,0.001227971
21:58.9,0.001240184
21:59.9,0.001226934
22:00.9,0.001238046
22:01.9,0.001260035
22:02.9,0.001236745
22:03.9,0.001241235
22:04.9,0.001253373
22:05.9,0.001231262
22:06.9,0.001250818
22:07.9,0.001255142
22:08.9,0.001237771
22:09.9,0.001229051
22:10.9,0.001232162
22:11.9,0.001234461
22:12.9,0.001246751
22:13.9,0.001241691
22:14.9,0.001237934
22:15.9,0.001244413
22:16.9,0.001230974
22:17.9,0.001235942
22:18.9,0.001221014
22:19.9,0.001215602
22:20.9,0.00122445
22:21.9,0.001224602
22:22.9,0.001230066
22:23.9,0.001218919
22:24.9,0.001190629
22:25.9,0.001205702
22:26.9,0.001213349
22:27.9,0.001203902
22:28.9,0.001199181
22:29.9,0.001207431
22:30.9,0.001219666
22:31.9,0.001227672
22:32.9,0.001209471
22:33.9,0.001202496
22:34.9,0.001192658
22:35.9,0.00119801
22:36.9,0.001211252
22:37.9,0.001215774
22:38.9,0.001203291
22:39.8,0.001209662
22:40.8,0.001213035
22:41.8,0.001217206
22:42.8,0.001219587
22:43.8,0.001212783
22:44.8,0.001219493
22:45.8,0.00121821
22:46.8,0.001209357
22:47.8,0.001197582
22:48.8,0.001207115
22:49.8,0.001237511
22:50.8,0.001221103
22:51.8,0.001202215
22:52.8,0.001180088
22:53.8,0.001193533
22:54.8,0.001199715
22:55.8,0.001185869
22:56.8,0.001183745
22:57.8,0.001187068
22:58.8,0.001188881
22:59.8,0.001200724
23:00.8,0.001195742
23:01.8,0.001189653
23:02.8,0.001182664
23:03.8,0.001184731
23:04.8,0.001186682
23:05.8,0.001181293
23:06.8,0.001188827
23:07.8,0.001172076
23:08.8,0.001171759
23:09.8,0.001178732
23:10.8,0.001203491
23:11.8,0.001192407
23:12.8,0.001185948
23:13.8,0.001184229
23:14.8,0.001193007
23:15.8,0.001173403
23:16.8,0.001178374
23:17.8,0.001178321
23:18.8,0.001188713
23:19.8,0.001191278
23:20.8,0.001190831
23:21.8,0.001177195
23:22.8,0.001174804
23:23.8,0.001160151
23:24.8,0.001163211
23:25.8,0.001164382
23:26.8,0.001171584
23:27.8,0.00116313
23:28.8,0.001162023
23:29.8,0.001150699
23:30.8,0.001155706
23:31.8,0.001160903
23:32.8,0.001151536
23:33.8,0.001168397
23:34.8,0.001158985
23:35.8,0.00114858
23:36.8,0.001150004
23:37.8,0.001161784
23:38.8,0.001154496
23:39.8,0.001160033
23:40.8,0.001181014
23:41.7,0.001195613
23:42.7,0.001182254
23:43.7,0.001168041
23:44.7,0.001164204
23:45.7,0.001165078
23:46.7,0.001163546
23:47.7,0.001163352
23:48.7,0.001171961
23:49.7,0.001168862
23:50.7,0.001161481
23:51.7,0.001167978
23:52.7,0.001163695
23:53.7,0.001152135
23:54.7,0.001162715
23:55.7,0.001168487
23:56.7,0.001168815
23:57.7,0.001145152
23:58.7,0.001144074
23:59.7,0.00114201
24:00.7,0.001126625
24:01.7,0.001123044
24:02.7,0.00113597
24:03.7,0.001123842
24:04.7,0.001145274
24:05.7,0.001156921
24:06.7,0.001151495
24:07.7,0.001150536
24:08.7,0.001148417
24:09.7,0.001137381
24:10.7,0.001132914
24:11.7,0.001117576
24:12.7,0.001143346
24:13.7,0.001150476
24:14.7,0.001141709
24:15.7,0.001124244
24:16.7,0.001125401
24:17.7,0.001115261
24:18.7,0.001092639
24:19.7,0.001125606
24:20.7,0.0011264
24:21.7,0.001110899
24:22.7,0.001122864
24:23.7,0.001120089
24:24.7,0.001134262
24:25.7,0.001118127
24:26.7,0.001093131
24:27.7,0.001101845
24:28.7,0.001112287
24:29.7,0.001106978
24:30.7,0.001120624
24:31.7,0.001147482
24:32.7,0.001122557
24:33.7,0.00111659
24:34.7,0.00112518
24:35.7,0.001125731
24:36.7,0.001129121
24:37.7,0.001120235
24:38.7,0.001094773
24:39.7,0.001113328
24:40.7,0.001105129
24:41.7,0.001115056
24:42.6,0.001138044
24:43.6,0.001128812
24:44.6,0.001135588
24:45.6,0.001127564
24:46.6,0.001117288
24:47.6,0.001138174
24:48.6,0.001139596
24:49.6,0.001136519
24:50.6,0.001105385
24:51.6,0.00111628
24:52.6,0.00111636
24:53.6,0.001121069
24:54.6,0.001128746
24:55.6,0.001114655
24:56.6,0.001120234
24:57.6,0.001123812
24:58.6,0.001118679
24:59.6,0.001122028
25:00.6,0.001133016
25:01.6,0.001138704
25:02.6,0.001144153
25:03.6,0.001153397
25:04.6,0.001151599
25:05.6,0.001149955
25:06.6,0.001152729
25:07.6,0.00115678
25:08.6,0.001145876
25:09.6,0.001154697
25:10.6,0.001144881
25:11.6,0.001139851
25:12.6,0.001153063
25:13.6,0.001159231
25:14.6,0.001167599
25:15.6,0.001165886
25:16.6,0.001164379
25:17.6,0.001159452
25:18.6,0.001146833
25:19.6,0.001128143
25:20.6,0.001137218
25:21.6,0.001157184
25:22.6,0.001163724
25:23.6,0.001151851
25:24.6,0.001161192
25:25.6,0.001149624
25:26.6,0.001139441
25:27.6,0.001132294
25:28.6,0.001127116
25:29.6,0.001143687
25:30.6,0.001154289
25:31.6,0.001154303
25:32.6,0.001146772
25:33.6,0.001152595
25:34.6,0.001155876
25:35.6,0.001144807
25:36.6,0.001121766
25:37.6,0.001126005
25:38.6,0.001153259
25:39.6,0.001166485
25:40.6,0.001157173
25:41.6,0.001142073
25:42.6,0.001145647
25:43.5,0.001143952
25:44.5,0.001134431
25:45.5,0.001135106
25:46.5,0.001130241
25:47.5,0.001134197
25:48.5,0.001155906
25:49.5,0.001165706
25:50.5,0.001160204
25:51.5,0.001168946
25:52.5,0.00116323
25:53.5,0.001164032
25:54.5,0.001165889
25:55.5,0.001178813
25:56.5,0.001180033
25:57.5,0.001171375
25:58.5,0.001156366
25:59.5,0.001146965
26:00.5,0.001150436
26:01.5,0.001154866
26:02.5,0.001150708
26:03.5,0.00115818
26:04.5,0.001156942
26:05.5,0.00114536
26:06.5,0.001142196
26:07.5,0.001156101
26:08.5,0.001174847
26:09.5,0.001191348
26:10.5,0.001173985
26:11.5,0.001171813
26:12.5,0.001170448
26:13.5,0.001156265
26:14.5,0.001148312
26:15.5,0.001164736
26:16.5,0.001163488
26:17.5,0.001162864
26:18.5,0.001159736
26:19.5,0.001170717
26:20.5,0.001194264
26:21.5,0.001203037
26:22.5,0.001180154
26:23.5,0.001173318
26:24.5,0.001178147
26:25.5,0.001182454
26:26.5,0.001172936
26:27.5,0.001168594
26:28.5,0.001168406
26:29.5,0.001178433
26:30.5,0.001174466
26:31.5,0.001176125
26:32.5,0.00116312
26:33.5,0.001173243
26:34.5,0.001177925
26:35.5,0.001158547
26:36.5,0.001169456
26:37.5,0.001171174
26:38.5,0.001169372
26:39.5,0.001180561
26:40.5,0.00117519
26:41.5,0.001162115
26:42.5,0.001177712
26:43.5,0.001173084
26:44.4,0.001167386
26:45.4,0.001179111
26:46.4,0.001182204
26:47.4,0.001174213
26:48.4,0.001162833
26:49.4,0.001168936
26:50.4,0.001163412
26:51.4,0.001163873
26:52.4,0.001177758
26:53.4,0.001178113
26:54.4,0
26:55.4,-0.000380423
26:56.4,-0.000349185
26:57.4,-0.000355424
26:58.4,-0.000366044
26:59.4,-0.00036795
27:00.4,-0.000370752
27:01.4,-0.000364931
27:02.4,-0.000354621
27:03.4,-0.000348444
27:04.4,-0.000358546
27:05.4,-0.000367758
27:06.4,-0.000355105
27:07.4,-0.00033232
27:08.4,-0.000328602
27:09.4,-0.000351905
27:10.4,-0.000327562
27:11.4,-0.000319371
27:12.4,-0.00035318
27:13.4,-0.000344554
27:14.4,-0.000347273
27:15.4,-0.000343906
27:16.4,-0.00033523
27:17.4,-0.000330598
27:18.4,-0.000345387
27:19.4,-0.000336352
27:20.4,-0.000334679
27:21.4,-0.00033351
27:22.4,-0.000341059
27:23.4,-0.00034813
27:24.4,-0.000331769
27:25.4,-0.000312599
27:26.4,-0.000317373
27:27.4,-0.000314797
27:28.4,-0.000337576
27:29.4,-0.000337376
27:30.4,-0.000333711
27:31.4,-0.000330242
27:32.4,-0.00033262
27:33.4,-0.000317698
27:34.4,-0.000318867
27:35.4,-0.000323605
27:36.4,-0.000316052
27:37.4,-0.000309943
27:38.4,-0.000347297
27:39.4,-0.000343355
27:40.4,-0.000343453
27:41.4,-0.000336743
27:42.4,-0.000321786
27:43.4,-0.0003292
27:44.4,-0.000332033
27:45.3,-0.000334265
27:46.3,-0.000330581
27:47.3,-0.000317044
27:48.3,-0.000323326
27:49.3,-0.000318608
27:50.3,-0.000321872
27:51.3,-0.000331268
27:52.3,-0.000324149
27:53.3,-0.000320297
27:54.3,-0.000311103
27:55.3,-0.000310521
27:56.3,-0.000324763
27:57.3,-0.000341078
27:58.3,-0.000322013
27:59.3,-0.00031386
28:00.3,-0.000320376
28:01.3,-0.00030935
28:02.3,-0.000311375
28:03.3,-0.000313875
28:04.3,-0.000327375
28:05.3,-0.000309558
28:06.3,-0.000307254
28:07.3,-0.00031866
28:08.3,-0.000350875
28:09.3,-0.000356759
28:10.3,-0.000340324
28:11.3,-0.000332143
28:12.3,-0.000333161
28:13.3,-0.00034722
28:14.3,-0.000332828
28:15.3,-0.000322659
28:16.3,-0.00032275
28:17.3,-0.00032416
28:18.3,-0.000318726
28:19.3,-0.000337547
28:20.3,-0.000348751
28:21.3,-0.000339812
28:22.3,-0.00034644
28:23.3,-0.000355502
28:24.3,-0.00034482
28:25.3,-0.000357383
28:26.3,-0.000366724
28:27.3,-0.000351927
28:28.3,-0.000341133
28:29.3,-0.000337334
28:30.3,-0.000312406
28:31.3,-0.000319138
28:32.3,-0.000341538
28:33.3,-0.00035945
28:34.3,-0.00035364
28:35.3,-0.000365932
28:36.3,-0.000370326
28:37.3,-0.000331904
28:38.3,-0.00033051
28:39.3,-0.000326414
28:40.3,-0.000317704
28:41.3,-0.00033762
28:42.3,-0.000329676
28:43.3,-0.00031413
28:44.3,-0.000319866
28:45.3,-0.000310797
28:46.2,-0.000299029
28:47.2,-0.000279437
28:48.2,-0.000298872
28:49.2,-0.00031079
28:50.2,-0.000302196
28:51.2,-0.000286752
28:52.2,-0.000277807
28:53.2,-0.000273296
28:54.2,-0.000270763
28:55.2,-0.000264324
28:56.2,-0.000266751
28:57.2,-0.000268588
28:58.2,-0.000269519
28:59.2,-0.000285638
29:00.2,-0.000288842
29:01.2,-0.000283525
29:02.2,-0.000303022
29:03.2,-0.000292411
29:04.2,-0.000281478
29:05.2,-0.000290967
29:06.2,-0.000285921
29:07.2,-0.000285648
29:08.2,-0.000278063
29:09.2,-0.000291072
29:10.2,-0.000293739
29:11.2,-0.000302492
29:12.2,-0.000293607
29:13.2,-0.000297837
29:14.2,-0.000302896
29:15.2,-0.000295988
29:16.2,-0.000300009
29:17.2,-0.00028927
29:18.2,-0.000291445
29:19.2,-0.00031163
29:20.2,-0.000322336
29:21.2,-0.000320487
29:22.2,-0.000307289
29:23.2,-0.00031356
29:24.2,-0.000312564
29:25.2,-0.000324646
29:26.2,-0.000314992
29:27.2,-0.000317044
29:28.2,-0.000308378
29:29.2,-0.000304212
29:30.2,-0.000298953
29:31.2,-0.000320388
29:32.2,-0.000344295
29:33.2,-0.000353327
29:34.2,-0.000340264
29:35.2,-0.000338891
29:36.2,-0.000346844
29:37.2,-0.000356468
29:38.2,-0.00034001
29:39.2,-0.00033065
29:40.2,-0.000329412
29:41.2,-0.000325301
29:42.2,-0.000318891
29:43.2,-0.000325763
29:44.2,-0.000342538
29:45.2,-0.000353862
29:46.2,-0.000331431
29:47.1,-0.000327181
29:48.1,-0.000325902
29:49.1,-0.000328467
29:50.1,-0.000314572
29:51.1,-0.000309777
29:52.1,-0.000287977
29:53.1,-0.000287655
29:54.1,-0.000293208
29:55.1,-0.000316814
29:56.1,-0.000315949
29:57.1,-0.000327534
29:58.1,-0.000358225
29:59.1,-0.000353875
30:00.1,-0.000347337
30:01.1,-0.00037721
30:02.1,-0.00036273
30:03.1,-0.000353916
30:04.1,-0.000351782
30:05.1,-0.000357687
30:06.1,-0.000350759
30:07.1,-0.000349924
30:08.1,-0.000341491
30:09.1,-0.000334615
30:10.1,-0.000339498
30:11.1,-0.000340375
30:12.1,-0.000342968
30:13.1,-0.000343094
30:14.1,-0.000345747
30:15.1,-0.00034298
30:16.1,-0.000343974
30:17.1,-0.000355351
30:18.1,-0.000353525
30:19.1,-0.000339562
30:20.1,-0.000328876
30:21.1,-0.000310779
30:22.1,-0.000315657
30:23.1,-0.000315626
30:24.1,-0.000317648
30:25.1,-0.000319879
30:26.1,-0.000327339
30:27.1,-0.000317844
30:28.1,-0.000307208
30:29.1,-0.000293451
30:30.1,-0.000302044
30:31.1,-0.000298111
30:32.1,-0.000314458
30:33.1,-0.000318841
30:34.1,-0.000306741
30:35.1,-0.000317509
30:36.1,-0.000310034
30:37.1,-0.000301594
30:38.1,-0.00029364
30:39.1,-0.000311554
30:40.1,-0.000311286
30:41.1,-0.000325846
30:42.1,-0.000312555
30:43.1,-0.000314475
30:44.1,-0.000315853
30:45.1,-0.000306196
30:46.1,-0.000327494
30:47.1,-0.000318824
30:48.0,-0.000326004
30:49.0,-0.000311218
30:50.0,-0.000301599
30:51.0,-0.000293769
30:52.0,-0.000302044
30:53.0,-0.000304137
30:54.0,-0.000313275
30:55.0,-0.000309778
30:56.0,-0.000340117
30:57.0,-0.000357151
30:58.0,-0.00035578
30:59.0,-0.000350396
31:00.0,-0.000363487
31:01.0,-0.000372665
31:02.0,-0.00040044
31:03.0,-0.000396472
31:04.0,-0.00036922
31:05.0,-0.000368966
31:06.0,-0.000352067
31:07.0,-0.000322404
31:08.0,-0.000321532
31:09.0,-0.000359013
31:10.0,-0.000370506
31:11.0,-0.000396227
31:12.0,-0.000400977
31:13.0,-0.000387448
31:14.0,-0.000364488
31:15.0,-0.000344143
31:16.0,-0.000357254
31:17.0,-0.000352493
31:18.0,-0.000343037
31:19.0,-0.000340097
31:20.0,-0.000357594
31:21.0,-0.000370033
31:22.0,-0.000367858
31:23.0,-0.000353071
31:24.0,-0.000384331
31:25.0,-0.000398945
31:26.0,-0.000406925
31:27.0,-0.000413475
31:28.0,-0.000413036
31:29.0,-0.000404433
31:30.0,-0.000408127
31:31.0,-0.000431071
31:32.0,-0.000421716
31:33.0,-0.000414578
31:34.0,-0.00041907
31:35.0,-0.000422012
31:36.0,-0.000415397
31:37.0,-0.000423133
31:38.0,-0.000410277
31:39.0,-0.000418329
31:40.0,-0.000455917
31:41.0,-0.000479826
31:42.0,-0.00048102
31:43.0,-0.000491284
31:44.0,-0.000482177
31:45.0,-0.000478371
31:46.0,-0.000477687
31:47.0,-0.000467174
31:48.0,-0.000481132
31:48.9,-0.000495657
31:49.9,-0.000490361
31:50.9,-0.000484359
31:51.9,-0.000495772
31:52.9,-0.000493206
31:53.9,-0.000488614
31:54.9,-0.000477484
31:55.9,-0.000479309
31:56.9,-0.000486965
31:57.9,-0.000473204
31:58.9,-0.000466956
31:59.9,-0.000470717
32:00.9,-0.00046112
32:01.9,-0.00048552
32:02.9,-0.000491593
32:03.9,-0.000493072
32:04.9,-0.000493114
32:05.9,-0.000465233
32:06.9,-0.000465216
32:07.9,-0.000457087
32:08.9,-0.000446885
32:09.9,-0.000438167
32:10.9,-0.000446514
32:11.9,-0.000428597
32:12.9,-0.000430077
32:13.9,-0.000435209
32:14.9,-0.00044668
32:15.9,-0.000426636
32:16.9,-0.000416725
32:17.9,-0.000419827
32:18.9,-0.000428627
32:19.9,-0.000447181
32:20.9,-0.000452035
32:21.9,-0.000432721
32:22.9,-0.000421269
32:23.9,-0.000410469
32:24.9,-0.00040211
32:25.9,-0.000377441
32:26.9,-0.000362999
32:27.9,-0.000379456
32:28.9,-0.000388467
32:29.9,-0.000359529
32:30.9,-0.000357736
32:31.9,-0.000364823
32:32.9,-0.000379355
32:33.9,-0.000373174
32:34.9,-0.000369134
32:35.9,-0.000377253
32:36.9,-0.000367051
32:37.9,-0.000387548
32:38.9,-0.000416321
32:39.9,-0.000429153
32:40.9,-0.000421545
32:41.9,-0.000454855
32:42.9,-0.000440521
32:43.9,-0.000428771
32:44.9,-0.00044578
32:45.9,-0.000427953
32:46.9,-0.000434043
32:47.9,-0.000441586
32:48.9,-0.000451646
32:49.9,-0.00044585
32:50.8,-0.00044576
32:51.8,-0.000433008
32:52.8,-0.000445901
32:53.8,-0.000444322
32:54.8,-0.000429282
32:55.8,-0.000438742
32:56.8,-0.00043243
32:57.8,-0.0004312
32:58.8,-0.000414174
32:59.8,-0.000406339
33:00.8,-0.000404062
33:01.8,-0.000416872
33:02.8,-0.000429922
33:03.8,-0.000442187
33:04.8,-0.000423265
33:05.8,-0.000431898
33:06.8,-0.000452207
33:07.8,-0.000455386
33:08.8,-0.000416081
33:09.8,-0.000439842
33:10.8,-0.000437342
33:11.8,-0.000439419
33:12.8,-0.00045028
33:13.8,-0.000452071
33:14.8,-0.000440892
33:15.8,-0.000468514
33:16.8,-0.000450462
33:17.8,-0.000438158
33:18.8,-0.000452383
33:19.8,-0.000447606
33:20.8,-0.000456133
33:21.8,-0.000464016
33:22.8,-0.000496278
33:23.8,-0.000448293
33:24.8,-0.000434485
33:25.8,-0.000424719
33:26.8,-0.000435674
33:27.8,-0.00042462
33:28.8,-0.00039721
33:29.8,-0.000427175
33:30.8,-0.000483382
33:31.8,-0.000481447
33:32.8,-0.000486372
33:33.8,-0.000462861
33:34.8,-0.000435914
33:35.8,-0.000417812
33:36.8,-0.000429743
33:37.8,-0.000441944
33:38.8,-0.000484976
33:39.8,-0.000490104
33:40.8,-0.000465224
33:41.8,-0.000464276
33:42.8,-0.000479479
33:43.8,-0.000465317
33:44.8,-0.000437134
33:45.8,-0.000413381
33:46.8,-0.000403719
33:47.8,-0.000401628
33:48.8,-0.000388708
33:49.8,-0.000389196
33:50.8,-0.000382156
33:51.7,-0.00037844
33:52.7,-0.000387277
33:53.7,-0.00039257
33:54.7,-0.000370014
33:55.7,-0.000372468
33:56.7,-0.000395147
33:57.7,-0.000408055
33:58.7,-0.000430079
33:59.7,-0.000450148
34:00.7,-0.000463113
34:01.7,-0.00045858
34:02.7,-0.000454483
34:03.7,-0.000419229
34:04.7,-0.000433456
34:05.7,-0.000436395
34:06.7,-0.000414266
34:07.7,-0.000432435
34:08.7,-0.000463535
34:09.7,-0.000449989
34:10.7,-0.000466617
34:11.7,-0.000456837
34:12.7,-0.000455963
34:13.7,-0.000461008
34:14.7,-0.00048382
34:15.7,-0.000492311
34:16.7,-0.000498687
34:17.7,-0.00047989
34:18.7,-0.000465543
34:19.7,-0.000476903
34:20.7,-0.000464829
34:21.7,-0.000438589
34:22.7,-0.0004564
34:23.7,-0.000449786
34:24.7,-0.000471019
34:25.7,-0.000465745
34:26.7,-0.000465531
34:27.7,-0.000466964
34:28.7,-0.000458613
34:29.7,-0.000409179
34:30.7,-0.000400177
34:31.7,-0.000401378
34:32.7,-0.0004243
34:33.7,-0.000434919
34:34.7,-0.000434928
34:35.7,-0.000431346
34:36.7,-0.000403961
34:37.7,-0.000393912
34:38.7,-0.000389628
34:39.7,-0.000392288
34:40.7,-0.000432135
34:41.7,-0.000419296
34:42.7,-0.000421206
34:43.7,-0.000406584
34:44.7,-0.000401071
34:45.7,-0.000404588
34:46.7,-0.000382196
34:47.7,-0.000421841
34:48.7,-0.000433449
34:49.7,-0.000391818
34:50.7,-0.000363622
34:51.7,-0.000373826
34:52.6,-0.000362653
34:53.6,-0.000376927
34:54.6,-0.000388547
34:55.6,-0.000394193
34:56.6,-0.000396537
34:57.6,-0.000409791
34:58.6,-0.000377036
34:59.6,-0.000365542
35:00.6,-0.000366584
35:01.6,-0.000366936
35:02.6,-0.00036901
35:03.6,-0.000374657
35:04.6,-0.000373724
35:05.6,-0.000389114
35:06.6,-0.000396971
35:07.6,-0.000410681
35:08.6,-0.000393545
35:09.6,-0.000381326
35:10.6,-0.000357798
35:11.6,-0.00037364
35:12.6,-0.000373968
35:13.6,-0.000388985
35:14.6,-0.00038658
35:15.6,-0.000355691
35:16.6,-0.000334323
35:17.6,-0.000282778
35:18.6,-0.00028009
35:19.6,-0.000286617
35:20.6,-0.000312203
35:21.6,-0.000296528
35:22.6,-0.000299752
35:23.6,-0.00030192
35:24.6,-0.000297487
35:25.6,-0.000344235
35:26.6,-0.000371268
35:27.6,-0.000362667
35:28.6,-0.000315179
35:29.6,-0.000274279
35:30.6,-0.000289245
35:31.6,-0.000253424
35:32.6,-0.000263757
35:33.6,-0.000306935
35:34.6,-0.000325795
35:35.6,-0.000315631
35:36.6,-0.000270108
35:37.6,-0.000297332
35:38.6,-0.000328236
35:39.6,-0.000345119
35:40.6,-0.000308178
35:41.6,-0.000331913
35:42.6,-0.000340741
35:43.6,-0.000317558
35:44.6,-0.000347823
35:45.6,-0.000348567
35:46.6,-0.000340315
35:47.6,-0.000329948
35:48.6,-0.000315354
35:49.6,-0.000335289
35:50.6,-0.000362607
35:51.6,-0.000361646
35:52.6,-0.000357727
35:53.5,-0.000347288
35:54.5,-0.000340716
35:55.5,-0.000353122
35:56.5,-0.000349086
35:57.5,-0.000323649
35:58.5,-0.000346668
35:59.5,-0.000365041
36:00.5,-0.000360606
36:01.5,-0.000352287
36:02.5,-0.00036901
36:03.5,-0.00037448
36:04.5,-0.000404217
36:05.5,-0.000407619
36:06.5,-0.000382793
36:07.5,-0.000383064
36:08.5,-0.000396754
36:09.5,-0.000422605
36:10.5,-0.00041006
36:11.5,-0.000408104
36:12.5,-0.000402692
36:13.5,-0.000406748
36:14.5,-0.000392666
36:15.5,-0.000422723
36:16.5,-0.000448156
36:17.5,-0.000456368
36:18.5,-0.000435785
36:19.5,-0.000433892
36:20.5,-0.000456401
36:21.5,-0.000420152
36:22.5,-0.000411271
36:23.5,-0.000443967
36:24.5,-0.000478531
36:25.5,-0.000488164
36:26.5,-0.00045023
36:27.5,-0.000456315
36:28.5,-0.000432646
36:29.5,-0.000424141
36:30.5,-0.000420599
36:31.5,-0.000401866
36:32.5,-0.000392127
36:33.5,-0.000397355
36:34.5,-0.000395232
36:35.5,-0.000383808
36:36.5,-0.000404552
36:37.5,-0.00039439
36:38.5,-0.000399595
36:39.5,-0.000398245
36:40.5,-0.000397295
36:41.5,-0.000401977
36:42.5,-0.000407296
36:43.5,-0.000384218
36:44.5,-0.000366038
36:45.5,-0.000384135
36:46.5,-0.000357399
36:47.5,-0.000372148
36:48.5,-0.000396637
36:49.5,-0.000412927
36:50.5,-0.000420757
36:51.5,-0.000397065
36:52.5,-0.000390057
36:53.5,-0.000392082
36:54.4,0
36:55.4,0.001426503
36:56.4,0.001258277
36:57.4,0.001257181
36:58.4,0.001271941
36:59.4,0.00130068
37:00.4,0.001263329
37:01.4,0.001219934
37:02.4,0.00123685
37:03.4,0.001236484
37:04.4,0.001256964
37:05.4,0.001237693
37:06.4,0.001203666
37:07.4,0.001228178
37:08.4,0.001241955
37:09.4,0.0012392
37:10.4,0.001208348
37:11.4,0.00121776
37:12.4,0.001270956
37:13.4,0.001250471
37:14.4,0.001245332
37:15.4,0.001244942
37:16.4,0.001244575
37:17.4,0.001216644
37:18.4,0.001250662
37:19.4,0.001234018
37:20.4,0.001225022
37:21.4,0.001246704
37:22.4,0.001249578
37:23.4,0.001267557
37:24.4,0.001266438
37:25.4,0.001256717
37:26.4,0.001262204
37:27.4,0.001264012
37:28.4,0.001319385
37:29.4,0.001295104
37:30.4,0.001297024
37:31.4,0.001292923
37:32.4,0.001289591
37:33.4,0.001317657
37:34.4,0.001304134
37:35.4,0.001300183
37:36.4,0.001284203
37:37.4,0.001279366
37:38.4,0.00131977
37:39.4,0.001326097
37:40.4,0.001304931
37:41.4,0.001303495
37:42.4,0.001315076
37:43.4,0.001315309
37:44.4,0.001300063
37:45.4,0.001284955
37:46.4,0.001293242
37:47.4,0.001280239
37:48.4,0.001294524
37:49.4,0.001284405
37:50.4,0.001284749
37:51.4,0.001271533
37:52.4,0.001293252
37:53.4,0.001287886
37:54.4,0.001282528
37:55.3,0.001308313
37:56.3,0.001301586
37:57.3,0.001300817
37:58.3,0.001293004
37:59.3,0.001271724
38:00.3,0.001256959
38:01.3,0.001273352
38:02.3,0.001271841
38:03.3,0.001275482
38:04.3,0.001277734
38:05.3,0.001261169
38:06.3,0.001269606
38:07.3,0.001288651
38:08.3,0.001290793
38:09.3,0.001289554
38:10.3,0.001307206
38:11.3,0.00130506
38:12.3,0.001298811
38:13.3,0.001296283
38:14.3,0.001290247
38:15.3,0.001291208
38:16.3,0.001294293
38:17.3,0.001326923
38:18.3,0.001302128
38:19.3,0.001281209
38:20.3,0.001284489
38:21.3,0.001261475
38:22.3,0.001265162
38:23.3,0.001261237
38:24.3,0.00128109
38:25.3,0.001309448
38:26.3,0.001330599
38:27.3,0.00134491
38:28.3,0.001357999
38:29.3,0.00136961
38:30.3,0.001364326
38:31.3,0.00134488
38:32.3,0.001331911
38:33.3,0.001355264
38:34.3,0.001337659
38:35.3,0.001317054
38:36.3,0.001307701
38:37.3,0.001317573
38:38.3,0.001350586
38:39.3,0.001346245
38:40.3,0.001352077
38:41.3,0.001336398
38:42.3,0.001331035
38:43.3,0.001320524
38:44.3,0.001323242
38:45.3,0.001320914
38:46.3,0.001330001
38:47.3,0.001340546
38:48.3,0.00133012
38:49.3,0.001342263
38:50.3,0.001335278
38:51.3,0.001341238
38:52.3,0.001350118
38:53.3,0.001318301
38:54.3,0.00133066
38:55.3,0.001324569
38:56.2,0.001322055
38:57.2,0.001322032
38:58.2,0.001325075
38:59.2,0.001369954
39:00.2,0.00138926
39:01.2,0.001397341
39:02.2,0.001399549
39:03.2,0.001402549
39:04.2,0.00138332
39:05.2,0.001370485
39:06.2,0.001390304
39:07.2,0.001396583
39:08.2,0.001379123
39:09.2,0.00139643
39:10.2,0.001392202
39:11.2,0.001398135
39:12.2,0.001391059
39:13.2,0.001392489
39:14.2,0.001394019
39:15.2,0.001382451
39:16.2,0.001362415
39:17.2,0.001335659
39:18.2,0.001344491
39:19.2,0.001348466
39:20.2,0.001336938
39:21.2,0.001319224
39:22.2,0.001309414
39:23.2,0.001304308
39:24.2,0.001304325
39:25.2,0.001305083
39:26.2,0.001307158
39:27.2,0.001310787
39:28.2,0.001329494
39:29.2,0.001337078
39:30.2,0.001325082
39:31.2,0.001307686
39:32.2,0.001326703
39:33.2,0.00132943
39:34.2,0.001328019
39:35.2,0.001335235
39:36.2,0.00133781
39:37.2,0.001316998
39:38.2,0.001319646
39:39.2,0.001310377
39:40.2,0.001293333
39:41.2,0.001294865
39:42.2,0.001274905
39:43.2,0.001287246
39:44.2,0.001310903
39:45.2,0.001313026
39:46.2,0.001297838
39:47.2,0.001271922
39:48.2,0.001305527
39:49.2,0.001343275
39:50.2,0.001365023
39:51.2,0.001345969
39:52.2,0.001316
39:53.2,0.001315502
39:54.2,0.001297316
39:55.2,0.001287942
39:56.2,0.001304606
39:57.1,0.001308963
39:58.1,0.001295191
39:59.1,0.001288904
40:00.1,0.001301199
40:01.1,0.001290112
40:02.1,0.001291477
40:03.1,0.001294883
40:04.1,0.001291053
40:05.1,0.001278439
40:06.1,0.001287107
40:07.1,0.001291555
40:08.1,0.001289237
40:09.1,0.001286793
40:10.1,0.00128048
40:11.1,0.001269583
40:12.1,0.00124679
40:13.1,0.001254837
40:14.1,0.001236113
40:15.1,0.001213331
40:16.1,0.001236373
40:17.1,0.001258675
40:18.1,0.001256606
40:19.1,0.001254641
40:20.1,0.001280926
40:21.1,0.001289412
40:22.1,0.001285005
40:23.1,0.001264238
40:24.1,0.001271505
40:25.1,0.001275634
40:26.1,0.001266589
40:27.1,0.001257559
40:28.1,0.001260972
40:29.1,0.001228286
40:30.1,0.001228046
40:31.1,0.001280478
40:32.1,0.001297902
40:33.1,0.001280205
40:34.1,0.001283505
40:35.1,0.001296954
40:36.1,0.001298961
40:37.1,0.001282095
40:38.1,0.001281981
40:39.1,0.001273316
40:40.1,0.001265425
40:41.1,0.00127777
40:42.1,0.001295528
40:43.1,0.001304473
40:44.1,0.001316989
40:45.1,0.001314191
40:46.1,0.001291296
40:47.1,0.001301177
40:48.1,0.001326265
40:49.1,0.001339196
40:50.1,0.001331406
40:51.1,0.001298061
40:52.1,0.001281007
40:53.1,0.001292363
40:54.1,0.001301559
40:55.1,0.001324852
40:56.1,0.001316778
40:57.1,0.001299432
40:58.1,0.001280864
40:59.0,0.001243381
41:00.0,0.001235857
41:01.0,0.001236672
41:02.0,0.001263615
41:03.0,0.0012754
41:04.0,0.00125189
41:05.0,0.001242389
41:06.0,0.001236728
41:07.0,0.001271268
41:08.0,0.001260034
41:09.0,0.001245677
41:10.0,0.00125956
41:11.0,0.001226441
41:12.0,0.001261056
41:13.0,0.001281671
41:14.0,0.001253058
41:15.0,0.001250488
41:16.0,0.001269762
41:17.0,0.0012727
41:18.0,0.001262665
41:19.0,0.00125908
41:20.0,0.001232259
41:21.0,0.001228091
41:22.0,0.001246825
41:23.0,0.001250339
41:24.0,0.001269705
41:25.0,0.001258528
41:26.0,0.001261134
41:27.0,0.0012495
41:28.0,0.001261321
41:29.0,0.001294192
41:30.0,0.001307922
41:31.0,0.001305855
41:32.0,0.001287282
41:33.0,0.001290499
41:34.0,0.001282607
41:35.0,0.001280167
41:36.0,0.001247458
41:37.0,0.001222805
41:38.0,0.001268938
41:39.0,0.001281716
41:40.0,0.00128576
41:41.0,0.001282163
41:42.0,0.001279204
41:43.0,0.001260681
41:44.0,0.001262919
41:45.0,0.001269499
41:46.0,0.001267241
41:47.0,0.00126015
41:48.0,0.00126996
41:49.0,0.001271905
41:50.0,0.001273108
41:51.0,0.001249957
41:52.0,0.001229342
41:53.0,0.001222895
41:54.0,0.001228465
41:55.0,0.001233968
41:56.0,0.001230775
41:57.0,0.001225214
41:58.0,0.001231253
41:59.0,0.001244514
41:59.9,0.001239255
42:00.9,0.00123185
42:01.9,0.001237658
42:02.9,0.001237987
42:03.9,0.001236869
42:04.9,0.00122767
42:05.9,0.001207611
42:06.9,0.001210581
42:07.9,0.001215472
42:08.9,0.00123172
42:09.9,0.001236584
42:10.9,0.001251573
42:11.9,0.001269739
42:12.9,0.001243957
42:13.9,0.00122899
42:14.9,0.00122164
42:15.9,0.001231658
42:16.9,0.00122821
42:17.9,0.001255124
42:18.9,0.001241713
42:19.9,0.001213801
42:20.9,0.00123076
42:21.9,0.001221053
42:22.9,0.001244561
42:23.9,0.001244871
42:24.9,0.001253036
42:25.9,0.001266691
42:26.9,0.001260926
42:27.9,0.001263705
42:28.9,0.001265292
42:29.9,0.001257936
42:30.9,0.001246123
42:31.9,0.001259898
42:32.9,0.001284945
42:33.9,0.001298648
42:34.9,0.001290862
42:35.9,0.001287562
42:36.9,0.001293223
42:37.9,0.001292143
42:38.9,0.00130935
42:39.9,0.001314512
42:40.9,0.001291418
42:41.9,0.001279513
42:42.9,0.001295317
42:43.9,0.001294975
42:44.9,0.001303585
42:45.9,0.001294588
42:46.9,0.001270694
42:47.9,0.001281724
42:48.9,0.001290095
42:49.9,0.001308294
42:50.9,0.001307145
42:51.9,0.001301433
42:52.9,0.001300405
42:53.9,0.001298964
42:54.9,0.001302768
42:55.9,0.001298578
42:56.9,0.001298467
42:57.9,0.001285942
42:58.9,0.001247015
42:59.9,0.001266601
43:00.8,0.00126105
43:01.8,0.001269138
43:02.8,0.00129828
43:03.8,0.001300673
43:04.8,0.001335629
43:05.8,0.001333734
43:06.8,0.001302472
43:07.8,0.001309498
43:08.8,0.001283728
43:09.8,0.001288425
43:10.8,0.0012983
43:11.8,0.001292082
43:12.8,0.001288415
43:13.8,0.001305782
43:14.8,0.001325883
43:15.8,0.001308714
43:16.8,0.001282605
43:17.8,0.001308634
43:18.8,0.001299955
43:19.8,0.001307971
43:20.8,0.001310886
43:21.8,0.001307677
43:22.8,0.001292544
43:23.8,0.001284657
43:24.8,0.001277714
43:25.8,0.001294623
43:26.8,0.001297875
43:27.8,0.00129349
43:28.8,0.00129823
43:29.8,0.001311306
43:30.8,0.001295628
43:31.8,0.001290379
43:32.8,0.001285774
43:33.8,0.001290283
43:34.8,0.001286181
43:35.8,0.001285951
43:36.8,0.001288429
43:37.8,0.001289391
43:38.8,0.001314519
43:39.8,0.00131504
43:40.8,0.001304953
43:41.8,0.001300278
43:42.8,0.001304644
43:43.8,0.001302099
43:44.8,0.001283136
43:45.8,0.001283168
43:46.8,0.001295498
43:47.8,0.001298678
43:48.8,0.001301139
43:49.8,0.001301358
43:50.8,0.001321095
43:51.8,0.001310377
43:52.8,0.001307518
43:53.8,0.001297662
43:54.8,0.001286736
43:55.8,0.001294575
43:56.8,0.001291168
43:57.8,0.001279024
43:58.8,0.001285682
43:59.8,0.001303849
44:00.8,0.001309617
44:01.7,0.001340657
44:02.7,0.001344872
44:03.7,0.00133354
44:04.7,0.001332521
44:05.7,0.001332185
44:06.7,0.001331642
44:07.7,0.001332128
44:08.7,0.001336583
44:09.7,0.00134182
44:10.7,0.001341797
44:11.7,0.001362598
44:12.7,0.00137334
44:13.7,0.001376133
44:14.7,0.001375421
44:15.7,0.001370976
44:16.7,0.001363534
44:17.7,0.001360344
44:18.7,0.001369793
44:19.7,0.001373026
44:20.7,0.001379172
44:21.7,0.001383369
44:22.7,0.001332537
44:23.7,0.0013134
44:24.7,0.001323241
44:25.7,0.001334477
44:26.7,0.001325825
44:27.7,0.001306806
44:28.7,0.001296523
44:29.7,0.001301337
44:30.7,0.001329141
44:31.7,0.001334798
44:32.7,0.001328056
44:33.7,0.00132135
44:34.7,0.001329739
44:35.7,0.00134837
44:36.7,0.001346591
44:37.7,0.001347155
44:38.7,0.001340101
44:39.7,0.001317153
44:40.7,0.001299799
44:41.7,0.001308788
44:42.7,0.001308853
44:43.7,0.001318401
44:44.7,0.001319962
44:45.7,0.001294988
44:46.7,0.001312372
44:47.7,0.001295514
44:48.7,0.001286805
44:49.7,0.001284972
44:50.7,0.001277963
44:51.7,0.001268448
44:52.7,0.001276887
44:53.7,0.001281469
44:54.7,0.001283002
44:55.7,0.001282987
44:56.7,0.001284089
44:57.7,0.001267353
44:58.7,0.001257825
44:59.7,0.001264652
45:00.7,0.001234589
45:01.7,0.001228296
45:02.6,0.001246494
45:03.6,0.001263674
45:04.6,0.001259854
45:05.6,0.001247388
45:06.6,0.001248911
45:07.6,0.001272467
45:08.6,0.001263562
45:09.6,0.001249007
45:10.6,0.00126624
45:11.6,0.001275377
45:12.6,0.00127443
45:13.6,0.001279997
45:14.6,0.001266146
45:15.6,0.001266486
45:16.6,0.001250557
45:17.6,0.001246291
45:18.6,0.001250554
45:19.6,0.001252929
45:20.6,0.001271671
45:21.6,0.00127487
45:22.6,0.001253157
45:23.6,0.001238521
45:24.6,0.001232778
45:25.6,0.001230188
45:26.6,0.001235721
45:27.6,0.001233708
45:28.6,0.001233962
45:29.6,0.001234621
45:30.6,0.001234573
45:31.6,0.001228434
45:32.6,0.00123611
45:33.6,0.001236211
45:34.6,0.001242647
45:35.6,0.001242589
45:36.6,0.001219678
45:37.6,0.00122642
45:38.6,0.001213137
45:39.6,0.001225283
45:40.6,0.001236217
45:41.6,0.001248798
45:42.6,0.001242871
45:43.6,0.001233746
45:44.6,0.00124637
45:45.6,0.001254609
45:46.6,0.001252684
45:47.6,0.001245749
45:48.6,0.001230782
45:49.6,0.001218346
45:50.6,0.001221948
45:51.6,0.001224738
45:52.6,0.001226884
45:53.6,0.00123539
45:54.6,0.001237487
45:55.6,0.001231898
45:56.6,0.00123602
45:57.6,0.001241577
45:58.6,0.001251575
45:59.6,0.001250904
46:00.6,0.001259768
46:01.6,0.001259664
46:02.6,0.00125063
46:03.5,0.001255163
46:04.5,0.001235282
46:05.5,0.001236564
46:06.5,0.001232357
46:07.5,0.001226738
46:08.5,0.001228942
46:09.5,0.001248706
46:10.5,0.001253714
46:11.5,0.001248543
46:12.5,0.001239287
46:13.5,0.001263757
46:14.5,0.001256334
46:15.5,0.001256451
46:16.5,0.001279586
46:17.5,0.001295739
46:18.5,0.001285304
46:19.5,0.001291282
46:20.5,0.001298602
46:21.5,0.001276569
46:22.5,0.001268397
46:23.5,0.001286963
46:24.5,0.001298739
46:25.5,0.001307632
46:26.5,0.001284114
46:27.5,0.001284985
46:28.5,0.001290198
46:29.5,0.001269942
46:30.5,0.001265769
46:31.5,0.001272763
46:32.5,0.001280895
46:33.5,0.001293023
46:34.5,0.001275077
46:35.5,0.001275852
46:36.5,0.001280916
46:37.5,0.001280239
46:38.5,0.001312377
46:39.5,0.001309695
46:40.5,0.001309677
46:41.5,0.001309813
46:42.5,0.001321692
46:43.5,0.001302592
46:44.5,0.001293656
46:45.5,0.001303323
46:46.5,0.001286188
46:47.5,0.001287149
46:48.5,0.001276218
46:49.5,0.001274802
46:50.5,0.001278233
46:51.5,0.001281806
46:52.5,0.001273721
46:53.5,0.001285086
46:54.5,0
46:55.5,-0.000240022
46:56.5,-0.000227781
46:57.5,-0.000225996
46:58.5,-0.00022613
46:59.5,-0.000232229
47:00.5,-0.000209346
47:01.5,-0.000231169
47:02.5,-0.000235965
47:03.5,-0.00022138
47:04.4,-0.000225163
47:05.4,-0.000233328
47:06.4,-0.000216605
47:07.4,-0.000219535
47:08.4,-0.000227353
47:09.4,-0.000232116
47:10.4,-0.000221208
47:11.4,-0.000237939
47:12.4,-0.000242492
47:13.4,-0.000221484
47:14.4,-0.000227279
47:15.4,-0.000227388
47:16.4,-0.000233238
47:17.4,-0.000227306
47:18.4,-0.000222183
47:19.4,-0.000232052
47:20.4,-0.000257
47:21.4,-0.00025115
47:22.4,-0.00024808
47:23.4,-0.000246398
47:24.4,-0.000252476
47:25.4,-0.000256325
47:26.4,-0.000259157
47:27.4,-0.000249045
47:28.4,-0.000256579
47:29.4,-0.000237221
47:30.4,-0.000243286
47:31.4,-0.000247805
47:32.4,-0.000243811
47:33.4,-0.000242664
47:34.4,-0.000261521
47:35.4,-0.0002541
47:36.4,-0.00026696
47:37.4,-0.000278417
47:38.4,-0.000273713
47:39.4,-0.000266042
47:40.4,-0.0003047
47:41.4,-0.000296033
47:42.4,-0.000264624
47:43.4,-0.000266844
47:44.4,-0.000265493
47:45.4,-0.000236319
47:46.4,-0.000220611
47:47.4,-0.000238733
47:48.4,-0.000243149
47:49.4,-0.000263753
47:50.4,-0.000273293
47:51.4,-0.000271464
47:52.4,-0.000287195
47:53.4,-0.000266777
47:54.4,-0.000266928
47:55.4,-0.000257801
47:56.4,-0.00026033
47:57.4,-0.00024609
47:58.4,-0.000253145
47:59.4,-0.000237846
48:00.4,-0.000236434
48:01.4,-0.000236545
48:02.4,-0.000240679
48:03.4,-0.00023166
48:04.4,-0.000250129
48:05.3,-0.000261938
48:06.3,-0.000264224
48:07.3,-0.000291882
48:08.3,-0.000268219
48:09.3,-0.000242082
48:10.3,-0.000223054
48:11.3,-0.000234055
48:12.3,-0.000242399
48:13.3,-0.000277562
48:14.3,-0.000256369
48:15.3,-0.000273029
48:16.3,-0.000287567
48:17.3,-0.000245762
48:18.3,-0.000259135
48:19.3,-0.000276821
48:20.3,-0.000240007
48:21.3,-0.000223322
48:22.3,-0.000222357
48:23.3,-0.000251011
48:24.3,-0.000251933
48:25.3,-0.000246898
48:26.3,-0.000235926
48:27.3,-0.00022681
48:28.3,-0.000254426
48:29.3,-0.000254218
48:30.3,-0.000266541
48:31.3,-0.000259633
48:32.3,-0.000260645
48:33.3,-0.000277637
48:34.3,-0.000241961
48:35.3,-0.000229876
48:36.3,-0.000236762
48:37.3,-0.000243317
48:38.3,-0.000261677
48:39.3,-0.000273884
48:40.3,-0.000248672
48:41.3,-0.000257861
48:42.3,-0.000268097
48:43.3,-0.000246338
48:44.3,-0.000269322
48:45.3,-0.000303003
48:46.3,-0.00027323
48:47.3,-0.000280968
48:48.3,-0.000280875
48:49.3,-0.000282763
48:50.3,-0.000264131
48:51.3,-0.000253316
48:52.3,-0.000259414
48:53.3,-0.00024917
48:54.3,-0.000256916
48:55.3,-0.000287869
48:56.3,-0.000278385
48:57.3,-0.00028474
48:58.3,-0.000282515
48:59.3,-0.000263483
49:00.3,-0.000265836
49:01.3,-0.000259284
49:02.3,-0.000249267
49:03.3,-0.000259396
49:04.3,-0.000267683
49:05.3,-0.000248396
49:06.2,-0.000270009
49:07.2,-0.000300193
49:08.2,-0.000285631
49:09.2,-0.000266951
49:10.2,-0.000265551
49:11.2,-0.000262316
49:12.2,-0.000251938
49:13.2,-0.000258186
49:14.2,-0.000267748
49:15.2,-0.000284294
49:16.2,-0.000277416
49:17.2,-0.000254668
49:18.2,-0.000249541
49:19.2,-0.000270031
49:20.2,-0.000274251
49:21.2,-0.000256677
49:22.2,-0.000253617
49:23.2,-0.000270994
49:24.2,-0.000261989
49:25.2,-0.000256319
49:26.2,-0.000247147
49:27.2,-0.000254198
49:28.2,-0.000273449
49:29.2,-0.000289236
49:30.2,-0.000272781
49:31.2,-0.000254667
49:32.2,-0.000259556
49:33.2,-0.000257368
49:34.2,-0.000254747
49:35.2,-0.000265232
49:36.2,-0.000259974
49:37.2,-0.000260254
49:38.2,-0.000267284
49:39.2,-0.000274495
49:40.2,-0.000239849
49:41.2,-0.00023655
49:42.2,-0.000232017
49:43.2,-0.000230204
49:44.2,-0.000251974
49:45.2,-0.000243129
49:46.2,-0.000241013
49:47.2,-0.000256482
49:48.2,-0.000260697
49:49.2,-0.000272331
49:50.2,-0.000275315
49:51.2,-0.000283332
49:52.2,-0.0002812
49:53.2,-0.000271494
49:54.2,-0.000259254
49:55.2,-0.000270946
49:56.2,-0.000270303
49:57.2,-0.000260654
49:58.2,-0.000255753
49:59.2,-0.000272912
50:00.2,-0.000263607
50:01.2,-0.000257057
50:02.2,-0.000264213
50:03.2,-0.000262345
50:04.2,-0.000260984
50:05.2,-0.000251512
50:06.2,-0.000253536
50:07.2,-0.000282833
50:08.1,-0.000276049
50:09.1,-0.00028645
50:10.1,-0.000304524
50:11.1,-0.000310386
50:12.1,-0.000302548
50:13.1,-0.000313185
50:14.1,-0.000302397
50:15.1,-0.000290229
50:16.1,-0.000298028
50:17.1,-0.000296158
50:18.1,-0.000311165
50:19.1,-0.000316202
50:20.1,-0.000311328
50:21.1,-0.000313278
50:22.1,-0.000297378
50:23.1,-0.000283863
50:24.1,-0.000298613
50:25.1,-0.000305073
50:26.1,-0.000298553
50:27.1,-0.000284674
50:28.1,-0.000281705
50:29.1,-0.000297297
50:30.1,-0.000312785
50:31.1,-0.000306017
50:32.1,-0.000316166
50:33.1,-0.000315268
50:34.1,-0.000301161
50:35.1,-0.000275701
50:36.1,-0.000264071
50:37.1,-0.000274901
50:38.1,-0.00027888
50:39.1,-0.000268681
50:40.1,-0.000276937
50:41.1,-0.000299505
50:42.1,-0.000300292
50:43.1,-0.000303687
50:44.1,-0.000283026
50:45.1,-0.000292442
50:46.1,-0.000300713
50:47.1,-0.000288857
50:48.1,-0.000278308
50:49.1,-0.000271841
50:50.1,-0.000262735
50:51.1,-0.000272858
50:52.1,-0.000271147
50:53.1,-0.000272608
50:54.1,-0.000272266
50:55.1,-0.000263108
50:56.1,-0.000265246
50:57.1,-0.000272484
50:58.1,-0.000278694
50:59.1,-0.000273945
51:00.1,-0.000287067
51:01.1,-0.000286878
51:02.1,-0.000288036
51:03.1,-0.000291785
51:04.1,-0.000280334
51:05.1,-0.000269626
51:06.1,-0.000286511
51:07.1,-0.000309847
51:08.1,-0.000302704
51:09.0,-0.000278863
51:10.0,-0.000281495
51:11.0,-0.000298882
51:12.0,-0.000325118
51:13.0,-0.000295628
51:14.0,-0.000292339
51:15.0,-0.000296606
51:16.0,-0.000300524
51:17.0,-0.00028967
51:18.0,-0.000275914
51:19.0,-0.00029161
51:20.0,-0.000282223
51:21.0,-0.000278514
51:22.0,-0.000278669
51:23.0,-0.000261567
51:24.0,-0.000277417
51:25.0,-0.000290159
51:26.0,-0.000285222
51:27.0,-0.000286524
51:28.0,-0.00028583
51:29.0,-0.00027117
51:30.0,-0.000282358
51:31.0,-0.000280714
51:32.0,-0.000287065
51:33.0,-0.000292715
51:34.0,-0.000289959
51:35.0,-0.000286329
51:36.0,-0.000279762
51:37.0,-0.000288643
51:38.0,-0.000289689
51:39.0,-0.00029263
51:40.0,-0.000289528
51:41.0,-0.000285169
51:42.0,-0.000287582
51:43.0,-0.000296421
51:44.0,-0.000288535
51:45.0,-0.00029177
51:46.0,-0.00030028
51:47.0,-0.000303381
51:48.0,-0.000288456
51:49.0,-0.000298102
51:50.0,-0.000304264
51:51.0,-0.000272335
51:52.0,-0.000263581
51:53.0,-0.000280563
51:54.0,-0.000276203
51:55.0,-0.000281198
51:56.0,-0.000281162
51:57.0,-0.000276355
51:58.0,-0.00028418
51:59.0,-0.00029363
52:00.0,-0.000304777
52:01.0,-0.000291296
52:02.0,-0.000277221
52:03.0,-0.000270554
52:04.0,-0.000278606
52:05.0,-0.000288594
52:06.0,-0.000260888
52:07.0,-0.000269496
52:08.0,-0.0002794
52:09.0,-0.000276843
52:09.9,-0.000287798
52:10.9,-0.000282097
52:11.9,-0.000275645
52:12.9,-0.000273376
52:13.9,-0.000270612
52:14.9,-0.000262843
52:15.9,-0.000237515
52:16.9,-0.000224128
52:17.9,-0.000211579
52:18.9,-0.000234801
52:19.9,-0.000238914
52:20.9,-0.000247066
52:21.9,-0.000249628
52:22.9,-0.000241907
52:23.9,-0.00023852
52:24.9,-0.000224935
52:25.9,-0.000224102
52:26.9,-0.000217047
52:27.9,-0.00021738
52:28.9,-0.000233211
52:29.9,-0.000246525
52:30.9,-0.000253648
52:31.9,-0.000264981
52:32.9,-0.000245559
52:33.9,-0.000230365
52:34.9,-0.000231102
52:35.9,-0.000235365
52:36.9,-0.000243523
52:37.9,-0.000252249
52:38.9,-0.000231586
52:39.9,-0.000216866
52:40.9,-0.000210492
52:41.9,-0.000211113
52:42.9,-0.000237847
52:43.9,-0.000230903
52:44.9,-0.00021536
52:45.9,-0.000212837
52:46.9,-0.000239109
52:47.9,-0.000239721
52:48.9,-0.000229522
52:49.9,-0.000224963
52:50.9,-0.000217654
52:51.9,-0.000232417
52:52.9,-0.00023533
52:53.9,-0.000230225
52:54.9,-0.000227524
52:55.9,-0.000227457
52:56.9,-0.000225284
52:57.9,-0.000238641
52:58.9,-0.000243975
52:59.9,-0.000240915
53:00.9,-0.000235454
53:01.9,-0.000213986
53:02.9,-0.000218895
53:03.9,-0.000231148
53:04.9,-0.000226589
53:05.9,-0.000212509
53:06.9,-0.000211313
53:07.9,-0.000210372
53:08.9,-0.000204872
53:09.9,-0.000184058
53:10.8,-0.000195626
53:11.8,-0.000230759
53:12.8,-0.000231453
53:13.8,-0.000224275
53:14.8,-0.000218674
53:15.8,-0.000221109
53:16.8,-0.000214129
53:17.8,-0.000227613
53:18.8,-0.000227345
53:19.8,-0.000236117
53:20.8,-0.000240293
53:21.8,-0.000231331
53:22.8,-0.000220657
53:23.8,-0.000228621
53:24.8,-0.000232982
53:25.8,-0.000216485
53:26.8,-0.000211823
53:27.8,-0.000229281
53:28.8,-0.000240287
53:29.8,-0.000234866
53:30.8,-0.000247279
53:31.8,-0.000251233
53:32.8,-0.00024207
53:33.8,-0.000240341
53:34.8,-0.000237843
53:35.8,-0.000244541
53:36.8,-0.000249702
53:37.8,-0.000257783
53:38.8,-0.000258061
53:39.8,-0.000266179
53:40.8,-0.000253954
53:41.8,-0.000273365
53:42.8,-0.000275863
53:43.8,-0.00025635
53:44.8,-0.000263327
53:45.8,-0.000271092
53:46.8,-0.000277171
53:47.8,-0.000283753
53:48.8,-0.000269993
53:49.8,-0.000271083
53:50.8,-0.000262368
53:51.8,-0.000251772
53:52.8,-0.000271517
53:53.8,-0.000268819
53:54.8,-0.000280069
53:55.8,-0.000273875
53:56.8,-0.000260131
53:57.8,-0.000270669
53:58.8,-0.000270821
53:59.8,-0.000243148
54:00.8,-0.000230791
54:01.8,-0.000239089
54:02.8,-0.000243537
54:03.8,-0.000256512
54:04.8,-0.000271935
54:05.8,-0.000262734
54:06.8,-0.000257975
54:07.8,-0.000262328
54:08.8,-0.00024439
54:09.8,-0.000229021
54:10.8,-0.000214918
54:11.7,-0.000205686
54:12.7,-0.000227574
54:13.7,-0.000239326
54:14.7,-0.000268156
54:15.7,-0.000256942
54:16.7,-0.000242368
54:17.7,-0.000249957
54:18.7,-0.000227197
54:19.7,-0.000219529
54:20.7,-0.000220731
54:21.7,-0.000232491
54:22.7,-0.000234904
54:23.7,-0.000245431
54:24.7,-0.000251135
54:25.7,-0.000241255
54:26.7,-0.000237793
54:27.7,-0.000224675
54:28.7,-0.000252212
54:29.7,-0.000258161
54:30.7,-0.00024448
54:31.7,-0.000243419
54:32.7,-0.000244781
54:33.7,-0.000247871
54:34.7,-0.000244348
54:35.7,-0.000237685
54:36.7,-0.000243219
54:37.7,-0.0002517
54:38.7,-0.000260263
54:39.7,-0.000273014
54:40.7,-0.000262587
54:41.7,-0.000262835
54:42.7,-0.000272242
54:43.7,-0.000269515
54:44.7,-0.000260705
54:45.7,-0.000263318
54:46.7,-0.000274006
54:47.7,-0.000264615
54:48.7,-0.000283115
54:49.7,-0.000298287
54:50.7,-0.000294415
54:51.7,-0.000279438
54:52.7,-0.000268685
54:53.7,-0.000267671
54:54.7,-0.000261073
54:55.7,-0.000258135
54:56.7,-0.000238165
54:57.7,-0.000232845
54:58.7,-0.00024862
54:59.7,-0.000276742
55:00.7,-0.000282243
55:01.7,-0.000245916
55:02.7,-0.000228979
55:03.7,-0.000213231
55:04.7,-0.000207586
55:05.7,-0.000220581
55:06.7,-0.000211778
55:07.7,-0.000207784
55:08.7,-0.000219866
55:09.7,-0.000211038
55:10.7,-0.000199885
55:11.7,-0.000197374
55:12.6,-0.000201427
55:13.6,-0.000199774
55:14.6,-0.000214265
55:15.6,-0.00022646
55:16.6,-0.000212886
55:17.6,-0.000185266
55:18.6,-0.000166387
55:19.6,-0.000198453
55:20.6,-0.000182812
55:21.6,-0.000177772
55:22.6,-0.000195261
55:23.6,-0.000190117
55:24.6,-0.000199848
55:25.6,-0.00019641
55:26.6,-0.000190219
55:27.6,-0.000190324
55:28.6,-0.000200048
55:29.6,-0.000188644
55:30.6,-0.000173113
55:31.6,-0.000172098
55:32.6,-0.000184118
55:33.6,-0.000194569
55:34.6,-0.000200381
55:35.6,-0.000209088
55:36.6,-0.000203667
55:37.6,-0.000212799
55:38.6,-0.000200253
55:39.6,-0.000186591
55:40.6,-0.000184125
55:41.6,-0.000205674
55:42.6,-0.000207785
55:43.6,-0.000213498
55:44.6,-0.000200664
55:45.6,-0.000195858
55:46.6,-0.000189095
55:47.6,-0.000201617
55:48.6,-0.000220129
55:49.6,-0.000231398
55:50.6,-0.000245561
55:51.6,-0.000231726
55:52.6,-0.000226359
55:53.6,-0.00021255
55:54.6,-0.000211556
55:55.6,-0.000207071
55:56.6,-0.00019702
55:57.6,-0.000198354
55:58.6,-0.000210711
55:59.6,-0.000218154
56:00.6,-0.000218689
56:01.6,-0.000201921
56:02.6,-0.000201017
56:03.6,-0.000213111
56:04.6,-0.00021203
56:05.6,-0.000205901
56:06.6,-0.000202912
56:07.6,-0.000215785
56:08.6,-0.000220184
56:09.6,-0.000216225
56:10.6,-0.000206688
56:11.6,-0.00020966
56:12.6,-0.000211379
56:13.5,-0.000213408
56:14.5,-0.000215943
56:15.5,-0.000206098
56:16.5,-0.000212267
56:17.5,-0.000205723
56:18.5,-0.000197393
56:19.5,-0.000210494
56:20.5,-0.000222298
56:21.5,-0.000208403
56:22.5,-0.0002148
56:23.5,-0.000214537
56:24.5,-0.000219023
56:25.5,-0.000224949
56:26.5,-0.000227392
56:27.5,-0.000215902
56:28.5,-0.000230368
56:29.5,-0.000242253
56:30.5,-0.000241031
56:31.5,-0.000242201
56:32.5,-0.000242179
56:33.5,-0.000238453
56:34.5,-0.000241466
56:35.5,-0.000250927
56:36.5,-0.00025294
56:37.5,-0.000244121
56:38.5,-0.000239957
56:39.5,-0.000231915
56:40.5,-0.000228863
56:41.5,-0.000227497
56:42.5,-0.000229049
56:43.5,-0.000233482
56:44.5,-0.000217064
56:45.5,-0.000216161
56:46.5,-0.000244097
56:47.5,-0.000253446
56:48.5,-0.00024672
56:49.5,-0.000253875
56:50.5,-0.000253439
56:51.5,-0.000253066
56:52.5,-0.000255015
56:53.5,-0.000262734
56:54.5,0
56:55.5,-0.000461979
56:56.5,-0.000418607
56:57.5,-0.000422069
56:58.5,-0.000424066
56:59.5,-0.000408696
57:00.5,-0.000416438
57:01.5,-0.000438591
57:02.5,-0.000443645
57:03.5,-0.000434817
57:04.5,-0.000426607
57:05.5,-0.000414294
57:06.5,-0.000388597
57:07.5,-0.000413241
57:08.5,-0.000409251
57:09.5,-0.000398482
57:10.5,-0.000424714
57:11.5,-0.000427077
57:12.5,-0.000433073
57:13.5,-0.000420476
57:14.4,-0.000405333
57:15.4,-0.00040315
57:16.4,-0.000397809
57:17.4,-0.000407521
57:18.4,-0.000409535
57:19.4,-0.000382661
57:20.4,-0.000371893
57:21.4,-0.000404032
57:22.4,-0.000423606
57:23.4,-0.000414313
57:24.4,-0.000399378
57:25.4,-0.000397288
57:26.4,-0.000396939
57:27.4,-0.000397696
57:28.4,-0.000406935
57:29.4,-0.000413237
57:30.4,-0.000405932
57:31.4,-0.000402753
57:32.4,-0.00040585
57:33.4,-0.000396206
57:34.4,-0.000403857
57:35.4,-0.000412347
57:36.4,-0.000401764
57:37.4,-0.000391771
57:38.4,-0.000385324
57:39.4,-0.000385723
57:40.4,-0.000400612
57:41.4,-0.000403783
57:42.4,-0.000414523
57:43.4,-0.000406426
57:44.4,-0.000396599
57:45.4,-0.000386842
57:46.4,-0.000390909
57:47.4,-0.000388413
57:48.4,-0.000390812
57:49.4,-0.000408418
57:50.4,-0.000401739
57:51.4,-0.000414927
57:52.4,-0.000408093
57:53.4,-0.000392622
57:54.4,-0.000396752
57:55.4,-0.000414945
57:56.4,-0.000408603
57:57.4,-0.000394759
57:58.4,-0.000401794
57:59.4,-0.000392647
58:00.4,-0.000379751
58:01.4,-0.000385428
58:02.4,-0.000402111
58:03.4,-0.000398931
58:04.4,-0.000399486
58:05.4,-0.00041085
58:06.4,-0.000410298
58:07.4,-0.000407638
58:08.4,-0.000396656
58:09.4,-0.000385407
58:10.4,-0.000396547
58:11.4,-0.000396816
58:12.4,-0.000394099
58:13.4,-0.000385813
58:14.4,-0.000396265
58:15.4,-0.000401847
58:16.3,-0.000404334
58:17.3,-0.000398502
58:18.3,-0.000396016
58:19.3,-0.000404642
58:20.3,-0.000397206
58:21.3,-0.000397514
58:22.3,-0.000399069
58:23.3,-0.000392782
58:24.3,-0.000397064
58:25.3,-0.000395991
58:26.3,-0.000381678
58:27.3,-0.000415752
58:28.3,-0.000409416
58:29.3,-0.000395478
58:30.3,-0.000405231
58:31.3,-0.000400168
58:32.3,-0.000400071
58:33.3,-0.000399111
58:34.3,-0.000402875
58:35.3,-0.000431835
58:36.3,-0.00043355
58:37.3,-0.000400265
58:38.3,-0.000389539
58:39.3,-0.000422397
58:40.3,-0.000410102
58:41.3,-0.000386554
58:42.3,-0.000385592
58:43.3,-0.000374283
58:44.3,-0.000413171
58:45.3,-0.000420867
58:46.3,-0.000431747
58:47.3,-0.000421229
58:48.3,-0.000405011
58:49.3,-0.000416908
58:50.3,-0.000416785
58:51.3,-0.000403613
58:52.3,-0.000402299
58:53.3,-0.000423573
58:54.3,-0.000422851
58:55.3,-0.000419512
58:56.3,-0.000408606
58:57.3,-0.000419304
58:58.3,-0.000422757
58:59.3,-0.000393551
59:00.3,-0.000384899
59:01.3,-0.000403432
59:02.3,-0.00043559
59:03.3,-0.000434851
59:04.3,-0.000405575
59:05.3,-0.000405029
59:06.3,-0.000391375
59:07.3,-0.000369975
59:08.3,-0.000372176
59:09.3,-0.00040714
59:10.3,-0.00040892
59:11.3,-0.000429054
59:12.3,-0.000424083
59:13.3,-0.000421702
59:14.3,-0.000405269
59:15.3,-0.000403011
59:16.3,-0.00040896
59:17.2,-0.000411029
59:18.2,-0.000406293
59:19.2,-0.000396036
59:20.2,-0.000400804
59:21.2,-0.000407256
59:22.2,-0.000401784
59:23.2,-0.000401767
59:24.2,-0.000405923
59:25.2,-0.000414528
59:26.2,-0.000404174
59:27.2,-0.000402679
59:28.2,-0.000394992
59:29.2,-0.000402203
59:30.2,-0.000405431
59:31.2,-0.000414711
59:32.2,-0.000403033
59:33.2,-0.000389733
59:34.2,-0.000395119
59:35.2,-0.000387575
59:36.2,-0.000399348
59:37.2,-0.000384953
59:38.2,-0.000373545
59:39.2,-0.00040048
59:40.2,-0.000415404
59:41.2,-0.000427704
59:42.2,-0.000416217
59:43.2,-0.000393374
59:44.2,-0.000410842
59:45.2,-0.000414565
59:46.2,-0.000374567
59:47.2,-0.000376313
59:48.2,-0.000403165
59:49.2,-0.000411891
59:50.2,-0.000401181
59:51.2,-0.00040627
59:52.2,-0.000389491
59:53.2,-0.000404329
59:54.2,-0.000400301
59:55.2,-0.000403757
59:56.2,-0.000408493
59:57.2,-0.000420008
59:58.2,-0.000420638
59:59.2,-0.000405827
00:00.2,-0.000401925
00:01.2,-0.000371985
00:02.2,-0.000369929
00:03.2,-0.000372597
00:04.2,-0.000397457
00:05.2,-0.000381371
00:06.2,-0.000376026
00:07.2,-0.00039112
00:08.2,-0.000382098
00:09.2,-0.000401521
00:10.2,-0.000408339
00:11.2,-0.000416094
00:12.2,-0.000434365
00:13.2,-0.000407923
00:14.2,-0.000400533
00:15.2,-0.000393931
00:16.2,-0.000402612
00:17.2,-0.000384607
00:18.1,-0.000362203
00:19.1,-0.000368434
00:20.1,-0.000368506
00:21.1,-0.000374268
00:22.1,-0.000371972
00:23.1,-0.00035995
00:24.1,-0.000376832
00:25.1,-0.000386819
00:26.1,-0.00042144
00:27.1,-0.000394599
00:28.1,-0.0003529
00:29.1,-0.000357492
00:30.1,-0.000361357
00:31.1,-0.000383981
00:32.1,-0.000368312
00:33.1,-0.000370121
00:34.1,-0.000376641
00:35.1,-0.000366279
00:36.1,-0.00035535
00:37.1,-0.000374665
00:38.1,-0.000407414
00:39.1,-0.000392914
00:40.1,-0.000396104
00:41.1,-0.000371898
00:42.1,-0.00036935
00:43.1,-0.000364293
00:44.1,-0.000373555
00:45.1,-0.000375567
00:46.1,-0.000379367
00:47.1,-0.000368023
00:48.1,-0.000357132
00:49.1,-0.000355078
00:50.1,-0.000359803
00:51.1,-0.000398214
00:52.1,-0.000414359
00:53.1,-0.000392329
00:54.1,-0.00039513
00:55.1,-0.000406567
00:56.1,-0.000389065
00:57.1,-0.00039997
00:58.1,-0.000410095
00:59.1,-0.00038831
01:00.1,-0.000383868
01:01.1,-0.000393719
01:02.1,-0.000396758
01:03.1,-0.000391261
01:04.1,-0.000387147
01:05.1,-0.000389865
01:06.1,-0.000390682
01:07.1,-0.000409931
01:08.1,-0.000396186
01:09.1,-0.000398235
01:10.1,-0.000398726
01:11.1,-0.000390113
01:12.1,-0.000385199
01:13.1,-0.000367795
01:14.1,-0.000390358
01:15.1,-0.000413252
01:16.1,-0.000423185
01:17.1,-0.0003924
01:18.1,-0.000366848
01:19.0,-0.000363225
01:20.0,-0.000356416
01:21.0,-0.000404891
01:22.0,-0.000408487
01:23.0,-0.000396433
01:24.0,-0.000388001
01:25.0,-0.000406738
01:26.0,-0.000406804
01:27.0,-0.000385067
01:28.0,-0.000370097
01:29.0,-0.000383563
01:30.0,-0.00040948
01:31.0,-0.000402258
01:32.0,-0.000381752
01:33.0,-0.000397203
01:34.0,-0.00038506
01:35.0,-0.00039166
01:36.0,-0.000373016
01:37.0,-0.000374266
01:38.0,-0.000389869
01:39.0,-0.00040636
01:40.0,-0.000400143
01:41.0,-0.000398369
01:42.0,-0.000388026
01:43.0,-0.000394805
01:44.0,-0.000391631
01:45.0,-0.0003796
01:46.0,-0.000379871
01:47.0,-0.000392087
01:48.0,-0.000388548
01:49.0,-0.00040311
01:50.0,-0.000402752
01:51.0,-0.000393468
01:52.0,-0.000386521
01:53.0,-0.000397742
01:54.0,-0.00039251
01:55.0,-0.000391938
01:56.0,-0.000387211
01:57.0,-0.000388391
01:58.0,-0.000399572
01:59.0,-0.000406847
02:00.0,-0.000381411
02:01.0,-0.000378948
02:02.0,-0.000383204
02:03.0,-0.000382671
02:04.0,-0.000385251
02:05.0,-0.000366632
02:06.0,-0.000377296
02:07.0,-0.000396715
02:08.0,-0.000414444
02:09.0,-0.000388941
02:10.0,-0.000386211
02:11.0,-0.000403974
02:12.0,-0.000394977
02:13.0,-0.000386278
02:14.0,-0.000388494
02:15.0,-0.000384173
02:16.0,-0.000392535
02:17.0,-0.000394545
02:18.0,-0.000388691
02:19.0,-0.00038627
02:19.9,-0.000392518
02:20.9,-0.000384771
02:21.9,-0.000382688
02:22.9,-0.000387676
02:23.9,-0.000392139
02:24.9,-0.000380249
02:25.9,-0.000374486
02:26.9,-0.0003906
02:27.9,-0.00039502
02:28.9,-0.000405895
02:29.9,-0.000398833
02:30.9,-0.000410509
02:31.9,-0.000413173
02:32.9,-0.000382015
02:33.9,-0.000366321
02:34.9,-0.000363802
02:35.9,-0.000359637
02:36.9,-0.00036986
02:37.9,-0.000372706
02:38.9,-0.000378485
02:39.9,-0.000379787
02:40.9,-0.000384888
02:41.9,-0.000371182
02:42.9,-0.000364674
02:43.9,-0.000370936
02:44.9,-0.000374215
02:45.9,-0.000375257
02:46.9,-0.000359551
02:47.9,-0.000358459
02:48.9,-0.00036558
02:49.9,-0.000369631
02:50.9,-0.000392535
02:51.9,-0.000400754
02:52.9,-0.00039359
02:53.9,-0.000397273
02:54.9,-0.000394131
02:55.9,-0.000394671
02:56.9,-0.000394172
02:57.9,-0.000398445
02:58.9,-0.000399741
02:59.9,-0.000394262
03:00.9,-0.000386649
03:01.9,-0.000390571
03:02.9,-0.000401271
03:03.9,-0.000409942
03:04.9,-0.000410159
03:05.9,-0.000403807
03:06.9,-0.000412047
03:07.9,-0.000420718
03:08.9,-0.00042839
03:09.9,-0.000426703
03:10.9,-0.000447151
03:11.9,-0.000472447
03:12.9,-0.000458351
03:13.9,-0.000449738
03:14.9,-0.000442273
03:15.9,-0.000426925
03:16.9,-0.00041046
03:17.9,-0.000416644
03:18.9,-0.000412441
03:19.9,-0.000411686
03:20.8,-0.000421347
03:21.8,-0.00042762
03:22.8,-0.000421817
03:23.8,-0.000420145
03:24.8,-0.000412293
03:25.8,-0.000414762
03:26.8,-0.000406565
03:27.8,-0.000401327
03:28.8,-0.000409539
03:29.8,-0.000420186
03:30.8,-0.000434553
03:31.8,-0.000441468
03:32.8,-0.000435039
03:33.8,-0.000419133
03:34.8,-0.000423293
03:35.8,-0.000427188
03:36.8,-0.000422615
03:37.8,-0.00040839
03:38.8,-0.000407912
03:39.8,-0.000417935
03:40.8,-0.000414143
03:41.8,-0.000394853
03:42.8,-0.000403655
03:43.8,-0.000412862
03:44.8,-0.000415751
03:45.8,-0.000403525
03:46.8,-0.000407924
03:47.8,-0.00041847
03:48.8,-0.000418087
03:49.8,-0.000406135
03:50.8,-0.000393765
03:51.8,-0.000400954
03:52.8,-0.000411402
03:53.8,-0.000412959
03:54.8,-0.000424636
03:55.8,-0.000444401
03:56.8,-0.000440086
03:57.8,-0.000438418
03:58.8,-0.000440909
03:59.8,-0.000446631
04:00.8,-0.000441567
04:01.8,-0.000444395
04:02.8,-0.000457482
04:03.8,-0.000453088
04:04.8,-0.000457509
04:05.8,-0.000446365
04:06.8,-0.000444918
04:07.8,-0.000465294
04:08.8,-0.000461134
04:09.8,-0.000462426
04:10.8,-0.000464195
04:11.8,-0.000461132
04:12.8,-0.000450235
04:13.8,-0.00043566
04:14.8,-0.000442724
04:15.8,-0.000442021
04:16.8,-0.000446977
04:17.8,-0.000457339
04:18.8,-0.000453586
04:19.8,-0.000432365
04:20.8,-0.000426425
04:21.7,-0.000439174
04:22.7,-0.000444662
04:23.7,-0.000445839
04:24.7,-0.000433696
04:25.7,-0.000445923
04:26.7,-0.000446471
04:27.7,-0.000456597
04:28.7,-0.000453828
04:29.7,-0.000459333
04:30.7,-0.000454769
04:31.7,-0.00045129
04:32.7,-0.000449023
04:33.7,-0.000453129
04:34.7,-0.000457961
04:35.7,-0.000465371
04:36.7,-0.000462449
04:37.7,-0.000450525
04:38.7,-0.000449015
04:39.7,-0.000444729
04:40.7,-0.000437268
04:41.7,-0.000443936
04:42.7,-0.000434575
04:43.7,-0.000432102
04:44.7,-0.000435433
04:45.7,-0.000432248
04:46.7,-0.000446063
04:47.7,-0.00043431
04:48.7,-0.000446144
04:49.7,-0.000445133
04:50.7,-0.000453199
04:51.7,-0.000462996
04:52.7,-0.000465844
04:53.7,-0.000449458
04:54.7,-0.000446959
04:55.7,-0.000461412
04:56.7,-0.00045882
04:57.7,-0.000453963
04:58.7,-0.000454024
04:59.7,-0.000447453
05:00.7,-0.00044149
05:01.7,-0.000436822
05:02.7,-0.000439593
05:03.7,-0.000456807
05:04.7,-0.000462858
05:05.7,-0.000457189
05:06.7,-0.000441286
05:07.7,-0.00043032
05:08.7,-0.000433997
05:09.7,-0.00043193
05:10.7,-0.000446752
05:11.7,-0.000442289
05:12.7,-0.000439462
05:13.7,-0.000443302
05:14.7,-0.000454396
05:15.7,-0.000462973
05:16.7,-0.000457398
05:17.7,-0.000442228
05:18.7,-0.000451855
05:19.7,-0.000457367
05:20.7,-0.000459164
05:21.7,-0.000466099
05:22.6,-0.000461551
05:23.6,-0.00045735
05:24.6,-0.000462132
05:25.6,-0.000455804
05:26.6,-0.000471999
05:27.6,-0.000458672
05:28.6,-0.000440565
05:29.6,-0.000445438
05:30.6,-0.000460297
05:31.6,-0.000452209
05:32.6,-0.000475917
05:33.6,-0.000486877
05:34.6,-0.000485151
05:35.6,-0.000478455
05:36.6,-0.000485001
05:37.6,-0.000491465
05:38.6,-0.000491037
05:39.6,-0.000478669
05:40.6,-0.000463062
05:41.6,-0.000455591
05:42.6,-0.000453456
05:43.6,-0.000450399
05:44.6,-0.000436893
05:45.6,-0.000443387
05:46.6,-0.000452694
05:47.6,-0.000453453
05:48.6,-0.000450844
05:49.6,-0.000452998
05:50.6,-0.00046679
05:51.6,-0.000465203
05:52.6,-0.000446472
05:53.6,-0.000450551
05:54.6,-0.000450182
05:55.6,-0.000455514
05:56.6,-0.000458302
05:57.6,-0.000463466
05:58.6,-0.00049634
05:59.6,-0.000499331
06:00.6,-0.000482303
06:01.6,-0.000470445
06:02.6,-0.000481496
06:03.6,-0.000486939
06:04.6,-0.00048654
06:05.6,-0.000474508
06:06.6,-0.000474167
06:07.6,-0.000485516
06:08.6,-0.000489187
06:09.6,-0.000491948
06:10.6,-0.000484961
06:11.6,-0.000492813
06:12.6,-0.000499284
06:13.6,-0.000475947
06:14.6,-0.000468936
06:15.6,-0.000480019
06:16.6,-0.000486869
06:17.6,-0.000493564
06:18.6,-0.000483678
06:19.6,-0.00048346
06:20.6,-0.000483546
06:21.6,-0.000488725
06:22.6,-0.00047811
06:23.5,-0.000475015
06:24.5,-0.000486898
06:25.5,-0.000478752
06:26.5,-0.000480658
06:27.5,-0.000497077
06:28.5,-0.000510671
06:29.5,-0.000502946
06:30.5,-0.000501801
06:31.5,-0.000493588
06:32.5,-0.000497408
06:33.5,-0.000505944
06:34.5,-0.000500346
06:35.5,-0.000501048
06:36.5,-0.000489869
06:37.5,-0.000504839
06:38.5,-0.000501657
06:39.5,-0.000490667
06:40.5,-0.000496753
06:41.5,-0.000499514
06:42.5,-0.000494822
06:43.5,-0.000486686
06:44.5,-0.000474467
06:45.5,-0.000477031
06:46.5,-0.000487347
06:47.5,-0.000493704
06:48.5,-0.000491503
06:49.5,-0.000475682
06:50.5,-0.00048375
06:51.5,-0.000484201
06:52.5,-0.000481731
06:53.5,-0.000482759
06:54.5,0
06:55.5,-0.000887516
06:56.5,-0.000816327
06:57.5,-0.000814245
06:58.5,-0.000816074
06:59.5,-0.000818351
07:00.5,-0.000820401
07:01.5,-0.000806133
07:02.5,-0.00080731
07:03.5,-0.000811708
07:04.5,-0.000813058
07:05.5,-0.000813738
07:06.5,-0.000801771
07:07.5,-0.000791741
07:08.5,-0.000788936
07:09.5,-0.000791039
07:10.5,-0.00080902
07:11.5,-0.000797247
07:12.5,-0.000805368
07:13.5,-0.000826838
07:14.5,-0.000805802
07:15.5,-0.000807583
07:16.5,-0.000795336
07:17.5,-0.000786177
07:18.5,-0.000791864
07:19.5,-0.000790443
07:20.5,-0.000799824
07:21.5,-0.000814643
07:22.5,-0.000814657
07:23.5,-0.000806206
07:24.5,-0.000805686
07:25.4,-0.000821236
07:26.4,-0.000818999
07:27.4,-0.000820534
07:28.4,-0.000852266
07:29.4,-0.000863103
07:30.4,-0.000856099
07:31.4,-0.000858572
07:32.4,-0.000844802
07:33.4,-0.000852975
07:34.4,-0.000869127
07:35.4,-0.000878365
07:36.4,-0.00087037
07:37.4,-0.000877965
07:38.4,-0.00089764
07:39.4,-0.000904612
07:40.4,-0.000894095
07:41.4,-0.000901483
07:42.4,-0.000892001
07:43.4,-0.000891265
07:44.4,-0.000879917
07:45.4,-0.000872639
07:46.4,-0.00086609
07:47.4,-0.00087684
07:48.4,-0.000878901
07:49.4,-0.000874748
07:50.4,-0.000876927
07:51.4,-0.0008801
07:52.4,-0.000891161
07:53.4,-0.000888764
07:54.4,-0.00086914
07:55.4,-0.000897067
07:56.4,-0.000904111
07:57.4,-0.000886772
07:58.4,-0.000871195
07:59.4,-0.000870806
08:00.4,-0.000847165
08:01.4,-0.00083803
08:02.4,-0.000853499
08:03.4,-0.000857765
08:04.4,-0.000864013
08:05.4,-0.000868763
08:06.4,-0.000864623
08:07.4,-0.000850881
08:08.4,-0.000862688
08:09.4,-0.000879646
08:10.4,-0.000890431
08:11.4,-0.000882705
08:12.4,-0.000868621
08:13.4,-0.000863893
08:14.4,-0.00086366
08:15.4,-0.000856358
08:16.4,-0.000860499
08:17.4,-0.000881419
08:18.4,-0.0008978
08:19.4,-0.00087412
08:20.4,-0.00084233
08:21.4,-0.000856959
08:22.4,-0.000830401
08:23.4,-0.000858007
08:24.4,-0.000863434
08:25.4,-0.000851706
08:26.3,-0.000843229
08:27.3,-0.000851976
08:28.3,-0.000862031
08:29.3,-0.000859366
08:30.3,-0.00084571
08:31.3,-0.000849768
08:32.3,-0.000844738
08:33.3,-0.000858052
08:34.3,-0.000851835
08:35.3,-0.000866586
08:36.3,-0.000825649
08:37.3,-0.000801964
08:38.3,-0.000839657
08:39.3,-0.000848767
08:40.3,-0.000841114
08:41.3,-0.000840053
08:42.3,-0.000848042
08:43.3,-0.000847393
08:44.3,-0.000831337
08:45.3,-0.000833393
08:46.3,-0.000849826
08:47.3,-0.000862491
08:48.3,-0.000854618
08:49.3,-0.000815923
08:50.3,-0.000830768
08:51.3,-0.000836731
08:52.3,-0.000818695
08:53.3,-0.000800452
08:54.3,-0.000815907
08:55.3,-0.000815044
08:56.3,-0.000829166
08:57.3,-0.000827402
08:58.3,-0.000831707
08:59.3,-0.000854749
09:00.3,-0.000852722
09:01.3,-0.000827365
09:02.3,-0.000835739
09:03.3,-0.000840355
09:04.3,-0.000833378
09:05.3,-0.000828109
09:06.3,-0.000858427
09:07.3,-0.000871881
09:08.3,-0.00087623
09:09.3,-0.000882108
09:10.3,-0.000868827
09:11.3,-0.000860105
09:12.3,-0.000849318
09:13.3,-0.000874878
09:14.3,-0.000867432
09:15.3,-0.00087252
09:16.3,-0.00087062
09:17.3,-0.000873758
09:18.3,-0.000900465
09:19.3,-0.0008827
09:20.3,-0.000877808
09:21.3,-0.000868396
09:22.3,-0.000861019
09:23.3,-0.000882918
09:24.3,-0.00089511
09:25.3,-0.000893621
09:26.3,-0.000891742
09:27.2,-0.000899899
09:28.2,-0.000897105
09:29.2,-0.000889718
09:30.2,-0.000879242
09:31.2,-0.000861256
09:32.2,-0.00086385
09:33.2,-0.000893736
09:34.2,-0.000878481
09:35.2,-0.000855525
09:36.2,-0.000856633
09:37.2,-0.000866751
09:38.2,-0.000857732
09:39.2,-0.000897603
09:40.2,-0.000940842
09:41.2,-0.000958004
09:42.2,-0.000959014
09:43.2,-0.000930362
09:44.2,-0.000937638
09:45.2,-0.000954639
09:46.2,-0.000942346
09:47.2,-0.000922634
09:48.2,-0.000889189
09:49.2,-0.000891386
09:50.2,-0.000924835
09:51.2,-0.000942256
09:52.2,-0.000901366
09:53.2,-0.000880109
09:54.2,-0.000891846
09:55.2,-0.000871717
09:56.2,-0.000844715
09:57.2,-0.00086922
09:58.2,-0.000888598
09:59.2,-0.000904744
10:00.2,-0.000905875
10:01.2,-0.000882999
10:02.2,-0.00087244
10:03.2,-0.000890134
10:04.2,-0.000884631
10:05.2,-0.000902167
10:06.2,-0.000877969
10:07.2,-0.000854611
10:08.2,-0.000857414
10:09.2,-0.000871812
10:10.2,-0.000863812
10:11.2,-0.000874513
10:12.2,-0.000862667
10:13.2,-0.000854585
10:14.2,-0.000843692
10:15.2,-0.000864334
10:16.2,-0.000862631
10:17.2,-0.000827741
10:18.2,-0.000831362
10:19.2,-0.000838831
10:20.2,-0.000847689
10:21.2,-0.000844312
10:22.2,-0.000835667
10:23.2,-0.000836458
10:24.2,-0.000853186
10:25.2,-0.000862063
10:26.2,-0.000887766
10:27.2,-0.000910941
10:28.1,-0.00089017
10:29.1,-0.000881277
10:30.1,-0.000900245
10:31.1,-0.000899156
10:32.1,-0.000897483
10:33.1,-0.000882862
10:34.1,-0.000892297
10:35.1,-0.000911238
10:36.1,-0.000913676
10:37.1,-0.000901321
10:38.1,-0.000900755
10:39.1,-0.000905188
10:40.1,-0.000895705
10:41.1,-0.000889071
10:42.1,-0.000891383
10:43.1,-0.000871823
10:44.1,-0.000899999
10:45.1,-0.000870199
10:46.1,-0.000857342
10:47.1,-0.000871319
10:48.1,-0.000912982
10:49.1,-0.000903362
10:50.1,-0.000912974
10:51.1,-0.000913065
10:52.1,-0.000914218
10:53.1,-0.000929509
10:54.1,-0.000914399
10:55.1,-0.000920048
10:56.1,-0.000940618
10:57.1,-0.000922162
10:58.1,-0.000893595
10:59.1,-0.000908784
11:00.1,-0.00091397
11:01.1,-0.000925021
11:02.1,-0.000919495
11:03.1,-0.00091626
11:04.1,-0.00091143
11:05.1,-0.000921716
11:06.1,-0.000918781
11:07.1,-0.000884932
11:08.1,-0.000911217
11:09.1,-0.000913921
11:10.1,-0.000891396
11:11.1,-0.000893365
11:12.1,-0.000955197
11:13.1,-0.000946359
11:14.1,-0.000929603
11:15.1,-0.000929662
11:16.1,-0.000928856
11:17.1,-0.000924025
11:18.1,-0.000925107
11:19.1,-0.000933822
11:20.1,-0.00092049
11:21.1,-0.000925864
11:22.1,-0.000928246
11:23.1,-0.000907417
11:24.1,-0.000928786
11:25.1,-0.000927477
11:26.1,-0.000915767
11:27.1,-0.000930605
11:28.1,-0.000940907
11:29.0,-0.000939192
11:30.0,-0.000925322
11:31.0,-0.000889906
11:32.0,-0.000891486
11:33.0,-0.000875607
11:34.0,-0.000887714
11:35.0,-0.00090577
11:36.0,-0.0009145
11:37.0,-0.000912835
11:38.0,-0.000933787
11:39.0,-0.000942235
11:40.0,-0.000930602
11:41.0,-0.000939989
11:42.0,-0.000951225
11:43.0,-0.000960451
11:44.0,-0.000969882
11:45.0,-0.000956328
11:46.0,-0.000979756
11:47.0,-0.000975304
11:48.0,-0.000969091
11:49.0,-0.00098508
11:50.0,-0.000983189
11:51.0,-0.000997091
11:52.0,-0.000990891
11:53.0,-0.000990539
11:54.0,-0.000990985
11:55.0,-0.000994434
11:56.0,-0.000985692
11:57.0,-0.00099943
11:58.0,-0.001019962
11:59.0,-0.001026857
12:00.0,-0.001009058
12:01.0,-0.001011008
12:02.0,-0.001005358
12:03.0,-0.000992716
12:04.0,-0.001006336
12:05.0,-0.001008949
12:06.0,-0.000992151
12:07.0,-0.000997193
12:08.0,-0.001014196
12:09.0,-0.001019812
12:10.0,-0.001034413
12:11.0,-0.001033904
12:12.0,-0.001036753
12:13.0,-0.001040438
12:14.0,-0.001031572
12:15.0,-0.001032192
12:16.0,-0.001025656
12:17.0,-0.001040413
12:18.0,-0.0010424
12:19.0,-0.001058393
12:20.0,-0.00107734
12:21.0,-0.001059684
12:22.0,-0.001072577
12:23.0,-0.001071576
12:24.0,-0.001062779
12:25.0,-0.001067008
12:26.0,-0.001067333
12:27.0,-0.001077243
12:28.0,-0.001065801
12:29.0,-0.001050255
12:29.9,-0.001053378
12:30.9,-0.001064834
12:31.9,-0.001070193
12:32.9,-0.001060994
12:33.9,-0.00106493
12:34.9,-0.001064269
12:35.9,-0.001029342
12:36.9,-0.001017644
12:37.9,-0.001027291
12:38.9,-0.00103556
12:39.9,-0.001016228
12:40.9,-0.00100958
12:41.9,-0.00100637
12:42.9,-0.001014122
12:43.9,-0.001023077
12:44.9,-0.001038869
12:45.9,-0.001037915
12:46.9,-0.001021797
12:47.9,-0.001019256
12:48.9,-0.001022203
12:49.9,-0.001019479
12:50.9,-0.001015674
12:51.9,-0.001026838
12:52.9,-0.001028553
12:53.9,-0.001032655
12:54.9,-0.001029725
12:55.9,-0.00104123
12:56.9,-0.0010471
12:57.9,-0.001033137
12:58.9,-0.001046568
12:59.9,-0.001046789
13:00.9,-0.001048532
13:01.9,-0.001044629
13:02.9,-0.00103181
13:03.9,-0.001044418
13:04.9,-0.001044674
13:05.9,-0.001030098
13:06.9,-0.001022962
13:07.9,-0.001029006
13:08.9,-0.001025826
13:09.9,-0.001022885
13:10.9,-0.001033341
13:11.9,-0.001033686
13:12.9,-0.001031909
13:13.9,-0.001025973
13:14.9,-0.001033191
13:15.9,-0.001039863
13:16.9,-0.001041319
13:17.9,-0.001038763
13:18.9,-0.001037956
13:19.9,-0.001037008
13:20.9,-0.001020104
13:21.9,-0.001025409
13:22.9,-0.001038721
13:23.9,-0.00103735
13:24.9,-0.001035601
13:25.9,-0.001033837
13:26.9,-0.001039808
13:27.9,-0.001032813
13:28.9,-0.00104696
13:29.9,-0.00105953
13:30.8,-0.001070068
13:31.8,-0.001060303
13:32.8,-0.001059681
13:33.8,-0.001057744
13:34.8,-0.001060664
13:35.8,-0.001051936
13:36.8,-0.001046617
13:37.8,-0.001022538
13:38.8,-0.001019991
13:39.8,-0.001028076
13:40.8,-0.001031804
13:41.8,-0.001045852
13:42.8,-0.001041451
13:43.8,-0.001039389
13:44.8,-0.001046308
13:45.8,-0.001038748
13:46.8,-0.001026522
13:47.8,-0.001039561
13:48.8,-0.00104345
13:49.8,-0.001057977
13:50.8,-0.001057508
13:51.8,-0.00105514
13:52.8,-0.001051409
13:53.8,-0.001048156
13:54.8,-0.001037605
13:55.8,-0.001043125
13:56.8,-0.001036845
13:57.8,-0.001047001
13:58.8,-0.001048187
13:59.8,-0.001039013
14:00.8,-0.001033592
14:01.8,-0.00104929
14:02.8,-0.001044324
14:03.8,-0.001053717
14:04.8,-0.001059464
14:05.8,-0.00104921
14:06.8,-0.001051762
14:07.8,-0.001055596
14:08.8,-0.001071221
14:09.8,-0.001076761
14:10.8,-0.001070889
14:11.8,-0.001073643
14:12.8,-0.00106584
14:13.8,-0.001075624
14:14.8,-0.001081688
14:15.8,-0.001088869
14:16.8,-0.001084028
14:17.8,-0.001084602
14:18.8,-0.001078512
14:19.8,-0.00107869
14:20.8,-0.001071175
14:21.8,-0.001066279
14:22.8,-0.001071057
14:23.8,-0.001076991
14:24.8,-0.001087
14:25.8,-0.001100417
14:26.8,-0.001094922
14:27.8,-0.001097992
14:28.8,-0.001091918
14:29.8,-0.001079559
14:30.8,-0.001075825
14:31.7,-0.001089845
14:32.7,-0.001096639
14:33.7,-0.00108623
14:34.7,-0.001090226
14:35.7,-0.001094761
14:36.7,-0.001097879
14:37.7,-0.001093965
14:38.7,-0.001081822
14:39.7,-0.001077858
14:40.7,-0.001092389
14:41.7,-0.001100887
14:42.7,-0.001103715
14:43.7,-0.00111277
14:44.7,-0.001105762
14:45.7,-0.00110824
14:46.7,-0.001108539
14:47.7,-0.001106641
14:48.7,-0.001088462
14:49.7,-0.001077973
14:50.7,-0.00107422
14:51.7,-0.001081208
14:52.7,-0.001089529
14:53.7,-0.001086577
14:54.7,-0.001083929
14:55.7,-0.001092437
14:56.7,-0.001091525
14:57.7,-0.001092124
14:58.7,-0.001088451
14:59.7,-0.001084224
15:00.7,-0.0010928
15:01.7,-0.001101049
15:02.7,-0.001099976
15:03.7,-0.001096134
15:04.7,-0.001096573
15:05.7,-0.001103235
15:06.7,-0.00110682
15:07.7,-0.001100217
15:08.7,-0.001094197
15:09.7,-0.001100124
15:10.7,-0.001106405
15:11.7,-0.001099746
15:12.7,-0.001099397
15:13.7,-0.001097771
15:14.7,-0.001097519
15:15.7,-0.001095812
15:16.7,-0.001086851
15:17.7,-0.00107981
15:18.7,-0.001080332
15:19.7,-0.001091993
15:20.7,-0.001083633
15:21.7,-0.001078178
15:22.7,-0.001074263
15:23.7,-0.001080175
15:24.7,-0.001093837
15:25.7,-0.001093745
15:26.7,-0.001095375
15:27.7,-0.001091189
15:28.7,-0.00109276
15:29.7,-0.001096162
15:30.7,-0.001101263
15:31.7,-0.001097618
15:32.6,-0.001092621
15:33.6,-0.001092623
15:34.6,-0.001095524
15:35.6,-0.001091735
15:36.6,-0.001085785
15:37.6,-0.001088005
15:38.6,-0.001086642
15:39.6,-0.001086803
15:40.6,-0.001076823
15:41.6,-0.00107701
15:42.6,-0.001077917
15:43.6,-0.001084652
15:44.6,-0.0010846
15:45.6,-0.001063778
15:46.6,-0.00105809
15:47.6,-0.001056992
15:48.6,-0.001054456
15:49.6,-0.001054372
15:50.6,-0.001058698
15:51.6,-0.001065156
15:52.6,-0.001061773
15:53.6,-0.001059739
15:54.6,-0.001057114
15:55.6,-0.001048472
15:56.6,-0.001051637
15:57.6,-0.001058086
15:58.6,-0.00105959
15:59.6,-0.001069796
16:00.6,-0.001074617
16:01.6,-0.001078653
16:02.6,-0.001082677
16:03.6,-0.001078816
16:04.6,-0.001092273
16:05.6,-0.001090231
16:06.6,-0.001088685
16:07.6,-0.001084159
16:08.6,-0.001080314
16:09.6,-0.001086731
16:10.6,-0.001088331
16:11.6,-0.001090796
16:12.6,-0.001104466
16:13.6,-0.001101485
16:14.6,-0.001091509
16:15.6,-0.001093949
16:16.6,-0.001087798
16:17.6,-0.001083105
16:18.6,-0.001084489
16:19.6,-0.001091463
16:20.6,-0.001090612
16:21.6,-0.001080912
16:22.6,-0.001082119
16:23.6,-0.001087983
16:24.6,-0.001082461
16:25.6,-0.001084543
16:26.6,-0.001103125
16:27.6,-0.00110153
16:28.6,-0.001101414
16:29.6,-0.001090841
16:30.6,-0.001086094
16:31.6,-0.001086652
16:32.6,-0.001090154
16:33.6,-0.001096071
16:34.5,-0.001098591
16:35.5,-0.001100396
16:36.5,-0.001094948
16:37.5,-0.00107772
16:38.5,-0.001067919
16:39.5,-0.001070762
16:40.5,-0.001065064
16:41.5,-0.001046702
16:42.5,-0.001044856
16:43.5,-0.001039645
16:44.5,-0.001037736
16:45.5,-0.001039447
16:46.5,-0.001053753
16:47.5,-0.001058067
16:48.5,-0.001056467
16:49.5,-0.001063943
16:50.5,-0.00105335
16:51.5,-0.001051429
16:52.5,-0.001045218
16:53.5,-0.001054222
16:54.5,0
16:55.5,-0.000978199
16:56.5,-0.000885561
16:57.5,-0.000894678
16:58.5,-0.000894069
16:59.5,-0.000896124
17:00.5,-0.000898831
17:01.5,-0.000898634
17:02.5,-0.000904858
17:03.5,-0.000906619
17:04.5,-0.000897117
17:05.5,-0.00089573
17:06.5,-0.000898082
17:07.5,-0.000887311
17:08.5,-0.000881285
17:09.5,-0.000877994
17:10.5,-0.000884471
17:11.5,-0.000874243
17:12.5,-0.000876628
17:13.5,-0.000878951
17:14.5,-0.000880366
17:15.5,-0.000865396
17:16.5,-0.0008657
17:17.5,-0.00086474
17:18.5,-0.000868725
17:19.5,-0.00087171
17:20.5,-0.000865959
17:21.5,-0.000861265
17:22.5,-0.000851241
17:23.5,-0.000849419
17:24.5,-0.00085278
17:25.5,-0.000850055
17:26.5,-0.000847749
17:27.5,-0.000845699
17:28.5,-0.000846507
17:29.5,-0.000855224
17:30.5,-0.0008631
17:31.5,-0.000857732
17:32.5,-0.000868796
17:33.5,-0.000867263
17:34.5,-0.000856213
17:35.4,-0.0008542
17:36.4,-0.000849347
17:37.4,-0.000836999
17:38.4,-0.000844734
17:39.4,-0.000852622
17:40.4,-0.000853702
17:41.4,-0.00085789
17:42.4,-0.000874548
17:43.4,-0.00088608
17:44.4,-0.000885739
17:45.4,-0.000883882
17:46.4,-0.000877896
17:47.4,-0.000881311
17:48.4,-0.000875627
17:49.4,-0.000878509
17:50.4,-0.000881131
17:51.4,-0.000882696
17:52.4,-0.00088042
17:53.4,-0.000878024
17:54.4,-0.000865738
17:55.4,-0.000871816
17:56.4,-0.000870241
17:57.4,-0.000859338
17:58.4,-0.00086753
17:59.4,-0.000887859
18:00.4,-0.000889167
18:01.4,-0.000894344
18:02.4,-0.000900199
18:03.4,-0.000893911
18:04.4,-0.000891413
18:05.4,-0.000889688
18:06.4,-0.000886165
18:07.4,-0.000892433
18:08.4,-0.000891621
18:09.4,-0.000883524
18:10.4,-0.000885816
18:11.4,-0.000878688
18:12.4,-0.000882219
18:13.4,-0.000886256
18:14.4,-0.000881082
18:15.4,-0.000894411
18:16.4,-0.000894739
18:17.4,-0.000892055
18:18.4,-0.0008976
18:19.4,-0.000908111
18:20.4,-0.000904003
18:21.4,-0.000897727
18:22.4,-0.000902291
18:23.4,-0.000901217
18:24.4,-0.000898215
18:25.4,-0.000901095
18:26.4,-0.000902982
18:27.4,-0.000898333
18:28.4,-0.000904539
18:29.4,-0.000914958
18:30.4,-0.000916245
18:31.4,-0.000908217
18:32.4,-0.000912072
18:33.4,-0.000920268
18:34.4,-0.000910138
18:35.4,-0.000895914
18:36.3,-0.000902514
18:37.3,-0.00091183
18:38.3,-0.000921231
18:39.3,-0.000923745
18:40.3,-0.000925294
18:41.3,-0.000929417
18:42.3,-0.000923589
18:43.3,-0.000924869
18:44.3,-0.000924032
18:45.3,-0.000923851
18:46.3,-0.000923612
18:47.3,-0.000926744
18:48.3,-0.000921892
18:49.3,-0.000912614
18:50.3,-0.00091727
18:51.3,-0.000922797
18:52.3,-0.000921398
18:53.3,-0.000931788
18:54.3,-0.000931181
18:55.3,-0.000929431
18:56.3,-0.000933614
18:57.3,-0.000931019
18:58.3,-0.000928977
18:59.3,-0.0009337
19:00.3,-0.000932466
19:01.3,-0.000939043
19:02.3,-0.000939392
19:03.3,-0.000940242
19:04.3,-0.000939633
19:05.3,-0.000933169
19:06.3,-0.000937913
19:07.3,-0.000940791
19:08.3,-0.00094071
19:09.3,-0.000941259
19:10.3,-0.000941408
19:11.3,-0.000944126
19:12.3,-0.000934799
19:13.3,-0.000933228
19:14.3,-0.000932147
19:15.3,-0.000938308
19:16.3,-0.000945759
19:17.3,-0.000949733
19:18.3,-0.000948599
19:19.3,-0.000945299
19:20.3,-0.000945907
19:21.3,-0.000945062
19:22.3,-0.000947956
19:23.3,-0.000956806
19:24.3,-0.00096001
19:25.3,-0.000961189
19:26.3,-0.000961458
19:27.3,-0.000972308
19:28.3,-0.000965705
19:29.3,-0.000967142
19:30.3,-0.000963548
19:31.3,-0.000956246
19:32.3,-0.000962588
19:33.3,-0.000961846
19:34.3,-0.000966219
19:35.3,-0.000967479
19:36.3,-0.000959649
19:37.2,-0.000949137
19:38.2,-0.000954491
19:39.2,-0.000960507
19:40.2,-0.000962866
19:41.2,-0.000971646
19:42.2,-0.00096844
19:43.2,-0.000962383
19:44.2,-0.000966648
19:45.2,-0.00096454
19:46.2,-0.000969238
19:47.2,-0.000959258
19:48.2,-0.000961615
19:49.2,-0.000967491
19:50.2,-0.000967416
19:51.2,-0.000975702
19:52.2,-0.000972785
19:53.2,-0.00096748
19:54.2,-0.000964439
19:55.2,-0.000947035
19:56.2,-0.000944249
19:57.2,-0.000942122
19:58.2,-0.000939845
19:59.2,-0.000938063
20:00.2,-0.000946092
20:01.2,-0.00095274
20:02.2,-0.000948919
20:03.2,-0.00095135
20:04.2,-0.000940492
20:05.2,-0.000932974
20:06.2,-0.000944875
20:07.2,-0.000948822
20:08.2,-0.000944071
20:09.2,-0.000934832
20:10.2,-0.000940028
20:11.2,-0.000950443
20:12.2,-0.000945991
20:13.2,-0.000943463
20:14.2,-0.000941911
20:15.2,-0.000940888
20:16.2,-0.000943986
20:17.2,-0.000927945
20:18.2,-0.000923102
20:19.2,-0.000927497
20:20.2,-0.000918998
20:21.2,-0.000914089
20:22.2,-0.000915198
20:23.2,-0.00091517
20:24.2,-0.000912104
20:25.2,-0.000911079
20:26.2,-0.000913215
20:27.2,-0.00090903
20:28.2,-0.000909762
20:29.2,-0.000915955
20:30.2,-0.000928586
20:31.2,-0.000931905
20:32.2,-0.000920603
20:33.2,-0.00091485
20:34.2,-0.000913084
20:35.2,-0.000912866
20:36.2,-0.000918658
20:37.2,-0.000938221
20:38.1,-0.000946656
20:39.1,-0.000926734
20:40.1,-0.000923607
20:41.1,-0.000913082
20:42.1,-0.00090367
20:43.1,-0.000906037
20:44.1,-0.000903133
20:45.1,-0.000904069
20:46.1,-0.000893139
20:47.1,-0.000899116
20:48.1,-0.000903501
20:49.1,-0.000895389
20:50.1,-0.000901429
20:51.1,-0.000891567
20:52.1,-0.000891795
20:53.1,-0.000892563
20:54.1,-0.000896685
20:55.1,-0.000905111
20:56.1,-0.000907658
20:57.1,-0.000901624
20:58.1,-0.000908559
20:59.1,-0.000919736
21:00.1,-0.000916934
21:01.1,-0.000910958
21:02.1,-0.000915768
21:03.1,-0.000929084
21:04.1,-0.000935823
21:05.1,-0.000934379
21:06.1,-0.000932039
21:07.1,-0.000927181
21:08.1,-0.000933449
21:09.1,-0.000936921
21:10.1,-0.000945356
21:11.1,-0.000949265
21:12.1,-0.000942258
21:13.1,-0.000943191
21:14.1,-0.00093778
21:15.1,-0.000939425
21:16.1,-0.000933488
21:17.1,-0.000936694
21:18.1,-0.000937235
21:19.1,-0.00094757
21:20.1,-0.000940687
21:21.1,-0.000937936
21:22.1,-0.000936854
21:23.1,-0.00093441
21:24.1,-0.000933502
21:25.1,-0.000941518
21:26.1,-0.000930832
21:27.1,-0.000926132
21:28.1,-0.000919083
21:29.1,-0.000921618
21:30.1,-0.000924987
21:31.1,-0.000931392
21:32.1,-0.000939879
21:33.1,-0.000935686
21:34.1,-0.000932285
21:35.1,-0.000936575
21:36.1,-0.000930867
21:37.1,-0.000927708
21:38.1,-0.000932935
21:39.0,-0.000932672
21:40.0,-0.000948624
21:41.0,-0.000948641
21:42.0,-0.000946037
21:43.0,-0.000952317
21:44.0,-0.000955045
21:45.0,-0.0009534
21:46.0,-0.000951967
21:47.0,-0.000961267
21:48.0,-0.000950141
21:49.0,-0.000949392
21:50.0,-0.00094236
21:51.0,-0.000944777
21:52.0,-0.000952042
21:53.0,-0.000947311
21:54.0,-0.000948407
21:55.0,-0.000949607
21:56.0,-0.000943023
21:57.0,-0.000942382
21:58.0,-0.000937792
21:59.0,-0.0009371
22:00.0,-0.000947022
22:01.0,-0.00094347
22:02.0,-0.000940011
22:03.0,-0.000949004
22:04.0,-0.000946479
22:05.0,-0.000948736
22:06.0,-0.000950048
22:07.0,-0.000939678
22:08.0,-0.000933156
22:09.0,-0.000943546
22:10.0,-0.000947903
22:11.0,-0.000936834
22:12.0,-0.000931626
22:13.0,-0.000929889
22:14.0,-0.000925768
22:15.0,-0.00093074
22:16.0,-0.00092683
22:17.0,-0.000929757
22:18.0,-0.00093116
22:19.0,-0.000933801
22:20.0,-0.000929261
22:21.0,-0.000927181
22:22.0,-0.000929668
22:23.0,-0.000946121
22:24.0,-0.000956353
22:25.0,-0.000958727
22:26.0,-0.000957093
22:27.0,-0.000937656
22:28.0,-0.0009282
22:29.0,-0.000941134
22:30.0,-0.000937993
22:31.0,-0.000931477
22:32.0,-0.000937708
22:33.0,-0.000938037
22:34.0,-0.000932134
22:35.0,-0.000933865
22:36.0,-0.000926095
22:37.0,-0.000921334
22:38.0,-0.00091739
22:39.0,-0.000917023
22:39.9,-0.000921214
22:40.9,-0.000927917
22:41.9,-0.000933516
22:42.9,-0.000936878
22:43.9,-0.000946899
22:44.9,-0.000963148
22:45.9,-0.000961136
22:46.9,-0.00095609
22:47.9,-0.00094812
22:48.9,-0.000942841
22:49.9,-0.000965662
22:50.9,-0.000959598
22:51.9,-0.000929731
22:52.9,-0.000942632
22:53.9,-0.000953967
22:54.9,-0.000956091
22:55.9,-0.000963534
22:56.9,-0.000968754
22:57.9,-0.000968851
22:58.9,-0.00096027
22:59.9,-0.000954603
23:00.9,-0.00095669
23:01.9,-0.000947754
23:02.9,-0.000938009
23:03.9,-0.000936922
23:04.9,-0.000934044
23:05.9,-0.000937359
23:06.9,-0.000945955
23:07.9,-0.000952889
23:08.9,-0.000943151
23:09.9,-0.000934627
23:10.9,-0.000940288
23:11.9,-0.000951632
23:12.9,-0.00095708
23:13.9,-0.00094627
23:14.9,-0.00094113
23:15.9,-0.000947861
23:16.9,-0.000946246
23:17.9,-0.000949846
23:18.9,-0.00095593
23:19.9,-0.000966276
23:20.9,-0.000967063
23:21.9,-0.000970628
23:22.9,-0.000976505
23:23.9,-0.000970908
23:24.9,-0.000969986
23:25.9,-0.000961416
23:26.9,-0.000959628
23:27.9,-0.000966871
23:28.9,-0.000958187
23:29.9,-0.000959969
23:30.9,-0.000951927
23:31.9,-0.000956154
23:32.9,-0.00096034
23:33.9,-0.000956109
23:34.9,-0.000946277
23:35.9,-0.000940148
23:36.9,-0.000941237
23:37.9,-0.00093907
23:38.9,-0.000939148
23:39.9,-0.00094697
23:40.8,-0.000945691
23:41.8,-0.000942798
23:42.8,-0.000928675
23:43.8,-0.000938173
23:44.8,-0.000945161
23:45.8,-0.000954705
23:46.8,-0.000953315
23:47.8,-0.000939327
23:48.8,-0.000938843
23:49.8,-0.00094068
23:50.8,-0.000936329
23:51.8,-0.00092812
23:52.8,-0.000937573
23:53.8,-0.000939011
23:54.8,-0.000940966
23:55.8,-0.000925271
23:56.8,-0.000930988
23:57.8,-0.000942396
23:58.8,-0.000940681
23:59.8,-0.00092933
24:00.8,-0.000941505
24:01.8,-0.000952965
24:02.8,-0.000965017
24:03.8,-0.000958905
24:04.8,-0.000952468
24:05.8,-0.000952805
24:06.8,-0.000953971
24:07.8,-0.000956814
24:08.8,-0.000958846
24:09.8,-0.000968137
24:10.8,-0.000968644
24:11.8,-0.000958907
24:12.8,-0.000950304
24:13.8,-0.000957938
24:14.8,-0.000961508
24:15.8,-0.000957036
24:16.8,-0.000939422
24:17.8,-0.000937852
24:18.8,-0.000951843
24:19.8,-0.000967519
24:20.8,-0.000968584
24:21.8,-0.000968894
24:22.8,-0.000965877
24:23.8,-0.000960428
24:24.8,-0.000959329
24:25.8,-0.000952537
24:26.8,-0.000953185
24:27.8,-0.000960571
24:28.8,-0.000961618
24:29.8,-0.000966526
24:30.8,-0.000958451
24:31.8,-0.000952591
24:32.8,-0.000955199
24:33.8,-0.00095843
24:34.8,-0.000967114
24:35.8,-0.000969353
24:36.8,-0.000975829
24:37.8,-0.00095664
24:38.8,-0.000959728
24:39.8,-0.000964902
24:40.8,-0.000960288
24:41.8,-0.000967282
24:42.7,-0.00097591
24:43.7,-0.00097784
24:44.7,-0.000978893
24:45.7,-0.00097422
24:46.7,-0.00098239
24:47.7,-0.000975947
24:48.7,-0.000970207
24:49.7,-0.000974603
24:50.7,-0.00097117
24:51.7,-0.000973306
24:52.7,-0.000970091
24:53.7,-0.00097187
24:54.7,-0.000968045
24:55.7,-0.000974359
24:56.7,-0.000979659
24:57.7,-0.000973548
24:58.7,-0.000971917
24:59.7,-0.000972382
25:00.7,-0.000981846
25:01.7,-0.000976546
25:02.7,-0.000972376
25:03.7,-0.000974299
25:04.7,-0.000971131
25:05.7,-0.000970747
25:06.7,-0.000972872
25:07.7,-0.000976946
25:08.7,-0.000975391
25:09.7,-0.00097724
25:10.7,-0.000972242
25:11.7,-0.000973516
25:12.7,-0.000977153
25:13.7,-0.000975135
25:14.7,-0.000983208
25:15.7,-0.001001225
25:16.7,-0.001004331
25:17.7,-0.000968918
25:18.7,-0.000954177
25:19.7,-0.000962449
25:20.7,-0.000958432
25:21.7,-0.000940816
25:22.7,-0.000939797
25:23.7,-0.000952142
25:24.7,-0.000949104
25:25.7,-0.000951718
25:26.7,-0.000957733
25:27.7,-0.000944326
25:28.7,-0.000946548
25:29.7,-0.000956186
25:30.7,-0.000957502
25:31.7,-0.000954035
25:32.7,-0.000949438
25:33.7,-0.000953151
25:34.7,-0.000958525
25:35.7,-0.0009547
25:36.7,-0.000948965
25:37.7,-0.000950818
25:38.7,-0.000955167
25:39.7,-0.000949221
25:40.7,-0.000949893
25:41.7,-0.000952224
25:42.7,-0.000950247
25:43.6,-0.000951447
25:44.6,-0.000951105
25:45.6,-0.000953887
25:46.6,-0.000937147
25:47.6,-0.000942981
25:48.6,-0.000951875
25:49.6,-0.000963037
25:50.6,-0.000959283
25:51.6,-0.000955512
25:52.6,-0.000958549
25:53.6,-0.00094981
25:54.6,-0.000945087
25:55.6,-0.000942042
25:56.6,-0.000951091
25:57.6,-0.000955065
25:58.6,-0.000945914
25:59.6,-0.000950856
26:00.6,-0.000960561
26:01.6,-0.000969183
26:02.6,-0.000962892
26:03.6,-0.000961544
26:04.6,-0.000965001
26:05.6,-0.000954646
26:06.6,-0.000951842
26:07.6,-0.000951472
26:08.6,-0.000949272
26:09.6,-0.000958982
26:10.6,-0.000954871
26:11.6,-0.000964332
26:12.6,-0.000960387
26:13.6,-0.000953668
26:14.6,-0.000949834
26:15.6,-0.000956509
26:16.6,-0.000951298
26:17.6,-0.000945138
26:18.6,-0.000952005
26:19.6,-0.000959431
26:20.6,-0.000963359
26:21.6,-0.000953799
26:22.6,-0.000950597
26:23.6,-0.000948608
26:24.6,-0.000957034
26:25.6,-0.000962346
26:26.6,-0.00096152
26:27.6,-0.00094986
26:28.6,-0.000951361
26:29.6,-0.000936614
26:30.6,-0.000948176
26:31.6,-0.000942297
26:32.6,-0.000941182
26:33.6,-0.000946152
26:34.6,-0.000942545
26:35.6,-0.000938885
26:36.6,-0.000934152
26:37.6,-0.000940655
26:38.6,-0.000942169
26:39.6,-0.00094564
26:40.6,-0.000942677
26:41.6,-0.000934664
26:42.6,-0.000941939
26:43.6,-0.000941101
26:44.5,-0.00092962
26:45.5,-0.000925258
26:46.5,-0.000917493
26:47.5,-0.000918582
26:48.5,-0.000927088
26:49.5,-0.000928845
26:50.5,-0.000926803
26:51.5,-0.000918125
26:52.5,-0.000911476
26:53.5,-0.00091412
26:54.5,0
26:55.5,-0.000235002
26:56.5,-0.000200808
26:57.5,-0.000200852
26:58.5,-0.00019065
26:59.5,-0.000175202
27:00.5,-0.000166304
27:01.5,-0.000151451
27:02.5,-0.000139569
27:03.5,-0.000138122
27:04.5,-0.000133482
27:05.5,-0.000122204
27:06.5,-0.000119121
27:07.5,-0.000121366
27:08.5,-0.000124166
27:09.5,-0.000119086
27:10.5,-0.000123819
27:11.5,-0.000136854
27:12.5,-0.000140627
27:13.5,-0.000144611
27:14.5,-0.000133538
27:15.5,-0.000132398
27:16.5,-0.00013145
27:17.5,-0.000128211
27:18.5,-0.000118063
27:19.5,-0.000124538
27:20.5,-0.000113029
27:21.5,-9.96E-05
27:22.5,-1.00E-04
27:23.5,-9.75E-05
27:24.5,-0.000116627
27:25.5,-0.000130959
27:26.5,-0.000137697
27:27.5,-0.000147704
27:28.5,-0.000139044
27:29.5,-0.000133152
27:30.5,-0.000131788
27:31.5,-0.000127894
27:32.5,-0.00012485
27:33.5,-0.000126306
27:34.5,-0.000132184
27:35.5,-0.000137452
27:36.5,-0.000137531
27:37.5,-0.000131227
27:38.5,-0.00013038
27:39.5,-0.000133508
27:40.5,-0.000121875
27:41.5,-0.000128626
27:42.5,-0.000138964
27:43.5,-0.000140552
27:44.5,-0.000132116
27:45.4,-0.000126223
27:46.4,-0.000117385
27:47.4,-0.00012278
27:48.4,-0.000135961
27:49.4,-0.000140895
27:50.4,-0.000144215
27:51.4,-0.000152285
27:52.4,-0.000140887
27:53.4,-0.000136818
27:54.4,-0.000137116
27:55.4,-0.000139455
27:56.4,-0.000125395
27:57.4,-0.000111085
27:58.4,-0.000116093
27:59.4,-0.00013743
28:00.4,-0.00015486
28:01.4,-0.000160852
28:02.4,-0.000162936
28:03.4,-0.000155917
28:04.4,-0.000142968
28:05.4,-0.000137628
28:06.4,-0.000129161
28:07.4,-0.000128463
28:08.4,-0.000143212
28:09.4,-0.000148653
28:10.4,-0.000163502
28:11.4,-0.000169192
28:12.4,-0.000170033
28:13.4,-0.000167862
28:14.4,-0.000177716
28:15.4,-0.000177594
28:16.4,-0.000141759
28:17.4,-0.000123472
28:18.4,-0.00012396
28:19.4,-0.000126583
28:20.4,-0.000113687
28:21.4,-0.000117112
28:22.4,-0.000129106
28:23.4,-0.00013048
28:24.4,-0.000132841
28:25.4,-0.000146589
28:26.4,-0.000142543
28:27.4,-0.000130756
28:28.4,-0.000131448
28:29.4,-0.000139608
28:30.4,-0.000146983
28:31.4,-0.000147539
28:32.4,-0.000148308
28:33.4,-0.000147823
28:34.4,-0.000156852
28:35.4,-0.000177271
28:36.4,-0.000175766
28:37.4,-0.00018249
28:38.4,-0.000200799
28:39.4,-0.000198026
28:40.4,-0.000209048
28:41.4,-0.000231141
28:42.4,-0.000217118
28:43.4,-0.00020384
28:44.4,-0.000178467
28:45.4,-0.000178011
28:46.3,-0.000177897
28:47.3,-0.00018109
28:48.3,-0.000175487
28:49.3,-0.000167046
28:50.3,-0.000167673
28:51.3,-0.000156842
28:52.3,-0.000155605
28:53.3,-0.00016263
28:54.3,-0.000163416
28:55.3,-0.000168478
28:56.3,-0.000168401
28:57.3,-0.000170929
28:58.3,-0.000180469
28:59.3,-0.000183004
29:00.3,-0.000180994
29:01.3,-0.00018388
29:02.3,-0.000167985
29:03.3,-0.000163197
29:04.3,-0.000169143
29:05.3,-0.00017624
29:06.3,-0.000178838
29:07.3,-0.000175826
29:08.3,-0.000167671
29:09.3,-0.000176799
29:10.3,-0.000175747
29:11.3,-0.000167936
29:12.3,-0.000162565
29:13.3,-0.000160669
29:14.3,-0.000160574
29:15.3,-0.000167079
29:16.3,-0.000156857
29:17.3,-0.000154777
29:18.3,-0.000167573
29:19.3,-0.00017449
29:20.3,-0.000170792
29:21.3,-0.000148424
29:22.3,-0.000162222
29:23.3,-0.000177629
29:24.3,-0.000173138
29:25.3,-0.000187394
29:26.3,-0.00017973
29:27.3,-0.000154285
29:28.3,-0.00015386
29:29.3,-0.000160125
29:30.3,-0.00016392
29:31.3,-0.000168415
29:32.3,-0.000171789
29:33.3,-0.000182048
29:34.3,-0.000185028
29:35.3,-0.000194577
29:36.3,-0.000195005
29:37.3,-0.000196137
29:38.3,-0.000203096
29:39.3,-0.000180181
29:40.3,-0.00017649
29:41.3,-0.000188413
29:42.3,-0.000177135
29:43.3,-0.000185282
29:44.3,-0.000191031
29:45.3,-0.000191106
29:46.3,-0.000201427
29:47.2,-0.00019527
29:48.2,-0.000175777
29:49.2,-0.000163255
29:50.2,-0.000185641
29:51.2,-0.000209259
29:52.2,-0.000212936
29:53.2,-0.000204062
29:54.2,-0.000191396
29:55.2,-0.000180415
29:56.2,-0.000196344
29:57.2,-0.000202122
29:58.2,-0.000200339
29:59.2,-0.000187676
30:00.2,-0.000184485
30:01.2,-0.000191865
30:02.2,-0.000207136
30:03.2,-0.000211085
30:04.2,-0.000203412
30:05.2,-0.000202303
30:06.2,-0.000189306
30:07.2,-0.000200094
30:08.2,-0.0002026
30:09.2,-0.000206729
30:10.2,-0.000226807
30:11.2,-0.000227832
30:12.2,-0.000223735
30:13.2,-0.000229215
30:14.2,-0.000229135
30:15.2,-0.000235354
30:16.2,-0.000226337
30:17.2,-0.0002334
30:18.2,-0.000227231
30:19.2,-0.000214039
30:20.2,-0.000224648
30:21.2,-0.000228988
30:22.2,-0.000224067
30:23.2,-0.000210398
30:24.2,-0.000221793
30:25.2,-0.000223682
30:26.2,-0.000213175
30:27.2,-0.000214999
30:28.2,-0.000233616
30:29.2,-0.000233853
30:30.2,-0.000229223
30:31.2,-0.000236649
30:32.2,-0.000235625
30:33.2,-0.0002409
30:34.2,-0.000234774
30:35.2,-0.000231817
30:36.2,-0.000251323
30:37.2,-0.000252903
30:38.2,-0.000235025
30:39.2,-0.000230737
30:40.2,-0.000242228
30:41.2,-0.000248844
30:42.2,-0.00023775
30:43.2,-0.000230621
30:44.2,-0.000231526
30:45.2,-0.000236158
30:46.2,-0.000235532
30:47.2,-0.000235894
30:48.1,-0.000235936
30:49.1,-0.000247565
30:50.1,-0.000245751
30:51.1,-0.000234905
30:52.1,-0.00022546
30:53.1,-0.000233552
30:54.1,-0.00023012
30:55.1,-0.000229136
30:56.1,-0.000230542
30:57.1,-0.000233458
30:58.1,-0.000229534
30:59.1,-0.000230742
31:00.1,-0.000241297
31:01.1,-0.000248253
31:02.1,-0.000251358
31:03.1,-0.000242088
31:04.1,-0.000236768
31:05.1,-0.000247439
31:06.1,-0.00025075
31:07.1,-0.000242369
31:08.1,-0.000238382
31:09.1,-0.000238867
31:10.1,-0.000239035
31:11.1,-0.000230876
31:12.1,-0.000226564
31:13.1,-0.00024407
31:14.1,-0.000241153
31:15.1,-0.000241279
31:16.1,-0.000239563
31:17.1,-0.000242947
31:18.1,-0.000238031
31:19.1,-0.000237834
31:20.1,-0.000242203
31:21.1,-0.000241546
31:22.1,-0.000246854
31:23.1,-0.000247524
31:24.1,-0.000238645
31:25.1,-0.000247366
31:26.1,-0.000254816
31:27.1,-0.000249453
31:28.1,-0.00024256
31:29.1,-0.000233695
31:30.1,-0.000231577
31:31.1,-0.000233928
31:32.1,-0.000244998
31:33.1,-0.000242412
31:34.1,-0.000238635
31:35.1,-0.000247388
31:36.1,-0.000240727
31:37.1,-0.000228953
31:38.1,-0.000236136
31:39.1,-0.000240452
31:40.1,-0.000235679
31:41.1,-0.000235758
31:42.1,-0.00023414
31:43.1,-0.000235393
31:44.1,-0.000250133
31:45.1,-0.000241759
31:46.1,-0.000243239
31:47.1,-0.000237668
31:48.1,-0.000244109
31:49.0,-0.000237945
31:50.0,-0.000236944
31:51.0,-0.000222949
31:52.0,-0.000214248
31:53.0,-0.000215265
31:54.0,-0.000225329
31:55.0,-0.000223157
31:56.0,-0.000228899
31:57.0,-0.000239081
31:58.0,-0.000241331
31:59.0,-0.000246686
32:00.0,-0.000249507
32:01.0,-0.000242107
32:02.0,-0.000241528
32:03.0,-0.000249701
32:04.0,-0.000255311
32:05.0,-0.00026465
32:06.0,-0.000262518
32:07.0,-0.000269126
32:08.0,-0.00026802
32:09.0,-0.0002615
32:10.0,-0.000260428
32:11.0,-0.000268818
32:12.0,-0.000270969
32:13.0,-0.00028047
32:14.0,-0.000280939
32:15.0,-0.000280125
32:16.0,-0.000283605
32:17.0,-0.000280634
32:18.0,-0.0002695
32:19.0,-0.000264468
32:20.0,-0.000268143
32:21.0,-0.00027267
32:22.0,-0.00026976
32:23.0,-0.000271138
32:24.0,-0.000282882
32:25.0,-0.000289715
32:26.0,-0.000286039
32:27.0,-0.000284737
32:28.0,-0.000285163
32:29.0,-0.000285156
32:30.0,-0.000287505
32:31.0,-0.000281635
32:32.0,-0.000278901
32:33.0,-0.00027678
32:34.0,-0.000287863
32:35.0,-0.00028307
32:36.0,-0.000282153
32:37.0,-0.000277409
32:38.0,-0.000281286
32:39.0,-0.000294082
32:40.0,-0.000293079
32:41.0,-0.000297648
32:42.0,-0.000295931
32:43.0,-0.000289845
32:44.0,-0.000287742
32:45.0,-0.000294129
32:46.0,-0.000299695
32:47.0,-0.000295048
32:48.0,-0.0002841
32:49.0,-0.00028201
32:49.9,-0.00028346
32:50.9,-0.000281765
32:51.9,-0.000284401
32:52.9,-0.000289185
32:53.9,-0.000287231
32:54.9,-0.000288084
32:55.9,-0.000289745
32:56.9,-0.00028459
32:57.9,-0.000288031
32:58.9,-0.000286172
32:59.9,-0.000293094
33:00.9,-0.000289373
33:01.9,-0.000284657
33:02.9,-0.000278491
33:03.9,-0.000287423
33:04.9,-0.000315468
33:05.9,-0.000311087
33:06.9,-0.000299164
33:07.9,-0.000286714
33:08.9,-0.000276144
33:09.9,-0.000272871
33:10.9,-0.000265882
33:11.9,-0.000274405
33:12.9,-0.000279105
33:13.9,-0.000278285
33:14.9,-0.000278158
33:15.9,-0.000281519
33:16.9,-0.00028602
33:17.9,-0.000283
33:18.9,-0.0002939
33:19.9,-0.000301196
33:20.9,-0.000298503
33:21.9,-0.000297823
33:22.9,-0.000303244
33:23.9,-0.000297641
33:24.9,-0.000291954
33:25.9,-0.000291367
33:26.9,-0.000298006
33:27.9,-0.000300727
33:28.9,-0.00030168
33:29.9,-0.000305811
33:30.9,-0.000300468
33:31.9,-0.000308893
33:32.9,-0.000313356
33:33.9,-0.000302349
33:34.9,-0.000299878
33:35.9,-0.000295154
33:36.9,-0.000286195
33:37.9,-0.000298484
33:38.9,-0.000310878
33:39.9,-0.000315524
33:40.9,-0.000319176
33:41.9,-0.000314207
33:42.9,-0.000308411
33:43.9,-0.000308129
33:44.9,-0.000312456
33:45.9,-0.000326327
33:46.9,-0.000336104
33:47.9,-0.000336667
33:48.9,-0.00035551
33:49.9,-0.000360335
33:50.9,-0.00035492
33:51.8,-0.000348034
33:52.8,-0.000351396
33:53.8,-0.000344736
33:54.8,-0.000337242
33:55.8,-0.000336635
33:56.8,-0.000344198
33:57.8,-0.000350459
33:58.8,-0.00035777
33:59.8,-0.000343096
34:00.8,-0.000351085
34:01.8,-0.000345889
34:02.8,-0.00034092
34:03.8,-0.000333061
34:04.8,-0.000333776
34:05.8,-0.000333915
34:06.8,-0.00033373
34:07.8,-0.00032906
34:08.8,-0.000326557
34:09.8,-0.000327447
34:10.8,-0.000329856
34:11.8,-0.000343918
34:12.8,-0.000338914
34:13.8,-0.000339402
34:14.8,-0.00034284
34:15.8,-0.000338084
34:16.8,-0.000330261
34:17.8,-0.000341555
34:18.8,-0.000341012
34:19.8,-0.000337901
34:20.8,-0.000344281
34:21.8,-0.000345547
34:22.8,-0.000333995
34:23.8,-0.000340729
34:24.8,-0.000344846
34:25.8,-0.000342548
34:26.8,-0.000341683
34:27.8,-0.000347954
34:28.8,-0.000338894
34:29.8,-0.0003344
34:30.8,-0.00033588
34:31.8,-0.000340846
34:32.8,-0.000340702
34:33.8,-0.000340252
34:34.8,-0.000338532
34:35.8,-0.000345655
34:36.8,-0.000345565
34:37.8,-0.000338127
34:38.8,-0.000334536
34:39.8,-0.000349059
34:40.8,-0.000345462
34:41.8,-0.000351991
34:42.8,-0.000367887
34:43.8,-0.00036397
34:44.8,-0.000364988
34:45.8,-0.000374959
34:46.8,-0.000377411
34:47.8,-0.000376971
34:48.8,-0.000371252
34:49.8,-0.00035677
34:50.8,-0.000351708
34:51.8,-0.000357144
34:52.7,-0.000371025
34:53.7,-0.000379414
34:54.7,-0.000376846
34:55.7,-0.000373639
34:56.7,-0.000367645
34:57.7,-0.000374982
34:58.7,-0.000376115
34:59.7,-0.000375107
35:00.7,-0.000366164
35:01.7,-0.000369029
35:02.7,-0.000372688
35:03.7,-0.000368738
35:04.7,-0.000370145
35:05.7,-0.000368508
35:06.7,-0.000360285
35:07.7,-0.000365709
35:08.7,-0.000366975
35:09.7,-0.000359829
35:10.7,-0.00036426
35:11.7,-0.000374098
35:12.7,-0.000371134
35:13.7,-0.000370039
35:14.7,-0.000370706
35:15.7,-0.000378369
35:16.7,-0.000375198
35:17.7,-0.000377283
35:18.7,-0.000373909
35:19.7,-0.00037757
35:20.7,-0.000376472
35:21.7,-0.000367147
35:22.7,-0.000368366
35:23.7,-0.000371243
35:24.7,-0.000354753
35:25.7,-0.000349152
35:26.7,-0.000349052
35:27.7,-0.000361292
35:28.7,-0.000375035
35:29.7,-0.000376559
35:30.7,-0.000373718
35:31.7,-0.00037185
35:32.7,-0.000370966
35:33.7,-0.000363359
35:34.7,-0.000369464
35:35.7,-0.000370007
35:36.7,-0.000389236
35:37.7,-0.00039531
35:38.7,-0.000388074
35:39.7,-0.000384488
35:40.7,-0.000371318
35:41.7,-0.000368729
35:42.7,-0.000356895
35:43.7,-0.000362631
35:44.7,-0.000368768
35:45.7,-0.000359662
35:46.7,-0.000352869
35:47.7,-0.000355321
35:48.7,-0.000366797
35:49.7,-0.000377196
35:50.7,-0.000378077
35:51.7,-0.000376306
35:52.7,-0.000367728
35:53.6,-0.000365893
35:54.6,-0.000360703
35:55.6,-0.00036475
35:56.6,-0.000363579
35:57.6,-0.000369785
35:58.6,-0.000370452
35:59.6,-0.000360905
36:00.6,-0.000351874
36:01.6,-0.000352245
36:02.6,-0.000359621
36:03.6,-0.000364533
36:04.6,-0.000360808
36:05.6,-0.000367114
36:06.6,-0.000366524
36:07.6,-0.000378249
36:08.6,-0.000380727
36:09.6,-0.000388231
36:10.6,-0.000378138
36:11.6,-0.000374729
36:12.6,-0.000371318
36:13.6,-0.000380152
36:14.6,-0.000389314
36:15.6,-0.000387529
36:16.6,-0.000377752
36:17.6,-0.000361493
36:18.6,-0.000369465
36:19.6,-0.000374932
36:20.6,-0.000381943
36:21.6,-0.000376015
36:22.6,-0.000364922
36:23.6,-0.000368084
36:24.6,-0.000365384
36:25.6,-0.000360516
36:26.6,-0.000382888
36:27.6,-0.000382958
36:28.6,-0.000368752
36:29.6,-0.000365897
36:30.6,-0.000367786
36:31.6,-0.000367742
36:32.6,-0.000366116
36:33.6,-0.000364914
36:34.6,-0.000368713
36:35.6,-0.000357023
36:36.6,-0.000359639
36:37.6,-0.000353511
36:38.6,-0.000362812
36:39.6,-0.000361043
36:40.6,-0.000368084
36:41.6,-0.000370249
36:42.6,-0.000365227
36:43.6,-0.000361598
36:44.6,-0.000358815
36:45.6,-0.000363225
36:46.6,-0.000360055
36:47.6,-0.000356927
36:48.6,-0.000358762
36:49.6,-0.000365009
36:50.6,-0.000353245
36:51.6,-0.000348158
36:52.6,-0.00035021
36:53.6,-0.000352251
36:54.5,0
36:55.5,0.000163432
36:56.5,0.000151123
36:57.5,0.000148708
36:58.5,0.000147177
36:59.5,0.000159861
37:00.5,0.000170912
37:01.5,0.000164767
37:02.5,0.000169606
37:03.5,0.000171355
37:04.5,0.000164777
37:05.5,0.000169411
37:06.5,0.000170258
37:07.5,0.000175877
37:08.5,0.000179444
37:09.5,0.000175437
37:10.5,0.000162518
37:11.5,0.000150592
37:12.5,0.000162817
37:13.5,0.000164978
37:14.5,0.000164587
37:15.5,0.000152551
37:16.5,0.000137934
37:17.5,0.000143125
37:18.5,0.000169081
37:19.5,0.000175314
37:20.5,0.000174689
37:21.5,0.00015456
37:22.5,0.000161441
37:23.5,0.000158019
37:24.5,0.000163927
37:25.5,0.000170601
37:26.5,0.000157738
37:27.5,0.000160521
37:28.5,0.000183562
37:29.5,0.000186769
37:30.5,0.000189866
37:31.5,0.000181391
37:32.5,0.000179535
37:33.5,0.000180044
37:34.5,0.000171224
37:35.5,0.000177902
37:36.5,0.000179812
37:37.5,0.000184269
37:38.5,0.000168159
37:39.5,0.000143784
37:40.5,0.000145004
37:41.5,0.000157802
37:42.5,0.000174396
37:43.5,0.000173598
37:44.5,0.000184104
37:45.5,0.000187751
37:46.5,0.00018675
37:47.5,0.000185596
37:48.5,0.000177886
37:49.5,0.000174526
37:50.5,0.000167648
37:51.5,0.00016539
37:52.5,0.000173269
37:53.5,0.000177114
37:54.5,0.000165347
37:55.4,0.000165355
37:56.4,0.000170683
37:57.4,0.000168289
37:58.4,0.000167394
37:59.4,0.000165801
38:00.4,0.000173649
38:01.4,0.000181145
38:02.4,0.000188686
38:03.4,0.000183744
38:04.4,0.00018112
38:05.4,0.000171722
38:06.4,0.000165322
38:07.4,0.000170299
38:08.4,0.000179625
38:09.4,0.000181717
38:10.4,0.000175412
38:11.4,0.000168419
38:12.4,0.00017667
38:13.4,0.000185932
38:14.4,0.000187127
38:15.4,0.000192804
38:16.4,0.000188042
38:17.4,0.000184952
38:18.4,0.000177836
38:19.4,0.000173606
38:20.4,0.000175085
38:21.4,0.000156435
38:22.4,0.000152712
38:23.4,0.000171582
38:24.4,0.000172739
38:25.4,0.000170388
38:26.4,0.000179942
38:27.4,0.000182512
38:28.4,0.000150809
38:29.4,0.000128676
38:30.4,0.000136941
38:31.4,0.000131011
38:32.4,0.00011858
38:33.4,0.000131353
38:34.4,0.000140849
38:35.4,0.000142657
38:36.4,0.000135935
38:37.4,0.000142327
38:38.4,0.000146385
38:39.4,0.000153242
38:40.4,0.000147242
38:41.4,0.000147541
38:42.4,0.000152842
38:43.4,0.000148764
38:44.4,0.000147254
38:45.4,0.000160709
38:46.4,0.00017116
38:47.4,0.000162508
38:48.4,0.000165607
38:49.4,0.000165712
38:50.4,0.000159172
38:51.4,0.000161063
38:52.4,0.000165265
38:53.4,0.000169888
38:54.4,0.000170658
38:55.4,0.000169773
38:56.3,0.00015902
38:57.3,0.000165872
38:58.3,0.000178335
38:59.3,0.000188172
39:00.3,0.000187262
39:01.3,0.000194621
39:02.3,0.000179354
39:03.3,0.000190927
39:04.3,0.000193064
39:05.3,0.000194763
39:06.3,0.000192586
39:07.3,0.00020527
39:08.3,0.000223842
39:09.3,0.000218656
39:10.3,0.000215132
39:11.3,0.000222636
39:12.3,0.000218106
39:13.3,0.000215859
39:14.3,0.00023078
39:15.3,0.000227578
39:16.3,0.0002209
39:17.3,0.000220711
39:18.3,0.000231266
39:19.3,0.000236172
39:20.3,0.000224538
39:21.3,0.000218228
39:22.3,0.000231062
39:23.3,0.000233964
39:24.3,0.000225942
39:25.3,0.000221695
39:26.3,0.000222674
39:27.3,0.000230392
39:28.3,0.000238887
39:29.3,0.000247946
39:30.3,0.000243015
39:31.3,0.000239408
39:32.3,0.00024035
39:33.3,0.000232122
39:34.3,0.000231415
39:35.3,0.000239022
39:36.3,0.000236207
39:37.3,0.00024392
39:38.3,0.000240793
39:39.3,0.000249494
39:40.3,0.000262515
39:41.3,0.000263538
39:42.3,0.000241969
39:43.3,0.000238037
39:44.3,0.000250196
39:45.3,0.00025775
39:46.3,0.000252
39:47.3,0.000254428
39:48.3,0.000246567
39:49.3,0.000247596
39:50.3,0.000254903
39:51.3,0.000251697
39:52.3,0.000257365
39:53.3,0.000258366
39:54.3,0.000251713
39:55.3,0.000262339
39:56.3,0.00026802
39:57.2,0.00025602
39:58.2,0.000242346
39:59.2,0.000232521
40:00.2,0.000239212
40:01.2,0.000239938
40:02.2,0.000232688
40:03.2,0.00023354
40:04.2,0.000239283
40:05.2,0.000240622
40:06.2,0.000239351
40:07.2,0.000241654
40:08.2,0.000223707
40:09.2,0.00022997
40:10.2,0.000246321
40:11.2,0.000242167
40:12.2,0.000230955
40:13.2,0.000234911
40:14.2,0.000232353
40:15.2,0.000222463
40:16.2,0.000226116
40:17.2,0.000226604
40:18.2,0.000233624
40:19.2,0.000241624
40:20.2,0.000242031
40:21.2,0.000237989
40:22.2,0.000222452
40:23.2,0.000204377
40:24.2,0.000191463
40:25.2,0.000188379
40:26.2,0.000194538
40:27.2,0.000210825
40:28.2,0.000206236
40:29.2,0.000187918
40:30.2,0.000178184
40:31.2,0.000171027
40:32.2,0.000170679
40:33.2,0.000176951
40:34.2,0.00017717
40:35.2,0.000184442
40:36.2,0.000180978
40:37.2,0.000178789
40:38.2,0.000190513
40:39.2,0.000184682
40:40.2,0.000179192
40:41.2,0.000182735
40:42.2,0.000172376
40:43.2,0.000172777
40:44.2,0.000182889
40:45.2,0.000186014
40:46.2,0.000196155
40:47.2,0.000183381
40:48.2,0.000176478
40:49.2,0.00017111
40:50.2,0.000181185
40:51.2,0.000185304
40:52.2,0.000176442
40:53.2,0.000171911
40:54.2,0.000176259
40:55.2,0.000165911
40:56.2,0.000158076
40:57.2,0.00018423
40:58.1,0.00020845
40:59.1,0.000190539
41:00.1,0.000183177
41:01.1,0.000180644
41:02.1,0.00016989
41:03.1,0.00017015
41:04.1,0.000180722
41:05.1,0.000185813
41:06.1,0.000185276
41:07.1,0.000180723
41:08.1,0.000153849
41:09.1,0.000159519
41:10.1,0.000172161
41:11.1,0.000170995
41:12.1,0.000172575
41:13.1,0.000171454
41:14.1,0.000165031
41:15.1,0.000156563
41:16.1,0.000155329
41:17.1,0.000151249
41:18.1,0.00016459
41:19.1,0.000168848
41:20.1,0.000177003
41:21.1,0.000169057
41:22.1,0.000169432
41:23.1,0.000174499
41:24.1,0.000167035
41:25.1,0.00015089
41:26.1,0.000133762
41:27.1,0.000146881
41:28.1,0.000155504
41:29.1,0.000176702
41:30.1,0.000188654
41:31.1,0.000182604
41:32.1,0.000165234
41:33.1,0.000166357
41:34.1,0.000153306
41:35.1,0.000141323
41:36.1,0.000121209
41:37.1,0.000120156
41:38.1,0.000114744
41:39.1,0.000118878
41:40.1,0.000130132
41:41.1,0.000125119
41:42.1,0.000129496
41:43.1,0.00012573
41:44.1,0.00012687
41:45.1,0.000125581
41:46.1,0.000122695
41:47.1,0.000127916
41:48.1,0.000130812
41:49.1,0.000134862
41:50.1,0.000139079
41:51.1,0.000139404
41:52.1,0.000128202
41:53.1,0.000148586
41:54.1,0.000144298
41:55.1,0.000134525
41:56.1,0.000128416
41:57.1,0.000137987
41:58.1,0.00013833
41:59.1,0.000132532
42:00.0,0.000118547
42:01.0,0.000124921
42:02.0,0.000135839
42:03.0,0.000125998
42:04.0,0.000123469
42:05.0,0.000138629
42:06.0,0.000139847
42:07.0,0.000150449
42:08.0,0.000140894
42:09.0,0.000132698
42:10.0,0.000136427
42:11.0,0.000143407
42:12.0,0.000140137
42:13.0,0.000137439
42:14.0,0.00014861
42:15.0,0.000139762
42:16.0,0.000129627
42:17.0,0.000125217
42:18.0,0.000145806
42:19.0,0.000162799
42:20.0,0.000163733
42:21.0,0.000149365
42:22.0,0.000157178
42:23.0,0.000154761
42:24.0,0.000146133
42:25.0,0.000161226
42:26.0,0.000150388
42:27.0,0.000131782
42:28.0,0.000129928
42:29.0,0.000139012
42:30.0,0.000142623
42:31.0,0.000147981
42:32.0,0.000141131
42:33.0,0.000129423
42:34.0,0.00013711
42:35.0,0.00012922
42:36.0,0.000122455
42:37.0,0.000137025
42:38.0,0.000142762
42:39.0,0.000148414
42:40.0,0.000139203
42:41.0,0.000143148
42:42.0,0.000143525
42:43.0,0.000132616
42:44.0,0.000140594
42:45.0,0.000125527
42:46.0,0.000115093
42:47.0,0.000106181
42:48.0,9.993181e-05
42:49.0,8.442822e-05
42:50.0,6.998755e-05
42:51.0,5.0234437e-05
42:52.0,4.7662066e-05
42:53.0,4.9523795e-05
42:54.0,4.373852e-05
42:55.0,4.0970903e-05
42:56.0,3.9929586e-05
42:57.0,3.872634e-05
42:58.0,2.9709101e-05
42:59.0,3.773527e-05
43:00.0,4.9482544e-05
43:00.9,3.794989e-05
43:01.9,4.6186327e-05
43:02.9,4.0733587e-05
43:03.9,3.3944438e-05
43:04.9,2.3885905e-05
43:05.9,2.0911575e-05
43:06.9,2.1344447e-05
43:07.9,2.9540075e-05
43:08.9,4.5049717e-05
43:09.9,4.4539232e-05
43:10.9,2.760025e-05
43:11.9,3.3584187e-05
43:12.9,3.7569724e-05
43:13.9,2.1429023e-05
43:14.9,1.6004791e-05
43:15.9,1.7951412e-05
43:16.9,2.4733885e-05
43:17.9,2.7945685e-05
43:18.9,3.444235e-05
43:19.9,2.0782561e-05
43:20.9,1.04680585e-05
43:21.9,1.0848732e-05
43:22.9,4.2769636e-05
43:23.9,5.7930338e-05
43:24.9,6.941655e-05
43:25.9,7.090246e-05
43:26.9,5.2856343e-05
43:27.9,4.475086e-05
43:28.9,5.0492494e-05
43:29.9,5.550182e-05
43:30.9,5.6175682e-05
43:31.9,4.055507e-05
43:32.9,3.8565235e-05
43:33.9,4.848164e-05
43:34.9,5.4616787e-05
43:35.9,5.6933946e-05
43:36.9,6.778693e-05
43:37.9,7.8691904e-05
43:38.9,9.6181764e-05
43:39.9,9.0982256e-05
43:40.9,7.262508e-05
43:41.9,7.098648e-05
43:42.9,6.126796e-05
43:43.9,7.1303686e-05
43:44.9,7.8806384e-05
43:45.9,8.849438e-05
43:46.9,9.0339876e-05
43:47.9,8.2956976e-05
43:48.9,9.407227e-05
43:49.9,7.5753116e-05
43:50.9,7.478402e-05
43:51.9,7.648297e-05
43:52.9,7.8552686e-05
43:53.9,8.0512844e-05
43:54.9,8.284838e-05
43:55.9,8.8997105e-05
43:56.9,8.831695e-05
43:57.9,9.530202e-05
43:58.9,8.532558e-05
43:59.9,9.402013e-05
44:00.9,7.156796e-05
44:01.8,7.188531e-05
44:02.8,7.543684e-05
44:03.8,7.716499e-05
44:04.8,8.395919e-05
44:05.8,8.710515e-05
44:06.8,8.5692394e-05
44:07.8,7.570521e-05
44:08.8,8.469917e-05
44:09.8,7.121395e-05
44:10.8,7.300551e-05
44:11.8,8.74168e-05
44:12.8,0.000100527
44:13.8,8.38569e-05
44:14.8,8.8056964e-05
44:15.8,9.3458846e-05
44:16.8,0.000103361
44:17.8,9.504799e-05
44:18.8,8.173771e-05
44:19.8,7.5322794e-05
44:20.8,7.326378e-05
44:21.8,8.6946406e-05
44:22.8,9.8682896e-05
44:23.8,0.000117562
44:24.8,0.000127792
44:25.8,0.000114366
44:26.8,0.000109099
44:27.8,0.000127517
44:28.8,0.000112931
44:29.8,0.000122353
44:30.8,0.000133961
44:31.8,0.000123303
44:32.8,0.000132796
44:33.8,0.000128804
44:34.8,0.000113918
44:35.8,0.000103511
44:36.8,0.000100253
44:37.8,9.882086e-05
44:38.8,8.4453466e-05
44:39.8,9.505379e-05
44:40.8,0.000184572
44:41.8,0.000180066
44:42.8,0.000167206
44:43.8,0.000141449
44:44.8,0.000132096
44:45.8,0.00013457
44:46.8,0.000142067
44:47.8,0.000147783
44:48.8,0.000145467
44:49.8,0.000144018
44:50.8,0.000142217
44:51.8,0.00013754
44:52.8,0.000137776
44:53.8,0.000148847
44:54.8,0.000142597
44:55.8,0.000139401
44:56.8,0.000144971
44:57.8,0.000151525
44:58.8,0.000159647
44:59.8,0.000159188
45:00.8,0.000162896
45:01.8,0.000151888
45:02.7,0.000151382
45:03.7,0.000152093
45:04.7,0.000163504
45:05.7,0.000175291
45:06.7,0.000176661
45:07.7,0.000165474
45:08.7,0.00015934
45:09.7,0.000168274
45:10.7,0.000174371
45:11.7,0.000165869
45:12.7,0.000182348
45:13.7,0.000177113
45:14.7,0.000157377
45:15.7,0.000163969
45:16.7,0.000168095
45:17.7,0.00016129
45:18.7,0.000169777
45:19.7,0.000177295
45:20.7,0.000178722
45:21.7,0.000176251
45:22.7,0.000186732
45:23.7,0.000180559
45:24.7,0.000179731
45:25.7,0.000168377
45:26.7,0.00017393
45:27.7,0.000183301
45:28.7,0.000182765
45:29.7,0.000190136
45:30.7,0.000183343
45:31.7,0.00018548
45:32.7,0.000191367
45:33.7,0.000200921
45:34.7,0.00021412
45:35.7,0.000208832
45:36.7,0.000208029
45:37.7,0.000197287
45:38.7,0.000180092
45:39.7,0.000172175
45:40.7,0.000170726
45:41.7,0.000179086
45:42.7,0.000177276
45:43.7,0.000185262
45:44.7,0.000185412
45:45.7,0.000194024
45:46.7,0.000194398
45:47.7,0.000181557
45:48.7,0.000187164
45:49.7,0.000181834
45:50.7,0.000184793
45:51.7,0.000179476
45:52.7,0.000178103
45:53.7,0.000181714
45:54.7,0.000184402
45:55.7,0.000180174
45:56.7,0.000191183
45:57.7,0.000193814
45:58.7,0.000177657
45:59.7,0.000174685
46:00.7,0.000176163
46:01.7,0.000176495
46:02.7,0.000186592
46:03.6,0.000186458
46:04.6,0.00018557
46:05.6,0.000178366
46:06.6,0.000171162
46:07.6,0.000179885
46:08.6,0.000188227
46:09.6,0.000189261
46:10.6,0.000210574
46:11.6,0.000200779
46:12.6,0.00020276
46:13.6,0.000195261
46:14.6,0.000200764
46:15.6,0.000198569
46:16.6,0.000199771
46:17.6,0.000201505
46:18.6,0.000198583
46:19.6,0.000194003
46:20.6,0.000176591
46:21.6,0.000185786
46:22.6,0.000195306
46:23.6,0.00019462
46:24.6,0.000194595
46:25.6,0.000189457
46:26.6,0.000190226
46:27.6,0.000191504
46:28.6,0.000195507
46:29.6,0.000190149
46:30.6,0.000180754
46:31.6,0.000173745
46:32.6,0.000172391
46:33.6,0.000183531
46:34.6,0.000186765
46:35.6,0.000186909
46:36.6,0.0001836
46:37.6,0.000191614
46:38.6,0.000198552
46:39.6,0.000194893
46:40.6,0.000181509
46:41.6,0.000172392
46:42.6,0.000177005
46:43.6,0.000181311
46:44.6,0.000178331
46:45.6,0.000165405
46:46.6,0.000180239
46:47.6,0.000185281
46:48.6,0.000174573
46:49.6,0.00016638
46:50.6,0.000141657
46:51.6,0.000142579
46:52.6,0.000156494
46:53.6,0.000155553
46:54.6,0
46:55.6,-0.000593055
46:56.6,-0.000536492
46:57.6,-0.000548911
46:58.6,-0.000548306
46:59.6,-0.000552205
47:00.6,-0.000545676
47:01.6,-0.000541691
47:02.6,-0.00053559
47:03.6,-0.00053398
47:04.5,-0.000534771
47:05.5,-0.000526677
47:06.5,-0.000525132
47:07.5,-0.000506028
47:08.5,-0.000522787
47:09.5,-0.000533609
47:10.5,-0.000545815
47:11.5,-0.000542314
47:12.5,-0.000543865
47:13.5,-0.000535249
47:14.5,-0.00052234
47:15.5,-0.000525889
47:16.5,-0.000536299
47:17.5,-0.000536096
47:18.5,-0.000538653
47:19.5,-0.000531043
47:20.5,-0.000500239
47:21.5,-0.000488479
47:22.5,-0.000492992
47:23.5,-0.000513743
47:24.5,-0.000527321
47:25.5,-0.000552173
47:26.5,-0.000568755
47:27.5,-0.000564262
47:28.5,-0.000563404
47:29.5,-0.000568982
47:30.5,-0.000562536
47:31.5,-0.000546821
47:32.5,-0.000543262
47:33.5,-0.000553083
47:34.5,-0.000559119
47:35.5,-0.000556258
47:36.5,-0.000541641
47:37.5,-0.000542956
47:38.5,-0.000547795
47:39.5,-0.000579512
47:40.5,-0.000566207
47:41.5,-0.000548658
47:42.5,-0.00055303
47:43.5,-0.00056324
47:44.5,-0.000555206
47:45.5,-0.000556965
47:46.5,-0.00055077
47:47.5,-0.000552565
47:48.5,-0.000557433
47:49.5,-0.000561713
47:50.5,-0.000549759
47:51.5,-0.000559457
47:52.5,-0.00056251
47:53.5,-0.000554395
47:54.5,-0.00056238
47:55.5,-0.000561458
47:56.5,-0.000556835
47:57.5,-0.000559563
47:58.5,-0.000565943
47:59.5,-0.000575281
48:00.5,-0.000565783
48:01.5,-0.000577002
48:02.5,-0.000587876
48:03.5,-0.000580942
48:04.5,-0.000581444
48:05.4,-0.000596502
48:06.4,-0.00058791
48:07.4,-0.000592937
48:08.4,-0.000600349
48:09.4,-0.000598311
48:10.4,-0.000573865
48:11.4,-0.000571711
48:12.4,-0.000575944
48:13.4,-0.000592249
48:14.4,-0.000576859
48:15.4,-0.00057977
48:16.4,-0.000578815
48:17.4,-0.000567001
48:18.4,-0.000556716
48:19.4,-0.000544584
48:20.4,-0.000551279
48:21.4,-0.000543129
48:22.4,-0.000543687
48:23.4,-0.00055562
48:24.4,-0.000553594
48:25.4,-0.000544256
48:26.4,-0.000555829
48:27.4,-0.000561859
48:28.4,-0.000570702
48:29.4,-0.000547375
48:30.4,-0.000562548
48:31.4,-0.000580365
48:32.4,-0.000588454
48:33.4,-0.000575896
48:34.4,-0.000582358
48:35.4,-0.000588714
48:36.4,-0.000596131
48:37.4,-0.000590148
48:38.4,-0.000590468
48:39.4,-0.000574634
48:40.4,-0.000576656
48:41.4,-0.000569003
48:42.4,-0.000583438
48:43.4,-0.000585327
48:44.4,-0.000580682
48:45.4,-0.000586308
48:46.4,-0.000578426
48:47.4,-0.000569474
48:48.4,-0.000587154
48:49.4,-0.000593772
48:50.4,-0.000596424
48:51.4,-0.000600767
48:52.4,-0.000601303
48:53.4,-0.000615724
48:54.4,-0.000643107
48:55.4,-0.000640719
48:56.4,-0.000643517
48:57.4,-0.000645287
48:58.4,-0.0006402
48:59.4,-0.000639806
49:00.4,-0.000626644
49:01.4,-0.000618026
49:02.4,-0.00061445
49:03.4,-0.000610733
49:04.4,-0.000610123
49:05.4,-0.000596169
49:06.3,-0.000597151
49:07.3,-0.000586645
49:08.3,-0.000605739
49:09.3,-0.000607578
49:10.3,-0.00059382
49:11.3,-0.00061134
49:12.3,-0.000621212
49:13.3,-0.000622436
49:14.3,-0.000606424
49:15.3,-0.00060192
49:16.3,-0.000607724
49:17.3,-0.000607259
49:18.3,-0.000602696
49:19.3,-0.000593417
49:20.3,-0.000598869
49:21.3,-0.000614386
49:22.3,-0.000623468
49:23.3,-0.00061181
49:24.3,-0.000610064
49:25.3,-0.00061379
49:26.3,-0.000613499
49:27.3,-0.000617722
49:28.3,-0.000616267
49:29.3,-0.000594892
49:30.3,-0.000577209
49:31.3,-0.00056092
49:32.3,-0.000535692
49:33.3,-0.000538858
49:34.3,-0.000545112
49:35.3,-0.000549282
49:36.3,-0.000539477
49:37.3,-0.000543828
49:38.3,-0.000553902
49:39.3,-0.000566208
49:40.3,-0.00056024
49:41.3,-0.000550116
49:42.3,-0.000567832
49:43.3,-0.000564111
49:44.3,-0.000556945
49:45.3,-0.000550371
49:46.3,-0.000545748
49:47.3,-0.000550872
49:48.3,-0.000547354
49:49.3,-0.000546406
49:50.3,-0.000532937
49:51.3,-0.000522452
49:52.3,-0.000517183
49:53.3,-0.000523666
49:54.3,-0.000520698
49:55.3,-0.000510914
49:56.3,-0.000508967
49:57.3,-0.000516217
49:58.3,-0.000520931
49:59.3,-0.000514736
50:00.3,-0.000515651
50:01.3,-0.000529482
50:02.3,-0.000534676
50:03.3,-0.000522099
50:04.3,-0.000523964
50:05.3,-0.000531859
50:06.3,-0.000524895
50:07.2,-0.000529636
50:08.2,-0.000536373
50:09.2,-0.000532377
50:10.2,-0.000534144
50:11.2,-0.000527356
50:12.2,-0.000511986
50:13.2,-0.000523127
50:14.2,-0.000521734
50:15.2,-0.000516432
50:16.2,-0.000516848
50:17.2,-0.000505805
50:18.2,-0.000504322
50:19.2,-0.000513855
50:20.2,-0.000518706
50:21.2,-0.000519735
50:22.2,-0.000527674
50:23.2,-0.000529713
50:24.2,-0.00053064
50:25.2,-0.000529367
50:26.2,-0.000531248
50:27.2,-0.000539894
50:28.2,-0.000531019
50:29.2,-0.000534382
50:30.2,-0.000540924
50:31.2,-0.000549848
50:32.2,-0.00055102
50:33.2,-0.000552386
50:34.2,-0.000552396
50:35.2,-0.00056792
50:36.2,-0.000577833
50:37.2,-0.000582338
50:38.2,-0.000568978
50:39.2,-0.000566601
50:40.2,-0.000563156
50:41.2,-0.000560128
50:42.2,-0.000542239
50:43.2,-0.000540298
50:44.2,-0.000543246
50:45.2,-0.000540097
50:46.2,-0.000546717
50:47.2,-0.000550544
50:48.2,-0.000555626
50:49.2,-0.000554408
50:50.2,-0.000551807
50:51.2,-0.000545806
50:52.2,-0.000540079
50:53.2,-0.000546119
50:54.2,-0.000547143
50:55.2,-0.000547875
50:56.2,-0.000550861
50:57.2,-0.00055492
50:58.2,-0.000563485
50:59.2,-0.00056957
51:00.2,-0.00056752
51:01.2,-0.00056993
51:02.2,-0.000573386
51:03.2,-0.00058159
51:04.2,-0.000567922
51:05.2,-0.000566723
51:06.2,-0.000569975
51:07.2,-0.000566897
51:08.2,-0.000575209
51:09.1,-0.000588816
51:10.1,-0.000579915
51:11.1,-0.000574653
51:12.1,-0.00057994
51:13.1,-0.000591475
51:14.1,-0.000591005
51:15.1,-0.000607662
51:16.1,-0.00060804
51:17.1,-0.000584951
51:18.1,-0.000602711
51:19.1,-0.000620991
51:20.1,-0.000628966
51:21.1,-0.000624015
51:22.1,-0.000625079
51:23.1,-0.00062447
51:24.1,-0.000614759
51:25.1,-0.000603751
51:26.1,-0.000594727
51:27.1,-0.000590537
51:28.1,-0.000612182
51:29.1,-0.000615582
51:30.1,-0.000611807
51:31.1,-0.00063261
51:32.1,-0.000639461
51:33.1,-0.000633613
51:34.1,-0.000611428
51:35.1,-0.000609437
51:36.1,-0.000616198
51:37.1,-0.000616173
51:38.1,-0.000618172
51:39.1,-0.000610526
51:40.1,-0.000612585
51:41.1,-0.000615535
51:42.1,-0.000631443
51:43.1,-0.000634394
51:44.1,-0.000612079
51:45.1,-0.000605918
51:46.1,-0.000613192
51:47.1,-0.000601435
51:48.1,-0.000603559
51:49.1,-0.000615032
51:50.1,-0.000626917
51:51.1,-0.000630114
51:52.1,-0.000644899
51:53.1,-0.000635198
51:54.1,-0.000635508
51:55.1,-0.000641747
51:56.1,-0.000637292
51:57.1,-0.000632349
51:58.1,-0.000633317
51:59.1,-0.000636102
52:00.1,-0.000637122
52:01.1,-0.000628008
52:02.1,-0.000621432
52:03.1,-0.000626866
52:04.1,-0.000632942
52:05.1,-0.000640335
52:06.1,-0.000636155
52:07.1,-0.000616489
52:08.1,-0.00062447
52:09.1,-0.00061515
52:10.0,-0.000606041
52:11.0,-0.000608584
52:12.0,-0.000613335
52:13.0,-0.000618352
52:14.0,-0.000620537
52:15.0,-0.00062387
52:16.0,-0.000626908
52:17.0,-0.00062411
52:18.0,-0.000617687
52:19.0,-0.000612986
52:20.0,-0.000612824
52:21.0,-0.000609398
52:22.0,-0.000606018
52:23.0,-0.000612539
52:24.0,-0.000616878
52:25.0,-0.000618362
52:26.0,-0.000605962
52:27.0,-0.000609211
52:28.0,-0.000598728
52:29.0,-0.000608904
52:30.0,-0.000605757
52:31.0,-0.000587236
52:32.0,-0.000594367
52:33.0,-0.000591078
52:34.0,-0.000589392
52:35.0,-0.000595081
52:36.0,-0.000605321
52:37.0,-0.00060271
52:38.0,-0.000598756
52:39.0,-0.000599206
52:40.0,-0.000592976
52:41.0,-0.000590587
52:42.0,-0.000589312
52:43.0,-0.000593949
52:44.0,-0.000598002
52:45.0,-0.000580506
52:46.0,-0.000584139
52:47.0,-0.000580653
52:48.0,-0.000563643
52:49.0,-0.000564171
52:50.0,-0.000574896
52:51.0,-0.000570271
52:52.0,-0.000566721
52:53.0,-0.000557415
52:54.0,-0.000555494
52:55.0,-0.000554475
52:56.0,-0.00055248
52:57.0,-0.000537874
52:58.0,-0.000537791
52:59.0,-0.000552602
53:00.0,-0.00055456
53:01.0,-0.000551851
53:02.0,-0.000552754
53:03.0,-0.000548975
53:04.0,-0.00055278
53:05.0,-0.000555776
53:06.0,-0.000541148
53:07.0,-0.000533075
53:08.0,-0.000555507
53:09.0,-0.000553467
53:10.0,-0.000544382
53:10.9,-0.000563965
53:11.9,-0.000571779
53:12.9,-0.000564701
53:13.9,-0.00055281
53:14.9,-0.000550954
53:15.9,-0.0005562
53:16.9,-0.000557667
53:17.9,-0.000560476
53:18.9,-0.000558564
53:19.9,-0.000550064
53:20.9,-0.000546282
53:21.9,-0.000538809
53:22.9,-0.000532613
53:23.9,-0.000530837
53:24.9,-0.00052388
53:25.9,-0.000535501
53:26.9,-0.000542823
53:27.9,-0.000548451
53:28.9,-0.000547692
53:29.9,-0.000551953
53:30.9,-0.000564123
53:31.9,-0.000556994
53:32.9,-0.000549006
53:33.9,-0.000551248
53:34.9,-0.000551793
53:35.9,-0.000555059
53:36.9,-0.000563282
53:37.9,-0.000564145
53:38.9,-0.000558006
53:39.9,-0.000557095
53:40.9,-0.000548329
53:41.9,-0.000553081
53:42.9,-0.00055994
53:43.9,-0.000558804
53:44.9,-0.000563817
53:45.9,-0.000557401
53:46.9,-0.000548104
53:47.9,-0.000536756
53:48.9,-0.000536837
53:49.9,-0.000539791
53:50.9,-0.000539156
53:51.9,-0.000530852
53:52.9,-0.000534843
53:53.9,-0.000541112
53:54.9,-0.000542594
53:55.9,-0.000528736
53:56.9,-0.000524572
53:57.9,-0.000548966
53:58.9,-0.000560194
53:59.9,-0.000556204
54:00.9,-0.000552303
54:01.9,-0.000558659
54:02.9,-0.00055187
54:03.9,-0.000544832
54:04.9,-0.000542954
54:05.9,-0.000537229
54:06.9,-0.000533686
54:07.9,-0.000532423
54:08.9,-0.00053076
54:09.9,-0.000534991
54:10.9,-0.000549413
54:11.8,-0.000551522
54:12.8,-0.000549119
54:13.8,-0.00057121
54:14.8,-0.000577225
54:15.8,-0.000567844
54:16.8,-0.00057341
54:17.8,-0.000577231
54:18.8,-0.000575357
54:19.8,-0.000581085
54:20.8,-0.000586884
54:21.8,-0.000590288
54:22.8,-0.000583526
54:23.8,-0.000583067
54:24.8,-0.00058388
54:25.8,-0.000582593
54:26.8,-0.000585331
54:27.8,-0.000579074
54:28.8,-0.000581766
54:29.8,-0.000590109
54:30.8,-0.000583311
54:31.8,-0.000583348
54:32.8,-0.00058947
54:33.8,-0.000584
54:34.8,-0.000590004
54:35.8,-0.000587378
54:36.8,-0.000581533
54:37.8,-0.000582582
54:38.8,-0.000586179
54:39.8,-0.000593324
54:40.8,-0.000603006
54:41.8,-0.000603421
54:42.8,-0.000611137
54:43.8,-0.000610821
54:44.8,-0.000603698
54:45.8,-0.000600566
54:46.8,-0.000602017
54:47.8,-0.000589901
54:48.8,-0.000597507
54:49.8,-0.00059823
54:50.8,-0.000587605
54:51.8,-0.000594612
54:52.8,-0.00060479
54:53.8,-0.000596159
54:54.8,-0.000599637
54:55.8,-0.000601804
54:56.8,-0.000596335
54:57.8,-0.000590543
54:58.8,-0.000595495
54:59.8,-0.000597818
55:00.8,-0.000599465
55:01.8,-0.000603398
55:02.8,-0.000591882
55:03.8,-0.000594969
55:04.8,-0.0005995
55:05.8,-0.000597068
55:06.8,-0.000575349
55:07.8,-0.000577573
55:08.8,-0.000569174
55:09.8,-0.000563363
55:10.8,-0.000557447
55:11.8,-0.00055148
55:12.7,-0.000556605
55:13.7,-0.000556633
55:14.7,-0.000538544
55:15.7,-0.000546658
55:16.7,-0.000545657
55:17.7,-0.000551495
55:18.7,-0.000564692
55:19.7,-0.000570403
55:20.7,-0.000561197
55:21.7,-0.000547374
55:22.7,-0.000545276
55:23.7,-0.000550534
55:24.7,-0.000547824
55:25.7,-0.000536766
55:26.7,-0.000553221
55:27.7,-0.00056709
55:28.7,-0.000558809
55:29.7,-0.000549392
55:30.7,-0.00055223
55:31.7,-0.000556689
55:32.7,-0.000552817
55:33.7,-0.000551774
55:34.7,-0.00055241
55:35.7,-0.000559196
55:36.7,-0.000566852
55:37.7,-0.000566215
55:38.7,-0.000565092
55:39.7,-0.000563519
55:40.7,-0.000572891
55:41.7,-0.000570612
55:42.7,-0.000572266
55:43.7,-0.000582162
55:44.7,-0.000576424
55:45.7,-0.000568044
55:46.7,-0.000565377
55:47.7,-0.00056467
55:48.7,-0.000574091
55:49.7,-0.000582632
55:50.7,-0.000600404
55:51.7,-0.000608814
55:52.7,-0.000588533
55:53.7,-0.000578704
55:54.7,-0.000579253
55:55.7,-0.00057741
55:56.7,-0.00060665
55:57.7,-0.000613189
55:58.7,-0.000604059
55:59.7,-0.000608169
56:00.7,-0.000621835
56:01.7,-0.000634915
56:02.7,-0.000632261
56:03.7,-0.000627518
56:04.7,-0.000614347
56:05.7,-0.000609189
56:06.7,-0.00060485
56:07.7,-0.000622982
56:08.7,-0.00062797
56:09.7,-0.00064103
56:10.7,-0.000640677
56:11.7,-0.000627334
56:12.7,-0.000618879
56:13.6,-0.000619783
56:14.6,-0.000631344
56:15.6,-0.000629595
56:16.6,-0.000634081
56:17.6,-0.000628586
56:18.6,-0.000629311
56:19.6,-0.000641411
56:20.6,-0.000645594
56:21.6,-0.000638448
56:22.6,-0.000642337
56:23.6,-0.000624234
56:24.6,-0.000609901
56:25.6,-0.000608387
56:26.6,-0.00061356
56:27.6,-0.000612479
56:28.6,-0.000624047
56:29.6,-0.000621025
56:30.6,-0.000613022
56:31.6,-0.000607676
56:32.6,-0.000629816
56:33.6,-0.000628719
56:34.6,-0.000627971
56:35.6,-0.000625411
56:36.6,-0.000635475
56:37.6,-0.000623292
56:38.6,-0.000622106
56:39.6,-0.00062375
56:40.6,-0.000623124
56:41.6,-0.000616456
56:42.6,-0.000628275
56:43.6,-0.000625918
56:44.6,-0.00062704
56:45.6,-0.000618755
56:46.6,-0.00060344
56:47.6,-0.000620203
56:48.6,-0.000634036
56:49.6,-0.000632923
56:50.6,-0.000634075
56:51.6,-0.000634628
56:52.6,-0.000643535
56:53.6,-0.000646145
56:54.6,0
56:55.6,2.6283293e-05
56:56.6,5.8364644e-06
56:57.6,2.6187075e-05
56:58.6,2.6567608e-05
56:59.6,2.1275944e-05
57:00.6,1.2687359e-05
57:01.6,2.3936378e-05
57:02.6,2.7084352e-05
57:03.6,1.5104804e-05
57:04.6,1.1242281e-05
57:05.6,6.747651e-06
57:06.6,1.7890174e-05
57:07.6,2.6140118e-05
57:08.6,1.8815168e-05
57:09.6,3.0462605e-05
57:10.6,2.484178e-05
57:11.6,1.2527713e-05
57:12.6,1.6818512e-05
57:13.6,3.978039e-05
57:14.5,3.3340733e-05
57:15.5,2.7460917e-05
57:16.5,1.7949853e-05
57:17.5,1.832263e-05
57:18.5,1.8441278e-05
57:19.5,3.0360192e-05
57:20.5,4.513805e-05
57:21.5,3.7399885e-05
57:22.5,3.758198e-05
57:23.5,2.9181967e-05
57:24.5,3.0225627e-05
57:25.5,2.3992274e-05
57:26.5,1.03899865e-05
57:27.5,2.1344e-05
57:28.5,2.5097004e-05
57:29.5,3.841121e-05
57:30.5,3.540156e-05
57:31.5,3.9654955e-05
57:32.5,4.0079398e-05
57:33.5,3.8767128e-05
57:34.5,3.523053e-05
57:35.5,2.9278077e-05
57:36.5,3.3796856e-05
57:37.5,4.119526e-05
57:38.5,2.8338909e-05
57:39.5,3.3669723e-05
57:40.5,3.914466e-05
57:41.5,4.5898803e-05
57:42.5,5.0193223e-05
57:43.5,5.1404604e-05
57:44.5,4.8591788e-05
57:45.5,5.1240517e-05
57:46.5,5.6641315e-05
57:47.5,4.6670753e-05
57:48.5,3.6137313e-05
57:49.5,5.3321328e-05
57:50.5,5.54417e-05
57:51.5,5.523523e-05
57:52.5,5.9938866e-05
57:53.5,5.7615507e-05
57:54.5,5.212718e-05
57:55.5,5.954882e-05
57:56.5,5.8180005e-05
57:57.5,5.3162228e-05
57:58.5,5.633324e-05
57:59.5,6.305918e-05
58:00.5,5.4300774e-05
58:01.5,4.394684e-05
58:02.5,4.1146737e-05
58:03.5,4.6968264e-05
58:04.5,5.3030188e-05
58:05.5,4.6753845e-05
58:06.5,4.7898142e-05
58:07.5,6.497403e-05
58:08.5,6.9344846e-05
58:09.5,5.6006826e-05
58:10.5,4.1028634e-05
58:11.5,3.5374065e-05
58:12.5,4.452197e-05
58:13.5,4.481448e-05
58:14.5,4.8049187e-05
58:15.4,5.884018e-05
58:16.4,7.943011e-05
58:17.4,8.811419e-05
58:18.4,0.000104055
58:19.4,9.424474e-05
58:20.4,9.5665644e-05
58:21.4,0.000101767
58:22.4,8.647028e-05
58:23.4,9.962641e-05
58:24.4,9.270747e-05
58:25.4,8.54148e-05
58:26.4,8.405329e-05
58:27.4,7.896702e-05
58:28.4,8.9500034e-05
58:29.4,9.951275e-05
58:30.4,9.886434e-05
58:31.4,0.00010102
58:32.4,0.000101487
58:33.4,9.81352e-05
58:34.4,9.5223135e-05
58:35.4,0.000101518
58:36.4,9.5389674e-05
58:37.4,9.381927e-05
58:38.4,9.739062e-05
58:39.4,0.000103434
58:40.4,9.451147e-05
58:41.4,8.676127e-05
58:42.4,7.9124744e-05
58:43.4,7.520549e-05
58:44.4,8.748975e-05
58:45.4,8.401792e-05
58:46.4,9.414125e-05
58:47.4,9.609565e-05
58:48.4,0.000100715
58:49.4,8.786031e-05
58:50.4,8.646316e-05
58:51.4,8.666395e-05
58:52.4,9.516815e-05
58:53.4,9.8528886e-05
58:54.4,0.000108056
58:55.4,0.00011431
58:56.4,0.000118431
58:57.4,0.000106984
58:58.4,0.000105956
58:59.4,0.000108863
59:00.4,0.000110836
59:01.4,0.000105221
59:02.4,9.739979e-05
59:03.4,0.000103921
59:04.4,0.000104995
59:05.4,0.000102594
59:06.4,0.000102061
59:07.4,0.000109017
59:08.4,0.000111175
59:09.4,0.00010742
59:10.4,0.000116052
59:11.4,0.000113359
59:12.4,0.00010032
59:13.4,0.000106237
59:14.4,9.967859e-05
59:15.4,9.295424e-05
59:16.4,9.161174e-05
59:17.3,9.870921e-05
59:18.3,9.6994394e-05
59:19.3,0.000100096
59:20.3,8.343289e-05
59:21.3,6.7595945e-05
59:22.3,6.4392174e-05
59:23.3,4.6779216e-05
59:24.3,2.8310544e-05
59:25.3,2.2794895e-05
59:26.3,1.9560286e-05
59:27.3,2.7105407e-05
59:28.3,2.3219965e-05
59:29.3,2.9070328e-05
59:30.3,4.5497047e-05
59:31.3,4.6541612e-05
59:32.3,3.381244e-05
59:33.3,2.4201625e-05
59:34.3,2.9355495e-05
59:35.3,3.6808793e-05
59:36.3,3.6342713e-05
59:37.3,1.47234405e-05
59:38.3,-7.75E-08
59:39.3,-9.72E-06
59:40.3,1.49409825e-05
59:41.3,2.4401717e-05
59:42.3,1.1383116e-05
59:43.3,6.886222e-06
59:44.3,4.3191617e-06
59:45.3,1.197157e-05
59:46.3,1.1248429e-05
59:47.3,5.999124e-06
59:48.3,8.756812e-06
59:49.3,-2.15E-05
59:50.3,-2.72E-05
59:51.3,-2.14E-05
59:52.3,-2.56E-05
59:53.3,-2.27E-05
59:54.3,-2.05E-05
59:55.3,-8.28E-06
59:56.3,2.0093812e-06
59:57.3,-1.72E-05
59:58.3,-2.81E-05
59:59.3,-3.82E-05
00:00.3,-3.44E-05
00:01.3,-2.11E-05
00:02.3,-1.93E-05
00:03.3,-3.38E-05
00:04.3,-2.80E-05
00:05.3,-2.33E-05
00:06.3,-2.63E-05
00:07.3,-2.65E-05
00:08.3,-2.07E-05
00:09.3,-2.90E-05
00:10.3,-3.14E-05
00:11.3,-3.80E-05
00:12.3,-2.27E-05
00:13.3,-2.55E-05
00:14.3,-2.51E-05
00:15.3,-2.91E-05
00:16.3,-2.35E-05
00:17.3,-4.05E-05
00:18.2,-3.33E-05
00:19.2,-3.07E-05
00:20.2,-1.83E-05
00:21.2,-5.91E-06
00:22.2,-2.22E-05
00:23.2,-3.66E-05
00:24.2,-3.35E-05
00:25.2,-3.11E-05
00:26.2,-1.70E-05
00:27.2,-1.86E-05
00:28.2,-4.42E-05
00:29.2,-5.81E-05
00:30.2,-6.18E-05
00:31.2,-4.83E-05
00:32.2,-5.44E-05
00:33.2,-4.97E-05
00:34.2,-5.10E-05
00:35.2,-3.38E-05
00:36.2,-4.55E-05
00:37.2,-5.52E-05
00:38.2,-3.43E-05
00:39.2,-4.54E-05
00:40.2,-6.55E-05
00:41.2,-7.07E-05
00:42.2,-6.03E-05
00:43.2,-5.02E-05
00:44.2,-5.60E-05
00:45.2,-7.05E-05
00:46.2,-6.87E-05
00:47.2,-5.39E-05
00:48.2,-6.07E-05
00:49.2,-4.72E-05
00:50.2,-3.45E-05
00:51.2,-2.96E-05
00:52.2,-5.26E-05
00:53.2,-7.83E-05
00:54.2,-6.64E-05
00:55.2,-8.07E-05
00:56.2,-7.63E-05
00:57.2,-4.12E-05
00:58.2,-4.12E-05
00:59.2,-7.80E-05
01:00.2,-6.15E-05
01:01.2,-4.84E-05
01:02.2,-4.49E-05
01:03.2,-5.60E-05
01:04.2,-5.96E-05
01:05.2,-4.46E-05
01:06.2,-3.44E-05
01:07.2,-6.03E-05
01:08.2,-7.65E-05
01:09.2,-7.30E-05
01:10.2,-7.95E-05
01:11.2,-9.17E-05
01:12.2,-7.91E-05
01:13.2,-7.25E-05
01:14.2,-7.02E-05
01:15.2,-8.19E-05
01:16.2,-7.06E-05
01:17.2,-4.50E-05
01:18.2,-5.11E-05
01:19.1,-5.14E-05
01:20.1,-7.02E-05
01:21.1,-6.23E-05
01:22.1,-7.01E-05
01:23.1,-5.89E-05
01:24.1,-5.90E-05
01:25.1,-6.55E-05
01:26.1,-7.03E-05
01:27.1,-5.43E-05
01:28.1,-6.75E-05
01:29.1,-6.16E-05
01:30.1,-4.04E-05
01:31.1,-5.43E-05
01:32.1,-6.49E-05
01:33.1,-7.01E-05
01:34.1,-6.78E-05
01:35.1,-8.29E-05
01:36.1,-7.11E-05
01:37.1,-6.78E-05
01:38.1,-6.37E-05
01:39.1,-7.62E-05
01:40.1,-8.20E-05
01:41.1,-7.75E-05
01:42.1,-7.81E-05
01:43.1,-0.000115264
01:44.1,-0.00011641
01:45.1,-0.000101779
01:46.1,-9.55E-05
01:47.1,-9.60E-05
01:48.1,-9.65E-05
01:49.1,-0.000101293
01:50.1,-7.95E-05
01:51.1,-5.25E-05
01:52.1,-5.69E-05
01:53.1,-5.50E-05
01:54.1,-5.94E-05
01:55.1,-6.48E-05
01:56.1,-7.31E-05
01:57.1,-6.92E-05
01:58.1,-5.46E-05
01:59.1,-4.79E-05
02:00.1,-4.24E-05
02:01.1,-3.51E-05
02:02.1,-4.64E-05
02:03.1,-3.44E-05
02:04.1,-4.09E-05
02:05.1,-3.56E-05
02:06.1,-3.99E-05
02:07.1,-3.95E-05
02:08.1,-5.61E-05
02:09.1,-7.45E-05
02:10.1,-6.63E-05
02:11.1,-8.80E-05
02:12.1,-9.08E-05
02:13.1,-0.000100822
02:14.1,-8.49E-05
02:15.1,-7.79E-05
02:16.1,-6.30E-05
02:17.1,-6.69E-05
02:18.1,-6.52E-05
02:19.1,-8.33E-05
02:20.0,-9.86E-05
02:21.0,-9.13E-05
02:22.0,-0.000105198
02:23.0,-9.34E-05
02:24.0,-9.00E-05
02:25.0,-9.27E-05
02:26.0,-0.000100782
02:27.0,-9.04E-05
02:28.0,-6.42E-05
02:29.0,-7.87E-05
02:30.0,-8.35E-05
02:31.0,-7.95E-05
02:32.0,-8.09E-05
02:33.0,-8.41E-05
02:34.0,-8.71E-05
02:35.0,-9.09E-05
02:36.0,-7.87E-05
02:37.0,-8.02E-05
02:38.0,-9.04E-05
02:39.0,-8.55E-05
02:40.0,-8.77E-05
02:41.0,-7.60E-05
02:42.0,-7.09E-05
02:43.0,-8.84E-05
02:44.0,-8.03E-05
02:45.0,-6.94E-05
02:46.0,-7.56E-05
02:47.0,-8.19E-05
02:48.0,-8.33E-05
02:49.0,-8.32E-05
02:50.0,-8.10E-05
02:51.0,-9.34E-05
02:52.0,-9.44E-05
02:53.0,-9.32E-05
02:54.0,-8.40E-05
02:55.0,-7.95E-05
02:56.0,-8.01E-05
02:57.0,-9.28E-05
02:58.0,-6.75E-05
02:59.0,-0.000103423
03:00.0,-9.99E-05
03:01.0,-8.44E-05
03:02.0,-8.83E-05
03:03.0,-8.38E-05
03:04.0,-9.09E-05
03:05.0,-7.71E-05
03:06.0,-6.98E-05
03:07.0,-8.47E-05
03:08.0,-5.09E-05
03:09.0,-8.88E-05
03:10.0,-0.000117368
03:11.0,-0.000139257
03:12.0,-0.000119487
03:13.0,-0.000108329
03:14.0,-0.000100573
03:15.0,-8.83E-05
03:16.0,-0.000113569
03:17.0,-0.000101358
03:18.0,-7.38E-05
03:19.0,-6.80E-05
03:20.0,-0.000119263
03:20.9,-0.000152488
03:21.9,-0.00013421
03:22.9,-0.000106868
03:23.9,-0.000122268
03:24.9,-0.000124265
03:25.9,-9.67E-05
03:26.9,-6.57E-05
03:27.9,-7.26E-05
03:28.9,-0.000131494
03:29.9,-0.000152197
03:30.9,-0.000133223
03:31.9,-0.000105295
03:32.9,-8.59E-05
03:33.9,-0.000105478
03:34.9,-0.000117831
03:35.9,-0.000103649
03:36.9,-7.68E-05
03:37.9,-7.43E-05
03:38.9,-9.01E-05
03:39.9,-8.18E-05
03:40.9,-5.69E-05
03:41.9,-5.35E-05
03:42.9,-4.76E-05
03:43.9,-3.51E-05
03:44.9,-5.58E-06
03:45.9,-1.65E-05
03:46.9,-3.37E-05
03:47.9,-2.59E-05
03:48.9,-1.98E-05
03:49.9,-3.06E-05
03:50.9,-5.93E-05
03:51.9,-2.83E-05
03:52.9,-2.22E-05
03:53.9,-2.49E-05
03:54.9,-1.59E-06
03:55.9,-1.70E-05
03:56.9,-4.83E-05
03:57.9,-5.47E-05
03:58.9,-3.89E-05
03:59.9,-3.19E-05
04:00.9,-2.34E-05
04:01.9,-5.07E-06
04:02.9,-1.92E-05
04:03.9,-2.35E-05
04:04.9,-2.99E-05
04:05.9,-6.95E-05
04:06.9,-5.36E-05
04:07.9,-2.27E-05
04:08.9,-3.37E-05
04:09.9,-1.01E-05
04:10.9,8.606154e-06
04:11.9,-6.94E-06
04:12.9,-6.88E-06
04:13.9,-1.87E-05
04:14.9,1.2373796e-05
04:15.9,-9.68E-06
04:16.9,-5.15E-05
04:17.9,-5.63E-05
04:18.9,-3.89E-05
04:19.9,-1.91E-05
04:20.9,-2.98E-05
04:21.8,-2.18E-05
04:22.8,-2.93E-05
04:23.8,-3.30E-05
04:24.8,-2.50E-05
04:25.8,-2.24E-05
04:26.8,-1.17E-05
04:27.8,-3.67E-05
04:28.8,-4.20E-05
04:29.8,-4.76E-05
04:30.8,-4.65E-05
04:31.8,-4.73E-05
04:32.8,-2.22E-05
04:33.8,-3.31E-05
04:34.8,-6.62E-05
04:35.8,-7.94E-05
04:36.8,-4.00E-05
04:37.8,-3.26E-05
04:38.8,-1.40E-05
04:39.8,-1.51E-05
04:40.8,-1.16E-05
04:41.8,1.501553e-06
04:42.8,-4.14E-05
04:43.8,-4.45E-05
04:44.8,-4.96E-05
04:45.8,-3.95E-05
04:46.8,-8.92E-06
04:47.8,-3.62E-08
04:48.8,-2.87E-05
04:49.8,-5.17E-05
04:50.8,-8.27E-05
04:51.8,-9.13E-05
04:52.8,-5.12E-05
04:53.8,-6.49E-05
04:54.8,-6.81E-05
04:55.8,-9.60E-05
04:56.8,-0.000107195
04:57.8,-9.44E-05
04:58.8,-9.79E-05
04:59.8,-0.000134975
05:00.8,-0.000114756
05:01.8,-9.49E-05
05:02.8,-0.000107735
05:03.8,-0.000101104
05:04.8,-0.000104353
05:05.8,-9.72E-05
05:06.8,-0.000100784
05:07.8,-9.10E-05
05:08.8,-8.47E-05
05:09.8,-0.000108269
05:10.8,-0.00012078
05:11.8,-0.000122578
05:12.8,-0.00011097
05:13.8,-0.000110734
05:14.8,-0.000120904
05:15.8,-0.000131621
05:16.8,-0.000119575
05:17.8,-0.000104575
05:18.8,-0.000109377
05:19.8,-7.88E-05
05:20.8,-7.17E-05
05:21.8,-9.68E-05
05:22.7,-0.000109802
05:23.7,-0.000102948
05:24.7,-0.000119919
05:25.7,-0.000129807
05:26.7,-9.79E-05
05:27.7,-9.47E-05
05:28.7,-9.38E-05
05:29.7,-0.000101469
05:30.7,-0.000106598
05:31.7,-0.000106896
05:32.7,-8.91E-05
05:33.7,-0.000106153
05:34.7,-0.000116644
05:35.7,-0.000103475
05:36.7,-8.92E-05
05:37.7,-0.000106357
05:38.7,-0.000101011
05:39.7,-8.92E-05
05:40.7,-8.58E-05
05:41.7,-0.000106432
05:42.7,-0.000101665
05:43.7,-0.000101664
05:44.7,-9.41E-05
05:45.7,-7.67E-05
05:46.7,-7.07E-05
05:47.7,-9.69E-05
05:48.7,-8.48E-05
05:49.7,-9.16E-05
05:50.7,-0.00011434
05:51.7,-0.000106785
05:52.7,-0.000127362
05:53.7,-9.93E-05
05:54.7,-7.79E-05
05:55.7,-5.79E-05
05:56.7,-8.12E-05
05:57.7,-7.86E-05
05:58.7,-8.93E-05
05:59.7,-0.000123016
06:00.7,-0.000124217
06:01.7,-0.000103669
06:02.7,-0.000102116
06:03.7,-9.75E-05
06:04.7,-7.49E-05
06:05.7,-8.81E-05
06:06.7,-9.95E-05
06:07.7,-0.000112052
06:08.7,-9.37E-05
06:09.7,-7.80E-05
06:10.7,-9.79E-05
06:11.7,-0.000106553
06:12.7,-8.61E-05
06:13.7,-9.60E-05
06:14.7,-9.04E-05
06:15.7,-9.17E-05
06:16.7,-9.29E-05
06:17.7,-9.77E-05
06:18.7,-0.000104231
06:19.7,-8.32E-05
06:20.7,-9.36E-05
06:21.7,-9.82E-05
06:22.7,-8.67E-05
06:23.6,-9.02E-05
06:24.6,-0.000106155
06:25.6,-9.66E-05
06:26.6,-5.34E-05
06:27.6,-4.79E-05
06:28.6,-6.81E-05
06:29.6,-0.000106868
06:30.6,-0.000125699
06:31.6,-0.000137388
06:32.6,-0.00010287
06:33.6,-8.42E-05
06:34.6,-9.08E-05
06:35.6,-0.00011285
06:36.6,-0.00012008
06:37.6,-9.54E-05
06:38.6,-8.43E-05
06:39.6,-9.35E-05
06:40.6,-8.01E-05
06:41.6,-8.77E-05
06:42.6,-5.40E-05
06:43.6,-6.30E-05
06:44.6,-8.00E-05
06:45.6,-5.47E-05
06:46.6,-3.04E-05
06:47.6,-4.88E-05
06:48.6,-5.55E-05
06:49.6,-6.98E-05
06:50.6,-6.55E-05
06:51.6,-8.88E-05
06:52.6,-9.78E-05
06:53.6,-8.05E-05
06:54.6,0
06:55.6,0.000239115
06:56.6,0.000220533
06:57.6,0.000226899
06:58.6,0.00024018
06:59.6,0.000260223
07:00.6,0.00027091
07:01.6,0.000266288
07:02.6,0.000264785
07:03.6,0.000250749
07:04.6,0.000247234
07:05.6,0.000235877
07:06.6,0.000217637
07:07.6,0.000232663
07:08.6,0.000232152
07:09.6,0.000242463
07:10.6,0.000252785
07:11.6,0.000285952
07:12.6,0.000266352
07:13.6,0.000248825
07:14.6,0.000247554
07:15.6,0.000266059
07:16.6,0.000226475
07:17.6,0.000204205
07:18.6,0.000235042
07:19.6,0.000252353
07:20.6,0.000260024
07:21.6,0.000265817
07:22.6,0.000256433
07:23.6,0.00024296
07:24.5,0.000238499
07:25.5,0.000224986
07:26.5,0.000227031
07:27.5,0.000243176
07:28.5,0.00025271
07:29.5,0.000249592
07:30.5,0.000251782
07:31.5,0.000283901
07:32.5,0.000283994
07:33.5,0.000268615
07:34.5,0.000259932
07:35.5,0.000267423
07:36.5,0.000264826
07:37.5,0.000260564
07:38.5,0.000242885
07:39.5,0.000251623
07:40.5,0.000249312
07:41.5,0.000255547
07:42.5,0.000255542
07:43.5,0.000240765
07:44.5,0.000248736
07:45.5,0.000243797
07:46.5,0.000220485
07:47.5,0.00024331
07:48.5,0.000264575
07:49.5,0.000302322
07:50.5,0.0003069
07:51.5,0.000297299
07:52.5,0.000316514
07:53.5,0.000324331
07:54.5,0.000305924
07:55.5,0.000297158
07:56.5,0.000308694
07:57.5,0.000310002
07:58.5,0.000316322
07:59.5,0.00030284
08:00.5,0.000283447
08:01.5,0.000281543
08:02.5,0.00030254
08:03.5,0.000315777
08:04.5,0.000305573
08:05.5,0.000295405
08:06.5,0.000298942
08:07.5,0.000290924
08:08.5,0.000292108
08:09.5,0.000307821
08:10.5,0.000311317
08:11.5,0.000305475
08:12.5,0.000306793
08:13.5,0.000307998
08:14.5,0.00030865
08:15.5,0.000299282
08:16.5,0.000295619
08:17.5,0.000309396
08:18.5,0.000293068
08:19.5,0.000296045
08:20.5,0.000310319
08:21.5,0.000323027
08:22.5,0.000326305
08:23.5,0.000326264
08:24.5,0.000316508
08:25.5,0.000311677
08:26.4,0.000304221
08:27.4,0.00031976
08:28.4,0.000335138
08:29.4,0.000342072
08:30.4,0.000336134
08:31.4,0.000314903
08:32.4,0.000300179
08:33.4,0.000303315
08:34.4,0.00031515
08:35.4,0.000316005
08:36.4,0.000322647
08:37.4,0.000318745
08:38.4,0.000305662
08:39.4,0.000302057
08:40.4,0.000300436
08:41.4,0.000325454
08:42.4,0.00034208
08:43.4,0.000331124
08:44.4,0.000319585
08:45.4,0.000319382
08:46.4,0.000322553
08:47.4,0.000308022
08:48.4,0.000307575
08:49.4,0.000329435
08:50.4,0.000324857
08:51.4,0.000311532
08:52.4,0.000317258
08:53.4,0.000309904
08:54.4,0.000311089
08:55.4,0.000322181
08:56.4,0.000343434
08:57.4,0.000341954
08:58.4,0.000341593
08:59.4,0.000346814
09:00.4,0.000337511
09:01.4,0.000349047
09:02.4,0.000357323
09:03.4,0.000340218
09:04.4,0.000342213
09:05.4,0.000348816
09:06.4,0.000351498
09:07.4,0.000334231
09:08.4,0.000339887
09:09.4,0.000337799
09:10.4,0.000337994
09:11.4,0.000344823
09:12.4,0.000335324
09:13.4,0.000347747
09:14.4,0.000344734
09:15.4,0.00034953
09:16.4,0.000350297
09:17.4,0.000356639
09:18.4,0.000350645
09:19.4,0.000332544
09:20.4,0.000346149
09:21.4,0.000335776
09:22.4,0.000362766
09:23.4,0.000361239
09:24.4,0.000350361
09:25.4,0.000368439
09:26.4,0.000368493
09:27.3,0.000334202
09:28.3,0.000329193
09:29.3,0.000369062
09:30.3,0.000367198
09:31.3,0.000360399
09:32.3,0.000346699
09:33.3,0.0003392
09:34.3,0.000355867
09:35.3,0.000348574
09:36.3,0.000341534
09:37.3,0.000354003
09:38.3,0.000358047
09:39.3,0.000369123
09:40.3,0.000347301
09:41.3,0.000354004
09:42.3,0.00034555
09:43.3,0.000368504
09:44.3,0.000352876
09:45.3,0.000332409
09:46.3,0.000339729
09:47.3,0.000349182
09:48.3,0.000352373
09:49.3,0.000352931
09:50.3,0.000345798
09:51.3,0.000360966
09:52.3,0.000355055
09:53.3,0.000343839
09:54.3,0.000346883
09:55.3,0.000360992
09:56.3,0.000347585
09:57.3,0.000340403
09:58.3,0.000324789
09:59.3,0.000312674
10:00.3,0.000317717
10:01.3,0.000314703
10:02.3,0.000307732
10:03.3,0.000310738
10:04.3,0.000318728
10:05.3,0.000322758
10:06.3,0.000318738
10:07.3,0.000316362
10:08.3,0.000322638
10:09.3,0.000323288
10:10.3,0.00031734
10:11.3,0.000321102
10:12.3,0.000332377
10:13.3,0.000344212
10:14.3,0.000331305
10:15.3,0.000338876
10:16.3,0.000334263
10:17.3,0.000315146
10:18.3,0.000329289
10:19.3,0.000325192
10:20.3,0.000323998
10:21.3,0.000332253
10:22.3,0.000323311
10:23.3,0.000329134
10:24.3,0.000328737
10:25.3,0.000312199
10:26.3,0.000306726
10:27.3,0.000301141
10:28.2,0.000300047
10:29.2,0.000313885
10:30.2,0.000335184
10:31.2,0.000348938
10:32.2,0.000338693
10:33.2,0.00032431
10:34.2,0.000318051
10:35.2,0.000311346
10:36.2,0.000298231
10:37.2,0.000309201
10:38.2,0.000319033
10:39.2,0.000329689
10:40.2,0.000326879
10:41.2,0.000315839
10:42.2,0.000311571
10:43.2,0.000312036
10:44.2,0.000310273
10:45.2,0.000291757
10:46.2,0.000285209
10:47.2,0.000288356
10:48.2,0.000298614
10:49.2,0.000300069
10:50.2,0.000314441
10:51.2,0.000328156
10:52.2,0.000338827
10:53.2,0.000327711
10:54.2,0.000314499
10:55.2,0.000299691
10:56.2,0.000312953
10:57.2,0.000316443
10:58.2,0.000324763
10:59.2,0.000343262
11:00.2,0.000356896
11:01.2,0.000345521
11:02.2,0.000347257
11:03.2,0.000360125
11:04.2,0.000335746
11:05.2,0.000331411
11:06.2,0.000347271
11:07.2,0.000369805
11:08.2,0.000378601
11:09.2,0.000367519
11:10.2,0.000359813
11:11.2,0.000351808
11:12.2,0.000319215
11:13.2,0.000342625
11:14.2,0.000349639
11:15.2,0.000344218
11:16.2,0.000350295
11:17.2,0.000354342
11:18.2,0.000389063
11:19.2,0.000366582
11:20.2,0.000336705
11:21.2,0.000328168
11:22.2,0.000333477
11:23.2,0.000375422
11:24.2,0.000382321
11:25.2,0.000389706
11:26.2,0.000397152
11:27.2,0.000399578
11:28.2,0.000415904
11:29.1,0.000412739
11:30.1,0.000412266
11:31.1,0.000391384
11:32.1,0.000373419
11:33.1,0.000386712
11:34.1,0.000390634
11:35.1,0.000376051
11:36.1,0.00037145
11:37.1,0.000388218
11:38.1,0.000392396
11:39.1,0.000425585
11:40.1,0.000425096
11:41.1,0.000437727
11:42.1,0.000429988
11:43.1,0.000437844
11:44.1,0.000419458
11:45.1,0.000429146
11:46.1,0.000426152
11:47.1,0.000406555
11:48.1,0.000400918
11:49.1,0.000413025
11:50.1,0.00040161
11:51.1,0.00042405
11:52.1,0.000429577
11:53.1,0.000445904
11:54.1,0.000441229
11:55.1,0.000440125
11:56.1,0.000433576
11:57.1,0.000434185
11:58.1,0.000443629
11:59.1,0.000448827
12:00.1,0.000461568
12:01.1,0.000441962
12:02.1,0.000424328
12:03.1,0.000425286
12:04.1,0.00043646
12:05.1,0.000436887
12:06.1,0.000443681
12:07.1,0.000419222
12:08.1,0.000450846
12:09.1,0.000448928
12:10.1,0.000438145
12:11.1,0.000442046
12:12.1,0.000449199
12:13.1,0.00043183
12:14.1,0.000437684
12:15.1,0.000468109
12:16.1,0.000480702
12:17.1,0.000487175
12:18.1,0.000453291
12:19.1,0.00043815
12:20.1,0.000392244
12:21.1,0.00039361
12:22.1,0.000403708
12:23.1,0.000432002
12:24.1,0.000446476
12:25.1,0.000464732
12:26.1,0.000464457
12:27.1,0.000440486
12:28.1,0.000425362
12:29.1,0.000404374
12:30.0,0.000374026
12:31.0,0.000382542
12:32.0,0.000414735
12:33.0,0.000423982
12:34.0,0.000401826
12:35.0,0.000384733
12:36.0,0.000382089
12:37.0,0.000386171
12:38.0,0.000404643
12:39.0,0.00041009
12:40.0,0.00040432
12:41.0,0.000403871
12:42.0,0.000402297
12:43.0,0.000398096
12:44.0,0.000393523
12:45.0,0.00039177
12:46.0,0.000409653
12:47.0,0.000393759
12:48.0,0.000390701
12:49.0,0.000385351
12:50.0,0.000390758
12:51.0,0.000351243
12:52.0,0.000364955
12:53.0,0.000393714
12:54.0,0.000387114
12:55.0,0.000369341
12:56.0,0.00035733
12:57.0,0.000381957
12:58.0,0.000403237
12:59.0,0.000452654
13:00.0,0.000438133
13:01.0,0.000430758
13:02.0,0.00042647
13:03.0,0.000420043
13:04.0,0.000427989
13:05.0,0.000436451
13:06.0,0.000448333
13:07.0,0.000420048
13:08.0,0.000396723
13:09.0,0.000400711
13:10.0,0.000399415
13:11.0,0.000422041
13:12.0,0.00042892
13:13.0,0.000413039
13:14.0,0.00045759
13:15.0,0.000510759
13:16.0,0.000549984
13:17.0,0.000571514
13:18.0,0.000584295
13:19.0,0.000573498
13:20.0,0.00056816
13:21.0,0.000561792
13:22.0,0.00056078
13:23.0,0.000557943
13:24.0,0.000567444
13:25.0,0.000575654
13:26.0,0.000569403
13:27.0,0.000604666
13:28.0,0.000607236
13:29.0,0.000600375
13:30.0,0.000587646
13:30.9,0.000581394
13:31.9,0.000591
13:32.9,0.000564474
13:33.9,0.000576986
13:34.9,0.000612384
13:35.9,0.000599142
13:36.9,0.000597312
13:37.9,0.00060481
13:38.9,0.000589003
13:39.9,0.000594551
13:40.9,0.000576481
13:41.9,0.000584765
13:42.9,0.000554778
13:43.9,0.000548138
13:44.9,0.000567518
13:45.9,0.00054756
13:46.9,0.000543771
13:47.9,0.00053086
13:48.9,0.000534114
13:49.9,0.000571782
13:50.9,0.000580259
13:51.9,0.000591023
13:52.9,0.000591381
13:53.9,0.000581232
13:54.9,0.000566562
13:55.9,0.000557656
13:56.9,0.000553763
13:57.9,0.000575048
13:58.9,0.000602941
13:59.9,0.000602626
14:00.9,0.00058867
14:01.9,0.000587324
14:02.9,0.000589711
14:03.9,0.000597102
14:04.9,0.00058541
14:05.9,0.000598833
14:06.9,0.000591292
14:07.9,0.000596072
14:08.9,0.000629027
14:09.9,0.000609083
14:10.9,0.000612327
14:11.9,0.000628448
14:12.9,0.000606901
14:13.9,0.000612795
14:14.9,0.000615279
14:15.9,0.000617208
14:16.9,0.000618118
14:17.9,0.000604815
14:18.9,0.000598581
14:19.9,0.000616428
14:20.9,0.000647343
14:21.9,0.000647064
14:22.9,0.000627774
14:23.9,0.000640013
14:24.9,0.000657712
14:25.9,0.000657328
14:26.9,0.000637437
14:27.9,0.000655399
14:28.9,0.000621589
14:29.9,0.000614834
14:30.9,0.000606054
14:31.8,0.000636122
14:32.8,0.000641538
14:33.8,0.000634517
14:34.8,0.00064141
14:35.8,0.000625663
14:36.8,0.000600706
14:37.8,0.000604525
14:38.8,0.000614879
14:39.8,0.000649325
14:40.8,0.000651414
14:41.8,0.000670061
14:42.8,0.000672113
14:43.8,0.000660917
14:44.8,0.000647537
14:45.8,0.000675251
14:46.8,0.000668816
14:47.8,0.000684721
14:48.8,0.0006715
14:49.8,0.000660147
14:50.8,0.000672235
14:51.8,0.000694394
14:52.8,0.000738418
14:53.8,0.000742593
14:54.8,0.00074656
14:55.8,0.000740294
14:56.8,0.000713658
14:57.8,0.000712715
14:58.8,0.000729699
14:59.8,0.000736086
15:00.8,0.000740588
15:01.8,0.000747063
15:02.8,0.000750644
15:03.8,0.000730325
15:04.8,0.000733702
15:05.8,0.000744034
15:06.8,0.000733637
15:07.8,0.000726203
15:08.8,0.000753615
15:09.8,0.000756593
15:10.8,0.000736142
15:11.8,0.000721543
15:12.8,0.000726777
15:13.8,0.000740794
15:14.8,0.000744397
15:15.8,0.000753046
15:16.8,0.000740639
15:17.8,0.000716985
15:18.8,0.000728071
15:19.8,0.00073124
15:20.8,0.000713274
15:21.8,0.000746791
15:22.8,0.000750681
15:23.8,0.000746945
15:24.8,0.000747134
15:25.8,0.000750177
15:26.8,0.000749928
15:27.8,0.000767377
15:28.8,0.000770712
15:29.8,0.000750846
15:30.8,0.000742693
15:31.8,0.000732356
15:32.7,0.000739255
15:33.7,0.000750346
15:34.7,0.000759618
15:35.7,0.000736055
15:36.7,0.000739407
15:37.7,0.000745319
15:38.7,0.000749545
15:39.7,0.000755516
15:40.7,0.000758364
15:41.7,0.000749041
15:42.7,0.000741801
15:43.7,0.000747142
15:44.7,0.000745257
15:45.7,0.000746179
15:46.7,0.000748699
15:47.7,0.000756127
15:48.7,0.000766793
15:49.7,0.000744017
15:50.7,0.000720829
15:51.7,0.000730988
15:52.7,0.000749802
15:53.7,0.000758351
15:54.7,0.000764396
15:55.7,0.000774857
15:56.7,0.000782824
15:57.7,0.000772608
15:58.7,0.000781612
15:59.7,0.000812632
16:00.7,0.000812127
16:01.7,0.00079771
16:02.7,0.00078916
16:03.7,0.000801594
16:04.7,0.000822568
16:05.7,0.000805178
16:06.7,0.000796699
16:07.7,0.000798655
16:08.7,0.000811769
16:09.7,0.000814196
16:10.7,0.000796159
16:11.7,0.000791077
16:12.7,0.000787839
16:13.7,0.000801279
16:14.7,0.000804456
16:15.7,0.000773967
16:16.7,0.000774832
16:17.7,0.000774835
16:18.7,0.000777148
16:19.7,0.00079054
16:20.7,0.000793648
16:21.7,0.000784175
16:22.7,0.000795371
16:23.7,0.000778925
16:24.7,0.000785555
16:25.7,0.000775315
16:26.7,0.000768364
16:27.7,0.000771801
16:28.7,0.000785324
16:29.7,0.000772342
16:30.7,0.000761418
16:31.7,0.000776485
16:32.7,0.000788973
16:33.7,0.000773428
16:34.6,0.000758487
16:35.6,0.000763777
16:36.6,0.000767116
16:37.6,0.000774
16:38.6,0.000762187
16:39.6,0.000758749
16:40.6,0.000765719
16:41.6,0.000750384
16:42.6,0.000748114
16:43.6,0.000720478
16:44.6,0.000703323
16:45.6,0.000702066
16:46.6,0.000719607
16:47.6,0.000724937
16:48.6,0.000710212
16:49.6,0.000701571
16:50.6,0.000680623
16:51.6,0.000674089
16:52.6,0.000676944
16:53.6,0.000685412
16:54.6,0
16:55.6,-0.000358983
16:56.6,-0.000326269
16:57.6,-0.000318425
16:58.6,-0.000317154
16:59.6,-0.000332664
17:00.6,-0.000335302
17:01.6,-0.00029852
17:02.6,-0.000290504
17:03.6,-0.000281286
17:04.6,-0.000311647
17:05.6,-0.000336929
17:06.6,-0.00031658
17:07.6,-0.000319911
17:08.6,-0.000305124
17:09.6,-0.000312769
17:10.6,-0.000310447
17:11.6,-0.000300758
17:12.6,-0.00030759
17:13.6,-0.000314079
17:14.6,-0.00031034
17:15.6,-0.000316584
17:16.6,-0.000330452
17:17.6,-0.000323774
17:18.6,-0.000316889
17:19.6,-0.000312084
17:20.6,-0.000291614
17:21.6,-0.000309412
17:22.6,-0.00031015
17:23.6,-0.000317313
17:24.6,-0.00030894
17:25.6,-0.000294904
17:26.6,-0.000292313
17:27.6,-0.000294366
17:28.6,-0.000305512
17:29.6,-0.000321788
17:30.6,-0.000329638
17:31.6,-0.000338156
17:32.6,-0.000325748
17:33.6,-0.000328007
17:34.6,-0.000317343
17:35.5,-0.0003144
17:36.5,-0.000308998
17:37.5,-0.000291336
17:38.5,-0.000302616
17:39.5,-0.000306275
17:40.5,-0.000320355
17:41.5,-0.000327407
17:42.5,-0.000333021
17:43.5,-0.000322377
17:44.5,-0.000307348
17:45.5,-0.000300697
17:46.5,-0.00030367
17:47.5,-0.000293418
17:48.5,-0.00030138
17:49.5,-0.000330294
17:50.5,-0.000329376
17:51.5,-0.000322006
17:52.5,-0.000320445
17:53.5,-0.000326087
17:54.5,-0.000315556
17:55.5,-0.000316326
17:56.5,-0.000329783
17:57.5,-0.000325165
17:58.5,-0.000321066
17:59.5,-0.000292975
18:00.5,-0.000297173
18:01.5,-0.000302443
18:02.5,-0.000324515
18:03.5,-0.000324274
18:04.5,-0.000313475
18:05.5,-0.000309995
18:06.5,-0.000299165
18:07.5,-0.00029532
18:08.5,-0.000315043
18:09.5,-0.000314416
18:10.5,-0.000307823
18:11.5,-0.000323264
18:12.5,-0.000335636
18:13.5,-0.000329209
18:14.5,-0.000309915
18:15.5,-0.000293817
18:16.5,-0.000300641
18:17.5,-0.000322398
18:18.5,-0.000349324
18:19.5,-0.000328863
18:20.5,-0.000315156
18:21.5,-0.000320812
18:22.5,-0.000298222
18:23.5,-0.0003021
18:24.5,-0.00030811
18:25.5,-0.000322879
18:26.5,-0.000321469
18:27.5,-0.000308909
18:28.5,-0.000303585
18:29.5,-0.000297156
18:30.5,-0.00030801
18:31.5,-0.000328872
18:32.5,-0.000320504
18:33.5,-0.000318626
18:34.5,-0.000312089
18:35.5,-0.0002997
18:36.4,-0.000293173
18:37.4,-0.000293411
18:38.4,-0.000305975
18:39.4,-0.00032092
18:40.4,-0.00033156
18:41.4,-0.000330224
18:42.4,-0.000323595
18:43.4,-0.000328647
18:44.4,-0.000310955
18:45.4,-0.000303896
18:46.4,-0.000316284
18:47.4,-0.00031854
18:48.4,-0.000334005
18:49.4,-0.000314471
18:50.4,-0.000305285
18:51.4,-0.00031182
18:52.4,-0.000314581
18:53.4,-0.000314834
18:54.4,-0.000313097
18:55.4,-0.000306503
18:56.4,-0.000303898
18:57.4,-0.000301725
18:58.4,-0.000304202
18:59.4,-0.000312986
19:00.4,-0.000329365
19:01.4,-0.000322561
19:02.4,-0.000327746
19:03.4,-0.00032911
19:04.4,-0.000317267
19:05.4,-0.000305722
19:06.4,-0.000308667
19:07.4,-0.000321594
19:08.4,-0.000325822
19:09.4,-0.000328868
19:10.4,-0.000307975
19:11.4,-0.000308109
19:12.4,-0.000312033
19:13.4,-0.000314346
19:14.4,-0.000319069
19:15.4,-0.000308284
19:16.4,-0.000313897
19:17.4,-0.000315481
19:18.4,-0.000317046
19:19.4,-0.000320305
19:20.4,-0.000313786
19:21.4,-0.000309177
19:22.4,-0.000313645
19:23.4,-0.000323107
19:24.4,-0.000315274
19:25.4,-0.000302016
19:26.4,-0.000309529
19:27.4,-0.000305909
19:28.4,-0.000306505
19:29.4,-0.000318044
19:30.4,-0.000339815
19:31.4,-0.0003367
19:32.4,-0.000318791
19:33.4,-0.000307288
19:34.4,-0.000313947
19:35.4,-0.000318731
19:36.4,-0.000319767
19:37.3,-0.000313966
19:38.3,-0.000316077
19:39.3,-0.000314901
19:40.3,-0.000310549
19:41.3,-0.000317025
19:42.3,-0.000321918
19:43.3,-0.000304749
19:44.3,-0.000317661
19:45.3,-0.000319007
19:46.3,-0.000318745
19:47.3,-0.000311898
19:48.3,-0.00030131
19:49.3,-0.000301058
19:50.3,-0.000320688
19:51.3,-0.000323895
19:52.3,-0.000317913
19:53.3,-0.000320686
19:54.3,-0.000317329
19:55.3,-0.000310134
19:56.3,-0.000301188
19:57.3,-0.000309214
19:58.3,-0.000312719
19:59.3,-0.000325637
20:00.3,-0.000316757
20:01.3,-0.000332346
20:02.3,-0.000321801
20:03.3,-0.000319153
20:04.3,-0.000313801
20:05.3,-0.000316877
20:06.3,-0.000327598
20:07.3,-0.000326783
20:08.3,-0.000321842
20:09.3,-0.000307642
20:10.3,-0.000308029
20:11.3,-0.000320885
20:12.3,-0.000314844
20:13.3,-0.000307192
20:14.3,-0.000311145
20:15.3,-0.000294323
20:16.3,-0.000292322
20:17.3,-0.000292342
20:18.3,-0.000299315
20:19.3,-0.000305824
20:20.3,-0.000334871
20:21.3,-0.000352602
20:22.3,-0.000342792
20:23.3,-0.000332985
20:24.3,-0.000315571
20:25.3,-0.000313112
20:26.3,-0.000340323
20:27.3,-0.000337547
20:28.3,-0.000318782
20:29.3,-0.00031384
20:30.3,-0.000310684
20:31.3,-0.000305821
20:32.3,-0.00030016
20:33.3,-0.000308251
20:34.3,-0.000318912
20:35.3,-0.00031094
20:36.3,-0.00030279
20:37.3,-0.000298161
20:38.2,-0.000300316
20:39.2,-0.000295939
20:40.2,-0.000319546
20:41.2,-0.000332817
20:42.2,-0.000341441
20:43.2,-0.000351287
20:44.2,-0.000311657
20:45.2,-0.000311008
20:46.2,-0.000308239
20:47.2,-0.000303441
20:48.2,-0.000311297
20:49.2,-0.000324904
20:50.2,-0.000330153
20:51.2,-0.000327262
20:52.2,-0.000308405
20:53.2,-0.000317836
20:54.2,-0.000317034
20:55.2,-0.000326125
20:56.2,-0.00031312
20:57.2,-0.000312717
20:58.2,-0.000317922
20:59.2,-0.000319827
21:00.2,-0.000308858
21:01.2,-0.000303035
21:02.2,-0.000310781
21:03.2,-0.000318527
21:04.2,-0.00031874
21:05.2,-0.000311688
21:06.2,-0.000304565
21:07.2,-0.000307666
21:08.2,-0.000314547
21:09.2,-0.000320735
21:10.2,-0.000323734
21:11.2,-0.000315859
21:12.2,-0.000315622
21:13.2,-0.00031592
21:14.2,-0.000315506
21:15.2,-0.000318491
21:16.2,-0.000314322
21:17.2,-0.000311889
21:18.2,-0.000309746
21:19.2,-0.000310122
21:20.2,-0.000315197
21:21.2,-0.000322825
21:22.2,-0.000316857
21:23.2,-0.00032251
21:24.2,-0.00031259
21:25.2,-0.000311041
21:26.2,-0.000298795
21:27.2,-0.000298664
21:28.2,-0.000325908
21:29.2,-0.000319283
21:30.2,-0.000317127
21:31.2,-0.000328909
21:32.2,-0.000322088
21:33.2,-0.000312973
21:34.2,-0.000316829
21:35.2,-0.000307996
21:36.2,-0.000298661
21:37.2,-0.00031394
21:38.2,-0.000322623
21:39.1,-0.000314232
21:40.1,-0.000317654
21:41.1,-0.000317429
21:42.1,-0.000319406
21:43.1,-0.000318488
21:44.1,-0.00031988
21:45.1,-0.000312666
21:46.1,-0.000303831
21:47.1,-0.00030557
21:48.1,-0.000304511
21:49.1,-0.000302784
21:50.1,-0.00032163
21:51.1,-0.000328109
21:52.1,-0.000325016
21:53.1,-0.000325885
21:54.1,-0.000321033
21:55.1,-0.000333344
21:56.1,-0.00032363
21:57.1,-0.000315692
21:58.1,-0.000303105
21:59.1,-0.000313048
22:00.1,-0.000312896
22:01.1,-0.000302586
22:02.1,-0.000304285
22:03.1,-0.00032276
22:04.1,-0.000308719
22:05.1,-0.000317058
22:06.1,-0.000308145
22:07.1,-0.000305638
22:08.1,-0.000319871
22:09.1,-0.000312097
22:10.1,-0.000314401
22:11.1,-0.00031056
22:12.1,-0.000315554
22:13.1,-0.000329229
22:14.1,-0.000319018
22:15.1,-0.000314726
22:16.1,-0.000309732
22:17.1,-0.000308594
22:18.1,-0.000310749
22:19.1,-0.000309104
22:20.1,-0.000316867
22:21.1,-0.000324552
22:22.1,-0.000326721
22:23.1,-0.000312147
22:24.1,-0.000313
22:25.1,-0.000315649
22:26.1,-0.000315553
22:27.1,-0.000328442
22:28.1,-0.000308327
22:29.1,-0.000295625
22:30.1,-0.000307266
22:31.1,-0.00031276
22:32.1,-0.000323786
22:33.1,-0.000320476
22:34.1,-0.000317937
22:35.1,-0.000313799
22:36.1,-0.000315292
22:37.1,-0.000325401
22:38.1,-0.000332834
22:39.1,-0.000326232
22:40.0,-0.000310342
22:41.0,-0.000310686
22:42.0,-0.00029756
22:43.0,-0.000303115
22:44.0,-0.00031223
22:45.0,-0.000315913
22:46.0,-0.000306478
22:47.0,-0.00032092
22:48.0,-0.0003336
22:49.0,-0.000321744
22:50.0,-0.000303472
22:51.0,-0.000302744
22:52.0,-0.000310765
22:53.0,-0.000315404
22:54.0,-0.000314724
22:55.0,-0.000314748
22:56.0,-0.000308759
22:57.0,-0.000312997
22:58.0,-0.000311401
22:59.0,-0.000303838
23:00.0,-0.000313215
23:01.0,-0.00032006
23:02.0,-0.000317386
23:03.0,-0.000317615
23:04.0,-0.000311049
23:05.0,-0.000296397
23:06.0,-0.000308075
23:07.0,-0.000322168
23:08.0,-0.000314567
23:09.0,-0.000304767
23:10.0,-0.000307797
23:11.0,-0.000313073
23:12.0,-0.000326373
23:13.0,-0.000325734
23:14.0,-0.000315949
23:15.0,-0.000304406
23:16.0,-0.000306537
23:17.0,-0.000323267
23:18.0,-0.000337324
23:19.0,-0.000333692
23:20.0,-0.000326656
23:21.0,-0.00030158
23:22.0,-0.000293391
23:23.0,-0.000293844
23:24.0,-0.000312913
23:25.0,-0.000330187
23:26.0,-0.000334386
23:27.0,-0.000320869
23:28.0,-0.00031615
23:29.0,-0.000312637
23:30.0,-0.0003081
23:31.0,-0.000292002
23:32.0,-0.000297392
23:33.0,-0.000306773
23:34.0,-0.000314441
23:35.0,-0.000305536
23:36.0,-0.000300324
23:37.0,-0.000314781
23:38.0,-0.000321111
23:39.0,-0.000320004
23:40.0,-0.000307336
23:40.9,-0.000301377
23:41.9,-0.000321549
23:42.9,-0.000324774
23:43.9,-0.000310757
23:44.9,-0.000317209
23:45.9,-0.000314466
23:46.9,-0.000317437
23:47.9,-0.00031348
23:48.9,-0.000308256
23:49.9,-0.000326555
23:50.9,-0.000330697
23:51.9,-0.000308801
23:52.9,-0.000289268
23:53.9,-0.000314976
23:54.9,-0.000323914
23:55.9,-0.000333672
23:56.9,-0.000341
23:57.9,-0.000329779
23:58.9,-0.00030588
23:59.9,-0.000281721
24:00.9,-0.000288814
24:01.9,-0.000303916
24:02.9,-0.00030205
24:03.9,-0.00031117
24:04.9,-0.000331469
24:05.9,-0.000328454
24:06.9,-0.000316528
24:07.9,-0.000303877
24:08.9,-0.000294973
24:09.9,-0.000300854
24:10.9,-0.000315419
24:11.9,-0.000311388
24:12.9,-0.000312197
24:13.9,-0.000310822
24:14.9,-0.000298344
24:15.9,-0.000288968
24:16.9,-0.000295498
24:17.9,-0.000300857
24:18.9,-0.000324492
24:19.9,-0.000335019
24:20.9,-0.000331931
24:21.9,-0.000322785
24:22.9,-0.000316615
24:23.9,-0.00031288
24:24.9,-0.000314463
24:25.9,-0.000315273
24:26.9,-0.000310316
24:27.9,-0.000309959
24:28.9,-0.00032079
24:29.9,-0.000323037
24:30.9,-0.000312399
24:31.9,-0.000306617
24:32.9,-0.000305203
24:33.9,-0.000311094
24:34.9,-0.000326982
24:35.9,-0.000319462
24:36.9,-0.000315167
24:37.9,-0.000311076
24:38.9,-0.000308347
24:39.9,-0.000299427
24:40.9,-0.000305665
24:41.8,-0.000323945
24:42.8,-0.000303681
24:43.8,-0.00031388
24:44.8,-0.000329355
24:45.8,-0.000323025
24:46.8,-0.000313573
24:47.8,-0.00030865
24:48.8,-0.000313472
24:49.8,-0.000306407
24:50.8,-0.000313048
24:51.8,-0.000299614
24:52.8,-0.000305708
24:53.8,-0.000313847
24:54.8,-0.000313166
24:55.8,-0.000299831
24:56.8,-0.000313128
24:57.8,-0.000321287
24:58.8,-0.000324513
24:59.8,-0.000310275
25:00.8,-0.000305485
25:01.8,-0.000311997
25:02.8,-0.000325568
25:03.8,-0.000314118
25:04.8,-0.000316472
25:05.8,-0.000331076
25:06.8,-0.000324797
25:07.8,-0.000312444
25:08.8,-0.000303184
25:09.8,-0.000310545
25:10.8,-0.000307829
25:11.8,-0.000310202
25:12.8,-0.00030899
25:13.8,-0.00031557
25:14.8,-0.000325123
25:15.8,-0.000329202
25:16.8,-0.000323628
25:17.8,-0.00032769
25:18.8,-0.000317676
25:19.8,-0.000290537
25:20.8,-0.00031223
25:21.8,-0.000300122
25:22.8,-0.000301861
25:23.8,-0.000312404
25:24.8,-0.000320845
25:25.8,-0.000319543
25:26.8,-0.000315525
25:27.8,-0.000313981
25:28.8,-0.000294196
25:29.8,-0.000307589
25:30.8,-0.000310897
25:31.8,-0.000323865
25:32.8,-0.000319418
25:33.8,-0.000313687
25:34.8,-0.000299354
25:35.8,-0.000308754
25:36.8,-0.000323471
25:37.8,-0.000321423
25:38.8,-0.000320564
25:39.8,-0.000314203
25:40.8,-0.000298134
25:41.8,-0.000315285
25:42.8,-0.00032652
25:43.7,-0.000315429
25:44.7,-0.000307581
25:45.7,-0.000300008
25:46.7,-0.000289675
25:47.7,-0.000304243
25:48.7,-0.000320781
25:49.7,-0.000321618
25:50.7,-0.00033254
25:51.7,-0.00033158
25:52.7,-0.000322731
25:53.7,-0.000311656
25:54.7,-0.000313312
25:55.7,-0.000317876
25:56.7,-0.000304324
25:57.7,-0.000298041
25:58.7,-0.000296583
25:59.7,-0.000308787
26:00.7,-0.000322924
26:01.7,-0.000348752
26:02.7,-0.000323135
26:03.7,-0.000311817
26:04.7,-0.000315995
26:05.7,-0.00032626
26:06.7,-0.00033161
26:07.7,-0.000313405
26:08.7,-0.000313261
26:09.7,-0.000309649
26:10.7,-0.000312697
26:11.7,-0.000305772
26:12.7,-0.000304859
26:13.7,-0.000311815
26:14.7,-0.000316639
26:15.7,-0.000331496
26:16.7,-0.000345016
26:17.7,-0.000351802
26:18.7,-0.0003067
26:19.7,-0.000285654
26:20.7,-0.000295273
26:21.7,-0.000300477
26:22.7,-0.000305322
26:23.7,-0.000311854
26:24.7,-0.000302081
26:25.7,-0.000293488
26:26.7,-0.000304269
26:27.7,-0.000306845
26:28.7,-0.000326187
26:29.7,-0.000335879
26:30.7,-0.000336728
26:31.7,-0.000313888
26:32.7,-0.0003124
26:33.7,-0.000312914
26:34.7,-0.000330765
26:35.7,-0.000335073
26:36.7,-0.000336604
26:37.7,-0.000323591
26:38.7,-0.000294758
26:39.7,-0.000300631
26:40.7,-0.00030692
26:41.7,-0.000298961
26:42.7,-0.000303805
26:43.7,-0.00031444
26:44.6,-0.000323158
26:45.6,-0.000317994
26:46.6,-0.000309887
26:47.6,-0.000319829
26:48.6,-0.000319171
26:49.6,-0.000306404
26:50.6,-0.00030716
26:51.6,-0.000313248
26:52.6,-0.000316007
26:53.6,-0.000307417
26:54.6,0
26:55.6,0.000711276
26:56.6,0.00065223
26:57.6,0.000652229
26:58.6,0.000664188
26:59.6,0.000665195
27:00.6,0.000660579
27:01.6,0.000649718
27:02.6,0.000641001
27:03.6,0.000653458
27:04.6,0.000654385
27:05.6,0.000654778
27:06.6,0.00064628
27:07.6,0.000642945
27:08.6,0.00064963
27:09.6,0.000647708
27:10.6,0.000651267
27:11.6,0.000660783
27:12.6,0.000672688
27:13.6,0.000666609
27:14.6,0.000654177
27:15.6,0.000640247
27:16.6,0.000647156
27:17.6,0.000659299
27:18.6,0.000660733
27:19.6,0.000658493
27:20.6,0.000647553
27:21.6,0.000654586
27:22.6,0.000663595
27:23.6,0.000657385
27:24.6,0.00065154
27:25.6,0.000645644
27:26.6,0.000674048
27:27.6,0.000677406
27:28.6,0.00064671
27:29.6,0.000629893
27:30.6,0.000639149
27:31.6,0.000640056
27:32.6,0.000666106
27:33.6,0.000669475
27:34.6,0.000657375
27:35.6,0.000656576
27:36.6,0.000672522
27:37.6,0.000672411
27:38.6,0.000662901
27:39.6,0.000644944
27:40.6,0.00063876
27:41.6,0.000637991
27:42.6,0.000645282
27:43.6,0.00066026
27:44.6,0.000653014
27:45.5,0.000653676
27:46.5,0.000657775
27:47.5,0.000675471
27:48.5,0.000659687
27:49.5,0.000642001
27:50.5,0.000651735
27:51.5,0.000656451
27:52.5,0.000646916
27:53.5,0.000647323
27:54.5,0.000650854
27:55.5,0.00063515
27:56.5,0.000647291
27:57.5,0.000651578
27:58.5,0.00064884
27:59.5,0.000660495
28:00.5,0.000671142
28:01.5,0.0006637
28:02.5,0.000654947
28:03.5,0.000661409
28:04.5,0.000650519
28:05.5,0.000646225
28:06.5,0.0006427
28:07.5,0.000637639
28:08.5,0.000655014
28:09.5,0.000662032
28:10.5,0.00066894
28:11.5,0.000668228
28:12.5,0.000659165
28:13.5,0.000656325
28:14.5,0.000648583
28:15.5,0.00068094
28:16.5,0.000711281
28:17.5,0.000661285
28:18.5,0.000657306
28:19.5,0.000668026
28:20.5,0.000645611
28:21.5,0.000621811
28:22.5,0.000621368
28:23.5,0.000631489
28:24.5,0.000649822
28:25.5,0.000665289
28:26.5,0.000672291
28:27.5,0.000662304
28:28.5,0.000653667
28:29.5,0.000649318
28:30.5,0.000648663
28:31.5,0.000651014
28:32.5,0.000641161
28:33.5,0.000650927
28:34.5,0.000653715
28:35.5,0.000650709
28:36.5,0.000656384
28:37.5,0.000663215
28:38.5,0.000656171
28:39.5,0.00065607
28:40.5,0.000650655
28:41.5,0.000652788
28:42.5,0.000652105
28:43.5,0.000653865
28:44.5,0.00065833
28:45.5,0.000672963
28:46.4,0.000661443
28:47.4,0.00065481
28:48.4,0.000651682
28:49.4,0.000648229
28:50.4,0.000649747
28:51.4,0.000644439
28:52.4,0.000652925
28:53.4,0.000654227
28:54.4,0.000652981
28:55.4,0.000659581
28:56.4,0.000646361
28:57.4,0.000639931
28:58.4,0.000632806
28:59.4,0.000639731
29:00.4,0.000653605
29:01.4,0.000672267
29:02.4,0.000665858
29:03.4,0.000655819
29:04.4,0.000648925
29:05.4,0.000644561
29:06.4,0.000647851
29:07.4,0.000645351
29:08.4,0.000638597
29:09.4,0.000649194
29:10.4,0.000667686
29:11.4,0.000661772
29:12.4,0.000655992
29:13.4,0.000656522
29:14.4,0.000651396
29:15.4,0.000649423
29:16.4,0.000654537
29:17.4,0.000661629
29:18.4,0.000661401
29:19.4,0.000665673
29:20.4,0.000668457
29:21.4,0.000645559
29:22.4,0.000628549
29:23.4,0.000631617
29:24.4,0.000651209
29:25.4,0.000659344
29:26.4,0.00064701
29:27.4,0.000649527
29:28.4,0.00064323
29:29.4,0.000654527
29:30.4,0.000656933
29:31.4,0.000655816
29:32.4,0.000648111
29:33.4,0.00064928
29:34.4,0.00065483
29:35.4,0.000647687
29:36.4,0.000640237
29:37.4,0.000651155
29:38.4,0.000654198
29:39.4,0.000658388
29:40.4,0.000653925
29:41.4,0.000651238
29:42.4,0.000650845
29:43.4,0.000653951
29:44.4,0.00065313
29:45.4,0.000656539
29:46.4,0.000657036
29:47.3,0.000656307
29:48.3,0.000653494
29:49.3,0.000653323
29:50.3,0.000647005
29:51.3,0.000649843
29:52.3,0.000644499
29:53.3,0.000645988
29:54.3,0.000654471
29:55.3,0.000656772
29:56.3,0.000644527
29:57.3,0.000646998
29:58.3,0.000652688
29:59.3,0.000649525
30:00.3,0.000657496
30:01.3,0.000651135
30:02.3,0.000650855
30:03.3,0.000651125
30:04.3,0.000648921
30:05.3,0.000649292
30:06.3,0.000648345
30:07.3,0.00064668
30:08.3,0.000656202
30:09.3,0.000655106
30:10.3,0.00065031
30:11.3,0.000652584
30:12.3,0.000654445
30:13.3,0.000653773
30:14.3,0.000652162
30:15.3,0.000655662
30:16.3,0.000650039
30:17.3,0.000646724
30:18.3,0.000647367
30:19.3,0.00065817
30:20.3,0.000654164
30:21.3,0.000641963
30:22.3,0.000647172
30:23.3,0.000657268
30:24.3,0.000656167
30:25.3,0.000657648
30:26.3,0.000657327
30:27.3,0.00065548
30:28.3,0.000645441
30:29.3,0.000648247
30:30.3,0.000653064
30:31.3,0.000654312
30:32.3,0.000644854
30:33.3,0.00064544
30:34.3,0.000651591
30:35.3,0.000644323
30:36.3,0.000638682
30:37.3,0.000648042
30:38.3,0.000655136
30:39.3,0.000653864
30:40.3,0.000659109
30:41.3,0.000649675
30:42.3,0.000656223
30:43.3,0.000656452
30:44.3,0.000654481
30:45.3,0.000646362
30:46.3,0.000646766
30:47.3,0.000642705
30:48.2,0.000645262
30:49.2,0.000658619
30:50.2,0.000651774
30:51.2,0.000651961
30:52.2,0.000657261
30:53.2,0.000659809
30:54.2,0.000653518
30:55.2,0.000641701
30:56.2,0.00064735
30:57.2,0.000658908
30:58.2,0.000661197
30:59.2,0.000669732
31:00.2,0.000656564
31:01.2,0.000642785
31:02.2,0.000642181
31:03.2,0.000647385
31:04.2,0.000652263
31:05.2,0.000655296
31:06.2,0.000648488
31:07.2,0.000647218
31:08.2,0.000645172
31:09.2,0.000645803
31:10.2,0.000657639
31:11.2,0.000667023
31:12.2,0.000655775
31:13.2,0.000647348
31:14.2,0.000646172
31:15.2,0.000648867
31:16.2,0.000647976
31:17.2,0.000650245
31:18.2,0.000666771
31:19.2,0.000661664
31:20.2,0.000658916
31:21.2,0.000650807
31:22.2,0.000644265
31:23.2,0.000643287
31:24.2,0.000651336
31:25.2,0.000647826
31:26.2,0.000642301
31:27.2,0.00065922
31:28.2,0.000651163
31:29.2,0.000649123
31:30.2,0.000647401
31:31.2,0.000654687
31:32.2,0.000661909
31:33.2,0.00065433
31:34.2,0.000646074
31:35.2,0.000643542
31:36.2,0.000654425
31:37.2,0.00065942
31:38.2,0.000645423
31:39.2,0.000637239
31:40.2,0.000641869
31:41.2,0.000662418
31:42.2,0.000669045
31:43.2,0.00065544
31:44.2,0.000655027
31:45.2,0.000669004
31:46.2,0.00067251
31:47.2,0.000653322
31:48.2,0.000633971
31:49.1,0.000647493
31:50.1,0.000656557
31:51.1,0.000642838
31:52.1,0.000639026
31:53.1,0.000648595
31:54.1,0.000653537
31:55.1,0.000659043
31:56.1,0.000658756
31:57.1,0.000665203
31:58.1,0.000661487
31:59.1,0.000647212
32:00.1,0.000642622
32:01.1,0.000643985
32:02.1,0.000637979
32:03.1,0.000643351
32:04.1,0.000653947
32:05.1,0.000651325
32:06.1,0.000644442
32:07.1,0.000640382
32:08.1,0.000635257
32:09.1,0.000638091
32:10.1,0.000652244
32:11.1,0.000665222
32:12.1,0.000668695
32:13.1,0.000665042
32:14.1,0.000648877
32:15.1,0.000641824
32:16.1,0.000650304
32:17.1,0.000646429
32:18.1,0.000653401
32:19.1,0.000660552
32:20.1,0.000651103
32:21.1,0.000647828
32:22.1,0.000649589
32:23.1,0.000662031
32:24.1,0.000648758
32:25.1,0.000649858
32:26.1,0.000657421
32:27.1,0.000665664
32:28.1,0.000654113
32:29.1,0.000650318
32:30.1,0.000646415
32:31.1,0.000650209
32:32.1,0.000646626
32:33.1,0.000648501
32:34.1,0.000649999
32:35.1,0.000656809
32:36.1,0.000671272
32:37.1,0.000667671
32:38.1,0.000657618
32:39.1,0.000632274
32:40.1,0.000634569
32:41.1,0.000632606
32:42.1,0.000652003
32:43.1,0.000656291
32:44.1,0.00065546
32:45.1,0.000669397
32:46.1,0.000667228
32:47.1,0.000650661
32:48.1,0.000650828
32:49.1,0.000653205
32:50.0,0.000637736
32:51.0,0.000630002
32:52.0,0.000643441
32:53.0,0.000654389
32:54.0,0.000654311
32:55.0,0.000649792
32:56.0,0.000656177
32:57.0,0.000653001
32:58.0,0.000644228
32:59.0,0.000654561
33:00.0,0.000644892
33:01.0,0.000652865
33:02.0,0.000653134
33:03.0,0.000651169
33:04.0,0.00064568
33:05.0,0.000642224
33:06.0,0.000654331
33:07.0,0.000648266
33:08.0,0.000646543
33:09.0,0.000655459
33:10.0,0.000651117
33:11.0,0.000661429
33:12.0,0.000653796
33:13.0,0.000650376
33:14.0,0.000653004
33:15.0,0.000648361
33:16.0,0.000651893
33:17.0,0.000653686
33:18.0,0.000646027
33:19.0,0.000651679
33:20.0,0.000647945
33:21.0,0.000647015
33:22.0,0.000651211
33:23.0,0.000659387
33:24.0,0.000650949
33:25.0,0.000650333
33:26.0,0.00064867
33:27.0,0.000649717
33:28.0,0.000647545
33:29.0,0.000631388
33:30.0,0.000649802
33:31.0,0.000663794
33:32.0,0.000662291
33:33.0,0.000657172
33:34.0,0.000648344
33:35.0,0.000638473
33:36.0,0.000640182
33:37.0,0.000651715
33:38.0,0.000675391
33:39.0,0.000662468
33:40.0,0.000641274
33:41.0,0.000642894
33:42.0,0.000652368
33:43.0,0.000656758
33:44.0,0.000648933
33:45.0,0.000653102
33:46.0,0.00065432
33:47.0,0.000640414
33:48.0,0.000633895
33:49.0,0.000634913
33:50.0,0.000657662
33:50.9,0.000663542
33:51.9,0.000670827
33:52.9,0.000654111
33:53.9,0.000652169
33:54.9,0.000664651
33:55.9,0.000650739
33:56.9,0.00065028
33:57.9,0.0006523
33:58.9,0.00064074
33:59.9,0.000633813
34:00.9,0.000653263
34:01.9,0.000665467
34:02.9,0.000650009
34:03.9,0.000649588
34:04.9,0.000643714
34:05.9,0.000648616
34:06.9,0.000656499
34:07.9,0.00068128
34:08.9,0.000665792
34:09.9,0.000644948
34:10.9,0.000640103
34:11.9,0.000638261
34:12.9,0.000650951
34:13.9,0.000650356
34:14.9,0.000635628
34:15.9,0.000638328
34:16.9,0.000646234
34:17.9,0.000636687
34:18.9,0.000634785
34:19.9,0.000665652
34:20.9,0.000657337
34:21.9,0.000663473
34:22.9,0.000682716
34:23.9,0.000660162
34:24.9,0.000645895
34:25.9,0.000637813
34:26.9,0.000638148
34:27.9,0.000648474
34:28.9,0.000671645
34:29.9,0.000670785
34:30.9,0.000653119
34:31.9,0.00063925
34:32.9,0.000655872
34:33.9,0.000656498
34:34.9,0.000659441
34:35.9,0.000652472
34:36.9,0.000629756
34:37.9,0.000638559
34:38.9,0.000640606
34:39.9,0.0006463
34:40.9,0.000663678
34:41.9,0.000674139
34:42.9,0.000662816
34:43.9,0.000652503
34:44.9,0.000670294
34:45.9,0.000652081
34:46.9,0.000654181
34:47.9,0.000655839
34:48.9,0.000658722
34:49.9,0.00064942
34:50.9,0.00064565
34:51.9,0.000642627
34:52.8,0.000632785
34:53.8,0.000646815
34:54.8,0.000639194
34:55.8,0.000640829
34:56.8,0.000653113
34:57.8,0.000639141
34:58.8,0.000646055
34:59.8,0.000673589
35:00.8,0.000656141
35:01.8,0.000657082
35:02.8,0.000670556
35:03.8,0.000645916
35:04.8,0.00064128
35:05.8,0.000646373
35:06.8,0.000648367
35:07.8,0.000651286
35:08.8,0.000643203
35:09.8,0.00064227
35:10.8,0.00066687
35:11.8,0.000674089
35:12.8,0.000661306
35:13.8,0.000650175
35:14.8,0.000641373
35:15.8,0.000639942
35:16.8,0.000640771
35:17.8,0.000646041
35:18.8,0.000660818
35:19.8,0.000655521
35:20.8,0.000667104
35:21.8,0.000656013
35:22.8,0.00066004
35:23.8,0.00065117
35:24.8,0.000650594
35:25.8,0.000665472
35:26.8,0.000671806
35:27.8,0.000659584
35:28.8,0.00064245
35:29.8,0.000636063
35:30.8,0.000647948
35:31.8,0.000651351
35:32.8,0.000649329
35:33.8,0.000653767
35:34.8,0.000652109
35:35.8,0.000658555
35:36.8,0.000646412
35:37.8,0.000650277
35:38.8,0.000649399
35:39.8,0.000650311
35:40.8,0.000653004
35:41.8,0.000650472
35:42.8,0.000655837
35:43.8,0.00065544
35:44.8,0.000672011
35:45.8,0.000649657
35:46.8,0.00063977
35:47.8,0.000652204
35:48.8,0.000659766
35:49.8,0.000656305
35:50.8,0.000640986
35:51.8,0.000641671
35:52.8,0.000649719
35:53.7,0.000654363
35:54.7,0.000668747
35:55.7,0.00066206
35:56.7,0.000664438
35:57.7,0.000640455
35:58.7,0.000632436
35:59.7,0.00063936
36:00.7,0.000647986
36:01.7,0.000643935
36:02.7,0.000666072
36:03.7,0.000655149
36:04.7,0.000643155
36:05.7,0.000660093
36:06.7,0.000656291
36:07.7,0.000645826
36:08.7,0.00065476
36:09.7,0.000659094
36:10.7,0.000656989
36:11.7,0.000649404
36:12.7,0.000647831
36:13.7,0.000653841
36:14.7,0.000666272
36:15.7,0.000656946
36:16.7,0.000672611
36:17.7,0.00065767
36:18.7,0.000647327
36:19.7,0.000636612
36:20.7,0.000639319
36:21.7,0.000642388
36:22.7,0.000651396
36:23.7,0.000651923
36:24.7,0.000647249
36:25.7,0.000641032
36:26.7,0.000647576
36:27.7,0.00063303
36:28.7,0.000637914
36:29.7,0.000648609
36:30.7,0.000665368
36:31.7,0.000673942
36:32.7,0.000669516
36:33.7,0.000656355
36:34.7,0.000656058
36:35.7,0.000656209
36:36.7,0.000646244
36:37.7,0.000647443
36:38.7,0.00064776
36:39.7,0.000657434
36:40.7,0.000652012
36:41.7,0.000650346
36:42.7,0.000655674
36:43.7,0.000655125
36:44.7,0.000649361
36:45.7,0.00064703
36:46.7,0.000650106
36:47.7,0.00064126
36:48.7,0.000650819
36:49.7,0.000657247
36:50.7,0.000652139
36:51.7,0.000658542
36:52.7,0.000657276
36:53.7,0.000656924
36:54.6,0
36:55.6,-9.73E-05
36:56.6,-0.00010706
36:57.6,-9.94E-05
36:58.6,-0.000100265
36:59.6,-0.000106782
37:00.6,-9.63E-05
37:01.6,-8.36E-05
37:02.6,-9.76E-05
37:03.6,-8.20E-05
37:04.6,-8.75E-05
37:05.6,-6.53E-05
37:06.6,-6.99E-05
37:07.6,-8.00E-05
37:08.6,-0.000107903
37:09.6,-0.000123166
37:10.6,-0.000107643
37:11.6,-0.000108075
37:12.6,-0.00011438
37:13.6,-9.38E-05
37:14.6,-9.05E-05
37:15.6,-7.64E-05
37:16.6,-8.64E-05
37:17.6,-0.000102735
37:18.6,-0.000108538
37:19.6,-0.000110081
37:20.6,-9.49E-05
37:21.6,-9.29E-05
37:22.6,-9.33E-05
37:23.6,-9.67E-05
37:24.6,-9.67E-05
37:25.6,-8.65E-05
37:26.6,-9.86E-05
37:27.6,-0.000108724
37:28.6,-9.35E-05
37:29.6,-8.83E-05
37:30.6,-9.49E-05
37:31.6,-0.000106283
37:32.6,-0.00010169
37:33.6,-8.61E-05
37:34.6,-9.29E-05
37:35.6,-8.56E-05
37:36.6,-9.32E-05
37:37.6,-0.000106845
37:38.6,-9.90E-05
37:39.6,-9.77E-05
37:40.6,-9.07E-05
37:41.6,-9.02E-05
37:42.6,-9.94E-05
37:43.6,-9.67E-05
37:44.6,-9.80E-05
37:45.6,-9.99E-05
37:46.6,-8.07E-05
37:47.6,-7.72E-05
37:48.6,-8.14E-05
37:49.6,-9.42E-05
37:50.6,-0.000107115
37:51.6,-0.000104953
37:52.6,-0.000105725
37:53.6,-0.000106995
37:54.6,-0.000100839
37:55.5,-0.000101841
37:56.5,-8.65E-05
37:57.5,-8.20E-05
37:58.5,-8.11E-05
37:59.5,-8.91E-05
38:00.5,-0.000100558
38:01.5,-0.000103356
38:02.5,-0.000101822
38:03.5,-0.000109676
38:04.5,-0.000101996
38:05.5,-0.000114159
38:06.5,-9.51E-05
38:07.5,-8.22E-05
38:08.5,-8.71E-05
38:09.5,-8.78E-05
38:10.5,-9.79E-05
38:11.5,-0.000101545
38:12.5,-9.34E-05
38:13.5,-0.000101192
38:14.5,-9.79E-05
38:15.5,-9.45E-05
38:16.5,-9.81E-05
38:17.5,-0.000106127
38:18.5,-0.000101857
38:19.5,-9.09E-05
38:20.5,-8.72E-05
38:21.5,-8.67E-05
38:22.5,-8.77E-05
38:23.5,-0.00010287
38:24.5,-0.000100686
38:25.5,-8.03E-05
38:26.5,-8.15E-05
38:27.5,-9.54E-05
38:28.5,-9.68E-05
38:29.5,-9.74E-05
38:30.5,-0.000114466
38:31.5,-0.000106813
38:32.5,-9.79E-05
38:33.5,-9.16E-05
38:34.5,-9.96E-05
38:35.5,-0.000108032
38:36.5,-0.000101862
38:37.5,-9.61E-05
38:38.5,-8.64E-05
38:39.5,-9.59E-05
38:40.5,-9.28E-05
38:41.5,-8.43E-05
38:42.5,-8.61E-05
38:43.5,-0.000102514
38:44.5,-0.000102082
38:45.5,-8.73E-05
38:46.5,-8.86E-05
38:47.5,-9.11E-05
38:48.5,-9.72E-05
38:49.5,-8.38E-05
38:50.5,-8.13E-05
38:51.5,-0.000100561
38:52.5,-0.00012221
38:53.5,-0.000111907
38:54.5,-9.17E-05
38:55.5,-8.53E-05
38:56.4,-9.91E-05
38:57.4,-0.000108522
38:58.4,-9.02E-05
38:59.4,-9.20E-05
39:00.4,-9.39E-05
39:01.4,-8.88E-05
39:02.4,-9.14E-05
39:03.4,-0.000109449
39:04.4,-0.000100239
39:05.4,-9.22E-05
39:06.4,-8.85E-05
39:07.4,-9.11E-05
39:08.4,-9.19E-05
39:09.4,-8.21E-05
39:10.4,-0.000105376
39:11.4,-9.83E-05
39:12.4,-0.000100808
39:13.4,-0.000104833
39:14.4,-9.95E-05
39:15.4,-9.28E-05
39:16.4,-9.98E-05
39:17.4,-0.000109314
39:18.4,-0.00011682
39:19.4,-9.68E-05
39:20.4,-9.33E-05
39:21.4,-8.55E-05
39:22.4,-8.39E-05
39:23.4,-8.40E-05
39:24.4,-9.34E-05
39:25.4,-9.83E-05
39:26.4,-9.39E-05
39:27.4,-7.23E-05
39:28.4,-7.15E-05
39:29.4,-8.05E-05
39:30.4,-9.49E-05
39:31.4,-0.000111682
39:32.4,-0.000129082
39:33.4,-0.000107434
39:34.4,-9.42E-05
39:35.4,-7.94E-05
39:36.4,-8.76E-05
39:37.4,-9.20E-05
39:38.4,-0.00010017
39:39.4,-0.000107161
39:40.4,-0.000105756
39:41.4,-0.000106329
39:42.4,-9.79E-05
39:43.4,-8.68E-05
39:44.4,-9.56E-05
39:45.4,-9.75E-05
39:46.4,-9.42E-05
39:47.4,-9.03E-05
39:48.4,-8.63E-05
39:49.4,-9.29E-05
39:50.4,-9.39E-05
39:51.4,-0.000103171
39:52.4,-9.87E-05
39:53.4,-0.00010244
39:54.4,-9.38E-05
39:55.4,-9.91E-05
39:56.4,-0.000106628
39:57.3,-0.000103909
39:58.3,-9.46E-05
39:59.3,-8.94E-05
40:00.3,-8.82E-05
40:01.3,-8.66E-05
40:02.3,-8.93E-05
40:03.3,-9.92E-05
40:04.3,-9.99E-05
40:05.3,-9.67E-05
40:06.3,-8.30E-05
40:07.3,-8.64E-05
40:08.3,-0.000101403
40:09.3,-0.00010884
40:10.3,-0.000103218
40:11.3,-9.84E-05
40:12.3,-8.85E-05
40:13.3,-9.08E-05
40:14.3,-9.17E-05
40:15.3,-8.21E-05
40:16.3,-8.27E-05
40:17.3,-9.24E-05
40:18.3,-0.000103657
40:19.3,-0.000105812
40:20.3,-9.51E-05
40:21.3,-9.54E-05
40:22.3,-1.00E-04
40:23.3,-0.000103547
40:24.3,-9.48E-05
40:25.3,-9.11E-05
40:26.3,-8.95E-05
40:27.3,-9.20E-05
40:28.3,-8.63E-05
40:29.3,-8.77E-05
40:30.3,-9.92E-05
40:31.3,-9.96E-05
40:32.3,-0.00010954
40:33.3,-0.000105505
40:34.3,-9.63E-05
40:35.3,-0.00010119
40:36.3,-9.86E-05
40:37.3,-9.82E-05
40:38.3,-8.98E-05
40:39.3,-8.83E-05
40:40.3,-9.95E-05
40:41.3,-0.000100008
40:42.3,-8.82E-05
40:43.3,-9.32E-05
40:44.3,-9.68E-05
40:45.3,-9.44E-05
40:46.3,-9.44E-05
40:47.3,-9.92E-05
40:48.3,-9.65E-05
40:49.3,-9.50E-05
40:50.3,-9.51E-05
40:51.3,-9.26E-05
40:52.3,-9.88E-05
40:53.3,-9.14E-05
40:54.3,-9.67E-05
40:55.3,-9.71E-05
40:56.3,-0.000100265
40:57.3,-0.000102887
40:58.2,-9.26E-05
40:59.2,-9.70E-05
41:00.2,-9.74E-05
41:01.2,-9.20E-05
41:02.2,-9.42E-05
41:03.2,-9.55E-05
41:04.2,-9.97E-05
41:05.2,-0.000106845
41:06.2,-0.000103581
41:07.2,-0.000103763
41:08.2,-0.000100349
41:09.2,-9.61E-05
41:10.2,-9.05E-05
41:11.2,-8.84E-05
41:12.2,-8.97E-05
41:13.2,-9.27E-05
41:14.2,-9.77E-05
41:15.2,-0.000104876
41:16.2,-9.53E-05
41:17.2,-8.45E-05
41:18.2,-8.64E-05
41:19.2,-9.57E-05
41:20.2,-0.000101336
41:21.2,-0.000102576
41:22.2,-0.000100173
41:23.2,-0.000100579
41:24.2,-9.80E-05
41:25.2,-0.000100263
41:26.2,-0.000102745
41:27.2,-9.80E-05
41:28.2,-9.11E-05
41:29.2,-9.31E-05
41:30.2,-9.18E-05
41:31.2,-9.61E-05
41:32.2,-9.72E-05
41:33.2,-0.000100752
41:34.2,-9.51E-05
41:35.2,-9.89E-05
41:36.2,-0.000101023
41:37.2,-9.59E-05
41:38.2,-9.90E-05
41:39.2,-9.15E-05
41:40.2,-9.32E-05
41:41.2,-0.000102944
41:42.2,-9.67E-05
41:43.2,-9.54E-05
41:44.2,-9.88E-05
41:45.2,-9.75E-05
41:46.2,-9.88E-05
41:47.2,-0.000100972
41:48.2,-9.30E-05
41:49.2,-9.20E-05
41:50.2,-9.95E-05
41:51.2,-0.000100254
41:52.2,-9.47E-05
41:53.2,-9.55E-05
41:54.2,-9.88E-05
41:55.2,-9.96E-05
41:56.2,-9.94E-05
41:57.2,-0.000107799
41:58.2,-0.000102783
41:59.1,-9.99E-05
42:00.1,-0.000101084
42:01.1,-9.99E-05
42:02.1,-0.000103328
42:03.1,-0.000102028
42:04.1,-9.77E-05
42:05.1,-9.63E-05
42:06.1,-9.76E-05
42:07.1,-9.93E-05
42:08.1,-0.000105229
42:09.1,-0.000100837
42:10.1,-0.000104659
42:11.1,-0.000107428
42:12.1,-0.000105371
42:13.1,-0.000100244
42:14.1,-9.99E-05
42:15.1,-0.000102379
42:16.1,-0.000107722
42:17.1,-0.000106485
42:18.1,-0.000106217
42:19.1,-0.000103725
42:20.1,-0.00010577
42:21.1,-9.68E-05
42:22.1,-9.48E-05
42:23.1,-9.25E-05
42:24.1,-9.87E-05
42:25.1,-9.54E-05
42:26.1,-9.34E-05
42:27.1,-9.48E-05
42:28.1,-9.88E-05
42:29.1,-0.000111845
42:30.1,-0.000109518
42:31.1,-0.000102462
42:32.1,-0.000105455
42:33.1,-0.000103397
42:34.1,-0.000104016
42:35.1,-0.000104076
42:36.1,-0.0001011
42:37.1,-9.72E-05
42:38.1,-9.35E-05
42:39.1,-9.21E-05
42:40.1,-0.000100453
42:41.1,-0.000105432
42:42.1,-0.000107346
42:43.1,-0.000112692
42:44.1,-9.96E-05
42:45.1,-9.97E-05
42:46.1,-0.000111307
42:47.1,-0.000103708
42:48.1,-9.64E-05
42:49.1,-9.57E-05
42:50.1,-9.85E-05
42:51.1,-0.000102564
42:52.1,-0.000105559
42:53.1,-0.000102526
42:54.1,-0.00010128
42:55.1,-0.000110393
42:56.1,-0.00010802
42:57.1,-0.000100087
42:58.1,-9.85E-05
42:59.1,-9.40E-05
43:00.1,-9.83E-05
43:01.0,-0.000105762
43:02.0,-0.000103123
43:03.0,-9.86E-05
43:04.0,-0.000100349
43:05.0,-0.000102358
43:06.0,-0.000100288
43:07.0,-0.000103226
43:08.0,-0.000106392
43:09.0,-0.00010179
43:10.0,-9.99E-05
43:11.0,-0.000102941
43:12.0,-0.000102262
43:13.0,-9.93E-05
43:14.0,-9.88E-05
43:15.0,-9.93E-05
43:16.0,-9.83E-05
43:17.0,-9.90E-05
43:18.0,-0.000100471
43:19.0,-0.000100239
43:20.0,-0.000105187
43:21.0,-0.00010796
43:22.0,-0.0001048
43:23.0,-0.000101623
43:24.0,-0.000101293
43:25.0,-9.59E-05
43:26.0,-0.000100825
43:27.0,-0.000101836
43:28.0,-0.000106001
43:29.0,-0.000105996
43:30.0,-0.000103385
43:31.0,-0.000106636
43:32.0,-9.54E-05
43:33.0,-9.98E-05
43:34.0,-0.000101543
43:35.0,-9.99E-05
43:36.0,-0.000107124
43:37.0,-0.000110297
43:38.0,-0.000109175
43:39.0,-0.000103999
43:40.0,-0.000100045
43:41.0,-9.81E-05
43:42.0,-9.45E-05
43:43.0,-9.55E-05
43:44.0,-9.93E-05
43:45.0,-0.000103876
43:46.0,-0.000110212
43:47.0,-0.000108146
43:48.0,-0.000107704
43:49.0,-0.000107337
43:50.0,-0.000104838
43:51.0,-0.000100562
43:52.0,-9.10E-05
43:53.0,-8.44E-05
43:54.0,-0.000100682
43:55.0,-0.000101764
43:56.0,-9.54E-05
43:57.0,-9.04E-05
43:58.0,-8.62E-05
43:59.0,-9.80E-05
44:00.0,-0.00010657
44:01.0,-0.000106247
44:01.9,-0.000111699
44:02.9,-0.000118802
44:03.9,-0.000107918
44:04.9,-0.000112176
44:05.9,-0.000112727
44:06.9,-0.000111585
44:07.9,-0.000118024
44:08.9,-0.000105549
44:09.9,-9.19E-05
44:10.9,-9.19E-05
44:11.9,-8.73E-05
44:12.9,-9.05E-05
44:13.9,-9.85E-05
44:14.9,-9.67E-05
44:15.9,-9.70E-05
44:16.9,-9.86E-05
44:17.9,-9.78E-05
44:18.9,-9.45E-05
44:19.9,-0.000101973
44:20.9,-0.000113577
44:21.9,-0.000111305
44:22.9,-0.000106972
44:23.9,-0.000108259
44:24.9,-0.000102044
44:25.9,-9.86E-05
44:26.9,-0.000100595
44:27.9,-0.000106332
44:28.9,-0.000114233
44:29.9,-0.000108476
44:30.9,-9.02E-05
44:31.9,-9.59E-05
44:32.9,-0.000101087
44:33.9,-0.000104015
44:34.9,-0.000100764
44:35.9,-0.000100001
44:36.9,-0.000102733
44:37.9,-0.000103947
44:38.9,-0.000104244
44:39.9,-9.90E-05
44:40.9,-0.00010734
44:41.9,-0.000105478
44:42.9,-9.93E-05
44:43.9,-0.000100524
44:44.9,-0.000103089
44:45.9,-0.000103227
44:46.9,-9.38E-05
44:47.9,-0.000103163
44:48.9,-0.000106187
44:49.9,-0.000102965
44:50.9,-0.000103398
44:51.9,-0.000109838
44:52.9,-9.66E-05
44:53.9,-0.000104083
44:54.9,-0.000114599
44:55.9,-0.000111962
44:56.9,-0.000112292
44:57.9,-0.000102383
44:58.9,-0.000101661
44:59.9,-9.21E-05
45:00.9,-9.44E-05
45:01.9,-9.28E-05
45:02.8,-9.77E-05
45:03.8,-0.000102494
45:04.8,-0.000105236
45:05.8,-0.000105158
45:06.8,-0.000114347
45:07.8,-0.000111641
45:08.8,-0.000105335
45:09.8,-0.000100142
45:10.8,-9.24E-05
45:11.8,-8.99E-05
45:12.8,-9.82E-05
45:13.8,-9.76E-05
45:14.8,-9.34E-05
45:15.8,-0.000104263
45:16.8,-0.000110305
45:17.8,-0.000107468
45:18.8,-9.82E-05
45:19.8,-0.000102534
45:20.8,-0.000104771
45:21.8,-0.000103493
45:22.8,-0.000101047
45:23.8,-0.000101285
45:24.8,-0.000108819
45:25.8,-0.000111382
45:26.8,-0.000110668
45:27.8,-0.00011212
45:28.8,-9.26E-05
45:29.8,-9.23E-05
45:30.8,-9.79E-05
45:31.8,-9.98E-05
45:32.8,-9.20E-05
45:33.8,-0.000102251
45:34.8,-0.000101634
45:35.8,-9.72E-05
45:36.8,-9.70E-05
45:37.8,-0.000105271
45:38.8,-0.000107143
45:39.8,-9.92E-05
45:40.8,-9.73E-05
45:41.8,-0.000113203
45:42.8,-0.000105885
45:43.8,-9.79E-05
45:44.8,-8.22E-05
45:45.8,-8.30E-05
45:46.8,-9.50E-05
45:47.8,-9.92E-05
45:48.8,-0.000112412
45:49.8,-0.000118906
45:50.8,-0.000109439
45:51.8,-0.000108494
45:52.8,-0.000110846
45:53.8,-0.000109792
45:54.8,-0.000111357
45:55.8,-9.68E-05
45:56.8,-8.61E-05
45:57.8,-0.000100755
45:58.8,-0.000111838
45:59.8,-0.000104682
46:00.8,-9.12E-05
46:01.8,-8.82E-05
46:02.8,-0.000107942
46:03.7,-0.000102
46:04.7,-9.65E-05
46:05.7,-9.68E-05
46:06.7,-0.000108903
46:07.7,-0.000128309
46:08.7,-0.000122346
46:09.7,-0.000106316
46:10.7,-7.54E-05
46:11.7,-8.16E-05
46:12.7,-9.10E-05
46:13.7,-9.92E-05
46:14.7,-9.52E-05
46:15.7,-8.92E-05
46:16.7,-8.41E-05
46:17.7,-9.91E-05
46:18.7,-0.000100967
46:19.7,-0.000106867
46:20.7,-0.000105071
46:21.7,-0.000114039
46:22.7,-0.000107197
46:23.7,-0.000110214
46:24.7,-9.73E-05
46:25.7,-8.56E-05
46:26.7,-8.80E-05
46:27.7,-8.44E-05
46:28.7,-9.83E-05
46:29.7,-0.000103271
46:30.7,-0.000108285
46:31.7,-0.000116581
46:32.7,-0.000122323
46:33.7,-0.000101122
46:34.7,-0.000109225
46:35.7,-0.000109686
46:36.7,-0.000112563
46:37.7,-9.68E-05
46:38.7,-9.45E-05
46:39.7,-0.000100629
46:40.7,-9.86E-05
46:41.7,-0.000101506
46:42.7,-8.84E-05
46:43.7,-9.45E-05
46:44.7,-0.000103874
46:45.7,-0.000112735
46:46.7,-0.00011836
46:47.7,-0.000107606
46:48.7,-0.000106125
46:49.7,-9.57E-05
46:50.7,-9.00E-05
46:51.7,-8.64E-05
46:52.7,-8.92E-05
46:53.7,-0.000100901
46:54.7,0
46:55.7,-0.001451034
46:56.7,-0.001317126
46:57.7,-0.001347419
46:58.7,-0.001347287
46:59.7,-0.001346001
47:00.7,-0.001348462
47:01.7,-0.001354205
47:02.7,-0.00133912
47:03.7,-0.001339517
47:04.6,-0.001347243
47:05.6,-0.001357684
47:06.6,-0.001353557
47:07.6,-0.001354072
47:08.6,-0.001340514
47:09.6,-0.001340221
47:10.6,-0.001329105
47:11.6,-0.001331802
47:12.6,-0.001335159
47:13.6,-0.001331502
47:14.6,-0.001337092
47:15.6,-0.001341709
47:16.6,-0.001342353
47:17.6,-0.001347544
47:18.6,-0.001342647
47:19.6,-0.001338373
47:20.6,-0.001340053
47:21.6,-0.001335017
47:22.6,-0.001349041
47:23.6,-0.001341056
47:24.6,-0.001341393
47:25.6,-0.001340384
47:26.6,-0.001339953
47:27.6,-0.001354408
47:28.6,-0.001354398
47:29.6,-0.001348857
47:30.6,-0.001343799
47:31.6,-0.001331386
47:32.6,-0.001332192
47:33.6,-0.001328136
47:34.6,-0.001343229
47:35.6,-0.001334455
47:36.6,-0.001344603
47:37.6,-0.001345936
47:38.6,-0.001343014
47:39.6,-0.001340821
47:40.6,-0.001320385
47:41.6,-0.001328253
47:42.6,-0.001362731
47:43.6,-0.00135068
47:44.6,-0.001345973
47:45.6,-0.001354413
47:46.6,-0.001352349
47:47.6,-0.001342533
47:48.6,-0.00134007
47:49.6,-0.001345183
47:50.6,-0.001345818
47:51.6,-0.001329209
47:52.6,-0.00132813
47:53.6,-0.001331892
47:54.6,-0.001340912
47:55.6,-0.001335881
47:56.6,-0.001331755
47:57.6,-0.001326762
47:58.6,-0.001328289
47:59.6,-0.001333021
48:00.6,-0.001337966
48:01.6,-0.001353201
48:02.6,-0.00135742
48:03.6,-0.001342392
48:04.6,-0.001332825
48:05.5,-0.001313098
48:06.5,-0.00133553
48:07.5,-0.001353291
48:08.5,-0.001348382
48:09.5,-0.001333665
48:10.5,-0.001344048
48:11.5,-0.001349408
48:12.5,-0.001342501
48:13.5,-0.001333412
48:14.5,-0.001338252
48:15.5,-0.001346056
48:16.5,-0.001353367
48:17.5,-0.001349593
48:18.5,-0.001343285
48:19.5,-0.001332651
48:20.5,-0.001331574
48:21.5,-0.00131697
48:22.5,-0.001326499
48:23.5,-0.00134294
48:24.5,-0.001335482
48:25.5,-0.001311353
48:26.5,-0.001325828
48:27.5,-0.001338421
48:28.5,-0.001344432
48:29.5,-0.001339578
48:30.5,-0.001339371
48:31.5,-0.001354252
48:32.5,-0.001348143
48:33.5,-0.001344065
48:34.5,-0.001340822
48:35.5,-0.001348862
48:36.5,-0.001335001
48:37.5,-0.001338979
48:38.5,-0.001342308
48:39.5,-0.001350281
48:40.5,-0.001340077
48:41.5,-0.001340702
48:42.5,-0.001323578
48:43.5,-0.001323193
48:44.5,-0.001342504
48:45.5,-0.001345686
48:46.5,-0.001329965
48:47.5,-0.001329145
48:48.5,-0.001332156
48:49.5,-0.001341647
48:50.5,-0.00134186
48:51.5,-0.001348529
48:52.5,-0.001334364
48:53.5,-0.001335999
48:54.5,-0.00133993
48:55.5,-0.001344818
48:56.5,-0.001348209
48:57.5,-0.001327846
48:58.5,-0.001318164
48:59.5,-0.001323795
49:00.5,-0.001338256
49:01.5,-0.001358462
49:02.5,-0.001345308
49:03.5,-0.001343809
49:04.5,-0.001345623
49:05.5,-0.001344113
49:06.4,-0.001346425
49:07.4,-0.00133562
49:08.4,-0.001331157
49:09.4,-0.001323683
49:10.4,-0.001319973
49:11.4,-0.001338212
49:12.4,-0.001354937
49:13.4,-0.001354883
49:14.4,-0.001339893
49:15.4,-0.001347528
49:16.4,-0.001356567
49:17.4,-0.001349147
49:18.4,-0.001349128
49:19.4,-0.001337351
49:20.4,-0.001320201
49:21.4,-0.001315241
49:22.4,-0.001331992
49:23.4,-0.001343291
49:24.4,-0.001341333
49:25.4,-0.001343659
49:26.4,-0.001353433
49:27.4,-0.001346561
49:28.4,-0.001337479
49:29.4,-0.001342197
49:30.4,-0.001326328
49:31.4,-0.001329536
49:32.4,-0.001333967
49:33.4,-0.00133485
49:34.4,-0.001334652
49:35.4,-0.001315624
49:36.4,-0.001317683
49:37.4,-0.001334443
49:38.4,-0.001342082
49:39.4,-0.001329789
49:40.4,-0.00133552
49:41.4,-0.001366945
49:42.4,-0.001369243
49:43.4,-0.001347312
49:44.4,-0.001338916
49:45.4,-0.001359777
49:46.4,-0.001352456
49:47.4,-0.001353365
49:48.4,-0.001334187
49:49.4,-0.001332206
49:50.4,-0.001306129
49:51.4,-0.0013217
49:52.4,-0.001342456
49:53.4,-0.001351651
49:54.4,-0.001336924
49:55.4,-0.001339533
49:56.4,-0.001346529
49:57.4,-0.00135293
49:58.4,-0.00135328
49:59.4,-0.001350735
50:00.4,-0.001339695
50:01.4,-0.001316079
50:02.4,-0.001320051
50:03.4,-0.001328327
50:04.4,-0.001337652
50:05.4,-0.001341059
50:06.4,-0.001335297
50:07.3,-0.001337538
50:08.3,-0.001336217
50:09.3,-0.001337332
50:10.3,-0.001336745
50:11.3,-0.001342511
50:12.3,-0.001334054
50:13.3,-0.001341934
50:14.3,-0.001343058
50:15.3,-0.001342479
50:16.3,-0.001317996
50:17.3,-0.00133052
50:18.3,-0.001335864
50:19.3,-0.001336239
50:20.3,-0.001354739
50:21.3,-0.001338814
50:22.3,-0.001342577
50:23.3,-0.001343582
50:24.3,-0.001339288
50:25.3,-0.001334995
50:26.3,-0.001324506
50:27.3,-0.001320518
50:28.3,-0.001318986
50:29.3,-0.001334661
50:30.3,-0.001356248
50:31.3,-0.001355035
50:32.3,-0.001351473
50:33.3,-0.001346059
50:34.3,-0.00134148
50:35.3,-0.001344253
50:36.3,-0.001336493
50:37.3,-0.001340575
50:38.3,-0.001341309
50:39.3,-0.00133974
50:40.3,-0.001339197
50:41.3,-0.001346452
50:42.3,-0.001325066
50:43.3,-0.001330754
50:44.3,-0.001334747
50:45.3,-0.00132352
50:46.3,-0.001326231
50:47.3,-0.001330044
50:48.3,-0.001343485
50:49.3,-0.001360934
50:50.3,-0.001346492
50:51.3,-0.001339908
50:52.3,-0.001328224
50:53.3,-0.001345861
50:54.3,-0.001337296
50:55.3,-0.001354182
50:56.3,-0.001370371
50:57.3,-0.001371264
50:58.3,-0.001355421
50:59.3,-0.001326829
51:00.3,-0.001305032
51:01.3,-0.001318119
51:02.3,-0.001318894
51:03.3,-0.001337345
51:04.3,-0.001336921
51:05.3,-0.00134438
51:06.3,-0.001343855
51:07.3,-0.001363094
51:08.2,-0.001335546
51:09.2,-0.001332072
51:10.2,-0.001341271
51:11.2,-0.001331942
51:12.2,-0.001324303
51:13.2,-0.001336946
51:14.2,-0.001335091
51:15.2,-0.001343238
51:16.2,-0.001339267
51:17.2,-0.001316638
51:18.2,-0.001324356
51:19.2,-0.001338409
51:20.2,-0.001352404
51:21.2,-0.00135013
51:22.2,-0.001339246
51:23.2,-0.001347416
51:24.2,-0.001336207
51:25.2,-0.001349452
51:26.2,-0.001354235
51:27.2,-0.001320687
51:28.2,-0.001324945
51:29.2,-0.001326848
51:30.2,-0.001335712
51:31.2,-0.001334633
51:32.2,-0.001346044
51:33.2,-0.001355982
51:34.2,-0.001340176
51:35.2,-0.001347066
51:36.2,-0.00134062
51:37.2,-0.001312042
51:38.2,-0.001334644
51:39.2,-0.001328006
51:40.2,-0.001347046
51:41.2,-0.001361228
51:42.2,-0.001355161
51:43.2,-0.001333506
51:44.2,-0.001334373
51:45.2,-0.001330516
51:46.2,-0.001362191
51:47.2,-0.001349003
51:48.2,-0.001331686
51:49.2,-0.001334046
51:50.2,-0.001336734
51:51.2,-0.001339822
51:52.2,-0.001331024
51:53.2,-0.001334039
51:54.2,-0.001341364
51:55.2,-0.001349936
51:56.2,-0.001342683
51:57.2,-0.001347323
51:58.2,-0.001338591
51:59.2,-0.001325724
52:00.2,-0.001320819
52:01.2,-0.001334357
52:02.2,-0.001340168
52:03.2,-0.00134787
52:04.2,-0.00134156
52:05.2,-0.001337063
52:06.2,-0.001341297
52:07.2,-0.001332698
52:08.2,-0.001320341
52:09.2,-0.001314564
52:10.1,-0.001335865
52:11.1,-0.001351719
52:12.1,-0.001352463
52:13.1,-0.001360482
52:14.1,-0.001344263
52:15.1,-0.001331706
52:16.1,-0.001328399
52:17.1,-0.001347899
52:18.1,-0.001343102
52:19.1,-0.001333244
52:20.1,-0.001341099
52:21.1,-0.001341541
52:22.1,-0.001342971
52:23.1,-0.001341073
52:24.1,-0.001338338
52:25.1,-0.00134455
52:26.1,-0.001319497
52:27.1,-0.001328379
52:28.1,-0.001339017
52:29.1,-0.001331875
52:30.1,-0.001350524
52:31.1,-0.001362711
52:32.1,-0.001340222
52:33.1,-0.001333346
52:34.1,-0.001337333
52:35.1,-0.00132984
52:36.1,-0.0013339
52:37.1,-0.001340491
52:38.1,-0.001335185
52:39.1,-0.001341567
52:40.1,-0.001336992
52:41.1,-0.001346556
52:42.1,-0.001335243
52:43.1,-0.001348806
52:44.1,-0.001337366
52:45.1,-0.001324166
52:46.1,-0.001332018
52:47.1,-0.0013187
52:48.1,-0.001340428
52:49.1,-0.00133779
52:50.1,-0.00134238
52:51.1,-0.001346656
52:52.1,-0.001362851
52:53.1,-0.001347591
52:54.1,-0.001336198
52:55.1,-0.001345563
52:56.1,-0.001362368
52:57.1,-0.001355807
52:58.1,-0.001342011
52:59.1,-0.001334376
53:00.1,-0.001306391
53:01.1,-0.001305527
53:02.1,-0.001318246
53:03.1,-0.001338608
53:04.1,-0.001337343
53:05.1,-0.0013403
53:06.1,-0.001340422
53:07.1,-0.001337612
53:08.1,-0.001329314
53:09.1,-0.001334937
53:10.1,-0.001333792
53:11.0,-0.001329538
53:12.0,-0.001332688
53:13.0,-0.001337034
53:14.0,-0.001330652
53:15.0,-0.001337578
53:16.0,-0.001335969
53:17.0,-0.001330532
53:18.0,-0.001332227
53:19.0,-0.001328875
53:20.0,-0.001325024
53:21.0,-0.001330738
53:22.0,-0.001334028
53:23.0,-0.001357546
53:24.0,-0.001336035
53:25.0,-0.001336036
53:26.0,-0.001346613
53:27.0,-0.001326329
53:28.0,-0.001333387
53:29.0,-0.00133587
53:30.0,-0.001329081
53:31.0,-0.001326716
53:32.0,-0.001333135
53:33.0,-0.001342006
53:34.0,-0.001337285
53:35.0,-0.001321796
53:36.0,-0.001332735
53:37.0,-0.001324678
53:38.0,-0.001320111
53:39.0,-0.001338145
53:40.0,-0.001344895
53:41.0,-0.001340745
53:42.0,-0.001346007
53:43.0,-0.001343575
53:44.0,-0.001340878
53:45.0,-0.001336862
53:46.0,-0.001339504
53:47.0,-0.001327637
53:48.0,-0.001336099
53:49.0,-0.001344141
53:50.0,-0.001344407
53:51.0,-0.001327409
53:52.0,-0.00132651
53:53.0,-0.001329955
53:54.0,-0.001332936
53:55.0,-0.001339724
53:56.0,-0.001333643
53:57.0,-0.001335255
53:58.0,-0.001331942
53:59.0,-0.001321272
54:00.0,-0.001343037
54:01.0,-0.001336433
54:02.0,-0.001342809
54:03.0,-0.001336828
54:04.0,-0.001337805
54:05.0,-0.001326587
54:06.0,-0.001330178
54:07.0,-0.001340186
54:08.0,-0.001336315
54:09.0,-0.001336109
54:10.0,-0.001338336
54:11.0,-0.001337632
54:11.9,-0.001335914
54:12.9,-0.001344248
54:13.9,-0.001331245
54:14.9,-0.001328281
54:15.9,-0.001330655
54:16.9,-0.001333172
54:17.9,-0.001333837
54:18.9,-0.00133798
54:19.9,-0.001341858
54:20.9,-0.001346713
54:21.9,-0.00134018
54:22.9,-0.001332292
54:23.9,-0.001340141
54:24.9,-0.001335802
54:25.9,-0.001344201
54:26.9,-0.001334744
54:27.9,-0.001338307
54:28.9,-0.001328102
54:29.9,-0.001317168
54:30.9,-0.001330247
54:31.9,-0.001343775
54:32.9,-0.001351674
54:33.9,-0.001336236
54:34.9,-0.00133167
54:35.9,-0.001322484
54:36.9,-0.001325322
54:37.9,-0.001344269
54:38.9,-0.001350826
54:39.9,-0.001344093
54:40.9,-0.001331478
54:41.9,-0.001326592
54:42.9,-0.001343544
54:43.9,-0.001345862
54:44.9,-0.00135057
54:45.9,-0.001338577
54:46.9,-0.00132594
54:47.9,-0.001337412
54:48.9,-0.001334008
54:49.9,-0.001335557
54:50.9,-0.001327549
54:51.9,-0.00133104
54:52.9,-0.001338962
54:53.9,-0.001336
54:54.9,-0.001335302
54:55.9,-0.001335125
54:56.9,-0.001337286
54:57.9,-0.00133911
54:58.9,-0.001339446
54:59.9,-0.001340668
55:00.9,-0.001328871
55:01.9,-0.001336252
55:02.9,-0.001335338
55:03.9,-0.001334216
55:04.9,-0.001340171
55:05.9,-0.001347658
55:06.9,-0.001346107
55:07.9,-0.001331411
55:08.9,-0.001337812
55:09.9,-0.001336268
55:10.9,-0.001328274
55:11.9,-0.001324498
55:12.8,-0.001335135
55:13.8,-0.001333295
55:14.8,-0.001329927
55:15.8,-0.001328157
55:16.8,-0.001339675
55:17.8,-0.001323101
55:18.8,-0.001331346
55:19.8,-0.001333039
55:20.8,-0.001345204
55:21.8,-0.001355397
55:22.8,-0.001339485
55:23.8,-0.00133884
55:24.8,-0.001348374
55:25.8,-0.001342122
55:26.8,-0.001338598
55:27.8,-0.001328592
55:28.8,-0.001321023
55:29.8,-0.00132193
55:30.8,-0.001326396
55:31.8,-0.001345379
55:32.8,-0.001350376
55:33.8,-0.001333649
55:34.8,-0.001334767
55:35.8,-0.001342977
55:36.8,-0.001336582
55:37.8,-0.001321486
55:38.8,-0.001326895
55:39.8,-0.001333443
55:40.8,-0.001345123
55:41.8,-0.001348799
55:42.8,-0.001342651
55:43.8,-0.001332412
55:44.8,-0.001326767
55:45.8,-0.001322321
55:46.8,-0.001324265
55:47.8,-0.001329242
55:48.8,-0.001342541
55:49.8,-0.001347175
55:50.8,-0.001341851
55:51.8,-0.001343246
55:52.8,-0.001346691
55:53.8,-0.001338105
55:54.8,-0.001343625
55:55.8,-0.001349903
55:56.8,-0.001337925
55:57.8,-0.0013281
55:58.8,-0.001329889
55:59.8,-0.001330126
56:00.8,-0.001332362
56:01.8,-0.001340836
56:02.8,-0.001335263
56:03.8,-0.001335267
56:04.8,-0.001347426
56:05.8,-0.001340114
56:06.8,-0.001336952
56:07.8,-0.00132149
56:08.8,-0.00132465
56:09.8,-0.001335916
56:10.8,-0.001347959
56:11.8,-0.001339886
56:12.8,-0.001329953
56:13.7,-0.001333587
56:14.7,-0.001318996
56:15.7,-0.001329244
56:16.7,-0.001341776
56:17.7,-0.001334834
56:18.7,-0.001328536
56:19.7,-0.001340968
56:20.7,-0.001348118
56:21.7,-0.001342096
56:22.7,-0.001345115
56:23.7,-0.001337276
56:24.7,-0.001338392
56:25.7,-0.001333531
56:26.7,-0.0013189
56:27.7,-0.001328399
56:28.7,-0.001338169
56:29.7,-0.001345262
56:30.7,-0.001348087
56:31.7,-0.001340974
56:32.7,-0.001337401
56:33.7,-0.001335471
56:34.7,-0.001341134
56:35.7,-0.00133289
56:36.7,-0.001328939
56:37.7,-0.001333372
56:38.7,-0.001339045
56:39.7,-0.001340853
56:40.7,-0.001339865
56:41.7,-0.001337737
56:42.7,-0.001335965
56:43.7,-0.00133201
56:44.7,-0.001328279
56:45.7,-0.001333607
56:46.7,-0.001343179
56:47.7,-0.001344058
56:48.7,-0.001335232
56:49.7,-0.001332678
56:50.7,-0.00132929
56:51.7,-0.001336935
56:52.7,-0.00134452
56:53.7,-0.00133457
56:54.7,0
56:55.7,-0.001439318
56:56.7,-0.001306098
56:57.7,-0.001319256
56:58.7,-0.001310409
56:59.7,-0.001300941
57:00.7,-0.001311138
57:01.7,-0.001301088
57:02.7,-0.001294209
57:03.7,-0.001294913
57:04.7,-0.001306651
57:05.7,-0.001301725
57:06.7,-0.001303604
57:07.7,-0.001307005
57:08.7,-0.001304334
57:09.7,-0.001298074
57:10.7,-0.001300254
57:11.7,-0.001313665
57:12.7,-0.001312409
57:13.7,-0.0013208
57:14.6,-0.00130998
57:15.6,-0.00130489
57:16.6,-0.001304189
57:17.6,-0.001303302
57:18.6,-0.001293009
57:19.6,-0.001304408
57:20.6,-0.001318415
57:21.6,-0.001318627
57:22.6,-0.001312493
57:23.6,-0.001305632
57:24.6,-0.001309491
57:25.6,-0.001313503
57:26.6,-0.001313164
57:27.6,-0.001315268
57:28.6,-0.001313029
57:29.6,-0.001306882
57:30.6,-0.001299282
57:31.6,-0.001299065
57:32.6,-0.001305488
57:33.6,-0.001299631
57:34.6,-0.001305323
57:35.6,-0.001294907
57:36.6,-0.001285904
57:37.6,-0.001307245
57:38.6,-0.001308609
57:39.6,-0.001312963
57:40.6,-0.001320842
57:41.6,-0.001316277
57:42.6,-0.001314518
57:43.6,-0.001305402
57:44.6,-0.001308543
57:45.6,-0.001315456
57:46.6,-0.001325851
57:47.6,-0.001319106
57:48.6,-0.001308145
57:49.6,-0.001306514
57:50.6,-0.001297723
57:51.6,-0.001293591
57:52.6,-0.001302946
57:53.6,-0.001298007
57:54.6,-0.001304389
57:55.6,-0.001313565
57:56.6,-0.001315386
57:57.6,-0.001313857
57:58.6,-0.001306322
57:59.6,-0.001304786
58:00.6,-0.00130191
58:01.6,-0.001304687
58:02.6,-0.001302255
58:03.6,-0.0013072
58:04.6,-0.001308314
58:05.6,-0.001305424
58:06.6,-0.001296176
58:07.6,-0.001304373
58:08.6,-0.001318015
58:09.6,-0.001318483
58:10.6,-0.001309192
58:11.6,-0.001312053
58:12.6,-0.00130251
58:13.6,-0.001302546
58:14.6,-0.001307579
58:15.5,-0.001308375
58:16.5,-0.001303453
58:17.5,-0.001304372
58:18.5,-0.001297451
58:19.5,-0.001289984
58:20.5,-0.001310464
58:21.5,-0.001320851
58:22.5,-0.00131936
58:23.5,-0.001313505
58:24.5,-0.001306376
58:25.5,-0.001290407
58:26.5,-0.00130169
58:27.5,-0.001306969
58:28.5,-0.001301385
58:29.5,-0.001298254
58:30.5,-0.001313861
58:31.5,-0.001317073
58:32.5,-0.001323175
58:33.5,-0.001317682
58:34.5,-0.001305673
58:35.5,-0.001311365
58:36.5,-0.001316059
58:37.5,-0.001312072
58:38.5,-0.001307861
58:39.5,-0.001311494
58:40.5,-0.001305111
58:41.5,-0.001299986
58:42.5,-0.001300184
58:43.5,-0.001303436
58:44.5,-0.001308649
58:45.5,-0.001299269
58:46.5,-0.001303741
58:47.5,-0.001304402
58:48.5,-0.00131764
58:49.5,-0.001314971
58:50.5,-0.001310677
58:51.5,-0.001304764
58:52.5,-0.001302611
58:53.5,-0.001308067
58:54.5,-0.001308273
58:55.5,-0.001309086
58:56.5,-0.001311136
58:57.5,-0.001308862
58:58.5,-0.00130934
58:59.5,-0.001309076
59:00.5,-0.001312197
59:01.5,-0.001304413
59:02.5,-0.001304104
59:03.5,-0.001310257
59:04.5,-0.001307537
59:05.5,-0.001304725
59:06.5,-0.001305996
59:07.5,-0.001307238
59:08.5,-0.001316787
59:09.5,-0.001307021
59:10.5,-0.001302437
59:11.5,-0.001304461
59:12.5,-0.001309067
59:13.5,-0.001314011
59:14.5,-0.001310826
59:15.5,-0.00130623
59:16.4,-0.001306699
59:17.4,-0.0013097
59:18.4,-0.00131755
59:19.4,-0.001323198
59:20.4,-0.001312391
59:21.4,-0.001298297
59:22.4,-0.001297628
59:23.4,-0.001305651
59:24.4,-0.001307433
59:25.4,-0.00131226
59:26.4,-0.001313306
59:27.4,-0.001312257
59:28.4,-0.001316194
59:29.4,-0.001305273
59:30.4,-0.001288151
59:31.4,-0.001301615
59:32.4,-0.001310138
59:33.4,-0.001313918
59:34.4,-0.001307716
59:35.4,-0.00129848
59:36.4,-0.00130137
59:37.4,-0.001305977
59:38.4,-0.001314436
59:39.4,-0.001317866
59:40.4,-0.001310512
59:41.4,-0.001311386
59:42.4,-0.001310734
59:43.4,-0.001307678
59:44.4,-0.001309119
59:45.4,-0.001315281
59:46.4,-0.001314897
59:47.4,-0.001305398
59:48.4,-0.001300664
59:49.4,-0.001306474
59:50.4,-0.001312934
59:51.4,-0.00130891
59:52.4,-0.001311961
59:53.4,-0.001302909
59:54.4,-0.001300959
59:55.4,-0.001308002
59:56.4,-0.001315598
59:57.4,-0.001313755
59:58.4,-0.001318195
59:59.4,-0.001311811
2025-7-7 21:00,-0.001306434
00:01.4,-0.001299132
00:02.4,-0.001296986
00:03.4,-0.001303528
00:04.4,-0.00130943
00:05.4,-0.001301798
00:06.4,-0.001290769
00:07.4,-0.001299247
00:08.4,-0.00130478
00:09.4,-0.001307931
00:10.4,-0.001308301
00:11.4,-0.001317594
00:12.4,-0.001320576
00:13.4,-0.001315707
00:14.4,-0.001307666
00:15.4,-0.001303395
00:16.4,-0.00131359
00:17.4,-0.001308595
00:18.3,-0.001303786
00:19.3,-0.001305808
00:20.3,-0.001304375
00:21.3,-0.001314768
00:22.3,-0.00131009
00:23.3,-0.001309712
00:24.3,-0.001306822
00:25.3,-0.001306628
00:26.3,-0.001315749
00:27.3,-0.001305191
00:28.3,-0.001307981
00:29.3,-0.001308094
00:30.3,-0.001306257
00:31.3,-0.001302941
00:32.3,-0.001316172
00:33.3,-0.001303628
00:34.3,-0.001305222
00:35.3,-0.001308953
00:36.3,-0.001311393
00:37.3,-0.001319348
00:38.3,-0.001318906
00:39.3,-0.001316803
00:40.3,-0.001307858
00:41.3,-0.001294054
00:42.3,-0.001294902
00:43.3,-0.001301232
00:44.3,-0.001306523
00:45.3,-0.001304488
00:46.3,-0.001294325
00:47.3,-0.001303192
00:48.3,-0.001307873
00:49.3,-0.001307106
00:50.3,-0.001315727
00:51.3,-0.001317618
00:52.3,-0.001313602
00:53.3,-0.001307276
00:54.3,-0.001305048
00:55.3,-0.001296556
00:56.3,-0.001304262
00:57.3,-0.001304737
00:58.3,-0.001308139
00:59.3,-0.001310931
01:00.3,-0.00131651
01:01.3,-0.001309596
01:02.3,-0.001309076
01:03.3,-0.001311429
01:04.3,-0.001305229
01:05.3,-0.001307288
01:06.3,-0.001306487
01:07.3,-0.001306422
01:08.3,-0.001307775
01:09.3,-0.001310662
01:10.3,-0.001306563
01:11.3,-0.001308701
01:12.3,-0.001305295
01:13.3,-0.001309169
01:14.3,-0.001311827
01:15.3,-0.001306797
01:16.3,-0.001306334
01:17.3,-0.001304586
01:18.3,-0.001304832
01:19.2,-0.001308664
01:20.2,-0.001309933
01:21.2,-0.001304277
01:22.2,-0.001303331
01:23.2,-0.001316003
01:24.2,-0.001313045
01:25.2,-0.001307271
01:26.2,-0.001309914
01:27.2,-0.001312763
01:28.2,-0.001313346
01:29.2,-0.001311565
01:30.2,-0.001302753
01:31.2,-0.001306738
01:32.2,-0.001302418
01:33.2,-0.001298415
01:34.2,-0.001312932
01:35.2,-0.001314239
01:36.2,-0.001315535
01:37.2,-0.001316468
01:38.2,-0.001299192
01:39.2,-0.001300719
01:40.2,-0.001312
01:41.2,-0.001303741
01:42.2,-0.001304422
01:43.2,-0.001301038
01:44.2,-0.001307197
01:45.2,-0.001308139
01:46.2,-0.001305968
01:47.2,-0.001312396
01:48.2,-0.001309527
01:49.2,-0.001303376
01:50.2,-0.001307658
01:51.2,-0.001303161
01:52.2,-0.001313943
01:53.2,-0.001308476
01:54.2,-0.00130557
01:55.2,-0.001300773
01:56.2,-0.001305002
01:57.2,-0.001312378
01:58.2,-0.00131366
01:59.2,-0.001306542
02:00.2,-0.001305702
02:01.2,-0.001315597
02:02.2,-0.00131479
02:03.2,-0.001305802
02:04.2,-0.001315145
02:05.2,-0.001323659
02:06.2,-0.001312011
02:07.2,-0.001298295
02:08.2,-0.001304458
02:09.2,-0.001309763
02:10.2,-0.001303237
02:11.2,-0.001306878
02:12.2,-0.001302265
02:13.2,-0.001313606
02:14.2,-0.001308974
02:15.2,-0.001306972
02:16.2,-0.001303822
02:17.2,-0.001303605
02:18.2,-0.001314815
02:19.2,-0.001314104
02:20.1,-0.001306788
02:21.1,-0.001298395
02:22.1,-0.001315035
02:23.1,-0.001315148
02:24.1,-0.00131364
02:25.1,-0.001309958
02:26.1,-0.001313195
02:27.1,-0.00130771
02:28.1,-0.001303436
02:29.1,-0.001300033
02:30.1,-0.001307995
02:31.1,-0.001310096
02:32.1,-0.001316423
02:33.1,-0.001309988
02:34.1,-0.00130715
02:35.1,-0.00131227
02:36.1,-0.001300166
02:37.1,-0.001303803
02:38.1,-0.001303232
02:39.1,-0.001311884
02:40.1,-0.00131783
02:41.1,-0.001311309
02:42.1,-0.001298113
02:43.1,-0.001319624
02:44.1,-0.001311804
02:45.1,-0.00131685
02:46.1,-0.001316251
02:47.1,-0.001322648
02:48.1,-0.001313007
02:49.1,-0.001293122
02:50.1,-0.001296674
02:51.1,-0.001288043
02:52.1,-0.001313135
02:53.1,-0.001317168
02:54.1,-0.001309331
02:55.1,-0.0013039
02:56.1,-0.001304114
02:57.1,-0.001310978
02:58.1,-0.001317891
02:59.1,-0.001320734
03:00.1,-0.001317045
03:01.1,-0.001304328
03:02.1,-0.001305397
03:03.1,-0.001296388
03:04.1,-0.001308045
03:05.1,-0.001308673
03:06.1,-0.001319428
03:07.1,-0.001319028
03:08.1,-0.001306616
03:09.1,-0.001305616
03:10.1,-0.00130866
03:11.1,-0.001301129
03:12.1,-0.00130074
03:13.1,-0.001306887
03:14.1,-0.001309097
03:15.1,-0.00130445
03:16.1,-0.001319671
03:17.1,-0.001326158
03:18.1,-0.0013269
03:19.1,-0.001309204
03:20.1,-0.001299624
03:21.0,-0.00129915
03:22.0,-0.001289968
03:23.0,-0.001303343
03:24.0,-0.001309198
03:25.0,-0.001306271
03:26.0,-0.001316389
03:27.0,-0.001320394
03:28.0,-0.001327119
03:29.0,-0.001322523
03:30.0,-0.001303854
03:31.0,-0.001288879
03:32.0,-0.001292075
03:33.0,-0.001301048
03:34.0,-0.001310961
03:35.0,-0.00130629
03:36.0,-0.001318165
03:37.0,-0.001328473
03:38.0,-0.001312679
03:39.0,-0.001311294
03:40.0,-0.001305624
03:41.0,-0.001301344
03:42.0,-0.001304752
03:43.0,-0.001296301
03:44.0,-0.001297448
03:45.0,-0.001295601
03:46.0,-0.001283072
03:47.0,-0.001307836
03:48.0,-0.001320817
03:49.0,-0.00131187
03:50.0,-0.001307013
03:51.0,-0.001319198
03:52.0,-0.001324129
03:53.0,-0.001313277
03:54.0,-0.00130831
03:55.0,-0.001300703
03:56.0,-0.001301598
03:57.0,-0.001315536
03:58.0,-0.001310109
03:59.0,-0.001302517
04:00.0,-0.00130627
04:01.0,-0.001323802
04:02.0,-0.001314807
04:03.0,-0.001297916
04:04.0,-0.001307555
04:05.0,-0.001322535
04:06.0,-0.001325743
04:07.0,-0.001321171
04:08.0,-0.001308876
04:09.0,-0.001308984
04:10.0,-0.001301587
04:11.0,-0.001301025
04:12.0,-0.001287984
04:13.0,-0.001292296
04:14.0,-0.001306052
04:15.0,-0.001309208
04:16.0,-0.001309431
04:17.0,-0.001322321
04:18.0,-0.001302854
04:19.0,-0.001301536
04:20.0,-0.001310643
04:21.0,-0.001312794
04:21.9,-0.001310604
04:22.9,-0.001295439
04:23.9,-0.001308842
04:24.9,-0.001310428
04:25.9,-0.001307543
04:26.9,-0.0012958
04:27.9,-0.001304128
04:28.9,-0.001299245
04:29.9,-0.00130195
04:30.9,-0.001299754
04:31.9,-0.001317432
04:32.9,-0.001332559
04:33.9,-0.001309133
04:34.9,-0.001297479
04:35.9,-0.001307617
04:36.9,-0.001315309
04:37.9,-0.001330606
04:38.9,-0.001333295
04:39.9,-0.001317698
04:40.9,-0.001297845
04:41.9,-0.001286297
04:42.9,-0.001289759
04:43.9,-0.001305071
04:44.9,-0.001299591
04:45.9,-0.001286993
04:46.9,-0.001296769
04:47.9,-0.00130906
04:48.9,-0.001302269
04:49.9,-0.001309562
04:50.9,-0.00132055
04:51.9,-0.001322266
04:52.9,-0.001321768
04:53.9,-0.001314456
04:54.9,-0.001306937
04:55.9,-0.00130375
04:56.9,-0.001305056
04:57.9,-0.001296758
04:58.9,-0.001303058
04:59.9,-0.001298389
05:00.9,-0.001303169
05:01.9,-0.001321433
05:02.9,-0.001319787
05:03.9,-0.001312823
05:04.9,-0.001303305
05:05.9,-0.00130133
05:06.9,-0.001311189
05:07.9,-0.001323569
05:08.9,-0.001324944
05:09.9,-0.001315219
05:10.9,-0.001293819
05:11.9,-0.001288036
05:12.9,-0.001300152
05:13.9,-0.001311931
05:14.9,-0.001306413
05:15.9,-0.001305129
05:16.9,-0.001303906
05:17.9,-0.001317535
05:18.9,-0.001312944
05:19.9,-0.001309688
05:20.9,-0.001308742
05:21.9,-0.001298762
05:22.8,-0.001300976
05:23.8,-0.00130212
05:24.8,-0.001303725
05:25.8,-0.001321246
05:26.8,-0.001331457
05:27.8,-0.001325707
05:28.8,-0.001295295
05:29.8,-0.001297338
05:30.8,-0.001303681
05:31.8,-0.001298197
05:32.8,-0.001294343
05:33.8,-0.001310739
05:34.8,-0.001310722
05:35.8,-0.001309528
05:36.8,-0.001306284
05:37.8,-0.001290194
05:38.8,-0.001308343
05:39.8,-0.001317121
05:40.8,-0.001317005
05:41.8,-0.00130337
05:42.8,-0.00129944
05:43.8,-0.001304718
05:44.8,-0.001322024
05:45.8,-0.001314128
05:46.8,-0.001314917
05:47.8,-0.001314781
05:48.8,-0.00129624
05:49.8,-0.001297061
05:50.8,-0.001303071
05:51.8,-0.001304055
05:52.8,-0.001301341
05:53.8,-0.001307872
05:54.8,-0.001314307
05:55.8,-0.001312857
05:56.8,-0.001313686
05:57.8,-0.001318193
05:58.8,-0.001297553
05:59.8,-0.001300787
06:00.8,-0.001303356
06:01.8,-0.001310135
06:02.8,-0.001305139
06:03.8,-0.001303136
06:04.8,-0.001296113
06:05.8,-0.001300094
06:06.8,-0.001296774
06:07.8,-0.0013169
06:08.8,-0.001320595
06:09.8,-0.001325147
06:10.8,-0.001306276
06:11.8,-0.001308177
06:12.8,-0.001307164
06:13.8,-0.001310421
06:14.8,-0.001319157
06:15.8,-0.001307108
06:16.8,-0.001302645
06:17.8,-0.001305477
06:18.8,-0.001306419
06:19.8,-0.001305132
06:20.8,-0.001301449
06:21.8,-0.001314298
06:22.8,-0.001312029
06:23.7,-0.001305332
06:24.7,-0.001302344
06:25.7,-0.001292125
06:26.7,-0.001305832
06:27.7,-0.001320691
06:28.7,-0.001317657
06:29.7,-0.001301682
06:30.7,-0.001305797
06:31.7,-0.001318456
06:32.7,-0.001313323
06:33.7,-0.001303986
06:34.7,-0.001293962
06:35.7,-0.001295706
06:36.7,-0.001292274
06:37.7,-0.001305828
06:38.7,-0.00131614
06:39.7,-0.001327613
06:40.7,-0.001320563
06:41.7,-0.001318578
06:42.7,-0.001307325
06:43.7,-0.001304228
06:44.7,-0.001296533
06:45.7,-0.001311441
06:46.7,-0.001313045
06:47.7,-0.001313044
06:48.7,-0.001323662
06:49.7,-0.001309567
06:50.7,-0.001304713
06:51.7,-0.001304391
06:52.7,-0.001302687
06:53.7,-0.001306193
06:54.7,0
06:55.7,-0.001050363
06:56.7,-0.000944529
06:57.7,-0.000940468
06:58.7,-0.00095031
06:59.7,-0.000963434
07:00.7,-0.000980616
07:01.7,-0.000962406
07:02.7,-0.000955573
07:03.7,-0.000956986
07:04.7,-0.000957759
07:05.7,-0.000951638
07:06.7,-0.000955851
07:07.7,-0.000959051
07:08.7,-0.000963549
07:09.7,-0.000962286
07:10.7,-0.000959527
07:11.7,-0.000957446
07:12.7,-0.000954949
07:13.7,-0.000960028
07:14.7,-0.000956693
07:15.7,-0.000954837
07:16.7,-0.000937901
07:17.7,-0.000945778
07:18.7,-0.000955519
07:19.7,-0.000955843
07:20.7,-0.000964798
07:21.7,-0.000971081
07:22.7,-0.000974297
07:23.7,-0.000964487
07:24.6,-0.000957713
07:25.6,-0.000958095
07:26.6,-0.000951048
07:27.6,-0.000958204
07:28.6,-0.000960729
07:29.6,-0.000965843
07:30.6,-0.000964135
07:31.6,-0.000959403
07:32.6,-0.000954263
07:33.6,-0.000955082
07:34.6,-0.000955934
07:35.6,-0.000964276
07:36.6,-0.000966864
07:37.6,-0.000962251
07:38.6,-0.000959329
07:39.6,-0.000958068
07:40.6,-0.000964891
07:41.6,-0.000955358
07:42.6,-0.000941999
07:43.6,-0.00095102
07:44.6,-0.000958837
07:45.6,-0.000959943
07:46.6,-0.000959554
07:47.6,-0.000947089
07:48.6,-0.000950509
07:49.6,-0.00095777
07:50.6,-0.000962966
07:51.6,-0.000962884
07:52.6,-0.000964591
07:53.6,-0.000958805
07:54.6,-0.000959987
07:55.6,-0.000955399
07:56.6,-0.000959761
07:57.6,-0.000962244
07:58.6,-0.000955588
07:59.6,-0.00096119
08:00.6,-0.000962636
08:01.6,-0.000961799
08:02.6,-0.000958884
08:03.6,-0.000953688
08:04.6,-0.00095472
08:05.6,-0.000951857
08:06.6,-0.000955511
08:07.6,-0.000955761
08:08.6,-0.000955669
08:09.6,-0.000965415
08:10.6,-0.000965865
08:11.6,-0.000961721
08:12.6,-0.000961595
08:13.6,-0.000959957
08:14.6,-0.000957417
08:15.6,-0.000959144
08:16.6,-0.000956971
08:17.6,-0.000966132
08:18.6,-0.000961225
08:19.6,-0.000956239
08:20.6,-0.000947283
08:21.6,-0.000957296
08:22.6,-0.000958376
08:23.6,-0.00096612
08:24.6,-0.000966703
08:25.5,-0.000960485
08:26.5,-0.000955001
08:27.5,-0.00096162
08:28.5,-0.000963973
08:29.5,-0.00096428
08:30.5,-0.000957095
08:31.5,-0.000950373
08:32.5,-0.000956135
08:33.5,-0.000959464
08:34.5,-0.000957639
08:35.5,-0.000954419
08:36.5,-0.000953012
08:37.5,-0.000951259
08:38.5,-0.000962683
08:39.5,-0.000960953
08:40.5,-0.000955964
08:41.5,-0.00097174
08:42.5,-0.000964885
08:43.5,-0.00095788
08:44.5,-0.000958091
08:45.5,-0.000963455
08:46.5,-0.000961569
08:47.5,-0.000959221
08:48.5,-0.000951821
08:49.5,-0.000959738
08:50.5,-0.000956141
08:51.5,-0.000956316
08:52.5,-0.000965346
08:53.5,-0.000955321
08:54.5,-0.000959798
08:55.5,-0.000955677
08:56.5,-0.000956403
08:57.5,-0.000955448
08:58.5,-0.00095334
08:59.5,-0.000955197
09:00.5,-0.000956667
09:01.5,-0.000963746
09:02.5,-0.000969299
09:03.5,-0.000971207
09:04.5,-0.000959305
09:05.5,-0.000951423
09:06.5,-0.000962182
09:07.5,-0.000958657
09:08.5,-0.000955704
09:09.5,-0.000948619
09:10.5,-0.000961548
09:11.5,-0.000967258
09:12.5,-0.000964749
09:13.5,-0.000969162
09:14.5,-0.000960915
09:15.5,-0.000966275
09:16.5,-0.000971511
09:17.5,-0.000967089
09:18.5,-0.000961435
09:19.5,-0.000962151
09:20.5,-0.000957858
09:21.5,-0.000952162
09:22.5,-0.000945859
09:23.5,-0.000954131
09:24.5,-0.000960089
09:25.5,-0.000958206
09:26.5,-0.000952078
09:27.4,-0.000956462
09:28.4,-0.000964494
09:29.4,-0.000972094
09:30.4,-0.000969696
09:31.4,-0.000962208
09:32.4,-0.000951427
09:33.4,-0.000949929
09:34.4,-0.000962321
09:35.4,-0.00096912
09:36.4,-0.000961491
09:37.4,-0.000961307
09:38.4,-0.000966252
09:39.4,-0.000957418
09:40.4,-0.000956675
09:41.4,-0.000956776
09:42.4,-0.00095484
09:43.4,-0.000951421
09:44.4,-0.000958936
09:45.4,-0.000963902
09:46.4,-0.000961513
09:47.4,-0.000957303
09:48.4,-0.000960762
09:49.4,-0.000967417
09:50.4,-0.000960087
09:51.4,-0.000954358
09:52.4,-0.000959582
09:53.4,-0.000954225
09:54.4,-0.000957868
09:55.4,-0.000958357
09:56.4,-0.000949521
09:57.4,-0.000955337
09:58.4,-0.000958195
09:59.4,-0.000958802
10:00.4,-0.000961525
10:01.4,-0.000971799
10:02.4,-0.000964983
10:03.4,-0.000960646
10:04.4,-0.000959961
10:05.4,-0.000967943
10:06.4,-0.000965782
10:07.4,-0.000957975
10:08.4,-0.000961506
10:09.4,-0.000958869
10:10.4,-0.000960426
10:11.4,-0.000951834
10:12.4,-0.000951617
10:13.4,-0.00096103
10:14.4,-0.000957237
10:15.4,-0.000960557
10:16.4,-0.000970392
10:17.4,-0.000968364
10:18.4,-0.000965698
10:19.4,-0.000961719
10:20.4,-0.000965784
10:21.4,-0.000953163
10:22.4,-0.000945417
10:23.4,-0.00095133
10:24.4,-0.000953603
10:25.4,-0.000961054
10:26.4,-0.000959459
10:27.4,-0.00095826
10:28.3,-0.000961287
10:29.3,-0.000967717
10:30.3,-0.000970425
10:31.3,-0.000959946
10:32.3,-0.000951531
10:33.3,-0.000952779
10:34.3,-0.000956624
10:35.3,-0.000957798
10:36.3,-0.000968477
10:37.3,-0.00097311
10:38.3,-0.000960164
10:39.3,-0.000959892
10:40.3,-0.000955108
10:41.3,-0.000950667
10:42.3,-0.000951885
10:43.3,-0.000960933
10:44.3,-0.000962181
10:45.3,-0.000955046
10:46.3,-0.000942466
10:47.3,-0.000951365
10:48.3,-0.000953424
10:49.3,-0.000964883
10:50.3,-0.00097037
10:51.3,-0.000970427
10:52.3,-0.000968847
10:53.3,-0.000960318
10:54.3,-0.000959595
10:55.3,-0.000962442
10:56.3,-0.000961845
10:57.3,-0.000961512
10:58.3,-0.000959738
10:59.3,-0.00096563
11:00.3,-0.000965424
11:01.3,-0.000960869
11:02.3,-0.00095175
11:03.3,-0.000951846
11:04.3,-0.000956957
11:05.3,-0.000957572
11:06.3,-0.000954248
11:07.3,-0.000961658
11:08.3,-0.000958547
11:09.3,-0.000957905
11:10.3,-0.000960561
11:11.3,-0.000965941
11:12.3,-0.000958052
11:13.3,-0.000965361
11:14.3,-0.000962678
11:15.3,-0.000964504
11:16.3,-0.000957526
11:17.3,-0.000957717
11:18.3,-0.000961634
11:19.3,-0.000964392
11:20.3,-0.00095437
11:21.3,-0.000961587
11:22.3,-0.000958582
11:23.3,-0.000956946
11:24.3,-0.000964618
11:25.3,-0.000968023
11:26.3,-0.000967796
11:27.3,-0.000971897
11:28.3,-0.000965581
11:29.2,-0.000960853
11:30.2,-0.00095411
11:31.2,-0.000942073
11:32.2,-0.000944468
11:33.2,-0.000958782
11:34.2,-0.000962492
11:35.2,-0.000957713
11:36.2,-0.000958606
11:37.2,-0.000963175
11:38.2,-0.00096446
11:39.2,-0.000958585
11:40.2,-0.000952579
11:41.2,-0.000954109
11:42.2,-0.000963495
11:43.2,-0.000968625
11:44.2,-0.000957236
11:45.2,-0.000957091
11:46.2,-0.00095781
11:47.2,-0.000954313
11:48.2,-0.000955656
11:49.2,-0.000957749
11:50.2,-0.000959533
11:51.2,-0.000966924
11:52.2,-0.000968283
11:53.2,-0.000962461
11:54.2,-0.000963085
11:55.2,-0.000963012
11:56.2,-0.000961839
11:57.2,-0.000961687
11:58.2,-0.000957313
11:59.2,-0.000956641
12:00.2,-0.000959061
12:01.2,-0.000958892
12:02.2,-0.000960219
12:03.2,-0.000959925
12:04.2,-0.000962386
12:05.2,-0.000958885
12:06.2,-0.000962748
12:07.2,-0.000963868
12:08.2,-0.000968043
12:09.2,-0.000963537
12:10.2,-0.000957681
12:11.2,-0.000955521
12:12.2,-0.000958994
12:13.2,-0.000954113
12:14.2,-0.000956921
12:15.2,-0.00096173
12:16.2,-0.000961404
12:17.2,-0.000956856
12:18.2,-0.000951091
12:19.2,-0.000943887
12:20.2,-0.00095645
12:21.2,-0.000975548
12:22.2,-0.000971863
12:23.2,-0.000966334
12:24.2,-0.000959472
12:25.2,-0.000969438
12:26.2,-0.000979576
12:27.2,-0.000974125
12:28.2,-0.000953265
12:29.2,-0.000944702
12:30.1,-0.000948855
12:31.1,-0.000956118
12:32.1,-0.000958534
12:33.1,-0.000960372
12:34.1,-0.000958556
12:35.1,-0.000964974
12:36.1,-0.000956133
12:37.1,-0.000954738
12:38.1,-0.000965574
12:39.1,-0.000961003
12:40.1,-0.00096311
12:41.1,-0.000954634
12:42.1,-0.000956512
12:43.1,-0.00096648
12:44.1,-0.000958206
12:45.1,-0.000952159
12:46.1,-0.000951608
12:47.1,-0.000959744
12:48.1,-0.000957638
12:49.1,-0.00096296
12:50.1,-0.000966145
12:51.1,-0.000966013
12:52.1,-0.000961625
12:53.1,-0.000963885
12:54.1,-0.000963904
12:55.1,-0.000962194
12:56.1,-0.000959261
12:57.1,-0.000953487
12:58.1,-0.000955792
12:59.1,-0.000959434
13:00.1,-0.000963333
13:01.1,-0.000967772
13:02.1,-0.000961297
13:03.1,-0.000966204
13:04.1,-0.000959786
13:05.1,-0.000965189
13:06.1,-0.000975894
13:07.1,-0.000971315
13:08.1,-0.000973567
13:09.1,-0.000954412
13:10.1,-0.000954305
13:11.1,-0.000958075
13:12.1,-0.000948766
13:13.1,-0.000954188
13:14.1,-0.000958032
13:15.1,-0.000962483
13:16.1,-0.000969827
13:17.1,-0.000965626
13:18.1,-0.000964058
13:19.1,-0.000960338
13:20.1,-0.000958304
13:21.1,-0.000955788
13:22.1,-0.000959978
13:23.1,-0.00095642
13:24.1,-0.000955525
13:25.1,-0.000955817
13:26.1,-0.000955713
13:27.1,-0.000954625
13:28.1,-0.00095436
13:29.1,-0.000962657
13:30.1,-0.000973298
13:31.0,-0.000971246
13:32.0,-0.000958166
13:33.0,-0.000964367
13:34.0,-0.000961171
13:35.0,-0.000959494
13:36.0,-0.00095572
13:37.0,-0.000955201
13:38.0,-0.000950143
13:39.0,-0.00094532
13:40.0,-0.000962351
13:41.0,-0.000970625
13:42.0,-0.000970868
13:43.0,-0.000980406
13:44.0,-0.000964552
13:45.0,-0.000955837
13:46.0,-0.000954006
13:47.0,-0.000956768
13:48.0,-0.000958244
13:49.0,-0.000971164
13:50.0,-0.000970531
13:51.0,-0.000962355
13:52.0,-0.000954125
13:53.0,-0.000964827
13:54.0,-0.000967418
13:55.0,-0.000967587
13:56.0,-0.000965385
13:57.0,-0.000968972
13:58.0,-0.00096684
13:59.0,-0.00095989
14:00.0,-0.000962785
14:01.0,-0.00095521
14:02.0,-0.000950603
14:03.0,-0.000952976
14:04.0,-0.000960133
14:05.0,-0.000954735
14:06.0,-0.000950922
14:07.0,-0.000954916
14:08.0,-0.000963148
14:09.0,-0.00096562
14:10.0,-0.00096351
14:11.0,-0.000966427
14:12.0,-0.000964019
14:13.0,-0.000965555
14:14.0,-0.000971706
14:15.0,-0.000983274
14:16.0,-0.000969005
14:17.0,-0.000954331
14:18.0,-0.000953854
14:19.0,-0.000963064
14:20.0,-0.000968497
14:21.0,-0.000958183
14:22.0,-0.000948667
14:23.0,-0.000949425
14:24.0,-0.000956849
14:25.0,-0.00096404
14:26.0,-0.000959902
14:27.0,-0.000954606
14:28.0,-0.000955351
14:29.0,-0.000970614
14:30.0,-0.000960259
14:31.0,-0.000971346
14:31.9,-0.000964342
14:32.9,-0.000956508
14:33.9,-0.000961842
14:34.9,-0.000967867
14:35.9,-0.000975418
14:36.9,-0.000960779
14:37.9,-0.000954531
14:38.9,-0.000951123
14:39.9,-0.000958003
14:40.9,-0.000951252
14:41.9,-0.000958114
14:42.9,-0.000969468
14:43.9,-0.000967638
14:44.9,-0.000951129
14:45.9,-0.000946363
14:46.9,-0.000952389
14:47.9,-0.000960727
14:48.9,-0.000958222
14:49.9,-0.000962622
14:50.9,-0.000980585
14:51.9,-0.000980109
14:52.9,-0.000962919
14:53.9,-0.000959425
14:54.9,-0.000946127
14:55.9,-0.000951436
14:56.9,-0.000962543
14:57.9,-0.000973235
14:58.9,-0.000967962
14:59.9,-0.00096077
15:00.9,-0.00097067
15:01.9,-0.000959187
15:02.9,-0.000961079
15:03.9,-0.000962362
15:04.9,-0.000962409
15:05.9,-0.000967648
15:06.9,-0.000982093
15:07.9,-0.000971919
15:08.9,-0.000964676
15:09.9,-0.000958993
15:10.9,-0.000946263
15:11.9,-0.000954119
15:12.9,-0.000947272
15:13.9,-0.000960432
15:14.9,-0.000975212
15:15.9,-0.000985931
15:16.9,-0.000964902
15:17.9,-0.000951234
15:18.9,-0.000935757
15:19.9,-0.00095045
15:20.9,-0.000955331
15:21.9,-0.000960494
15:22.9,-0.000968811
15:23.9,-0.000963687
15:24.9,-0.000956681
15:25.9,-0.000957711
15:26.9,-0.000965133
15:27.9,-0.000965359
15:28.9,-0.000951179
15:29.9,-0.000953968
15:30.9,-0.000965836
15:31.9,-0.000972546
15:32.8,-0.000964487
15:33.8,-0.00096235
15:34.8,-0.00096402
15:35.8,-0.000972033
15:36.8,-0.000956975
15:37.8,-0.000958346
15:38.8,-0.00096823
15:39.8,-0.00096411
15:40.8,-0.00094853
15:41.8,-0.000959604
15:42.8,-0.000957485
15:43.8,-0.000960511
15:44.8,-0.000957648
15:45.8,-0.00096459
15:46.8,-0.000952935
15:47.8,-0.000940677
15:48.8,-0.000961036
15:49.8,-0.000973082
15:50.8,-0.000968174
15:51.8,-0.000966003
15:52.8,-0.000973552
15:53.8,-0.000964668
15:54.8,-0.000963013
15:55.8,-0.000954047
15:56.8,-0.000953345
15:57.8,-0.000964409
15:58.8,-0.000959258
15:59.8,-0.000953809
16:00.8,-0.000956383
16:01.8,-0.000959461
16:02.8,-0.000972971
16:03.8,-0.000968015
16:04.8,-0.000957628
16:05.8,-0.000966132
16:06.8,-0.000962675
16:07.8,-0.000964302
16:08.8,-0.000965682
16:09.8,-0.000957773
16:10.8,-0.000949856
16:11.8,-0.000956472
16:12.8,-0.000961304
16:13.8,-0.000959229
16:14.8,-0.000945699
16:15.8,-0.000936854
16:16.8,-0.000935137
16:17.8,-0.00094442
16:18.8,-0.000963551
16:19.8,-0.000953264
16:20.8,-0.000980673
16:21.8,-0.000988043
16:22.8,-0.000993386
16:23.8,-0.000966745
16:24.8,-0.000975031
16:25.8,-0.00097559
16:26.8,-0.000970664
16:27.8,-0.000953306
16:28.8,-0.000926046
16:29.8,-0.000956643
16:30.8,-0.000968232
16:31.8,-0.00095726
16:32.8,-0.000960226
16:33.7,-0.000955312
16:34.7,-0.000958773
16:35.7,-0.000938484
16:36.7,-0.000950131
16:37.7,-0.000963051
16:38.7,-0.000968885
16:39.7,-0.00099108
16:40.7,-0.000957158
16:41.7,-0.000955196
16:42.7,-0.000966928
16:43.7,-0.000960472
16:44.7,-0.00095395
16:45.7,-0.000954785
16:46.7,-0.000954997
16:47.7,-0.000966921
16:48.7,-0.000962005
16:49.7,-0.000968303
16:50.7,-0.00095883
16:51.7,-0.000950613
16:52.7,-0.000973714
16:53.7,-0.000956569
16:54.7,0
16:55.7,-0.000153847
16:56.7,-0.000152441
16:57.7,-0.000165134
16:58.7,-0.000132694
16:59.7,-0.00011474
17:00.7,-0.000148649
17:01.7,-0.000155485
17:02.7,-0.00014556
17:03.7,-0.00014778
17:04.7,-0.00013527
17:05.7,-0.000114383
17:06.7,-0.00012507
17:07.7,-0.000133258
17:08.7,-0.000131228
17:09.7,-0.000147233
17:10.7,-0.000164871
17:11.7,-0.000156784
17:12.7,-0.000164431
17:13.7,-0.000168095
17:14.7,-0.000152359
17:15.7,-0.000156056
17:16.7,-0.000151041
17:17.7,-0.000134747
17:18.7,-0.000133353
17:19.7,-0.000139614
17:20.7,-0.000129074
17:21.7,-0.000151549
17:22.7,-0.000163056
17:23.7,-0.00013939
17:24.7,-0.000139865
17:25.7,-0.00013359
17:26.7,-0.000147661
17:27.7,-0.000164489
17:28.7,-0.000164954
17:29.7,-0.000141368
17:30.7,-0.000135979
17:31.7,-0.000134923
17:32.7,-0.000133689
17:33.7,-0.000135273
17:34.7,-0.000152354
17:35.6,-0.000122928
17:36.6,-0.000131184
17:37.6,-0.000166652
17:38.6,-0.00016682
17:39.6,-0.000130989
17:40.6,-0.000130839
17:41.6,-0.000138111
17:42.6,-0.000146143
17:43.6,-0.000158562
17:44.6,-0.000149699
17:45.6,-0.000155367
17:46.6,-0.000136131
17:47.6,-0.000136883
17:48.6,-0.000140058
17:49.6,-0.000137187
17:50.6,-0.000141774
17:51.6,-0.000147966
17:52.6,-0.000157644
17:53.6,-0.000146028
17:54.6,-0.000138082
17:55.6,-0.000141058
17:56.6,-0.000137366
17:57.6,-0.000134556
17:58.6,-0.000152892
17:59.6,-0.000158671
18:00.6,-0.000155829
18:01.6,-0.000149473
18:02.6,-0.000128967
18:03.6,-0.000137628
18:04.6,-0.000146225
18:05.6,-0.000148935
18:06.6,-0.000155707
18:07.6,-0.000134684
18:08.6,-0.000146071
18:09.6,-0.000131118
18:10.6,-0.000145455
18:11.6,-0.000147297
18:12.6,-0.000128891
18:13.6,-0.000141161
18:14.6,-0.000142553
18:15.6,-0.000150443
18:16.6,-0.000138212
18:17.6,-0.000155027
18:18.6,-0.000157207
18:19.6,-0.000136168
18:20.6,-0.000136449
18:21.6,-0.000136894
18:22.6,-0.000122725
18:23.6,-0.000151793
18:24.6,-0.000142053
18:25.6,-0.000122234
18:26.6,-0.000137614
18:27.6,-0.000133166
18:28.6,-0.000148118
18:29.6,-0.000155781
18:30.6,-0.000147856
18:31.6,-0.000134801
18:32.6,-0.000149025
18:33.6,-0.000158195
18:34.6,-0.000151374
18:35.6,-0.00015096
18:36.5,-0.00014911
18:37.5,-0.000142344
18:38.5,-0.000151269
18:39.5,-0.000156613
18:40.5,-0.000165185
18:41.5,-0.00012431
18:42.5,-0.000117617
18:43.5,-0.00013083
18:44.5,-0.00014191
18:45.5,-0.000124075
18:46.5,-9.66E-05
18:47.5,-0.000115027
18:48.5,-0.000129786
18:49.5,-0.000158328
18:50.5,-0.000162363
18:51.5,-0.000163701
18:52.5,-0.000174121
18:53.5,-0.000161637
18:54.5,-0.000141444
18:55.5,-0.00013188
18:56.5,-0.000145228
18:57.5,-0.000137323
18:58.5,-0.000139596
18:59.5,-0.000138264
19:00.5,-0.000128783
19:01.5,-0.000138068
19:02.5,-0.000147916
19:03.5,-0.000153764
19:04.5,-0.000144919
19:05.5,-0.000141903
19:06.5,-0.000133685
19:07.5,-0.00014637
19:08.5,-0.000149468
19:09.5,-0.000154614
19:10.5,-0.000138352
19:11.5,-0.000131117
19:12.5,-0.000132611
19:13.5,-0.000132884
19:14.5,-0.000142689
19:15.5,-0.000153602
19:16.5,-0.000148369
19:17.5,-0.000136538
19:18.5,-0.000127926
19:19.5,-0.00012807
19:20.5,-0.00012515
19:21.5,-0.000151387
19:22.5,-0.000152975
19:23.5,-0.000142328
19:24.5,-0.000131284
19:25.5,-0.000132524
19:26.5,-0.000139605
19:27.5,-0.000147385
19:28.5,-0.000142208
19:29.5,-0.000159083
19:30.5,-0.000156859
19:31.5,-0.000128482
19:32.5,-0.000125565
19:33.5,-0.000134261
19:34.5,-0.000141093
19:35.5,-0.000128897
19:36.5,-0.000137359
19:37.4,-0.000135154
19:38.4,-0.00016746
19:39.4,-0.000140075
19:40.4,-0.00014314
19:41.4,-0.000141174
19:42.4,-0.00014258
19:43.4,-0.000134579
19:44.4,-0.000137352
19:45.4,-0.000156445
19:46.4,-0.000143041
19:47.4,-0.000112276
19:48.4,-0.000117705
19:49.4,-0.000141656
19:50.4,-0.000152135
19:51.4,-0.000158493
19:52.4,-0.000145015
19:53.4,-0.000136819
19:54.4,-0.000140958
19:55.4,-0.000154718
19:56.4,-0.000134968
19:57.4,-0.000131751
19:58.4,-0.000143986
19:59.4,-0.00013843
20:00.4,-0.000133861
20:01.4,-0.000131422
20:02.4,-0.000126623
20:03.4,-0.000130204
20:04.4,-0.000140076
20:05.4,-0.000149193
20:06.4,-0.000158481
20:07.4,-0.000150567
20:08.4,-0.000136865
20:09.4,-0.000137902
20:10.4,-0.000133189
20:11.4,-0.000128558
20:12.4,-0.000109327
20:13.4,-0.000121979
20:14.4,-0.000140367
20:15.4,-0.000153355
20:16.4,-0.00013206
20:17.4,-0.000126065
20:18.4,-0.000133762
20:19.4,-0.000131065
20:20.4,-0.000138968
20:21.4,-0.000138241
20:22.4,-0.000130927
20:23.4,-0.000139579
20:24.4,-0.000137111
20:25.4,-0.000143532
20:26.4,-0.000144793
20:27.4,-0.000128646
20:28.4,-0.000129322
20:29.4,-0.000129514
20:30.4,-0.000127775
20:31.4,-0.000151612
20:32.4,-0.000138698
20:33.4,-0.000135914
20:34.4,-0.000136849
20:35.4,-0.0001298
20:36.4,-0.000128054
20:37.4,-0.000127188
20:38.3,-0.00013609
20:39.3,-0.000140053
20:40.3,-0.000147404
20:41.3,-0.000144145
20:42.3,-0.000143496
20:43.3,-0.000136049
20:44.3,-0.000133177
20:45.3,-0.000134296
20:46.3,-0.000139183
20:47.3,-0.000125963
20:48.3,-0.000123669
20:49.3,-0.000124885
20:50.3,-0.000140767
20:51.3,-0.000149046
20:52.3,-0.000148661
20:53.3,-0.000144396
20:54.3,-0.000135175
20:55.3,-0.00013785
20:56.3,-0.000137132
20:57.3,-0.000142164
20:58.3,-0.000145241
20:59.3,-0.000143013
21:00.3,-0.000141418
21:01.3,-0.000127294
21:02.3,-0.000129387
21:03.3,-0.000124014
21:04.3,-0.000129512
21:05.3,-0.000130048
21:06.3,-0.000130784
21:07.3,-0.000125107
21:08.3,-0.000135188
21:09.3,-0.000135137
21:10.3,-0.000125351
21:11.3,-0.000134019
21:12.3,-0.000144854
21:13.3,-0.000159533
21:14.3,-0.000138667
21:15.3,-0.000128847
21:16.3,-0.000140237
21:17.3,-0.000133956
21:18.3,-0.000119272
21:19.3,-0.000133522
21:20.3,-0.000126086
21:21.3,-0.000136856
21:22.3,-0.000161122
21:23.3,-0.000147747
21:24.3,-0.000136842
21:25.3,-0.00012424
21:26.3,-0.000136159
21:27.3,-0.000160695
21:28.3,-0.000165749
21:29.3,-0.000155286
21:30.3,-0.000134137
21:31.3,-0.000112584
21:32.3,-0.000116192
21:33.3,-0.000123797
21:34.3,-0.000134184
21:35.3,-0.000144447
21:36.3,-0.000118439
21:37.3,-9.77E-05
21:38.3,-0.000120427
21:39.2,-0.000116643
21:40.2,-0.000131529
21:41.2,-0.000163668
21:42.2,-0.000180203
21:43.2,-0.000153932
21:44.2,-0.000133385
21:45.2,-0.000133416
21:46.2,-0.000144137
21:47.2,-0.000128747
21:48.2,-0.000125651
21:49.2,-0.000128908
21:50.2,-0.000132605
21:51.2,-0.000138726
21:52.2,-0.000144853
21:53.2,-0.000146501
21:54.2,-0.000140319
21:55.2,-0.000138589
21:56.2,-0.000125319
21:57.2,-0.000117839
21:58.2,-0.0001332
21:59.2,-0.000138883
22:00.2,-0.000135876
22:01.2,-0.000123739
22:02.2,-0.000144658
22:03.2,-0.00013168
22:04.2,-0.000140292
22:05.2,-0.0001212
22:06.2,-0.000127769
22:07.2,-0.000156198
22:08.2,-0.000158344
22:09.2,-0.00013194
22:10.2,-0.000130363
22:11.2,-0.000144499
22:12.2,-0.000127388
22:13.2,-0.000109163
22:14.2,-0.000125409
22:15.2,-0.000125758
22:16.2,-0.000125356
22:17.2,-0.000133756
22:18.2,-0.000138449
22:19.2,-0.000140585
22:20.2,-0.000139819
22:21.2,-0.000134127
22:22.2,-0.000128526
22:23.2,-0.000130164
22:24.2,-0.000136875
22:25.2,-0.000107626
22:26.2,-0.000118698
22:27.2,-0.000151737
22:28.2,-0.000147358
22:29.2,-0.000138777
22:30.2,-0.000129047
22:31.2,-0.000132358
22:32.2,-0.000148539
22:33.2,-0.000127082
22:34.2,-0.000133762
22:35.2,-0.000120475
22:36.2,-0.000107304
22:37.2,-8.32E-05
22:38.2,-0.000101853
22:39.2,-0.000133058
22:40.1,-0.000146656
22:41.1,-0.000185152
22:42.1,-0.00019075
22:43.1,-0.000137733
22:44.1,-0.00011715
22:45.1,-0.000106484
22:46.1,-0.000120736
22:47.1,-0.000115007
22:48.1,-0.000126098
22:49.1,-0.000160012
22:50.1,-0.000162716
22:51.1,-0.000151361
22:52.1,-0.000147811
22:53.1,-0.000121407
22:54.1,-0.000125327
22:55.1,-9.05E-05
22:56.1,-9.14E-05
22:57.1,-0.000129613
22:58.1,-0.000145935
22:59.1,-0.000164091
23:00.1,-0.000174404
23:01.1,-0.00014156
23:02.1,-0.000151688
23:03.1,-0.000127416
23:04.1,-0.00012436
23:05.1,-0.000154561
23:06.1,-0.00014925
23:07.1,-0.000128446
23:08.1,-0.000112857
23:09.1,-0.000117494
23:10.1,-0.000135208
23:11.1,-0.000140488
23:12.1,-0.000145414
23:13.1,-0.000129932
23:14.1,-0.000126231
23:15.1,-0.00015861
23:16.1,-0.000145876
23:17.1,-0.000137889
23:18.1,-0.000157896
23:19.1,-0.000137441
23:20.1,-0.000121182
23:21.1,-0.000103784
23:22.1,-0.00011145
23:23.1,-0.000128441
23:24.1,-0.000136325
23:25.1,-0.000120821
23:26.1,-0.000124546
23:27.1,-0.000103404
23:28.1,-0.000122545
23:29.1,-0.00015124
23:30.1,-0.000142064
23:31.1,-0.000155223
23:32.1,-0.000144448
23:33.1,-0.000138891
23:34.1,-0.000130822
23:35.1,-0.000125368
23:36.1,-0.00012022
23:37.1,-0.00014147
23:38.1,-0.000159813
23:39.1,-0.000132179
23:40.1,-0.000125803
23:41.0,-0.000143624
23:42.0,-0.00012859
23:43.0,-0.000118883
23:44.0,-0.000132568
23:45.0,-0.000114874
23:46.0,-0.000162112
23:47.0,-0.000168518
23:48.0,-0.000148925
23:49.0,-0.000105122
23:50.0,-8.97E-05
23:51.0,-0.000112798
23:52.0,-0.000142848
23:53.0,-0.000155435
23:54.0,-0.000137006
23:55.0,-0.000135985
23:56.0,-0.000125151
23:57.0,-0.000157797
23:58.0,-0.000155327
23:59.0,-0.000150763
24:00.0,-0.000147617
24:01.0,-0.000115623
24:02.0,-9.68E-05
24:03.0,-0.00010089
24:04.0,-0.000125767
24:05.0,-0.000130933
24:06.0,-0.000143112
24:07.0,-0.000130464
24:08.0,-0.000128641
24:09.0,-0.000130893
24:10.0,-0.000129319
24:11.0,-0.000123822
24:12.0,-0.000123447
24:13.0,-0.000147875
24:14.0,-0.00013707
24:15.0,-0.000111227
24:16.0,-0.000102939
24:17.0,-0.000116415
24:18.0,-0.000151417
24:19.0,-0.000159069
24:20.0,-0.000159765
24:21.0,-0.000140084
24:22.0,-0.000120421
24:23.0,-0.000119146
24:24.0,-0.000134141
24:25.0,-0.000140861
24:26.0,-0.00012493
24:27.0,-0.00011636
24:28.0,-0.000130936
24:29.0,-0.000129503
24:30.0,-0.000133384
24:31.0,-0.000126733
24:32.0,-0.000141574
24:33.0,-0.000140833
24:34.0,-0.000132368
24:35.0,-0.000131334
24:36.0,-0.000128849
24:37.0,-0.000134728
24:38.0,-0.000144163
24:39.0,-0.000131096
24:40.0,-0.000106627
24:41.0,-0.000126665
24:41.9,-0.000134452
24:42.9,-0.000141106
24:43.9,-0.00013258
24:44.9,-0.000116948
24:45.9,-0.000112681
24:46.9,-0.000114892
24:47.9,-0.000117129
24:48.9,-0.000130435
24:49.9,-0.00013849
24:50.9,-0.000148632
24:51.9,-0.000150319
24:52.9,-0.000152856
24:53.9,-0.000139327
24:54.9,-0.00012502
24:55.9,-0.000131638
24:56.9,-0.000131457
24:57.9,-0.000133039
24:58.9,-0.000136426
24:59.9,-0.000131167
25:00.9,-0.000145037
25:01.9,-0.00012191
25:02.9,-0.00012726
25:03.9,-0.000128549
25:04.9,-0.000117313
25:05.9,-0.000125598
25:06.9,-0.000117099
25:07.9,-0.000105045
25:08.9,-0.000131249
25:09.9,-0.000147676
25:10.9,-0.000156428
25:11.9,-0.000157618
25:12.9,-0.000138975
25:13.9,-0.000127948
25:14.9,-0.000132294
25:15.9,-0.000141593
25:16.9,-0.000131835
25:17.9,-0.00012202
25:18.9,-0.000119169
25:19.9,-0.00012764
25:20.9,-0.00013517
25:21.9,-0.000141636
25:22.9,-0.000134644
25:23.9,-0.000131889
25:24.9,-0.000136901
25:25.9,-0.000152886
25:26.9,-0.000148014
25:27.9,-0.000154103
25:28.9,-0.000139125
25:29.9,-0.000106468
25:30.9,-0.000114283
25:31.9,-0.000122545
25:32.9,-0.000116912
25:33.9,-0.000127781
25:34.9,-0.00011893
25:35.9,-0.000116688
25:36.9,-0.00012104
25:37.9,-0.000138622
25:38.9,-0.000137225
25:39.9,-0.000126781
25:40.9,-0.00014247
25:41.9,-0.000142213
25:42.8,-0.000143676
25:43.8,-0.000134788
25:44.8,-0.000149393
25:45.8,-0.000155815
25:46.8,-0.000147631
25:47.8,-0.000126015
25:48.8,-0.000129408
25:49.8,-0.000120773
25:50.8,-0.000108124
25:51.8,-0.00011346
25:52.8,-0.000130567
25:53.8,-0.000140365
25:54.8,-0.000139658
25:55.8,-0.000150681
25:56.8,-0.00016693
25:57.8,-0.00015123
25:58.8,-0.000128968
25:59.8,-0.000119667
26:00.8,-0.000123565
26:01.8,-0.000120699
26:02.8,-0.000118932
26:03.8,-0.000132362
26:04.8,-0.000140097
26:05.8,-0.000137169
26:06.8,-0.000138677
26:07.8,-0.000140949
26:08.8,-0.000129635
26:09.8,-0.000127018
26:10.8,-0.000134089
26:11.8,-0.000141209
26:12.8,-0.000131876
26:13.8,-0.000135161
26:14.8,-0.000153267
26:15.8,-0.000149033
26:16.8,-0.000142748
26:17.8,-0.000137108
26:18.8,-0.000131599
26:19.8,-0.000138104
26:20.8,-0.000116972
26:21.8,-0.000120654
26:22.8,-0.000125696
26:23.8,-0.000131882
26:24.8,-0.000124036
26:25.8,-0.000132938
26:26.8,-0.00013921
26:27.8,-0.000127156
26:28.8,-0.000128419
26:29.8,-0.000127343
26:30.8,-0.000142665
26:31.8,-0.000151594
26:32.8,-0.000143998
26:33.8,-0.000135325
26:34.8,-0.000127633
26:35.8,-0.000136111
26:36.8,-0.000140367
26:37.8,-0.000142112
26:38.8,-0.000139005
26:39.8,-0.000129358
26:40.8,-0.000141057
26:41.8,-0.000124138
26:42.8,-0.000138576
26:43.8,-0.000132819
26:44.7,-0.00014697
26:45.7,-0.000142518
26:46.7,-0.000149317
26:47.7,-0.000140405
26:48.7,-0.000127334
26:49.7,-0.000123168
26:50.7,-0.000110139
26:51.7,-0.000127958
26:52.7,-0.000144529
26:53.7,-0.000144393
26:54.7,0
26:55.7,0.00012542
26:56.7,0.000112408
26:57.7,0.000106685
26:58.7,0.000116709
26:59.7,0.000126672
27:00.7,0.000106142
27:01.7,0.000105751
27:02.7,9.584179e-05
27:03.7,9.708092e-05
27:04.7,0.000111169
27:05.7,0.00011036
27:06.7,0.000113503
27:07.7,0.000113099
27:08.7,0.000109482
27:09.7,0.000102066
27:10.7,9.6217314e-05
27:11.7,0.000100537
27:12.7,0.000110024
27:13.7,0.000119359
27:14.7,0.000120306
27:15.7,0.000121251
27:16.7,0.00010649
27:17.7,0.000104656
27:18.7,0.000108928
27:19.7,0.000104735
27:20.7,0.000114749
27:21.7,0.00010641
27:22.7,9.3264694e-05
27:23.7,0.000112028
27:24.7,0.000112027
27:25.7,0.000110056
27:26.7,0.000122061
27:27.7,0.000108393
27:28.7,9.903082e-05
27:29.7,9.93629e-05
27:30.7,0.000118411
27:31.7,0.000123378
27:32.7,0.000109524
27:33.7,9.5027164e-05
27:34.7,0.000107183
27:35.7,0.000119049
27:36.7,0.000101287
27:37.7,9.545435e-05
27:38.7,9.526281e-05
27:39.7,0.000108955
27:40.7,0.000119158
27:41.7,0.000115639
27:42.7,0.000124565
27:43.7,0.000106844
27:44.7,0.000104105
27:45.6,8.506509e-05
27:46.6,0.00010224
27:47.6,0.000113326
27:48.6,0.000113877
27:49.6,0.000130389
27:50.6,0.000124791
27:51.6,0.000114021
27:52.6,0.000104595
27:53.6,0.000100866
27:54.6,0.000107733
27:55.6,0.000109476
27:56.6,0.000118232
27:57.6,0.000114778
27:58.6,0.000118527
27:59.6,0.000120197
28:00.6,0.000106768
28:01.6,9.926933e-05
28:02.6,0.000109929
28:03.6,0.000102302
28:04.6,0.000104453
28:05.6,0.000116081
28:06.6,0.000106114
28:07.6,8.624528e-05
28:08.6,8.5105545e-05
28:09.6,0.000109336
28:10.6,0.000132841
28:11.6,0.000143269
28:12.6,0.000124096
28:13.6,0.000105804
28:14.6,0.000107745
28:15.6,0.000118996
28:16.6,0.000106136
28:17.6,0.000127301
28:18.6,0.000127492
28:19.6,0.000113192
28:20.6,0.00010444
28:21.6,0.000100878
28:22.6,9.8853074e-05
28:23.6,0.000101923
28:24.6,0.000104946
28:25.6,0.000105838
28:26.6,0.00013101
28:27.6,0.000135267
28:28.6,0.000103579
28:29.6,8.2603925e-05
28:30.6,8.62692e-05
28:31.6,0.000108797
28:32.6,0.00012231
28:33.6,0.000126413
28:34.6,0.000112801
28:35.6,0.000111697
28:36.6,0.000107374
28:37.6,0.000113021
28:38.6,8.783039e-05
28:39.6,9.794358e-05
28:40.6,0.000121932
28:41.6,0.000123537
28:42.6,0.000118394
28:43.6,0.000114839
28:44.6,0.000113629
28:45.6,9.393812e-05
28:46.5,0.000108869
28:47.5,0.000112132
28:48.5,0.000111727
28:49.5,0.000118608
28:50.5,0.000126862
28:51.5,0.00012273
28:52.5,0.000101301
28:53.5,0.000106122
28:54.5,0.000109287
28:55.5,0.000122485
28:56.5,0.000136265
28:57.5,0.000116023
28:58.5,8.993539e-05
28:59.5,8.567488e-05
29:00.5,8.600764e-05
29:01.5,9.2171096e-05
29:02.5,0.000116181
29:03.5,0.000133627
29:04.5,0.00011661
29:05.5,0.000105755
29:06.5,9.723609e-05
29:07.5,9.989966e-05
29:08.5,0.000106357
29:09.5,0.00013138
29:10.5,0.000104673
29:11.5,0.000109413
29:12.5,0.000108296
29:13.5,0.000120695
29:14.5,0.000112761
29:15.5,0.000104921
29:16.5,0.000104546
29:17.5,9.81294e-05
29:18.5,0.00010863
29:19.5,0.00010592
29:20.5,0.000113105
29:21.5,0.000130643
29:22.5,0.000113783
29:23.5,0.000104135
29:24.5,0.000111751
29:25.5,0.000106969
29:26.5,0.000115117
29:27.5,0.000103506
29:28.5,0.000131949
29:29.5,0.000118602
29:30.5,0.000114324
29:31.5,9.8322074e-05
29:32.5,0.000105272
29:33.5,9.7492506e-05
29:34.5,0.000109607
29:35.5,0.000109428
29:36.5,0.000126089
29:37.5,0.000111285
29:38.5,0.000103072
29:39.5,0.00010502
29:40.5,9.5466145e-05
29:41.5,0.000116948
29:42.5,9.932315e-05
29:43.5,0.00011626
29:44.5,0.000116596
29:45.5,0.0001047
29:46.5,0.000113604
29:47.4,0.000114573
29:48.4,0.000109592
29:49.4,0.000110886
29:50.4,9.377534e-05
29:51.4,9.258814e-05
29:52.4,0.000108888
29:53.4,0.000124205
29:54.4,0.00012793
29:55.4,0.000118896
29:56.4,0.00013338
29:57.4,0.000137564
29:58.4,0.000136953
29:59.4,0.000111244
30:00.4,8.5377e-05
30:01.4,7.441527e-05
30:02.4,9.64333e-05
30:03.4,0.000101917
30:04.4,0.00011386
30:05.4,0.000126228
30:06.4,8.590586e-05
30:07.4,0.00010056
30:08.4,0.000111534
30:09.4,0.000119042
30:10.4,0.00011049
30:11.4,0.000113327
30:12.4,0.000118665
30:13.4,0.000110303
30:14.4,0.000101804
30:15.4,0.000119272
30:16.4,0.00010571
30:17.4,0.000112925
30:18.4,9.597177e-05
30:19.4,9.362731e-05
30:20.4,0.000100248
30:21.4,0.00011222
30:22.4,0.000145793
30:23.4,0.000121901
30:24.4,0.000105135
30:25.4,0.000107516
30:26.4,9.80566e-05
30:27.4,0.000108923
30:28.4,0.000108137
30:29.4,0.000129461
30:30.4,0.000146302
30:31.4,0.000113626
30:32.4,9.08259e-05
30:33.4,0.0001003
30:34.4,0.000108481
30:35.4,9.799637e-05
30:36.4,9.519185e-05
30:37.4,0.000116478
30:38.4,0.000116655
30:39.4,0.000118036
30:40.4,0.000108527
30:41.4,0.000110798
30:42.4,0.000112275
30:43.4,0.000124711
30:44.4,0.000108762
30:45.4,0.000105534
30:46.4,0.000102188
30:47.4,0.000140356
30:48.3,0.00013277
30:49.3,9.979789e-05
30:50.3,8.647088e-05
30:51.3,0.000111891
30:52.3,0.000102627
30:53.3,0.000115093
30:54.3,0.000112839
30:55.3,0.000107332
30:56.3,0.00011839
30:57.3,0.000105648
30:58.3,9.668265e-05
30:59.3,0.000112744
31:00.3,0.00012444
31:01.3,0.000119205
31:02.3,0.000121048
31:03.3,9.6820986e-05
31:04.3,0.000102258
31:05.3,8.805897e-05
31:06.3,7.80248e-05
31:07.3,9.164137e-05
31:08.3,0.000118694
31:09.3,0.000108577
31:10.3,0.000102364
31:11.3,0.000135389
31:12.3,0.000144005
31:13.3,0.000129929
31:14.3,0.000110732
31:15.3,0.000106509
31:16.3,0.00011117
31:17.3,0.000114705
31:18.3,0.000117484
31:19.3,9.7959666e-05
31:20.3,0.000105117
31:21.3,0.000109734
31:22.3,0.000122114
31:23.3,0.000113279
31:24.3,0.000102693
31:25.3,8.1541264e-05
31:26.3,0.000103404
31:27.3,0.00011997
31:28.3,0.00012782
31:29.3,0.000115188
31:30.3,0.000120975
31:31.3,0.000120648
31:32.3,0.000112302
31:33.3,9.970968e-05
31:34.3,0.000104733
31:35.3,0.000100639
31:36.3,0.000109393
31:37.3,0.00012869
31:38.3,0.000127457
31:39.3,0.000110323
31:40.3,0.000111078
31:41.3,0.000118713
31:42.3,9.313649e-05
31:43.3,9.3235256e-05
31:44.3,0.000118763
31:45.3,0.000139571
31:46.3,0.000124849
31:47.3,9.650127e-05
31:48.3,0.000104471
31:49.2,0.000107554
31:50.2,0.000102757
31:51.2,9.25305e-05
31:52.2,0.000103924
31:53.2,0.000114957
31:54.2,0.000112078
31:55.2,0.000111151
31:56.2,9.578698e-05
31:57.2,0.000100148
31:58.2,0.000113862
31:59.2,0.000120649
32:00.2,0.000107035
32:01.2,0.00010581
32:02.2,0.000109404
32:03.2,0.000114736
32:04.2,0.000108871
32:05.2,0.000110706
32:06.2,0.000111721
32:07.2,0.000109337
32:08.2,0.000116394
32:09.2,0.000109798
32:10.2,0.000102418
32:11.2,0.000110896
32:12.2,0.000105897
32:13.2,0.000103068
32:14.2,0.000103722
32:15.2,0.00011119
32:16.2,0.000126281
32:17.2,0.000123459
32:18.2,0.000111898
32:19.2,0.000108924
32:20.2,0.000110432
32:21.2,9.366906e-05
32:22.2,9.2991126e-05
32:23.2,0.00010236
32:24.2,0.000108338
32:25.2,0.000121891
32:26.2,0.000113552
32:27.2,9.516508e-05
32:28.2,9.229405e-05
32:29.2,9.1861606e-05
32:30.2,0.000111608
32:31.2,0.000126422
32:32.2,0.000116327
32:33.2,0.000107295
32:34.2,0.00010757
32:35.2,0.000106816
32:36.2,0.000125961
32:37.2,0.000107723
32:38.2,0.000103998
32:39.2,9.091496e-05
32:40.2,0.000107502
32:41.2,0.000117886
32:42.2,0.000116575
32:43.2,0.000104084
32:44.2,0.0001077
32:45.2,0.000106176
32:46.2,0.000107712
32:47.2,0.000128092
32:48.2,0.000119988
32:49.2,8.894765e-05
32:50.1,8.7109656e-05
32:51.1,0.000102258
32:52.1,0.000118143
32:53.1,0.000117078
32:54.1,0.000112884
32:55.1,0.000108894
32:56.1,0.000107745
32:57.1,0.000106097
32:58.1,0.000101233
32:59.1,0.000112385
33:00.1,0.00010096
33:01.1,9.8991986e-05
33:02.1,0.000116818
33:03.1,0.000118607
33:04.1,0.000116671
33:05.1,0.00010741
33:06.1,0.000105335
33:07.1,0.000109837
33:08.1,0.000113735
33:09.1,0.000104493
33:10.1,0.000105212
33:11.1,0.000109842
33:12.1,0.000111827
33:13.1,0.00010339
33:14.1,0.00011026
33:15.1,0.000105837
33:16.1,9.578685e-05
33:17.1,9.454649e-05
33:18.1,0.000118021
33:19.1,0.000111678
33:20.1,0.0001102
33:21.1,0.00012146
33:22.1,0.000105896
33:23.1,0.000115857
33:24.1,0.000109988
33:25.1,0.000100861
33:26.1,0.000104349
33:27.1,0.000111891
33:28.1,9.8703786e-05
33:29.1,0.000104541
33:30.1,0.000115443
33:31.1,0.000106048
33:32.1,0.000107615
33:33.1,0.000123029
33:34.1,0.000118209
33:35.1,0.000117237
33:36.1,0.00010533
33:37.1,0.000117235
33:38.1,0.000116796
33:39.1,9.9163015e-05
33:40.1,8.817833e-05
33:41.1,0.000100778
33:42.1,0.000111514
33:43.1,0.000112415
33:44.1,0.00011149
33:45.1,0.000102175
33:46.1,0.000117322
33:47.1,0.000123651
33:48.1,0.00010091
33:49.1,0.000108866
33:50.1,0.000111583
33:51.0,9.6765274e-05
33:52.0,0.000103678
33:53.0,0.000112128
33:54.0,0.000111221
33:55.0,0.000114102
33:56.0,0.000104689
33:57.0,0.000101889
33:58.0,9.7272285e-05
33:59.0,9.529025e-05
34:00.0,0.000114135
34:01.0,0.000114952
34:02.0,0.000117867
34:03.0,0.000119741
34:04.0,0.000110352
34:05.0,0.00011275
34:06.0,0.00011573
34:07.0,0.00012748
34:08.0,0.000129713
34:09.0,0.000104069
34:10.0,8.912462e-05
34:11.0,9.3559334e-05
34:12.0,9.321943e-05
34:13.0,0.000113875
34:14.0,0.00011251
34:15.0,0.000104164
34:16.0,8.196365e-05
34:17.0,8.7499415e-05
34:18.0,9.8243254e-05
34:19.0,0.000112799
34:20.0,0.000121745
34:21.0,0.000123114
34:22.0,0.000122192
34:23.0,0.000126634
34:24.0,0.000112152
34:25.0,9.744664e-05
34:26.0,9.148237e-05
34:27.0,9.9844074e-05
34:28.0,0.000117896
34:29.0,0.000133418
34:30.0,0.000139755
34:31.0,0.00012433
34:32.0,9.7502794e-05
34:33.0,8.228015e-05
34:34.0,0.000105692
34:35.0,0.000119672
34:36.0,0.000114952
34:37.0,0.000108356
34:38.0,9.058375e-05
34:39.0,8.294612e-05
34:40.0,0.000105542
34:41.0,0.000128974
34:42.0,0.000122188
34:43.0,0.000107593
34:44.0,0.000109065
34:45.0,0.000106925
34:46.0,0.00010205
34:47.0,8.877296e-05
34:48.0,0.000110421
34:49.0,0.000121893
34:50.0,0.000121669
34:51.0,0.000109475
34:52.0,0.000109368
34:52.9,0.000108273
34:53.9,0.000109676
34:54.9,0.000113964
34:55.9,0.000102099
34:56.9,8.160518e-05
34:57.9,0.000100371
34:58.9,0.00011168
34:59.9,0.000116281
35:00.9,0.000111888
35:01.9,0.000121065
35:02.9,0.000125956
35:03.9,0.000106553
35:04.9,0.000109973
35:05.9,0.000122725
35:06.9,0.000117862
35:07.9,0.00010688
35:08.9,0.000104737
35:09.9,0.00010213
35:10.9,0.000110562
35:11.9,0.000106122
35:12.9,0.00010664
35:13.9,0.000108562
35:14.9,0.000115365
35:15.9,0.000102033
35:16.9,8.7294386e-05
35:17.9,0.000104424
35:18.9,0.000126281
35:19.9,0.000113295
35:20.9,0.000114092
35:21.9,0.000108806
35:22.9,0.000108603
35:23.9,0.000114936
35:24.9,0.000125155
35:25.9,0.000117947
35:26.9,0.000126788
35:27.9,0.00012078
35:28.9,0.0001008
35:29.9,9.985416e-05
35:30.9,9.494859e-05
35:31.9,0.000101379
35:32.9,9.624768e-05
35:33.9,0.000106356
35:34.9,0.00011263
35:35.9,9.5506766e-05
35:36.9,9.067172e-05
35:37.9,0.000107769
35:38.9,0.000108672
35:39.9,0.000111594
35:40.9,0.000110952
35:41.9,0.000120054
35:42.9,0.000121148
35:43.9,0.000112553
35:44.9,9.718066e-05
35:45.9,0.000100777
35:46.9,9.929764e-05
35:47.9,0.000104682
35:48.9,0.000116467
35:49.9,0.000115416
35:50.9,0.00012853
35:51.9,0.000113847
35:52.9,0.000107771
35:53.8,0.000104475
35:54.8,0.000100432
35:55.8,9.544908e-05
35:56.8,0.000121521
35:57.8,0.000122011
35:58.8,0.000120027
35:59.8,0.000115139
36:00.8,0.000110356
36:01.8,9.825957e-05
36:02.8,0.000106336
36:03.8,0.000109784
36:04.8,0.000122235
36:05.8,0.000128162
36:06.8,0.000135431
36:07.8,0.000108445
36:08.8,9.661173e-05
36:09.8,8.31185e-05
36:10.8,9.76587e-05
36:11.8,0.000109554
36:12.8,9.9088444e-05
36:13.8,0.000108734
36:14.8,0.000113416
36:15.8,0.000111091
36:16.8,0.000114689
36:17.8,0.000119913
36:18.8,0.000114478
36:19.8,0.000106427
36:20.8,0.000103489
36:21.8,9.561371e-05
36:22.8,0.000101669
36:23.8,0.000110908
36:24.8,0.000106455
36:25.8,0.000109572
36:26.8,0.000112448
36:27.8,0.00012018
36:28.8,0.000121512
36:29.8,0.000107952
36:30.8,9.3586204e-05
36:31.8,9.9600475e-05
36:32.8,0.000108464
36:33.8,0.000110021
36:34.8,9.426587e-05
36:35.8,0.000105881
36:36.8,0.00010825
36:37.8,0.000102941
36:38.8,0.000104274
36:39.8,0.000113733
36:40.8,0.000122018
36:41.8,0.000113978
36:42.8,0.000114894
36:43.8,0.00011121
36:44.8,0.000123134
36:45.8,0.00011822
36:46.8,0.000108684
36:47.8,0.000106721
36:48.8,0.000112268
36:49.8,0.000109444
36:50.8,0.000104054
36:51.8,0.000100861
36:52.8,9.99501e-05
36:53.8,0.000109222
36:54.7,0
36:55.7,-0.000486608
36:56.7,-0.000449032
36:57.7,-0.000434064
36:58.7,-0.000424987
36:59.7,-0.00043532
37:00.7,-0.000444018
37:01.7,-0.000442863
37:02.7,-0.000447486
37:03.7,-0.000439908
37:04.7,-0.000441097
37:05.7,-0.000434633
37:06.7,-0.000445886
37:07.7,-0.000456437
37:08.7,-0.000456777
37:09.7,-0.00044525
37:10.7,-0.000441052
37:11.7,-0.000421514
37:12.7,-0.000427009
37:13.7,-0.000435554
37:14.7,-0.000436458
37:15.7,-0.000421089
37:16.7,-0.000420663
37:17.7,-0.000429925
37:18.7,-0.000430429
37:19.7,-0.000424761
37:20.7,-0.000442696
37:21.7,-0.000457847
37:22.7,-0.000478512
37:23.7,-0.00046016
37:24.7,-0.000449517
37:25.7,-0.000458712
37:26.7,-0.000443489
37:27.7,-0.000442074
37:28.7,-0.00044485
37:29.7,-0.000436583
37:30.7,-0.000425893
37:31.7,-0.000423549
37:32.7,-0.000441655
37:33.7,-0.000441716
37:34.7,-0.000439914
37:35.7,-0.000436226
37:36.7,-0.000437992
37:37.7,-0.000445946
37:38.7,-0.000452627
37:39.7,-0.000453056
37:40.7,-0.000437824
37:41.7,-0.000424429
37:42.7,-0.000432405
37:43.7,-0.000445729
37:44.7,-0.000443517
37:45.7,-0.000444416
37:46.7,-0.00043892
37:47.7,-0.000443101
37:48.7,-0.000439304
37:49.7,-0.000445036
37:50.7,-0.000445718
37:51.7,-0.000447151
37:52.7,-0.000429883
37:53.7,-0.000430308
37:54.7,-0.000436634
37:55.6,-0.000433416
37:56.6,-0.000431483
37:57.6,-0.000444558
37:58.6,-0.000440969
37:59.6,-0.000433113
38:00.6,-0.000447997
38:01.6,-0.000445391
38:02.6,-0.000444887
38:03.6,-0.000441909
38:04.6,-0.00044137
38:05.6,-0.000443949
38:06.6,-0.000442496
38:07.6,-0.000450343
38:08.6,-0.000435125
38:09.6,-0.000435859
38:10.6,-0.000434692
38:11.6,-0.00043488
38:12.6,-0.000440538
38:13.6,-0.000443433
38:14.6,-0.000441813
38:15.6,-0.000446373
38:16.6,-0.000436902
38:17.6,-0.000431285
38:18.6,-0.000430082
38:19.6,-0.000430364
38:20.6,-0.000436891
38:21.6,-0.000451994
38:22.6,-0.000452298
38:23.6,-0.000443537
38:24.6,-0.000438986
38:25.6,-0.000430103
38:26.6,-0.000442071
38:27.6,-0.000435851
38:28.6,-0.000431553
38:29.6,-0.000453267
38:30.6,-0.000458819
38:31.6,-0.000435621
38:32.6,-0.000432149
38:33.6,-0.000439977
38:34.6,-0.000444387
38:35.6,-0.000448052
38:36.6,-0.000439143
38:37.6,-0.000441601
38:38.6,-0.000449247
38:39.6,-0.000433151
38:40.6,-0.000432037
38:41.6,-0.000431328
38:42.6,-0.00043888
38:43.6,-0.000447294
38:44.6,-0.000435888
38:45.6,-0.000430201
38:46.6,-0.000443914
38:47.6,-0.000446114
38:48.6,-0.000448071
38:49.6,-0.000440831
38:50.6,-0.000433198
38:51.6,-0.000436019
38:52.6,-0.000437169
38:53.6,-0.000448233
38:54.6,-0.000440159
38:55.6,-0.000446805
38:56.5,-0.000442854
38:57.5,-0.000440223
38:58.5,-0.000443985
38:59.5,-0.000442974
39:00.5,-0.000437707
39:01.5,-0.000427548
39:02.5,-0.000436356
39:03.5,-0.000436369
39:04.5,-0.000441918
39:05.5,-0.000448449
39:06.5,-0.000437715
39:07.5,-0.000437671
39:08.5,-0.000448686
39:09.5,-0.000439281
39:10.5,-0.000440384
39:11.5,-0.000434521
39:12.5,-0.000428715
39:13.5,-0.000438745
39:14.5,-0.000440405
39:15.5,-0.000433284
39:16.5,-0.000435524
39:17.5,-0.000447244
39:18.5,-0.000451028
39:19.5,-0.000443564
39:20.5,-0.000437339
39:21.5,-0.000435867
39:22.5,-0.00043748
39:23.5,-0.000435738
39:24.5,-0.00044057
39:25.5,-0.000443772
39:26.5,-0.000441025
39:27.5,-0.000427141
39:28.5,-0.000429123
39:29.5,-0.000429609
39:30.5,-0.00043647
39:31.5,-0.000442426
39:32.5,-0.000445165
39:33.5,-0.000456761
39:34.5,-0.000445248
39:35.5,-0.000417072
39:36.5,-0.000434598
39:37.5,-0.000449603
39:38.5,-0.000448275
39:39.5,-0.00044481
39:40.5,-0.000432003
39:41.5,-0.000443211
39:42.5,-0.000449666
39:43.5,-0.000440395
39:44.5,-0.000438376
39:45.5,-0.000442246
39:46.5,-0.000430543
39:47.5,-0.00043499
39:48.5,-0.000448842
39:49.5,-0.000445809
39:50.5,-0.000438497
39:51.5,-0.000442198
39:52.5,-0.00043685
39:53.5,-0.000436101
39:54.5,-0.000437053
39:55.5,-0.000433879
39:56.5,-0.000433727
39:57.4,-0.000426671
39:58.4,-0.000416258
39:59.4,-0.000427464
40:00.4,-0.000442729
40:01.4,-0.000450885
40:02.4,-0.000450385
40:03.4,-0.000453139
40:04.4,-0.000442344
40:05.4,-0.00043962
40:06.4,-0.000444539
40:07.4,-0.000413692
40:08.4,-0.000413807
40:09.4,-0.00043239
40:10.4,-0.000446751
40:11.4,-0.000455273
40:12.4,-0.000453484
40:13.4,-0.000434855
40:14.4,-0.000442718
40:15.4,-0.000448507
40:16.4,-0.000434818
40:17.4,-0.000439308
40:18.4,-0.000446048
40:19.4,-0.000453832
40:20.4,-0.000435622
40:21.4,-0.000423141
40:22.4,-0.000426376
40:23.4,-0.000425621
40:24.4,-0.000435625
40:25.4,-0.000434054
40:26.4,-0.000449831
40:27.4,-0.000451251
40:28.4,-0.000438174
40:29.4,-0.000440548
40:30.4,-0.00043753
40:31.4,-0.000437179
40:32.4,-0.000429516
40:33.4,-0.000420686
40:34.4,-0.000430334
40:35.4,-0.000429096
40:36.4,-0.000416725
40:37.4,-0.000427711
40:38.4,-0.000447757
40:39.4,-0.000456079
40:40.4,-0.000426766
40:41.4,-0.000450383
40:42.4,-0.000440796
40:43.4,-0.000447234
40:44.4,-0.000436838
40:45.4,-0.000435294
40:46.4,-0.000435953
40:47.4,-0.000441403
40:48.4,-0.000442994
40:49.4,-0.00042411
40:50.4,-0.000429628
40:51.4,-0.00044953
40:52.4,-0.00044883
40:53.4,-0.000437367
40:54.4,-0.000432707
40:55.4,-0.000464145
40:56.4,-0.000483793
40:57.4,-0.000475311
40:58.3,-0.000439533
40:59.3,-0.000408533
41:00.3,-0.000408054
41:01.3,-0.0004078
41:02.3,-0.000408503
41:03.3,-0.00043303
41:04.3,-0.000441443
41:05.3,-0.000442961
41:06.3,-0.000478395
41:07.3,-0.000480254
41:08.3,-0.000437761
41:09.3,-0.000415416
41:10.3,-0.000399112
41:11.3,-0.000420646
41:12.3,-0.000431882
41:13.3,-0.000426428
41:14.3,-0.000434612
41:15.3,-0.000423823
41:16.3,-0.000426639
41:17.3,-0.000433744
41:18.3,-0.000430256
41:19.3,-0.000435708
41:20.3,-0.000447401
41:21.3,-0.000458066
41:22.3,-0.000457584
41:23.3,-0.000433838
41:24.3,-0.000426035
41:25.3,-0.000429463
41:26.3,-0.0004444
41:27.3,-0.000438355
41:28.3,-0.000439947
41:29.3,-0.000426559
41:30.3,-0.000421198
41:31.3,-0.000438336
41:32.3,-0.000447524
41:33.3,-0.000445826
41:34.3,-0.000447052
41:35.3,-0.000478713
41:36.3,-0.000478651
41:37.3,-0.000418997
41:38.3,-0.000394837
41:39.3,-0.000426102
41:40.3,-0.000449328
41:41.3,-0.000438898
41:42.3,-0.000419028
41:43.3,-0.000426385
41:44.3,-0.000436955
41:45.3,-0.00046013
41:46.3,-0.000485376
41:47.3,-0.000481773
41:48.3,-0.00046286
41:49.3,-0.000436785
41:50.3,-0.000425576
41:51.3,-0.000393624
41:52.3,-0.000387998
41:53.3,-0.000404422
41:54.3,-0.000420269
41:55.3,-0.000427252
41:56.3,-0.000442769
41:57.3,-0.00043617
41:58.3,-0.000412014
41:59.2,-0.000434358
42:00.2,-0.000435735
42:01.2,-0.000439572
42:02.2,-0.000459981
42:03.2,-0.000444541
42:04.2,-0.000441206
42:05.2,-0.000430454
42:06.2,-0.000449072
42:07.2,-0.000434678
42:08.2,-0.000442026
42:09.2,-0.00043928
42:10.2,-0.000439626
42:11.2,-0.000428727
42:12.2,-0.000440175
42:13.2,-0.000423919
42:14.2,-0.00043338
42:15.2,-0.000471533
42:16.2,-0.000451954
42:17.2,-0.000425719
42:18.2,-0.000408412
42:19.2,-0.000407199
42:20.2,-0.000427204
42:21.2,-0.000454739
42:22.2,-0.000448613
42:23.2,-0.000433848
42:24.2,-0.000434936
42:25.2,-0.000449293
42:26.2,-0.000385122
42:27.2,-0.000388549
42:28.2,-0.000411561
42:29.2,-0.000450432
42:30.2,-0.000461558
42:31.2,-0.000449611
42:32.2,-0.00046748
42:33.2,-0.000463615
42:34.2,-0.000435938
42:35.2,-0.000427837
42:36.2,-0.000427051
42:37.2,-0.000438716
42:38.2,-0.0004633
42:39.2,-0.000452693
42:40.2,-0.000426363
42:41.2,-0.000433685
42:42.2,-0.000429647
42:43.2,-0.00043076
42:44.2,-0.000420297
42:45.2,-0.000458638
42:46.2,-0.000435199
42:47.2,-0.000417995
42:48.2,-0.000428762
42:49.2,-0.000425555
42:50.2,-0.000439565
42:51.2,-0.000447386
42:52.2,-0.000455903
42:53.2,-0.000433253
42:54.2,-0.000437396
42:55.2,-0.00046693
42:56.2,-0.000449975
42:57.2,-0.000438155
42:58.2,-0.000439729
42:59.2,-0.000420196
43:00.1,-0.0004146
43:01.1,-0.000435021
43:02.1,-0.000437176
43:03.1,-0.000432692
43:04.1,-0.000425147
43:05.1,-0.000394636
43:06.1,-0.000386459
43:07.1,-0.000435315
43:08.1,-0.000456337
43:09.1,-0.000464652
43:10.1,-0.000450281
43:11.1,-0.000447147
43:12.1,-0.000447794
43:13.1,-0.000445235
43:14.1,-0.000438751
43:15.1,-0.000409784
43:16.1,-0.00041669
43:17.1,-0.000435779
43:18.1,-0.000453682
43:19.1,-0.000457325
43:20.1,-0.000435531
43:21.1,-0.000443343
43:22.1,-0.000427644
43:23.1,-0.000450421
43:24.1,-0.000434706
43:25.1,-0.000434806
43:26.1,-0.00043053
43:27.1,-0.000444158
43:28.1,-0.000430346
43:29.1,-0.000433357
43:30.1,-0.000466677
43:31.1,-0.000459088
43:32.1,-0.000416269
43:33.1,-0.000412468
43:34.1,-0.00043802
43:35.1,-0.0004298
43:36.1,-0.000439093
43:37.1,-0.000430602
43:38.1,-0.000461678
43:39.1,-0.000453793
43:40.1,-0.000443682
43:41.1,-0.000447601
43:42.1,-0.000418837
43:43.1,-0.000408076
43:44.1,-0.000430208
43:45.1,-0.000405206
43:46.1,-0.000422478
43:47.1,-0.000411422
43:48.1,-0.000428698
43:49.1,-0.000444959
43:50.1,-0.000461483
43:51.1,-0.00046455
43:52.1,-0.000449949
43:53.1,-0.000438526
43:54.1,-0.000440775
43:55.1,-0.000437265
43:56.1,-0.000464293
43:57.1,-0.000452313
43:58.1,-0.000449091
43:59.1,-0.000430033
44:00.1,-0.000406743
44:01.1,-0.000415399
44:02.0,-0.000438808
44:03.0,-0.000447964
44:04.0,-0.000437865
44:05.0,-0.000429393
44:06.0,-0.000450226
44:07.0,-0.000453153
44:08.0,-0.000437299
44:09.0,-0.000428967
44:10.0,-0.00039222
44:11.0,-0.000427314
44:12.0,-0.000467278
44:13.0,-0.000458416
44:14.0,-0.000446688
44:15.0,-0.000455627
44:16.0,-0.00044271
44:17.0,-0.000438262
44:18.0,-0.000446682
44:19.0,-0.000436856
44:20.0,-0.000434942
44:21.0,-0.000437691
44:22.0,-0.0004205
44:23.0,-0.000428183
44:24.0,-0.000431309
44:25.0,-0.000430627
44:26.0,-0.000441381
44:27.0,-0.000416507
44:28.0,-0.000428808
44:29.0,-0.000399257
44:30.0,-0.000446958
44:31.0,-0.000465032
44:32.0,-0.000476928
44:33.0,-0.000450718
44:34.0,-0.000429692
44:35.0,-0.000441359
44:36.0,-0.000470632
44:37.0,-0.000434673
44:38.0,-0.000437895
44:39.0,-0.000430335
44:40.0,-0.000439745
44:41.0,-0.000432863
44:42.0,-0.000423167
44:43.0,-0.000438189
44:44.0,-0.000443726
44:45.0,-0.000446925
44:46.0,-0.000435748
44:47.0,-0.000418975
44:48.0,-0.000428958
44:49.0,-0.000444894
44:50.0,-0.000430912
44:51.0,-0.000445718
44:52.0,-0.000443048
44:53.0,-0.000440894
44:54.0,-0.000444661
44:55.0,-0.000444603
44:56.0,-0.000442328
44:57.0,-0.000457719
44:58.0,-0.00044714
44:59.0,-0.000433415
45:00.0,-0.000431323
45:01.0,-0.000432332
45:02.0,-0.000400877
45:02.9,-0.000451266
45:03.9,-0.000456173
45:04.9,-0.000458183
45:05.9,-0.000478126
45:06.9,-0.000449284
45:07.9,-0.000435968
45:08.9,-0.000432245
45:09.9,-0.000431206
45:10.9,-0.000428831
45:11.9,-0.000418757
45:12.9,-0.00042212
45:13.9,-0.000440898
45:14.9,-0.000444889
45:15.9,-0.000443813
45:16.9,-0.000442991
45:17.9,-0.000445131
45:18.9,-0.000433934
45:19.9,-0.000458369
45:20.9,-0.000459767
45:21.9,-0.000424851
45:22.9,-0.00040782
45:23.9,-0.000436724
45:24.9,-0.000457347
45:25.9,-0.000439915
45:26.9,-0.000432344
45:27.9,-0.000452033
45:28.9,-0.000445866
45:29.9,-0.000458494
45:30.9,-0.000441873
45:31.9,-0.000410377
45:32.9,-0.000419284
45:33.9,-0.000437635
45:34.9,-0.000420183
45:35.9,-0.00044012
45:36.9,-0.000444831
45:37.9,-0.00044041
45:38.9,-0.000455138
45:39.9,-0.000453264
45:40.9,-0.000435689
45:41.9,-0.000438446
45:42.9,-0.000436136
45:43.9,-0.000434193
45:44.9,-0.000442729
45:45.9,-0.000438259
45:46.9,-0.000420639
45:47.9,-0.000425852
45:48.9,-0.000439311
45:49.9,-0.000444636
45:50.9,-0.000439463
45:51.9,-0.000450274
45:52.9,-0.000459616
45:53.9,-0.000442738
45:54.9,-0.000438482
45:55.9,-0.000445682
45:56.9,-0.000465517
45:57.9,-0.000442175
45:58.9,-0.000439004
45:59.9,-0.000470782
46:00.9,-0.000450263
46:01.9,-0.000445055
46:02.9,-0.000454276
46:03.8,-0.000457581
46:04.8,-0.000449129
46:05.8,-0.000432111
46:06.8,-0.000437164
46:07.8,-0.000441966
46:08.8,-0.000440792
46:09.8,-0.000450137
46:10.8,-0.000456338
46:11.8,-0.000466172
46:12.8,-0.000460941
46:13.8,-0.00044797
46:14.8,-0.000454998
46:15.8,-0.000474849
46:16.8,-0.000440892
46:17.8,-0.000446751
46:18.8,-0.000453522
46:19.8,-0.000451068
46:20.8,-0.000441068
46:21.8,-0.000438436
46:22.8,-0.000447103
46:23.8,-0.000451018
46:24.8,-0.000451506
46:25.8,-0.000448594
46:26.8,-0.000444391
46:27.8,-0.00045843
46:28.8,-0.000445874
46:29.8,-0.000446955
46:30.8,-0.00045075
46:31.8,-0.000453313
46:32.8,-0.000441884
46:33.8,-0.000453588
46:34.8,-0.000455373
46:35.8,-0.000440853
46:36.8,-0.000452632
46:37.8,-0.000444599
46:38.8,-0.000439792
46:39.8,-0.000448832
46:40.8,-0.000453089
46:41.8,-0.000453863
46:42.8,-0.000453749
46:43.8,-0.000452003
46:44.8,-0.000473582
46:45.8,-0.000458463
46:46.8,-0.000448019
46:47.8,-0.000460142
46:48.8,-0.000444351
46:49.8,-0.00044766
46:50.8,-0.000431976
46:51.8,-0.000446499
46:52.8,-0.000439813
46:53.8,-0.000439737
46:54.8,0
46:55.8,0.001400083
46:56.8,0.001260916
46:57.8,0.00128839
46:58.8,0.001291044
46:59.8,0.001278039
47:00.8,0.001289725
47:01.8,0.00128761
47:02.8,0.001268546
47:03.8,0.001276891
47:04.7,0.001290715
47:05.7,0.001302152
47:06.7,0.001288456
47:07.7,0.001270044
47:08.7,0.00126058
47:09.7,0.001270847
47:10.7,0.001288407
47:11.7,0.001296241
47:12.7,0.001274556
47:13.7,0.001279032
47:14.7,0.001282652
47:15.7,0.001273307
47:16.7,0.001282083
47:17.7,0.001286826
47:18.7,0.001286287
47:19.7,0.001297071
47:20.7,0.001281343
47:21.7,0.001281478
47:22.7,0.00126742
47:23.7,0.001277567
47:24.7,0.001289143
47:25.7,0.00128284
47:26.7,0.001277456
47:27.7,0.001291553
47:28.7,0.001279921
47:29.7,0.001279668
47:30.7,0.001283097
47:31.7,0.00126944
47:32.7,0.001287568
47:33.7,0.001282457
47:34.7,0.0012831
47:35.7,0.001275396
47:36.7,0.00127491
47:37.7,0.001280421
47:38.7,0.00128177
47:39.7,0.001281058
47:40.7,0.001280486
47:41.7,0.001284766
47:42.7,0.001285756
47:43.7,0.001288294
47:44.7,0.001286524
47:45.7,0.00129669
47:46.7,0.001275569
47:47.7,0.001266921
47:48.7,0.00127255
47:49.7,0.001277475
47:50.7,0.00127941
47:51.7,0.001284735
47:52.7,0.001288085
47:53.7,0.001294017
47:54.7,0.001279483
47:55.7,0.001274344
47:56.7,0.001284193
47:57.7,0.001286894
47:58.7,0.001288874
47:59.7,0.001287248
48:00.7,0.001289916
48:01.7,0.001288198
48:02.7,0.001284845
48:03.7,0.001281896
48:04.7,0.001281561
48:05.6,0.001280385
48:06.6,0.001278187
48:07.6,0.001267415
48:08.6,0.001273011
48:09.6,0.001281021
48:10.6,0.001298958
48:11.6,0.001290209
48:12.6,0.001294273
48:13.6,0.00129466
48:14.6,0.001285119
48:15.6,0.001271792
48:16.6,0.00127843
48:17.6,0.001268751
48:18.6,0.001280348
48:19.6,0.001292198
48:20.6,0.001294874
48:21.6,0.001294058
48:22.6,0.001294942
48:23.6,0.0012873
48:24.6,0.00128566
48:25.6,0.001290487
48:26.6,0.001282339
48:27.6,0.001293331
48:28.6,0.001287174
48:29.6,0.001282722
48:30.6,0.001289175
48:31.6,0.001286003
48:32.6,0.001283723
48:33.6,0.001264347
48:34.6,0.001283896
48:35.6,0.001293817
48:36.6,0.001294353
48:37.6,0.001306206
48:38.6,0.001292754
48:39.6,0.001277946
48:40.6,0.001274613
48:41.6,0.001273076
48:42.6,0.001276562
48:43.6,0.001275111
48:44.6,0.001280745
48:45.6,0.001276459
48:46.6,0.00127127
48:47.6,0.001282739
48:48.6,0.001293345
48:49.6,0.001285528
48:50.6,0.001285867
48:51.6,0.001286684
48:52.6,0.001289627
48:53.6,0.001284047
48:54.6,0.00130395
48:55.6,0.001299072
48:56.6,0.001305947
48:57.6,0.001304808
48:58.6,0.001292687
48:59.6,0.001290509
49:00.6,0.001286855
49:01.6,0.001275598
49:02.6,0.001272646
49:03.6,0.001287221
49:04.6,0.001293208
49:05.6,0.00128993
49:06.5,0.001281245
49:07.5,0.001281461
49:08.5,0.001304853
49:09.5,0.001302767
49:10.5,0.001292487
49:11.5,0.001289624
49:12.5,0.00129566
49:13.5,0.001284292
49:14.5,0.001297009
49:15.5,0.001285029
49:16.5,0.001288576
49:17.5,0.001299633
49:18.5,0.00128302
49:19.5,0.001289155
49:20.5,0.001289457
49:21.5,0.001294817
49:22.5,0.001304381
49:23.5,0.001287217
49:24.5,0.001298908
49:25.5,0.00131181
49:26.5,0.001309129
49:27.5,0.001304782
49:28.5,0.001298843
49:29.5,0.001284147
49:30.5,0.001279777
49:31.5,0.001282964
49:32.5,0.00127597
49:33.5,0.001271779
49:34.5,0.001289473
49:35.5,0.001291029
49:36.5,0.001303247
49:37.5,0.001294537
49:38.5,0.001279248
49:39.5,0.001280579
49:40.5,0.001285055
49:41.5,0.001294688
49:42.5,0.0012989
49:43.5,0.001299924
49:44.5,0.001291774
49:45.5,0.001292658
49:46.5,0.001287239
49:47.5,0.00128446
49:48.5,0.001283366
49:49.5,0.001291834
49:50.5,0.001300626
49:51.5,0.001283993
49:52.5,0.001294582
49:53.5,0.001305561
49:54.5,0.001291104
49:55.5,0.001283291
49:56.5,0.001296784
49:57.5,0.001293293
49:58.5,0.001285252
49:59.5,0.001291574
50:00.5,0.001302237
50:01.5,0.001298829
50:02.5,0.001295913
50:03.5,0.001284954
50:04.5,0.001294318
50:05.5,0.001301815
50:06.5,0.001303504
50:07.4,0.001286402
50:08.4,0.001285543
50:09.4,0.001284795
50:10.4,0.00129258
50:11.4,0.001295695
50:12.4,0.001291358
50:13.4,0.001292292
50:14.4,0.001283784
50:15.4,0.001285698
50:16.4,0.00128974
50:17.4,0.001279847
50:18.4,0.001291736
50:19.4,0.001304569
50:20.4,0.0013114
50:21.4,0.001295816
50:22.4,0.001288902
50:23.4,0.001289149
50:24.4,0.001295037
50:25.4,0.001297563
50:26.4,0.001317523
50:27.4,0.001313672
50:28.4,0.001308481
50:29.4,0.001285398
50:30.4,0.001284182
50:31.4,0.001269804
50:32.4,0.00127553
50:33.4,0.001277555
50:34.4,0.001297055
50:35.4,0.001291527
50:36.4,0.001283075
50:37.4,0.001293406
50:38.4,0.001298436
50:39.4,0.001294021
50:40.4,0.001307688
50:41.4,0.001286244
50:42.4,0.001287481
50:43.4,0.00128649
50:44.4,0.001289013
50:45.4,0.001306091
50:46.4,0.001302539
50:47.4,0.001301657
50:48.4,0.001300977
50:49.4,0.001288721
50:50.4,0.0012959
50:51.4,0.001288601
50:52.4,0.001271422
50:53.4,0.001277872
50:54.4,0.001291724
50:55.4,0.001283364
50:56.4,0.001284309
50:57.4,0.001279291
50:58.4,0.001289752
50:59.4,0.001290695
51:00.4,0.0012987
51:01.4,0.001300872
51:02.4,0.001297098
51:03.4,0.001296474
51:04.4,0.001292627
51:05.4,0.001281215
51:06.4,0.001288625
51:07.4,0.001307596
51:08.3,0.001309989
51:09.3,0.001302507
51:10.3,0.001281064
51:11.3,0.001272489
51:12.3,0.001288253
51:13.3,0.001293884
51:14.3,0.001287891
51:15.3,0.001294562
51:16.3,0.001287582
51:17.3,0.001295483
51:18.3,0.001286452
51:19.3,0.001294653
51:20.3,0.001298674
51:21.3,0.001285584
51:22.3,0.001292396
51:23.3,0.001292558
51:24.3,0.001289778
51:25.3,0.001299808
51:26.3,0.001296951
51:27.3,0.001291797
51:28.3,0.001313616
51:29.3,0.001306216
51:30.3,0.001289186
51:31.3,0.00127811
51:32.3,0.001276097
51:33.3,0.001272706
51:34.3,0.001288202
51:35.3,0.001298178
51:36.3,0.001283988
51:37.3,0.001279951
51:38.3,0.00129797
51:39.3,0.001295598
51:40.3,0.001287394
51:41.3,0.00129686
51:42.3,0.0012948
51:43.3,0.001291128
51:44.3,0.001288682
51:45.3,0.001278096
51:46.3,0.001300804
51:47.3,0.001304466
51:48.3,0.001299054
51:49.3,0.001289432
51:50.3,0.001285045
51:51.3,0.001288997
51:52.3,0.001289489
51:53.3,0.001289707
51:54.3,0.001294546
51:55.3,0.001283036
51:56.3,0.001283034
51:57.3,0.001282156
51:58.3,0.001299636
51:59.3,0.001298601
52:00.3,0.001308982
52:01.3,0.001298536
52:02.3,0.001286452
52:03.3,0.001282308
52:04.3,0.001284884
52:05.3,0.001291972
52:06.3,0.001303069
52:07.3,0.001311122
52:08.3,0.001306469
52:09.3,0.001297873
52:10.2,0.001283966
52:11.2,0.00127394
52:12.2,0.00127142
52:13.2,0.001287332
52:14.2,0.001291805
52:15.2,0.001294786
52:16.2,0.001285587
52:17.2,0.001278358
52:18.2,0.001291938
52:19.2,0.001291164
52:20.2,0.001287586
52:21.2,0.001296707
52:22.2,0.001303341
52:23.2,0.001293813
52:24.2,0.001291715
52:25.2,0.001296175
52:26.2,0.00128847
52:27.2,0.001306285
52:28.2,0.001290311
52:29.2,0.00127391
52:30.2,0.001276156
52:31.2,0.001286736
52:32.2,0.001308294
52:33.2,0.001296539
52:34.2,0.001291854
52:35.2,0.001291883
52:36.2,0.001281498
52:37.2,0.001271213
52:38.2,0.001285229
52:39.2,0.001290865
52:40.2,0.001306107
52:41.2,0.001299098
52:42.2,0.001296055
52:43.2,0.001297253
52:44.2,0.001293408
52:45.2,0.001286979
52:46.2,0.001288096
52:47.2,0.001293461
52:48.2,0.001300676
52:49.2,0.001293878
52:50.2,0.001290213
52:51.2,0.001288416
52:52.2,0.001285687
52:53.2,0.001296537
52:54.2,0.001289112
52:55.2,0.00127409
52:56.2,0.00128777
52:57.2,0.001289236
52:58.2,0.001286852
52:59.2,0.001286316
53:00.2,0.001292991
53:01.2,0.00130418
53:02.2,0.001300264
53:03.2,0.0013066
53:04.2,0.001288073
53:05.2,0.001278956
53:06.2,0.001288832
53:07.2,0.001288318
53:08.2,0.001281849
53:09.2,0.001290944
53:10.2,0.001298459
53:11.1,0.001299608
53:12.1,0.001304129
53:13.1,0.001298662
53:14.1,0.00129416
53:15.1,0.001292012
53:16.1,0.001284381
53:17.1,0.001290694
53:18.1,0.001287137
53:19.1,0.001297001
53:20.1,0.001291043
53:21.1,0.001283538
53:22.1,0.001288872
53:23.1,0.001300187
53:24.1,0.001303134
53:25.1,0.001295421
53:26.1,0.001297034
53:27.1,0.001287446
53:28.1,0.001283262
53:29.1,0.0012892
53:30.1,0.00129383
53:31.1,0.001291309
53:32.1,0.001286422
53:33.1,0.001293243
53:34.1,0.001293842
53:35.1,0.001283242
53:36.1,0.001286319
53:37.1,0.001307244
53:38.1,0.001309329
53:39.1,0.00129701
53:40.1,0.001300904
53:41.1,0.001290714
53:42.1,0.001278263
53:43.1,0.001275839
53:44.1,0.001289536
53:45.1,0.001290807
53:46.1,0.001280759
53:47.1,0.001287779
53:48.1,0.001295693
53:49.1,0.001296008
53:50.1,0.001286541
53:51.1,0.001293245
53:52.1,0.001301848
53:53.1,0.001293885
53:54.1,0.001287512
53:55.1,0.001280782
53:56.1,0.001286694
53:57.1,0.001289083
53:58.1,0.00128423
53:59.1,0.001291477
54:00.1,0.00129189
54:01.1,0.00129635
54:02.1,0.001302142
54:03.1,0.001306905
54:04.1,0.001292541
54:05.1,0.001292223
54:06.1,0.001292499
54:07.1,0.001287389
54:08.1,0.001284641
54:09.1,0.001280795
54:10.1,0.001298123
54:11.1,0.001305648
54:12.0,0.001288041
54:13.0,0.001291912
54:14.0,0.001294639
54:15.0,0.001301817
54:16.0,0.001297391
54:17.0,0.001292847
54:18.0,0.001295791
54:19.0,0.00129169
54:20.0,0.001286142
54:21.0,0.001291676
54:22.0,0.001293535
54:23.0,0.00127837
54:24.0,0.001282664
54:25.0,0.001280216
54:26.0,0.001282558
54:27.0,0.001287111
54:28.0,0.001296659
54:29.0,0.001304517
54:30.0,0.001299721
54:31.0,0.001294116
54:32.0,0.00129434
54:33.0,0.001291878
54:34.0,0.001288617
54:35.0,0.001286944
54:36.0,0.001290589
54:37.0,0.001298015
54:38.0,0.001295485
54:39.0,0.001284828
54:40.0,0.001294666
54:41.0,0.001296764
54:42.0,0.001293584
54:43.0,0.001287766
54:44.0,0.00128838
54:45.0,0.00129009
54:46.0,0.001291634
54:47.0,0.00128737
54:48.0,0.001287051
54:49.0,0.001296955
54:50.0,0.001296217
54:51.0,0.001294096
54:52.0,0.001293445
54:53.0,0.001289485
54:54.0,0.001290966
54:55.0,0.001277121
54:56.0,0.001278445
54:57.0,0.001293558
54:58.0,0.001291272
54:59.0,0.001297071
55:00.0,0.001300076
55:01.0,0.001303074
55:02.0,0.001294158
55:03.0,0.001282934
55:04.0,0.001290193
55:05.0,0.001289998
55:06.0,0.001281623
55:07.0,0.001283999
55:08.0,0.001293283
55:09.0,0.001294078
55:10.0,0.001291295
55:11.0,0.001291914
55:12.0,0.001295106
55:12.9,0.001292798
55:13.9,0.0012957
55:14.9,0.001296325
55:15.9,0.001303462
55:16.9,0.001284686
55:17.9,0.001287277
55:18.9,0.001295133
55:19.9,0.001287412
55:20.9,0.001289895
55:21.9,0.001288205
55:22.9,0.001282379
55:23.9,0.001289287
55:24.9,0.001283497
55:25.9,0.001276984
55:26.9,0.001285801
55:27.9,0.00129049
55:28.9,0.001300018
55:29.9,0.001302176
55:30.9,0.001293853
55:31.9,0.001295307
55:32.9,0.001293231
55:33.9,0.001288278
55:34.9,0.001293514
55:35.9,0.001291024
55:36.9,0.001292327
55:37.9,0.001299136
55:38.9,0.00129064
55:39.9,0.00128794
55:40.9,0.001291638
55:41.9,0.001287215
55:42.9,0.001282408
55:43.9,0.001292572
55:44.9,0.001293598
55:45.9,0.001298709
55:46.9,0.001289544
55:47.9,0.001294256
55:48.9,0.001304245
55:49.9,0.001294308
55:50.9,0.001282916
55:51.9,0.001286845
55:52.9,0.001275973
55:53.9,0.00128426
55:54.9,0.001295896
55:55.9,0.001293596
55:56.9,0.00129513
55:57.9,0.00129533
55:58.9,0.001299405
55:59.9,0.001295
56:00.9,0.0012893
56:01.9,0.001285019
56:02.9,0.001294949
56:03.9,0.001294533
56:04.9,0.001298562
56:05.9,0.001297852
56:06.9,0.001295647
56:07.9,0.001295795
56:08.9,0.00128603
56:09.9,0.001287775
56:10.9,0.001295327
56:11.9,0.001292407
56:12.9,0.001293084
56:13.8,0.00129537
56:14.8,0.00129677
56:15.8,0.001307564
56:16.8,0.001294187
56:17.8,0.001295192
56:18.8,0.001299166
56:19.8,0.001298181
56:20.8,0.001293191
56:21.8,0.001279699
56:22.8,0.001280366
56:23.8,0.001291344
56:24.8,0.00129718
56:25.8,0.001287637
56:26.8,0.001284382
56:27.8,0.001298263
56:28.8,0.001299029
56:29.8,0.001290638
56:30.8,0.001292904
56:31.8,0.0012931
56:32.8,0.001295899
56:33.8,0.001295103
56:34.8,0.00129
56:35.8,0.001291945
56:36.8,0.001295605
56:37.8,0.001290288
56:38.8,0.001294548
56:39.8,0.001293986
56:40.8,0.001293781
56:41.8,0.001294075
56:42.8,0.001295427
56:43.8,0.001298796
56:44.8,0.00130031
56:45.8,0.00129488
56:46.8,0.001292206
56:47.8,0.001300099
56:48.8,0.001296914
56:49.8,0.001287758
56:50.8,0.001283184
56:51.8,0.001292426
56:52.8,0.001294014
56:53.8,0.001291028
56:54.8,0
56:55.8,0.000311961
56:56.8,0.000271543
56:57.8,0.000280777
56:58.8,0.000270945
56:59.8,0.000281479
57:00.8,0.000281163
57:01.8,0.000272758
57:02.8,0.000277408
57:03.8,0.00028327
57:04.8,0.000285399
57:05.8,0.000288569
57:06.8,0.000292382
57:07.8,0.000287204
57:08.8,0.000283549
57:09.8,0.000278248
57:10.8,0.00027482
57:11.8,0.000259355
57:12.8,0.000270341
57:13.8,0.000274775
57:14.7,0.000277619
57:15.7,0.00027097
57:16.7,0.000261472
57:17.7,0.000271248
57:18.7,0.000275965
57:19.7,0.000286982
57:20.7,0.000290224
57:21.7,0.000296818
57:22.7,0.000283146
57:23.7,0.000277875
57:24.7,0.000275529
57:25.7,0.000272878
57:26.7,0.00027492
57:27.7,0.000271489
57:28.7,0.000278593
57:29.7,0.000277546
57:30.7,0.000282716
57:31.7,0.000283854
57:32.7,0.000285058
57:33.7,0.000289441
57:34.7,0.000275966
57:35.7,0.000270208
57:36.7,0.00026966
57:37.7,0.000277144
57:38.7,0.000282711
57:39.7,0.000287754
57:40.7,0.000283921
57:41.7,0.000280295
57:42.7,0.000283934
57:43.7,0.000279104
57:44.7,0.000280345
57:45.7,0.000286273
57:46.7,0.0002871
57:47.7,0.000286314
57:48.7,0.000286889
57:49.7,0.000289766
57:50.7,0.000276766
57:51.7,0.000266095
57:52.7,0.000263653
57:53.7,0.000268701
57:54.7,0.000276567
57:55.7,0.000273614
57:56.7,0.00027955
57:57.7,0.000279237
57:58.7,0.000273037
57:59.7,0.000280004
58:00.7,0.000283699
58:01.7,0.000288831
58:02.7,0.000285137
58:03.7,0.000277465
58:04.7,0.000275259
58:05.7,0.00027988
58:06.7,0.000283625
58:07.7,0.000282147
58:08.7,0.000277196
58:09.7,0.00027628
58:10.7,0.000277448
58:11.7,0.000281574
58:12.7,0.000282912
58:13.7,0.000276087
58:14.7,0.000277359
58:15.6,0.00026857
58:16.6,0.000284512
58:17.6,0.000289149
58:18.6,0.000290992
58:19.6,0.000284767
58:20.6,0.000281163
58:21.6,0.000282185
58:22.6,0.000268546
58:23.6,0.000270067
58:24.6,0.000279422
58:25.6,0.000287103
58:26.6,0.000283207
58:27.6,0.000272943
58:28.6,0.000275327
58:29.6,0.000283616
58:30.6,0.000281175
58:31.6,0.000273337
58:32.6,0.000277956
58:33.6,0.000279627
58:34.6,0.00028122
58:35.6,0.000273641
58:36.6,0.000258809
58:37.6,0.000264834
58:38.6,0.000269892
58:39.6,0.000281301
58:40.6,0.000290397
58:41.6,0.000292331
58:42.6,0.00029374
58:43.6,0.000287504
58:44.6,0.000277392
58:45.6,0.000274049
58:46.6,0.000273002
58:47.6,0.000282952
58:48.6,0.000280314
58:49.6,0.000288187
58:50.6,0.000287039
58:51.6,0.000284359
58:52.6,0.000275172
58:53.6,0.000274774
58:54.6,0.000277158
58:55.6,0.000279625
58:56.6,0.000275247
58:57.6,0.000270801
58:58.6,0.000278377
58:59.6,0.000287841
59:00.6,0.000285334
59:01.6,0.000272275
59:02.6,0.000280491
59:03.6,0.000284701
59:04.6,0.000278279
59:05.6,0.000276368
59:06.6,0.000275007
59:07.6,0.000280964
59:08.6,0.00028023
59:09.6,0.000283452
59:10.6,0.000276727
59:11.6,0.000278095
59:12.6,0.000281516
59:13.6,0.000280638
59:14.6,0.000278548
59:15.6,0.000274207
59:16.5,0.000270452
59:17.5,0.000266286
59:18.5,0.000274374
59:19.5,0.000281367
59:20.5,0.000289072
59:21.5,0.000290388
59:22.5,0.000284568
59:23.5,0.000284763
59:24.5,0.000277631
59:25.5,0.000277394
59:26.5,0.000280131
59:27.5,0.000277557
59:28.5,0.000278685
59:29.5,0.00027939
59:30.5,0.00028075
59:31.5,0.000273631
59:32.5,0.000285408
59:33.5,0.000280852
59:34.5,0.000278876
59:35.5,0.00027342
59:36.5,0.000279511
59:37.5,0.00028143
59:38.5,0.000280323
59:39.5,0.000282448
59:40.5,0.000282327
59:41.5,0.000277325
59:42.5,0.000280953
59:43.5,0.000277508
59:44.5,0.000277407
59:45.5,0.000284126
59:46.5,0.000285789
59:47.5,0.000286064
59:48.5,0.000284581
59:49.5,0.00028241
59:50.5,0.000266327
59:51.5,0.000268069
59:52.5,0.000275406
59:53.5,0.000279037
59:54.5,0.00028023
59:55.5,0.000272985
59:56.5,0.000276414
59:57.5,0.000278265
59:58.5,0.000273666
59:59.5,0.000272827
00:00.5,0.000282367
00:01.5,0.00028955
00:02.5,0.000290276
00:03.5,0.000281768
00:04.5,0.000279263
00:05.5,0.000276162
00:06.5,0.000283355
00:07.5,0.000280543
00:08.5,0.000277195
00:09.5,0.000274706
00:10.5,0.00028314
00:11.5,0.000283798
00:12.5,0.000277863
00:13.5,0.000281219
00:14.5,0.000280373
00:15.5,0.000287115
00:16.5,0.000285881
00:17.4,0.000281191
00:18.4,0.000276796
00:19.4,0.000275069
00:20.4,0.000280489
00:21.4,0.000278454
00:22.4,0.000276911
00:23.4,0.000277226
00:24.4,0.000277478
00:25.4,0.000287
00:26.4,0.000282198
00:27.4,0.000278742
00:28.4,0.00028419
00:29.4,0.000278772
00:30.4,0.000275625
00:31.4,0.000280285
00:32.4,0.00027647
00:33.4,0.000277093
00:34.4,0.00027897
00:35.4,0.00027324
00:36.4,0.000281336
00:37.4,0.000284451
00:38.4,0.000285162
00:39.4,0.000277662
00:40.4,0.000285234
00:41.4,0.000284485
00:42.4,0.000274029
00:43.4,0.000271439
00:44.4,0.000278963
00:45.4,0.000271419
00:46.4,0.000263368
00:47.4,0.000279535
00:48.4,0.00027945
00:49.4,0.000278335
00:50.4,0.000284383
00:51.4,0.00028074
00:52.4,0.000292919
00:53.4,0.000286803
00:54.4,0.000281258
00:55.4,0.000273696
00:56.4,0.000277813
00:57.4,0.000274461
00:58.4,0.000271512
00:59.4,0.00028546
01:00.4,0.000291101
01:01.4,0.000282477
01:02.4,0.000285241
01:03.4,0.000275038
01:04.4,0.000279741
01:05.4,0.000280542
01:06.4,0.000290786
01:07.4,0.000291323
01:08.4,0.000283135
01:09.4,0.000270318
01:10.4,0.000270053
01:11.4,0.000268529
01:12.4,0.000276506
01:13.4,0.000281734
01:14.4,0.0002811
01:15.4,0.000288791
01:16.4,0.000288343
01:17.4,0.000283189
01:18.4,0.00027438
01:19.3,0.000272157
01:20.3,0.000268741
01:21.3,0.000278609
01:22.3,0.000279578
01:23.3,0.000280794
01:24.3,0.000278444
01:25.3,0.000280957
01:26.3,0.000276178
01:27.3,0.000279147
01:28.3,0.000280055
01:29.3,0.000276197
01:30.3,0.00028655
01:31.3,0.000281067
01:32.3,0.000277558
01:33.3,0.000280018
01:34.3,0.000278456
01:35.3,0.000279443
01:36.3,0.000271665
01:37.3,0.000272648
01:38.3,0.000274203
01:39.3,0.000281396
01:40.3,0.000296061
01:41.3,0.000285499
01:42.3,0.000275436
01:43.3,0.000280109
01:44.3,0.000280996
01:45.3,0.00027951
01:46.3,0.000271579
01:47.3,0.000277193
01:48.3,0.000283295
01:49.3,0.000285849
01:50.3,0.000278324
01:51.3,0.00027456
01:52.3,0.00027934
01:53.3,0.000281187
01:54.3,0.000280542
01:55.3,0.000274413
01:56.3,0.000273808
01:57.3,0.000277817
01:58.3,0.000273211
01:59.3,0.000276851
02:00.3,0.000284047
02:01.3,0.000287201
02:02.3,0.00028082
02:03.3,0.000278117
02:04.3,0.000277448
02:05.3,0.000276653
02:06.3,0.000279783
02:07.3,0.000282695
02:08.3,0.000277236
02:09.3,0.000276549
02:10.3,0.000267695
02:11.3,0.000275622
02:12.3,0.000283126
02:13.3,0.000283359
02:14.3,0.000280854
02:15.3,0.000276708
02:16.3,0.000268768
02:17.3,0.000270097
02:18.3,0.000274613
02:19.3,0.000275828
02:20.2,0.000290982
02:21.2,0.000291111
02:22.2,0.000281871
02:23.2,0.000277072
02:24.2,0.000276106
02:25.2,0.000279431
02:26.2,0.000281365
02:27.2,0.000281338
02:28.2,0.000284842
02:29.2,0.000280492
02:30.2,0.000268748
02:31.2,0.000267919
02:32.2,0.000273657
02:33.2,0.000284768
02:34.2,0.000282346
02:35.2,0.000280092
02:36.2,0.000271373
02:37.2,0.000274379
02:38.2,0.000279704
02:39.2,0.000284345
02:40.2,0.000291073
02:41.2,0.000280552
02:42.2,0.000277774
02:43.2,0.000267608
02:44.2,0.000274819
02:45.2,0.000276466
02:46.2,0.000269534
02:47.2,0.000269963
02:48.2,0.000271631
02:49.2,0.000278802
02:50.2,0.000285174
02:51.2,0.000287332
02:52.2,0.000288204
02:53.2,0.000279871
02:54.2,0.000278303
02:55.2,0.000278456
02:56.2,0.000278816
02:57.2,0.000277836
02:58.2,0.000279906
02:59.2,0.000276053
03:00.2,0.000280129
03:01.2,0.000280303
03:02.2,0.000279547
03:03.2,0.000277512
03:04.2,0.000276689
03:05.2,0.000280999
03:06.2,0.000274139
03:07.2,0.000278489
03:08.2,0.000282424
03:09.2,0.000267939
03:10.2,0.000276443
03:11.2,0.000281835
03:12.2,0.000284941
03:13.2,0.00028097
03:14.2,0.000276798
03:15.2,0.000274064
03:16.2,0.000279216
03:17.2,0.000287334
03:18.2,0.000285246
03:19.2,0.000270901
03:20.2,0.000267352
03:21.1,0.000277247
03:22.1,0.000281968
03:23.1,0.000283305
03:24.1,0.000284588
03:25.1,0.000290799
03:26.1,0.00028387
03:27.1,0.000270131
03:28.1,0.000276841
03:29.1,0.000266839
03:30.1,0.000266551
03:31.1,0.000273154
03:32.1,0.00028548
03:33.1,0.000287103
03:34.1,0.000283873
03:35.1,0.000282468
03:36.1,0.000272533
03:37.1,0.000267139
03:38.1,0.000268452
03:39.1,0.000275853
03:40.1,0.00028747
03:41.1,0.000290468
03:42.1,0.000279618
03:43.1,0.000279448
03:44.1,0.000282088
03:45.1,0.000280268
03:46.1,0.00026769
03:47.1,0.000276885
03:48.1,0.000281086
03:49.1,0.000265899
03:50.1,0.000266708
03:51.1,0.000290213
03:52.1,0.000290379
03:53.1,0.000284874
03:54.1,0.000279387
03:55.1,0.000281165
03:56.1,0.000279633
03:57.1,0.000272201
03:58.1,0.000273627
03:59.1,0.000271445
04:00.1,0.000277509
04:01.1,0.000287745
04:02.1,0.000290341
04:03.1,0.000278444
04:04.1,0.000279689
04:05.1,0.000288285
04:06.1,0.000292627
04:07.1,0.000280099
04:08.1,0.000266969
04:09.1,0.000270822
04:10.1,0.000274454
04:11.1,0.000279144
04:12.1,0.000281217
04:13.1,0.000276033
04:14.1,0.000274774
04:15.1,0.00027045
04:16.1,0.000281142
04:17.1,0.000280234
04:18.1,0.0002796
04:19.1,0.000283859
04:20.1,0.000286123
04:21.1,0.000288169
04:22.0,0.000279934
04:23.0,0.000269038
04:24.0,0.000275735
04:25.0,0.000270038
04:26.0,0.000270467
04:27.0,0.000283181
04:28.0,0.000285806
04:29.0,0.000282736
04:30.0,0.000288996
04:31.0,0.000285493
04:32.0,0.000276454
04:33.0,0.000268482
04:34.0,0.000280348
04:35.0,0.000277633
04:36.0,0.000274152
04:37.0,0.000281894
04:38.0,0.000275939
04:39.0,0.000273987
04:40.0,0.000285978
04:41.0,0.000281384
04:42.0,0.000281615
04:43.0,0.000278191
04:44.0,0.000275584
04:45.0,0.000270919
04:46.0,0.000261669
04:47.0,0.000269086
04:48.0,0.000280958
04:49.0,0.00028934
04:50.0,0.000288842
04:51.0,0.000286201
04:52.0,0.000284597
04:53.0,0.000283652
04:54.0,0.000278098
04:55.0,0.000269029
04:56.0,0.000267969
04:57.0,0.000276044
04:58.0,0.000290688
04:59.0,0.000288668
05:00.0,0.000281655
05:01.0,0.000277325
05:02.0,0.000284862
05:03.0,0.000293506
05:04.0,0.000282202
05:05.0,0.000288171
05:06.0,0.000285245
05:07.0,0.000280319
05:08.0,0.000282502
05:09.0,0.000284628
05:10.0,0.000270345
05:11.0,0.000278774
05:12.0,0.000279063
05:13.0,0.000275342
05:14.0,0.000282804
05:15.0,0.000285427
05:16.0,0.000293752
05:17.0,0.000280625
05:18.0,0.00028008
05:19.0,0.000280354
05:20.0,0.00027125
05:21.0,0.000277163
05:22.0,0.000278031
05:22.9,0.000280248
05:23.9,0.000278407
05:24.9,0.000270624
05:25.9,0.000270559
05:26.9,0.000269965
05:27.9,0.000286685
05:28.9,0.000292573
05:29.9,0.000285165
05:30.9,0.000275522
05:31.9,0.000282394
05:32.9,0.000290983
05:33.9,0.000283137
05:34.9,0.000284553
05:35.9,0.000275459
05:36.9,0.000270499
05:37.9,0.000273525
05:38.9,0.000270782
05:39.9,0.000276183
05:40.9,0.000292881
05:41.9,0.000296419
05:42.9,0.000286911
05:43.9,0.000276208
05:44.9,0.000283205
05:45.9,0.000287261
05:46.9,0.000284436
05:47.9,0.000277976
05:48.9,0.000282674
05:49.9,0.000284722
05:50.9,0.000278951
05:51.9,0.000272061
05:52.9,0.000278484
05:53.9,0.000282779
05:54.9,0.00029228
05:55.9,0.000288729
05:56.9,0.000280126
05:57.9,0.000277586
05:58.9,0.000277396
05:59.9,0.000280947
06:00.9,0.000278397
06:01.9,0.000276118
06:02.9,0.000272016
06:03.9,0.000280849
06:04.9,0.000278802
06:05.9,0.000275558
06:06.9,0.000281304
06:07.9,0.000281625
06:08.9,0.000282928
06:09.9,0.00028221
06:10.9,0.000269023
06:11.9,0.000286757
06:12.9,0.000282416
06:13.9,0.000281687
06:14.9,0.000282541
06:15.9,0.000293082
06:16.9,0.000294235
06:17.9,0.000279126
06:18.9,0.000266201
06:19.9,0.000275533
06:20.9,0.000281387
06:21.9,0.000276627
06:22.9,0.00027697
06:23.8,0.000276099
06:24.8,0.000274043
06:25.8,0.000276088
06:26.8,0.000284345
06:27.8,0.000280822
06:28.8,0.000286669
06:29.8,0.000285591
06:30.8,0.000278305
06:31.8,0.000280067
06:32.8,0.000279834
06:33.8,0.000280805
06:34.8,0.000282595
06:35.8,0.000287159
06:36.8,0.000283722
06:37.8,0.000284439
06:38.8,0.000277506
06:39.8,0.000274471
06:40.8,0.000265232
06:41.8,0.000279197
06:42.8,0.000288795
06:43.8,0.000281848
06:44.8,0.000278612
06:45.8,0.000283813
06:46.8,0.000294661
06:47.8,0.000300816
06:48.8,0.000292448
06:49.8,0.000281593
06:50.8,0.000262418
06:51.8,0.000267043
06:52.8,0.000264524
06:53.8,0.000278165
06:54.8,0
06:55.8,0.000174674
06:56.8,0.000162689
06:57.8,0.000156855
06:58.8,0.000154513
06:59.8,0.00014775
07:00.8,0.0001552
07:01.8,0.00015732
07:02.8,0.000155613
07:03.8,0.000154394
07:04.8,0.000156367
07:05.8,0.000149887
07:06.8,0.00014742
07:07.8,0.000161092
07:08.8,0.000155701
07:09.8,0.00015314
07:10.8,0.000155731
07:11.8,0.00016657
07:12.8,0.000161479
07:13.8,0.000158386
07:14.8,0.000157554
07:15.8,0.000158417
07:16.8,0.000149728
07:17.8,0.000145517
07:18.8,0.000152106
07:19.8,0.000151879
07:20.8,0.000155985
07:21.8,0.000162498
07:22.8,0.000164096
07:23.8,0.000166896
07:24.7,0.000156116
07:25.7,0.0001495
07:26.7,0.00015513
07:27.7,0.0001464
07:28.7,0.000155375
07:29.7,0.000157863
07:30.7,0.000165531
07:31.7,0.000163133
07:32.7,0.000157581
07:33.7,0.00016046
07:34.7,0.000157376
07:35.7,0.000152595
07:36.7,0.000150314
07:37.7,0.000159834
07:38.7,0.000159328
07:39.7,0.000160564
07:40.7,0.000165633
07:41.7,0.000160594
07:42.7,0.000150311
07:43.7,0.000149441
07:44.7,0.000156702
07:45.7,0.000156487
07:46.7,0.00014973
07:47.7,0.000142058
07:48.7,0.000155
07:49.7,0.000176051
07:50.7,0.000165901
07:51.7,0.000160067
07:52.7,0.000153396
07:53.7,0.000151429
07:54.7,0.000154119
07:55.7,0.00016049
07:56.7,0.000157906
07:57.7,0.0001576
07:58.7,0.000151562
07:59.7,0.000152673
08:00.7,0.000156047
08:01.7,0.000151768
08:02.7,0.000156672
08:03.7,0.000160314
08:04.7,0.000156084
08:05.7,0.000163096
08:06.7,0.000153569
08:07.7,0.000153348
08:08.7,0.000150794
08:09.7,0.000154667
08:10.7,0.000154702
08:11.7,0.000156865
08:12.7,0.000158814
08:13.7,0.000161501
08:14.7,0.000155512
08:15.7,0.000167087
08:16.7,0.00017012
08:17.7,0.000165273
08:18.7,0.000159669
08:19.7,0.000138811
08:20.7,0.000144404
08:21.7,0.000151616
08:22.7,0.000155657
08:23.7,0.000151343
08:24.7,0.000154797
08:25.6,0.000160254
08:26.6,0.000172584
08:27.6,0.000172812
08:28.6,0.000165698
08:29.6,0.000149364
08:30.6,0.000146176
08:31.6,0.000146095
08:32.6,0.000150352
08:33.6,0.000148274
08:34.6,0.000152378
08:35.6,0.000164302
08:36.6,0.000157953
08:37.6,0.000156179
08:38.6,0.000153279
08:39.6,0.00016099
08:40.6,0.000161965
08:41.6,0.000152507
08:42.6,0.000150936
08:43.6,0.000147674
08:44.6,0.000155672
08:45.6,0.00016479
08:46.6,0.000160866
08:47.6,0.000149319
08:48.6,0.000148473
08:49.6,0.000153669
08:50.6,0.000151574
08:51.6,0.000151145
08:52.6,0.000165729
08:53.6,0.000159165
08:54.6,0.00015733
08:55.6,0.000150999
08:56.6,0.000151992
08:57.6,0.000150032
08:58.6,0.000144942
08:59.6,0.000154173
09:00.6,0.000156573
09:01.6,0.000160062
09:02.6,0.00016375
09:03.6,0.000166057
09:04.6,0.000156188
09:05.6,0.000160566
09:06.6,0.000148044
09:07.6,0.000152842
09:08.6,0.000147971
09:09.6,0.0001379
09:10.6,0.000149529
09:11.6,0.000166612
09:12.6,0.000169446
09:13.6,0.000166182
09:14.6,0.000156258
09:15.6,0.000160712
09:16.6,0.000153664
09:17.6,0.00015316
09:18.6,0.000152646
09:19.6,0.00014625
09:20.6,0.000154464
09:21.6,0.000164392
09:22.6,0.000159061
09:23.6,0.000155014
09:24.6,0.000154673
09:25.6,0.000154862
09:26.5,0.000165964
09:27.5,0.000157324
09:28.5,0.000158392
09:29.5,0.000144933
09:30.5,0.000147705
09:31.5,0.000150009
09:32.5,0.000155607
09:33.5,0.000165461
09:34.5,0.000156172
09:35.5,0.000159013
09:36.5,0.000154039
09:37.5,0.00015447
09:38.5,0.000157497
09:39.5,0.000154556
09:40.5,0.00014278
09:41.5,0.000147922
09:42.5,0.000166143
09:43.5,0.000164044
09:44.5,0.000154931
09:45.5,0.00016321
09:46.5,0.000154347
09:47.5,0.000142929
09:48.5,0.000148215
09:49.5,0.000162983
09:50.5,0.000155761
09:51.5,0.000152933
09:52.5,0.000163867
09:53.5,0.00015762
09:54.5,0.000156234
09:55.5,0.000170766
09:56.5,0.00016872
09:57.5,0.000167096
09:58.5,0.000159103
09:59.5,0.000149353
10:00.5,0.000137612
10:01.5,0.000144609
10:02.5,0.000143683
10:03.5,0.000149719
10:04.5,0.000161379
10:05.5,0.000164236
10:06.5,0.000161759
10:07.5,0.000152631
10:08.5,0.000148892
10:09.5,0.000147865
10:10.5,0.000148969
10:11.5,0.000150884
10:12.5,0.000151183
10:13.5,0.000160866
10:14.5,0.000159766
10:15.5,0.000159432
10:16.5,0.000172541
10:17.5,0.000167128
10:18.5,0.00015449
10:19.5,0.000149905
10:20.5,0.000148503
10:21.5,0.000137645
10:22.5,0.000140196
10:23.5,0.000160968
10:24.5,0.000156436
10:25.5,0.00015884
10:26.5,0.000161227
10:27.5,0.000160926
10:28.4,0.000149375
10:29.4,0.000149937
10:30.4,0.000157443
10:31.4,0.00015443
10:32.4,0.000153096
10:33.4,0.000151366
10:34.4,0.000150523
10:35.4,0.000148324
10:36.4,0.0001571
10:37.4,0.000163975
10:38.4,0.000160299
10:39.4,0.000161404
10:40.4,0.000161026
10:41.4,0.000151119
10:42.4,0.000145701
10:43.4,0.000153489
10:44.4,0.00015164
10:45.4,0.00014672
10:46.4,0.000143046
10:47.4,0.000129755
10:48.4,0.000141518
10:49.4,0.000164429
10:50.4,0.000173715
10:51.4,0.000170043
10:52.4,0.0001681
10:53.4,0.000157856
10:54.4,0.000154782
10:55.4,0.000155306
10:56.4,0.00016392
10:57.4,0.000158769
10:58.4,0.000149341
10:59.4,0.000138923
11:00.4,0.000142609
11:01.4,0.000160584
11:02.4,0.000163034
11:03.4,0.000160941
11:04.4,0.000154082
11:05.4,0.000147265
11:06.4,0.000152416
11:07.4,0.000155121
11:08.4,0.000162685
11:09.4,0.000168262
11:10.4,0.000157514
11:11.4,0.000150493
11:12.4,0.00014975
11:13.4,0.000151815
11:14.4,0.00015195
11:15.4,0.000152447
11:16.4,0.000152235
11:17.4,0.000156543
11:18.4,0.000145388
11:19.4,0.00015714
11:20.4,0.000158635
11:21.4,0.000155054
11:22.4,0.000160803
11:23.4,0.00015594
11:24.4,0.000152277
11:25.4,0.000148818
11:26.4,0.000153147
11:27.4,0.000152956
11:28.4,0.000154158
11:29.3,0.000165726
11:30.3,0.000162942
11:31.3,0.000154629
11:32.3,0.000155645
11:33.3,0.000148866
11:34.3,0.000150967
11:35.3,0.000144497
11:36.3,0.000140755
11:37.3,0.000139946
11:38.3,0.000154456
11:39.3,0.000157126
11:40.3,0.000165244
11:41.3,0.000166729
11:42.3,0.000165453
11:43.3,0.000156899
11:44.3,0.000155966
11:45.3,0.000152893
11:46.3,0.000160092
11:47.3,0.000158782
11:48.3,0.000144511
11:49.3,0.000146394
11:50.3,0.000156945
11:51.3,0.000157407
11:52.3,0.000160622
11:53.3,0.000154288
11:54.3,0.000154978
11:55.3,0.000158722
11:56.3,0.000158187
11:57.3,0.000158999
11:58.3,0.000154902
11:59.3,0.000163228
12:00.3,0.000146182
12:01.3,0.000146079
12:02.3,0.000152333
12:03.3,0.000154634
12:04.3,0.000156666
12:05.3,0.000152666
12:06.3,0.000161636
12:07.3,0.00016506
12:08.3,0.000163876
12:09.3,0.000153732
12:10.3,0.000152774
12:11.3,0.000148811
12:12.3,0.000151601
12:13.3,0.000148542
12:14.3,0.000154973
12:15.3,0.000160616
12:16.3,0.000158558
12:17.3,0.000163085
12:18.3,0.000156162
12:19.3,0.000155296
12:20.3,0.000157776
12:21.3,0.000148663
12:22.3,0.000145595
12:23.3,0.000149588
12:24.3,0.000154884
12:25.3,0.000154416
12:26.3,0.000152297
12:27.3,0.00015142
12:28.3,0.000157016
12:29.3,0.000161361
12:30.2,0.000162847
12:31.2,0.000163
12:32.2,0.000156899
12:33.2,0.000139506
12:34.2,0.000152761
12:35.2,0.000169257
12:36.2,0.000177531
12:37.2,0.000163354
12:38.2,0.000151094
12:39.2,0.000145048
12:40.2,0.000142662
12:41.2,0.000143128
12:42.2,0.000152138
12:43.2,0.000150625
12:44.2,0.000156551
12:45.2,0.000152509
12:46.2,0.000144927
12:47.2,0.000155754
12:48.2,0.0001627
12:49.2,0.000162994
12:50.2,0.000155315
12:51.2,0.000159102
12:52.2,0.000154622
12:53.2,0.000150305
12:54.2,0.000151233
12:55.2,0.000151618
12:56.2,0.000149512
12:57.2,0.000140519
12:58.2,0.000145221
12:59.2,0.000152724
13:00.2,0.000159086
13:01.2,0.000168064
13:02.2,0.000168152
13:03.2,0.000164162
13:04.2,0.000154429
13:05.2,0.000156533
13:06.2,0.000159081
13:07.2,0.00015446
13:08.2,0.000158869
13:09.2,0.000157428
13:10.2,0.000160571
13:11.2,0.000152553
13:12.2,0.000147849
13:13.2,0.000149539
13:14.2,0.000155347
13:15.2,0.000152853
13:16.2,0.000156541
13:17.2,0.000153396
13:18.2,0.000145715
13:19.2,0.000154669
13:20.2,0.000152954
13:21.2,0.000157403
13:22.2,0.000163656
13:23.2,0.000163195
13:24.2,0.000156702
13:25.2,0.000172338
13:26.2,0.000168883
13:27.2,0.000162258
13:28.2,0.000153347
13:29.2,0.000145545
13:30.2,0.000143742
13:31.1,0.000143252
13:32.1,0.000148963
13:33.1,0.000156802
13:34.1,0.000157463
13:35.1,0.000146871
13:36.1,0.000148259
13:37.1,0.000152351
13:38.1,0.000147087
13:39.1,0.00015638
13:40.1,0.00016243
13:41.1,0.000157973
13:42.1,0.000163816
13:43.1,0.00016036
13:44.1,0.000157601
13:45.1,0.000166151
13:46.1,0.000153664
13:47.1,0.000157227
13:48.1,0.000160386
13:49.1,0.000155957
13:50.1,0.000157172
13:51.1,0.00015158
13:52.1,0.000146876
13:53.1,0.000148291
13:54.1,0.000155173
13:55.1,0.000152428
13:56.1,0.000161093
13:57.1,0.000162055
13:58.1,0.000162404
13:59.1,0.000155714
14:00.1,0.000153406
14:01.1,0.00014666
14:02.1,0.000147175
14:03.1,0.000150876
14:04.1,0.000157581
14:05.1,0.000171588
14:06.1,0.000161688
14:07.1,0.00015032
14:08.1,0.000147224
14:09.1,0.000154565
14:10.1,0.000146487
14:11.1,0.000150055
14:12.1,0.000152478
14:13.1,0.000155246
14:14.1,0.000155478
14:15.1,0.000156611
14:16.1,0.000158123
14:17.1,0.000153202
14:18.1,0.000156197
14:19.1,0.000155499
14:20.1,0.000155336
14:21.1,0.000149551
14:22.1,0.000155784
14:23.1,0.000156385
14:24.1,0.000148821
14:25.1,0.000145061
14:26.1,0.000150556
14:27.1,0.000154786
14:28.1,0.000164132
14:29.1,0.000162782
14:30.1,0.00016161
14:31.1,0.0001631
14:32.0,0.00015102
14:33.0,0.000144869
14:34.0,0.000150534
14:35.0,0.000148715
14:36.0,0.00015346
14:37.0,0.00015774
14:38.0,0.000147532
14:39.0,0.000149459
14:40.0,0.000154217
14:41.0,0.0001602
14:42.0,0.000162653
14:43.0,0.000158329
14:44.0,0.000156651
14:45.0,0.000168622
14:46.0,0.000160551
14:47.0,0.000148497
14:48.0,0.000149959
14:49.0,0.000160155
14:50.0,0.000158392
14:51.0,0.000145877
14:52.0,0.000146615
14:53.0,0.000152746
14:54.0,0.000156763
14:55.0,0.000156349
14:56.0,0.000162383
14:57.0,0.000164114
14:58.0,0.000156104
14:59.0,0.000157004
15:00.0,0.000154752
15:01.0,0.000146549
15:02.0,0.000151376
15:03.0,0.000153716
15:04.0,0.000153065
15:05.0,0.000149112
15:06.0,0.000146127
15:07.0,0.000142499
15:08.0,0.000157382
15:09.0,0.000165912
15:10.0,0.000156697
15:11.0,0.000161487
15:12.0,0.000169271
15:13.0,0.00016165
15:14.0,0.000152548
15:15.0,0.000155058
15:16.0,0.000158818
15:17.0,0.000158658
15:18.0,0.000143012
15:19.0,0.000146126
15:20.0,0.000156421
15:21.0,0.000164921
15:22.0,0.000167285
15:23.0,0.000154655
15:24.0,0.000154785
15:25.0,0.000155455
15:26.0,0.000146664
15:27.0,0.000152512
15:28.0,0.000157448
15:29.0,0.000151009
15:30.0,0.000151945
15:31.0,0.000162225
15:32.0,0.000170343
15:32.9,0.000158626
15:33.9,0.000153829
15:34.9,0.000154214
15:35.9,0.000150098
15:36.9,0.000155882
15:37.9,0.000161231
15:38.9,0.000167548
15:39.9,0.000167817
15:40.9,0.00015751
15:41.9,0.000142261
15:42.9,0.000147506
15:43.9,0.000157528
15:44.9,0.000164238
15:45.9,0.000163756
15:46.9,0.000165923
15:47.9,0.000157558
15:48.9,0.000148956
15:49.9,0.000150009
15:50.9,0.000155004
15:51.9,0.000151042
15:52.9,0.000150929
15:53.9,0.000151549
15:54.9,0.000161192
15:55.9,0.000160843
15:56.9,0.000160205
15:57.9,0.000155584
15:58.9,0.00015621
15:59.9,0.000158359
16:00.9,0.000158786
16:01.9,0.00014915
16:02.9,0.000147699
16:03.9,0.000153845
16:04.9,0.000155086
16:05.9,0.000162666
16:06.9,0.000160672
16:07.9,0.0001499
16:08.9,0.000146812
16:09.9,0.000160051
16:10.9,0.000162365
16:11.9,0.000152364
16:12.9,0.000154232
16:13.9,0.000156038
16:14.9,0.000152392
16:15.9,0.000153724
16:16.9,0.000149564
16:17.9,0.000154074
16:18.9,0.000155485
16:19.9,0.000159024
16:20.9,0.000159102
16:21.9,0.000163658
16:22.9,0.000156847
16:23.9,0.000158616
16:24.9,0.000167208
16:25.9,0.000170616
16:26.9,0.000178592
16:27.9,0.000174087
16:28.9,0.000156451
16:29.9,0.000148536
16:30.9,0.000138921
16:31.9,0.000130099
16:32.9,0.00013723
16:33.8,0.000156593
16:34.8,0.000161936
16:35.8,0.000153133
16:36.8,0.000164412
16:37.8,0.000166417
16:38.8,0.000161982
16:39.8,0.000151347
16:40.8,0.000151494
16:41.8,0.000153377
16:42.8,0.000141234
16:43.8,0.00014989
16:44.8,0.000156516
16:45.8,0.000163944
16:46.8,0.000166559
16:47.8,0.000170904
16:48.8,0.000153365
16:49.8,0.000170296
16:50.8,0.000158516
16:51.8,0.000134196
16:52.8,0.000136275
16:53.8,0.000154214
16:54.8,0
16:55.8,2.427188e-05
16:56.8,1.9132902e-05
16:57.8,2.4497002e-05
16:58.8,1.6454977e-05
16:59.8,1.1840695e-07
17:00.8,5.334668e-06
17:01.8,-4.02E-06
17:02.8,3.7392786e-06
17:03.8,1.9085037e-06
17:04.8,1.1092109e-05
17:05.8,1.2439167e-05
17:06.8,8.26858e-06
17:07.8,2.8186964e-06
17:08.8,3.7997327e-06
17:09.8,5.8518126e-06
17:10.8,1.1768695e-05
17:11.8,7.5993867e-06
17:12.8,1.4798804e-05
17:13.8,2.1149766e-05
17:14.8,1.3350211e-05
17:15.8,1.7677618e-05
17:16.8,1.6073545e-05
17:17.8,6.402824e-06
17:18.8,1.110386e-05
17:19.8,1.073713e-05
17:20.8,1.2702872e-05
17:21.8,1.3433777e-05
17:22.8,5.399121e-06
17:23.8,3.3148635e-07
17:24.8,3.6046001e-06
17:25.8,2.4564692e-06
17:26.8,1.9258337e-05
17:27.8,2.4775776e-05
17:28.8,1.3429039e-05
17:29.8,1.5251436e-05
17:30.8,2.077319e-05
17:31.8,1.2469612e-06
17:32.8,-9.26E-07
17:33.8,1.4604385e-06
17:34.7,6.8120316e-06
17:35.7,6.168429e-06
17:36.7,-5.99E-06
17:37.7,-5.89E-06
17:38.7,3.0528029e-06
17:39.7,9.298569e-06
17:40.7,7.858977e-06
17:41.7,1.6310143e-05
17:42.7,3.7753514e-05
17:43.7,2.417575e-05
17:44.7,9.734035e-06
17:45.7,1.740187e-05
17:46.7,2.307468e-05
17:47.7,2.1310945e-05
17:48.7,1.8897374e-05
17:49.7,1.1051815e-05
17:50.7,2.9307726e-06
17:51.7,4.984778e-06
17:52.7,-4.07E-07
17:53.7,-8.24E-06
17:54.7,5.8648156e-06
17:55.7,-6.93E-06
17:56.7,3.1460017e-06
17:57.7,1.2907063e-05
17:58.7,1.8753877e-05
17:59.7,1.3132685e-05
18:00.7,1.23597265e-05
18:01.7,7.1483446e-06
18:02.7,5.997114e-07
18:03.7,1.8488803e-05
18:04.7,1.7662398e-05
18:05.7,9.435801e-06
18:06.7,2.0345084e-05
18:07.7,1.3151162e-05
18:08.7,6.1510323e-06
18:09.7,8.984964e-06
18:10.7,7.0538954e-06
18:11.7,1.4236416e-05
18:12.7,-1.43E-05
18:13.7,5.745976e-06
18:14.7,1.963053e-05
18:15.7,1.6993366e-05
18:16.7,5.1100938e-06
18:17.7,-6.02E-06
18:18.7,-6.24E-06
18:19.7,1.5834363e-05
18:20.7,1.4419117e-05
18:21.7,9.760425e-06
18:22.7,7.1630666e-06
18:23.7,1.5448935e-05
18:24.7,1.5273174e-05
18:25.7,3.0440006e-05
18:26.7,3.83551e-05
18:27.7,1.625676e-05
18:28.7,1.179611e-05
18:29.7,-6.20E-08
18:30.7,-7.27E-07
18:31.7,-1.93E-06
18:32.7,-8.48E-06
18:33.7,-5.78E-06
18:34.7,4.757609e-06
18:35.7,9.372273e-06
18:36.6,-2.07E-06
18:37.6,-1.99E-05
18:38.6,1.704851e-06
18:39.6,1.1969788e-05
18:40.6,1.0181325e-05
18:41.6,1.3255933e-05
18:42.6,2.6379725e-05
18:43.6,2.8115373e-05
18:44.6,1.0212829e-05
18:45.6,1.1947112e-05
18:46.6,8.986488e-06
18:47.6,1.1408807e-05
18:48.6,1.1446277e-06
18:49.6,-3.91E-06
18:50.6,-6.45E-06
18:51.6,1.4043361e-05
18:52.6,1.891765e-05
18:53.6,1.887438e-05
18:54.6,1.9953539e-05
18:55.6,1.9354413e-05
18:56.6,8.5365655e-06
18:57.6,1.5137883e-05
18:58.6,3.2644188e-05
18:59.6,2.9393912e-05
19:00.6,1.5469308e-05
19:01.6,-3.96E-06
19:02.6,-1.95E-05
19:03.6,-1.18E-05
19:04.6,7.379545e-06
19:05.6,5.857208e-06
19:06.6,2.480953e-05
19:07.6,1.1974536e-05
19:08.6,1.5227614e-05
19:09.6,2.553831e-05
19:10.6,1.23071395e-05
19:11.6,-8.90E-06
19:12.6,-3.13E-07
19:13.6,-4.99E-07
19:14.6,1.9043677e-06
19:15.6,2.4175185e-06
19:16.6,1.771023e-05
19:17.6,2.9590494e-05
19:18.6,2.0369547e-05
19:19.6,4.9611954e-06
19:20.6,-8.98E-06
19:21.6,-5.19E-06
19:22.6,1.6837557e-05
19:23.6,1.549198e-05
19:24.6,5.312755e-06
19:25.6,1.2606125e-05
19:26.6,2.5339388e-05
19:27.6,1.1158417e-05
19:28.6,1.531889e-05
19:29.6,9.4315565e-06
19:30.6,2.784503e-06
19:31.6,1.5540205e-05
19:32.6,1.033137e-06
19:33.6,2.0532048e-06
19:34.6,2.3528278e-06
19:35.6,1.1941273e-05
19:36.6,9.668028e-06
19:37.5,-9.46E-06
19:38.5,-4.31E-06
19:39.5,2.6623808e-05
19:40.5,2.462894e-05
19:41.5,1.176412e-05
19:42.5,2.0733378e-06
19:43.5,1.2088503e-05
19:44.5,1.520183e-05
19:45.5,1.9320201e-05
19:46.5,4.245219e-05
19:47.5,3.7313795e-05
19:48.5,1.3997082e-05
19:49.5,8.08078e-06
19:50.5,-2.24E-05
19:51.5,-1.44E-05
19:52.5,2.4982734e-07
19:53.5,-1.38E-06
19:54.5,1.0218867e-05
19:55.5,5.8033315e-06
19:56.5,2.3632995e-06
19:57.5,-1.15E-05
19:58.5,4.874864e-06
19:59.5,1.3493483e-05
20:00.5,4.8548492e-05
20:01.5,3.6002104e-05
20:02.5,-1.66E-05
20:03.5,9.261472e-07
20:04.5,6.1642395e-06
20:05.5,2.1494174e-05
20:06.5,3.3878976e-05
20:07.5,1.9244253e-05
20:08.5,1.5793297e-05
20:09.5,3.1831319e-06
20:10.5,1.472352e-06
20:11.5,-5.84E-06
20:12.5,-4.39E-06
20:13.5,-2.04E-06
20:14.5,8.85022e-06
20:15.5,-5.96E-06
20:16.5,-1.33E-05
20:17.5,-4.80E-06
20:18.5,1.4416816e-05
20:19.5,1.0657696e-05
20:20.5,2.0700585e-05
20:21.5,2.1966269e-05
20:22.5,2.0456664e-05
20:23.5,1.8678002e-05
20:24.5,1.3541018e-05
20:25.5,1.2681982e-05
20:26.5,1.45847935e-05
20:27.5,7.2605953e-06
20:28.5,1.3066273e-05
20:29.5,1.4554064e-05
20:30.5,-3.40E-06
20:31.5,-2.53E-06
20:32.5,5.0617978e-06
20:33.5,1.5103484e-05
20:34.5,7.1933127e-06
20:35.5,-7.74E-06
20:36.5,-1.10E-05
20:37.5,1.0541126e-05
20:38.4,4.255468e-06
20:39.4,3.7191655e-06
20:40.4,2.9354633e-05
20:41.4,1.36872895e-05
20:42.4,1.9569794e-05
20:43.4,2.0286434e-05
20:44.4,1.1824589e-05
20:45.4,1.6733089e-05
20:46.4,2.3161903e-05
20:47.4,1.9106219e-05
20:48.4,1.5847128e-05
20:49.4,-4.15E-06
20:50.4,6.8338227e-06
20:51.4,-6.39E-06
20:52.4,-1.93E-06
20:53.4,1.3835292e-05
20:54.4,7.840079e-06
20:55.4,1.8588926e-05
20:56.4,6.4771602e-06
20:57.4,-3.73E-06
20:58.4,-8.62E-06
20:59.4,-2.30E-06
21:00.4,2.1427599e-05
21:01.4,2.0791218e-05
21:02.4,1.4643601e-05
21:03.4,1.2699905e-05
21:04.4,1.1758171e-05
21:05.4,3.515032e-05
21:06.4,4.533729e-05
21:07.4,4.526979e-05
21:08.4,2.6789749e-05
21:09.4,9.646074e-06
21:10.4,1.0009401e-05
21:11.4,-3.11E-05
21:12.4,-3.18E-05
21:13.4,-2.42E-05
21:14.4,-2.69E-06
21:15.4,-1.26E-07
21:16.4,-3.92E-06
21:17.4,-1.38E-05
21:18.4,-8.40E-06
21:19.4,5.969923e-06
21:20.4,1.985216e-05
21:21.4,1.7685534e-05
21:22.4,2.7042086e-05
21:23.4,3.997426e-05
21:24.4,1.1217847e-06
21:25.4,5.2465393e-06
21:26.4,4.4006006e-06
21:27.4,-7.37E-07
21:28.4,-1.41E-05
21:29.4,1.0351702e-05
21:30.4,6.485377e-06
21:31.4,1.0267375e-05
21:32.4,3.086708e-05
21:33.4,3.7159592e-05
21:34.4,3.5205958e-06
21:35.4,5.818786e-06
21:36.4,1.0428294e-05
21:37.4,1.2318479e-05
21:38.4,1.0076211e-05
21:39.3,2.355008e-05
21:40.3,1.6106893e-05
21:41.3,-4.36E-06
21:42.3,1.2125498e-05
21:43.3,3.7649038e-06
21:44.3,-1.60E-06
21:45.3,-1.91E-05
21:46.3,-1.19E-05
21:47.3,9.318546e-06
21:48.3,1.79493e-05
21:49.3,1.3324097e-05
21:50.3,9.846427e-06
21:51.3,1.0957508e-05
21:52.3,2.4858966e-05
21:53.3,2.7179864e-05
21:54.3,1.8290184e-05
21:55.3,3.1489522e-05
21:56.3,2.3183293e-05
21:57.3,2.7516543e-07
21:58.3,-5.10E-06
21:59.3,5.6308204e-06
22:00.3,-5.99E-06
22:01.3,1.373608e-05
22:02.3,9.480579e-06
22:03.3,-4.41E-06
22:04.3,3.4984453e-06
22:05.3,3.8901394e-06
22:06.3,-7.13E-06
22:07.3,-4.57E-06
22:08.3,-1.13E-05
22:09.3,1.4275814e-05
22:10.3,9.402863e-06
22:11.3,2.2855102e-05
22:12.3,2.5657318e-05
22:13.3,2.1380381e-05
22:14.3,1.316688e-05
22:15.3,1.6438853e-05
22:16.3,4.3602136e-06
22:17.3,4.3173022e-06
22:18.3,2.5396192e-05
22:19.3,3.6897e-06
22:20.3,-6.72E-06
22:21.3,1.4690671e-06
22:22.3,1.7233195e-05
22:23.3,1.1943326e-05
22:24.3,4.991104e-06
22:25.3,2.1879681e-05
22:26.3,2.1524933e-05
22:27.3,-3.34E-06
22:28.3,-7.24E-06
22:29.3,-1.39E-05
22:30.3,9.6669255e-06
22:31.3,8.838545e-06
22:32.3,4.4352555e-06
22:33.3,3.0012598e-05
22:34.3,5.205699e-06
22:35.3,-4.29E-06
22:36.3,1.2031615e-05
22:37.3,1.126699e-05
22:38.3,1.1584157e-05
22:39.3,1.1618685e-05
22:40.2,6.526518e-06
22:41.2,2.1186668e-06
22:42.2,8.834599e-06
22:43.2,2.263091e-05
22:44.2,2.5070465e-06
22:45.2,5.509078e-07
22:46.2,1.5763175e-05
22:47.2,-2.83E-06
22:48.2,7.503644e-06
22:49.2,1.6326749e-05
22:50.2,1.800216e-05
22:51.2,2.4757928e-06
22:52.2,1.6727521e-05
22:53.2,5.297412e-06
22:54.2,1.2609079e-05
22:55.2,4.735031e-06
22:56.2,1.44630185e-05
22:57.2,3.7173548e-05
22:58.2,3.152742e-05
22:59.2,1.5402089e-05
23:00.2,4.3777713e-06
23:01.2,-1.32E-05
23:02.2,-2.11E-05
23:03.2,1.8000217e-06
23:04.2,1.7821338e-05
23:05.2,2.2029786e-05
23:06.2,2.5784655e-05
23:07.2,-6.92E-06
23:08.2,-2.56E-05
23:09.2,-2.84E-05
23:10.2,9.224234e-06
23:11.2,2.3304441e-05
23:12.2,3.602008e-05
23:13.2,2.0767606e-05
23:14.2,2.8690417e-07
23:15.2,-9.73E-07
23:16.2,-2.11E-06
23:17.2,1.5177383e-05
23:18.2,1.155635e-05
23:19.2,-1.01E-05
23:20.2,2.8137441e-05
23:21.2,1.4870388e-05
23:22.2,6.181168e-06
23:23.2,1.7777189e-05
23:24.2,1.0215328e-05
23:25.2,1.5140542e-05
23:26.2,1.2482159e-05
23:27.2,7.4786526e-06
23:28.2,3.90383e-06
23:29.2,3.900713e-06
23:30.2,-4.98E-06
23:31.2,-3.69E-08
23:32.2,2.0211724e-05
23:33.2,2.1033338e-05
23:34.2,7.919047e-06
23:35.2,1.1554147e-05
23:36.2,1.2107343e-05
23:37.2,5.5988808e-06
23:38.2,1.7478541e-06
23:39.2,1.2181125e-05
23:40.2,4.923977e-06
23:41.1,1.2520176e-05
23:42.1,1.2067885e-05
23:43.1,5.2199657e-06
23:44.1,1.2636426e-05
23:45.1,1.4334364e-05
23:46.1,-5.65E-06
23:47.1,-2.69E-05
23:48.1,-4.66E-05
23:49.1,-4.70E-06
23:50.1,1.2368144e-05
23:51.1,3.0425625e-05
23:52.1,5.6631285e-05
23:53.1,4.0406438e-05
23:54.1,1.2741084e-05
23:55.1,1.4765225e-05
23:56.1,-2.97E-06
23:57.1,-8.32E-06
23:58.1,3.9136567e-06
23:59.1,1.1020168e-05
24:00.1,2.4281151e-05
24:01.1,2.1936186e-05
24:02.1,3.4730765e-06
24:03.1,-1.94E-06
24:04.1,7.037128e-06
24:05.1,-5.50E-06
24:06.1,-1.92E-05
24:07.1,-2.33E-05
24:08.1,-8.20E-06
24:09.1,2.08632e-05
24:10.1,1.8813844e-05
24:11.1,2.8712237e-05
24:12.1,2.9719506e-05
24:13.1,2.6299876e-05
24:14.1,1.091341e-05
24:15.1,1.2680824e-05
24:16.1,1.28230795e-05
24:17.1,1.9104196e-05
24:18.1,1.1737437e-05
24:19.1,-6.36E-06
24:20.1,-9.79E-06
24:21.1,-1.49E-05
24:22.1,1.7352524e-05
24:23.1,2.5251456e-05
24:24.1,5.138984e-06
24:25.1,-1.61E-05
24:26.1,-2.28E-06
24:27.1,1.245732e-05
24:28.1,-4.35E-06
24:29.1,-1.99E-06
24:30.1,1.0347412e-05
24:31.1,2.984332e-05
24:32.1,1.8584611e-05
24:33.1,1.694895e-05
24:34.1,1.0991496e-05
24:35.1,-2.60E-06
24:36.1,1.8701545e-05
24:37.1,2.2257114e-05
24:38.1,1.1383641e-05
24:39.1,4.215788e-06
24:40.1,1.1170206e-05
24:41.1,3.4817274e-06
24:42.0,2.4725298e-06
24:43.0,9.850552e-07
24:44.0,8.678847e-06
24:45.0,-1.04E-05
24:46.0,-1.69E-05
24:47.0,3.4499149e-06
24:48.0,1.4466091e-05
24:49.0,2.3153812e-05
24:50.0,2.978688e-05
24:51.0,1.5495098e-05
24:52.0,-4.28E-07
24:53.0,1.0213407e-05
24:54.0,6.7400606e-06
24:55.0,3.6456709e-06
24:56.0,3.5631708e-06
24:57.0,-4.51E-06
24:58.0,6.2843474e-06
24:59.0,2.3953142e-05
25:00.0,-9.08E-06
25:01.0,-2.46E-06
25:02.0,1.6285823e-05
25:03.0,1.9582123e-05
25:04.0,1.0510925e-05
25:05.0,6.940242e-06
25:06.0,4.005306e-06
25:07.0,7.782924e-06
25:08.0,1.6059935e-06
25:09.0,-5.07E-07
25:10.0,2.0570698e-05
25:11.0,1.1485008e-05
25:12.0,2.8343743e-06
25:13.0,1.2510033e-05
25:14.0,5.6269923e-06
25:15.0,2.1133936e-05
25:16.0,2.5134183e-05
25:17.0,1.653463e-05
25:18.0,1.3155953e-06
25:19.0,-2.64E-06
25:20.0,-4.01E-06
25:21.0,2.1996926e-05
25:22.0,-3.83E-06
25:23.0,-6.13E-06
25:24.0,-9.18E-07
25:25.0,3.224928e-07
25:26.0,-1.00E-06
25:27.0,6.6982984e-06
25:28.0,1.6789244e-06
25:29.0,5.6146323e-06
25:30.0,1.7347425e-05
25:31.0,1.4011378e-05
25:32.0,1.0890234e-05
25:33.0,1.0231275e-05
25:34.0,5.844352e-06
25:35.0,1.2094278e-05
25:36.0,-2.98E-06
25:37.0,-1.16E-05
25:38.0,-1.62E-07
25:39.0,-4.61E-06
25:40.0,5.18733e-06
25:41.0,2.8064813e-05
25:42.0,1.1695477e-05
25:42.9,1.9064755e-05
25:43.9,1.658269e-05
25:44.9,-5.08E-07
25:45.9,-1.96E-05
25:46.9,-1.79E-05
25:47.9,-1.32E-06
25:48.9,2.1826187e-05
25:49.9,1.8713654e-05
25:50.9,7.91656e-06
25:51.9,2.253706e-05
25:52.9,2.079538e-05
25:53.9,1.7090628e-05
25:54.9,1.2072114e-05
25:55.9,1.1492033e-05
25:56.9,2.694569e-06
25:57.9,-5.48E-06
25:58.9,-4.46E-07
25:59.9,3.8018718e-06
26:00.9,1.2087238e-05
26:01.9,1.5177012e-05
26:02.9,4.3195555e-06
26:03.9,5.3191643e-06
26:04.9,9.988424e-06
26:05.9,1.6934162e-05
26:06.9,2.7502713e-06
26:07.9,-4.29E-06
26:08.9,1.3903726e-05
26:09.9,1.9046383e-05
26:10.9,-1.66E-06
26:11.9,-1.25E-05
26:12.9,1.522896e-05
26:13.9,1.47307455e-05
26:14.9,1.5054179e-05
26:15.9,-3.95E-06
26:16.9,-2.96E-06
26:17.9,3.8180056e-06
26:18.9,3.857276e-06
26:19.9,2.1166692e-05
26:20.9,1.4053955e-05
26:21.9,3.788701e-06
26:22.9,-2.27E-06
26:23.9,9.993591e-06
26:24.9,5.8195433e-06
26:25.9,6.4252076e-06
26:26.9,7.392569e-06
26:27.9,8.63811e-06
26:28.9,2.0542973e-06
26:29.9,6.3080847e-06
26:30.9,-8.93E-06
26:31.9,5.7853863e-06
26:32.9,2.4095125e-05
26:33.9,8.170685e-06
26:34.9,-3.63E-06
26:35.9,-1.52E-05
26:36.9,9.1631046e-07
26:37.9,1.2110291e-05
26:38.9,6.588217e-06
26:39.9,4.9857626e-06
26:40.9,1.4154921e-05
26:41.9,2.3239736e-05
26:42.9,1.4913631e-05
26:43.8,7.0294313e-06
26:44.8,-1.25E-06
26:45.8,1.7665987e-05
26:46.8,2.9984412e-05
26:47.8,1.5696465e-05
26:48.8,1.4082628e-05
26:49.8,-7.95E-07
26:50.8,-1.09E-06
26:51.8,-6.32E-06
26:52.8,-5.82E-06
26:53.8,9.853512e-06
26:54.8,0
26:55.8,0.00114339
26:56.8,0.001057076
26:57.8,0.00105988
26:58.8,0.001051528
26:59.8,0.001043274
27:00.8,0.001033785
27:01.8,0.001032954
27:02.8,0.001019051
27:03.8,0.001023968
27:04.8,0.001042394
27:05.8,0.001060613
27:06.8,0.001031913
27:07.8,0.001029384
27:08.8,0.001040336
27:09.8,0.001036714
27:10.8,0.001036575
27:11.8,0.001039708
27:12.8,0.001050831
27:13.8,0.001045006
27:14.8,0.001038337
27:15.8,0.001031627
27:16.8,0.001041831
27:17.8,0.001050476
27:18.8,0.001041888
27:19.8,0.00104512
27:20.8,0.001050173
27:21.8,0.001046279
27:22.8,0.001035686
27:23.8,0.001033465
27:24.8,0.001037686
27:25.8,0.001044517
27:26.8,0.001050045
27:27.8,0.001036481
27:28.8,0.001031916
27:29.8,0.001023277
27:30.8,0.001036763
27:31.8,0.001035983
27:32.8,0.001051524
27:33.8,0.00106349
27:34.8,0.001041897
27:35.8,0.001033329
27:36.8,0.001055098
27:37.8,0.001057451
27:38.8,0.001052201
27:39.8,0.00104146
27:40.8,0.001032183
27:41.8,0.001041033
27:42.8,0.001034521
27:43.8,0.001031788
27:44.8,0.001041237
27:45.7,0.001056783
27:46.7,0.001066474
27:47.7,0.001050833
27:48.7,0.001034845
27:49.7,0.001037445
27:50.7,0.001036919
27:51.7,0.001041865
27:52.7,0.001018943
27:53.7,0.001029401
27:54.7,0.001040591
27:55.7,0.001040268
27:56.7,0.001039392
27:57.7,0.001044195
27:58.7,0.001041343
27:59.7,0.001046536
28:00.7,0.001039414
28:01.7,0.001055333
28:02.7,0.001036349
28:03.7,0.001028473
28:04.7,0.00104578
28:05.7,0.001053927
28:06.7,0.001049982
28:07.7,0.001058405
28:08.7,0.001057677
28:09.7,0.001065571
28:10.7,0.001031923
28:11.7,0.000996726
28:12.7,0.001026725
28:13.7,0.001031814
28:14.7,0.001037739
28:15.7,0.001027866
28:16.7,0.001020212
28:17.7,0.001037962
28:18.7,0.001042313
28:19.7,0.001039627
28:20.7,0.001053907
28:21.7,0.001069756
28:22.7,0.001042419
28:23.7,0.001043968
28:24.7,0.001036395
28:25.7,0.001036696
28:26.7,0.001034143
28:27.7,0.001021851
28:28.7,0.001027333
28:29.7,0.001061681
28:30.7,0.001064158
28:31.7,0.001053156
28:32.7,0.001045804
28:33.7,0.001031942
28:34.7,0.001038391
28:35.7,0.001034194
28:36.7,0.00103972
28:37.7,0.001045716
28:38.7,0.001060054
28:39.7,0.001040512
28:40.7,0.001023751
28:41.7,0.001049405
28:42.7,0.00104631
28:43.7,0.001033958
28:44.7,0.001038953
28:45.7,0.0010519
28:46.6,0.001058034
28:47.6,0.001050686
28:48.6,0.001039965
28:49.6,0.001036322
28:50.6,0.001046267
28:51.6,0.001035238
28:52.6,0.001040775
28:53.6,0.001020307
28:54.6,0.001038263
28:55.6,0.001048528
28:56.6,0.001053045
28:57.6,0.001052634
28:58.6,0.00105403
28:59.6,0.001048503
29:00.6,0.001039858
29:01.6,0.001022664
29:02.6,0.001017657
29:03.6,0.001031415
29:04.6,0.001040688
29:05.6,0.001034733
29:06.6,0.001037814
29:07.6,0.001032516
29:08.6,0.001040751
29:09.6,0.001038291
29:10.6,0.001040559
29:11.6,0.001040394
29:12.6,0.001054274
29:13.6,0.001048184
29:14.6,0.001044451
29:15.6,0.001052594
29:16.6,0.001040316
29:17.6,0.001034041
29:18.6,0.00102536
29:19.6,0.00102997
29:20.6,0.00102801
29:21.6,0.001047224
29:22.6,0.00106081
29:23.6,0.001047517
29:24.6,0.001041899
29:25.6,0.001025364
29:26.6,0.001021606
29:27.6,0.001040425
29:28.6,0.001034531
29:29.6,0.001032645
29:30.6,0.001044422
29:31.6,0.001054377
29:32.6,0.001049166
29:33.6,0.001060435
29:34.6,0.001042278
29:35.6,0.001041405
29:36.6,0.00102509
29:37.6,0.001027652
29:38.6,0.001036897
29:39.6,0.001054984
29:40.6,0.001057601
29:41.6,0.001048324
29:42.6,0.001045568
29:43.6,0.001034148
29:44.6,0.001042138
29:45.6,0.001045722
29:46.6,0.00103219
29:47.5,0.00103406
29:48.5,0.001020791
29:49.5,0.001022756
29:50.5,0.001038529
29:51.5,0.001064456
29:52.5,0.001061886
29:53.5,0.00104764
29:54.5,0.001041321
29:55.5,0.001046505
29:56.5,0.00104352
29:57.5,0.001030481
29:58.5,0.001022162
29:59.5,0.001022893
30:00.5,0.001030228
30:01.5,0.001035701
30:02.5,0.001056294
30:03.5,0.001067848
30:04.5,0.001037151
30:05.5,0.001023758
30:06.5,0.001043942
30:07.5,0.001062674
30:08.5,0.001064377
30:09.5,0.001041908
30:10.5,0.001024326
30:11.5,0.001032705
30:12.5,0.001033131
30:13.5,0.001030154
30:14.5,0.001045584
30:15.5,0.001044507
30:16.5,0.001055898
30:17.5,0.001044787
30:18.5,0.001014866
30:19.5,0.001017475
30:20.5,0.001029039
30:21.5,0.001048594
30:22.5,0.001050606
30:23.5,0.001050511
30:24.5,0.001035722
30:25.5,0.001027365
30:26.5,0.001032153
30:27.5,0.001025731
30:28.5,0.001005069
30:29.5,0.00104574
30:30.5,0.001064227
30:31.5,0.001068071
30:32.5,0.001053375
30:33.5,0.001042196
30:34.5,0.001039431
30:35.5,0.001031727
30:36.5,0.001025617
30:37.5,0.001020373
30:38.5,0.0010438
30:39.5,0.001050433
30:40.5,0.001061984
30:41.5,0.001048734
30:42.5,0.001048672
30:43.5,0.001029906
30:44.5,0.001027799
30:45.5,0.001021247
30:46.5,0.001013421
30:47.5,0.001041771
30:48.4,0.001053981
30:49.4,0.001062737
30:50.4,0.001046789
30:51.4,0.001042037
30:52.4,0.001043353
30:53.4,0.0010402
30:54.4,0.001038905
30:55.4,0.00104288
30:56.4,0.00105565
30:57.4,0.001061783
30:58.4,0.00105986
30:59.4,0.001048519
31:00.4,0.001033715
31:01.4,0.001029075
31:02.4,0.001016658
31:03.4,0.001021326
31:04.4,0.001040968
31:05.4,0.001036811
31:06.4,0.001043419
31:07.4,0.001031941
31:08.4,0.001030153
31:09.4,0.001049234
31:10.4,0.001047137
31:11.4,0.001030272
31:12.4,0.001038407
31:13.4,0.001056993
31:14.4,0.001040585
31:15.4,0.001033556
31:16.4,0.001038747
31:17.4,0.001026297
31:18.4,0.00104592
31:19.4,0.001056922
31:20.4,0.001049619
31:21.4,0.001048825
31:22.4,0.001042164
31:23.4,0.001025857
31:24.4,0.00105062
31:25.4,0.001052887
31:26.4,0.001043828
31:27.4,0.001044034
31:28.4,0.00103788
31:29.4,0.001027243
31:30.4,0.001043461
31:31.4,0.001033619
31:32.4,0.001047476
31:33.4,0.001031303
31:34.4,0.001037133
31:35.4,0.001058708
31:36.4,0.00105947
31:37.4,0.001048519
31:38.4,0.001012294
31:39.4,0.001029227
31:40.4,0.00105664
31:41.4,0.00103735
31:42.4,0.001036181
31:43.4,0.001029298
31:44.4,0.00103279
31:45.4,0.001021732
31:46.4,0.00102564
31:47.4,0.001041316
31:48.4,0.001064787
31:49.3,0.001063899
31:50.3,0.001053706
31:51.3,0.00104373
31:52.3,0.001029663
31:53.3,0.001033584
31:54.3,0.001041894
31:55.3,0.001034555
31:56.3,0.001039928
31:57.3,0.001042736
31:58.3,0.001041153
31:59.3,0.001036356
32:00.3,0.001057191
32:01.3,0.001055039
32:02.3,0.00105652
32:03.3,0.001055427
32:04.3,0.001049931
32:05.3,0.001030014
32:06.3,0.001047831
32:07.3,0.001074535
32:08.3,0.00104827
32:09.3,0.001071666
32:10.3,0.001072277
32:11.3,0.001043921
32:12.3,0.001025156
32:13.3,0.00101871
32:14.3,0.001044835
32:15.3,0.001083662
32:16.3,0.001085767
32:17.3,0.001070225
32:18.3,0.001070272
32:19.3,0.001056382
32:20.3,0.001031003
32:21.3,0.001006919
32:22.3,0.001000358
32:23.3,0.001020103
32:24.3,0.001038823
32:25.3,0.001057428
32:26.3,0.001063993
32:27.3,0.00106094
32:28.3,0.001045213
32:29.3,0.001029094
32:30.3,0.001028884
32:31.3,0.001041515
32:32.3,0.001049838
32:33.3,0.001048077
32:34.3,0.001048667
32:35.3,0.001019267
32:36.3,0.001012321
32:37.3,0.001021514
32:38.3,0.001026379
32:39.3,0.001045202
32:40.3,0.001078431
32:41.3,0.001071629
32:42.3,0.001065909
32:43.3,0.001074532
32:44.3,0.001048813
32:45.3,0.001043207
32:46.3,0.00106899
32:47.3,0.001090447
32:48.3,0.001087626
32:49.3,0.001032296
32:50.2,0.001012006
32:51.2,0.001050421
32:52.2,0.001033348
32:53.2,0.001012157
32:54.2,0.001043294
32:55.2,0.001029606
32:56.2,0.001029147
32:57.2,0.001042032
32:58.2,0.001031808
32:59.2,0.001035064
33:00.2,0.001023389
33:01.2,0.001061015
33:02.2,0.001081469
33:03.2,0.001075209
33:04.2,0.001041753
33:05.2,0.001036307
33:06.2,0.001050974
33:07.2,0.001006327
33:08.2,0.001030834
33:09.2,0.001062304
33:10.2,0.001074964
33:11.2,0.001085121
33:12.2,0.001041016
33:13.2,0.001034611
33:14.2,0.001050498
33:15.2,0.001041106
33:16.2,0.001061335
33:17.2,0.001039484
33:18.2,0.00104615
33:19.2,0.001038666
33:20.2,0.001045191
33:21.2,0.001044621
33:22.2,0.001050584
33:23.2,0.001049971
33:24.2,0.001044493
33:25.2,0.001041256
33:26.2,0.001040817
33:27.2,0.001044041
33:28.2,0.001028481
33:29.2,0.001054266
33:30.2,0.001084131
33:31.2,0.001045452
33:32.2,0.00103006
33:33.2,0.001050163
33:34.2,0.001048378
33:35.2,0.001054605
33:36.2,0.001077667
33:37.2,0.001062089
33:38.2,0.001055952
33:39.2,0.001048159
33:40.2,0.001039392
33:41.2,0.001035642
33:42.2,0.001002802
33:43.2,0.00103731
33:44.2,0.001044391
33:45.2,0.00106297
33:46.2,0.001066328
33:47.2,0.00106204
33:48.2,0.001030622
33:49.2,0.00100785
33:50.2,0.001029639
33:51.1,0.001047688
33:52.1,0.001041625
33:53.1,0.001061544
33:54.1,0.001040853
33:55.1,0.001046909
33:56.1,0.001068676
33:57.1,0.001085155
33:58.1,0.001060136
33:59.1,0.001043303
34:00.1,0.001031378
34:01.1,0.001015647
34:02.1,0.001024638
34:03.1,0.001029203
34:04.1,0.001054042
34:05.1,0.001051558
34:06.1,0.001025478
34:07.1,0.001006032
34:08.1,0.0010163
34:09.1,0.00102716
34:10.1,0.00106995
34:11.1,0.001057168
34:12.1,0.001056066
34:13.1,0.001073891
34:14.1,0.001055868
34:15.1,0.001027514
34:16.1,0.001012198
34:17.1,0.001060039
34:18.1,0.001065866
34:19.1,0.001058664
34:20.1,0.001048604
34:21.1,0.001027904
34:22.1,0.001047407
2025-7-7 22:34,0.001049166
34:24.1,0.0010278
34:25.1,0.001031222
34:26.1,0.001020121
34:27.1,0.001019632
34:28.1,0.001042782
34:29.1,0.001017407
34:30.1,0.001071259
34:31.1,0.001074343
34:32.1,0.001064199
34:33.1,0.001060382
34:34.1,0.0010586
34:35.1,0.001018448
34:36.1,0.00103368
34:37.1,0.001049954
34:38.1,0.001052706
34:39.1,0.001050632
34:40.1,0.001045835
34:41.1,0.001023355
34:42.1,0.001055737
34:43.1,0.001066406
34:44.1,0.001035324
34:45.1,0.001030846
34:46.1,0.001041538
34:47.1,0.001044283
34:48.1,0.001083789
34:49.1,0.001070048
34:50.1,0.001063892
34:51.1,0.001023128
34:52.0,0.001011494
34:53.0,0.00103258
34:54.0,0.001049146
34:55.0,0.00106973
34:56.0,0.001074433
34:57.0,0.001065324
34:58.0,0.001059547
34:59.0,0.001013445
35:00.0,0.001003667
35:01.0,0.001016503
35:02.0,0.001043591
35:03.0,0.001061645
35:04.0,0.001059529
35:05.0,0.001082393
35:06.0,0.00107045
35:07.0,0.001058101
35:08.0,0.001036929
35:09.0,0.001026794
35:10.0,0.001039606
35:11.0,0.00103439
35:12.0,0.001026143
35:13.0,0.001036036
35:14.0,0.001035768
35:15.0,0.001028327
35:16.0,0.001037952
35:17.0,0.001040696
35:18.0,0.001066285
35:19.0,0.001070238
35:20.0,0.001048236
35:21.0,0.001035841
35:22.0,0.001036328
35:23.0,0.001055165
35:24.0,0.001053933
35:25.0,0.001031947
35:26.0,0.001045471
35:27.0,0.001081338
35:28.0,0.001060626
35:29.0,0.001062388
35:30.0,0.001069796
35:31.0,0.001026564
35:32.0,0.001034913
35:33.0,0.001011878
35:34.0,0.001032326
35:35.0,0.001047679
35:36.0,0.001061379
35:37.0,0.00106267
35:38.0,0.001040827
35:39.0,0.001046844
35:40.0,0.001029511
35:41.0,0.001020543
35:42.0,0.001029725
35:43.0,0.001076794
35:44.0,0.001068011
35:45.0,0.001082575
35:46.0,0.00107609
35:47.0,0.00106291
35:48.0,0.001032402
35:49.0,0.001015985
35:50.0,0.001016111
35:51.0,0.001019471
35:52.0,0.001030437
35:53.0,0.00106267
35:53.9,0.001058034
35:54.9,0.001058189
35:55.9,0.001054288
35:56.9,0.001037504
35:57.9,0.001028354
35:58.9,0.001035917
35:59.9,0.00103551
36:00.9,0.001044703
36:01.9,0.001043752
36:02.9,0.001056191
36:03.9,0.001052881
36:04.9,0.001039445
36:05.9,0.001051887
36:06.9,0.001048793
36:07.9,0.0010775
36:08.9,0.001055814
36:09.9,0.001038353
36:10.9,0.001030235
36:11.9,0.001022601
36:12.9,0.001045996
36:13.9,0.001040993
36:14.9,0.001039758
36:15.9,0.001046266
36:16.9,0.001055633
36:17.9,0.001067681
36:18.9,0.001076489
36:19.9,0.001041364
36:20.9,0.001053843
36:21.9,0.001025259
36:22.9,0.001010673
36:23.9,0.001039845
36:24.9,0.001048471
36:25.9,0.001040346
36:26.9,0.001054313
36:27.9,0.001044592
36:28.9,0.001051198
36:29.9,0.001045707
36:30.9,0.001045285
36:31.9,0.001055617
36:32.9,0.001026457
36:33.9,0.001044948
36:34.9,0.001038902
36:35.9,0.00102802
36:36.9,0.001033692
36:37.9,0.001042104
36:38.9,0.001054143
36:39.9,0.001047087
36:40.9,0.001052014
36:41.9,0.001054857
36:42.9,0.001053094
36:43.9,0.001047262
36:44.9,0.001052937
36:45.9,0.001093879
36:46.9,0.001079059
36:47.9,0.001045516
36:48.9,0.001038964
36:49.9,0.001026559
36:50.9,0.001003066
36:51.9,0.001008298
36:52.9,0.001051224
36:53.9,0.001059975
36:54.8,0
36:55.8,0.000963601
36:56.8,0.000880171
36:57.8,0.0008995
36:58.8,0.000902474
36:59.8,0.000872314
37:00.8,0.000841948
37:01.8,0.000835529
37:02.8,0.000822661
37:03.8,0.00083175
37:04.8,0.000854009
37:05.8,0.000855028
37:06.8,0.000852033
37:07.8,0.000877088
37:08.8,0.000886918
37:09.8,0.000872299
37:10.8,0.000870442
37:11.8,0.000865328
37:12.8,0.000844796
37:13.8,0.00084708
37:14.8,0.000862081
37:15.8,0.000868242
37:16.8,0.000864264
37:17.8,0.000843236
37:18.8,0.000849977
37:19.8,0.000864929
37:20.8,0.000861715
37:21.8,0.000857414
37:22.8,0.000872542
37:23.8,0.000881752
37:24.8,0.00086785
37:25.8,0.000852154
37:26.8,0.000849464
37:27.8,0.000848297
37:28.8,0.000849724
37:29.8,0.000862495
37:30.8,0.000866786
37:31.8,0.000864719
37:32.8,0.000893192
37:33.8,0.000887946
37:34.8,0.000875831
37:35.8,0.000855703
37:36.8,0.000886743
37:37.8,0.000875767
37:38.8,0.000849875
37:39.8,0.000854153
37:40.8,0.000866202
37:41.8,0.00085795
37:42.8,0.00087752
37:43.8,0.000839609
37:44.8,0.000868134
37:45.8,0.000871719
37:46.8,0.000878749
37:47.8,0.000865668
37:48.8,0.000855926
37:49.8,0.000865759
37:50.8,0.000831889
37:51.8,0.000859648
37:52.8,0.000871398
37:53.8,0.000868633
37:54.8,0.000855178
37:55.7,0.000870369
37:56.7,0.000860564
37:57.7,0.000842305
37:58.7,0.000833431
37:59.7,0.000821256
38:00.7,0.000847467
38:01.7,0.000886822
38:02.7,0.000920741
38:03.7,0.000895922
38:04.7,0.000857096
38:05.7,0.000869279
38:06.7,0.000894036
38:07.7,0.000897513
2025-7-7 22:38,0.000866059
38:09.7,0.000837086
38:10.7,0.000828392
38:11.7,0.000859491
38:12.7,0.000869058
38:13.7,0.000859402
38:14.7,0.000869133
38:15.7,0.00086126
38:16.7,0.000851995
38:17.7,0.000853444
38:18.7,0.000849077
2025-7-7 22:38,0.000878372
2025-7-7 22:38,0.000855778
2025-7-7 22:38,0.000874729
38:22.7,0.000872238
38:23.7,0.000872066
38:24.7,0.000869753
38:25.7,0.000854791
38:26.7,0.000859531
38:27.7,0.000855741
38:28.7,0.000838838
38:29.7,0.000854472
38:30.7,0.000861454
38:31.7,0.00088822
38:32.7,0.000895757
38:33.7,0.00086494
38:34.7,0.000861032
38:35.7,0.000859555
38:36.7,0.000841574
38:37.7,0.000851036
38:38.7,0.000880816
38:39.7,0.000878734
38:40.7,0.000885972
38:41.7,0.000861682
38:42.7,0.00085501
38:43.7,0.000861744
38:44.7,0.000870513
38:45.7,0.000894864
38:46.7,0.000903999
38:47.7,0.00088245
38:48.7,0.000882333
38:49.7,0.00088123
38:50.7,0.000866988
38:51.7,0.000839835
38:52.7,0.000819557
38:53.7,0.000794945
38:54.7,0.000903104
38:55.7,0.000892063
38:56.6,0.000875881
38:57.6,0.000836097
38:58.6,0.000827439
38:59.6,0.00082134
39:00.6,0.000878582
39:01.6,0.000892576
39:02.6,0.000865526
39:03.6,0.000846903
39:04.6,0.000871054
39:05.6,0.000888791
39:06.6,0.000886858
39:07.6,0.000874503
39:08.6,0.000881734
39:09.6,0.000863407
39:10.6,0.000840578
39:11.6,0.000836194
39:12.6,0.000837191
39:13.6,0.000866641
39:14.6,0.00085854
39:15.6,0.000857597
39:16.6,0.000844092
39:17.6,0.000834874
39:18.6,0.000839437
39:19.6,0.000848739
39:20.6,0.000879
39:21.6,0.000870839
39:22.6,0.000893313
39:23.6,0.000902073
39:24.6,0.000882011
39:25.6,0.000885076
39:26.6,0.00090205
39:27.6,0.000904001
39:28.6,0.000890599
39:29.6,0.000857409
39:30.6,0.000838516
39:31.6,0.000840454
39:32.6,0.000837523
39:33.6,0.000831868
39:34.6,0.000856308
39:35.6,0.000885684
39:36.6,0.000897421
39:37.6,0.00089514
39:38.6,0.00087977
39:39.6,0.000872245
39:40.6,0.000849805
39:41.6,0.000839936
39:42.6,0.000839809
39:43.6,0.000830646
39:44.6,0.000846074
39:45.6,0.000857143
39:46.6,0.000874152
39:47.6,0.000880194
39:48.6,0.000877512
39:49.6,0.000855596
39:50.6,0.000844207
39:51.6,0.000865607
39:52.6,0.000865796
39:53.6,0.000864638
39:54.6,0.000861461
39:55.6,0.00088342
39:56.6,0.000847985
39:57.5,0.000852793
39:58.5,0.000868619
39:59.5,0.000848599
40:00.5,0.000883763
40:01.5,0.000877858
40:02.5,0.000863981
40:03.5,0.000838001
40:04.5,0.000858288
40:05.5,0.000855278
40:06.5,0.000842898
40:07.5,0.000878257
40:08.5,0.000866787
40:09.5,0.000858947
40:10.5,0.000847487
40:11.5,0.00086807
40:12.5,0.000886666
40:13.5,0.000864425
40:14.5,0.000860548
40:15.5,0.000830019
40:16.5,0.000827006
40:17.5,0.000860261
40:18.5,0.000862228
40:19.5,0.000896568
40:20.5,0.000896187
40:21.5,0.0008751
40:22.5,0.000869499
40:23.5,0.000848103
40:24.5,0.000865632
40:25.5,0.00085715
40:26.5,0.000851667
40:27.5,0.000846648
40:28.5,0.000866862
40:29.5,0.000877225
40:30.5,0.000861703
40:31.5,0.000878567
40:32.5,0.000872269
40:33.5,0.00084877
40:34.5,0.000870167
40:35.5,0.00086727
40:36.5,0.000858179
40:37.5,0.00085913
40:38.5,0.000870922
40:39.5,0.000852115
40:40.5,0.000866738
40:41.5,0.000863647
40:42.5,0.000858475
40:43.5,0.000858807
40:44.5,0.000862538
40:45.5,0.000846362
40:46.5,0.000841691
40:47.5,0.000850065
40:48.5,0.000855845
40:49.5,0.000862935
40:50.5,0.000869625
40:51.5,0.00089203
40:52.5,0.000876384
40:53.5,0.000868336
40:54.5,0.000862683
40:55.5,0.000873971
40:56.5,0.000870113
40:57.5,0.000848987
40:58.4,0.000842529
40:59.4,0.000840385
41:00.4,0.00085161
41:01.4,0.000862762
41:02.4,0.000870079
41:03.4,0.00088757
41:04.4,0.000864733
41:05.4,0.000843926
41:06.4,0.000864679
41:07.4,0.000858216
41:08.4,0.000881101
41:09.4,0.000866
41:10.4,0.000844512
41:11.4,0.000853924
41:12.4,0.000860456
41:13.4,0.000876561
41:14.4,0.000863069
41:15.4,0.000866594
41:16.4,0.000873572
41:17.4,0.000874143
41:18.4,0.000861955
41:19.4,0.000846157
41:20.4,0.000857227
41:21.4,0.000840225
41:22.4,0.000863646
41:23.4,0.000867914
41:24.4,0.000865672
41:25.4,0.000861148
41:26.4,0.000865635
41:27.4,0.000876976
41:28.4,0.000882372
41:29.4,0.000864893
41:30.4,0.00086405
41:31.4,0.000842194
41:32.4,0.000844151
41:33.4,0.000851186
41:34.4,0.000860712
41:35.4,0.000857562
41:36.4,0.000844034
41:37.4,0.000850322
41:38.4,0.000846732
41:39.4,0.00084819
41:40.4,0.000866704
41:41.4,0.000888881
41:42.4,0.000882366
41:43.4,0.000866709
41:44.4,0.000856411
41:45.4,0.000852216
41:46.4,0.00084906
41:47.4,0.000849592
41:48.4,0.000869017
41:49.4,0.000863937
41:50.4,0.000882533
41:51.4,0.000865235
41:52.4,0.000863304
41:53.4,0.000858396
41:54.4,0.000861032
41:55.4,0.000863153
41:56.4,0.000862461
41:57.4,0.000862779
41:58.4,0.000869035
41:59.3,0.00084984
42:00.3,0.000858339
42:01.3,0.000875453
42:02.3,0.000865678
42:03.3,0.000853995
42:04.3,0.000856385
42:05.3,0.000874462
42:06.3,0.000880604
42:07.3,0.000876935
42:08.3,0.000869897
42:09.3,0.000859743
42:10.3,0.000849584
42:11.3,0.000851735
42:12.3,0.00084386
42:13.3,0.000846363
42:14.3,0.000856847
42:15.3,0.000854427
42:16.3,0.000872763
42:17.3,0.000869342
42:18.3,0.000856028
42:19.3,0.000868583
42:20.3,0.000855131
42:21.3,0.000856367
42:22.3,0.000856458
42:23.3,0.000862747
42:24.3,0.00086249
42:25.3,0.000832788
42:26.3,0.000821329
42:27.3,0.000850267
42:28.3,0.000853722
42:29.3,0.000870706
42:30.3,0.00087874
42:31.3,0.000873217
42:32.3,0.000879868
42:33.3,0.00089213
42:34.3,0.000866216
42:35.3,0.000872945
42:36.3,0.000865727
42:37.3,0.00087029
42:38.3,0.000874553
42:39.3,0.00087526
42:40.3,0.000846083
42:41.3,0.000853836
42:42.3,0.000843729
42:43.3,0.000852057
42:44.3,0.000858737
42:45.3,0.000856553
42:46.3,0.000853654
42:47.3,0.00085461
42:48.3,0.000865591
42:49.3,0.000869823
42:50.3,0.000877876
42:51.3,0.000859681
42:52.3,0.00084591
42:53.3,0.000874109
42:54.3,0.000852355
42:55.3,0.000864562
42:56.3,0.000881574
42:57.3,0.000881361
42:58.3,0.000874766
42:59.3,0.000863387
43:00.2,0.000861448
43:01.2,0.000851326
43:02.2,0.000843305
43:03.2,0.000851411
43:04.2,0.000857495
43:05.2,0.000862939
43:06.2,0.000845081
43:07.2,0.000825395
43:08.2,0.000846496
43:09.2,0.0008529
43:10.2,0.000871933
43:11.2,0.000879913
43:12.2,0.000892717
43:13.2,0.000885484
43:14.2,0.000863491
43:15.2,0.000866507
43:16.2,0.000870772
43:17.2,0.000855301
43:18.2,0.000844844
43:19.2,0.000857461
43:20.2,0.000854755
43:21.2,0.000881446
43:22.2,0.000868238
43:23.2,0.000860822
43:24.2,0.000867397
43:25.2,0.000869058
43:26.2,0.000867207
43:27.2,0.000860873
43:28.2,0.000852034
43:29.2,0.000862951
43:30.2,0.000853304
43:31.2,0.000863092
43:32.2,0.000863616
43:33.2,0.000870431
43:34.2,0.000855881
43:35.2,0.000862884
43:36.2,0.00086564
43:37.2,0.000853098
43:38.2,0.000856994
43:39.2,0.000853068
43:40.2,0.000861571
43:41.2,0.000867184
43:42.2,0.000878024
43:43.2,0.00086725
43:44.2,0.000860863
43:45.2,0.00086345
43:46.2,0.000861223
43:47.2,0.000854134
43:48.2,0.000862185
43:49.2,0.000867445
43:50.2,0.000859828
43:51.2,0.000853911
43:52.2,0.00087671
43:53.2,0.000866566
43:54.2,0.000861115
43:55.2,0.000882539
43:56.2,0.000876344
43:57.2,0.000862514
43:58.2,0.000853717
43:59.2,0.000865508
44:00.2,0.000863321
44:01.1,0.000862603
44:02.1,0.000867348
44:03.1,0.000864837
44:04.1,0.000867057
44:05.1,0.0008539
44:06.1,0.000843994
44:07.1,0.000866404
44:08.1,0.000879859
44:09.1,0.000872908
44:10.1,0.000863257
44:11.1,0.00086984
44:12.1,0.000871632
44:13.1,0.000874193
44:14.1,0.000871319
44:15.1,0.000867727
44:16.1,0.000859729
44:17.1,0.000872741
44:18.1,0.000878055
44:19.1,0.000870181
44:20.1,0.000858717
44:21.1,0.000858693
44:22.1,0.000857938
44:23.1,0.00087152
44:24.1,0.000868793
44:25.1,0.000874421
44:26.1,0.000871514
44:27.1,0.000859798
44:28.1,0.000856737
44:29.1,0.000849794
44:30.1,0.000852501
44:31.1,0.000853047
44:32.1,0.000877402
44:33.1,0.000896507
44:34.1,0.000873821
44:35.1,0.000861366
44:36.1,0.000857605
44:37.1,0.000862954
44:38.1,0.000855663
44:39.1,0.000865333
44:40.1,0.00086237
44:41.1,0.000863504
44:42.1,0.000888377
44:43.1,0.000879853
44:44.1,0.000871522
44:45.1,0.000857648
44:46.1,0.000877441
44:47.1,0.000873713
44:48.1,0.000856107
44:49.1,0.000844393
44:50.1,0.000870171
44:51.1,0.000871128
44:52.1,0.000866967
44:53.1,0.000875326
44:54.1,0.000867511
44:55.1,0.000889446
44:56.1,0.000890364
44:57.1,0.000871877
44:58.1,0.000860997
44:59.1,0.000854995
45:00.1,0.000847401
45:01.1,0.000857751
45:02.1,0.000860257
45:03.0,0.00086268
45:04.0,0.000868241
45:05.0,0.000852055
45:06.0,0.000830319
45:07.0,0.000849629
45:08.0,0.000867716
45:09.0,0.000869864
45:10.0,0.000886211
45:11.0,0.000871171
45:12.0,0.000881157
45:13.0,0.000881315
45:14.0,0.00087413
45:15.0,0.000860702
45:16.0,0.000860542
45:17.0,0.000870322
45:18.0,0.000859868
45:19.0,0.000890633
45:20.0,0.000882892
45:21.0,0.000856459
45:22.0,0.000846323
45:23.0,0.000862362
45:24.0,0.000871005
45:25.0,0.000867422
45:26.0,0.0008671
45:27.0,0.000874474
45:28.0,0.000873848
45:29.0,0.00086991
45:30.0,0.000877943
45:31.0,0.000856121
45:32.0,0.000843628
45:33.0,0.000864456
45:34.0,0.00087274
45:35.0,0.000878015
45:36.0,0.000871729
45:37.0,0.000885256
45:38.0,0.000884015
45:39.0,0.000877879
45:40.0,0.000855559
45:41.0,0.000849831
45:42.0,0.000845037
45:43.0,0.000847275
45:44.0,0.000868345
45:45.0,0.000870493
45:46.0,0.000867336
45:47.0,0.000880119
45:48.0,0.000866892
45:49.0,0.000866459
45:50.0,0.000863687
45:51.0,0.000861665
45:52.0,0.000858545
45:53.0,0.000858926
45:54.0,0.000864891
45:55.0,0.000871554
45:56.0,0.00087423
45:57.0,0.000854284
45:58.0,0.000857915
45:59.0,0.00086155
46:00.0,0.000865022
46:01.0,0.000873496
46:02.0,0.000874917
46:03.0,0.000872277
46:03.9,0.000864028
46:04.9,0.000856783
46:05.9,0.000860657
46:06.9,0.000871126
46:07.9,0.000874553
46:08.9,0.000861299
46:09.9,0.000859487
46:10.9,0.000858722
46:11.9,0.000877177
46:12.9,0.000888547
46:13.9,0.000868831
46:14.9,0.000857386
46:15.9,0.000860097
46:16.9,0.000873396
46:17.9,0.000864797
46:18.9,0.00086424
46:19.9,0.00086674
46:20.9,0.000872977
46:21.9,0.000875483
46:22.9,0.000872315
46:23.9,0.000859122
46:24.9,0.000862014
46:25.9,0.000864005
46:26.9,0.000877248
46:27.9,0.00087781
46:28.9,0.000874994
46:29.9,0.000870635
46:30.9,0.000871497
46:31.9,0.000861105
46:32.9,0.000851891
46:33.9,0.000868021
46:34.9,0.000868462
46:35.9,0.000868928
46:36.9,0.00087607
46:37.9,0.000861502
46:38.9,0.000845353
46:39.9,0.000844765
46:40.9,0.000859503
46:41.9,0.000881724
46:42.9,0.00089028
46:43.9,0.000876853
46:44.9,0.000889054
46:45.9,0.000897006
46:46.9,0.000885788
46:47.9,0.00086769
46:48.9,0.000864475
46:49.9,0.000863779
46:50.9,0.000848302
46:51.9,0.000831783
46:52.9,0.000849633
46:53.9,0.000872002
46:54.9,0
46:55.9,-0.000957722
46:56.9,-0.000866747
46:57.9,-0.000853477
46:58.9,-0.000840417
46:59.9,-0.000834295
47:00.9,-0.000827511
47:01.9,-0.000821764
47:02.9,-0.000812251
47:03.9,-0.000835693
47:04.8,-0.000848078
47:05.8,-0.000853972
47:06.8,-0.000856175
47:07.8,-0.000845989
47:08.8,-0.000842894
47:09.8,-0.000821524
47:10.8,-0.000837389
47:11.8,-0.00083803
47:12.8,-0.000840435
47:13.8,-0.000845615
47:14.8,-0.000841028
47:15.8,-0.000825769
47:16.8,-0.000825666
47:17.8,-0.000836018
47:18.8,-0.000838159
47:19.8,-0.00084264
47:20.8,-0.000857739
47:21.8,-0.000855018
47:22.8,-0.000851406
47:23.8,-0.000859369
47:24.8,-0.000842342
47:25.8,-0.000845274
47:26.8,-0.00084636
47:27.8,-0.000857937
47:28.8,-0.000851943
47:29.8,-0.000838259
47:30.8,-0.000831812
47:31.8,-0.000835039
47:32.8,-0.00083522
47:33.8,-0.000843797
47:34.8,-0.000844145
47:35.8,-0.000838939
47:36.8,-0.000851308
47:37.8,-0.000848836
47:38.8,-0.000849384
47:39.8,-0.000842309
47:40.8,-0.000823542
47:41.8,-0.000833008
47:42.8,-0.000846159
47:43.8,-0.000852
47:44.8,-0.000840292
47:45.8,-0.000833552
47:46.8,-0.000846691
47:47.8,-0.000854621
47:48.8,-0.000844915
47:49.8,-0.000844929
47:50.8,-0.000839821
47:51.8,-0.000841077
47:52.8,-0.000841906
47:53.8,-0.000843496
47:54.8,-0.00084275
47:55.8,-0.000849879
47:56.8,-0.000865678
47:57.8,-0.000861971
47:58.8,-0.000859409
47:59.8,-0.000838925
48:00.8,-0.000827085
48:01.8,-0.000827357
48:02.8,-0.000823853
48:03.8,-0.000830307
48:04.8,-0.000839933
48:05.7,-0.000831418
48:06.7,-0.000836309
48:07.7,-0.000854485
48:08.7,-0.000856309
48:09.7,-0.000857555
48:10.7,-0.00084429
48:11.7,-0.000831656
48:12.7,-0.000837185
48:13.7,-0.000835634
48:14.7,-0.000836306
48:15.7,-0.000846438
48:16.7,-0.000833885
48:17.7,-0.000833342
48:18.7,-0.000839414
48:19.7,-0.000839622
48:20.7,-0.000845426
48:21.7,-0.000848505
48:22.7,-0.000845919
48:23.7,-0.000850096
48:24.7,-0.000841886
48:25.7,-0.000843324
48:26.7,-0.000850892
48:27.7,-0.00084307
48:28.7,-0.000830796
48:29.7,-0.000821968
48:30.7,-0.000834415
48:31.7,-0.000842357
48:32.7,-0.000857873
48:33.7,-0.000855457
48:34.7,-0.000839196
48:35.7,-0.00084513
48:36.7,-0.000843793
48:37.7,-0.000836438
48:38.7,-0.000839115
48:39.7,-0.000854137
48:40.7,-0.000852959
48:41.7,-0.000846347
48:42.7,-0.000831956
48:43.7,-0.000835276
48:44.7,-0.000847177
48:45.7,-0.000856568
48:46.7,-0.000847921
48:47.7,-0.000829511
48:48.7,-0.000835033
48:49.7,-0.000842819
48:50.7,-0.000825852
48:51.7,-0.000834874
48:52.7,-0.000850293
48:53.7,-0.000852662
48:54.7,-0.000848432
48:55.7,-0.000847672
48:56.7,-0.000841512
48:57.7,-0.00084119
48:58.7,-0.000849489
48:59.7,-0.00084903
49:00.7,-0.000844891
49:01.7,-0.000835825
49:02.7,-0.000835712
49:03.7,-0.000837889
49:04.7,-0.000837633
49:05.7,-0.000833934
49:06.6,-0.000845668
49:07.6,-0.000843482
49:08.6,-0.0008354
49:09.6,-0.000836724
49:10.6,-0.000830646
49:11.6,-0.000854102
49:12.6,-0.000859677
49:13.6,-0.000854986
49:14.6,-0.000841779
49:15.6,-0.000846276
49:16.6,-0.000832707
49:17.6,-0.000816448
49:18.6,-0.000808676
49:19.6,-0.00083248
49:20.6,-0.000854231
49:21.6,-0.00085812
49:22.6,-0.000872674
49:23.6,-0.000865114
49:24.6,-0.000848168
49:25.6,-0.000838072
49:26.6,-0.000839445
49:27.6,-0.000837229
49:28.6,-0.000822864
49:29.6,-0.000843418
49:30.6,-0.000856465
49:31.6,-0.000861941
49:32.6,-0.000854867
49:33.6,-0.000837214
49:34.6,-0.000838359
49:35.6,-0.000849755
49:36.6,-0.000824943
49:37.6,-0.00084287
49:38.6,-0.000857641
49:39.6,-0.000853758
49:40.6,-0.000849618
49:41.6,-0.000846166
49:42.6,-0.000834152
49:43.6,-0.000830098
49:44.6,-0.000839498
49:45.6,-0.00084911
49:46.6,-0.000846522
49:47.6,-0.00084112
49:48.6,-0.000841257
49:49.6,-0.000862013
49:50.6,-0.000847115
49:51.6,-0.000836402
49:52.6,-0.000823816
49:53.6,-0.00083978
49:54.6,-0.00084861
49:55.6,-0.000837169
49:56.6,-0.000835577
49:57.6,-0.000838464
49:58.6,-0.000832745
49:59.6,-0.000845586
50:00.6,-0.00084231
50:01.6,-0.000842669
50:02.6,-0.000853462
50:03.6,-0.00085027
50:04.6,-0.000846571
50:05.6,-0.000847058
50:06.6,-0.000857236
50:07.5,-0.000857423
50:08.5,-0.000846355
50:09.5,-0.000850539
50:10.5,-0.00084831
50:11.5,-0.000830715
50:12.5,-0.000817182
50:13.5,-0.000832229
50:14.5,-0.000838042
50:15.5,-0.000855224
50:16.5,-0.000865457
50:17.5,-0.000861584
50:18.5,-0.00083835
50:19.5,-0.00081212
50:20.5,-0.000815525
50:21.5,-0.000839791
50:22.5,-0.000845669
50:23.5,-0.000854406
50:24.5,-0.000837021
50:25.5,-0.000839891
50:26.5,-0.000851212
50:27.5,-0.000841572
50:28.5,-0.00083229
50:29.5,-0.000837434
50:30.5,-0.000841962
50:31.5,-0.000838816
50:32.5,-0.000848904
50:33.5,-0.000855338
50:34.5,-0.000844174
50:35.5,-0.000835883
50:36.5,-0.000832612
50:37.5,-0.000834642
50:38.5,-0.000839592
50:39.5,-0.000839111
50:40.5,-0.000831983
50:41.5,-0.000852816
50:42.5,-0.000854613
50:43.5,-0.000860461
50:44.5,-0.000847838
50:45.5,-0.000839045
50:46.5,-0.000841398
50:47.5,-0.000851696
50:48.5,-0.000831851
50:49.5,-0.000833512
50:50.5,-0.00084991
50:51.5,-0.000860543
50:52.5,-0.000846017
50:53.5,-0.000830153
50:54.5,-0.000839697
50:55.5,-0.000832454
50:56.5,-0.00083137
50:57.5,-0.000839248
50:58.5,-0.0008553
50:59.5,-0.000846699
51:00.5,-0.0008484
51:01.5,-0.00085864
51:02.5,-0.000828279
51:03.5,-0.000831651
51:04.5,-0.000847144
51:05.5,-0.000856871
51:06.5,-0.000855263
51:07.5,-0.000841672
51:08.4,-0.00084036
51:09.4,-0.000826735
51:10.4,-0.000831857
51:11.4,-0.000837145
51:12.4,-0.000837265
51:13.4,-0.000839436
51:14.4,-0.000841016
51:15.4,-0.000845391
51:16.4,-0.000846213
51:17.4,-0.00083869
51:18.4,-0.000830398
51:19.4,-0.00083941
51:20.4,-0.000829227
51:21.4,-0.000831916
51:22.4,-0.000858341
51:23.4,-0.000853387
51:24.4,-0.000843565
51:25.4,-0.000837595
51:26.4,-0.000842587
51:27.4,-0.000848085
51:28.4,-0.0008408
51:29.4,-0.000848708
51:30.4,-0.000848828
51:31.4,-0.000841226
51:32.4,-0.000829016
51:33.4,-0.000835324
51:34.4,-0.000842343
51:35.4,-0.000845749
51:36.4,-0.000836529
51:37.4,-0.000840741
51:38.4,-0.000848954
51:39.4,-0.000848631
51:40.4,-0.000849069
51:41.4,-0.000845799
51:42.4,-0.00082893
51:43.4,-0.000831491
51:44.4,-0.000841498
51:45.4,-0.000846618
51:46.4,-0.000836935
51:47.4,-0.000832902
51:48.4,-0.000835582
51:49.4,-0.000836701
51:50.4,-0.000845205
51:51.4,-0.000847822
51:52.4,-0.000848961
51:53.4,-0.00083884
51:54.4,-0.000843776
51:55.4,-0.000850462
51:56.4,-0.00083232
51:57.4,-0.00082137
51:58.4,-0.00081935
51:59.4,-0.000830977
52:00.4,-0.000836661
52:01.4,-0.000844705
52:02.4,-0.000853304
52:03.4,-0.000854047
52:04.4,-0.000841474
52:05.4,-0.000838801
52:06.4,-0.00084596
52:07.4,-0.000847015
52:08.4,-0.000838007
52:09.3,-0.000843255
52:10.3,-0.000833855
52:11.3,-0.000840708
52:12.3,-0.000832404
52:13.3,-0.000827218
52:14.3,-0.000837051
52:15.3,-0.000846423
52:16.3,-0.000845363
52:17.3,-0.000840663
52:18.3,-0.000845696
52:19.3,-0.000830405
52:20.3,-0.000829358
52:21.3,-0.000837448
52:22.3,-0.000837617
52:23.3,-0.000836098
52:24.3,-0.000837453
52:25.3,-0.000830653
52:26.3,-0.000827915
52:27.3,-0.000839998
52:28.3,-0.000847732
52:29.3,-0.000857568
52:30.3,-0.000857836
52:31.3,-0.000834579
52:32.3,-0.000824723
52:33.3,-0.000829061
52:34.3,-0.000838681
52:35.3,-0.000833125
52:36.3,-0.000808078
52:37.3,-0.000811079
52:38.3,-0.00085515
52:39.3,-0.000858881
52:40.3,-0.000855052
52:41.3,-0.000851514
52:42.3,-0.000838092
52:43.3,-0.000835812
52:44.3,-0.00083407
52:45.3,-0.000828329
52:46.3,-0.000820292
52:47.3,-0.000818609
52:48.3,-0.000831736
52:49.3,-0.000848764
52:50.3,-0.000868002
52:51.3,-0.000856976
52:52.3,-0.000842523
52:53.3,-0.000842131
52:54.3,-0.000834368
52:55.3,-0.00083601
52:56.3,-0.00082823
52:57.3,-0.000800842
52:58.3,-0.000811103
52:59.3,-0.000827547
53:00.3,-0.000843674
53:01.3,-0.000867473
53:02.3,-0.000863906
53:03.3,-0.000856723
53:04.3,-0.000840925
53:05.3,-0.000829589
53:06.3,-0.000830887
53:07.3,-0.000828954
53:08.3,-0.000834088
53:09.3,-0.000843353
53:10.3,-0.000855156
53:11.2,-0.000844197
53:12.2,-0.000844005
53:13.2,-0.000830431
53:14.2,-0.000833738
53:15.2,-0.000832171
53:16.2,-0.000826309
53:17.2,-0.000828768
53:18.2,-0.000828886
53:19.2,-0.000845235
53:20.2,-0.000846444
53:21.2,-0.000841311
53:22.2,-0.000844294
53:23.2,-0.000842148
53:24.2,-0.000841738
53:25.2,-0.000847084
53:26.2,-0.000849322
53:27.2,-0.000843884
53:28.2,-0.000854895
53:29.2,-0.000847629
53:30.2,-0.000836121
53:31.2,-0.000819819
53:32.2,-0.000822715
53:33.2,-0.000817045
53:34.2,-0.000836992
53:35.2,-0.000834204
53:36.2,-0.00083341
53:37.2,-0.000835752
53:38.2,-0.000836302
53:39.2,-0.000840472
53:40.2,-0.00084047
53:41.2,-0.000839746
53:42.2,-0.000837035
53:43.2,-0.000838137
53:44.2,-0.000841546
53:45.2,-0.000844172
53:46.2,-0.000839553
53:47.2,-0.000844936
53:48.2,-0.000840224
53:49.2,-0.000826551
53:50.2,-0.000831702
53:51.2,-0.000836191
53:52.2,-0.000835685
53:53.2,-0.000836411
53:54.2,-0.000837242
53:55.2,-0.000834579
53:56.2,-0.000832076
53:57.2,-0.000836258
53:58.2,-0.000837269
53:59.2,-0.000840719
54:00.2,-0.000829961
54:01.2,-0.000828551
54:02.2,-0.000834209
54:03.2,-0.000837902
54:04.2,-0.000830962
54:05.2,-0.000818563
54:06.2,-0.000832457
54:07.2,-0.000841992
54:08.2,-0.000838559
54:09.2,-0.000843118
54:10.2,-0.000843233
54:11.2,-0.000838142
54:12.1,-0.000825726
54:13.1,-0.000832323
54:14.1,-0.000834065
54:15.1,-0.000820384
54:16.1,-0.000826225
54:17.1,-0.000835712
54:18.1,-0.000841053
54:19.1,-0.000838912
54:20.1,-0.000847123
54:21.1,-0.000838455
54:22.1,-0.000830043
54:23.1,-0.000835267
54:24.1,-0.000835122
54:25.1,-0.000837881
54:26.1,-0.000825331
54:27.1,-0.000811981
54:28.1,-0.000828595
54:29.1,-0.000845064
54:30.1,-0.000842292
54:31.1,-0.000845391
54:32.1,-0.000841035
54:33.1,-0.000834584
54:34.1,-0.000831345
54:35.1,-0.000831477
54:36.1,-0.000828697
54:37.1,-0.000824236
54:38.1,-0.000818725
54:39.1,-0.000819511
54:40.1,-0.000842765
54:41.1,-0.000852044
54:42.1,-0.000850513
54:43.1,-0.000844024
54:44.1,-0.000835412
54:45.1,-0.000833373
54:46.1,-0.000838239
54:47.1,-0.000845599
54:48.1,-0.000837741
54:49.1,-0.00082782
54:50.1,-0.000841594
54:51.1,-0.000836924
54:52.1,-0.000825372
54:53.1,-0.000824576
54:54.1,-0.000836895
54:55.1,-0.000839862
54:56.1,-0.000830041
54:57.1,-0.000836841
54:58.1,-0.000841876
54:59.1,-0.000837504
55:00.1,-0.000833608
55:01.1,-0.000828466
55:02.1,-0.000819043
55:03.1,-0.00082504
55:04.1,-0.000832291
55:05.1,-0.00083651
55:06.1,-0.000831308
55:07.1,-0.000826665
55:08.1,-0.00082898
55:09.1,-0.000831374
55:10.1,-0.000823529
55:11.1,-0.000829489
55:12.1,-0.000837039
55:13.0,-0.000844953
55:14.0,-0.000837865
55:15.0,-0.000835784
55:16.0,-0.000837617
55:17.0,-0.000837115
55:18.0,-0.000835151
55:19.0,-0.000827787
55:20.0,-0.000822211
55:21.0,-0.000823596
55:22.0,-0.000828546
55:23.0,-0.000841605
55:24.0,-0.000834552
55:25.0,-0.000828689
55:26.0,-0.000827126
55:27.0,-0.000830741
55:28.0,-0.000843616
55:29.0,-0.000841717
55:30.0,-0.00082203
55:31.0,-0.000824149
55:32.0,-0.000837875
55:33.0,-0.000838089
55:34.0,-0.000834725
55:35.0,-0.000843031
55:36.0,-0.000843218
55:37.0,-0.000840238
55:38.0,-0.000823785
55:39.0,-0.000825453
55:40.0,-0.000827463
55:41.0,-0.000825766
55:42.0,-0.000823153
55:43.0,-0.00083461
55:44.0,-0.000837464
55:45.0,-0.000839131
55:46.0,-0.000843557
55:47.0,-0.000837708
55:48.0,-0.000836865
55:49.0,-0.000830633
55:50.0,-0.000837845
55:51.0,-0.000832167
55:52.0,-0.000813962
55:53.0,-0.000821272
55:54.0,-0.000834339
55:55.0,-0.000844549
55:56.0,-0.000828822
55:57.0,-0.000824332
55:58.0,-0.000828375
55:59.0,-0.000827911
56:00.0,-0.000831782
56:01.0,-0.000837432
56:02.0,-0.000828061
56:03.0,-0.000829847
56:04.0,-0.000824381
56:05.0,-0.000821827
56:06.0,-0.000825941
56:07.0,-0.000830438
56:08.0,-0.000831263
56:09.0,-0.000834235
56:10.0,-0.000837076
56:11.0,-0.000834821
56:12.0,-0.000830734
56:13.0,-0.00084022
56:13.9,-0.000830745
56:14.9,-0.00083375
56:15.9,-0.000845009
56:16.9,-0.000834643
56:17.9,-0.000837274
56:18.9,-0.00083682
56:19.9,-0.000824059
56:20.9,-0.000824113
56:21.9,-0.00082311
56:22.9,-0.000827675
56:23.9,-0.000833649
56:24.9,-0.000838181
56:25.9,-0.000829985
56:26.9,-0.000830142
56:27.9,-0.000825885
56:28.9,-0.000831452
56:29.9,-0.000836438
56:30.9,-0.00083425
56:31.9,-0.000825922
56:32.9,-0.00082725
56:33.9,-0.000833058
56:34.9,-0.000833968
56:35.9,-0.000830249
56:36.9,-0.000842806
56:37.9,-0.000835765
56:38.9,-0.000819373
56:39.9,-0.000824363
56:40.9,-0.000835386
56:41.9,-0.000833246
56:42.9,-0.000829513
56:43.9,-0.000831183
56:44.9,-0.000831181
56:45.9,-0.000825343
56:46.9,-0.000829176
56:47.9,-0.000820091
56:48.9,-0.000829171
56:49.9,-0.000839505
56:50.9,-0.00083324
56:51.9,-0.000837778
56:52.9,-0.00083516
56:53.9,-0.000837551
56:54.9,0
56:55.9,-0.000332508
56:56.9,-0.000307496
56:57.9,-0.000314213
56:58.9,-0.000310109
56:59.9,-0.000313029
57:00.9,-0.000309173
57:01.9,-0.000309711
57:02.9,-0.000311527
57:03.9,-0.000308927
57:04.9,-0.000310739
57:05.9,-0.000317336
57:06.9,-0.000309132
57:07.9,-0.000295675
57:08.9,-0.000301811
57:09.9,-0.00030958
57:10.9,-0.0003256
57:11.9,-0.00031428
57:12.9,-0.00029781
57:13.9,-0.000316014
57:14.8,-0.000310075
57:15.8,-0.000304643
57:16.8,-0.000303181
57:17.8,-0.000320905
57:18.8,-0.00033342
57:19.8,-0.000325793
57:20.8,-0.000306436
57:21.8,-0.000293949
57:22.8,-0.000298764
57:23.8,-0.000301735
57:24.8,-0.000308073
57:25.8,-0.000311896
57:26.8,-0.000310435
57:27.8,-0.000298538
57:28.8,-0.000300956
57:29.8,-0.00029409
57:30.8,-0.000308887
57:31.8,-0.000324706
57:32.8,-0.000316455
57:33.8,-0.000320308
57:34.8,-0.000310515
57:35.8,-0.000310076
57:36.8,-0.000321798
57:37.8,-0.000310341
57:38.8,-0.000303206
57:39.8,-0.000294979
57:40.8,-0.000307637
57:41.8,-0.00031733
57:42.8,-0.000311466
57:43.8,-0.000311983
57:44.8,-0.000311862
57:45.8,-0.0003109
57:46.8,-0.00030764
57:47.8,-0.000306912
57:48.8,-0.000313134
57:49.8,-0.000322438
57:50.8,-0.000312811
57:51.8,-0.000308527
57:52.8,-0.000311249
57:53.8,-0.000296645
57:54.8,-0.000304127
57:55.8,-0.000304819
57:56.8,-0.000287696
57:57.8,-0.000291747
57:58.8,-0.000324689
57:59.8,-0.000332328
58:00.8,-0.000309873
58:01.8,-0.000302455
58:02.8,-0.000317856
58:03.8,-0.000315611
58:04.8,-0.000310153
58:05.8,-0.000317586
58:06.8,-0.000311318
58:07.8,-0.000302632
58:08.8,-0.000306121
58:09.8,-0.000315595
58:10.8,-0.000307199
58:11.8,-0.000311609
58:12.8,-0.000311648
58:13.8,-0.000302637
58:14.8,-0.000310039
58:15.7,-0.000308233
58:16.7,-0.000316302
58:17.7,-0.000322338
58:18.7,-0.000315832
58:19.7,-0.000305004
58:20.7,-0.000302869
58:21.7,-0.000299187
58:22.7,-0.000309114
58:23.7,-0.000308681
58:24.7,-0.000309274
58:25.7,-0.000308953
58:26.7,-0.000315116
58:27.7,-0.000319113
58:28.7,-0.000313494
58:29.7,-0.000303954
58:30.7,-0.000306574
58:31.7,-0.000308862
58:32.7,-0.00030909
58:33.7,-0.000306321
58:34.7,-0.000304161
58:35.7,-0.000304184
58:36.7,-0.000319097
58:37.7,-0.000312921
58:38.7,-0.000324337
58:39.7,-0.000318007
58:40.7,-0.000301652
58:41.7,-0.000297424
58:42.7,-0.000307066
58:43.7,-0.000304663
58:44.7,-0.000309109
58:45.7,-0.000311181
58:46.7,-0.000319415
58:47.7,-0.000316365
58:48.7,-0.000298874
58:49.7,-0.000310764
58:50.7,-0.000312492
58:51.7,-0.000295184
58:52.7,-0.000302817
58:53.7,-0.000314907
58:54.7,-0.00031261
58:55.7,-0.000315453
58:56.7,-0.000324263
58:57.7,-0.000317628
58:58.7,-0.00030368
58:59.7,-0.00029872
59:00.7,-0.000300876
59:01.7,-0.000312746
59:02.7,-0.00030335
59:03.7,-0.000310377
59:04.7,-0.000308415
59:05.7,-0.0003124
59:06.7,-0.000313828
59:07.7,-0.00030184
59:08.7,-0.000308514
59:09.7,-0.00030908
59:10.7,-0.000310109
59:11.7,-0.000304192
59:12.7,-0.000320258
59:13.7,-0.000311395
59:14.7,-0.000306954
59:15.7,-0.000300482
59:16.6,-0.000294756
59:17.6,-0.000309845
59:18.6,-0.00030643
59:19.6,-0.000314722
59:20.6,-0.000320536
59:21.6,-0.000310389
59:22.6,-0.00032011
59:23.6,-0.000316391
59:24.6,-0.000304736
59:25.6,-0.000299475
59:26.6,-0.000302222
59:27.6,-0.00030457
59:28.6,-0.00029656
59:29.6,-0.000298404
59:30.6,-0.000314419
59:31.6,-0.000326025
59:32.6,-0.000329407
59:33.6,-0.000317453
59:34.6,-0.000310396
59:35.6,-0.000308238
59:36.6,-0.000310132
59:37.6,-0.000319549
59:38.6,-0.000307646
59:39.6,-0.000315712
59:40.6,-0.000313972
59:41.6,-0.000313539
59:42.6,-0.000310126
59:43.6,-0.000294542
59:44.6,-0.000304736
59:45.6,-0.000297636
59:46.6,-0.000292916
59:47.6,-0.000296864
59:48.6,-0.000295107
59:49.6,-0.000307005
59:50.6,-0.000320328
59:51.6,-0.000327811
59:52.6,-0.000327748
59:53.6,-0.000323838
59:54.6,-0.000312501
59:55.6,-0.000304053
59:56.6,-0.000316477
59:57.6,-0.000306562
59:58.6,-0.000296144
59:59.6,-0.000292619
00:00.6,-0.000300529
00:01.6,-0.000319936
00:02.6,-0.000326925
00:03.6,-0.000325257
00:04.6,-0.000313811
00:05.6,-0.000312893
00:06.6,-0.000313204
00:07.6,-0.000318129
00:08.6,-0.000311725
00:09.6,-0.000307361
00:10.6,-0.000311029
00:11.6,-0.00031305
00:12.6,-0.000297377
00:13.6,-0.000305502
00:14.6,-0.000310786
00:15.6,-0.000310457
00:16.6,-0.000319917
00:17.5,-0.000313554
00:18.5,-0.000314991
00:19.5,-0.000299166
00:20.5,-0.000306227
00:21.5,-0.000311015
00:22.5,-0.00030705
00:23.5,-0.000309211
00:24.5,-0.000310649
00:25.5,-0.000305962
00:26.5,-0.00030385
00:27.5,-0.00031439
00:28.5,-0.000316275
00:29.5,-0.000311218
00:30.5,-0.000306616
00:31.5,-0.000308312
00:32.5,-0.000313933
00:33.5,-0.000311539
00:34.5,-0.000307634
00:35.5,-0.000302441
00:36.5,-0.000306768
00:37.5,-0.000305444
00:38.5,-0.000308876
00:39.5,-0.000316814
00:40.5,-0.000313566
00:41.5,-0.000306992
00:42.5,-0.000311535
00:43.5,-0.000318479
00:44.5,-0.000311732
00:45.5,-0.000300965
00:46.5,-0.000304354
00:47.5,-0.000310124
00:48.5,-0.000306651
00:49.5,-0.000313597
00:50.5,-0.000306517
00:51.5,-0.000310086
00:52.5,-0.000323296
00:53.5,-0.000316711
00:54.5,-0.00031151
00:55.5,-0.000316868
00:56.5,-0.000316232
00:57.5,-0.000298897
00:58.5,-0.000300384
00:59.5,-0.000301618
01:00.5,-0.000305581
01:01.5,-0.000319121
01:02.5,-0.000320697
01:03.5,-0.000316381
01:04.5,-0.00030628
01:05.5,-0.000297504
01:06.5,-0.000307547
01:07.5,-0.000308987
01:08.5,-0.000307113
01:09.5,-0.000307584
01:10.5,-0.000310457
01:11.5,-0.000312784
01:12.5,-0.000319039
01:13.5,-0.000326095
01:14.5,-0.000309843
01:15.5,-0.000313214
01:16.5,-0.000319222
01:17.5,-0.000312514
01:18.4,-0.000304796
01:19.4,-0.000309051
01:20.4,-0.000312327
01:21.4,-0.000307
01:22.4,-0.000310722
01:23.4,-0.000309509
01:24.4,-0.000308542
01:25.4,-0.000312529
01:26.4,-0.000316262
01:27.4,-0.000307356
01:28.4,-0.000312801
01:29.4,-0.000312645
01:30.4,-0.000326412
01:31.4,-0.000303874
01:32.4,-0.000294755
01:33.4,-0.000308066
01:34.4,-0.000313705
01:35.4,-0.000315818
01:36.4,-0.000312607
01:37.4,-0.000312159
01:38.4,-0.000315894
01:39.4,-0.000303531
01:40.4,-0.000304134
01:41.4,-0.000295601
01:42.4,-0.000311959
01:43.4,-0.000319912
01:44.4,-0.000311512
01:45.4,-0.000317719
01:46.4,-0.000316749
01:47.4,-0.000323382
01:48.4,-0.000314197
01:49.4,-0.000312766
01:50.4,-0.000304949
01:51.4,-0.00029972
01:52.4,-0.000301252
01:53.4,-0.000302883
01:54.4,-0.000311447
01:55.4,-0.0003064
01:56.4,-0.000307795
01:57.4,-0.000296721
01:58.4,-0.000296689
01:59.4,-0.000314053
02:00.4,-0.000321341
02:01.4,-0.00032588
02:02.4,-0.000321531
02:03.4,-0.000319768
02:04.4,-0.000311359
02:05.4,-0.000318369
02:06.4,-0.00031387
02:07.4,-0.000308979
02:08.4,-0.00030754
02:09.4,-0.000317957
02:10.4,-0.000318476
02:11.4,-0.000308195
02:12.4,-0.000304036
02:13.4,-0.000309163
02:14.4,-0.000312007
02:15.4,-0.000315545
02:16.4,-0.000315268
02:17.4,-0.000310299
02:18.4,-0.000317001
02:19.4,-0.000309996
02:20.3,-0.000303419
02:21.3,-0.00030227
02:22.3,-0.000314849
02:23.3,-0.000319684
02:24.3,-0.000313907
02:25.3,-0.000305604
02:26.3,-0.000306371
02:27.3,-0.000310595
02:28.3,-0.000313465
02:29.3,-0.000310435
02:30.3,-0.000307811
02:31.3,-0.000328341
02:32.3,-0.000318922
02:33.3,-0.000306005
02:34.3,-0.000312022
02:35.3,-0.000323104
02:36.3,-0.000322743
02:37.3,-0.000322804
02:38.3,-0.000308255
02:39.3,-0.000306798
02:40.3,-0.000301135
02:41.3,-0.000309064
02:42.3,-0.00031249
02:43.3,-0.000301847
02:44.3,-0.000313592
02:45.3,-0.000311806
02:46.3,-0.000301465
02:47.3,-0.000296039
02:48.3,-0.000311479
02:49.3,-0.000321365
02:50.3,-0.000318055
02:51.3,-0.000323234
02:52.3,-0.000313866
02:53.3,-0.000307694
02:54.3,-0.000312881
02:55.3,-0.000319411
02:56.3,-0.000315843
02:57.3,-0.000316211
02:58.3,-0.000312276
02:59.3,-0.00029996
03:00.3,-0.000300912
03:01.3,-0.000307553
03:02.3,-0.000309089
03:03.3,-0.000320358
03:04.3,-0.000311297
03:05.3,-0.000308094
03:06.3,-0.000299031
03:07.3,-0.000313038
03:08.3,-0.000318761
03:09.3,-0.000314653
03:10.3,-0.000304571
03:11.3,-0.00031364
03:12.3,-0.000314531
03:13.3,-0.000317487
03:14.3,-0.000311283
03:15.3,-0.000313664
03:16.3,-0.000333559
03:17.3,-0.000323396
03:18.3,-0.000297607
03:19.3,-0.000303371
03:20.3,-0.000309758
03:21.2,-0.000302543
03:22.2,-0.000309544
03:23.2,-0.000308909
03:24.2,-0.000314021
03:25.2,-0.000318357
03:26.2,-0.000306773
03:27.2,-0.000306676
03:28.2,-0.000315063
03:29.2,-0.000309221
03:30.2,-0.000306171
03:31.2,-0.000309909
03:32.2,-0.000316328
03:33.2,-0.000313567
03:34.2,-0.00031178
03:35.2,-0.000323614
03:36.2,-0.000318453
03:37.2,-0.000319038
03:38.2,-0.000318751
03:39.2,-0.000306881
03:40.2,-0.000305883
03:41.2,-0.000304588
03:42.2,-0.00030044
03:43.2,-0.00030613
03:44.2,-0.000306569
03:45.2,-0.000306032
03:46.2,-0.000311652
03:47.2,-0.000309059
03:48.2,-0.000304001
03:49.2,-0.000308269
03:50.2,-0.000308501
03:51.2,-0.000315279
03:52.2,-0.00032852
03:53.2,-0.00031596
03:54.2,-0.000308737
03:55.2,-0.000314655
03:56.2,-0.000303026
03:57.2,-0.000308915
03:58.2,-0.000313441
03:59.2,-0.000316708
04:00.2,-0.000306435
04:01.2,-0.00031676
04:02.2,-0.00031746
04:03.2,-0.000314842
04:04.2,-0.000312041
04:05.2,-0.000317788
04:06.2,-0.000320052
04:07.2,-0.000314679
04:08.2,-0.000317475
04:09.2,-0.000315943
04:10.2,-0.000307844
04:11.2,-0.00030509
04:12.2,-0.000300556
04:13.2,-0.000310595
04:14.2,-0.000312362
04:15.2,-0.000313651
04:16.2,-0.000311779
04:17.2,-0.000306712
04:18.2,-0.000315936
04:19.2,-0.000315801
04:20.2,-0.00031757
04:21.2,-0.000316351
04:22.1,-0.000307068
04:23.1,-0.0003048
04:24.1,-0.000312219
04:25.1,-0.000309
04:26.1,-0.000298417
04:27.1,-0.000304945
04:28.1,-0.000304037
04:29.1,-0.000308694
04:30.1,-0.000324065
04:31.1,-0.00032021
04:32.1,-0.000321261
04:33.1,-0.000316582
04:34.1,-0.00031311
04:35.1,-0.000317692
04:36.1,-0.000320098
04:37.1,-0.000313122
04:38.1,-0.000312015
04:39.1,-0.000318785
04:40.1,-0.000325632
04:41.1,-0.000313077
04:42.1,-0.000302412
04:43.1,-0.000290125
04:44.1,-0.000309588
04:45.1,-0.000305104
04:46.1,-0.000296091
04:47.1,-0.000315762
04:48.1,-0.000322493
04:49.1,-0.000321698
04:50.1,-0.000316261
04:51.1,-0.000308673
04:52.1,-0.000314892
04:53.1,-0.00030901
04:54.1,-0.000309602
04:55.1,-0.000321288
04:56.1,-0.000327684
04:57.1,-0.000315075
04:58.1,-0.000304143
04:59.1,-0.000307472
05:00.1,-0.000315978
05:01.1,-0.00031634
05:02.1,-0.000309922
05:03.1,-0.000310909
05:04.1,-0.000314136
05:05.1,-0.000312956
05:06.1,-0.00031504
05:07.1,-0.000327101
05:08.1,-0.000321803
05:09.1,-0.000320274
05:10.1,-0.000306494
05:11.1,-0.000303093
05:12.1,-0.000310055
05:13.1,-0.000309519
05:14.1,-0.000314808
05:15.1,-0.000316437
05:16.1,-0.000316194
05:17.1,-0.000320546
05:18.1,-0.000319364
05:19.1,-0.000310448
05:20.1,-0.000313756
05:21.1,-0.000314469
05:22.1,-0.000307074
05:23.0,-0.000307633
05:24.0,-0.000316356
05:25.0,-0.000316143
05:26.0,-0.000315101
05:27.0,-0.000321876
05:28.0,-0.000314171
05:29.0,-0.000306643
05:30.0,-0.000310101
05:31.0,-0.000309683
05:32.0,-0.000311653
05:33.0,-0.000316694
05:34.0,-0.000315091
05:35.0,-0.00031653
05:36.0,-0.000306816
05:37.0,-0.000313187
05:38.0,-0.000304588
05:39.0,-0.00031107
05:40.0,-0.000315442
05:41.0,-0.000324577
05:42.0,-0.00032358
05:43.0,-0.000314197
05:44.0,-0.000313449
05:45.0,-0.000311895
05:46.0,-0.000313196
05:47.0,-0.000311599
05:48.0,-0.000311264
05:49.0,-0.00031098
05:50.0,-0.000315672
05:51.0,-0.000315656
05:52.0,-0.000321365
05:53.0,-0.00031584
05:54.0,-0.000312486
05:55.0,-0.000316162
05:56.0,-0.000313993
05:57.0,-0.000306763
05:58.0,-0.000313169
05:59.0,-0.000309765
06:00.0,-0.000316916
06:01.0,-0.000310788
06:02.0,-0.00031904
06:03.0,-0.000319539
06:04.0,-0.000319275
06:05.0,-0.000307899
06:06.0,-0.000310809
06:07.0,-0.000314308
06:08.0,-0.000313259
06:09.0,-0.000307122
06:10.0,-0.000316996
06:11.0,-0.000321755
06:12.0,-0.000308774
06:13.0,-0.000320495
06:14.0,-0.000314924
06:15.0,-0.000304021
06:16.0,-0.00032105
06:17.0,-0.000323896
06:18.0,-0.000323548
06:19.0,-0.000312774
06:20.0,-0.000317204
06:21.0,-0.000316815
06:22.0,-0.000305885
06:23.0,-0.000305684
06:23.9,-0.000312267
06:24.9,-0.000312482
06:25.9,-0.000313629
06:26.9,-0.000309634
06:27.9,-0.000308638
06:28.9,-0.000307972
06:29.9,-0.000304778
06:30.9,-0.000318309
06:31.9,-0.000324178
06:32.9,-0.000324465
06:33.9,-0.000316542
06:34.9,-0.000316382
06:35.9,-0.000324437
06:36.9,-0.000320638
06:37.9,-0.000315992
06:38.9,-0.000316152
06:39.9,-0.000314364
06:40.9,-0.000304697
06:41.9,-0.000309282
06:42.9,-0.00030721
06:43.9,-0.000309829
06:44.9,-0.000300393
06:45.9,-0.000300935
06:46.9,-0.000302724
06:47.9,-0.000315468
06:48.9,-0.000319769
06:49.9,-0.00032152
06:50.9,-0.000325465
06:51.9,-0.000326007
06:52.9,-0.000313823
06:53.9,-0.000317222
06:54.9,0
06:55.9,-0.000556745
06:56.9,-0.000500043
06:57.9,-0.000505385
06:58.9,-0.000505729
06:59.9,-0.000500352
07:00.9,-0.000506795
07:01.9,-0.000507808
07:02.9,-0.000503272
07:03.9,-0.00050992
07:04.9,-0.000512001
07:05.9,-0.000502889
07:06.9,-0.000492424
07:07.9,-0.000485975
07:08.9,-0.000500318
07:09.9,-0.000511843
07:10.9,-0.000512507
07:11.9,-0.000517057
07:12.9,-0.000518495
07:13.9,-0.00051482
07:14.9,-0.000506136
07:15.9,-0.000501918
07:16.9,-0.000508229
07:17.9,-0.000515159
07:18.9,-0.000514909
07:19.9,-0.000514467
07:20.9,-0.000516343
07:21.9,-0.000510625
07:22.9,-0.000489586
07:23.9,-0.000492035
07:24.8,-0.000503981
07:25.8,-0.00049709
07:26.8,-0.000504837
07:27.8,-0.000503611
07:28.8,-0.000505859
07:29.8,-0.000504744
07:30.8,-0.000516402
07:31.8,-0.000509204
07:32.8,-0.000506795
07:33.8,-0.000511885
07:34.8,-0.000508529
07:35.8,-0.000498395
07:36.8,-0.000494438
07:37.8,-0.000502122
07:38.8,-0.000503339
07:39.8,-0.000507768
07:40.8,-0.00051616
07:41.8,-0.000511653
07:42.8,-0.000514865
07:43.8,-0.000507686
07:44.8,-0.000508887
07:45.8,-0.000510529
07:46.8,-0.000502651
07:47.8,-0.000498401
07:48.8,-0.000508428
07:49.8,-0.000515803
07:50.8,-0.000510084
07:51.8,-0.000508511
07:52.8,-0.000501793
07:53.8,-0.000504781
07:54.8,-0.000504538
07:55.8,-0.000514024
07:56.8,-0.000502583
07:57.8,-0.000499122
07:58.8,-0.000501299
07:59.8,-0.000515527
08:00.8,-0.000514831
08:01.8,-0.000517014
08:02.8,-0.000504321
08:03.8,-0.000499245
08:04.8,-0.000510144
08:05.8,-0.000511016
08:06.8,-0.000518075
08:07.8,-0.000519082
08:08.8,-0.000522341
08:09.8,-0.000514193
08:10.8,-0.000496558
08:11.8,-0.000490095
08:12.8,-0.00048952
08:13.8,-0.000504763
08:14.8,-0.000506909
08:15.8,-0.000499507
08:16.8,-0.000491133
08:17.8,-0.000493586
08:18.8,-0.000501454
08:19.8,-0.000515651
08:20.8,-0.00051944
08:21.8,-0.000522829
08:22.8,-0.000517875
08:23.8,-0.000508874
08:24.8,-0.000514144
08:25.7,-0.000511451
08:26.7,-0.000512977
08:27.7,-0.000508623
08:28.7,-0.000507363
08:29.7,-0.000494963
08:30.7,-0.000498176
08:31.7,-0.000502476
08:32.7,-0.000512327
08:33.7,-0.000513818
08:34.7,-0.000508819
08:35.7,-0.000491816
08:36.7,-0.000494332
08:37.7,-0.000497728
08:38.7,-0.000512459
08:39.7,-0.000512665
08:40.7,-0.000514231
08:41.7,-0.000512882
08:42.7,-0.000514551
08:43.7,-0.000519073
08:44.7,-0.000508716
08:45.7,-0.000509728
08:46.7,-0.000506002
08:47.7,-0.000498943
08:48.7,-0.000495264
08:49.7,-0.00050925
08:50.7,-0.000512571
08:51.7,-0.000512136
08:52.7,-0.000512559
08:53.7,-0.000510834
08:54.7,-0.000509764
08:55.7,-0.000518473
08:56.7,-0.000516427
08:57.7,-0.000510677
08:58.7,-0.000504299
08:59.7,-0.000515262
09:00.7,-0.000511746
09:01.7,-0.000506684
09:02.7,-0.000498134
09:03.7,-0.000496819
09:04.7,-0.000504562
09:05.7,-0.000502891
09:06.7,-0.000512441
09:07.7,-0.000506648
09:08.7,-0.000498283
09:09.7,-0.000501479
09:10.7,-0.000509257
09:11.7,-0.0005133
09:12.7,-0.000512923
09:13.7,-0.000515733
09:14.7,-0.000512908
09:15.7,-0.000514347
09:16.7,-0.000514519
09:17.7,-0.00051646
09:18.7,-0.000519748
09:19.7,-0.00051414
09:20.7,-0.000506661
09:21.7,-0.000498172
09:22.7,-0.000494132
09:23.7,-0.000499451
09:24.7,-0.000508734
09:25.7,-0.000497374
09:26.6,-0.000492057
09:27.6,-0.00049963
09:28.6,-0.000504606
09:29.6,-0.000514089
09:30.6,-0.000517561
09:31.6,-0.00051853
09:32.6,-0.00051878
09:33.6,-0.000514607
09:34.6,-0.000506829
09:35.6,-0.000512534
09:36.6,-0.000509364
09:37.6,-0.000507844
09:38.6,-0.000520796
09:39.6,-0.000517218
09:40.6,-0.00050495
09:41.6,-0.000504466
09:42.6,-0.00050406
09:43.6,-0.000499526
09:44.6,-0.000505552
09:45.6,-0.000500534
09:46.6,-0.000495751
09:47.6,-0.000492224
09:48.6,-0.000494454
09:49.6,-0.000500945
09:50.6,-0.000507836
09:51.6,-0.000519638
09:52.6,-0.000536991
09:53.6,-0.000527024
09:54.6,-0.000512684
09:55.6,-0.00050087
09:56.6,-0.000502161
09:57.6,-0.000501608
09:58.6,-0.000515182
09:59.6,-0.000515037
10:00.6,-0.000511082
10:01.6,-0.000512639
10:02.6,-0.000510004
10:03.6,-0.000499576
10:04.6,-0.000504257
10:05.6,-0.000492421
10:06.6,-0.000487546
10:07.6,-0.000498746
10:08.6,-0.000507262
10:09.6,-0.000511967
10:10.6,-0.000521273
10:11.6,-0.000526263
10:12.6,-0.000517934
10:13.6,-0.000507334
10:14.6,-0.000508689
10:15.6,-0.000507901
10:16.6,-0.000502938
10:17.6,-0.000508615
10:18.6,-0.00049612
10:19.6,-0.000502524
10:20.6,-0.000507969
10:21.6,-0.000516318
10:22.6,-0.000520283
10:23.6,-0.000505731
10:24.6,-0.000503265
10:25.6,-0.000507525
10:26.6,-0.000509691
10:27.6,-0.000508755
10:28.5,-0.000507251
10:29.5,-0.000514392
10:30.5,-0.00050137
10:31.5,-0.000497996
10:32.5,-0.000507771
10:33.5,-0.000515912
10:34.5,-0.000511689
10:35.5,-0.00050685
10:36.5,-0.000513008
10:37.5,-0.000511119
10:38.5,-0.000502104
10:39.5,-0.00052474
10:40.5,-0.000513565
10:41.5,-0.000504138
10:42.5,-0.000499851
10:43.5,-0.000495991
10:44.5,-0.000501263
10:45.5,-0.000498714
10:46.5,-0.000498501
10:47.5,-0.000507837
10:48.5,-0.000506441
10:49.5,-0.000502041
10:50.5,-0.000511993
10:51.5,-0.000512804
10:52.5,-0.000518238
10:53.5,-0.000514401
10:54.5,-0.000506819
10:55.5,-0.000508434
10:56.5,-0.000501318
10:57.5,-0.000498331
10:58.5,-0.000499277
10:59.5,-0.000507015
11:00.5,-0.000505409
11:01.5,-0.000518116
11:02.5,-0.000512575
11:03.5,-0.00051138
11:04.5,-0.000514046
11:05.5,-0.000506968
11:06.5,-0.00050582
11:07.5,-0.000503792
11:08.5,-0.000508264
11:09.5,-0.000502384
11:10.5,-0.000518311
11:11.5,-0.000515059
11:12.5,-0.0004998
11:13.5,-0.000502767
11:14.5,-0.000506
11:15.5,-0.000508533
11:16.5,-0.000499868
11:17.5,-0.000487607
11:18.5,-0.000503425
11:19.5,-0.00051294
11:20.5,-0.000511012
11:21.5,-0.000516246
11:22.5,-0.000502653
11:23.5,-0.000515867
11:24.5,-0.000514751
11:25.5,-0.000493165
11:26.5,-0.000494443
11:27.5,-0.000525712
11:28.5,-0.000512099
11:29.4,-0.000501467
11:30.4,-0.000506801
11:31.4,-0.00049566
11:32.4,-0.000514242
11:33.4,-0.000517847
11:34.4,-0.000509087
11:35.4,-0.000502115
11:36.4,-0.000504772
11:37.4,-0.000506731
11:38.4,-0.000496232
11:39.4,-0.000499695
11:40.4,-0.00050401
11:41.4,-0.000514462
11:42.4,-0.000521572
11:43.4,-0.000513559
11:44.4,-0.000508536
11:45.4,-0.000501322
11:46.4,-0.000504459
11:47.4,-0.000504912
11:48.4,-0.000517984
11:49.4,-0.00051486
11:50.4,-0.000504105
11:51.4,-0.000499517
11:52.4,-0.00050818
11:53.4,-0.000508864
11:54.4,-0.0005078
11:55.4,-0.000509966
11:56.4,-0.000516129
11:57.4,-0.000514252
11:58.4,-0.00050805
11:59.4,-0.000506133
12:00.4,-0.000505922
12:01.4,-0.000504095
12:02.4,-0.000497319
12:03.4,-0.000497758
12:04.4,-0.000505269
12:05.4,-0.000508333
12:06.4,-0.000506927
12:07.4,-0.000499276
12:08.4,-0.000495841
12:09.4,-0.000504096
12:10.4,-0.000505077
12:11.4,-0.000513196
12:12.4,-0.000510512
12:13.4,-0.000514651
12:14.4,-0.000511809
12:15.4,-0.000515228
12:16.4,-0.000504081
12:17.4,-0.000501226
12:18.4,-0.000497067
12:19.4,-0.000502944
12:20.4,-0.00050397
12:21.4,-0.000508892
12:22.4,-0.000515799
12:23.4,-0.000507232
12:24.4,-0.000503564
12:25.4,-0.0005038
12:26.4,-0.000498452
12:27.4,-0.000499962
12:28.4,-0.000507633
12:29.4,-0.000504366
12:30.3,-0.000503808
12:31.3,-0.000508763
12:32.3,-0.000520184
12:33.3,-0.000512671
12:34.3,-0.000504614
12:35.3,-0.000496113
12:36.3,-0.000506741
12:37.3,-0.000508622
12:38.3,-0.000509194
12:39.3,-0.000504695
12:40.3,-0.000501667
12:41.3,-0.000509869
12:42.3,-0.000512577
12:43.3,-0.000508635
12:44.3,-0.000507855
12:45.3,-0.000510847
12:46.3,-0.000510295
12:47.3,-0.000504377
12:48.3,-0.000501919
12:49.3,-0.000506838
12:50.3,-0.000505196
12:51.3,-0.000502106
12:52.3,-0.000506409
12:53.3,-0.000510783
12:54.3,-0.000504961
12:55.3,-0.000496828
12:56.3,-0.000499829
12:57.3,-0.00050831
12:58.3,-0.000520131
12:59.3,-0.000510918
13:00.3,-0.000509572
13:01.3,-0.000503987
13:02.3,-0.000502415
13:03.3,-0.000507675
13:04.3,-0.000503915
13:05.3,-0.000500548
13:06.3,-0.000499895
13:07.3,-0.000497556
13:08.3,-0.000504546
13:09.3,-0.000511264
13:10.3,-0.000516438
13:11.3,-0.000505915
13:12.3,-0.000511993
13:13.3,-0.000510675
13:14.3,-0.000504092
13:15.3,-0.000507284
13:16.3,-0.000504314
13:17.3,-0.000504701
13:18.3,-0.000512862
13:19.3,-0.000508222
13:20.3,-0.000508639
13:21.3,-0.000502675
13:22.3,-0.000504148
13:23.3,-0.000505227
13:24.3,-0.000507784
13:25.3,-0.000511193
13:26.3,-0.000507441
13:27.3,-0.000500927
13:28.3,-0.000506249
13:29.3,-0.000511416
13:30.3,-0.000510041
13:31.2,-0.000506436
13:32.2,-0.000499311
13:33.2,-0.000502491
13:34.2,-0.000505796
13:35.2,-0.000502574
13:36.2,-0.000506077
13:37.2,-0.000501737
13:38.2,-0.000504125
13:39.2,-0.000504263
13:40.2,-0.000506879
13:41.2,-0.000506103
13:42.2,-0.000510384
13:43.2,-0.00051412
13:44.2,-0.000507546
13:45.2,-0.000498749
13:46.2,-0.000492909
13:47.2,-0.000498676
13:48.2,-0.000496283
13:49.2,-0.000510472
13:50.2,-0.000522848
13:51.2,-0.000520331
13:52.2,-0.0005144
13:53.2,-0.000505054
13:54.2,-0.000505112
13:55.2,-0.000514674
13:56.2,-0.000521459
13:57.2,-0.000516823
13:58.2,-0.000507055
13:59.2,-0.000499664
14:00.2,-0.000487975
14:01.2,-0.000492953
14:02.2,-0.000507367
14:03.2,-0.000508909
14:04.2,-0.000510292
14:05.2,-0.000510989
14:06.2,-0.000514588
14:07.2,-0.00050591
14:08.2,-0.000499329
14:09.2,-0.000503263
14:10.2,-0.000506145
14:11.2,-0.000506235
14:12.2,-0.000504421
14:13.2,-0.000506858
14:14.2,-0.000506713
14:15.2,-0.000507471
14:16.2,-0.000506864
14:17.2,-0.00049908
14:18.2,-0.000492011
14:19.2,-0.000497534
14:20.2,-0.000511811
14:21.2,-0.000514332
14:22.2,-0.00051533
14:23.2,-0.000515054
14:24.2,-0.000507839
14:25.2,-0.000510605
14:26.2,-0.000505072
14:27.2,-0.000505237
14:28.2,-0.000504847
14:29.2,-0.000507768
14:30.2,-0.000507846
14:31.2,-0.000508107
14:32.1,-0.00050481
14:33.1,-0.000503758
14:34.1,-0.00050707
14:35.1,-0.000508453
14:36.1,-0.000513083
14:37.1,-0.000519194
14:38.1,-0.000516332
14:39.1,-0.000501522
14:40.1,-0.000493782
14:41.1,-0.000499348
14:42.1,-0.000505871
14:43.1,-0.000505323
14:44.1,-0.000500832
14:45.1,-0.000503163
14:46.1,-0.000502216
14:47.1,-0.000500716
14:48.1,-0.000502126
14:49.1,-0.000509276
14:50.1,-0.000512347
14:51.1,-0.000509119
14:52.1,-0.000509945
14:53.1,-0.000511476
14:54.1,-0.000508654
14:55.1,-0.000505014
14:56.1,-0.000511411
14:57.1,-0.000514555
14:58.1,-0.000510182
14:59.1,-0.00051112
15:00.1,-0.000503166
15:01.1,-0.000505388
15:02.1,-0.000501215
15:03.1,-0.000498436
15:04.1,-0.000506078
15:05.1,-0.000502347
15:06.1,-0.000509849
15:07.1,-0.00051736
15:08.1,-0.000513519
15:09.1,-0.000516712
15:10.1,-0.000513928
15:11.1,-0.000502233
15:12.1,-0.000489581
15:13.1,-0.000495739
15:14.1,-0.000504749
15:15.1,-0.000507862
15:16.1,-0.000502216
15:17.1,-0.000507581
15:18.1,-0.000499673
15:19.1,-0.000507614
15:20.1,-0.000512673
15:21.1,-0.000506665
15:22.1,-0.000510148
15:23.1,-0.000508731
15:24.1,-0.000508067
15:25.1,-0.00049902
15:26.1,-0.000489878
15:27.1,-0.000506435
15:28.1,-0.00051124
15:29.1,-0.00051059
15:30.1,-0.000511604
15:31.1,-0.000508024
15:32.1,-0.000509077
15:33.0,-0.000509327
15:34.0,-0.000507719
15:35.0,-0.000512428
15:36.0,-0.000515718
15:37.0,-0.000508752
15:38.0,-0.000508948
15:39.0,-0.000503035
15:40.0,-0.000510199
15:41.0,-0.00050751
15:42.0,-0.000489336
15:43.0,-0.000504245
15:44.0,-0.0005077
15:45.0,-0.000511399
15:46.0,-0.000513762
15:47.0,-0.000506666
15:48.0,-0.000498088
15:49.0,-0.000507657
15:50.0,-0.00051302
15:51.0,-0.000505404
15:52.0,-0.000502987
15:53.0,-0.000501458
15:54.0,-0.000507515
15:55.0,-0.000514531
15:56.0,-0.00051991
15:57.0,-0.000517568
15:58.0,-0.000512961
15:59.0,-0.000505944
16:00.0,-0.000491369
16:01.0,-0.000490931
16:02.0,-0.000494386
16:03.0,-0.000492245
16:04.0,-0.00050429
16:05.0,-0.000504344
16:06.0,-0.000510597
16:07.0,-0.00051424
16:08.0,-0.000501464
16:09.0,-0.000490581
16:10.0,-0.000500465
16:11.0,-0.00050993
16:12.0,-0.000505862
16:13.0,-0.000503022
16:14.0,-0.000505534
16:15.0,-0.000510049
16:16.0,-0.000503267
16:17.0,-0.000507028
16:18.0,-0.000503557
16:19.0,-0.000508908
16:20.0,-0.000506894
16:21.0,-0.00049899
16:22.0,-0.000499561
16:23.0,-0.000503225
16:24.0,-0.000505614
16:25.0,-0.000510597
16:26.0,-0.000499788
16:27.0,-0.000502631
16:28.0,-0.000508734
16:29.0,-0.000511292
16:30.0,-0.000500822
16:31.0,-0.000494701
16:32.0,-0.00050204
16:33.0,-0.000509846
16:33.9,-0.000504371
16:34.9,-0.000499621
16:35.9,-0.000497315
16:36.9,-0.000503302
16:37.9,-0.000512322
16:38.9,-0.000512787
16:39.9,-0.000501297
16:40.9,-0.000502959
16:41.9,-0.000505439
16:42.9,-0.000508184
16:43.9,-0.000505011
16:44.9,-0.000504617
16:45.9,-0.000505785
16:46.9,-0.000501264
16:47.9,-0.000506786
16:48.9,-0.000505863
16:49.9,-0.000504396
16:50.9,-0.000505882
16:51.9,-0.000510185
16:52.9,-0.000500049
16:53.9,-0.000503391
16:54.9,0
16:55.9,0.001665497
16:56.9,0.001508785
16:57.9,0.001515412
16:58.9,0.001518645
16:59.9,0.001511974
17:00.9,0.001503019
17:01.9,0.001508396
17:02.9,0.001509784
17:03.9,0.001515725
17:04.9,0.001517014
17:05.9,0.001529663
17:06.9,0.001530464
17:07.9,0.00151949
17:08.9,0.001509009
17:09.9,0.001508093
17:10.9,0.001506614
17:11.9,0.001505517
17:12.9,0.001503735
17:13.9,0.001512657
17:14.9,0.001513581
17:15.9,0.001514097
17:16.9,0.00151833
17:17.9,0.001519793
17:18.9,0.001509629
17:19.9,0.00150905
17:20.9,0.00150972
17:21.9,0.001514233
17:22.9,0.001517516
17:23.9,0.001513728
17:24.9,0.001513864
17:25.9,0.001515243
17:26.9,0.001517758
17:27.9,0.001522781
17:28.9,0.001526306
17:29.9,0.001514697
17:30.9,0.0015097
17:31.9,0.001511729
17:32.9,0.001503486
17:33.9,0.001506869
17:34.8,0.001512461
17:35.8,0.001504035
17:36.8,0.001506627
17:37.8,0.001503111
17:38.8,0.001501472
17:39.8,0.001514648
17:40.8,0.001523029
17:41.8,0.00152633
17:42.8,0.001519711
17:43.8,0.001525001
17:44.8,0.001518546
17:45.8,0.001519
17:46.8,0.001532444
17:47.8,0.001525044
17:48.8,0.001514761
17:49.8,0.001506331
17:50.8,0.001501443
17:51.8,0.001502851
17:52.8,0.001511988
17:53.8,0.001515642
17:54.8,0.001514708
17:55.8,0.001526078
17:56.8,0.001530521
17:57.8,0.001528123
17:58.8,0.001521908
17:59.8,0.001522423
18:00.8,0.00151741
18:01.8,0.00151151
18:02.8,0.001469038
18:03.8,0.00149427
18:04.8,0.00151133
18:05.8,0.001518287
18:06.8,0.00151399
18:07.8,0.001516233
18:08.8,0.001507159
18:09.8,0.001506204
18:10.8,0.001505691
18:11.8,0.001516518
18:12.8,0.001522522
18:13.8,0.001514796
18:14.8,0.001509621
18:15.8,0.00151633
18:16.8,0.001521298
18:17.8,0.001517111
18:18.8,0.001520804
18:19.8,0.001511261
18:20.8,0.001502835
18:21.8,0.001498834
18:22.8,0.001516338
18:23.8,0.001517899
18:24.8,0.001508607
18:25.8,0.001513144
18:26.8,0.001525165
18:27.8,0.00152412
18:28.8,0.001511035
18:29.8,0.0015026
18:30.8,0.001509408
18:31.8,0.001521087
18:32.8,0.001508548
18:33.8,0.001509035
18:34.8,0.001516393
18:35.7,0.001525021
18:36.7,0.001528022
18:37.7,0.001526909
18:38.7,0.001514887
18:39.7,0.001500879
18:40.7,0.001491436
18:41.7,0.00150036
18:42.7,0.00151361
18:43.7,0.001518103
18:44.7,0.001508285
18:45.7,0.001500142
18:46.7,0.0015011
18:47.7,0.001507161
18:48.7,0.001518768
18:49.7,0.001524888
18:50.7,0.001531016
18:51.7,0.001522024
18:52.7,0.001506502
18:53.7,0.001512539
18:54.7,0.001515267
18:55.7,0.001512105
18:56.7,0.001510543
18:57.7,0.001500106
18:58.7,0.001497411
18:59.7,0.001510093
19:00.7,0.001517127
19:01.7,0.001521694
19:02.7,0.001526871
19:03.7,0.001521418
19:04.7,0.001519788
19:05.7,0.001524137
19:06.7,0.001518793
19:07.7,0.001505308
19:08.7,0.001508288
19:09.7,0.001511221
19:10.7,0.001508281
19:11.7,0.001509796
19:12.7,0.001517007
19:13.7,0.001516869
19:14.7,0.001514117
19:15.7,0.001510216
19:16.7,0.001510347
19:17.7,0.001515587
19:18.7,0.001515636
19:19.7,0.001510914
19:20.7,0.001515961
19:21.7,0.001499641
19:22.7,0.001515675
19:23.7,0.001526678
19:24.7,0.001511793
19:25.7,0.001512341
19:26.7,0.001511367
19:27.7,0.001518203
19:28.7,0.001515441
19:29.7,0.00151452
19:30.7,0.001513862
19:31.7,0.001511482
19:32.7,0.001517121
19:33.7,0.001511054
19:34.7,0.001514009
19:35.7,0.001527373
19:36.7,0.00152759
19:37.6,0.001512163
19:38.6,0.001502419
19:39.6,0.001507569
19:40.6,0.001509921
19:41.6,0.001513409
19:42.6,0.001504384
19:43.6,0.00151324
19:44.6,0.001519626
19:45.6,0.001530325
19:46.6,0.001512953
19:47.6,0.001514445
19:48.6,0.001506075
19:49.6,0.001505919
19:50.6,0.001511645
19:51.6,0.001502305
19:52.6,0.001519352
19:53.6,0.001517833
19:54.6,0.001512764
19:55.6,0.001518892
19:56.6,0.00153298
19:57.6,0.001522882
19:58.6,0.001515367
19:59.6,0.001508841
20:00.6,0.001507054
20:01.6,0.00151406
20:02.6,0.001497057
20:03.6,0.001510559
20:04.6,0.001518624
20:05.6,0.001510912
20:06.6,0.00150532
20:07.6,0.001510881
20:08.6,0.001504914
20:09.6,0.001500391
20:10.6,0.001506566
20:11.6,0.001515446
20:12.6,0.001528893
20:13.6,0.001541416
20:14.6,0.00152431
20:15.6,0.001520624
20:16.6,0.001511926
20:17.6,0.001508889
20:18.6,0.001520257
20:19.6,0.001513556
20:20.6,0.001516053
20:21.6,0.001524899
20:22.6,0.001508538
20:23.6,0.001502249
20:24.6,0.001516596
20:25.6,0.0015193
20:26.6,0.001519087
20:27.6,0.001509461
20:28.6,0.001513282
20:29.6,0.00151406
20:30.6,0.001525336
20:31.6,0.001507935
20:32.6,0.001505692
20:33.6,0.001509582
20:34.6,0.001514902
20:35.6,0.001521999
20:36.6,0.001528314
20:37.6,0.001529039
20:38.5,0.001519003
20:39.5,0.001509575
20:40.5,0.001512675
20:41.5,0.001495864
20:42.5,0.001497635
20:43.5,0.001515851
20:44.5,0.001511561
20:45.5,0.001501349
20:46.5,0.001503078
20:47.5,0.001497624
20:48.5,0.001513389
20:49.5,0.001523686
20:50.5,0.00151793
20:51.5,0.001520624
20:52.5,0.00151918
20:53.5,0.001533512
20:54.5,0.001516834
20:55.5,0.001511421
20:56.5,0.001531365
20:57.5,0.001535141
20:58.5,0.001523136
20:59.5,0.001517305
21:00.5,0.001509262
21:01.5,0.001497788
21:02.5,0.001501904
21:03.5,0.001509971
21:04.5,0.001510137
21:05.5,0.001509371
21:06.5,0.001511607
21:07.5,0.001515236
21:08.5,0.001518948
21:09.5,0.001524279
21:10.5,0.001514223
21:11.5,0.00150804
21:12.5,0.001516943
21:13.5,0.001519209
21:14.5,0.001520938
21:15.5,0.001533216
21:16.5,0.001531909
21:17.5,0.001518685
21:18.5,0.001510061
21:19.5,0.001525998
21:20.5,0.001515204
21:21.5,0.001511369
21:22.5,0.001495546
21:23.5,0.00149587
21:24.5,0.001510931
21:25.5,0.001516265
21:26.5,0.001507368
21:27.5,0.001511259
21:28.5,0.00152127
21:29.5,0.001512147
21:30.5,0.001515253
21:31.5,0.001514445
21:32.5,0.001512333
21:33.5,0.001519773
21:34.5,0.001524409
21:35.5,0.0015324
21:36.5,0.001530772
21:37.5,0.001527141
21:38.5,0.001520421
21:39.4,0.001515717
21:40.4,0.001516398
21:41.4,0.001508975
21:42.4,0.001494421
21:43.4,0.001489048
21:44.4,0.001510404
21:45.4,0.001522483
21:46.4,0.001531512
21:47.4,0.00153435
21:48.4,0.001531372
21:49.4,0.001511318
21:50.4,0.001500624
21:51.4,0.001491142
21:52.4,0.001503373
21:53.4,0.00150877
21:54.4,0.001519454
21:55.4,0.00153038
21:56.4,0.001522565
21:57.4,0.001525714
21:58.4,0.001522017
21:59.4,0.001510659
22:00.4,0.00150596
22:01.4,0.00150807
22:02.4,0.001517238
22:03.4,0.001515216
22:04.4,0.001518945
22:05.4,0.00152041
22:06.4,0.001508013
22:07.4,0.001504704
22:08.4,0.001515514
22:09.4,0.001516237
22:10.4,0.001528177
22:11.4,0.001531857
22:12.4,0.001521968
22:13.4,0.001519783
22:14.4,0.001514006
22:15.4,0.001520519
22:16.4,0.001529217
22:17.4,0.001511525
22:18.4,0.001521071
22:19.4,0.001517796
22:20.4,0.001507654
22:21.4,0.00151489
22:22.4,0.001514259
22:23.4,0.00152637
22:24.4,0.001516972
22:25.4,0.001529793
22:26.4,0.001518777
22:27.4,0.001503891
22:28.4,0.00149991
22:29.4,0.001507823
22:30.4,0.001519658
22:31.4,0.001525912
22:32.4,0.00152964
22:33.4,0.001529871
22:34.4,0.001516991
22:35.4,0.001521124
22:36.4,0.001540666
22:37.4,0.001549376
22:38.4,0.001523122
22:39.4,0.001497739
22:40.3,0.00149614
22:41.3,0.001509913
22:42.3,0.001507515
22:43.3,0.001516658
22:44.3,0.001522084
22:45.3,0.001519135
22:46.3,0.001529587
22:47.3,0.001523348
22:48.3,0.001515626
22:49.3,0.001516398
22:50.3,0.001505429
22:51.3,0.001508435
22:52.3,0.001524663
22:53.3,0.001518105
22:54.3,0.001519336
22:55.3,0.001516223
22:56.3,0.001516561
22:57.3,0.001521523
22:58.3,0.001528474
22:59.3,0.001519505
23:00.3,0.001515109
23:01.3,0.001500337
23:02.3,0.001515623
23:03.3,0.001518758
23:04.3,0.001518722
23:05.3,0.001499117
23:06.3,0.001508347
23:07.3,0.001518956
23:08.3,0.001525661
23:09.3,0.001517803
23:10.3,0.001515819
23:11.3,0.001535383
23:12.3,0.001523075
23:13.3,0.00151338
23:14.3,0.001517763
23:15.3,0.001526097
23:16.3,0.001512021
23:17.3,0.001508446
23:18.3,0.001515197
23:19.3,0.001515277
23:20.3,0.001514464
23:21.3,0.001530536
23:22.3,0.001523573
23:23.3,0.001511113
23:24.3,0.001513668
23:25.3,0.001483123
23:26.3,0.001479548
23:27.3,0.001499597
23:28.3,0.001517464
23:29.3,0.001531033
23:30.3,0.001540504
23:31.3,0.00153633
23:32.3,0.001540989
23:33.3,0.001527625
23:34.3,0.001516545
23:35.3,0.001514425
23:36.3,0.001519211
23:37.3,0.001515396
23:38.3,0.001505415
23:39.3,0.001509242
23:40.3,0.001516683
23:41.2,0.001519869
23:42.2,0.001522914
23:43.2,0.001531028
23:44.2,0.001516801
23:45.2,0.001508223
23:46.2,0.001517223
23:47.2,0.00151777
23:48.2,0.001523863
23:49.2,0.001513834
23:50.2,0.001504863
23:51.2,0.001503041
23:52.2,0.001532743
23:53.2,0.001531771
23:54.2,0.001518639
23:55.2,0.001507875
23:56.2,0.001495438
23:57.2,0.001505287
23:58.2,0.001508648
23:59.2,0.001532504
24:00.2,0.001549438
24:01.2,0.001525772
24:02.2,0.001521435
24:03.2,0.001519652
24:04.2,0.001515748
24:05.2,0.001508425
24:06.2,0.001524548
24:07.2,0.00154466
24:08.2,0.001538184
24:09.2,0.001509403
24:10.2,0.001502018
24:11.2,0.001499794
24:12.2,0.00150718
24:13.2,0.001526049
24:14.2,0.001516922
24:15.2,0.001516328
24:16.2,0.001517301
24:17.2,0.001523109
24:18.2,0.001517253
24:19.2,0.001513632
24:20.2,0.001518575
24:21.2,0.001522594
24:22.2,0.00151662
24:23.2,0.001516911
24:24.2,0.001512467
24:25.2,0.001501356
24:26.2,0.001498397
24:27.2,0.001525173
24:28.2,0.001542937
24:29.2,0.001531095
24:30.2,0.001533973
24:31.2,0.001524773
24:32.2,0.001506793
24:33.2,0.001498407
24:34.2,0.001521857
24:35.2,0.00152878
24:36.2,0.001526528
24:37.2,0.001521106
24:38.2,0.001511514
24:39.2,0.001503518
24:40.2,0.001506207
24:41.2,0.001510613
24:42.1,0.001517957
24:43.1,0.001524667
24:44.1,0.00152129
24:45.1,0.001521411
24:46.1,0.001525681
24:47.1,0.001501098
24:48.1,0.001499424
24:49.1,0.001514233
24:50.1,0.001525301
24:51.1,0.001528086
24:52.1,0.001521945
24:53.1,0.001517231
24:54.1,0.001519735
24:55.1,0.001499797
24:56.1,0.0014964
24:57.1,0.001514692
24:58.1,0.001529385
24:59.1,0.001528995
25:00.1,0.001539137
25:01.1,0.001511854
25:02.1,0.001532241
25:03.1,0.001514388
25:04.1,0.001522583
25:05.1,0.001526379
25:06.1,0.001504458
25:07.1,0.001501486
25:08.1,0.001526696
25:09.1,0.001548771
25:10.1,0.001525317
25:11.1,0.001505218
25:12.1,0.001505155
25:13.1,0.001517427
25:14.1,0.001515353
25:15.1,0.001523533
25:16.1,0.001515383
25:17.1,0.001534632
25:18.1,0.001540479
25:19.1,0.001522857
25:20.1,0.001495095
25:21.1,0.001497472
25:22.1,0.001518493
25:23.1,0.001518838
25:24.1,0.001514241
25:25.1,0.001499666
25:26.1,0.001491188
25:27.1,0.001489989
25:28.1,0.001515642
25:29.1,0.001520902
25:30.1,0.001547996
25:31.1,0.001553979
25:32.1,0.001519083
25:33.1,0.001525367
25:34.1,0.001517139
25:35.1,0.001502684
25:36.1,0.001498557
25:37.1,0.001496513
25:38.1,0.001503554
25:39.1,0.001504962
25:40.1,0.001528378
25:41.1,0.001548702
25:42.1,0.001541669
25:43.0,0.001536012
25:44.0,0.001524359
25:45.0,0.001523734
25:46.0,0.001520866
25:47.0,0.001527098
25:48.0,0.001536128
25:49.0,0.001536511
25:50.0,0.001521798
25:51.0,0.001494828
25:52.0,0.001498425
25:53.0,0.001504354
25:54.0,0.001519848
25:55.0,0.001540854
25:56.0,0.00152222
25:57.0,0.001511354
25:58.0,0.001525832
25:59.0,0.001523702
26:00.0,0.001501309
26:01.0,0.001502446
26:02.0,0.001530138
26:03.0,0.001514645
26:04.0,0.001512326
26:05.0,0.001525263
26:06.0,0.001512842
26:07.0,0.001498993
26:08.0,0.001509627
26:09.0,0.001509663
26:10.0,0.001521966
26:11.0,0.001532592
26:12.0,0.001524755
26:13.0,0.001534596
26:14.0,0.001522505
26:15.0,0.001514525
26:16.0,0.001524493
26:17.0,0.001517941
26:18.0,0.00151328
26:19.0,0.001524265
26:20.0,0.001538741
26:21.0,0.001522171
26:22.0,0.001505822
26:23.0,0.001511012
26:24.0,0.00151543
26:25.0,0.001502655
26:26.0,0.001494998
26:27.0,0.00151347
26:28.0,0.001506568
26:29.0,0.001518644
26:30.0,0.001537736
26:31.0,0.001527979
26:32.0,0.001523481
26:33.0,0.001544203
26:34.0,0.001526441
26:35.0,0.001506868
26:36.0,0.001531081
26:37.0,0.001539422
26:38.0,0.001521734
26:39.0,0.001506507
26:40.0,0.001524369
26:41.0,0.001510839
26:42.0,0.001505472
26:43.0,0.001516196
26:43.9,0.0015307
26:44.9,0.00152313
26:45.9,0.001536218
26:46.9,0.001513463
26:47.9,0.001513125
26:48.9,0.001522133
26:49.9,0.001502864
26:50.9,0.001511424
26:51.9,0.001523934
26:52.9,0.001516621
26:53.9,0.001516551
26:54.9,0
26:55.9,0.000646057
26:56.9,0.000571456
26:57.9,0.000559215
26:58.9,0.000576024
26:59.9,0.000553169
27:00.9,0.00055338
27:01.9,0.000565411
27:02.9,0.000581099
27:03.9,0.000605813
27:04.9,0.000579458
27:05.9,0.000578979
27:06.9,0.000591474
27:07.9,0.000591729
27:08.9,0.000575993
27:09.9,0.000566151
27:10.9,0.000569127
27:11.9,0.000554115
27:12.9,0.000559606
27:13.9,0.000569535
27:14.9,0.000581004
27:15.9,0.000602549
27:16.9,0.000585013
27:17.9,0.000572285
27:18.9,0.000574585
27:19.9,0.000552945
27:20.9,0.000564422
27:21.9,0.000570872
27:22.9,0.000563884
27:23.9,0.000568301
27:24.9,0.000578179
27:25.9,0.000585033
27:26.9,0.000577578
27:27.9,0.000551917
27:28.9,0.000547103
27:29.9,0.000560768
27:30.9,0.000575652
27:31.9,0.000574827
27:32.9,0.000592407
27:33.9,0.000589616
27:34.9,0.00057496
27:35.9,0.0005747
27:36.9,0.000561459
27:37.9,0.000547352
27:38.9,0.000562368
27:39.9,0.00057869
27:40.9,0.000568488
27:41.9,0.000582746
27:42.9,0.000597467
27:43.9,0.000593621
27:44.8,0.000572266
27:45.8,0.00056676
27:46.8,0.000556091
27:47.8,0.000575031
27:48.8,0.000591547
27:49.8,0.000578024
27:50.8,0.000580145
27:51.8,0.000586353
27:52.8,0.000574109
27:53.8,0.000558306
27:54.8,0.000568651
27:55.8,0.000571636
27:56.8,0.000582001
27:57.8,0.000597789
27:58.8,0.000576314
27:59.8,0.000581248
28:00.8,0.000580877
28:01.8,0.000570877
28:02.8,0.000543828
28:03.8,0.000547806
28:04.8,0.000566349
28:05.8,0.000549323
28:06.8,0.000550516
28:07.8,0.000571344
28:08.8,0.000575468
28:09.8,0.000577974
28:10.8,0.000582139
28:11.8,0.000588992
28:12.8,0.000578209
28:13.8,0.000579589
28:14.8,0.00057021
28:15.8,0.000566791
28:16.8,0.000568776
28:17.8,0.000563841
28:18.8,0.000560935
28:19.8,0.00056481
28:20.8,0.000573707
28:21.8,0.000579927
28:22.8,0.000590289
28:23.8,0.000581857
28:24.8,0.000569628
28:25.8,0.000566706
28:26.8,0.000595247
28:27.8,0.000586858
28:28.8,0.000571375
28:29.8,0.000568069
28:30.8,0.000561603
28:31.8,0.000568387
28:32.8,0.000568081
28:33.8,0.000568086
28:34.8,0.000565274
28:35.8,0.000573847
28:36.8,0.000572563
28:37.8,0.000564299
28:38.8,0.000575197
28:39.8,0.000567727
28:40.8,0.000579315
28:41.8,0.000572288
28:42.8,0.000566098
28:43.8,0.000578293
28:44.8,0.00057747
28:45.8,0.000574153
28:46.7,0.000558965
28:47.7,0.000556876
28:48.7,0.000558008
28:49.7,0.000569576
28:50.7,0.00059277
28:51.7,0.000595449
28:52.7,0.000570422
28:53.7,0.00057156
28:54.7,0.000570109
28:55.7,0.000566309
28:56.7,0.000576898
28:57.7,0.000560668
28:58.7,0.000576451
28:59.7,0.000574666
29:00.7,0.000583174
29:01.7,0.000589947
29:02.7,0.00057425
29:03.7,0.000580796
29:04.7,0.000576326
29:05.7,0.00058016
29:06.7,0.000570589
29:07.7,0.000553081
29:08.7,0.000568528
29:09.7,0.000595193
29:10.7,0.000572969
29:11.7,0.000564599
29:12.7,0.000571948
29:13.7,0.000598244
29:14.7,0.000575815
29:15.7,0.000564477
29:16.7,0.000570444
29:17.7,0.000580036
29:18.7,0.000582376
29:19.7,0.00057519
29:20.7,0.000577802
29:21.7,0.000578876
29:22.7,0.000564933
29:23.7,0.000583847
29:24.7,0.000577416
29:25.7,0.000577544
29:26.7,0.000568057
29:27.7,0.000578312
29:28.7,0.000572216
29:29.7,0.000578171
29:30.7,0.000578762
29:31.7,0.00056738
29:32.7,0.000581584
29:33.7,0.000579347
29:34.7,0.000570914
29:35.7,0.000564015
29:36.7,0.000569998
29:37.7,0.000573827
29:38.7,0.000571174
29:39.7,0.000574035
29:40.7,0.000591272
29:41.7,0.000584842
29:42.7,0.000571439
29:43.7,0.000578975
29:44.7,0.000579064
29:45.7,0.000581653
29:46.7,0.000577725
29:47.6,0.00057119
29:48.6,0.000562679
29:49.6,0.000548766
29:50.6,0.000561021
29:51.6,0.00058814
29:52.6,0.000601726
29:53.6,0.000584571
29:54.6,0.000572495
29:55.6,0.000565332
29:56.6,0.000554405
29:57.6,0.000568386
29:58.6,0.00058625
29:59.6,0.000586523
30:00.6,0.000575919
30:01.6,0.000576732
30:02.6,0.000592146
30:03.6,0.000596715
30:04.6,0.000574607
30:05.6,0.000571564
30:06.6,0.000569479
30:07.6,0.000584525
30:08.6,0.000592445
30:09.6,0.000588667
30:10.6,0.000577055
30:11.6,0.00056354
30:12.6,0.000576619
30:13.6,0.00057434
30:14.6,0.000578609
30:15.6,0.000592733
30:16.6,0.000587739
30:17.6,0.000577662
30:18.6,0.000574359
30:19.6,0.000561753
30:20.6,0.000561982
30:21.6,0.000575527
30:22.6,0.000582092
30:23.6,0.000580967
30:24.6,0.000581216
30:25.6,0.000567218
30:26.6,0.00056838
30:27.6,0.000587255
30:28.6,0.000583132
30:29.6,0.000573527
30:30.6,0.000570603
30:31.6,0.00057782
30:32.6,0.000585236
30:33.6,0.000580116
30:34.6,0.000576683
30:35.6,0.000581753
30:36.6,0.00056858
30:37.6,0.000556317
30:38.6,0.000575447
30:39.6,0.00058204
30:40.6,0.000587766
30:41.6,0.000571856
30:42.6,0.000587516
30:43.6,0.000582762
30:44.6,0.000582967
30:45.6,0.000578561
30:46.6,0.000578723
30:47.6,0.00058775
30:48.5,0.000576546
30:49.5,0.000568319
30:50.5,0.000580356
30:51.5,0.000578284
30:52.5,0.000570752
30:53.5,0.000576862
30:54.5,0.000575314
30:55.5,0.00057351
30:56.5,0.000560086
30:57.5,0.000565423
30:58.5,0.000563111
30:59.5,0.000589514
31:00.5,0.000588507
31:01.5,0.000599997
31:02.5,0.000585102
31:03.5,0.000568048
31:04.5,0.000576233
31:05.5,0.000589884
31:06.5,0.000597065
31:07.5,0.000588049
31:08.5,0.000583689
31:09.5,0.000569409
31:10.5,0.000566185
31:11.5,0.000560491
31:12.5,0.00056725
31:13.5,0.000574605
31:14.5,0.000575832
31:15.5,0.000593302
31:16.5,0.00058086
31:17.5,0.000566169
31:18.5,0.000590936
31:19.5,0.000578076
31:20.5,0.00057404
31:21.5,0.00056482
31:22.5,0.000570896
31:23.5,0.000568974
31:24.5,0.000575893
31:25.5,0.000577477
31:26.5,0.000589956
31:27.5,0.000594301
31:28.5,0.000585492
31:29.5,0.000582296
31:30.5,0.00058456
31:31.5,0.000569671
31:32.5,0.000558805
31:33.5,0.000555386
31:34.5,0.000572829
31:35.5,0.000588227
31:36.5,0.000578786
31:37.5,0.000593796
31:38.5,0.00057084
31:39.5,0.000562166
31:40.5,0.000570866
31:41.5,0.000568244
31:42.5,0.000573062
31:43.5,0.000583115
31:44.5,0.000579685
31:45.5,0.000581147
31:46.5,0.000581275
31:47.5,0.00057916
31:48.5,0.000582184
31:49.4,0.000583805
31:50.4,0.000580161
31:51.4,0.000559064
31:52.4,0.000570266
31:53.4,0.000574064
31:54.4,0.000578452
31:55.4,0.000589053
31:56.4,0.000578688
31:57.4,0.000572062
31:58.4,0.000571085
31:59.4,0.000577681
32:00.4,0.000587424
32:01.4,0.000576281
32:02.4,0.000570334
32:03.4,0.000577452
32:04.4,0.0005774
32:05.4,0.000579904
32:06.4,0.000591998
32:07.4,0.000593996
32:08.4,0.000578507
32:09.4,0.000589944
32:10.4,0.000578381
32:11.4,0.000559481
32:12.4,0.000573446
32:13.4,0.000562055
32:14.4,0.000574769
32:15.4,0.000589525
32:16.4,0.000567929
32:17.4,0.000562054
32:18.4,0.000564562
32:19.4,0.000564227
32:20.4,0.000574466
32:21.4,0.000591206
32:22.4,0.000596815
32:23.4,0.000589352
32:24.4,0.000583913
32:25.4,0.000596116
32:26.4,0.000594382
32:27.4,0.000578454
32:28.4,0.00056801
32:29.4,0.000571367
32:30.4,0.000577629
32:31.4,0.000575294
32:32.4,0.00057056
32:33.4,0.000569636
32:34.4,0.0005742
32:35.4,0.000581332
32:36.4,0.000589501
32:37.4,0.000575893
32:38.4,0.000550687
32:39.4,0.000566222
32:40.4,0.000580359
32:41.4,0.000577646
32:42.4,0.000598956
32:43.4,0.000588396
32:44.4,0.0005734
32:45.4,0.000563934
32:46.4,0.000588843
32:47.4,0.000593321
32:48.4,0.000589686
32:49.4,0.000585081
32:50.3,0.000560755
32:51.3,0.000573492
32:52.3,0.000567739
32:53.3,0.000577991
32:54.3,0.000575677
32:55.3,0.000556239
32:56.3,0.000591318
32:57.3,0.000585565
32:58.3,0.000591135
32:59.3,0.000569571
33:00.3,0.000564649
33:01.3,0.000564314
33:02.3,0.000587035
33:03.3,0.000577198
33:04.3,0.000575485
33:05.3,0.00058463
33:06.3,0.000575051
33:07.3,0.000569921
33:08.3,0.000577009
33:09.3,0.000576127
33:10.3,0.000579385
33:11.3,0.000575204
33:12.3,0.000573031
33:13.3,0.000567396
33:14.3,0.000567843
33:15.3,0.000565627
33:16.3,0.000542124
33:17.3,0.000548633
33:18.3,0.000579244
33:19.3,0.000593372
33:20.3,0.000599929
33:21.3,0.000588021
33:22.3,0.000584887
33:23.3,0.000577663
33:24.3,0.000573689
33:25.3,0.000585541
33:26.3,0.000597503
33:27.3,0.000593662
33:28.3,0.000567794
33:29.3,0.000560652
33:30.3,0.000568396
33:31.3,0.000562964
33:32.3,0.000561608
33:33.3,0.000579509
33:34.3,0.000572818
33:35.3,0.00057467
33:36.3,0.000594249
33:37.3,0.000587384
33:38.3,0.000584809
33:39.3,0.000579807
33:40.3,0.000561596
33:41.3,0.000571061
33:42.3,0.000558705
33:43.3,0.000568354
33:44.3,0.000571864
33:45.3,0.00055772
33:46.3,0.000553256
33:47.3,0.000568318
33:48.3,0.000565713
33:49.3,0.000563222
33:50.3,0.000588759
33:51.2,0.000594178
33:52.2,0.000592035
33:53.2,0.000594371
33:54.2,0.000574067
33:55.2,0.000558799
33:56.2,0.000559591
33:57.2,0.000567364
33:58.2,0.000568406
33:59.2,0.000561111
34:00.2,0.000584571
34:01.2,0.000590826
34:02.2,0.000592279
34:03.2,0.000580328
34:04.2,0.000579681
34:05.2,0.000580359
34:06.2,0.000559542
34:07.2,0.000549184
34:08.2,0.000574932
34:09.2,0.000585514
34:10.2,0.000576924
34:11.2,0.000581893
34:12.2,0.00057988
34:13.2,0.000573473
34:14.2,0.000571237
34:15.2,0.000558222
34:16.2,0.000556476
34:17.2,0.000549613
34:18.2,0.000561351
34:19.2,0.000578078
34:20.2,0.000588621
34:21.2,0.000595807
34:22.2,0.000597637
34:23.2,0.000579997
34:24.2,0.000574915
34:25.2,0.000591184
34:26.2,0.000585635
34:27.2,0.000578398
34:28.2,0.000557125
34:29.2,0.000576651
34:30.2,0.000573269
34:31.2,0.000566656
34:32.2,0.000577107
34:33.2,0.000562554
34:34.2,0.000572419
34:35.2,0.00059543
34:36.2,0.000580083
34:37.2,0.000578643
34:38.2,0.000579119
34:39.2,0.00056568
34:40.2,0.000554452
34:41.2,0.000562937
34:42.2,0.000575905
34:43.2,0.000568938
34:44.2,0.000572471
34:45.2,0.000553242
34:46.2,0.000550417
34:47.2,0.000556787
34:48.2,0.00057616
34:49.2,0.000604662
34:50.2,0.000595912
34:51.2,0.000583718
34:52.1,0.000578008
34:53.1,0.000569994
34:54.1,0.000570339
34:55.1,0.000566135
34:56.1,0.000551004
34:57.1,0.000555548
34:58.1,0.000572374
34:59.1,0.000579589
35:00.1,0.000588245
35:01.1,0.00059686
35:02.1,0.000579753
35:03.1,0.000581096
35:04.1,0.000577542
35:05.1,0.000587293
35:06.1,0.000581743
35:07.1,0.000592335
35:08.1,0.000569943
35:09.1,0.000578352
35:10.1,0.000570229
35:11.1,0.000569008
35:12.1,0.000564317
35:13.1,0.000558213
35:14.1,0.000577331
35:15.1,0.000591981
35:16.1,0.000582129
35:17.1,0.000578339
35:18.1,0.000583014
35:19.1,0.000556757
35:20.1,0.000556214
35:21.1,0.000564936
35:22.1,0.000578854
35:23.1,0.000576565
35:24.1,0.000569562
35:25.1,0.000574198
35:26.1,0.000582817
35:27.1,0.000582578
35:28.1,0.000584577
35:29.1,0.000588089
35:30.1,0.000571947
35:31.1,0.000575231
35:32.1,0.000564354
35:33.1,0.000560155
35:34.1,0.00057348
35:35.1,0.000569995
35:36.1,0.000572232
35:37.1,0.000581518
35:38.1,0.00057169
35:39.1,0.000585685
35:40.1,0.000585744
35:41.1,0.000566908
35:42.1,0.000565372
35:43.1,0.000571439
35:44.1,0.000575454
35:45.1,0.000579699
35:46.1,0.00056832
35:47.1,0.000575582
35:48.1,0.00057345
35:49.1,0.000586435
35:50.1,0.000580345
35:51.1,0.000574754
35:52.1,0.000565323
35:53.0,0.000567898
35:54.0,0.00057311
35:55.0,0.000573661
35:56.0,0.000554102
35:57.0,0.000558
35:58.0,0.000566223
35:59.0,0.000581958
36:00.0,0.000593269
36:01.0,0.000597453
36:02.0,0.000580534
36:03.0,0.000570591
36:04.0,0.000571781
36:05.0,0.000578656
36:06.0,0.000577219
36:07.0,0.000595191
36:08.0,0.00057946
36:09.0,0.00056931
36:10.0,0.000564603
36:11.0,0.0005685
36:12.0,0.000570773
36:13.0,0.000570683
36:14.0,0.000576235
36:15.0,0.000571821
36:16.0,0.000567551
36:17.0,0.000577708
36:18.0,0.000593898
36:19.0,0.000591372
36:20.0,0.000578794
36:21.0,0.00056252
36:22.0,0.000564707
36:23.0,0.000567425
36:24.0,0.000572622
36:25.0,0.000564507
36:26.0,0.000581698
36:27.0,0.000576071
36:28.0,0.000577586
36:29.0,0.000563377
36:30.0,0.000577219
36:31.0,0.000595181
36:32.0,0.000577227
36:33.0,0.000562302
36:34.0,0.000572485
36:35.0,0.000581088
36:36.0,0.000573034
36:37.0,0.000578885
36:38.0,0.000584291
36:39.0,0.000587631
36:40.0,0.000583095
36:41.0,0.000575255
36:42.0,0.000561825
36:43.0,0.000557877
36:44.0,0.000561964
36:45.0,0.000558795
36:46.0,0.000584772
36:47.0,0.000583144
36:48.0,0.000563632
36:49.0,0.00056549
36:50.0,0.00057101
36:51.0,0.000580862
36:52.0,0.000583733
36:53.0,0.000586794
36:54.0,0.000574425
36:54.9,0
36:55.9,-0.001241305
36:56.9,-0.001117301
36:57.9,-0.001120713
36:58.9,-0.0011256
36:59.9,-0.00112784
37:00.9,-0.001131619
37:01.9,-0.001127855
37:02.9,-0.001120063
37:03.9,-0.001117177
37:04.9,-0.001118403
37:05.9,-0.001108964
37:06.9,-0.001114543
37:07.9,-0.001124128
37:08.9,-0.001127241
37:09.9,-0.00114077
37:10.9,-0.001142965
37:11.9,-0.001120336
37:12.9,-0.001117194
37:13.9,-0.001133479
37:14.9,-0.001125811
37:15.9,-0.001124368
37:16.9,-0.001132223
37:17.9,-0.001132226
37:18.9,-0.001121261
37:19.9,-0.001129326
37:20.9,-0.001127007
37:21.9,-0.001129249
37:22.9,-0.00111547
37:23.9,-0.001113934
37:24.9,-0.001127596
37:25.9,-0.001128083
37:26.9,-0.001126551
37:27.9,-0.001126165
37:28.9,-0.001125223
37:29.9,-0.001129903
37:30.9,-0.001131194
37:31.9,-0.001121888
37:32.9,-0.001108349
37:33.9,-0.00112655
37:34.9,-0.001126975
37:35.9,-0.001119766
37:36.9,-0.001109855
37:37.9,-0.00111888
37:38.9,-0.001129026
37:39.9,-0.001132756
37:40.9,-0.001127589
37:41.9,-0.001117844
37:42.9,-0.001127041
37:43.9,-0.001140021
37:44.9,-0.001130698
37:45.9,-0.001130102
37:46.9,-0.001130358
37:47.9,-0.001129315
37:48.9,-0.001128261
37:49.9,-0.001125518
37:50.9,-0.001128081
37:51.9,-0.00112619
37:52.9,-0.00111433
37:53.9,-0.001115898
37:54.9,-0.001121093
37:55.8,-0.001123423
37:56.8,-0.001118248
37:57.8,-0.001124842
37:58.8,-0.001121941
37:59.8,-0.00112091
38:00.8,-0.001130924
38:01.8,-0.001126192
38:02.8,-0.001123269
38:03.8,-0.001123208
38:04.8,-0.001123383
38:05.8,-0.001118318
38:06.8,-0.001116548
38:07.8,-0.001117229
38:08.8,-0.001121708
38:09.8,-0.001117614
38:10.8,-0.001118364
38:11.8,-0.001128719
38:12.8,-0.001136654
38:13.8,-0.00113481
38:14.8,-0.001128051
38:15.8,-0.001132457
38:16.8,-0.001112797
38:17.8,-0.001110846
38:18.8,-0.001117389
38:19.8,-0.001108529
38:20.8,-0.001125076
38:21.8,-0.001132104
38:22.8,-0.001137871
38:23.8,-0.001130306
38:24.8,-0.00112478
38:25.8,-0.001125048
38:26.8,-0.001122153
38:27.8,-0.00112128
38:28.8,-0.001125629
38:29.8,-0.001131158
38:30.8,-0.001132533
38:31.8,-0.001118837
38:32.8,-0.001118324
38:33.8,-0.001116491
38:34.8,-0.001123964
38:35.8,-0.001129491
38:36.8,-0.001120353
38:37.8,-0.00111747
38:38.8,-0.001126775
38:39.8,-0.001127928
38:40.8,-0.001112826
38:41.8,-0.001123251
38:42.8,-0.001128812
38:43.8,-0.001124392
38:44.8,-0.001122962
38:45.8,-0.001107565
38:46.8,-0.001118629
38:47.8,-0.001137765
38:48.8,-0.001131565
38:49.8,-0.001118498
38:50.8,-0.001121249
38:51.8,-0.001123825
38:52.8,-0.001123698
38:53.8,-0.001128047
38:54.8,-0.001123486
38:55.8,-0.001119292
38:56.7,-0.001126618
38:57.7,-0.001124319
38:58.7,-0.001129181
38:59.7,-0.001131573
39:00.7,-0.001121991
39:01.7,-0.00113714
39:02.7,-0.001123477
39:03.7,-0.001115297
39:04.7,-0.001123984
39:05.7,-0.001120572
39:06.7,-0.001127453
39:07.7,-0.001124944
39:08.7,-0.001124344
39:09.7,-0.001122462
39:10.7,-0.001126954
39:11.7,-0.001121291
39:12.7,-0.001118679
39:13.7,-0.00113107
39:14.7,-0.001130535
39:15.7,-0.001114435
39:16.7,-0.001120589
39:17.7,-0.001123127
39:18.7,-0.001117335
39:19.7,-0.001130937
39:20.7,-0.001129142
39:21.7,-0.001131135
39:22.7,-0.0011267
39:23.7,-0.001132082
39:24.7,-0.001127402
39:25.7,-0.001132217
39:26.7,-0.001123564
39:27.7,-0.001125033
39:28.7,-0.001116569
39:29.7,-0.001114052
39:30.7,-0.001118689
39:31.7,-0.001122079
39:32.7,-0.001138729
39:33.7,-0.001127133
39:34.7,-0.001132371
39:35.7,-0.001133314
39:36.7,-0.001131482
39:37.7,-0.001125102
39:38.7,-0.001119542
39:39.7,-0.001118382
39:40.7,-0.00111985
39:41.7,-0.001120037
39:42.7,-0.001130488
39:43.7,-0.00112333
39:44.7,-0.001122766
39:45.7,-0.001128744
39:46.7,-0.001118353
39:47.7,-0.001107985
39:48.7,-0.001107218
39:49.7,-0.001112615
39:50.7,-0.001137161
39:51.7,-0.00114655
39:52.7,-0.001134127
39:53.7,-0.001129758
39:54.7,-0.001125893
39:55.7,-0.00112399
39:56.7,-0.001119633
39:57.6,-0.001118109
39:58.6,-0.001119776
39:59.6,-0.00113326
40:00.6,-0.00112557
40:01.6,-0.001126031
40:02.6,-0.001120434
40:03.6,-0.001128301
40:04.6,-0.001126909
40:05.6,-0.001129225
40:06.6,-0.001118763
40:07.6,-0.001136998
40:08.6,-0.00113458
40:09.6,-0.001116936
40:10.6,-0.001114016
40:11.6,-0.001122226
40:12.6,-0.001120762
40:13.6,-0.001123605
40:14.6,-0.001122773
40:15.6,-0.001126396
40:16.6,-0.001123345
40:17.6,-0.001114196
40:18.6,-0.001124401
40:19.6,-0.001127074
40:20.6,-0.001125614
40:21.6,-0.00112775
40:22.6,-0.001133377
40:23.6,-0.001115385
40:24.6,-0.001124394
40:25.6,-0.001118343
40:26.6,-0.00111117
40:27.6,-0.001124335
40:28.6,-0.001137957
40:29.6,-0.001134871
40:30.6,-0.001126984
40:31.6,-0.001117086
40:32.6,-0.001122553
40:33.6,-0.001128012
40:34.6,-0.001124826
40:35.6,-0.001128622
40:36.6,-0.001118835
40:37.6,-0.00111709
40:38.6,-0.001117666
40:39.6,-0.001129729
40:40.6,-0.001124594
40:41.6,-0.001125144
40:42.6,-0.001132583
40:43.6,-0.001122983
40:44.6,-0.001122907
40:45.6,-0.001113641
40:46.6,-0.001112421
40:47.6,-0.00112711
40:48.6,-0.001136329
40:49.6,-0.001137397
40:50.6,-0.001123278
40:51.6,-0.001126844
40:52.6,-0.001122325
40:53.6,-0.001123759
40:54.6,-0.001122755
40:55.6,-0.001130726
40:56.6,-0.001132833
40:57.6,-0.001130349
40:58.5,-0.001118441
40:59.5,-0.001098771
41:00.5,-0.001102404
41:01.5,-0.001116091
41:02.5,-0.001132035
41:03.5,-0.001128357
41:04.5,-0.001118467
41:05.5,-0.001122673
41:06.5,-0.001126381
41:07.5,-0.001119007
41:08.5,-0.001107626
41:09.5,-0.001109903
41:10.5,-0.00111842
41:11.5,-0.001123703
41:12.5,-0.001127022
41:13.5,-0.001136075
41:14.5,-0.00112527
41:15.5,-0.001125551
41:16.5,-0.001127894
41:17.5,-0.001120462
41:18.5,-0.001123072
41:19.5,-0.001116685
41:20.5,-0.001111834
41:21.5,-0.001118981
41:22.5,-0.001121832
41:23.5,-0.001117758
41:24.5,-0.001125459
41:25.5,-0.001126571
41:26.5,-0.001130735
41:27.5,-0.001140588
41:28.5,-0.00113493
41:29.5,-0.001114539
41:30.5,-0.001111574
41:31.5,-0.001106654
41:32.5,-0.001109381
41:33.5,-0.001116959
41:34.5,-0.001116354
41:35.5,-0.00111709
41:36.5,-0.001114872
41:37.5,-0.001130026
41:38.5,-0.001127111
41:39.5,-0.001113651
41:40.5,-0.001109876
41:41.5,-0.001123845
41:42.5,-0.00113687
41:43.5,-0.001124515
41:44.5,-0.001114316
41:45.5,-0.001125278
41:46.5,-0.001123517
41:47.5,-0.001126227
41:48.5,-0.001139135
41:49.5,-0.001123166
41:50.5,-0.001123159
41:51.5,-0.001112921
41:52.5,-0.001113553
41:53.5,-0.001111282
41:54.5,-0.001114488
41:55.5,-0.001117346
41:56.5,-0.001122204
41:57.5,-0.001121971
41:58.5,-0.001120781
41:59.4,-0.001127753
42:00.4,-0.001121359
42:01.4,-0.001107384
42:02.4,-0.001114708
42:03.4,-0.001124173
42:04.4,-0.001125953
42:05.4,-0.001117528
42:06.4,-0.001117407
42:07.4,-0.001112919
42:08.4,-0.001120023
42:09.4,-0.001126187
42:10.4,-0.001127675
42:11.4,-0.001126566
42:12.4,-0.001118248
42:13.4,-0.001111618
42:14.4,-0.001117456
42:15.4,-0.001127217
42:16.4,-0.001136719
42:17.4,-0.001130292
42:18.4,-0.00111763
42:19.4,-0.001115612
42:20.4,-0.001109065
42:21.4,-0.001107198
42:22.4,-0.0011167
42:23.4,-0.001120086
42:24.4,-0.001116184
42:25.4,-0.00111822
42:26.4,-0.00110882
42:27.4,-0.001113896
42:28.4,-0.001122393
42:29.4,-0.001121849
42:30.4,-0.001121637
42:31.4,-0.001126209
42:32.4,-0.001124084
42:33.4,-0.001120347
42:34.4,-0.00111621
42:35.4,-0.001108381
42:36.4,-0.001097617
42:37.4,-0.001117701
42:38.4,-0.001141188
42:39.4,-0.001126693
42:40.4,-0.001120996
42:41.4,-0.00112184
42:42.4,-0.001118901
42:43.4,-0.001123951
42:44.4,-0.001116101
42:45.4,-0.001105716
42:46.4,-0.001107377
42:47.4,-0.001113128
42:48.4,-0.001124325
42:49.4,-0.001128228
42:50.4,-0.001127855
42:51.4,-0.001133203
42:52.4,-0.001121795
42:53.4,-0.001117887
42:54.4,-0.001125324
42:55.4,-0.001126538
42:56.4,-0.001118421
42:57.4,-0.001128525
42:58.4,-0.001126293
42:59.4,-0.001127457
43:00.3,-0.001121545
43:01.3,-0.00111293
43:02.3,-0.001110208
43:03.3,-0.001112589
43:04.3,-0.001120633
43:05.3,-0.001134883
43:06.3,-0.001120567
43:07.3,-0.00111553
43:08.3,-0.001116824
43:09.3,-0.001111035
43:10.3,-0.001127488
43:11.3,-0.00113066
43:12.3,-0.001109767
43:13.3,-0.001115884
43:14.3,-0.00112309
43:15.3,-0.001123453
43:16.3,-0.001121171
43:17.3,-0.001120385
43:18.3,-0.001113704
43:19.3,-0.001101535
43:20.3,-0.001111213
43:21.3,-0.001121871
43:22.3,-0.001139639
43:23.3,-0.001129985
43:24.3,-0.00112531
43:25.3,-0.001110543
43:26.3,-0.001129038
43:27.3,-0.001141505
43:28.3,-0.001138351
43:29.3,-0.001126391
43:30.3,-0.001109833
43:31.3,-0.001105582
43:32.3,-0.001113819
43:33.3,-0.001109842
43:34.3,-0.00111813
43:35.3,-0.001114406
43:36.3,-0.001112988
43:37.3,-0.001126536
43:38.3,-0.001131469
43:39.3,-0.001121062
43:40.3,-0.001110463
43:41.3,-0.001116183
43:42.3,-0.001124058
43:43.3,-0.001131391
43:44.3,-0.001118713
43:45.3,-0.00111957
43:46.3,-0.001126266
43:47.3,-0.001126163
43:48.3,-0.001119909
43:49.3,-0.001113322
43:50.3,-0.001115347
43:51.3,-0.001124596
43:52.3,-0.001118746
43:53.3,-0.001125325
43:54.3,-0.001120298
43:55.3,-0.001116805
43:56.3,-0.001118481
43:57.3,-0.001117746
43:58.3,-0.001123027
43:59.3,-0.001122161
44:00.3,-0.001124307
44:01.2,-0.001112987
44:02.2,-0.001114039
44:03.2,-0.001123178
44:04.2,-0.001124195
44:05.2,-0.001108835
44:06.2,-0.001121471
44:07.2,-0.001130346
44:08.2,-0.001117107
44:09.2,-0.001119065
44:10.2,-0.001117701
44:11.2,-0.001113558
44:12.2,-0.001121881
44:13.2,-0.001124098
44:14.2,-0.001118649
44:15.2,-0.00112057
44:16.2,-0.001126327
44:17.2,-0.001127649
44:18.2,-0.001122363
44:19.2,-0.001106339
44:20.2,-0.001108004
44:21.2,-0.00112321
44:22.2,-0.001118327
44:23.2,-0.001118338
44:24.2,-0.001123709
44:25.2,-0.001124317
44:26.2,-0.001116269
44:27.2,-0.001128607
44:28.2,-0.001127656
44:29.2,-0.00111469
44:30.2,-0.001116404
44:31.2,-0.001116294
44:32.2,-0.001113091
44:33.2,-0.00111817
44:34.2,-0.001114832
44:35.2,-0.001116908
44:36.2,-0.001123842
44:37.2,-0.001126452
44:38.2,-0.001115392
44:39.2,-0.001113141
44:40.2,-0.00110995
44:41.2,-0.001109729
44:42.2,-0.001129479
44:43.2,-0.00113
44:44.2,-0.001120324
44:45.2,-0.001110046
44:46.2,-0.001114209
44:47.2,-0.001123593
44:48.2,-0.001136585
44:49.2,-0.00112542
44:50.2,-0.0011192
44:51.2,-0.001122588
44:52.2,-0.00111009
44:53.2,-0.001112922
44:54.2,-0.001119805
44:55.2,-0.001123794
44:56.2,-0.001119327
44:57.2,-0.00111882
44:58.2,-0.001127726
44:59.2,-0.001128684
45:00.2,-0.001123387
45:01.2,-0.001119465
45:02.1,-0.001108523
45:03.1,-0.001110846
45:04.1,-0.001116549
45:05.1,-0.001117288
45:06.1,-0.001120624
45:07.1,-0.001130415
45:08.1,-0.001132486
45:09.1,-0.00112804
45:10.1,-0.00111176
45:11.1,-0.001109686
45:12.1,-0.001114844
45:13.1,-0.001120939
45:14.1,-0.001117391
45:15.1,-0.001108836
45:16.1,-0.001114525
45:17.1,-0.001104234
45:18.1,-0.0011072
45:19.1,-0.001104618
45:20.1,-0.001123928
45:21.1,-0.001137731
45:22.1,-0.00114423
45:23.1,-0.001133181
45:24.1,-0.001127877
45:25.1,-0.001123269
45:26.1,-0.001124491
45:27.1,-0.001130699
45:28.1,-0.001134176
45:29.1,-0.001110865
45:30.1,-0.001105453
45:31.1,-0.001108097
45:32.1,-0.001114104
45:33.1,-0.001122783
45:34.1,-0.001126173
45:35.1,-0.001135534
45:36.1,-0.001133492
45:37.1,-0.001134402
45:38.1,-0.001109348
45:39.1,-0.001096517
45:40.1,-0.001100214
45:41.1,-0.001119658
45:42.1,-0.001121001
45:43.1,-0.001124312
45:44.1,-0.001117809
45:45.1,-0.001112185
45:46.1,-0.001115144
45:47.1,-0.001115736
45:48.1,-0.00110994
45:49.1,-0.001117019
45:50.1,-0.001132121
45:51.1,-0.001141733
45:52.1,-0.00113424
45:53.1,-0.001104411
45:54.1,-0.001119601
45:55.1,-0.001110588
45:56.1,-0.001113
45:57.1,-0.001114747
45:58.1,-0.001112084
45:59.1,-0.001113827
46:00.1,-0.001127183
46:01.1,-0.001131388
46:02.1,-0.001140045
46:03.1,-0.001119742
46:04.0,-0.001117014
46:05.0,-0.001120922
46:06.0,-0.001111837
46:07.0,-0.001105509
46:08.0,-0.001126419
46:09.0,-0.001127652
46:10.0,-0.001129714
46:11.0,-0.001120761
46:12.0,-0.00111557
46:13.0,-0.001123109
46:14.0,-0.001117026
46:15.0,-0.00111821
46:16.0,-0.001122397
46:17.0,-0.001122625
46:18.0,-0.001129744
46:19.0,-0.001137158
46:20.0,-0.001125445
46:21.0,-0.001113392
46:22.0,-0.001106414
46:23.0,-0.001109962
46:24.0,-0.00111792
46:25.0,-0.001118696
46:26.0,-0.001107817
46:27.0,-0.001110789
46:28.0,-0.001120627
46:29.0,-0.001133494
46:30.0,-0.001143129
46:31.0,-0.001121664
46:32.0,-0.001112866
46:33.0,-0.001115815
46:34.0,-0.001117215
46:35.0,-0.001112208
46:36.0,-0.001123315
46:37.0,-0.001124787
46:38.0,-0.001108837
46:39.0,-0.00112694
46:40.0,-0.001127864
46:41.0,-0.001116249
46:42.0,-0.001122952
46:43.0,-0.001118379
46:44.0,-0.001123856
46:45.0,-0.001125996
46:46.0,-0.001113151
46:47.0,-0.001130994
46:48.0,-0.00113114
46:49.0,-0.001120798
46:50.0,-0.001120487
46:51.0,-0.001118139
46:52.0,-0.001105096
46:53.0,-0.001112336
46:54.0,-0.001119893
46:55.0,0
46:56.0,0.001047934
46:57.0,0.000963346
46:58.0,0.000968001
46:59.0,0.000952964
47:00.0,0.000935264
47:01.0,0.000932926
47:02.0,0.00093026
47:03.0,0.000939673
47:04.0,0.000943187
47:04.9,0.0009448
47:05.9,0.000950416
47:06.9,0.00096181
47:07.9,0.000953652
47:08.9,0.000946732
47:09.9,0.000943029
47:10.9,0.000949337
47:11.9,0.000949417
47:12.9,0.00093157
47:13.9,0.000944224
47:14.9,0.000948732
47:15.9,0.000951764
47:16.9,0.000946682
47:17.9,0.000944857
47:18.9,0.000938482
47:19.9,0.000948964
47:20.9,0.000943941
47:21.9,0.000949197
47:22.9,0.000950586
47:23.9,0.000951777
47:24.9,0.000948185
47:25.9,0.000945291
47:26.9,0.000951454
47:27.9,0.000943676
47:28.9,0.000947113
47:29.9,0.000946384
47:30.9,0.000950608
47:31.9,0.000938275
47:32.9,0.000957228
47:33.9,0.000950131
47:34.9,0.000949704
47:35.9,0.000935993
47:36.9,0.000938495
47:37.9,0.000951239
47:38.9,0.000950714
47:39.9,0.000964668
47:40.9,0.000952372
47:41.9,0.000947523
47:42.9,0.000942843
47:43.9,0.000946779
47:44.9,0.000942919
47:45.9,0.00095108
47:46.9,0.000956206
47:47.9,0.000942133
47:48.9,0.00094304
47:49.9,0.000941717
47:50.9,0.000939933
47:51.9,0.000949864
47:52.9,0.00094712
47:53.9,0.000956802
47:54.9,0.000953578
47:55.9,0.000947929
47:56.9,0.00094506
47:57.9,0.000949097
47:58.9,0.000968477
47:59.9,0.000954436
48:00.9,0.000952973
48:01.9,0.000937446
48:02.9,0.0009331
48:03.9,0.000936794
48:04.9,0.000941231
48:05.8,0.000951512
48:06.8,0.000960336
48:07.8,0.000943679
48:08.8,0.000948904
48:09.8,0.000955823
48:10.8,0.000945315
48:11.8,0.00094838
48:12.8,0.000941931
48:13.8,0.000935111
48:14.8,0.000949854
48:15.8,0.000972767
48:16.8,0.000981286
48:17.8,0.000960293
48:18.8,0.00093613
48:19.8,0.000926679
48:20.8,0.000928179
48:21.8,0.000922481
48:22.8,0.000933154
48:23.8,0.000956213
48:24.8,0.000949801
48:25.8,0.000946577
48:26.8,0.000957929
48:27.8,0.000962018
48:28.8,0.000950889
48:29.8,0.000940715
48:30.8,0.000948263
48:31.8,0.000937625
48:32.8,0.000942334
48:33.8,0.000941557
48:34.8,0.00094614
48:35.8,0.00094806
48:36.8,0.000939693
48:37.8,0.000932643
48:38.8,0.000946865
48:39.8,0.000940718
48:40.8,0.000949022
48:41.8,0.000967043
48:42.8,0.000968033
48:43.8,0.000938441
48:44.8,0.00093737
48:45.8,0.000939021
48:46.8,0.00094636
48:47.8,0.000938187
48:48.8,0.000951513
48:49.8,0.000957468
48:50.8,0.000957679
48:51.8,0.000946505
48:52.8,0.000946055
48:53.8,0.000947915
48:54.8,0.000948517
48:55.8,0.00093886
48:56.8,0.000937344
48:57.8,0.000949201
48:58.8,0.000947732
48:59.8,0.000957874
49:00.8,0.000950149
49:01.8,0.000952184
49:02.8,0.000946296
49:03.8,0.000949772
49:04.8,0.00095046
49:05.8,0.000957316
49:06.7,0.000953488
49:07.7,0.000950003
49:08.7,0.000936835
49:09.7,0.000939718
49:10.7,0.000944219
49:11.7,0.000948097
49:12.7,0.000949907
49:13.7,0.000946324
49:14.7,0.000949846
49:15.7,0.000947718
49:16.7,0.000951645
49:17.7,0.000947981
49:18.7,0.000960835
49:19.7,0.000965282
49:20.7,0.000950139
49:21.7,0.000934243
49:22.7,0.000926807
49:23.7,0.00094697
49:24.7,0.000945633
49:25.7,0.00094209
49:26.7,0.000941102
49:27.7,0.000947389
49:28.7,0.000959217
49:29.7,0.000960751
49:30.7,0.00094927
49:31.7,0.000942307
49:32.7,0.000945574
49:33.7,0.000945226
49:34.7,0.000951953
49:35.7,0.000962798
49:36.7,0.000971483
49:37.7,0.000963751
49:38.7,0.000944736
49:39.7,0.000937057
49:40.7,0.000942211
49:41.7,0.000936452
49:42.7,0.000932284
49:43.7,0.000934298
49:44.7,0.00095071
49:45.7,0.000949392
49:46.7,0.000932598
49:47.7,0.000936607
49:48.7,0.000945705
49:49.7,0.000949637
49:50.7,0.000961287
49:51.7,0.000951881
49:52.7,0.000945112
49:53.7,0.000956177
49:54.7,0.000946283
49:55.7,0.000943255
49:56.7,0.000942381
49:57.7,0.000939638
49:58.7,0.000945734
49:59.7,0.000945648
50:00.7,0.000935735
50:01.7,0.000941894
50:02.7,0.000959666
50:03.7,0.00095006
50:04.7,0.000945514
50:05.7,0.000949411
50:06.7,0.000962544
50:07.6,0.00096043
50:08.6,0.000941033
50:09.6,0.000929429
50:10.6,0.000930275
50:11.6,0.00094302
50:12.6,0.000941401
50:13.6,0.000946269
50:14.6,0.000945516
50:15.6,0.000918525
50:16.6,0.000917268
50:17.6,0.000946731
50:18.6,0.000964315
50:19.6,0.000953846
50:20.6,0.00095321
50:21.6,0.000947638
50:22.6,0.000951813
50:23.6,0.000948657
50:24.6,0.000950673
50:25.6,0.000946985
50:26.6,0.000939487
50:27.6,0.000941869
50:28.6,0.000931504
50:29.6,0.00094077
50:30.6,0.000952833
50:31.6,0.000950217
50:32.6,0.000942543
50:33.6,0.00095019
50:34.6,0.000948135
50:35.6,0.00094228
50:36.6,0.000955686
50:37.6,0.000960639
50:38.6,0.000949859
50:39.6,0.000938805
50:40.6,0.000932074
50:41.6,0.00094559
50:42.6,0.000943716
50:43.6,0.000936952
50:44.6,0.000942377
50:45.6,0.000936667
50:46.6,0.000938029
50:47.6,0.000928435
50:48.6,0.00092889
50:49.6,0.000939746
50:50.6,0.00095841
50:51.6,0.000973323
50:52.6,0.00094717
50:53.6,0.000950289
50:54.6,0.000947031
50:55.6,0.000936154
50:56.6,0.000936832
50:57.6,0.000942131
50:58.6,0.000937597
50:59.6,0.000937592
51:00.6,0.000945974
51:01.6,0.000963831
51:02.6,0.000964315
51:03.6,0.000938819
51:04.6,0.000941806
51:05.6,0.000943107
51:06.6,0.000943328
51:07.6,0.00093632
51:08.5,0.000939222
51:09.5,0.000941522
51:10.5,0.000956298
51:11.5,0.000948829
51:12.5,0.00094194
51:13.5,0.00094517
51:14.5,0.000948131
51:15.5,0.000937577
51:16.5,0.000939909
51:17.5,0.000943442
51:18.5,0.000944498
51:19.5,0.000945762
51:20.5,0.000937836
51:21.5,0.000942208
51:22.5,0.000950392
51:23.5,0.000954217
51:24.5,0.000947742
51:25.5,0.000928041
51:26.5,0.000925755
51:27.5,0.000930046
51:28.5,0.00093135
51:29.5,0.000945235
51:30.5,0.000948223
51:31.5,0.00096078
51:32.5,0.000971014
51:33.5,0.000956018
51:34.5,0.0009465
51:35.5,0.000954907
51:36.5,0.000949131
51:37.5,0.000949273
51:38.5,0.000956089
51:39.5,0.000948263
51:40.5,0.000939204
51:41.5,0.000933557
51:42.5,0.000932329
51:43.5,0.000937412
51:44.5,0.000940954
51:45.5,0.000936508
51:46.5,0.000945056
51:47.5,0.000958196
51:48.5,0.000947934
51:49.5,0.000938153
51:50.5,0.000951342
51:51.5,0.000941773
51:52.5,0.000939214
51:53.5,0.000941191
51:54.5,0.000948695
51:55.5,0.000948471
51:56.5,0.000954237
51:57.5,0.000956765
51:58.5,0.000957911
51:59.5,0.000946904
52:00.5,0.000938813
52:01.5,0.000929245
52:02.5,0.000934496
52:03.5,0.000937138
52:04.5,0.000948099
52:05.5,0.000958687
52:06.5,0.000961181
52:07.5,0.000953977
52:08.5,0.000954621
52:09.4,0.000935758
52:10.4,0.000926858
52:11.4,0.000935989
52:12.4,0.000940625
52:13.4,0.000935429
52:14.4,0.0009428
52:15.4,0.000940319
52:16.4,0.000939664
52:17.4,0.000944672
52:18.4,0.000943997
52:19.4,0.000951004
52:20.4,0.000967395
52:21.4,0.000953368
52:22.4,0.000931644
52:23.4,0.000935802
52:24.4,0.000943562
52:25.4,0.00093085
52:26.4,0.000931614
52:27.4,0.000943206
52:28.4,0.000948792
52:29.4,0.000956805
52:30.4,0.000957281
52:31.4,0.000949653
52:32.4,0.000944747
52:33.4,0.000945555
52:34.4,0.000944408
52:35.4,0.00094088
52:36.4,0.000942507
52:37.4,0.000940305
52:38.4,0.000919837
52:39.4,0.000927162
52:40.4,0.000947292
52:41.4,0.000961448
52:42.4,0.000963273
52:43.4,0.000956491
52:44.4,0.000951737
52:45.4,0.000951137
52:46.4,0.000948617
52:47.4,0.000945893
52:48.4,0.000944136
52:49.4,0.000946261
52:50.4,0.000940669
52:51.4,0.000944126
52:52.4,0.000942078
52:53.4,0.000940195
52:54.4,0.000940882
52:55.4,0.000948313
52:56.4,0.000957342
52:57.4,0.000952196
52:58.4,0.000945175
52:59.4,0.000950693
53:00.4,0.000947158
53:01.4,0.000939048
53:02.4,0.000948199
53:03.4,0.00094502
53:04.4,0.000941674
53:05.4,0.000941568
53:06.4,0.000939785
53:07.4,0.000944889
53:08.4,0.000945791
53:09.4,0.000948196
53:10.3,0.000939973
53:11.3,0.000950522
53:12.3,0.000956967
53:13.3,0.000957821
53:14.3,0.000951365
53:15.3,0.000941904
53:16.3,0.000936995
53:17.3,0.000930738
53:18.3,0.000942369
53:19.3,0.000962655
53:20.3,0.000958333
53:21.3,0.000947399
53:22.3,0.000950425
53:23.3,0.000954003
53:24.3,0.000953033
53:25.3,0.000951568
53:26.3,0.00094303
53:27.3,0.000952846
53:28.3,0.000942341
53:29.3,0.000941985
53:30.3,0.000942666
53:31.3,0.000951875
53:32.3,0.000946067
53:33.3,0.00094798
53:34.3,0.000946653
53:35.3,0.000948112
53:36.3,0.000944689
53:37.3,0.000936301
53:38.3,0.000934353
53:39.3,0.000935698
53:40.3,0.000943821
53:41.3,0.000953364
53:42.3,0.000966626
53:43.3,0.000964014
53:44.3,0.000948923
53:45.3,0.000939392
53:46.3,0.00094473
53:47.3,0.000950904
53:48.3,0.000957734
53:49.3,0.000947235
53:50.3,0.000937226
53:51.3,0.000950429
53:52.3,0.000949585
53:53.3,0.000949742
53:54.3,0.000946308
53:55.3,0.000949852
53:56.3,0.000955752
53:57.3,0.000963095
53:58.3,0.000944636
53:59.3,0.000948032
54:00.3,0.000942775
54:01.3,0.000942341
54:02.3,0.000936345
54:03.3,0.000926003
54:04.3,0.000945167
54:05.3,0.00095611
54:06.3,0.000940735
54:07.3,0.000940869
54:08.3,0.000935025
54:09.3,0.000938859
54:10.3,0.000948848
54:11.3,0.000942326
54:12.2,0.000943531
54:13.2,0.000952175
54:14.2,0.000950638
54:15.2,0.000951445
54:16.2,0.000961865
54:17.2,0.000957852
54:18.2,0.000954333
54:19.2,0.000941996
54:20.2,0.000936441
54:21.2,0.000928845
54:22.2,0.000935636
54:23.2,0.00093475
54:24.2,0.000944739
54:25.2,0.000937532
54:26.2,0.000936358
54:27.2,0.000951432
54:28.2,0.000947954
54:29.2,0.000946123
54:30.2,0.000942105
54:31.2,0.000946798
54:32.2,0.000952904
54:33.2,0.000945588
54:34.2,0.000942702
54:35.2,0.000949777
54:36.2,0.000955987
54:37.2,0.000948516
54:38.2,0.000952995
54:39.2,0.00094822
54:40.2,0.000938508
54:41.2,0.000930426
54:42.2,0.000929854
54:43.2,0.000950384
54:44.2,0.000950002
54:45.2,0.000959026
54:46.2,0.000952903
54:47.2,0.000948833
54:48.2,0.000941173
54:49.2,0.000931157
54:50.2,0.000942294
54:51.2,0.000943645
54:52.2,0.000942585
54:53.2,0.000945287
54:54.2,0.00093803
54:55.2,0.00092819
54:56.2,0.000937349
54:57.2,0.000932234
54:58.2,0.000938113
54:59.2,0.000946726
55:00.2,0.00094791
55:01.2,0.000955001
55:02.2,0.000962275
55:03.2,0.000955762
55:04.2,0.000943858
55:05.2,0.000933146
55:06.2,0.000938913
55:07.2,0.000947453
55:08.2,0.000952233
55:09.2,0.000949461
55:10.2,0.00094677
55:11.2,0.000933029
55:12.2,0.000945302
55:13.1,0.000949744
55:14.1,0.000953471
55:15.1,0.000956269
55:16.1,0.000949351
55:17.1,0.000951879
55:18.1,0.000938199
55:19.1,0.000938921
55:20.1,0.000962242
55:21.1,0.000946645
55:22.1,0.000927
55:23.1,0.000922262
55:24.1,0.000942542
55:25.1,0.00093928
55:26.1,0.000932212
55:27.1,0.000947429
55:28.1,0.000954449
55:29.1,0.00093455
55:30.1,0.000943911
55:31.1,0.000951725
55:32.1,0.000950226
55:33.1,0.000941674
55:34.1,0.000949033
55:35.1,0.000960044
55:36.1,0.000951373
55:37.1,0.000964012
55:38.1,0.000954958
55:39.1,0.00094073
55:40.1,0.000935743
55:41.1,0.00092946
55:42.1,0.000933619
55:43.1,0.000931744
55:44.1,0.000940912
55:45.1,0.000951675
55:46.1,0.000958381
55:47.1,0.00094618
55:48.1,0.00095217
55:49.1,0.000945888
55:50.1,0.00094684
55:51.1,0.000936714
55:52.1,0.000932013
55:53.1,0.000931785
55:54.1,0.000941766
55:55.1,0.000959836
55:56.1,0.000969691
55:57.1,0.000966
55:58.1,0.000952185
55:59.1,0.000941447
56:00.1,0.000925766
56:01.1,0.000922439
56:02.1,0.000924927
56:03.1,0.000940086
56:04.1,0.000945591
56:05.1,0.000940041
56:06.1,0.000927684
56:07.1,0.000926588
56:08.1,0.000936543
56:09.1,0.000961735
56:10.1,0.000957823
56:11.1,0.00095975
56:12.1,0.000948846
56:13.1,0.000942817
56:14.0,0.000947451
56:15.0,0.000946318
56:16.0,0.000933022
56:17.0,0.000929493
56:18.0,0.000935816
56:19.0,0.0009467
56:20.0,0.000951807
56:21.0,0.000950248
56:22.0,0.000953062
56:23.0,0.000951506
56:24.0,0.000946051
56:25.0,0.000944865
56:26.0,0.000935742
56:27.0,0.000933427
56:28.0,0.000941673
56:29.0,0.000937803
56:30.0,0.000931946
56:31.0,0.000951991
56:32.0,0.000962552
56:33.0,0.000964604
56:34.0,0.000945983
56:35.0,0.000951293
56:36.0,0.000947406
56:37.0,0.000929509
56:38.0,0.000924549
56:39.0,0.000942756
56:40.0,0.000953397
56:41.0,0.000965079
56:42.0,0.000949416
56:43.0,0.000938785
56:44.0,0.000947305
56:45.0,0.000946171
56:46.0,0.000942151
56:47.0,0.000951591
56:48.0,0.000938708
56:49.0,0.000947778
56:50.0,0.000942974
56:51.0,0.000949178
56:52.0,0.000941261
56:53.0,0.000944737
56:54.0,0.000939007
56:55.0,0
56:56.0,-0.000158986
56:57.0,-0.000140877
56:58.0,-0.000153455
56:59.0,-0.000163265
57:00.0,-0.000158368
57:01.0,-0.000162365
57:02.0,-0.000166651
57:03.0,-0.000172643
57:04.0,-0.000175471
57:05.0,-0.000161279
57:06.0,-0.000167439
57:07.0,-0.000185277
57:08.0,-0.000172087
57:09.0,-0.000166423
57:10.0,-0.000157139
57:11.0,-0.000168654
57:12.0,-0.000150268
57:13.0,-0.00013174
57:14.0,-0.000145218
57:14.9,-0.000160905
57:15.9,-0.000145102
57:16.9,-0.00014173
57:17.9,-0.000156971
57:18.9,-0.000155556
57:19.9,-0.00017349
57:20.9,-0.000177173
57:21.9,-0.000170924
57:22.9,-0.000156536
57:23.9,-0.000163394
57:24.9,-0.000168012
57:25.9,-0.000153543
57:26.9,-0.000132827
57:27.9,-0.000140217
57:28.9,-0.000134764
57:29.9,-0.0001517
57:30.9,-0.000164121
57:31.9,-0.00017894
57:32.9,-0.000192621
57:33.9,-0.00018387
57:34.9,-0.000168216
57:35.9,-0.000181597
57:36.9,-0.000174143
57:37.9,-0.000171679
57:38.9,-0.000148086
57:39.9,-0.000140707
57:40.9,-0.000165486
57:41.9,-0.000158737
57:42.9,-0.000141577
57:43.9,-0.000156334
57:44.9,-0.000162899
57:45.9,-0.000170225
57:46.9,-0.000159949
57:47.9,-0.000167528
57:48.9,-0.000170729
57:49.9,-0.000160184
57:50.9,-0.000139944
57:51.9,-0.000160925
57:52.9,-0.000162453
57:53.9,-0.000152258
57:54.9,-0.000157674
57:55.9,-0.000150184
57:56.9,-0.000136793
57:57.9,-0.00015687
57:58.9,-0.000162511
57:59.9,-0.000183725
58:00.9,-0.000162495
58:01.9,-0.000144513
58:02.9,-0.0001685
58:03.9,-0.000172787
58:04.9,-0.000161505
58:05.9,-0.000152553
58:06.9,-0.000148534
58:07.9,-0.000148662
58:08.9,-0.000155476
58:09.9,-0.000176134
58:10.9,-0.000168829
58:11.9,-0.000158689
58:12.9,-0.000163525
58:13.9,-0.000160929
58:14.9,-0.000161098
58:15.8,-0.000174319
58:16.8,-0.0001928
58:17.8,-0.000193679
58:18.8,-0.000158016
58:19.8,-0.000138746
58:20.8,-0.000124738
58:21.8,-0.000130672
58:22.8,-0.00015894
58:23.8,-0.000166137
58:24.8,-0.00015923
58:25.8,-0.0001458
58:26.8,-0.000147201
58:27.8,-0.000146746
58:28.8,-0.000168166
58:29.8,-0.000169134
58:30.8,-0.00016171
58:31.8,-0.000171966
58:32.8,-0.000165562
58:33.8,-0.000161255
58:34.8,-0.000161296
58:35.8,-0.000172056
58:36.8,-0.000161473
58:37.8,-0.000155086
58:38.8,-0.000166473
58:39.8,-0.000178666
58:40.8,-0.000164305
58:41.8,-0.00014411
58:42.8,-0.000145882
58:43.8,-0.000151636
58:44.8,-0.000162087
58:45.8,-0.000173454
58:46.8,-0.000182159
58:47.8,-0.000172741
58:48.8,-0.000167062
58:49.8,-0.000148086
58:50.8,-0.000148269
58:51.8,-0.000157585
58:52.8,-0.000146991
58:53.8,-0.000144188
58:54.8,-0.000158259
58:55.8,-0.000158578
58:56.8,-0.00015843
58:57.8,-0.00017658
58:58.8,-0.000161564
58:59.8,-0.000162265
59:00.8,-0.000159328
59:01.8,-0.000148401
59:02.8,-0.000164498
59:03.8,-0.000171755
59:04.8,-0.000173246
59:05.8,-0.000184878
59:06.8,-0.000193837
59:07.8,-0.000188937
59:08.8,-0.000155491
59:09.8,-0.000136536
59:10.8,-0.000132399
59:11.8,-0.000148644
59:12.8,-0.000157205
59:13.8,-0.000158026
59:14.8,-0.00016257
59:15.8,-0.000150387
59:16.7,-0.000144332
59:17.7,-0.000146872
59:18.7,-0.000171375
59:19.7,-0.000175517
59:20.7,-0.000165668
59:21.7,-0.000169642
59:22.7,-0.000173029
59:23.7,-0.000159809
59:24.7,-0.000173931
59:25.7,-0.000180259
59:26.7,-0.000189071
59:27.7,-0.000178816
59:28.7,-0.000168192
59:29.7,-0.000158347
59:30.7,-0.000158745
59:31.7,-0.000145185
59:32.7,-0.000131621
59:33.7,-0.000141445
59:34.7,-0.000170775
59:35.7,-0.000172944
59:36.7,-0.00016459
59:37.7,-0.000169603
59:38.7,-0.000152072
59:39.7,-0.000141683
59:40.7,-0.000160166
59:41.7,-0.000178239
59:42.7,-0.000168017
59:43.7,-0.000158459
59:44.7,-0.000158747
59:45.7,-0.000144777
59:46.7,-0.000143366
59:47.7,-0.000143772
59:48.7,-0.00015086
59:49.7,-0.000141025
59:50.7,-0.000169723
59:51.7,-0.000183039
59:52.7,-0.000185503
59:53.7,-0.00019785
59:54.7,-0.000167378
59:55.7,-0.000165175
59:56.7,-0.000150981
59:57.7,-0.000172149
59:58.7,-0.000171844
59:59.7,-0.000150159
00:00.7,-0.000143488
00:01.7,-0.000180103
00:02.7,-0.000172176
00:03.7,-0.000163584
00:04.7,-0.000170598
00:05.7,-0.000173485
00:06.7,-0.000196324
00:07.7,-0.000182728
00:08.7,-0.000179365
00:09.7,-0.000165629
00:10.7,-0.000150157
00:11.7,-0.000149598
00:12.7,-0.000128667
00:13.7,-0.00015457
00:14.7,-0.000170205
00:15.7,-0.00015557
00:16.7,-0.000170628
00:17.6,-0.000184346
00:18.6,-0.000201936
00:19.6,-0.000161713
00:20.6,-0.000139089
00:21.6,-0.000160528
00:22.6,-0.000161486
00:23.6,-0.000147099
00:24.6,-0.000160117
00:25.6,-0.000165813
00:26.6,-0.00017622
00:27.6,-0.000178271
00:28.6,-0.000163143
00:29.6,-0.000184858
00:30.6,-0.000184992
00:31.6,-0.00014037
00:32.6,-0.000147773
00:33.6,-0.000147594
00:34.6,-0.000160841
00:35.6,-0.000198394
00:36.6,-0.000179685
00:37.6,-0.00014929
00:38.6,-0.00013526
00:39.6,-0.00012909
00:40.6,-0.000161789
00:41.6,-0.000193438
00:42.6,-0.000162944
00:43.6,-0.000172216
00:44.6,-0.000165913
00:45.6,-0.000173224
00:46.6,-0.000162807
00:47.6,-0.000162625
00:48.6,-0.00015657
00:49.6,-0.000169008
00:50.6,-0.000165638
00:51.6,-0.000164078
00:52.6,-0.000146957
00:53.6,-0.000174284
00:54.6,-0.000168946
00:55.6,-0.000157448
00:56.6,-0.000151887
00:57.6,-0.000169619
00:58.6,-0.00018498
00:59.6,-0.000174605
01:00.6,-0.000182133
01:01.6,-0.000182926
01:02.6,-0.000141883
01:03.6,-0.000167272
01:04.6,-0.00017935
01:05.6,-0.000186525
01:06.6,-0.000184859
01:07.6,-0.000157928
01:08.6,-0.000142524
01:09.6,-0.000163911
01:10.6,-0.000175306
01:11.6,-0.000183056
01:12.6,-0.000184871
01:13.6,-0.000137654
01:14.6,-0.000168272
01:15.6,-0.000182676
01:16.6,-0.000193138
01:17.6,-0.00017749
01:18.5,-0.000160035
01:19.5,-0.000158757
01:20.5,-0.000171112
01:21.5,-0.000176826
01:22.5,-0.000129233
01:23.5,-0.000157349
01:24.5,-0.000168521
01:25.5,-0.000206931
01:26.5,-0.00019471
01:27.5,-0.000175868
01:28.5,-0.000178835
01:29.5,-0.000154806
01:30.5,-0.000149113
01:31.5,-0.000153956
01:32.5,-0.000143738
01:33.5,-0.000156816
01:34.5,-0.000178461
01:35.5,-0.00014741
01:36.5,-0.000137097
01:37.5,-0.000149391
01:38.5,-0.000146952
01:39.5,-0.000141196
01:40.5,-0.00017443
01:41.5,-0.000177878
01:42.5,-0.00021071
01:43.5,-0.000222285
01:44.5,-0.00016658
01:45.5,-0.00014507
01:46.5,-0.000129675
01:47.5,-0.000134041
01:48.5,-0.000174069
01:49.5,-0.000198326
01:50.5,-0.000185899
01:51.5,-0.000182321
01:52.5,-0.000194049
01:53.5,-0.000180181
01:54.5,-0.00016483
01:55.5,-0.000146076
01:56.5,-0.00013706
01:57.5,-0.000110963
01:58.5,-0.000129338
01:59.5,-0.000169777
02:00.5,-0.000198403
02:01.5,-0.000198646
02:02.5,-0.000225703
02:03.5,-0.000214216
02:04.5,-0.000180388
02:05.5,-0.000178721
02:06.5,-0.000173131
02:07.5,-0.000172832
02:08.5,-0.000172814
02:09.5,-0.000157957
02:10.5,-0.000160305
02:11.5,-0.000149308
02:12.5,-0.000176724
02:13.5,-0.000185751
02:14.5,-0.000184163
02:15.5,-0.000170171
02:16.5,-0.000156694
02:17.5,-0.00017367
02:18.5,-0.000190298
02:19.4,-0.00016664
02:20.4,-0.000136903
02:21.4,-0.000156073
02:22.4,-0.000182558
02:23.4,-0.000189337
02:24.4,-0.000175772
02:25.4,-0.000196638
02:26.4,-0.000177137
02:27.4,-0.000170319
02:28.4,-0.0001751
02:29.4,-0.000153821
02:30.4,-0.000145961
02:31.4,-0.000160954
02:32.4,-0.000162569
02:33.4,-0.000183795
02:34.4,-0.00017902
02:35.4,-0.00019113
02:36.4,-0.000207819
02:37.4,-0.00015103
02:38.4,-0.000126081
02:39.4,-0.000146305
02:40.4,-0.000160842
02:41.4,-0.000174374
02:42.4,-0.000191665
02:43.4,-0.000182593
02:44.4,-0.000172246
02:45.4,-0.000170842
02:46.4,-0.000157002
02:47.4,-0.00017517
02:48.4,-0.00016338
02:49.4,-0.000157476
02:50.4,-0.000181149
02:51.4,-0.000181548
02:52.4,-0.000181272
02:53.4,-0.00016754
02:54.4,-0.000168007
02:55.4,-0.000150084
02:56.4,-0.00014036
02:57.4,-0.000142755
02:58.4,-0.000163674
02:59.4,-0.000203341
03:00.4,-0.000206486
03:01.4,-0.000180468
03:02.4,-0.00017556
03:03.4,-0.000173735
03:04.4,-0.000177001
03:05.4,-0.000154794
03:06.4,-0.000153841
03:07.4,-0.000178298
03:08.4,-0.000169659
03:09.4,-0.000184703
03:10.4,-0.000187756
03:11.4,-0.000161386
03:12.4,-0.000164155
03:13.4,-0.000178124
03:14.4,-0.000168138
03:15.4,-0.0001561
03:16.4,-0.000149681
03:17.4,-0.000175763
03:18.4,-0.000189981
03:19.4,-0.000205383
03:20.4,-0.000186608
03:21.3,-0.00014914
03:22.3,-0.000153831
03:23.3,-0.000172312
03:24.3,-0.000175078
03:25.3,-0.000179054
03:26.3,-0.000184591
03:27.3,-0.000201547
03:28.3,-0.000213161
03:29.3,-0.000176252
03:30.3,-0.000157866
03:31.3,-0.000147489
03:32.3,-0.000135701
03:33.3,-0.000141771
03:34.3,-0.000169014
03:35.3,-0.000171811
03:36.3,-0.000172682
03:37.3,-0.000174359
03:38.3,-0.000193191
03:39.3,-0.000180165
03:40.3,-0.000153718
03:41.3,-0.000156382
03:42.3,-0.000171894
03:43.3,-0.000162868
03:44.3,-0.000171996
03:45.3,-0.000173147
03:46.3,-0.000173295
03:47.3,-0.000183926
03:48.3,-0.000193553
03:49.3,-0.00015341
03:50.3,-0.000142957
03:51.3,-0.000153824
03:52.3,-0.000174377
03:53.3,-0.000177214
03:54.3,-0.000175186
03:55.3,-0.000202465
03:56.3,-0.000182478
03:57.3,-0.000184908
03:58.3,-0.000188484
03:59.3,-0.000178603
04:00.3,-0.0001489
04:01.3,-0.000142992
04:02.3,-0.000149335
04:03.3,-0.000147035
04:04.3,-0.000165267
04:05.3,-0.000162896
04:06.3,-0.000167528
04:07.3,-0.000183747
04:08.3,-0.000181729
04:09.3,-0.000155986
04:10.3,-0.000144695
04:11.3,-0.000163575
04:12.3,-0.000172627
04:13.3,-0.000188696
04:14.3,-0.000174608
04:15.3,-0.000157951
04:16.3,-0.000129817
04:17.3,-0.000130997
04:18.3,-0.000143198
04:19.3,-0.000179289
04:20.3,-0.000200314
04:21.3,-0.000194979
04:22.2,-0.000183748
04:23.2,-0.000195292
04:24.2,-0.000176494
04:25.2,-0.000178038
04:26.2,-0.000186678
04:27.2,-0.000185895
04:28.2,-0.000164769
04:29.2,-0.000154782
04:30.2,-0.000186952
04:31.2,-0.000162705
04:32.2,-0.000150861
04:33.2,-0.000150455
04:34.2,-0.00016661
04:35.2,-0.000167764
04:36.2,-0.000177272
04:37.2,-0.000162553
04:38.2,-0.000158329
04:39.2,-0.000171736
04:40.2,-0.000177581
04:41.2,-0.000170486
04:42.2,-0.000165186
04:43.2,-0.000168708
04:44.2,-0.000170835
04:45.2,-0.000152484
04:46.2,-0.000161293
04:47.2,-0.000175136
04:48.2,-0.000163319
04:49.2,-0.000160496
04:50.2,-0.000178157
04:51.2,-0.000182594
04:52.2,-0.000175216
04:53.2,-0.000173543
04:54.2,-0.000173317
04:55.2,-0.000167825
04:56.2,-0.000158244
04:57.2,-0.000176474
04:58.2,-0.000155722
04:59.2,-0.000160728
05:00.2,-0.000163621
05:01.2,-0.000176466
05:02.2,-0.000165895
05:03.2,-0.000183463
05:04.2,-0.000178232
05:05.2,-0.000172505
05:06.2,-0.00014609
05:07.2,-0.000170469
05:08.2,-0.000163328
05:09.2,-0.000170542
05:10.2,-0.000182463
05:11.2,-0.000186683
05:12.2,-0.000176722
05:13.2,-0.000156748
05:14.2,-0.000164711
05:15.2,-0.000176302
05:16.2,-0.000173309
05:17.2,-0.000167689
05:18.2,-0.000145884
05:19.2,-0.000151639
05:20.2,-0.000152735
05:21.2,-0.000180305
05:22.2,-0.000178918
05:23.1,-0.000188476
05:24.1,-0.000171994
05:25.1,-0.000132689
05:26.1,-0.000149696
05:27.1,-0.000151944
05:28.1,-0.000171911
05:29.1,-0.00017042
05:30.1,-0.000172756
05:31.1,-0.000184486
05:32.1,-0.000191788
05:33.1,-0.000191174
05:34.1,-0.000173998
05:35.1,-0.000166443
05:36.1,-0.00016203
05:37.1,-0.000157565
05:38.1,-0.000164042
05:39.1,-0.00017908
05:40.1,-0.000183736
05:41.1,-0.000184038
05:42.1,-0.000177707
05:43.1,-0.000147105
05:44.1,-0.000172783
05:45.1,-0.000188013
05:46.1,-0.000176899
05:47.1,-0.000175777
05:48.1,-0.000187939
05:49.1,-0.00016321
05:50.1,-0.000157057
05:51.1,-0.000154778
05:52.1,-0.000146277
05:53.1,-0.000163506
05:54.1,-0.000170873
05:55.1,-0.000170529
05:56.1,-0.000172173
05:57.1,-0.000179636
05:58.1,-0.000164146
05:59.1,-0.000160195
06:00.1,-0.000180109
06:01.1,-0.000180934
06:02.1,-0.000165079
06:03.1,-0.000148249
06:04.1,-0.000167355
06:05.1,-0.000167473
06:06.1,-0.00016121
06:07.1,-0.000157438
06:08.1,-0.000161718
06:09.1,-0.000164486
06:10.1,-0.000174825
06:11.1,-0.000175457
06:12.1,-0.000174747
06:13.1,-0.000182666
06:14.1,-0.000172824
06:15.1,-0.000171925
06:16.1,-0.00017604
06:17.1,-0.000178013
06:18.1,-0.000171619
06:19.1,-0.000179392
06:20.1,-0.000159479
06:21.1,-0.000164153
06:22.1,-0.000159664
06:23.1,-0.000158052
06:24.0,-0.000162181
06:25.0,-0.000167857
06:26.0,-0.000162612
06:27.0,-0.000159134
06:28.0,-0.00015688
06:29.0,-0.000154281
06:30.0,-0.000163692
06:31.0,-0.000173719
06:32.0,-0.000195392
06:33.0,-0.000187882
06:34.0,-0.000167499
06:35.0,-0.000172998
06:36.0,-0.000182862
06:37.0,-0.000172997
06:38.0,-0.000160751
06:39.0,-0.000150408
06:40.0,-0.000154302
06:41.0,-0.000183852
06:42.0,-0.000181857
06:43.0,-0.000164266
06:44.0,-0.000168616
06:45.0,-0.000183908
06:46.0,-0.000179018
06:47.0,-0.000156114
06:48.0,-0.000138232
06:49.0,-0.000163754
06:50.0,-0.000175608
06:51.0,-0.000170846
06:52.0,-0.000171249
06:53.0,-0.000174926
06:54.0,-0.000174619
